run_group,instance,step,temperature,beta,gamma,loss,mean_free_energy,mean_expected_cut,max_expected_cut,mean_entropy,mean_driver_energy,step_best_cut,global_best_cut,global_best_accuracy,step_success_count,step_success_probability,ever_success_count,ever_success_probability,mean_R,mean_abs_rx,mean_abs_rz,frac_polarized,frac_ambiguous,raw_R_grad_norm,theta_grad_norm,raw_R_grad_mean_abs,theta_grad_mean_abs,raw_R_grad_max_abs,theta_grad_max_abs,raw_R_step_norm,theta_step_norm,raw_R_step_mean_abs,theta_step_mean_abs
small_1_3,G1,1,1.159999966621399,0.8620690107345581,1.0,-10239.193359375,-10239.4296875,9588.0,9588.0,554.4752197265625,-8.239213943481445,9698.0,9698.0,83.4308327598073,0,0.0,0,0.0,0.010301368311047554,0.010299017652869225,0.00021305856353137642,0.0,1.0,0.024461667984724045,0.0002498964895494282,7.644267316209152e-05,6.242242420739785e-07,7.679002010263503e-05,3.423634097998729e-06,9.59869384765625,9.208691596984863,0.02999591827392578,0.028649989515542984
small_1_3,G1,50,1.1315672397613525,0.8837300539016724,0.9754877686500549,-10254.61328125,-10256.15234375,9588.0,9588.0,553.359130859375,-41.98876190185547,9991.0,10062.0,86.56228492773572,0,0.0,0,0.0,0.05380484461784363,0.053804825991392136,3.48361863871105e-05,0.0,1.0,0.11239650100469589,0.00010258764814352617,0.00035123893758282065,2.543467587656778e-07,0.0003525855136103928,1.489788473918452e-06,13.446798324584961,0.35903000831604004,0.042021244764328,0.0008998311823233962
small_1_3,G1,100,1.102554202079773,0.9069848656654358,0.9504752159118652,-10435.45703125,-10445.74609375,9616.791015625,9633.1279296875,490.1977844238281,-288.48614501953125,11437.0,11437.0,98.39125946317962,0,0.0,0,0.0,0.3955264687538147,0.3793972432613373,0.10282911360263824,0.0,0.154296875,0.36159050464630127,0.3122817873954773,0.0011143760057166219,0.0007051483844406903,0.0025164263788610697,0.005293971858918667,16.053396224975586,15.662506103515625,0.050150059163570404,0.04687676206231117
small_1_3,G1,150,1.0735411643981934,0.9314966797828674,0.9254627227783203,-11465.140625,-11472.11328125,11117.29296875,11164.904296875,160.04229736328125,-183.00941467285156,11569.0,11569.0,99.52684101858225,0,0.0,0,0.0,0.8958433866500854,0.2471868395805359,0.8375445604324341,0.0,0.002763671800494194,0.6396303176879883,0.2668329179286957,0.0017194891115650535,0.0005512863863259554,0.007356670219451189,0.010875875130295753,11.730199813842773,3.733546018600464,0.03541063144803047,0.00745056476444006
small_1_3,G1,200,1.0445282459259033,0.9573699831962585,0.9004502296447754,-11587.205078125,-11588.076171875,11326.7236328125,11382.984375,83.3541488647461,-174.28558349609375,11588.0,11588.0,99.69029593943566,0,0.0,0,0.0,0.9534816741943359,0.24194228649139404,0.9018561244010925,0.48100584745407104,0.0022167968563735485,0.22516800463199615,0.053916893899440765,0.0006040841690264642,6.713501352351159e-05,0.002790466183796525,0.008909670636057854,4.245833873748779,1.7916151285171509,0.012409674935042858,0.001722057699225843
small_1_3,G1,250,1.0155152082443237,0.984721839427948,0.8754377365112305,-11607.27734375,-11607.61328125,11379.3232421875,11444.625,62.39398956298828,-164.92742919921875,11601.0,11601.0,99.80213351686166,0,0.0,0,0.0,0.9664162993431091,0.2354927957057953,0.9183308482170105,0.6255859136581421,0.0021484375465661287,0.1344740390777588,0.03215280920267105,0.00035956097417511046,2.0303064957261086e-05,0.0016427276423200965,0.007037795148789883,2.6798908710479736,1.3754446506500244,0.007727440446615219,0.0009833078365772963
small_1_3,G1,300,0.9865021705627441,1.01368248462677,0.8504252433776855,-11613.203125,-11613.375,11406.478515625,11473.650390625,51.690513610839844,-155.9034423828125,11602.0,11603.0,99.81933929800412,0,0.0,0,0.0,0.9724929332733154,0.22915510833263397,0.9273112416267395,0.686474621295929,0.0018164062639698386,0.09391255676746368,0.018777070567011833,0.00025077350437641144,1.0260376257065218e-05,0.0011408216087147593,0.005722139962017536,2.036447286605835,0.8562232851982117,0.0058213151060044765,0.0005588055937550962
small_1_3,G1,350,0.9574891924858093,1.0443981885910034,0.8254126906394958,-11614.150390625,-11614.2587890625,11423.8798828125,11489.3564453125,45.03874206542969,-147.2545166015625,11602.0,11603.0,99.81933929800412,0,0.0,0,0.0,0.976041316986084,0.22300131618976593,0.9332922101020813,0.7222460508346558,0.0016699217958375812,0.07112941145896912,0.01643393188714981,0.00018975809507537633,7.424755040119635e-06,0.0012085514608770609,0.005699442699551582,1.6531788110733032,0.7515751123428345,0.004722915589809418,0.0004400705511216074
small_1_3,G1,400,0.9284762144088745,1.077033519744873,0.8004001975059509,-11612.962890625,-11613.0361328125,11436.671875,11500.6416015625,40.3076171875,-138.94012451171875,11602.0,11603.0,99.81933929800412,0,0.0,0,0.0,0.9784999489784241,0.21698538959026337,0.9379225969314575,0.7491503953933716,0.0017773436848074198,0.05677216127514839,0.01177232339978218,0.00015120755415409803,5.318224339134758e-06,0.0012798820389434695,0.0034423654433339834,1.4256247282028198,0.6968405842781067,0.004033422563225031,0.0003683940158225596
small_1_3,G1,450,0.8994631767272949,1.111774206161499,0.775387704372406,-11610.80859375,-11610.865234375,11447.00390625,11509.681640625,36.59309005737305,-130.947509765625,11602.0,11603.0,99.81933929800412,0,0.0,0,0.0,0.9804386496543884,0.2111007273197174,0.9418229460716248,0.7696874737739563,0.0016113281017169356,0.04674956202507019,0.015251683071255684,0.00012483976024668664,4.864152288064361e-06,0.001437298720702529,0.005880494136363268,1.2770065069198608,0.6761346459388733,0.003572862595319748,0.00033166230423375964
small_1_3,G1,500,0.8704501390457153,1.1488308906555176,0.7503751516342163,-11608.099609375,-11608.140625,11455.798828125,11517.357421875,33.56871795654297,-123.12205505371094,11602.0,11603.0,99.81933929800412,0,0.0,0,0.0,0.9820102453231812,0.20510081946849823,0.9454210996627808,0.7877050638198853,0.001748046837747097,0.03948894888162613,0.008595587685704231,0.00010584116535028443,3.70398106497305e-06,0.0011117770336568356,0.002243200084194541,1.145763874053955,0.4606229364871979,0.0032312104012817144,0.00027523134485818446
small_1_3,G1,550,0.8414371609687805,1.1884428262710571,0.7253626585006714,-11604.9345703125,-11604.9677734375,11463.3095703125,11524.0908203125,31.004554748535156,-115.56912231445312,11603.0,11603.0,99.81933929800412,0,0.0,0,0.0,0.9833544492721558,0.1991574764251709,0.9486491680145264,0.8035742044448853,0.0016992187593132257,0.03413870930671692,0.006153736729174852,9.162432979792356e-05,3.1449749258172233e-06,0.0013752126833423972,0.001840223092585802,1.0539841651916504,0.481236070394516,0.002968977438285947,0.00026233179960399866
small_1_3,G1,600,0.8124241828918457,1.230884075164795,0.7003501653671265,-11601.703125,-11601.73046875,11470.158203125,11530.119140625,28.71021842956543,-108.24727630615234,11603.0,11603.0,99.81933929800412,0,0.0,0,0.0,0.98459392786026,0.19320204854011536,0.9516991972923279,0.8190624713897705,0.0015722656389698386,0.030015215277671814,0.01078270748257637,8.08081022114493e-05,3.462828090050607e-06,0.0011040071258321404,0.005311901681125164,1.014473795890808,0.44728368520736694,0.0027919006533920765,0.00025659240782260895
small_1_3,G1,650,0.7834111452102661,1.2764689922332764,0.6753376722335815,-11598.37890625,-11598.4013671875,11476.37109375,11537.234375,26.665637969970703,-101.14131927490234,11605.0,11605.0,99.83654507914659,0,0.0,0,0.0,0.9856973886489868,0.18720507621765137,0.9545914530754089,0.8319921493530273,0.001503906212747097,0.026644956320524216,0.008778576739132404,7.204050780273974e-05,3.226435637770919e-06,0.0012022475712001324,0.003930102102458477,0.950771689414978,0.48168113827705383,0.002635195152834058,0.0002549230703152716
small_1_3,G1,700,0.7543981075286865,1.3255600929260254,0.6503251791000366,-11594.9609375,-11594.98046875,11481.9765625,11545.18359375,24.841026306152344,-94.26402282714844,11608.0,11608.0,99.8623537508603,0,0.0,0,0.0,0.9866848587989807,0.18118633329868317,0.9573318958282471,0.8446288704872131,0.0013867187080904841,0.023659085854887962,0.006309863645583391,6.454764661611989e-05,2.4104228941723704e-06,0.0006264659459702671,0.004684389568865299,0.8689663410186768,0.36022716760635376,0.002483387477695942,0.0002147097693523392
small_1_3,G1,750,0.7253851294517517,1.3785780668258667,0.6253126859664917,-11591.5625,-11591.578125,11487.134765625,11550.7109375,23.205291748046875,-87.61080932617188,11608.0,11608.0,99.8623537508603,0,0.0,0,0.0,0.987567126750946,0.17513400316238403,0.9598791003227234,0.8552538752555847,0.0014746093656867743,0.021319221705198288,0.004659254569560289,5.847761349286884e-05,2.2462877495854627e-06,0.0007657887181267142,0.002338116057217121,0.818206787109375,0.2739531099796295,0.002364669693633914,0.00020207787747494876
small_1_3,G1,800,0.6963721513748169,1.4360138177871704,0.600300133228302,-11588.17578125,-11588.189453125,11491.888671875,11555.4990234375,21.709304809570312,-81.18284606933594,11608.0,11608.0,99.8623537508603,0,0.0,0,0.0,0.9883766174316406,0.16904635727405548,0.9622998833656311,0.8657128810882568,0.0014550781343132257,0.019340716302394867,0.00423419987782836,5.338282062439248e-05,1.928827487063245e-06,0.0007900322088971734,0.0031662883702665567,0.769866406917572,0.19255280494689941,0.0022640966344624758,0.000189278376637958
small_1_3,G1,850,0.6673591136932373,1.498443603515625,0.5752876400947571,-11584.85546875,-11584.8671875,11496.32421875,11559.890625,20.311758041381836,-74.98724365234375,11608.0,11608.0,99.8623537508603,0,0.0,0,0.0,0.9891390800476074,0.16293422877788544,0.9646023511886597,0.87660151720047,0.0014453125186264515,0.01765556074678898,0.0022530262358486652,4.9118967581307516e-05,1.8492277149562142e-06,0.0005209683440625668,0.0007839645259082317,0.7401632070541382,0.17973002791404724,0.0021884539164602757,0.0001897688489407301
small_1_3,G1,900,0.6383461356163025,1.566548228263855,0.5502750873565674,-11581.6259765625,-11581.63671875,11500.494140625,11563.97265625,18.99765396118164,-69.01557922363281,11608.0,11608.0,99.8623537508603,0,0.0,0,0.0,0.9898622035980225,0.15677519142627716,0.9668245315551758,0.8863964676856995,0.0014355467865243554,0.016284093260765076,0.0030266093090176582,4.549405275611207e-05,1.873641281235905e-06,0.0005101927672512829,0.0013642426347360015,0.7127100229263306,0.24385003745555878,0.00212432025000453,0.00019535691535566002
small_1_3,G1,950,0.6093330979347229,1.6411384344100952,0.5252625942230225,-11578.501953125,-11578.51171875,11504.421875,11567.8017578125,17.757850646972656,-63.26776123046875,11608.0,11608.0,99.8623537508603,0,0.0,0,0.0,0.9905471801757812,0.15056221187114716,0.968982458114624,0.8947948813438416,0.0014941405970603228,0.015031246468424797,0.0022224581334739923,4.2296665924368426e-05,1.78342941126175e-06,0.0006915141129866242,0.0009897027630358934,0.6866496801376343,0.1581249088048935,0.002068692585453391,0.00018898463167715818
small_1_3,G1,1000,0.5803201198577881,1.7231868505477905,0.5002501010894775,-11575.482421875,-11575.490234375,11508.1005859375,11571.3935546875,16.593727111816406,-57.75950622558594,11608.0,11608.0,99.8623537508603,0,0.0,0,0.0,0.9911924004554749,0.1443265676498413,0.9710215330123901,0.90185546875,0.0015917968703433871,0.013974998146295547,0.001966410083696246,3.953299528802745e-05,1.7267775547225028e-06,0.00043596694013103843,0.0003584819787647575,0.6714955568313599,0.14775140583515167,0.002024013316258788,0.00018781085964292288
small_1_3,G1,1050,0.5513070821762085,1.813871145248413,0.4752376079559326,-11572.595703125,-11572.603515625,11511.580078125,11574.77734375,15.496482849121094,-52.480224609375,11608.0,11608.0,99.8623537508603,0,0.0,0,0.0,0.991798996925354,0.13803774118423462,0.9729574918746948,0.9087694883346558,0.0016015624860301614,0.013084027916193008,0.005801837891340256,3.71235073544085e-05,1.9296019218018046e-06,0.0006765543366782367,0.004390813410282135,0.660708487033844,0.2700214385986328,0.0019873736891895533,0.00020312763808760792
small_1_3,G1,1100,0.5222941040992737,1.9146300554275513,0.4502251148223877,-11569.86328125,-11569.87109375,11514.91015625,11577.95703125,14.449125289916992,-47.41436767578125,11608.0,11608.0,99.8623537508603,0,0.0,0,0.0,0.9923808574676514,0.1316407173871994,0.9748718738555908,0.9180273413658142,0.0016015624860301614,0.012370189651846886,0.0052720243111252785,3.5042532545048743e-05,2.0604611563612707e-06,0.0005307194660417736,0.0022021548356860876,0.6643906235694885,0.3453993499279022,0.001963011221960187,0.00021614016441162676
small_1_3,G1,1150,0.4932810664176941,2.0272417068481445,0.425212562084198,-11567.248046875,-11567.255859375,11518.0419921875,11580.9599609375,13.435930252075195,-42.58573913574219,11608.0,11608.0,99.8623537508603,0,0.0,0,0.0,0.992948591709137,0.12518957257270813,0.9767162203788757,0.9294628500938416,0.0016503905644640326,0.011608557775616646,0.002926389453932643,3.3075339160859585e-05,1.9155106656398857e-06,0.0005610435619018972,0.0012875891989097,0.6622060537338257,0.22949479520320892,0.0019378388533368707,0.0002059728722088039
small_1_3,G1,1200,0.4642680883407593,2.15392804145813,0.4002000689506531,-11564.775390625,-11564.78125,11520.984375,11583.7734375,12.489995956420898,-37.997432708740234,11608.0,11608.0,99.8623537508603,0,0.0,0,0.0,0.9934696555137634,0.1186826080083847,0.9784557819366455,0.9376757740974426,0.0017187499906867743,0.010880822315812111,0.0034526700619608164,3.1239753297995776e-05,1.9225528831157135e-06,0.0003680097288452089,0.0017584656598046422,0.6443163752555847,0.17789141833782196,0.0019058852922171354,0.00020609777129720896
small_1_3,G1,1250,0.4352550506591797,2.2975034713745117,0.37518757581710815,-11562.4033203125,-11562.4091796875,11523.69921875,11586.4140625,11.610785484313965,-33.65519332885742,11608.0,11608.0,99.8623537508603,0,0.0,0,0.0,0.9939486384391785,0.1121278926730156,0.9801007509231567,0.94287109375,0.0017382812220603228,0.010257537476718426,0.0021112977992743254,2.9578402973129414e-05,1.8174698652728694e-06,0.00021698362252209336,0.00038328004302456975,0.6270797252655029,0.15282456576824188,0.0018764038104563951,0.00020510118338279426
small_1_3,G1,1300,0.4062420725822449,2.4615864753723145,0.35017526149749756,-11560.16796875,-11560.1728515625,11526.2392578125,11588.884765625,10.78544807434082,-29.55292320251465,11608.0,11608.0,99.8623537508603,0,0.0,0,0.0,0.9943949580192566,0.10549332201480865,0.9816747903823853,0.9457030892372131,0.0017968749161809683,0.009697801433503628,0.0021478624548763037,2.8062093406333588e-05,1.8104453829437261e-06,0.0001806843065423891,0.0003892857348546386,0.6177367568016052,0.14627337455749512,0.0018508153734728694,0.00020598943228833377
small_1_3,G1,1350,0.3772290349006653,2.650909423828125,0.3251709043979645,-11558.0703125,-11558.0751953125,11528.5986328125,11591.1845703125,10.009748458862305,-25.70020866394043,11608.0,11608.0,99.8623537508603,0,0.0,0,0.0,0.9948102831840515,0.09879501163959503,0.9831560850143433,0.94886714220047,0.0018945311894640326,0.009191950783133507,0.002047567395493388,2.6672314561437815e-05,1.768810989233316e-06,0.00015544897178187966,0.00020660576410591602,0.6102302074432373,0.14366143941879272,0.0018275600159540772,0.00020565371960401535
small_1_3,G1,1400,0.34821605682373047,2.8717801570892334,0.3003411889076233,-11556.126953125,-11556.130859375,11530.77734375,11593.314453125,9.279296875,-22.122661590576172,11608.0,11608.0,99.8623537508603,0,0.0,0,0.0,0.9951971769332886,0.09207303822040558,0.9845472574234009,0.9551367163658142,0.002070312388241291,0.008733239956200123,0.0022652875632047653,2.5396411729161628e-05,1.8275383126820088e-06,0.00013944909733254462,0.0004890866111963987,0.6048914790153503,0.15515288710594177,0.0018067746423184872,0.00021014895173721015
small_1_3,G1,1450,0.3192030191421509,3.1328024864196777,0.277316153049469,-11554.4580078125,-11554.4619140625,11532.693359375,11595.1689453125,8.575611114501953,-19.031776428222656,11608.0,11608.0,99.8623537508603,0,0.0,0,0.0,0.9955729246139526,0.08578556030988693,0.985798180103302,0.9666308164596558,0.0022265624720603228,0.008334825746715069,0.002429327694699168,2.424517515464686e-05,1.64986090567254e-06,0.0002650444221217185,0.0010965336114168167,0.6102988123893738,0.1539752185344696,0.0017923779087141156,0.00018873643421102315
small_1_3,G1,1500,0.29019004106521606,3.4460177421569824,0.2625235319137573,-11553.44921875,-11553.453125,11533.98046875,11596.4130859375,7.879356384277344,-17.18656349182129,11608.0,11608.0,99.8623537508603,0,0.0,0,0.0,0.995964765548706,0.08183343708515167,0.9866693019866943,0.9721581935882568,0.0024316406343132257,0.007974131032824516,0.002569763222709298,2.3242011593538336e-05,1.3587754210675485e-06,0.0003339526301715523,0.0010616494109854102,0.6148605346679688,0.15704217553138733,0.0017873483011499047,0.00012706640700343996
small_1_3,G1,1550,0.26117706298828125,3.82882022857666,0.26034680008888245,-11553.2919921875,-11553.2958984375,11534.4501953125,11596.8837890625,7.133415222167969,-16.982250213623047,11608.0,11608.0,99.8623537508603,0,0.0,0,0.0,0.9964423775672913,0.0815366730093956,0.9870312809944153,0.9735156297683716,0.0024121094029396772,0.0076269241981208324,0.002275575418025255,2.2330632418743335e-05,1.3097447890686453e-06,0.00014072700287215412,0.0002969261258840561,0.6123287081718445,0.14926816523075104,0.0017890968592837453,9.51618276303634e-05
small_1_3,G1,1600,0.23216402530670166,4.307299613952637,0.25009971857070923,-11552.634765625,-11552.638671875,11535.3828125,11597.7900390625,6.374000549316406,-15.776291847229004,11608.0,11608.0,99.8623537508603,0,0.0,0,0.0,0.9969501495361328,0.07885000854730606,0.987696647644043,0.9745507836341858,0.0023828125558793545,0.007278277073055506,0.0023777547758072615,2.1303396351868287e-05,2.0382055936352117e-06,0.0001825522049330175,0.0003158574691042304,0.6093307733535767,0.1599898636341095,0.0017691167304292321,0.00022192801407072693
small_1_3,G1,1650,0.20315104722976685,4.922445774078369,0.2105179876089096,-11550.314453125,-11550.318359375,11537.759765625,11600.111328125,5.800808906555176,-11.379425048828125,11608.0,11608.0,99.8623537508603,0,0.0,0,0.0,0.9972670674324036,0.06756800413131714,0.989262044429779,0.9749413728713989,0.0026562500279396772,0.006907877512276173,0.0025102777872234583,2.0213741663610563e-05,2.526197931729257e-06,9.312632755609229e-05,0.00023165892343968153,0.5878593921661377,0.19247400760650635,0.0017189905047416687,0.0003582136705517769
small_1_3,G1,1700,0.17413800954818726,5.742571830749512,0.16261200606822968,-11547.98828125,-11547.9912109375,11540.068359375,11602.3662109375,5.472920894622803,-6.969849586486816,11608.0,11608.0,99.8623537508603,0,0.0,0,0.0,0.9973377585411072,0.05357729643583298,0.990780234336853,0.9758203029632568,0.003124999813735485,0.006605778820812702,0.0024721252266317606,1.9370772861293517e-05,2.227167669843766e-06,7.985387492226437e-05,0.00022074882872402668,0.5826082825660706,0.18720954656600952,0.0017052402254194021,0.00032420604838989675
small_1_3,G1,1750,0.14512503147125244,6.890610218048096,0.12727773189544678,-11546.6220703125,-11546.625,11541.482421875,11603.751953125,5.2508745193481445,-4.38045597076416,11608.0,11608.0,99.8623537508603,0,0.0,0,0.0,0.9973031878471375,0.043020643293857574,0.9917028546333313,0.9898632764816284,0.0035449217539280653,0.006316964980214834,0.0025668528396636248,1.85165845323354e-05,1.9843917016260093e-06,7.039664342300966e-05,0.0002307684044353664,0.5751487016677856,0.18146562576293945,0.0016810762463137507,0.0002596009580884129
small_1_3,G1,1800,0.11611199378967285,8.612374305725098,0.10024542361497879,-11545.7783203125,-11545.78125,11542.404296875,11604.658203125,5.013018608093262,-2.794218063354492,11608.0,11608.0,99.8623537508603,0,0.0,0,0.0,0.9973099827766418,0.03484221547842026,0.9923002123832703,0.9931542873382568,0.0038964843843132257,0.006044183392077684,0.0025855808053165674,1.7692791516310535e-05,1.8752557480183896e-06,6.7511762608774e-05,0.00024178111925721169,0.5668221712112427,0.17647351324558258,0.0016523057129234076,0.00023543648421764374
small_1_3,G1,1850,0.08709895610809326,11.481193542480469,0.07504609227180481,-11545.1513671875,-11545.1533203125,11543.1064453125,11605.3505859375,4.7590227127075195,-1.632786512374878,11608.0,11608.0,99.8623537508603,0,0.0,0,0.0,0.9973676204681396,0.02719639241695404,0.9927583932876587,0.9936132431030273,0.004072265699505806,0.005788630805909634,0.002629803493618965,1.692507794359699e-05,1.839035007833445e-06,6.83334656059742e-05,0.0002443555276840925,0.5598136186599731,0.17940543591976166,0.0016263326397165656,0.00023226729535963386
small_1_3,G1,1900,0.05808603763580322,17.21584129333496,0.050025176256895065,-11544.6806640625,-11544.6826171875,11543.63671875,11605.8740234375,4.516716003417969,-0.7833641767501831,11608.0,11608.0,99.8623537508603,0,0.0,0,0.0,0.9974408745765686,0.019574247300624847,0.9931218028068542,0.9937109351158142,0.003994140308350325,0.005544439889490604,0.0027168774977326393,1.6201802282012068e-05,1.8280655922353617e-06,6.552464765263721e-05,0.00033303297823294997,0.5518982410430908,0.18728359043598175,0.001601903117261827,0.00023453167523257434
small_1_3,G1,1950,0.029072999954223633,34.396175384521484,0.02501249499619007,-11544.361328125,-11544.3642578125,11544.0009765625,11606.234375,4.2966413497924805,-0.2385004162788391,11608.0,11608.0,99.8623537508603,0,0.0,0,0.0,0.9975134134292603,0.011919140815734863,0.9934444427490234,0.9937402009963989,0.003525390522554517,0.00531018478795886,0.0028416195418685675,1.551392961118836e-05,1.8354601252212888e-06,6.445260805776343e-05,0.0003317230148240924,0.5428922176361084,0.19315144419670105,0.001577552524395287,0.00023849874560255557
small_1_3,G1,2000,5.999999848427251e-05,16666.66796875,0.0,-11544.1962890625,-11544.19921875,11544.19921875,11606.4326171875,4.097622871398926,0.0,11608.0,11608.0,99.8623537508603,0,0.0,0,0.0,0.9975839257240295,0.004320051055401564,0.9942055940628052,0.9937402009963989,0.0014746093656867743,0.005083023104816675,0.0029306637588888407,1.4857002497592475e-05,1.851452225309913e-06,6.30675713182427e-05,0.0003147874667774886,0.5327797532081604,0.4146173894405365,0.0015531870303675532,0.0002925934095401317
small_1_3,G2,1,1.159999966621399,0.8620690107345581,1.0,-10239.193359375,-10239.431640625,9588.0,9588.0,554.4752197265625,-8.239236831665039,9708.0,9708.0,83.54561101549054,0,0.0,0,0.0,0.01030139159411192,0.010299045592546463,0.00021276043844409287,0.0,1.0,0.024461714550852776,0.00025130301946774125,7.644281868124381e-05,6.263898058023187e-07,7.675556844333187e-05,3.911268777301302e-06,9.59869384765625,9.206572532653809,0.02999591827392578,0.028645796701312065
small_1_3,G2,50,1.1315672397613525,0.8837300539016724,0.9754877686500549,-10254.61328125,-10256.15234375,9588.0,9588.0,553.359130859375,-41.98885726928711,10035.0,10102.0,86.93631669535284,0,0.0,0,0.0,0.05380496755242348,0.053804948925971985,3.4884153137682006e-05,0.0,1.0,0.112396739423275,0.00010266519529977813,0.00035123966517858207,2.547292581311922e-07,0.0003524540225043893,1.6942616412052303e-06,13.446797370910645,0.3596026599407196,0.042021241039037704,0.0009006927139125764
small_1_3,G2,100,1.102554202079773,0.9069848656654358,0.9504752159118652,-10435.529296875,-10445.8359375,9616.94140625,9627.0361328125,490.1956787109375,-288.4266662597656,11448.0,11448.0,98.5197934595525,0,0.0,0,0.0,0.3955327868461609,0.3793189823627472,0.10314904153347015,0.0,0.15125976502895355,0.36205852031707764,0.3140760362148285,0.001115502673201263,0.0007067043916322291,0.0026690117083489895,0.005092853680253029,16.056180953979492,15.672079086303711,0.05015842244029045,0.046914465725421906
small_1_3,G2,150,1.0735411643981934,0.9314966797828674,0.9254627227783203,-11467.658203125,-11474.6640625,11120.078125,11161.177734375,159.95193481445312,-182.8704833984375,11563.0,11563.0,99.50946643717728,0,0.0,0,0.0,0.8959507346153259,0.24699871242046356,0.8376579284667969,0.0,0.003085937350988388,0.6415548920631409,0.2695459723472595,0.0017235749401152134,0.0005547713371925056,0.007362808100879192,0.01080290600657463,11.737957954406738,3.835479974746704,0.03542399778962135,0.0075568342581391335
small_1_3,G2,200,1.0445282459259033,0.9573699831962585,0.9004502296447754,-11590.2958984375,-11591.185546875,11329.869140625,11370.6005859375,83.26580810546875,-174.34312438964844,11572.0,11573.0,99.59552495697073,0,0.0,0,0.0,0.9535735845565796,0.24202217161655426,0.9017863273620605,0.4835546910762787,0.0021191404666751623,0.22587177157402039,0.06008319556713104,0.000605798966716975,6.979721365496516e-05,0.002712966874241829,0.006822996307164431,4.254344463348389,1.9475287199020386,0.012419726699590683,0.0018403950380161405
small_1_3,G2,250,1.0155152082443237,0.984721839427948,0.8754377365112305,-11610.9296875,-11611.265625,11383.25390625,11426.873046875,62.24390411376953,-164.80162048339844,11583.0,11583.0,99.6815834767642,0,0.0,0,0.0,0.9665569067001343,0.23531317710876465,0.9184634685516357,0.6260839700698853,0.0020410155411809683,0.13486360013484955,0.034704696387052536,0.0003606751561164856,2.1120411474839784e-05,0.0016840003663673997,0.008330939337611198,2.702625036239624,1.3676068782806396,0.007766568101942539,0.0009773123310878873
small_1_3,G2,300,0.9865021705627441,1.01368248462677,0.8504252433776855,-11616.888671875,-11617.068359375,11410.21875,11466.62109375,51.6822624206543,-155.86563110351562,11595.0,11596.0,99.79345955249569,0,0.0,0,0.0,0.9724908471107483,0.22909954190254211,0.9270985722541809,0.6849609017372131,0.0019335936522111297,0.09435369819402695,0.027366850525140762,0.0002514412335585803,1.2385849913698621e-05,0.001757325022481382,0.0066224923357367516,2.03774094581604,1.085646390914917,0.005815912503749132,0.0006599014741368592
small_1_3,G2,350,0.9574891924858093,1.0443981885910034,0.8254126906394958,-11617.9853515625,-11618.0986328125,11427.7216796875,11488.572265625,45.04544448852539,-147.24652099609375,11602.0,11603.0,99.85370051635113,0,0.0,0,0.0,0.9760149717330933,0.22298923134803772,0.932998776435852,0.7204784750938416,0.0018359374953433871,0.07151518017053604,0.021180251613259315,0.00019047725072596222,8.50430933496682e-06,0.0016114028403535485,0.00860772654414177,1.6719038486480713,0.9594356417655945,0.004740544594824314,0.0005169005016796291
small_1_3,G2,400,0.9284762144088745,1.077033519744873,0.8004001975059509,-11617.2294921875,-11617.30859375,11441.09765625,11501.642578125,40.20575714111328,-138.88046264648438,11604.0,11604.0,99.86230636833047,0,0.0,0,0.0,0.9785627722740173,0.21689221262931824,0.9377681612968445,0.747607409954071,0.001904296805150807,0.05740344151854515,0.017723262310028076,0.00015271847951225936,7.769422154524364e-06,0.0017310298280790448,0.004862623289227486,1.4919062852859497,0.8230884075164795,0.004110211506485939,0.0004569259181153029
small_1_3,G2,450,0.8994631767272949,1.111774206161499,0.775387704372406,-11615.1416015625,-11615.197265625,11451.5400390625,11510.94140625,36.46673583984375,-130.85604858398438,11604.0,11604.0,99.86230636833047,0,0.0,0,0.0,0.9805074334144592,0.21095263957977295,0.941781759262085,0.768994152545929,0.0017578124534338713,0.04698935151100159,0.013743536546826363,0.00012540252646431327,4.9542040869710036e-06,0.0015743712428957224,0.0051781656220555305,1.281766414642334,0.621873140335083,0.003595203859731555,0.0003197805490344763
small_1_3,G2,500,0.8704501390457153,1.1488308906555176,0.7503751516342163,-11612.380859375,-11612.421875,11460.193359375,11518.5703125,33.50562286376953,-123.06413269042969,11604.0,11604.0,99.86230636833047,0,0.0,0,0.0,0.9820184111595154,0.20500434935092926,0.9452016949653625,0.786865234375,0.0017382812220603228,0.03961971402168274,0.009500344283878803,0.00010601544636301696,3.970823399868095e-06,0.0012826303718611598,0.002676596399396658,1.143565058708191,0.5628679394721985,0.003224844578653574,0.000294042140012607
small_1_3,G2,550,0.8414371609687805,1.1884428262710571,0.7253626585006714,-11609.2685546875,-11609.2998046875,11467.7890625,11525.30078125,30.9437198638916,-115.47373962402344,11604.0,11604.0,99.86230636833047,0,0.0,0,0.0,0.9833652377128601,0.19899310171604156,0.9485662579536438,0.8027245998382568,0.0015820312546566129,0.03416786715388298,0.005936059169471264,9.165372466668487e-05,2.919830649261712e-06,0.0011638614814728498,0.0020803145598620176,1.056562066078186,0.3668783903121948,0.0029650831129401922,0.00023071811301633716
small_1_3,G2,600,0.8124241828918457,1.230884075164795,0.7003501653671265,-11605.892578125,-11605.91796875,11474.384765625,11531.37890625,28.7449951171875,-108.17996215820312,11604.0,11604.0,99.86230636833047,0,0.0,0,0.0,0.9845128655433655,0.19308191537857056,0.9514698386192322,0.8179882764816284,0.0017382812220603228,0.02969539351761341,0.005778932012617588,8.01656351541169e-05,2.519270537959528e-06,0.0008920945692807436,0.0028912394773215055,0.9457343816757202,0.3041987419128418,0.0027309213764965534,0.00021139754971954972
small_1_3,G2,650,0.7834111452102661,1.2764689922332764,0.6753376722335815,-11602.490234375,-11602.51171875,11480.462890625,11536.947265625,26.768775939941406,-101.07823181152344,11604.0,11604.0,99.86230636833047,0,0.0,0,0.0,0.9855725765228271,0.18708831071853638,0.9543392062187195,0.8310155868530273,0.0016113281017169356,0.026273107156157494,0.006625595036894083,7.132656901376322e-05,2.47076059167739e-06,0.0007063703960739076,0.00255284714512527,0.8942279815673828,0.29390281438827515,0.002573134144768119,0.00019961716316174716
small_1_3,G2,700,0.7543981075286865,1.3255600929260254,0.6503251791000366,-11598.986328125,-11599.00390625,11485.9130859375,11542.1064453125,25.011322021484375,-94.22205352783203,11604.0,11604.0,99.86230636833047,0,0.0,0,0.0,0.9865090847015381,0.18110564351081848,0.956998884677887,0.8426464796066284,0.0014257811708375812,0.023411381989717484,0.0028105464298278093,6.401772407116368e-05,1.902734766190406e-06,0.000620336621068418,0.0015131041873246431,0.8189043998718262,0.20778252184391022,0.002427412662655115,0.00018522050231695175
small_1_3,G2,750,0.7253851294517517,1.3785780668258667,0.6253126859664917,-11595.494140625,-11595.5078125,11490.927734375,11546.90234375,23.408966064453125,-87.60011291503906,11604.0,11604.0,99.86230636833047,0,0.0,0,0.0,0.9873712062835693,0.17511260509490967,0.9594950675964355,0.8539355397224426,0.0014843749813735485,0.021077731624245644,0.00168878014665097,5.806100307381712e-05,1.7483476995039382e-06,0.0003079089510720223,0.0001907041296362877,0.7699114084243774,0.12610822916030884,0.002316820900887251,0.00017593428492546082
small_1_3,G2,800,0.6963721513748169,1.4360138177871704,0.600300133228302,-11592.0693359375,-11592.08203125,11495.6240234375,11551.41015625,21.921863555908203,-81.19284057617188,11604.0,11604.0,99.86230636833047,0,0.0,0,0.0,0.9881812930107117,0.1690671741962433,0.9618886113166809,0.8649706840515137,0.0014453125186264515,0.019278237596154213,0.003400698071345687,5.325210076989606e-05,1.9021791786144604e-06,0.0007646497688256204,0.0015909045469015837,0.756928563117981,0.22910179197788239,0.002239789580926299,0.00019152082677464932
small_1_3,G2,850,0.6673591136932373,1.498443603515625,0.5752876400947571,-11588.748046875,-11588.759765625,11500.076171875,11555.6484375,20.50605010986328,-74.99920654296875,11604.0,11604.0,99.86230636833047,0,0.0,0,0.0,0.9889639616012573,0.1629602462053299,0.9642423987388611,0.8761718273162842,0.0015136718284338713,0.017712848260998726,0.0028275956865400076,4.913791053695604e-05,1.929985273818602e-06,0.0007013893919065595,0.0011623007012531161,0.7336358428001404,0.27088138461112976,0.0021751311141997576,0.00019890390103682876
small_1_3,G2,900,0.6383461356163025,1.566548228263855,0.5502750873565674,-11585.5048828125,-11585.5146484375,11504.2421875,11559.63671875,19.169673919677734,-69.0352554321289,11604.0,11604.0,99.86230636833047,0,0.0,0,0.0,0.9897077083587646,0.15681986510753632,0.9665066599845886,0.8868163824081421,0.0016308593330904841,0.016248460859060287,0.002431500470265746,4.5487766328733414e-05,1.8156232499677571e-06,0.0006863208836875856,0.0009613329311832786,0.7015025615692139,0.15116813778877258,0.0021129946690052748,0.00018723536049947143
small_1_3,G2,950,0.6093330979347229,1.6411384344100952,0.5252625942230225,-11582.359375,-11582.369140625,11508.15234375,11563.4091796875,17.91988754272461,-63.29683303833008,11604.0,11604.0,99.86230636833047,0,0.0,0,0.0,0.9904072880744934,0.1506313979625702,0.9686829447746277,0.8949218392372131,0.0016308593330904841,0.015029489994049072,0.0019982357043772936,4.234888547216542e-05,1.7362293647238403e-06,0.0003319764509797096,0.0007239525439217687,0.6800646185874939,0.16837093234062195,0.0020615714602172375,0.00018689299758989364
small_1_3,G2,1000,0.5803201198577881,1.7231868505477905,0.5002501010894775,-11579.3349609375,-11579.34375,11511.8564453125,11566.970703125,16.738536834716797,-57.772979736328125,11604.0,11604.0,99.86230636833047,0,0.0,0,0.0,0.9910710453987122,0.1443602442741394,0.9707988500595093,0.9024999737739563,0.0015820312546566129,0.014066475443542004,0.0022970233112573624,3.966004078392871e-05,1.8323314634471899e-06,0.0006881763692945242,0.0007937911432236433,0.6782507300376892,0.2535727024078369,0.0020239867735654116,0.0001983344554901123
small_1_3,G2,1050,0.5513070821762085,1.813871145248413,0.4752376079559326,-11576.427734375,-11576.435546875,11515.33203125,11570.33203125,15.621973991394043,-52.49106216430664,11604.0,11604.0,99.86230636833047,0,0.0,0,0.0,0.9916974902153015,0.13806529343128204,0.9727957844734192,0.9101952910423279,0.0016699217958375812,0.013056289404630661,0.0018643970834091306,3.71604910469614e-05,1.7404684058419662e-06,0.00022550785797648132,0.00023386278189718723,0.653014600276947,0.1311131715774536,0.0019820653833448887,0.00018966186325997114
small_1_3,G2,1100,0.5222941040992737,1.9146300554275513,0.4502251148223877,-11573.642578125,-11573.650390625,11518.59765625,11573.513671875,14.579164505004883,-47.437522888183594,11604.0,11604.0,99.86230636833047,0,0.0,0,0.0,0.9922768473625183,0.13170501589775085,0.9746955633163452,0.9183202981948853,0.001708984375,0.01223705429583788,0.0019676408264786005,3.496984936646186e-05,1.782102572178701e-06,0.0003102795744780451,0.00023076473735272884,0.6405689120292664,0.13524967432022095,0.0019476249581202865,0.00019498937763273716
small_1_3,G2,1150,0.4932810664176941,2.0272417068481445,0.425212562084198,-11570.98828125,-11570.994140625,11521.669921875,11576.515625,13.591643333435059,-42.61913299560547,11604.0,11604.0,99.86230636833047,0,0.0,0,0.0,0.9928253889083862,0.125287726521492,0.9765219688415527,0.9292675852775574,0.0017968749161809683,0.011498323641717434,0.00196050270460546,3.2998246751958504e-05,1.7523344695291598e-06,0.00020344252698123455,0.00022793258540332317,0.6310014724731445,0.1341901570558548,0.0019177071517333388,0.00019452630658634007
small_1_3,G2,1200,0.4642680883407593,2.15392804145813,0.4002000689506531,-11568.466796875,-11568.47265625,11524.560546875,11579.349609375,12.65548324584961,-38.036285400390625,11604.0,11604.0,99.86230636833047,0,0.0,0,0.0,0.9933454394340515,0.1188039556145668,0.9782730937004089,0.9371191263198853,0.0018554687267169356,0.010865138843655586,0.002333737211301923,3.123963324469514e-05,1.8132466266251868e-06,0.00041062867967411876,0.0006785311852581799,0.6257396936416626,0.2623150646686554,0.0018928764620795846,0.00020475246128626168
small_1_3,G2,1250,0.4352550506591797,2.2975034713745117,0.37518757581710815,-11566.087890625,-11566.0927734375,11527.287109375,11582.0146484375,11.754920959472656,-33.68911361694336,11604.0,11604.0,99.86230636833047,0,0.0,0,0.0,0.9938493371009827,0.11224089562892914,0.9799764752388,0.9417968392372131,0.0019140624208375812,0.01026349887251854,0.002147382590919733,2.9618902772199363e-05,1.8353532595938304e-06,0.00021705700783059,0.00021136272698640823,0.6249420642852783,0.14671270549297333,0.0018715581391006708,0.00020468661386985332
small_1_3,G2,1300,0.4062420725822449,2.4615864753723145,0.35017526149749756,-11563.84375,-11563.849609375,11529.83203125,11584.51953125,10.90934944152832,-29.584989547729492,11604.0,11604.0,99.86230636833047,0,0.0,0,0.0,0.9943172931671143,0.10560779273509979,0.9815937876701355,0.9449023008346558,0.002060546772554517,0.009717569686472416,0.0021480214782059193,2.8125359676778316e-05,1.8432150454827934e-06,0.00023420547950081527,0.00020735966973006725,0.6161670088768005,0.15135128796100616,0.0018486761255189776,0.00020872976165264845
small_1_3,G2,1350,0.3772290349006653,2.650909423828125,0.3251709043979645,-11561.74609375,-11561.751953125,11532.21484375,11586.8515625,10.10685920715332,-25.723373413085938,11604.0,11604.0,99.86230636833047,0,0.0,0,0.0,0.9947595000267029,0.09888405352830887,0.9831435084342957,0.9484179615974426,0.0021289063151925802,0.009303960017859936,0.0026006430853158236,2.6774569050758146e-05,1.8659391116671031e-06,0.0007075954927131534,0.0012670377036556602,0.6288302540779114,0.162969172000885,0.0018309189472347498,0.00021056292462162673
small_1_3,G2,1400,0.34821605682373047,2.8717801570892334,0.3003411889076233,-11559.802734375,-11559.806640625,11534.41015625,11589.0078125,9.348499298095703,-22.141525268554688,11604.0,11604.0,99.86230636833047,0,0.0,0,0.0,0.9951708912849426,0.09215155243873596,0.9845806956291199,0.9544531106948853,0.0021777343936264515,0.008811828680336475,0.0022197789512574673,2.5489220206509344e-05,1.8123306517736637e-06,0.0006523862248286605,0.0002468852326273918,0.6090812683105469,0.20193898677825928,0.0018091406673192978,0.00021148180530872196
small_1_3,G2,1450,0.3192030191421509,3.1328024864196777,0.277316153049469,-11558.123046875,-11558.126953125,11536.3203125,11590.89453125,8.633661270141602,-19.050710678100586,11604.0,11604.0,99.86230636833047,0,0.0,0,0.0,0.9955553412437439,0.0858708918094635,0.9858484268188477,0.9662206768989563,0.0023242186289280653,0.008343654684722424,0.0022153258323669434,2.430801214359235e-05,1.6874173525138758e-06,0.000126048136735335,0.00024159648455679417,0.6025629043579102,0.14976181089878082,0.001791253685951233,0.00019064079970121384
small_1_3,G2,1500,0.29019004106521606,3.4460177421569824,0.2625235319137573,-11557.103515625,-11557.107421875,11537.6044921875,11592.1640625,7.930392742156982,-17.202404022216797,11604.0,11604.0,99.86230636833047,0,0.0,0,0.0,0.9959526062011719,0.08190887421369553,0.9867385625839233,0.9717089533805847,0.0023730467073619366,0.00810530036687851,0.002838451648131013,2.3329430405283347e-05,1.3741994280280778e-06,0.0008219187729991972,0.0010904710507020354,0.609149694442749,0.22827666997909546,0.0017871102318167686,0.00012926138879265636
small_1_3,G2,1550,0.26117706298828125,3.82882022857666,0.26034680008888245,-11556.9501953125,-11556.955078125,11538.08203125,11592.6416015625,7.165827751159668,-17.00191307067871,11604.0,11604.0,99.86230636833047,0,0.0,0,0.0,0.996444046497345,0.08163108676671982,0.9871057868003845,0.9732323884963989,0.0023828125558793545,0.007662634830921888,0.003963495139032602,2.2405101844924502e-05,1.3983473081680131e-06,0.00032899182406254113,0.0022456475999206305,0.6139530539512634,0.29450634121894836,0.0017912029288709164,0.00010259399277856573
small_1_3,G2,1600,0.23216402530670166,4.307299613952637,0.25009971857070923,-11556.294921875,-11556.298828125,11539.01953125,11593.56640625,6.3965959548950195,-15.794208526611328,11604.0,11604.0,99.86230636833047,0,0.0,0,0.0,0.9969552159309387,0.07893955707550049,0.9877794981002808,0.9741894602775574,0.002402343787252903,0.007301720324903727,0.002438689349219203,2.1369565729401074e-05,2.035245188380941e-06,0.00014606802142225206,0.00029431877192109823,0.6087058782577515,0.16110114753246307,0.0017706620274111629,0.00022126171097625047
small_1_3,G2,1650,0.20315104722976685,4.922445774078369,0.2105179876089096,-11553.97265625,-11553.9755859375,11541.4052734375,11595.9326171875,5.812913417816162,-11.389507293701172,11604.0,11604.0,99.86230636833047,0,0.0,0,0.0,0.9972774982452393,0.06762786954641342,0.989375114440918,0.9745312333106995,0.002558593638241291,0.006934748962521553,0.0024583551567047834,2.0283161575207487e-05,2.4925127490860177e-06,9.990422404371202e-05,0.0002464420394971967,0.5889604091644287,0.1930772066116333,0.0017213561804965138,0.0003574064758140594
small_1_3,G2,1700,0.17413800954818726,5.742571830749512,0.16261200606822968,-11551.646484375,-11551.6494140625,11543.72265625,11598.2431640625,5.474143028259277,-6.972291946411133,11604.0,11604.0,99.86230636833047,0,0.0,0,0.0,0.9973552227020264,0.053596075624227524,0.9909217357635498,0.9752832055091858,0.002890625037252903,0.006631089840084314,0.0025035450235009193,1.94346321222838e-05,2.2408105451177107e-06,8.563730807509273e-05,0.00025848427321761847,0.584086537361145,0.1878213882446289,0.0017078941455110908,0.00032463352545164526
small_1_3,G2,1750,0.14512503147125244,6.890610218048096,0.12727773189544678,-11550.279296875,-11550.283203125,11545.14453125,11599.6640625,5.241278648376465,-4.3793230056762695,11604.0,11604.0,99.86230636833047,0,0.0,0,0.0,0.9973284602165222,0.04300951212644577,0.991858959197998,0.9893164038658142,0.0032226562034338713,0.006342421285808086,0.0024975298438221216,1.85796307050623e-05,1.9350384263816522e-06,6.839165871497244e-05,0.00028782099252566695,0.5771104693412781,0.1770598292350769,0.0016841725446283817,0.0002565327158663422
small_1_3,G2,1800,0.11611199378967285,8.612374305725098,0.10024542361497879,-11549.439453125,-11549.4423828125,11546.0703125,11600.5986328125,4.9938859939575195,-2.7914535999298096,11604.0,11604.0,99.86230636833047,0,0.0,0,0.0,0.9973414540290833,0.03480774164199829,0.992462158203125,0.9933202862739563,0.003525390522554517,0.00607024971395731,0.0025119297206401825,1.775488635757938e-05,1.8474515854904894e-06,6.96008573868312e-05,0.00024018087424337864,0.5692541003227234,0.17498251795768738,0.001655658590607345,0.00023450498702004552
small_1_3,G2,1850,0.08709895610809326,11.481193542480469,0.07504609227180481,-11548.814453125,-11548.8173828125,11546.775390625,11601.310546875,4.73262882232666,-1.6292269229888916,11604.0,11604.0,99.86230636833047,0,0.0,0,0.0,0.9974031448364258,0.02713710255920887,0.9929251074790955,0.9937499761581421,0.003769531147554517,0.005812963005155325,0.0026401567738503218,1.698339474387467e-05,1.8400896806269884e-06,7.269278285093606e-05,0.00026582973077893257,0.5619006752967834,0.18230828642845154,0.0016293867956846952,0.00023414104362018406
small_1_3,G2,1900,0.05808603763580322,17.21584129333496,0.050025176256895065,-11548.3466796875,-11548.349609375,11547.3095703125,11601.8544921875,4.484806060791016,-0.7801215648651123,11604.0,11604.0,99.86230636833047,0,0.0,0,0.0,0.9974790811538696,0.0194932222366333,0.9932938814163208,0.993896484375,0.0036914062220603228,0.0055666835978627205,0.0026428208220750093,1.6256073649856262e-05,1.777710849637515e-06,7.279072451638058e-05,0.00027154944837093353,0.5535674691200256,0.1813344806432724,0.0016046171076595783,0.00023070779570844024
small_1_3,G2,1950,0.029072999954223633,34.396175384521484,0.02501249499619007,-11548.0322265625,-11548.03515625,11547.6748046875,11602.2275390625,4.260280132293701,-0.23638805747032166,11604.0,11604.0,99.86230636833047,0,0.0,0,0.0,0.997553825378418,0.011813594959676266,0.9936208724975586,0.9939159750938416,0.003251953050494194,0.005330606363713741,0.0027841483242809772,1.5564446584903635e-05,1.8098216969519854e-06,6.970256799831986e-05,0.00031591032166033983,0.5443940162658691,0.19175158441066742,0.001580017269589007,0.00023708950902801007
small_1_3,G2,2000,5.999999848427251e-05,16666.66796875,0.0,-11547.87109375,-11547.873046875,11547.873046875,11602.435546875,4.057644367218018,0.0,11604.0,11604.0,99.86230636833047,0,0.0,0,0.0,0.9976264238357544,0.0041855196468532085,0.9943866729736328,0.9939159750938416,0.0013769530924037099,0.005101449321955442,0.002924119820818305,1.4904315321473405e-05,1.8817866020981455e-06,6.183869118103758e-05,0.0003148896212223917,0.5340307354927063,0.42690032720565796,0.0015554713318124413,0.0002976162068080157
small_1_3,G3,1,1.159999966621399,0.8620690107345581,1.0,-10239.193359375,-10239.431640625,9588.0,9588.0,554.4752197265625,-8.239273071289062,9689.0,9689.0,83.36775081741524,0,0.0,0,0.0,0.010301442816853523,0.01029909122735262,0.00021306629059836268,0.0,1.0,0.024461843073368073,0.000250310666160658,7.644321885891259e-05,6.241841106202628e-07,7.675714005017653e-05,3.528498609739472e-06,9.59869384765625,9.207195281982422,0.02999591827392578,0.028647245839238167
small_1_3,G3,50,1.1315672397613525,0.8837300539016724,0.9754877686500549,-10254.61328125,-10256.15234375,9588.0,9588.0,553.359130859375,-41.98905563354492,10025.0,10085.0,86.7750817415247,0,0.0,0,0.0,0.05380522087216377,0.05380520597100258,3.494019983918406e-05,0.0,1.0,0.1123972088098526,0.00010229764302494004,0.00035124114947393537,2.539639467613597e-07,0.000352456554537639,1.466948901907017e-06,13.446795463562012,0.35940781235694885,0.042021237313747406,0.0009002148872241378
small_1_3,G3,100,1.102554202079773,0.9069848656654358,0.9504752159118652,-10436.5986328125,-10447.240234375,9619.2841796875,9634.1416015625,490.16473388671875,-287.5215759277344,11463.0,11463.0,98.63190500774394,0,0.0,0,0.0,0.3956249952316284,0.3781287372112274,0.1070452407002449,0.0,0.14463867247104645,0.3684295117855072,0.3280555307865143,0.001132547971792519,0.0007373554981313646,0.0026703495532274246,0.00517542427405715,16.099369049072266,15.81939697265625,0.05028985068202019,0.047378167510032654
small_1_3,G3,150,1.0735411643981934,0.9314966797828674,0.9254627227783203,-11473.53515625,-11480.5234375,11125.900390625,11183.400390625,159.8450927734375,-183.023193359375,11589.0,11589.0,99.71605575632421,0,0.0,0,0.0,0.8960299491882324,0.2472049593925476,0.8375787734985352,0.0,0.003115234198048711,0.6439806222915649,0.2592737674713135,0.0017302633496001363,0.000536557228770107,0.007463006302714348,0.01108369417488575,11.713004112243652,3.7425601482391357,0.03534269332885742,0.007427459117025137
small_1_3,G3,200,1.0445282459259033,0.9573699831962585,0.9004502296447754,-11596.38671875,-11597.2744140625,11336.3525390625,11405.634765625,83.32815551757812,-173.88421630859375,11612.0,11612.0,99.91395628979521,0,0.0,0,0.0,0.95350581407547,0.2413850873708725,0.901871919631958,0.4858984351158142,0.0020800780039280653,0.22727862000465393,0.05822046101093292,0.0006100556929595768,6.88734944560565e-05,0.0026420014910399914,0.006830291822552681,4.256648063659668,1.9295581579208374,0.012439966201782227,0.0018439390696585178
small_1_3,G3,250,1.0155152082443237,0.984721839427948,0.8754377365112305,-11616.93359375,-11617.265625,11389.453125,11461.546875,62.29887390136719,-164.54635620117188,11616.0,11617.0,99.9569781448976,0,0.0,0,0.0,0.966499388217926,0.23494867980480194,0.9184824824333191,0.6270605325698853,0.0019726562313735485,0.1356358826160431,0.03097015619277954,0.00036279912455938756,1.9383944163564593e-05,0.0016565348487347364,0.006082957144826651,2.6892411708831787,1.2652453184127808,0.007755116559565067,0.0009178580367006361
small_1_3,G3,300,0.9865021705627441,1.01368248462677,0.8504252433776855,-11622.798828125,-11622.974609375,11416.3115234375,11487.1181640625,51.74794006347656,-155.61395263671875,11619.0,11619.0,99.97418688693857,0,0.0,0,0.0,0.9724355936050415,0.22872959077358246,0.9271287322044373,0.6863573789596558,0.0018066405318677425,0.09481770545244217,0.0206439346075058,0.0002529782650526613,1.112226254917914e-05,0.0013478149194270372,0.0038974101189523935,2.0300121307373047,1.015365481376648,0.005811634007841349,0.0006272806786000729
small_1_3,G3,350,0.9574891924858093,1.0443981885910034,0.8254126906394958,-11624.013671875,-11624.130859375,11434.025390625,11503.3408203125,45.081382751464844,-146.941162109375,11619.0,11619.0,99.97418688693857,0,0.0,0,0.0,0.9760035276412964,0.22252678871154785,0.9331895112991333,0.7221777439117432,0.0017578124534338713,0.07206745445728302,0.025329798460006714,0.00019197387155145407,8.689939022588078e-06,0.001653005019761622,0.01124819740653038,1.6815855503082275,0.9713115096092224,0.004751835949718952,0.0005243925843387842
small_1_3,G3,400,0.9284762144088745,1.077033519744873,0.8004001975059509,-11623.13671875,-11623.2138671875,11447.1953125,11515.27734375,40.28466033935547,-138.61505126953125,11619.0,11619.0,99.97418688693857,0,0.0,0,0.0,0.9785077571868896,0.21647773683071136,0.9378899931907654,0.7493847608566284,0.0015722656389698386,0.057430390268564224,0.015420298092067242,0.00015306186105590314,6.225515335245291e-06,0.0015492687234655023,0.003448398318141699,1.4437414407730103,0.735149621963501,0.004068287555128336,0.0004026796668767929
small_1_3,G3,450,0.8994631767272949,1.111774206161499,0.775387704372406,-11620.9833984375,-11621.037109375,11457.53515625,11524.8671875,36.59586715698242,-130.58560180664062,11619.0,11619.0,99.97418688693857,0,0.0,0,0.0,0.9804096817970276,0.21051658689975739,0.9418883919715881,0.7699218392372131,0.0016503905644640326,0.047091711312532425,0.01111531164497137,0.00012584548676386476,4.454635927686468e-06,0.0012078555300831795,0.0029890425503253937,1.255629539489746,0.5703437924385071,0.0035666716285049915,0.000307590002194047
small_1_3,G3,500,0.8704501390457153,1.1488308906555176,0.7503751516342163,-11618.1357421875,-11618.17578125,11466.111328125,11532.990234375,33.60279083251953,-122.81536865234375,11619.0,11619.0,99.97418688693857,0,0.0,0,0.0,0.9819636344909668,0.20458993315696716,0.9453742504119873,0.78797847032547,0.0016113281017169356,0.03975788131356239,0.00770687498152256,0.00010650120384525508,3.4192287330370164e-06,0.0017993469955399632,0.0023021239321678877,1.1201938390731812,0.440037339925766,0.0032088235020637512,0.00025810932856984437
small_1_3,G3,550,0.8414371609687805,1.1884428262710571,0.7253626585006714,-11614.990234375,-11615.0234375,11473.6396484375,11540.1025390625,31.042360305786133,-115.2628402709961,11619.0,11619.0,99.97418688693857,0,0.0,0,0.0,0.9833133220672607,0.19862967729568481,0.9486520290374756,0.8035839796066284,0.0014746093656867743,0.034303054213523865,0.007055993657559156,9.225225221598521e-05,3.2221671517618233e-06,0.0007820337195880711,0.0036356854252517223,1.0380756855010986,0.49885299801826477,0.0029592954088002443,0.00025919266045093536
small_1_3,G3,600,0.8124241828918457,1.230884075164795,0.7003501653671265,-11611.68359375,-11611.708984375,11480.396484375,11546.4912109375,28.783668518066406,-107.92816925048828,11619.0,11619.0,99.97418688693857,0,0.0,0,0.0,0.9845248460769653,0.1926325112581253,0.951752781867981,0.8187011480331421,0.0014550781343132257,0.030107425525784492,0.0054178680293262005,8.111760689644143e-05,2.5847975848591886e-06,0.0009334259666502476,0.0023953893687576056,0.9783769249916077,0.3951954245567322,0.0027624426875263453,0.00022689129400532693
small_1_3,G3,650,0.7834111452102661,1.2764689922332764,0.6753376722335815,-11608.228515625,-11608.248046875,11486.392578125,11552.3046875,26.802824020385742,-100.85808563232422,11619.0,11619.0,99.97418688693857,0,0.0,0,0.0,0.9855782985687256,0.1866808533668518,0.9545849561691284,0.8324413895606995,0.0013964843237772584,0.026446077972650528,0.003357333829626441,7.185949652921408e-05,2.0924501313857036e-06,0.0008329024421982467,0.0011922563426196575,0.8818690180778503,0.2253231555223465,0.002576336730271578,0.00019539010827429593
small_1_3,G3,700,0.7543981075286865,1.3255600929260254,0.6503251791000366,-11604.78125,-11604.80078125,11491.9228515625,11557.650390625,25.009868621826172,-94.0101318359375,11619.0,11619.0,99.97418688693857,0,0.0,0,0.0,0.9865426421165466,0.18069832026958466,0.9572162628173828,0.8441210985183716,0.0014843749813735485,0.0238995049148798,0.007451881654560566,6.485237099695951e-05,2.4810360628180206e-06,0.001031483174301684,0.0031700367107987404,0.8603258728981018,0.46682819724082947,0.002457176335155964,0.00022951116261538118
small_1_3,G3,750,0.7253851294517517,1.3785780668258667,0.6253126859664917,-11601.380859375,-11601.396484375,11497.07421875,11562.6171875,23.32609748840332,-87.40216064453125,11619.0,11619.0,99.97418688693857,0,0.0,0,0.0,0.9874671697616577,0.17471690475940704,0.9597522020339966,0.8546874523162842,0.001416015555150807,0.021385030820965767,0.003072092542424798,5.873580448678695e-05,1.9472779513307614e-06,0.0005679638707078993,0.00155984319280833,0.7960650324821472,0.19759191572666168,0.002343884902074933,0.00019034989236388355
small_1_3,G3,800,0.6963721513748169,1.4360138177871704,0.600300133228302,-11597.986328125,-11598.0,11501.80859375,11567.2314453125,21.812257766723633,-81.00241088867188,11619.0,11619.0,99.97418688693857,0,0.0,0,0.0,0.9882889986038208,0.168670654296875,0.9621655344963074,0.8654199242591858,0.0013964843237772584,0.019450170919299126,0.002872936427593231,5.3740597650175914e-05,1.8657510736375116e-06,0.0005505859153345227,0.0016270847991108894,0.7598264813423157,0.2549216151237488,0.0022544178646057844,0.00019593532488215715
small_1_3,G3,850,0.6673591136932373,1.498443603515625,0.5752876400947571,-11594.681640625,-11594.6962890625,11506.259765625,11571.5546875,20.391956329345703,-74.82742309570312,11619.0,11619.0,99.97418688693857,0,0.0,0,0.0,0.9890722632408142,0.1625869870185852,0.9644787311553955,0.876708984375,0.0014453125186264515,0.017874883487820625,0.008481713011860847,4.953339521307498e-05,2.1420289613161003e-06,0.0007950554718263447,0.0059875063598155975,0.7408104538917542,0.39827537536621094,0.0021850629709661007,0.00020935259817633778
small_1_3,G3,900,0.6383461356163025,1.566548228263855,0.5502750873565674,-11591.5029296875,-11591.5126953125,11510.501953125,11575.603515625,19.043670654296875,-68.85456848144531,11619.0,11619.0,99.97418688693857,0,0.0,0,0.0,0.9898218512535095,0.15640942752361298,0.9667646288871765,0.8867089748382568,0.00146484375,0.01642512157559395,0.0025044206995517015,4.5874257921241224e-05,1.9026172140002018e-06,0.0006007783813402057,0.0008162043523043394,0.7182657718658447,0.17154578864574432,0.002126007340848446,0.00019421587057877332
small_1_3,G3,950,0.6093330979347229,1.6411384344100952,0.5252625942230225,-11588.388671875,-11588.3984375,11514.4345703125,11579.4052734375,17.789804458618164,-63.12378692626953,11619.0,11619.0,99.97418688693857,0,0.0,0,0.0,0.9905185699462891,0.15021958947181702,0.9689367413520813,0.8951073884963989,0.0014941405970603228,0.015265915542840958,0.006028327625244856,4.269866258255206e-05,1.9272779354650993e-06,0.0010374399134889245,0.004312950186431408,0.6955141425132751,0.31713107228279114,0.0020721382461488247,0.0002010830503422767
small_1_3,G3,1000,0.5803201198577881,1.7231868505477905,0.5002501010894775,-11585.392578125,-11585.400390625,11518.14453125,11582.9794921875,16.61349868774414,-57.61634063720703,11619.0,11619.0,99.97418688693857,0,0.0,0,0.0,0.9911717772483826,0.1439688354730606,0.9710087180137634,0.9022753834724426,0.0014746093656867743,0.014188946224749088,0.003327364334836602,3.9936443499755114e-05,1.9899198377970606e-06,0.0006316122016869485,0.0018031771760433912,0.6823021173477173,0.3201795220375061,0.0020297616720199585,0.00020853882597293705
small_1_3,G3,1050,0.5513070821762085,1.813871145248413,0.4752376079559326,-11582.51171875,-11582.51953125,11521.638671875,11586.3447265625,15.492356300354004,-52.33884811401367,11619.0,11619.0,99.97418688693857,0,0.0,0,0.0,0.991798996925354,0.13766492903232574,0.9730159044265747,0.9094628691673279,0.0015234374441206455,0.013171063736081123,0.002039785496890545,3.741843829629943e-05,1.824524019866658e-06,0.0002571555378381163,0.0002625687047839165,0.6635128855705261,0.13972046971321106,0.0019903266802430153,0.00019417314615566283
small_1_3,G3,1100,0.5222941040992737,1.9146300554275513,0.4502251148223877,-11579.744140625,-11579.75,11524.908203125,11589.5078125,14.450428009033203,-47.29558563232422,11619.0,11619.0,99.97418688693857,0,0.0,0,0.0,0.9923749566078186,0.13131093978881836,0.9749100804328918,0.9182226061820984,0.0015624999068677425,0.012317381799221039,0.0020211380906403065,3.517535515129566e-05,1.8264150867253193e-06,0.00015790881298016757,0.00025858404114842415,0.6452196836471558,0.14000406861305237,0.0019517656182870269,0.00019787560449913144
small_1_3,G3,1150,0.4932810664176941,2.0272417068481445,0.425212562084198,-11577.125,-11577.1328125,11528.0068359375,11592.466796875,13.460384368896484,-42.48541259765625,11619.0,11619.0,99.97418688693857,0,0.0,0,0.0,0.9929237961769104,0.1248946264386177,0.976731538772583,0.9293261766433716,0.0016015624860301614,0.011611014604568481,0.0034386611077934504,3.321171971037984e-05,1.9077608612860786e-06,0.0004328247450757772,0.0018541787285357714,0.6501197218894958,0.17388391494750977,0.0019249934703111649,0.0002023969718720764
small_1_3,G3,1200,0.4642680883407593,2.15392804145813,0.4002000689506531,-11574.6201171875,-11574.6259765625,11530.896484375,11595.2470703125,12.528280258178711,-37.912879943847656,11619.0,11619.0,99.97418688693857,0,0.0,0,0.0,0.9934369921684265,0.11841852217912674,0.9784649610519409,0.9373242259025574,0.0016894531436264515,0.010909735225141048,0.002154058078303933,3.138467582175508e-05,1.8770812175716856e-06,0.0002350162685615942,0.00023927167057991028,0.6272087693214417,0.14774520695209503,0.0018940054578706622,0.0002055755176115781
small_1_3,G3,1250,0.4352550506591797,2.2975034713745117,0.37518757581710815,-11572.248046875,-11572.25390625,11533.60546875,11597.853515625,11.648786544799805,-33.57762908935547,11619.0,11619.0,99.97418688693857,0,0.0,0,0.0,0.9939197301864624,0.11186946928501129,0.9801317453384399,0.9423046708106995,0.0017187499906867743,0.01030542328953743,0.0020854894537478685,2.9740314857917838e-05,1.8172954696638044e-06,0.00018528092186897993,0.00026914384216070175,0.6212853789329529,0.14432421326637268,0.001869166037067771,0.00020365483942441642
small_1_3,G3,1300,0.4062420725822449,2.4615864753723145,0.35017526149749756,-11570.013671875,-11570.0185546875,11536.138671875,11600.28125,10.817094802856445,-29.486083984375,11619.0,11619.0,99.97418688693857,0,0.0,0,0.0,0.9943745136260986,0.10525472462177277,0.9817227721214294,0.9452636241912842,0.0018261718796566129,0.00975370779633522,0.002147689461708069,2.8233456760062836e-05,1.8448872651788406e-06,0.00010699925041990355,0.00021708128042519093,0.6130614280700684,0.14621630311012268,0.001845758524723351,0.0002073302457574755
small_1_3,G3,1350,0.3772290349006653,2.650909423828125,0.3251709043979645,-11567.9189453125,-11567.9248046875,11538.5,11602.5400390625,10.030925750732422,-25.640722274780273,11619.0,11619.0,99.97418688693857,0,0.0,0,0.0,0.994801938533783,0.09856632351875305,0.9832304120063782,0.9487499594688416,0.0019140624208375812,0.009253493510186672,0.002300302730873227,2.6848285415326245e-05,1.930205371536431e-06,9.35593998292461e-05,0.0002388819120824337,0.6077708601951599,0.1549547016620636,0.0018244775710627437,0.00021492487576324493
small_1_3,G3,1400,0.34821605682373047,2.8717801570892334,0.3003411889076233,-11565.98046875,-11565.984375,11540.6796875,11604.6259765625,9.289409637451172,-22.069732666015625,11619.0,11619.0,99.97418688693857,0,0.0,0,0.0,0.9952006340026855,0.09185276180505753,0.9846422076225281,0.954833984375,0.0020214843098074198,0.008794761262834072,0.002292096382007003,2.5567434931872413e-05,1.8553905647422653e-06,9.47328662732616e-05,0.0003085462376475334,0.6033186912536621,0.15117503702640533,0.0018045025644823909,0.00021056487457826734
small_1_3,G3,1450,0.3192030191421509,3.1328024864196777,0.277316153049469,-11564.3046875,-11564.310546875,11542.580078125,11606.443359375,8.5877685546875,-18.988086700439453,11619.0,11619.0,99.97418688693857,0,0.0,0,0.0,0.9955755472183228,0.08558862656354904,0.9858941435813904,0.9665820002555847,0.0022558593191206455,0.008374531753361225,0.002338248072192073,2.4396345907007344e-05,1.7205990161528462e-06,9.212284930981696e-05,0.00031882477924227715,0.5999773144721985,0.14970259368419647,0.0017875470221042633,0.00019055108714383096
small_1_3,G3,1500,0.29019004106521606,3.4460177421569824,0.2625235319137573,-11563.2861328125,-11563.2900390625,11543.849609375,11607.650390625,7.894598960876465,-17.14995574951172,11619.0,11619.0,99.97418688693857,0,0.0,0,0.0,0.9959651231765747,0.08165914565324783,0.9867588877677917,0.9721386432647705,0.0024121094029396772,0.008000836707651615,0.0023216945119202137,2.338278318347875e-05,1.3853704103894415e-06,9.045436308952048e-05,0.00019926880486309528,0.600761353969574,0.14949931204319,0.0017817085608839989,0.00012834026711061597
small_1_3,G3,1550,0.26117706298828125,3.82882022857666,0.26034680008888245,-11563.1279296875,-11563.1328125,11544.3193359375,11608.099609375,7.147573947906494,-16.94622802734375,11619.0,11619.0,99.97418688693857,0,0.0,0,0.0,0.996442973613739,0.0813637226819992,0.9871271848678589,0.9737304449081421,0.0023925781715661287,0.007680281065404415,0.002368075540289283,2.2483360226033255e-05,1.351695914308948e-06,9.327631414635107e-05,0.0002716612070798874,0.6099533438682556,0.15248647332191467,0.0017864054534584284,9.732953913044184e-05
small_1_3,G3,1600,0.23216402530670166,4.307299613952637,0.25009971857070923,-11562.4697265625,-11562.4736328125,11545.24609375,11608.9853515625,6.388379096984863,-15.743680953979492,11619.0,11619.0,99.97418688693857,0,0.0,0,0.0,0.9969481229782104,0.07868701964616776,0.9877889752388,0.9746777415275574,0.0023730467073619366,0.007327941711992025,0.002379641169682145,2.1451012798934244e-05,2.086046606564196e-06,9.258654608856887e-05,0.000237721367739141,0.606187641620636,0.16297689080238342,0.0017668033251538873,0.00022544394596479833
small_1_3,G3,1650,0.20315104722976685,4.922445774078369,0.2105179876089096,-11560.154296875,-11560.1572265625,11547.625,11611.255859375,5.807886123657227,-11.353391647338867,11619.0,11619.0,99.97418688693857,0,0.0,0,0.0,0.9972707033157349,0.06741342693567276,0.9893688559532166,0.9750195145606995,0.0026367187965661287,0.00696012657135725,0.002571936696767807,2.0354375010356307e-05,2.5676440600364003e-06,8.845250704325736e-05,0.0003085245843976736,0.5871384143829346,0.1964629590511322,0.0017179145943373442,0.00036085449391976
small_1_3,G3,1700,0.17413800954818726,5.742571830749512,0.16261200606822968,-11557.8349609375,-11557.837890625,11549.93359375,11613.4609375,5.467785835266113,-6.951871395111084,11619.0,11619.0,99.97418688693857,0,0.0,0,0.0,0.997352659702301,0.053439099341630936,0.9908996224403381,0.9757031202316284,0.0029980468098074198,0.006657294929027557,0.002584060188382864,1.9508113837218843e-05,2.3137067728384864e-06,8.514335786458105e-05,0.00023625523317605257,0.5820532441139221,0.19359052181243896,0.0017040129750967026,0.0003287983709014952
small_1_3,G3,1750,0.14512503147125244,6.890610218048096,0.12727773189544678,-11556.4736328125,-11556.4765625,11551.349609375,11614.8125,5.234407901763916,-4.367528915405273,11619.0,11619.0,99.97418688693857,0,0.0,0,0.0,0.99732905626297,0.04289368540048599,0.9918292760848999,0.9893847703933716,0.0034374999813735485,0.006367981433868408,0.0025196794886142015,1.8650885976967402e-05,1.9800750123977195e-06,8.332194556714967e-05,0.0003493154072202742,0.5750890970230103,0.1767609417438507,0.0016804764745756984,0.0002583544992376119
small_1_3,G3,1800,0.11611199378967285,8.612374305725098,0.10024542361497879,-11555.6337890625,-11555.63671875,11552.2734375,11615.69921875,4.989484786987305,-2.7847917079925537,11619.0,11619.0,99.97418688693857,0,0.0,0,0.0,0.9973418116569519,0.03472467511892319,0.9924313426017761,0.993212878704071,0.0037499999161809683,0.006093535106629133,0.0026100240647792816,1.782186700438615e-05,1.9118401723972056e-06,8.151402289513499e-05,0.0002604215987958014,0.5670634508132935,0.1811312437057495,0.0016521598445251584,0.00023838972265366465
small_1_3,G3,1850,0.08709895610809326,11.481193542480469,0.07504609227180481,-11555.01171875,-11555.013671875,11552.9765625,11616.373046875,4.731195449829102,-1.6259018182754517,11619.0,11619.0,99.97418688693857,0,0.0,0,0.0,0.9974021911621094,0.027081722393631935,0.9928944110870361,0.9937304258346558,0.0039257812313735485,0.005835364107042551,0.0026407118421047926,1.7047443179762922e-05,1.8743098735285457e-06,7.915977766970173e-05,0.00026903662364929914,0.559924304485321,0.18282705545425415,0.001626182347536087,0.0002352011506445706
small_1_3,G3,1900,0.05808603763580322,17.21584129333496,0.050025176256895065,-11554.544921875,-11554.546875,11553.5078125,11616.8828125,4.4855732917785645,-0.7791160345077515,11619.0,11619.0,99.97418688693857,0,0.0,0,0.0,0.9974771738052368,0.019468098878860474,0.9932613968849182,0.9938476085662842,0.0038769531529396772,0.005588963627815247,0.0027452155482023954,1.6318092093570158e-05,1.8609620155984885e-06,7.632178312633187e-05,0.00025238681701011956,0.5520045161247253,0.18450620770454407,0.0016017401358112693,0.00023367679386865348
small_1_3,G3,1950,0.029072999954223633,34.396175384521484,0.02501249499619007,-11554.23046875,-11554.232421875,11553.873046875,11617.234375,4.262673854827881,-0.23640874028205872,11619.0,11619.0,99.97418688693857,0,0.0,0,0.0,0.9975511431694031,0.011814632453024387,0.9935839772224426,0.9938476085662842,0.0034277343656867743,0.005352743435651064,0.0028032369446009398,1.5624462321284227e-05,1.8225782696390525e-06,7.314858521567658e-05,0.0002703762147575617,0.5431118011474609,0.19230858981609344,0.0015773733612149954,0.00023778055037837476
small_1_3,G3,2000,5.999999848427251e-05,16666.66796875,0.0,-11554.068359375,-11554.0703125,11554.0703125,11617.427734375,4.061471462249756,0.0,11619.0,11619.0,99.97418688693857,0,0.0,0,0.0,0.9976227879524231,0.004247146658599377,0.9943074584007263,0.9938769340515137,0.0014941405970603228,0.0051237475126981735,0.0030096021946519613,1.4963052308303304e-05,1.9038628806811175e-06,6.975092401262373e-05,0.00028433933039195836,0.5330055356025696,0.3975919783115387,0.0015530178789049387,0.0002918306563515216
small_1_3,G4,1,1.159999966621399,0.8620690107345581,1.0,-10239.193359375,-10239.4296875,9588.0,9588.0,554.4752197265625,-8.23920726776123,9714.0,9714.0,83.41061308603813,0,0.0,0,0.0,0.010301360860466957,0.010299009270966053,0.0002131177461706102,0.0,1.0,0.0244616512209177,0.0002500060654710978,7.644262950634584e-05,6.235635510165594e-07,7.675501547055319e-05,3.8112539186840877e-06,9.59869384765625,9.206169128417969,0.02999591827392578,0.028643235564231873
small_1_3,G4,50,1.1315672397613525,0.8837300539016724,0.9754877686500549,-10254.61328125,-10256.15234375,9588.0,9588.0,553.3591918945312,-41.988739013671875,10035.0,10070.0,86.4674566374721,0,0.0,0,0.0,0.05380481481552124,0.05380479618906975,3.485667548375204e-05,0.0,1.0,0.11239645630121231,0.0001028881742968224,0.00035123879206366837,2.5495779709672206e-07,0.00035245416802354157,1.4470003861788427e-06,13.446798324584961,0.3582445979118347,0.042021244764328,0.000897526741027832
small_1_3,G4,100,1.102554202079773,0.9069848656654358,0.9504752159118652,-10437.6669921875,-10448.6669921875,9621.5634765625,9648.0888671875,490.1367492675781,-286.7018127441406,11501.0,11501.0,98.75493731753392,0,0.0,0,0.0,0.395708292722702,0.37705060839653015,0.11070021986961365,0.0,0.1379687488079071,0.3745467960834503,0.3439517617225647,0.0011491709155961871,0.0007727406919002533,0.0031295972876250744,0.006337525323033333,16.140396118164062,15.965191841125488,0.05041516199707985,0.04785078018903732
small_1_3,G4,150,1.0735411643981934,0.9314966797828674,0.9254627227783203,-11487.189453125,-11494.2197265625,11140.5517578125,11193.08984375,159.52810668945312,-182.40847778320312,11602.0,11602.0,99.62218787566546,0,0.0,0,0.0,0.8962989449501038,0.24637478590011597,0.8384628295898438,0.0,0.0030566405039280653,0.651816189289093,0.2556489408016205,0.0017471350729465485,0.0005273905117064714,0.008493009954690933,0.009334886446595192,11.682501792907715,3.7604920864105225,0.03527342155575752,0.0074539789929986
small_1_3,G4,200,1.0445282459259033,0.9573699831962585,0.9004502296447754,-11611.107421875,-11612.001953125,11352.0966796875,11415.921875,83.14299774169922,-173.060302734375,11624.0,11624.0,99.81109393783274,0,0.0,0,0.0,0.9536609649658203,0.24024133384227753,0.9025599360466003,0.488525390625,0.0021777343936264515,0.23058466613292694,0.05599797144532204,0.0006166668026708066,6.853677041362971e-05,0.0030413635540753603,0.0061866482719779015,4.247387409210205,1.9141901731491089,0.012415523640811443,0.001804393483325839
small_1_3,G4,250,1.0155152082443237,0.984721839427948,0.8754377365112305,-11631.6875,-11632.01953125,11404.9306640625,11472.53125,62.226863861083984,-163.89761352539062,11628.0,11628.0,99.84544049459042,0,0.0,0,0.0,0.9665437936782837,0.2340223640203476,0.9187954664230347,0.6294823884963989,0.0021191404666751623,0.13756701350212097,0.03000696748495102,0.00036646047374233603,1.8384906070423312e-05,0.00204201671294868,0.005536643788218498,2.6626880168914795,1.247383952140808,0.007707266137003899,0.0008813499007374048
small_1_3,G4,300,0.9865021705627441,1.01368248462677,0.8504252433776855,-11637.7431640625,-11637.921875,11431.9677734375,11497.583984375,51.69788360595703,-154.95291137695312,11628.0,11628.0,99.84544049459042,0,0.0,0,0.0,0.9724666476249695,0.22775797545909882,0.9275112748146057,0.6873730421066284,0.0020507811568677425,0.09627529978752136,0.023258790373802185,0.00025581708177924156,1.0974574252031744e-05,0.0015126236248761415,0.004924901761114597,2.023777484893799,0.9275380373001099,0.005791494622826576,0.000580189807806164
small_1_3,G4,350,0.9574891924858093,1.0443981885910034,0.8254126906394958,-11639.0771484375,-11639.1953125,11449.79296875,11513.5546875,44.98136901855469,-146.33192443847656,11628.0,11628.0,99.84544049459042,0,0.0,0,0.0,0.9760786294937134,0.22160418331623077,0.9335770010948181,0.7220898270606995,0.0022167968563735485,0.07327388972043991,0.020681029185652733,0.00019451219122856855,8.885652277967893e-06,0.0017355119343847036,0.006498770788311958,1.690741777420044,0.9664108157157898,0.0047542015090584755,0.0005288291140459478
small_1_3,G4,400,0.9284762144088745,1.077033519744873,0.8004001975059509,-11638.2421875,-11638.3212890625,11463.0693359375,11527.556640625,40.10044479370117,-138.02011108398438,11631.0,11632.0,99.8797870513481,0,0.0,0,0.0,0.9786717295646667,0.2155485898256302,0.9384074807167053,0.7492284774780273,0.0019335936522111297,0.05832662060856819,0.01950279250741005,0.00015484727919101715,6.6118172981077805e-06,0.0013983865501359105,0.008321668021380901,1.4468995332717896,0.8232101798057556,0.004060558974742889,0.0004104602849110961
small_1_3,G4,450,0.8994631767272949,1.111774206161499,0.775387704372406,-11636.138671875,-11636.19140625,11473.4599609375,11541.33984375,36.38591003417969,-130.00360107421875,11635.0,11635.0,99.90554696891637,0,0.0,0,0.0,0.9806028604507446,0.20957839488983154,0.9424806237220764,0.7704980373382568,0.0016894531436264515,0.047788117080926895,0.00875788927078247,0.00012710160808637738,3.7777231227664743e-06,0.0014885456766933203,0.002699316944926977,1.2519875764846802,0.43901288509368896,0.0035504470579326153,0.0002594524121377617
small_1_3,G4,500,0.8704501390457153,1.1488308906555176,0.7503751516342163,-11633.296875,-11633.3359375,11481.9365234375,11550.9873046875,33.439517974853516,-122.29338073730469,11634.0,11635.0,99.90554696891637,0,0.0,0,0.0,0.9821056723594666,0.20372039079666138,0.9458624720573425,0.7878710627555847,0.001748046837747097,0.040152400732040405,0.008829588070511818,0.00010714889504015446,2.9944601465103915e-06,0.0011962995631620288,0.0041642021387815475,1.1022604703903198,0.4609535336494446,0.0031707212328910828,0.00022891032858751714
small_1_3,G4,550,0.8414371609687805,1.1884428262710571,0.7253626585006714,-11630.1083984375,-11630.138671875,11489.263671875,11558.076171875,30.963985443115234,-114.82077026367188,11634.0,11635.0,99.90554696891637,0,0.0,0,0.0,0.9833720326423645,0.19786788523197174,0.9489357471466064,0.8042675852775574,0.0016503905644640326,0.03447694703936577,0.0071538398042321205,9.245694673154503e-05,2.616573965497082e-06,0.0010332560632377863,0.0035042695235460997,0.9944792985916138,0.40123453736305237,0.0028960995841771364,0.0002181871241191402
small_1_3,G4,600,0.8124241828918457,1.230884075164795,0.7003501653671265,-11626.7099609375,-11626.734375,11495.76953125,11564.2119140625,28.78936767578125,-107.57604217529297,11634.0,11635.0,99.90554696891637,0,0.0,0,0.0,0.9845059514045715,0.1920040249824524,0.9518214464187622,0.8189746141433716,0.0018261718796566129,0.030105629935860634,0.0036569240037351847,8.120631537167355e-05,2.1836021915078163e-06,0.0008641061140224338,0.0012904738541692495,0.9153684377670288,0.2895299792289734,0.002697607269510627,0.000201035916688852
small_1_3,G4,650,0.7834111452102661,1.2764689922332764,0.6753376722335815,-11623.33984375,-11623.36328125,11501.82421875,11569.7705078125,26.80553436279297,-100.53866577148438,11635.0,11635.0,99.90554696891637,0,0.0,0,0.0,0.9855719804763794,0.1860896199941635,0.9546070694923401,0.8319140672683716,0.0016308593330904841,0.026950376108288765,0.006775305140763521,7.26455109543167e-05,2.631239340189495e-06,0.0010098558850586414,0.00250238343141973,0.904367208480835,0.367917537689209,0.0025657047517597675,0.0002194205007981509
small_1_3,G4,700,0.7543981075286865,1.3255600929260254,0.6503251791000366,-11619.9228515625,-11619.9404296875,11507.3720703125,11574.9150390625,24.976701736450195,-93.7264404296875,11635.0,11635.0,99.90554696891637,0,0.0,0,0.0,0.9865691065788269,0.1801529973745346,0.9572827219963074,0.8430468440055847,0.00146484375,0.023973671719431877,0.0029898197390139103,6.535288412123919e-05,2.041426341747865e-06,0.000604333181399852,0.0009693218162283301,0.83802330493927,0.2191522717475891,0.0024422595743089914,0.00019223928393330425
small_1_3,G4,750,0.7253851294517517,1.3785780668258667,0.6253126859664917,-11616.4775390625,-11616.4921875,11512.4267578125,11579.7255859375,23.34033966064453,-87.13458251953125,11635.0,11635.0,99.90554696891637,0,0.0,0,0.0,0.9874507188796997,0.1741820126771927,0.959783136844635,0.8539941310882568,0.0014746093656867743,0.021605856716632843,0.0025286152958869934,5.9304842579877004e-05,1.8899557971963077e-06,0.0005446582799777389,0.001326568890362978,0.782192587852478,0.2395154982805252,0.0023309015668928623,0.00019432838598731905
small_1_3,G4,800,0.6963721513748169,1.4360138177871704,0.600300133228302,-11613.1015625,-11613.1142578125,11517.1669921875,11584.232421875,21.819185256958008,-80.75308227539062,11636.0,11636.0,99.91413360810579,0,0.0,0,0.0,0.9882809519767761,0.16815148293972015,0.9621946215629578,0.8651562333106995,0.0015820312546566129,0.01971566677093506,0.003579050302505493,5.433882324723527e-05,1.930567123054061e-06,0.0008129905327223241,0.0019076457247138023,0.7626904249191284,0.1991708129644394,0.002252331469208002,0.0001933016610564664
small_1_3,G4,850,0.6673591136932373,1.498443603515625,0.5752876400947571,-11609.814453125,-11609.826171875,11521.6171875,11588.4814453125,20.389162063598633,-74.60226440429688,11636.0,11636.0,99.91413360810579,0,0.0,0,0.0,0.9890701770782471,0.1620977371931076,0.9645326137542725,0.8767382502555847,0.00146484375,0.018082937225699425,0.002980063436552882,5.006125138606876e-05,1.9178503407601966e-06,0.0009650630527175963,0.0009739494416862726,0.7389329671859741,0.296752005815506,0.002182215917855501,0.00019880379841197282
small_1_3,G4,900,0.6383461356163025,1.566548228263855,0.5502750873565674,-11606.599609375,-11606.609375,11525.767578125,11592.486328125,19.06365966796875,-68.67332458496094,11636.0,11636.0,99.91413360810579,0,0.0,0,0.0,0.9897971749305725,0.15599772334098816,0.9667231440544128,0.8868066072463989,0.0015624999068677425,0.01659662276506424,0.0021237554028630257,4.63576870970428e-05,1.8520446474212804e-06,0.0004591933684423566,0.000496986205689609,0.7047582864761353,0.23248912394046783,0.00212009041570127,0.00019805270130746067
small_1_3,G4,950,0.6093330979347229,1.6411384344100952,0.5252625942230225,-11603.498046875,-11603.5068359375,11529.701171875,11596.265625,17.804367065429688,-62.95738220214844,11636.0,11636.0,99.91413360810579,0,0.0,0,0.0,0.9904974102973938,0.14982357621192932,0.9688643217086792,0.8951659798622131,0.0016503905644640326,0.015399227850139141,0.0022430175449699163,4.3187970732105896e-05,1.8758479427560815e-06,0.0004812130064237863,0.0007191788754425943,0.6966235041618347,0.15336723625659943,0.002075330587103963,0.00019387781503610313
small_1_3,G4,1000,0.5803201198577881,1.7231868505477905,0.5002501010894775,-11600.5,-11600.5078125,11533.38671875,11599.8349609375,16.631797790527344,-57.46923828125,11636.0,11636.0,99.91413360810579,0,0.0,0,0.0,0.9911433458328247,0.14360126852989197,0.9709039926528931,0.9020312428474426,0.0017578124534338713,0.014276157133281231,0.0020034790504723787,4.031232310808264e-05,1.7909879943545093e-06,0.00023724211496300995,0.000456438516266644,0.6711260676383972,0.14586210250854492,0.0020255642011761665,0.00019307018374092877
small_1_3,G4,1050,0.5513070821762085,1.813871145248413,0.4752376079559326,-11597.6181640625,-11597.6259765625,11536.853515625,11603.205078125,15.532537460327148,-52.209129333496094,11636.0,11636.0,99.91413360810579,0,0.0,0,0.0,0.991747260093689,0.1373237520456314,0.9728620648384094,0.9092773199081421,0.0017578124534338713,0.013324057683348656,0.0020500130485743284,3.779771213885397e-05,1.8477177263775957e-06,0.0002886898582801223,0.0002472673077136278,0.6569931507110596,0.16228465735912323,0.0019857727456837893,0.0001991583703784272
small_1_3,G4,1100,0.5222941040992737,1.9146300554275513,0.4502251148223877,-11594.8623046875,-11594.869140625,11540.123046875,11606.369140625,14.488801002502441,-47.17793273925781,11636.0,11636.0,99.91413360810579,0,0.0,0,0.0,0.9923238754272461,0.13098429143428802,0.9747523069381714,0.9179589748382568,0.0018652343424037099,0.012492012232542038,0.001991546479985118,3.5564455174608156e-05,1.7974973616219359e-06,0.0003876540868077427,0.00022751116193830967,0.6488896608352661,0.1448817104101181,0.001952792052179575,0.00019715614325832576
small_1_3,G4,1150,0.4932810664176941,2.0272417068481445,0.425212562084198,-11592.2314453125,-11592.2373046875,11543.1875,11609.34765625,13.510560035705566,-42.386260986328125,11636.0,11636.0,99.91413360810579,0,0.0,0,0.0,0.9928597807884216,0.12460315227508545,0.9765328168869019,0.9295409917831421,0.0019433593843132257,0.0117269866168499,0.0021457362454384565,3.354578075231984e-05,1.8128502006220515e-06,0.0002003677363973111,0.00047672883374616504,0.6360036730766296,0.17498940229415894,0.001921202172525227,0.00020234673866070807
small_1_3,G4,1200,0.4642680883407593,2.15392804145813,0.4002000689506531,-11589.7568359375,-11589.7626953125,11546.107421875,11612.154296875,12.565170288085938,-37.82255554199219,11636.0,11636.0,99.91413360810579,0,0.0,0,0.0,0.9933853149414062,0.11813640594482422,0.9782891869544983,0.9379687309265137,0.0020019530784338713,0.011086325161159039,0.0021511800587177277,3.17529083986301e-05,1.8191700519309961e-06,0.0004568393633235246,0.0005818249192088842,0.6415920853614807,0.15284092724323273,0.0018999355379492044,0.00020235541160218418
small_1_3,G4,1250,0.4352550506591797,2.2975034713745117,0.37518757581710815,-11587.41015625,-11587.4169921875,11548.830078125,11614.7744140625,11.683805465698242,-33.50074005126953,11636.0,11636.0,99.91413360810579,0,0.0,0,0.0,0.9938682317733765,0.11161331087350845,0.9799447655677795,0.9428319931030273,0.0020117186941206455,0.010528584942221642,0.0038535376079380512,3.0104714824119583e-05,1.958779421329382e-06,0.0009722306858748198,0.0027648035902529955,0.6356192827224731,0.2976100742816925,0.0018756301142275333,0.00021648415713571012
small_1_3,G4,1300,0.4062420725822449,2.4615864753723145,0.35017526149749756,-11585.1953125,-11585.201171875,11551.373046875,11617.22265625,10.852497100830078,-29.419389724731445,11636.0,11636.0,99.91413360810579,0,0.0,0,0.0,0.9943217039108276,0.10501665621995926,0.9815260171890259,0.9457812309265137,0.002031249925494194,0.009904615581035614,0.004982173442840576,2.855180537153501e-05,1.9482588413666235e-06,0.00031239629606716335,0.004160990472882986,0.6210921406745911,0.3062620162963867,0.001850009080953896,0.00021763738186564296
small_1_3,G4,1350,0.3772290349006653,2.650909423828125,0.3251709043979645,-11583.11328125,-11583.119140625,11553.7333984375,11619.501953125,10.070362091064453,-25.585716247558594,11636.0,11636.0,99.91413360810579,0,0.0,0,0.0,0.9947454333305359,0.09835486859083176,0.9830173850059509,0.9489843249320984,0.0021386719308793545,0.00937567837536335,0.0022583960089832544,2.7129954105475917e-05,1.8349370520809316e-06,0.0001672286743996665,0.0006789523176848888,0.6121736168861389,0.15040844678878784,0.0018266569823026657,0.00020963698625564575
small_1_3,G4,1400,0.34821605682373047,2.8717801570892334,0.3003411889076233,-11581.185546875,-11581.189453125,11555.9140625,11621.607421875,9.337291717529297,-22.024580001831055,11636.0,11636.0,99.91413360810579,0,0.0,0,0.0,0.9951382279396057,0.09166482836008072,0.9844233393669128,0.9552538990974426,0.0022949217818677425,0.008931415155529976,0.0025391909293830395,2.5828219804679975e-05,1.8554929965830524e-06,0.0006403373554348946,0.0011662797769531608,0.6090717911720276,0.1545589417219162,0.0018056053668260574,0.0002114751550834626
small_1_3,G4,1450,0.3192030191421509,3.1328024864196777,0.277316153049469,-11579.515625,-11579.51953125,11557.8076171875,11623.43359375,8.643707275390625,-18.95307159423828,11636.0,11636.0,99.91413360810579,0,0.0,0,0.0,0.9955073595046997,0.08543079346418381,0.9856560826301575,0.9670605063438416,0.0024511718656867743,0.008470666594803333,0.002224019030109048,2.4622710043331608e-05,1.6827129911689553e-06,0.00013256468810141087,0.00033526564948260784,0.6009613275527954,0.1474127471446991,0.0017863251268863678,0.0001898494374472648
small_1_3,G4,1500,0.29019004106521606,3.4460177421569824,0.2625235319137573,-11578.498046875,-11578.501953125,11559.0703125,11624.6533203125,7.958263874053955,-17.121498107910156,11636.0,11636.0,99.91413360810579,0,0.0,0,0.0,0.9958932399749756,0.08152364194393158,0.9865081310272217,0.9724707007408142,0.002519531175494194,0.008086007088422775,0.0023416399490088224,2.3589354896103032e-05,1.401978238391166e-06,8.695339784026146e-05,0.000226540956646204,0.6007160544395447,0.1500612050294876,0.0017797797918319702,0.00013004665379412472
small_1_3,G4,1550,0.26117706298828125,3.82882022857666,0.26034680008888245,-11578.341796875,-11578.345703125,11559.544921875,11625.1103515625,7.2088775634765625,-16.918926239013672,11636.0,11636.0,99.91413360810579,0,0.0,0,0.0,0.9963798522949219,0.08123264461755753,0.9868764281272888,0.9738476276397705,0.0025390624068677425,0.007793297991156578,0.002523226896300912,2.2691403501085006e-05,1.3421420135273365e-06,0.0005388181307353079,0.0010649313917383552,0.619705855846405,0.22556349635124207,0.0017867638962343335,0.0001015236193779856
small_1_3,G4,1600,0.23216402530670166,4.307299613952637,0.25009971857070923,-11577.7001953125,-11577.7041015625,11560.494140625,11626.0,6.432716369628906,-15.716137886047363,11636.0,11636.0,99.91413360810579,0,0.0,0,0.0,0.9969052076339722,0.0785493552684784,0.9875707626342773,0.9747070074081421,0.002548828022554517,0.007456383667886257,0.0029541756957769394,2.165929436159786e-05,2.148841304006055e-06,0.0004838793829549104,0.0011708167148754,0.6258417367935181,0.1877312809228897,0.001769920578226447,0.0002297098544659093
small_1_3,G4,1650,0.20315104722976685,4.922445774078369,0.2105179876089096,-11575.390625,-11575.39453125,11562.8662109375,11628.26953125,5.851984977722168,-11.339147567749023,11636.0,11636.0,99.91413360810579,0,0.0,0,0.0,0.9972286820411682,0.06732885539531708,0.9891355037689209,0.9751171469688416,0.002763671800494194,0.007035112474113703,0.002458629896864295,2.0534083887469023e-05,2.5176336748700123e-06,0.00010287755139870569,0.00025070738047361374,0.5882302522659302,0.19377274811267853,0.0017162971198558807,0.00035799763281829655
small_1_3,G4,1700,0.17413800954818726,5.742571830749512,0.16261200606822968,-11573.07421875,-11573.076171875,11565.166015625,11630.46875,5.526583671569824,-6.948779106140137,11636.0,11636.0,99.91413360810579,0,0.0,0,0.0,0.9972962737083435,0.05341532453894615,0.990641176700592,0.9759081602096558,0.0031835937406867743,0.006724337115883827,0.0025315647944808006,1.967498246813193e-05,2.2378571884473786e-06,7.006691885180771e-05,0.00025007384829223156,0.5824769139289856,0.18853048980236053,0.0017028468428179622,0.0003234829055145383
small_1_3,G4,1750,0.14512503147125244,6.890610218048096,0.12727773189544678,-11571.7109375,-11571.71484375,11566.57421875,11631.81640625,5.308696746826172,-4.369658470153809,11636.0,11636.0,99.91413360810579,0,0.0,0,0.0,0.9972562193870544,0.04291459918022156,0.99155193567276,0.98915034532547,0.0035839842166751623,0.0064287614077329636,0.002557318890467286,1.880382296803873e-05,2.007998318731552e-06,6.661539373453707e-05,0.00022584490943700075,0.5748655796051025,0.18320906162261963,0.001678458764217794,0.00026165807503275573
small_1_3,G4,1800,0.11611199378967285,8.612374305725098,0.10024542361497879,-11570.869140625,-11570.873046875,11567.494140625,11632.697265625,5.072999477386475,-2.789311408996582,11636.0,11636.0,99.91413360810579,0,0.0,0,0.0,0.9972597360610962,0.03478103131055832,0.9921390414237976,0.992968738079071,0.0039257812313735485,0.0061496589332818985,0.0026696885470300913,1.796344804461114e-05,1.9048786725761602e-06,6.337286322377622e-05,0.00029268028447404504,0.5664193034172058,0.1806146651506424,0.0016491867136210203,0.00023693156254012138
small_1_3,G4,1850,0.08709895610809326,11.481193542480469,0.07504609227180481,-11570.2421875,-11570.24609375,11568.193359375,11633.3681640625,4.8199591636657715,-1.6318336725234985,11636.0,11636.0,99.91413360810579,0,0.0,0,0.0,0.9973159432411194,0.027180522680282593,0.9925904870033264,0.9934374690055847,0.0041308593936264515,0.00588746415451169,0.0026398974005132914,1.7180007489514537e-05,1.8663783976080595e-06,6.460612348746508e-05,0.0002089369809255004,0.5589490532875061,0.18503420054912567,0.0016226611332967877,0.0002357739140279591
small_1_3,G4,1900,0.05808603763580322,17.21584129333496,0.050025176256895065,-11569.771484375,-11569.7744140625,11568.724609375,11633.8759765625,4.5780792236328125,-0.7846025228500366,11636.0,11636.0,99.91413360810579,0,0.0,0,0.0,0.9973886013031006,0.01960519142448902,0.9929501414299011,0.9934960603713989,0.004228515550494194,0.005637842230498791,0.0027418332174420357,1.6443333151983097e-05,1.853343064794899e-06,6.31599614280276e-05,0.0002629850059747696,0.5507358908653259,0.18862707912921906,0.0015979298623278737,0.00023505375429522246
small_1_3,G4,1950,0.029072999954223633,34.396175384521484,0.02501249499619007,-11569.451171875,-11569.4541015625,11569.0869140625,11634.228515625,4.358085632324219,-0.24010871350765228,11636.0,11636.0,99.91413360810579,0,0.0,0,0.0,0.9974611401557922,0.011999504640698433,0.9932687878608704,0.9935058355331421,0.0036718749906867743,0.005399269983172417,0.002823630813509226,1.57438207679661e-05,1.815209657252126e-06,5.726897143176757e-05,0.0003238956560380757,0.541714608669281,0.19169946014881134,0.0015734803164377809,0.00023675613920204341
small_1_3,G4,2000,5.999999848427251e-05,16666.66796875,0.0,-11569.2841796875,-11569.2861328125,11569.2861328125,11634.421875,4.159182071685791,0.0,11636.0,11636.0,99.91413360810579,0,0.0,0,0.0,0.9975316524505615,0.004459945019334555,0.9940227270126343,0.9935546517372131,0.0016796874115243554,0.005168479401618242,0.002973592607304454,1.5076414456416387e-05,1.89023660368548e-06,5.5569027608726174e-05,0.0002556201070547104,0.531527578830719,0.41800206899642944,0.0015489798970520496,0.00029575583175756037
small_1_3,G5,1,1.159999966621399,0.8620690107345581,1.0,-10239.193359375,-10239.431640625,9588.0,9588.0,554.4752197265625,-8.23924446105957,9705.0,9705.0,83.44080474593758,0,0.0,0,0.0,0.010301408357918262,0.01029905490577221,0.00021319503139238805,0.0,1.0,0.024461768567562103,0.00024965687771327794,7.644298602826893e-05,6.219419788067171e-07,7.675713277421892e-05,3.5381876841711346e-06,9.59869384765625,9.20390796661377,0.02999591827392578,0.02863444574177265
small_1_3,G5,50,1.1315672397613525,0.8837300539016724,0.9754877686500549,-10254.61328125,-10256.15234375,9588.0,9588.0,553.359130859375,-41.98892593383789,10016.0,10111.0,86.93147622732353,0,0.0,0,0.0,0.05380505323410034,0.05380503460764885,3.4873071854235604e-05,0.0,1.0,0.11239688843488693,0.00010284187010256574,0.0003512401890475303,2.5503462097731244e-07,0.0003524721832945943,1.5771030348332715e-06,13.446796417236328,0.3594399392604828,0.042021241039037704,0.0009011318907141685
small_1_3,G5,100,1.102554202079773,0.9069848656654358,0.9504752159118652,-10437.3896484375,-10448.302734375,9620.94921875,9636.42578125,490.14471435546875,-286.9423828125,11486.0,11486.0,98.75333161379073,0,0.0,0,0.0,0.3956846296787262,0.3773670196533203,0.10970954596996307,0.0,0.137939453125,0.37293505668640137,0.3414383828639984,0.0011447103461250663,0.0007645903388038278,0.0030199296306818724,0.005990689620375633,16.128997802734375,15.930723190307617,0.05038030445575714,0.04774068295955658
small_1_3,G5,150,1.0735411643981934,0.9314966797828674,0.9254627227783203,-11482.8505859375,-11489.80859375,11135.357421875,11187.5771484375,159.74554443359375,-182.95765686035156,11590.0,11590.0,99.64749376665807,0,0.0,0,0.0,0.8960882425308228,0.2471165657043457,0.83786541223526,0.0,0.0031835937406867743,0.6500887870788574,0.25476083159446716,0.0017387361731380224,0.0005255772266536951,0.007515579927712679,0.008578911423683167,11.654420852661133,3.5961978435516357,0.035202909260988235,0.0072382977232337
small_1_3,G5,200,1.0445282459259033,0.9573699831962585,0.9004502296447754,-11604.265625,-11605.138671875,11343.5390625,11400.26953125,83.79243469238281,-174.0752410888672,11604.0,11604.0,99.76786174877482,0,0.0,0,0.0,0.9530818462371826,0.2416502684354782,0.9011195302009583,0.48417967557907104,0.0021875000093132257,0.22972817718982697,0.05191290006041527,0.0006123297498561442,6.289495649980381e-05,0.0026863424573093653,0.009683335199952126,4.186117649078369,1.7321007251739502,0.01229330524802208,0.0016419541789218783
small_1_3,G5,250,1.0155152082443237,0.984721839427948,0.8754377365112305,-11624.314453125,-11624.640625,11395.87890625,11449.0947265625,62.97585678100586,-164.80911254882812,11605.0,11605.0,99.77645946178316,0,0.0,0,0.0,0.9659149050712585,0.23532384634017944,0.9174425005912781,0.6270507574081421,0.0021777343936264515,0.13724815845489502,0.027570249512791634,0.00036450542393140495,1.6623149349470623e-05,0.0016772636445239186,0.005812494549900293,2.645768404006958,1.1633853912353516,0.007662330754101276,0.000818958505988121
small_1_3,G5,300,0.9865021705627441,1.01368248462677,0.8504252433776855,-11630.09375,-11630.267578125,11422.6796875,11473.8447265625,52.42549133300781,-155.8693084716797,11606.0,11606.0,99.7850571747915,0,0.0,0,0.0,0.9718647599220276,0.22910495102405548,0.9261440634727478,0.6837695240974426,0.001992187462747097,0.09600569307804108,0.01894380897283554,0.0002543630835134536,9.635466085455846e-06,0.0011927926680073142,0.0039672283455729485,2.0030879974365234,0.9248188138008118,0.005749925039708614,0.0005613583489321172
small_1_3,G5,350,0.9574891924858093,1.0443981885910034,0.8254126906394958,-11631.0439453125,-11631.15234375,11440.0283203125,11490.48046875,45.75181579589844,-147.31643676757812,11606.0,11606.0,99.7850571747915,0,0.0,0,0.0,0.9754450917243958,0.2230951488018036,0.9320067167282104,0.7193652391433716,0.0021484375465661287,0.07276514172554016,0.016371075063943863,0.0001925861433846876,6.87943884258857e-06,0.0012831538915634155,0.003854068461805582,1.642348289489746,0.7880249619483948,0.004679367411881685,0.000437567854532972
small_1_3,G5,400,0.9284762144088745,1.077033519744873,0.8004001975059509,-11629.888671875,-11629.962890625,11452.9306640625,11505.537109375,40.94854736328125,-139.01254272460938,11609.0,11609.0,99.81085031381653,0,0.0,0,0.0,0.9779770970344543,0.21709850430488586,0.9368008375167847,0.7453417778015137,0.001953125,0.05790097266435623,0.012187346816062927,0.00015354376228060573,5.121737558511086e-06,0.0013951360015198588,0.004298492334783077,1.410512089729309,0.581778883934021,0.004012012388557196,0.00034249297459609807
small_1_3,G5,450,0.8994631767272949,1.111774206161499,0.775387704372406,-11627.6015625,-11627.654296875,11463.2021484375,11524.6259765625,37.208290100097656,-130.9844207763672,11617.0,11617.0,99.87963201788324,0,0.0,0,0.0,0.9799374341964722,0.2111595720052719,0.9408800005912781,0.7663964629173279,0.0016503905644640326,0.0476364865899086,0.007978015579283237,0.00012663601955864578,3.6905835258949082e-06,0.0010711811482906342,0.0038752707187086344,1.2403388023376465,0.4710710942745209,0.003539738245308399,0.0002838251239154488
small_1_3,G5,500,0.8704501390457153,1.1488308906555176,0.7503751516342163,-11624.771484375,-11624.8125,11471.876953125,11535.791015625,34.13004684448242,-123.22727966308594,11619.0,11619.0,99.89682744389992,0,0.0,0,0.0,0.9815680980682373,0.20527610182762146,0.9444675445556641,0.7840819954872131,0.0015624999068677425,0.04038000479340553,0.010636364109814167,0.00010752627713372931,3.5703501453099307e-06,0.0013689715415239334,0.005530328489840031,1.1383424997329712,0.4429245591163635,0.0032081203535199165,0.0002704356156755239
small_1_3,G5,550,0.8414371609687805,1.1884428262710571,0.7253626585006714,-11621.6787109375,-11621.7158203125,11479.5390625,11543.1181640625,31.468616485595703,-115.69801330566406,11619.0,11619.0,99.89682744389992,0,0.0,0,0.0,0.9830076098442078,0.1993795931339264,0.9478158354759216,0.8003027439117432,0.0015820312546566129,0.03507843241095543,0.013596408069133759,9.341049735667184e-05,3.902946446032729e-06,0.0014182566665112972,0.008870648220181465,1.0694940090179443,0.687820315361023,0.0029728400986641645,0.0003126789233647287
small_1_3,G5,600,0.8124241828918457,1.230884075164795,0.7003501653671265,-11618.4423828125,-11618.46875,11486.439453125,11549.12109375,29.134946823120117,-108.36018371582031,11619.0,11619.0,99.89682744389992,0,0.0,0,0.0,0.9842745065689087,0.19340358674526215,0.9509672522544861,0.8152441382408142,0.0016015624860301614,0.030604641884565353,0.007230633869767189,8.195931877708063e-05,2.9588227334897965e-06,0.001962549751624465,0.0022603971883654594,1.0010075569152832,0.38688331842422485,0.0027776132337749004,0.00023718850570730865
small_1_3,G5,650,0.7834111452102661,1.2764689922332764,0.6753376722335815,-11615.0400390625,-11615.06640625,11492.5556640625,11554.501953125,27.110578536987305,-101.2715835571289,11619.0,11619.0,99.89682744389992,0,0.0,0,0.0,0.9853585362434387,0.1874462068080902,0.9538367986679077,0.8288476467132568,0.0014355467865243554,0.02700001187622547,0.010926310904324055,7.277634722413495e-05,2.742380729614524e-06,0.001114048296585679,0.005607246421277523,0.9153186082839966,0.4968050718307495,0.0025969406124204397,0.00023366943059954792
small_1_3,G5,700,0.7543981075286865,1.3255600929260254,0.6503251791000366,-11611.7294921875,-11611.751953125,11498.283203125,11559.4541015625,25.264633178710938,-94.4088134765625,11619.0,11619.0,99.89682744389992,0,0.0,0,0.0,0.9863651990890503,0.18146613240242004,0.9565458297729492,0.8406445384025574,0.001416015555150807,0.024369841441512108,0.013504416681826115,6.560500332852826e-05,3.1864904030953767e-06,0.001306107034906745,0.007516192272305489,0.8883464336395264,0.6577870845794678,0.002474442357197404,0.0002665338688530028
small_1_3,G5,750,0.7253851294517517,1.3785780668258667,0.6253126859664917,-11608.345703125,-11608.36328125,11503.5078125,11564.078125,23.564037322998047,-87.7625732421875,11619.0,11619.0,99.89682744389992,0,0.0,0,0.0,0.9873023629188538,0.17543739080429077,0.9591612815856934,0.8515429496765137,0.0013964843237772584,0.02173660695552826,0.005849051289260387,5.9366197092458606e-05,2.2988003820501035e-06,0.0007346113561652601,0.002258508699014783,0.818708598613739,0.3736027181148529,0.0023598792031407356,0.0002126755571225658
small_1_3,G5,800,0.6963721513748169,1.4360138177871704,0.600300133228302,-11604.974609375,-11604.990234375,11508.291015625,11568.41796875,22.026931762695312,-81.35999298095703,11619.0,11619.0,99.89682744389992,0,0.0,0,0.0,0.9881440997123718,0.16941523551940918,0.9615692496299744,0.8624120950698853,0.00146484375,0.019775770604610443,0.006073147989809513,5.429413067759015e-05,2.213153265984147e-06,0.0009321340476162732,0.0028594916220754385,0.7763522863388062,0.4450804591178894,0.0022664761636406183,0.0002232934784842655
small_1_3,G5,850,0.6673591136932373,1.498443603515625,0.5752876400947571,-11601.744140625,-11601.759765625,11512.859375,11572.5146484375,20.577159881591797,-75.1676254272461,11619.0,11619.0,99.89682744389992,0,0.0,0,0.0,0.9889478087425232,0.1633261889219284,0.9639095664024353,0.8743066191673279,0.001416015555150807,0.018154429271817207,0.011469381861388683,5.005688581150025e-05,2.60621823144902e-06,0.0008337102481164038,0.007051067892462015,0.7629438638687134,0.4438807964324951,0.0022018104791641235,0.00022852820984553546
small_1_3,G5,900,0.6383461356163025,1.566548228263855,0.5502750873565674,-11598.61328125,-11598.625,11517.171875,11576.3798828125,19.21666717529297,-69.18473052978516,11619.0,11619.0,99.89682744389992,0,0.0,0,0.0,0.9897045493125916,0.15715943276882172,0.9661781191825867,0.8853222727775574,0.0015332030598074198,0.016705533489584923,0.005623981356620789,4.63242904515937e-05,2.205993496318115e-06,0.000845526228658855,0.0022495025768876076,0.7460119128227234,0.25134772062301636,0.00214134412817657,0.00020570977358147502
small_1_3,G5,950,0.6093330979347229,1.6411384344100952,0.5252625942230225,-11595.5322265625,-11595.5419921875,11521.1748046875,11580.03515625,17.961997985839844,-63.42201232910156,11619.0,11619.0,99.89682744389992,0,0.0,0,0.0,0.990395724773407,0.1509293019771576,0.9683560132980347,0.8934667706489563,0.0016796874115243554,0.015368649736046791,0.005000556819140911,4.302223533159122e-05,1.927930725287297e-06,0.0005621191812679172,0.0034972401335835457,0.7021518349647522,0.18742050230503082,0.002080107107758522,0.0001956758787855506
small_1_3,G5,1000,0.5803201198577881,1.7231868505477905,0.5002501010894775,-11592.5068359375,-11592.515625,11524.87890625,11583.4921875,16.79044532775879,-57.8930778503418,11619.0,11619.0,99.89682744389992,0,0.0,0,0.0,0.9910406470298767,0.1446603387594223,0.9704524874687195,0.9007031321525574,0.0016894531436264515,0.01424245722591877,0.0019250176846981049,4.0139224438462406e-05,1.7680588371149497e-06,0.00046024020412005484,0.0002707098610699177,0.6731922626495361,0.142106294631958,0.0020286040380597115,0.0001928201236296445
small_1_3,G5,1050,0.5513070821762085,1.813871145248413,0.4752376079559326,-11589.595703125,-11589.6025390625,11528.353515625,11586.7587890625,15.685995101928711,-52.60148239135742,11619.0,11619.0,99.89682744389992,0,0.0,0,0.0,0.9916505217552185,0.13835574686527252,0.9724361896514893,0.9079980254173279,0.0016992187593132257,0.013270323164761066,0.0018793458584696054,3.76144380425103e-05,1.74816398157418e-06,0.00023530474572908133,0.00023415847681462765,0.6556437015533447,0.13623417913913727,0.001986829563975334,0.00019405994680710137
small_1_3,G5,1100,0.5222941040992737,1.9146300554275513,0.4502251148223877,-11586.80859375,-11586.814453125,11531.6298828125,11589.8447265625,14.641128540039062,-47.5386962890625,11619.0,11619.0,99.89682744389992,0,0.0,0,0.0,0.9922274351119995,0.13198590278625488,0.9743432998657227,0.9166113138198853,0.001787109300494194,0.01242880430072546,0.0019528703996911645,3.538068995112553e-05,1.7610418581170961e-06,0.00021403926075436175,0.0002443173434585333,0.6452332139015198,0.13885892927646637,0.0019526169635355473,0.00019695180526468903
small_1_3,G5,1150,0.4932810664176941,2.0272417068481445,0.425212562084198,-11584.150390625,-11584.15625,11534.708984375,11592.7509765625,13.653607368469238,-42.71221923828125,11619.0,11619.0,99.89682744389992,0,0.0,0,0.0,0.9927720427513123,0.12556137144565582,0.9761637449264526,0.9274804592132568,0.001904296805150807,0.011674757115542889,0.0019285972230136395,3.337463931529783e-05,1.7689045535007608e-06,0.00020824401872232556,0.00016922364011406898,0.6349176168441772,0.13896611332893372,0.0019222343107685447,0.00019974034512415528
small_1_3,G5,1200,0.4642680883407593,2.15392804145813,0.4002000689506531,-11581.626953125,-11581.6337890625,11537.609375,11595.48046875,12.720026016235352,-38.11915588378906,11619.0,11619.0,99.89682744389992,0,0.0,0,0.0,0.9932851791381836,0.11906279623508453,0.9779173731803894,0.9354003667831421,0.0020214843098074198,0.011006462387740612,0.0021722137462347746,3.157184983137995e-05,1.8249111235491e-06,0.00019856487051583827,0.0006007759366184473,0.6288730502128601,0.15555348992347717,0.001896917587146163,0.00020510553440544754
small_1_3,G5,1250,0.4352550506591797,2.2975034713745117,0.37518757581710815,-11579.244140625,-11579.248046875,11540.3349609375,11598.05078125,11.832481384277344,-33.76336669921875,11619.0,11619.0,99.89682744389992,0,0.0,0,0.0,0.993772566318512,0.1124882847070694,0.9795950055122375,0.9405566453933716,0.002099609235301614,0.010423832572996616,0.002341939602047205,2.9937933504697867e-05,1.8195222537542577e-06,0.00046595255844295025,0.0008938575629144907,0.6272407174110413,0.15280592441558838,0.0018750358140096068,0.00020647901692427695
small_1_3,G5,1300,0.4062420725822449,2.4615864753723145,0.35017526149749756,-11576.994140625,-11577.0,11542.880859375,11600.4501953125,10.9937105178833,-29.653213500976562,11619.0,11619.0,99.89682744389992,0,0.0,0,0.0,0.9942297339439392,0.10585132241249084,0.9811913967132568,0.9435741901397705,0.0021386719308793545,0.00984190683811903,0.0021165835205465555,2.8405132979969494e-05,1.8166361996918567e-06,0.00017413382011000067,0.00021680258214473724,0.617102861404419,0.14869289100170135,0.0018509968649595976,0.0002095792442560196
small_1_3,G5,1350,0.3772290349006653,2.650909423828125,0.3251709043979645,-11574.884765625,-11574.890625,11545.2490234375,11602.68359375,10.205708503723145,-25.79168701171875,11619.0,11619.0,99.89682744389992,0,0.0,0,0.0,0.9946548938751221,0.09914664924144745,0.9827000498771667,0.9474120736122131,0.002236328087747097,0.00932902842760086,0.002103860955685377,2.7000842237612233e-05,1.794556965251104e-06,0.00015811323828529567,0.00021470221690833569,0.6108764410018921,0.14612622559070587,0.0018289893632754683,0.00020930130267515779
small_1_3,G5,1400,0.34821605682373047,2.8717801570892334,0.3003411889076233,-11572.93359375,-11572.9375,11547.439453125,11604.7412109375,9.460470199584961,-22.203754425048828,11619.0,11619.0,99.89682744389992,0,0.0,0,0.0,0.9950540065765381,0.09241054207086563,0.984123945236206,0.9537792801856995,0.002402343787252903,0.008865127339959145,0.0022269103210419416,2.5710201953188516e-05,1.823175125537091e-06,0.0001781759347068146,0.00022617634385824203,0.6101391911506653,0.15772266685962677,0.001809875015169382,0.00021210282284300774
small_1_3,G5,1450,0.3192030191421509,3.1328024864196777,0.277316153049469,-11571.2451171875,-11571.25,11549.345703125,11606.5400390625,8.756866455078125,-19.10843849182129,11619.0,11619.0,99.89682744389992,0,0.0,0,0.0,0.9954281449317932,0.08613110333681107,0.985378086566925,0.9665331840515137,0.0026269531808793545,0.008438908495008945,0.0022699430119246244,2.4529010261176154e-05,1.6702164202797576e-06,0.00015934492694213986,0.0006273475009948015,0.6034368872642517,0.1752573400735855,0.0017924668500199914,0.00019381847232580185
small_1_3,G5,1500,0.29019004106521606,3.4460177421569824,0.2625235319137573,-11570.216796875,-11570.2216796875,11550.623046875,11607.7373046875,8.053557395935059,-17.26224136352539,11619.0,11619.0,99.89682744389992,0,0.0,0,0.0,0.9958270788192749,0.0821937769651413,0.9862537980079651,0.9722460508346558,0.002763671800494194,0.008060064166784286,0.002331838011741638,2.3508468075306155e-05,1.3472415503201773e-06,0.00015660148346796632,0.00031176861375570297,0.6051468849182129,0.1893501579761505,0.0017878772923722863,0.00012981906183995306
small_1_3,G5,1550,0.26117706298828125,3.82882022857666,0.26034680008888245,-11570.05859375,-11570.0615234375,11551.099609375,11608.18359375,7.285256385803223,-17.059648513793945,11619.0,11619.0,99.89682744389992,0,0.0,0,0.0,0.9963288903236389,0.08190827816724777,0.9866317510604858,0.9737011790275574,0.002763671800494194,0.007729558739811182,0.002257971093058586,2.259677421534434e-05,1.3261983440315817e-06,0.00016232795314863324,0.00019190693274140358,0.6150832176208496,0.15023411810398102,0.0017939242534339428,9.831952047534287e-05
small_1_3,G5,1600,0.23216402530670166,4.307299613952637,0.25009971857070923,-11569.392578125,-11569.396484375,11552.029296875,11609.05859375,6.506573677062988,-15.855685234069824,11619.0,11619.0,99.89682744389992,0,0.0,0,0.0,0.9968559741973877,0.07924681901931763,0.9872927665710449,0.9745702743530273,0.0027832030318677425,0.007369167171418667,0.002342622959986329,2.1548021322814748e-05,2.0325389868958155e-06,8.642244938528165e-05,0.0003127520903944969,0.6093828082084656,0.16249170899391174,0.001772609306499362,0.00022553822782356292
small_1_3,G5,1650,0.20315104722976685,4.922445774078369,0.2105179876089096,-11567.056640625,-11567.060546875,11554.412109375,11611.3095703125,5.925482749938965,-11.443845748901367,11619.0,11619.0,99.89682744389992,0,0.0,0,0.0,0.9971786141395569,0.06795051693916321,0.9888723492622375,0.9748241901397705,0.003046874888241291,0.0070012710057199,0.002533542923629284,2.0454812329262495e-05,2.5582703528925776e-06,7.966641715029255e-05,0.0002242779592052102,0.5895483493804932,0.20065997540950775,0.0017224658513441682,0.00036546390037983656
small_1_3,G5,1700,0.17413800954818726,5.742571830749512,0.16261200606822968,-11564.7138671875,-11564.716796875,11556.7265625,11613.4990234375,5.606147289276123,-7.015140533447266,11619.0,11619.0,99.89682744389992,0,0.0,0,0.0,0.9972360134124756,0.053925447165966034,0.9903973340988159,0.9755566120147705,0.003496093675494194,0.006696600466966629,0.002400269964709878,1.9605480702011846e-05,2.1934106371190865e-06,7.396331784548238e-05,0.0002049001632258296,0.5858657956123352,0.18874011933803558,0.0017109562177211046,0.0003254642942920327
small_1_3,G5,1750,0.14512503147125244,6.890610218048096,0.12727773189544678,-11563.3359375,-11563.33984375,11558.1435546875,11614.84375,5.394848823547363,-4.4123334884643555,11619.0,11619.0,99.89682744389992,0,0.0,0,0.0,0.9971837997436523,0.04333370923995972,0.9913177490234375,0.9889647960662842,0.003857421688735485,0.006403119303286076,0.002585245529189706,1.8736953279585578e-05,2.0013455923617585e-06,7.049721170915291e-05,0.00029896688647568226,0.5783097147941589,0.18519091606140137,0.0016862580087035894,0.0002639647282194346
small_1_3,G5,1800,0.11611199378967285,8.612374305725098,0.10024542361497879,-11562.4833984375,-11562.486328125,11559.0693359375,11615.71875,5.159702301025391,-2.817768096923828,11619.0,11619.0,99.89682744389992,0,0.0,0,0.0,0.9971828460693359,0.035135868936777115,0.9919112920761108,0.9927441477775574,0.004218749701976776,0.006125996354967356,0.0025709636975079775,1.7899234080687165e-05,1.8775619992084103e-06,6.840762944193557e-05,0.0002762673539109528,0.5696665048599243,0.18246707320213318,0.001656272797845304,0.00023998746473807842
small_1_3,G5,1850,0.08709895610809326,11.481193542480469,0.07504609227180481,-11561.84765625,-11561.849609375,11559.7734375,11616.388671875,4.904092311859131,-1.6496868133544922,11619.0,11619.0,99.89682744389992,0,0.0,0,0.0,0.9972395300865173,0.027477893978357315,0.992366373538971,0.993212878704071,0.004462890326976776,0.005865831859409809,0.002642591018229723,1.7119933545473032e-05,1.8562366221885895e-06,6.78350479574874e-05,0.00024844950530678034,0.5624331831932068,0.18496325612068176,0.0016295644454658031,0.00023716530995443463
small_1_3,G5,1900,0.05808603763580322,17.21584129333496,0.050025176256895065,-11561.3681640625,-11561.37109375,11560.3056640625,11616.896484375,4.659890651702881,-0.7944939136505127,11619.0,11619.0,99.89682744389992,0,0.0,0,0.0,0.9973132014274597,0.019852351397275925,0.992726743221283,0.9933300614356995,0.004550781100988388,0.005617375951260328,0.002740426454693079,1.63864951900905e-05,1.8556947907200083e-06,6.399180711014196e-05,0.00025184531114064157,0.5542313456535339,0.19129015505313873,0.0016046783421188593,0.0002389680885244161
small_1_3,G5,1950,0.029072999954223633,34.396175384521484,0.02501249499619007,-11561.041015625,-11561.04296875,11560.669921875,11617.2470703125,4.438599586486816,-0.24396705627441406,11619.0,11619.0,99.89682744389992,0,0.0,0,0.0,0.99738609790802,0.012192377820611,0.9930488467216492,0.9933398365974426,0.003935546614229679,0.005379333160817623,0.0026755572762340307,1.568921288708225e-05,1.772426344359701e-06,6.164208753034472e-05,0.0002829932782333344,0.5449039340019226,0.1906517744064331,0.0015798945678398013,0.00023750192485749722
small_1_3,G5,2000,5.999999848427251e-05,16666.66796875,0.0,-11560.8671875,-11560.869140625,11560.869140625,11617.443359375,4.238957405090332,0.0,11619.0,11619.0,99.89682744389992,0,0.0,0,0.0,0.9974568486213684,0.004586726892739534,0.9938532710075378,0.9933398365974426,0.0016894531436264515,0.005148727912455797,0.0028796913102269173,1.5023185369500425e-05,1.8443600993123255e-06,5.904322097194381e-05,0.0003342783893458545,0.5342344641685486,0.4357961416244507,0.001555025577545166,0.0003027656639460474
small_1_3,G6,1,1.159999966621399,0.8620690107345581,1.0,-728.193603515625,-728.430419921875,77.0,77.00000762939453,554.4752197265625,-8.239204406738281,198.0,198.0,9.090909090909092,0,0.0,0,0.0,0.010301349684596062,0.010299005545675755,0.00021267548436298966,0.0,1.0,0.024461612105369568,0.0002517721732147038,7.644249853910878e-05,6.274052566368482e-07,7.67489691497758e-05,3.4417807910358533e-06,9.59869384765625,9.208717346191406,0.02999591827392578,0.02865302562713623
small_1_3,G6,50,1.1315672397613525,0.8837300539016724,0.9754877686500549,-743.6137084960938,-745.15185546875,77.0,77.0,553.359130859375,-41.98870086669922,568.0,568.0,26.078971533516988,0,0.0,0,0.0,0.05380477011203766,0.05380474776029587,3.4355962270637974e-05,0.0,1.0,0.11239636689424515,0.00010116592602571473,0.0003512385010253638,2.5043755158549175e-07,0.00035243036109022796,1.5296365063477424e-06,13.446799278259277,0.35463032126426697,0.042021244764328,0.0008887873264029622
small_1_3,G6,100,1.102554202079773,0.9069848656654358,0.9504752159118652,-989.39599609375,-1011.0393676757812,248.52767944335938,267.88946533203125,487.24017333984375,-225.30299377441406,2113.0,2114.0,97.0615243342516,0,0.0,0,0.0,0.4041985869407654,0.2963030934333801,0.2595517337322235,0.0,0.03605468571186066,0.7709463238716125,0.537345826625824,0.002189711667597294,0.0011611231602728367,0.008534655906260014,0.00842390488833189,18.346132278442383,18.645465850830078,0.0571272037923336,0.056343916803598404
small_1_3,G6,150,1.0735411643981934,0.9314966797828674,0.9254627227783203,-2030.972412109375,-2037.47216796875,1695.3055419921875,1747.5841064453125,156.75247192382812,-173.88648986816406,2156.0,2157.0,99.0358126721763,0,0.0,0,0.0,0.8989874124526978,0.2348642498254776,0.8468186855316162,0.0,0.0024707030970603228,0.6778553128242493,0.12942776083946228,0.0018192008137702942,0.00025810999795794487,0.007780249696224928,0.007368423510342836,10.759757041931152,2.5593008995056152,0.03270118311047554,0.004380633123219013
small_1_3,G6,200,1.0445282459259033,0.9573699831962585,0.9004502296447754,-2150.4267578125,-2151.32568359375,1895.42822265625,1950.74267578125,84.49596405029297,-167.63893127441406,2163.0,2163.0,99.31129476584022,0,0.0,0,0.0,0.9528486132621765,0.232715904712677,0.9050821661949158,0.48850584030151367,0.001953125,0.25392019748687744,0.03305668383836746,0.0006759201060049236,3.132781421300024e-05,0.002979433164000511,0.005978294648230076,3.9680278301239014,1.4438574314117432,0.011829203926026821,0.0011956950183957815
small_1_3,G6,250,1.0155152082443237,0.984721839427948,0.8754377365112305,-2171.690185546875,-2172.031494140625,1948.4390869140625,2004.3150634765625,63.518428802490234,-159.08860778808594,2164.0,2165.0,99.40312213039486,0,0.0,0,0.0,0.9657726883888245,0.22715578973293304,0.9208796620368958,0.6391015648841858,0.001904296805150807,0.1527576595544815,0.01823166012763977,0.00040495244320482016,8.853041435941122e-06,0.0018934615654870868,0.007696053478866816,2.515622615814209,0.9063223600387573,0.007424995768815279,0.0006342548877000809
small_1_3,G6,300,0.9865021705627441,1.01368248462677,0.8504252433776855,-2178.00634765625,-2178.18798828125,1975.3780517578125,2030.94140625,52.743995666503906,-150.77783203125,2166.0,2166.0,99.44903581267218,0,0.0,0,0.0,0.9718605875968933,0.22162124514579773,0.929225504398346,0.6998046636581421,0.0016406249487772584,0.10688398778438568,0.013549337163567543,0.000282879191217944,5.807558864034945e-06,0.0016078297048807144,0.004216309636831284,1.8868974447250366,0.7627288103103638,0.005562745034694672,0.0005023051053285599
small_1_3,G6,350,0.9574891924858093,1.0443981885910034,0.8254126906394958,-2179.40576171875,-2179.52001953125,1992.964111328125,2048.136474609375,45.85386657714844,-142.65145874023438,2166.0,2166.0,99.44903581267218,0,0.0,0,0.0,0.9755884408950806,0.2160305231809616,0.9349885582923889,0.7361913919448853,0.0015820312546566129,0.08106566220521927,0.011447769589722157,0.00021474725508596748,5.431284080259502e-06,0.0016727139009162784,0.004330876749008894,1.5617797374725342,0.7460887432098389,0.004563156981021166,0.00046928884694352746
small_1_3,G6,400,0.9284762144088745,1.077033519744873,0.8004001975059509,-2178.703125,-2178.781982421875,2006.0889892578125,2060.7646484375,40.89448547363281,-134.723388671875,2166.0,2166.0,99.44903581267218,0,0.0,0,0.0,0.9782058000564575,0.2104000747203827,0.9395235776901245,0.7619335651397705,0.0016308593330904841,0.06455546617507935,0.015018806792795658,0.00017133548681158572,5.351156232791254e-06,0.0010981878731399775,0.005392050836235285,1.3465062379837036,0.7031023502349854,0.0039169806987047195,0.00044155167415738106
small_1_3,G6,450,0.8994631767272949,1.111774206161499,0.775387704372406,-2176.747802734375,-2176.803466796875,2016.4395751953125,2070.8095703125,37.074668884277344,-127.0163803100586,2166.0,2166.0,99.44903581267218,0,0.0,0,0.0,0.9801967144012451,0.20476268231868744,0.9433218240737915,0.7823925614356995,0.001503906212747097,0.05297845974564552,0.005726477596908808,0.00014107165043242276,3.897562692145584e-06,0.0008309101103805006,0.002634344156831503,1.1735855340957642,0.439972460269928,0.003449930576607585,0.0003534967254381627
small_1_3,G6,500,0.8704501390457153,1.1488308906555176,0.7503751516342163,-2174.085693359375,-2174.12744140625,2024.989501953125,2079.21533203125,34.00346374511719,-119.53987121582031,2167.0,2167.0,99.4949494949495,0,0.0,0,0.0,0.9817795157432556,0.1991334855556488,0.946643054485321,0.7984179258346558,0.0016113281017169356,0.04470028728246689,0.005540145095437765,0.00011948586325161159,3.7122185858606827e-06,0.00076002482092008,0.0031108588445931673,1.0530966520309448,0.4211869239807129,0.0031154113821685314,0.00035077653592452407
small_1_3,G6,550,0.8414371609687805,1.1884428262710571,0.7253626585006714,-2171.19921875,-2171.236328125,2032.614990234375,2086.5205078125,31.333486557006836,-112.25611877441406,2167.0,2167.0,99.4949494949495,0,0.0,0,0.0,0.9832007884979248,0.1934482604265213,0.9498147368431091,0.8135546445846558,0.0015624999068677425,0.03883931785821915,0.0099759167060256,0.00010382329492131248,4.3212439777562395e-06,0.0015471052611246705,0.004227586090564728,1.014912724494934,0.6368913650512695,0.0029026265256106853,0.00038442559889517725
small_1_3,G6,600,0.8124241828918457,1.230884075164795,0.7003501653671265,-2168.102783203125,-2168.13037109375,2039.397216796875,2093.02783203125,28.983287811279297,-105.18634796142578,2167.0,2167.0,99.4949494949495,0,0.0,0,0.0,0.9844646453857422,0.187738835811615,0.9528166055679321,0.82752925157547,0.0014355467865243554,0.033768776804208755,0.005937313660979271,9.097545989789069e-05,3.75589843315538e-06,0.0011013554176315665,0.0025769309140741825,0.9228148460388184,0.38583052158355713,0.002699048724025488,0.00034197731292806566
small_1_3,G6,650,0.7834111452102661,1.2764689922332764,0.6753376722335815,-2164.898681640625,-2164.923828125,2045.510009765625,2098.92333984375,26.925941467285156,-98.31999206542969,2167.0,2167.0,99.4949494949495,0,0.0,0,0.0,0.9855691194534302,0.18198300898075104,0.955554187297821,0.839599609375,0.0014257811708375812,0.02998637594282627,0.010715439915657043,8.098246325971559e-05,3.988643584307283e-06,0.0016032624989748001,0.005229063797742128,0.868614137172699,0.5514855980873108,0.0025473826099187136,0.0003593630390241742
small_1_3,G6,700,0.7543981075286865,1.3255600929260254,0.6503251791000366,-2161.643310546875,-2161.66259765625,2051.072265625,2104.32470703125,25.076095581054688,-91.67313385009766,2167.0,2167.0,99.4949494949495,0,0.0,0,0.0,0.9865660667419434,0.1762063205242157,0.9581663012504578,0.8507519364356995,0.0014453125186264515,0.026675235480070114,0.004106222651898861,7.277747499756515e-05,3.552840325937723e-06,0.0005375684704631567,0.001526296604424715,0.8208803534507751,0.3722878098487854,0.0024257998447865248,0.0003400143177714199
small_1_3,G6,750,0.7253851294517517,1.3785780668258667,0.6253126859664917,-2158.37158203125,-2158.387939453125,2056.19140625,2109.32373046875,23.380794525146484,-85.2364501953125,2167.0,2167.0,99.4949494949495,0,0.0,0,0.0,0.9874941110610962,0.1703876405954361,0.9606793522834778,0.8607421517372131,0.0012792968191206455,0.024049879983067513,0.003199337050318718,6.598624167963862e-05,3.318809149277513e-06,0.0006620662752538919,0.0008099372498691082,0.7866860032081604,0.24988943338394165,0.002324758330360055,0.00031787293846718967
small_1_3,G6,800,0.6963721513748169,1.4360138177871704,0.600300133228302,-2155.13720703125,-2155.152099609375,2060.935546875,2113.98583984375,21.837318420410156,-79.00975036621094,2167.0,2167.0,99.4949494949495,0,0.0,0,0.0,0.9883363842964172,0.16452132165431976,0.963054358959198,0.8706640601158142,0.0013378906296566129,0.021926909685134888,0.0047395662404596806,6.0301823396002874e-05,3.526741011228296e-06,0.0011212327517569065,0.0022000607568770647,0.7551065683364868,0.33342668414115906,0.0022370165679603815,0.0003304746060166508
small_1_3,G6,850,0.6673591136932373,1.498443603515625,0.5752876400947571,-2151.95556640625,-2151.9677734375,2065.348388671875,2118.35498046875,20.406604766845703,-73.00090026855469,2167.0,2167.0,99.4949494949495,0,0.0,0,0.0,0.9891211986541748,0.1586182713508606,0.965321958065033,0.8812987804412842,0.0013281250139698386,0.019940976053476334,0.002964278683066368,5.536308526643552e-05,3.3950746001210064e-06,0.0002656910219229758,0.0002569202333688736,0.7122372388839722,0.22447720170021057,0.0021579605527222157,0.00032416306203231215
small_1_3,G6,900,0.6383461356163025,1.566548228263855,0.5502750873565674,-2148.8447265625,-2148.85546875,2069.46337890625,2122.452392578125,19.08672332763672,-67.20826721191406,2167.0,2167.0,99.4949494949495,0,0.0,0,0.0,0.9898439049720764,0.15266969799995422,0.9674721956253052,0.8912206888198853,0.001416015555150807,0.018328260630369186,0.0029356982558965683,5.1176026317989454e-05,3.3264320791204227e-06,0.00025171006564050913,0.0001962464302778244,0.6863448023796082,0.23211579024791718,0.0020941870752722025,0.0003218737547285855
small_1_3,G6,950,0.6093330979347229,1.6411384344100952,0.5252625942230225,-2145.83349609375,-2145.84326171875,2073.34375,2126.3134765625,17.840038299560547,-61.628944396972656,2167.0,2167.0,99.4949494949495,0,0.0,0,0.0,0.990533709526062,0.14666222035884857,0.9695588946342468,0.8989941477775574,0.0014257811708375812,0.016954921185970306,0.0030330196022987366,4.757405986310914e-05,3.415965920794406e-06,0.0002470352337695658,0.00024260161444544792,0.672652542591095,0.22648093104362488,0.002045029541477561,0.0003268457076046616
small_1_3,G6,1000,0.5803201198577881,1.7231868505477905,0.5002501010894775,-2142.923583984375,-2142.9326171875,2076.98681640625,2129.934814453125,16.67028045654297,-56.27151870727539,2167.0,2167.0,99.4949494949495,0,0.0,0,0.0,0.9911797642707825,0.14060845971107483,0.9715449810028076,0.9056738018989563,0.0015332030598074198,0.015738362446427345,0.0029760703910142183,4.4385607907315716e-05,3.3418930343032116e-06,0.00020025341655127704,0.00019753375090658665,0.6553494334220886,0.21800564229488373,0.001999693689867854,0.00032295964774675667
small_1_3,G6,1050,0.5513070821762085,1.813871145248413,0.4752376079559326,-2140.128662109375,-2140.13671875,2080.4248046875,2133.357421875,15.567695617675781,-51.12962341308594,2167.0,2167.0,99.4949494949495,0,0.0,0,0.0,0.9917892217636108,0.13448436558246613,0.973466157913208,0.9124511480331421,0.0015917968703433871,0.0147329680621624,0.003511808579787612,4.161260585533455e-05,3.5087352898699464e-06,0.0006676979246549308,0.0012791311601176858,0.6517553329467773,0.3185742199420929,0.001964499708265066,0.0003403439186513424
small_1_3,G6,1100,0.5222941040992737,1.9146300554275513,0.4502251148223877,-2137.45654296875,-2137.46435546875,2083.6689453125,2136.5810546875,14.511463165283203,-46.21586608886719,2167.0,2167.0,99.4949494949495,0,0.0,0,0.0,0.9923765063285828,0.12831322848796844,0.9753124713897705,0.9202929735183716,0.0016015624860301614,0.013740207999944687,0.00312807853333652,3.9081340219127014e-05,3.420703478695941e-06,0.0002876149083022028,0.000205690274015069,0.6379914879798889,0.22453564405441284,0.0019312322838231921,0.0003298246010672301
small_1_3,G6,1150,0.4932810664176941,2.0272417068481445,0.425212562084198,-2134.901123046875,-2134.907958984375,2086.7109375,2139.611328125,13.523421287536621,-41.526123046875,2167.0,2167.0,99.4949494949495,0,0.0,0,0.0,0.9929217100143433,0.12207460403442383,0.9770759344100952,0.9313378930091858,0.0016503905644640326,0.01289273053407669,0.00306606013327837,3.6819747037952766e-05,3.3517555948492372e-06,0.0002755679888650775,0.00019402033649384975,0.6288096308708191,0.22040198743343353,0.0019007357768714428,0.0003256992786191404
small_1_3,G6,1200,0.4642680883407593,2.15392804145813,0.4002000689506531,-2132.471923828125,-2132.478271484375,2089.5673828125,2142.4482421875,12.589326858520508,-37.066043853759766,2167.0,2167.0,99.4949494949495,0,0.0,0,0.0,0.9934359788894653,0.11577347666025162,0.9787704348564148,0.9389843344688416,0.0017285156063735485,0.01212498638778925,0.0031519976910203695,3.47690875059925e-05,3.439641886870959e-06,0.0001218659381265752,0.00018033618107438087,0.6184584498405457,0.2272108495235443,0.001873068162240088,0.00033530782093293965
small_1_3,G6,1250,0.4352550506591797,2.2975034713745117,0.37518757581710815,-2130.172607421875,-2130.178466796875,2092.24853515625,2145.126953125,11.705909729003906,-32.83479690551758,2167.0,2167.0,99.4949494949495,0,0.0,0,0.0,0.9939213991165161,0.1093946024775505,0.9804009795188904,0.9433690905570984,0.0018554687267169356,0.011449766345322132,0.003227425739169121,3.2917447242653e-05,3.4729746403172612e-06,0.0004160568933002651,0.0002509916666895151,0.6158381104469299,0.2325192540884018,0.0018499301513656974,0.0003375168889760971
small_1_3,G6,1300,0.4062420725822449,2.4615864753723145,0.35017526149749756,-2128.00537109375,-2128.01123046875,2094.75390625,2147.615234375,10.869016647338867,-28.84164810180664,2167.0,2167.0,99.4949494949495,0,0.0,0,0.0,0.9943790435791016,0.10295432806015015,0.9819486737251282,0.9459081888198853,0.001992187462747097,0.010813789442181587,0.003242736915126443,3.120630935882218e-05,3.4587803838803666e-06,0.00010684467997634783,0.000212446553632617,0.6069768071174622,0.22907046973705292,0.0018264130922034383,0.0003369491605553776
small_1_3,G6,1350,0.3772290349006653,2.650909423828125,0.3251709043979645,-2125.9736328125,-2125.978515625,2097.089599609375,2149.939453125,10.079594612121582,-25.086788177490234,2167.0,2167.0,99.4949494949495,0,0.0,0,0.0,0.9948066473007202,0.09643694013357162,0.983415961265564,0.9489843249320984,0.002099609235301614,0.010243295691907406,0.003223864594474435,2.963914448628202e-05,3.452227701927768e-06,0.00010037321771960706,0.00020048418082296848,0.6020498275756836,0.22926969826221466,0.001805199310183525,0.00033861875999718904
small_1_3,G6,1400,0.34821605682373047,2.8717801570892334,0.3003411889076233,-2124.091064453125,-2124.095947265625,2099.24609375,2152.0810546875,9.33543586730957,-21.59892463684082,2167.0,2167.0,99.4949494949495,0,0.0,0,0.0,0.9952049255371094,0.08989328145980835,0.9847971796989441,0.9551171660423279,0.0022265624720603228,0.009721113368868828,0.0033748403657227755,2.819456858560443e-05,3.5231107631261693e-06,9.448312630411237e-05,0.00025809695944190025,0.5980677008628845,0.23615378141403198,0.001785516389645636,0.00034228619188070297
small_1_3,G6,1450,0.3192030191421509,3.1328024864196777,0.277316153049469,-2122.48046875,-2122.48486328125,2101.153564453125,2153.94580078125,8.613702774047852,-18.581886291503906,2167.0,2167.0,99.4949494949495,0,0.0,0,0.0,0.9955956339836121,0.0837576761841774,0.9860658645629883,0.9672070145606995,0.002343749860301614,0.009263232350349426,0.0034694529604166746,2.6890595108852722e-05,3.498638989185565e-06,0.00035986528382636607,0.0003324145218357444,0.6061099767684937,0.24351800978183746,0.0017730130348354578,0.00033123328466899693
small_1_3,G6,1500,0.29019004106521606,3.4460177421569824,0.2625235319137573,-2121.49755859375,-2121.501953125,2102.4169921875,2155.20556640625,7.911044120788574,-16.789104461669922,2167.0,2167.0,99.4949494949495,0,0.0,0,0.0,0.9959908127784729,0.07994095981121063,0.986916184425354,0.9716210961341858,0.0024999999441206455,0.00881539098918438,0.0034820118453353643,2.572103767306544e-05,3.406376663406263e-06,0.00011410358274588361,0.00020227371715009212,0.5982059836387634,0.24145615100860596,0.0017652359092608094,0.0002902086707763374
small_1_3,G6,1550,0.26117706298828125,3.82882022857666,0.26034680008888245,-2121.356201171875,-2121.3603515625,2102.898681640625,2155.68359375,7.15226936340332,-16.5936222076416,2167.0,2167.0,99.4949494949495,0,0.0,0,0.0,0.9964779615402222,0.07967076450586319,0.9872831702232361,0.9731542468070984,0.0024902343284338713,0.008434563875198364,0.0034973686560988426,2.4680917704245076e-05,3.4987151593668386e-06,7.958207424962893e-05,0.00021543330512940884,0.6081526875495911,0.24768854677677155,0.0017705243080854416,0.0002807397977449
small_1_3,G6,1600,0.23216402530670166,4.307299613952637,0.25009971857070923,-2120.72412109375,-2120.72802734375,2103.828857421875,2156.61083984375,6.384971618652344,-15.416664123535156,2167.0,2167.0,99.4949494949495,0,0.0,0,0.0,0.9969871044158936,0.07705257833003998,0.9879384636878967,0.9740234017372131,0.0024609374813735485,0.00803783256560564,0.0034512951970100403,2.3527145458501764e-05,3.710907094500726e-06,7.538700447184965e-05,0.00019559694919735193,0.603710412979126,0.2433004230260849,0.0017496158834546804,0.00035745478817261755
small_1_3,G6,1650,0.20315104722976685,4.922445774078369,0.2105179876089096,-2118.4677734375,-2118.47119140625,2106.171875,2158.92822265625,5.81058406829834,-11.119241714477539,2167.0,2167.0,99.4949494949495,0,0.0,0,0.0,0.9972991943359375,0.06602310389280319,0.9894859194755554,0.9743359088897705,0.0026660156436264515,0.007641511503607035,0.0036200731992721558,2.235059582744725e-05,3.911020485247718e-06,7.153928891057149e-05,0.0002856393111869693,0.5842264890670776,0.2639281749725342,0.0017012954922392964,0.0004588124866131693
small_1_3,G6,1700,0.17413800954818726,5.742571830749512,0.16261200606822968,-2116.216796875,-2116.22021484375,2108.4599609375,2161.1796875,5.478165149688721,-6.806264877319336,2167.0,2167.0,99.4949494949495,0,0.0,0,0.0,0.9973677396774292,0.05231982097029686,0.9910044074058533,0.9752734303474426,0.0030566405039280653,0.007306617684662342,0.003772345371544361,2.1403890059445985e-05,3.849210770567879e-06,0.00014783548249397427,0.0002727827522903681,0.5841993689537048,0.2672434449195862,0.0016899569891393185,0.0004369189264252782
small_1_3,G6,1750,0.14512503147125244,6.890610218048096,0.12727773189544678,-2114.893310546875,-2114.896728515625,2109.8583984375,2162.5625,5.252869129180908,-4.276118278503418,2167.0,2167.0,99.4949494949495,0,0.0,0,0.0,0.9973307847976685,0.04199593514204025,0.9919113516807556,0.9905175566673279,0.0034082031343132257,0.00697976304218173,0.0037389681674540043,2.0447934730327688e-05,3.620038569351891e-06,6.464870239142329e-05,0.0002427048166282475,0.573276698589325,0.2602660357952118,0.0016642422415316105,0.0003799378464464098
small_1_3,G6,1800,0.11611199378967285,8.612374305725098,0.10024542361497879,-2114.080810546875,-2114.083984375,2110.77587890625,2163.474853515625,5.006726264953613,-2.72664475440979,2167.0,2167.0,99.4949494949495,0,0.0,0,0.0,0.9973429441452026,0.03399961441755295,0.9924989342689514,0.9934472441673279,0.0037207030691206455,0.0066751581616699696,0.0038382208440452814,1.9535929823177867e-05,3.571295337678748e-06,6.15637909504585e-05,0.0002766831312328577,0.564965546131134,0.26334765553474426,0.0016351499361917377,0.0003622807562351227
small_1_3,G6,1850,0.08709895610809326,11.481193542480469,0.07504609227180481,-2113.47900390625,-2113.48193359375,2111.47607421875,2164.174560546875,4.74528694152832,-1.592282772064209,2167.0,2167.0,99.4949494949495,0,0.0,0,0.0,0.9974068403244019,0.026521746069192886,0.9929497838020325,0.9938671588897705,0.003955077845603228,0.0063889287412166595,0.0039006629958748817,1.8685965187614784e-05,3.4862628126575146e-06,5.866675201104954e-05,0.0002812061575241387,0.5577767491340637,0.2668474614620209,0.0016091850120574236,0.0003555785515345633
small_1_3,G6,1900,0.05808603763580322,17.21584129333496,0.050025176256895065,-2113.029541015625,-2113.032470703125,2112.008056640625,2164.70703125,4.498384475708008,-0.7631057500839233,2167.0,2167.0,99.4949494949495,0,0.0,0,0.0,0.9974839687347412,0.019068041816353798,0.9933069944381714,0.993945300579071,0.003984374925494194,0.006116888020187616,0.003920599352568388,1.7885859051602893e-05,3.389671064724098e-06,5.596931077889167e-05,0.0003041593881789595,0.5495347380638123,0.2716656029224396,0.0015848519979044795,0.00035363947972655296
small_1_3,G6,1950,0.029072999954223633,34.396175384521484,0.02501249499619007,-2112.72900390625,-2112.7314453125,2112.37548828125,2165.0751953125,4.275860786437988,-0.23165255784988403,2167.0,2167.0,99.4949494949495,0,0.0,0,0.0,0.9975581765174866,0.01157707441598177,0.9936262369155884,0.9939648509025574,0.0033984375186264515,0.0058575705625116825,0.004120012279599905,1.712595440039877e-05,3.379552254045848e-06,5.342572694644332e-05,0.0003780786646530032,0.5403129458427429,0.2801291048526764,0.001560567761771381,0.0003548934473656118
small_1_3,G6,2000,5.999999848427251e-05,16666.66796875,0.0,-2112.578125,-2112.58056640625,2112.58056640625,2165.2841796875,4.076164245605469,0.0,2167.0,2167.0,99.4949494949495,0,0.0,0,0.0,0.9976287484169006,0.004070699214935303,0.994718611240387,0.9939648509025574,0.0010937500046566129,0.005606712307780981,0.004624703899025917,1.6397912986576557e-05,3.6054525480722077e-06,5.1595514378277585e-05,0.00039318413473665714,0.5294057130813599,0.7271347045898438,0.0015357111115008593,0.00048682966735213995
small_1_3,G7,1,1.159999966621399,0.8620690107345581,1.0,-576.1936645507812,-576.4304809570312,-75.0,-74.99999237060547,554.4752197265625,-8.239250183105469,58.0,58.0,2.8913260219341974,0,0.0,0,0.0,0.010301408357918262,0.010299062356352806,0.0002127203333657235,0.0,1.0,0.02446174807846546,0.0002515533706173301,7.644292782060802e-05,6.273026542658044e-07,7.680682756472379e-05,3.5500409012456657e-06,9.59869384765625,9.20913028717041,0.02999591827392578,0.028656743466854095
small_1_3,G7,50,1.1315672397613525,0.8837300539016724,0.9754877686500549,-591.6138916015625,-593.152099609375,-75.0,-75.0,553.359130859375,-41.988922119140625,395.0,412.0,20.53838484546361,0,0.0,0,0.0,0.053805045783519745,0.05380503088235855,3.4356635296717286e-05,0.0,1.0,0.11239688098430634,0.00010115003533428535,0.0003512401308398694,2.508649856736156e-07,0.0003526502405293286,1.5091692375790444e-06,13.446797370910645,0.3540855944156647,0.042021241039037704,0.0008874759078025818
small_1_3,G7,100,1.102554202079773,0.9069848656654358,0.9504752159118652,-834.3037109375,-855.5067138671875,90.59161376953125,115.2867431640625,487.379150390625,-227.55311584472656,1929.0,1929.0,96.16151545363908,0,0.0,0,0.0,0.40379583835601807,0.29926228523254395,0.25577229261398315,0.0,0.03651367127895355,0.7543322443962097,0.5347778797149658,0.0021426400635391474,0.001148051698692143,0.008329193107783794,0.008453593589365482,18.270689010620117,18.603660583496094,0.05689447373151779,0.05623111128807068
small_1_3,G7,150,1.0735411643981934,0.9314966797828674,0.9254627227783203,-1863.8544921875,-1870.31103515625,1526.171142578125,1573.091796875,157.20599365234375,-175.37283325195312,1979.0,1979.0,98.65403788634097,0,0.0,0,0.0,0.8985815048217773,0.236872136592865,0.8455143570899963,0.0,0.0027343749534338713,0.6713159084320068,0.13247238099575043,0.0017994765657931566,0.0002592837263364345,0.00749434158205986,0.007938254624605179,10.776854515075684,2.67720365524292,0.032726362347602844,0.004527471959590912
small_1_3,G7,200,1.0445282459259033,0.9573699831962585,0.9004502296447754,-1982.32275390625,-1983.220947265625,1725.98486328125,1770.411376953125,84.62539672851562,-168.84259033203125,1981.0,1981.0,98.75373878364906,0,0.0,0,0.0,0.9527676701545715,0.23438632488250732,0.9044097065925598,0.4822167754173279,0.0019628906156867743,0.25101226568222046,0.03569060191512108,0.0006676804041489959,3.257272328482941e-05,0.0029617834370583296,0.007190477102994919,3.9908459186553955,1.5714749097824097,0.011872535571455956,0.0012960161548107862
small_1_3,G7,250,1.0155152082443237,0.984721839427948,0.8754377365112305,-2003.5328369140625,-2003.8743896484375,1779.3165283203125,1821.05419921875,63.51331329345703,-160.05908203125,1981.0,1981.0,98.75373878364906,0,0.0,0,0.0,0.9658262133598328,0.22854147851467133,0.920599102973938,0.633593738079071,0.0017578124534338713,0.15097634494304657,0.02485356293618679,0.0004000728076789528,9.921009223035071e-06,0.0017946215812116861,0.012460585683584213,2.54440975189209,0.9689171314239502,0.007471033837646246,0.0006621497450396419
small_1_3,G7,300,0.9865021705627441,1.01368248462677,0.8504252433776855,-2009.7093505859375,-2009.88720703125,1806.257568359375,1847.159423828125,52.735679626464844,-151.60574340820312,1981.0,1981.0,98.75373878364906,0,0.0,0,0.0,0.9718937277793884,0.2228381335735321,0.928949236869812,0.6959667801856995,0.0018457031110301614,0.10561394691467285,0.010099969804286957,0.0002794271567836404,6.017402938596206e-06,0.0012536850990727544,0.0028530650306493044,1.9051421880722046,0.6872756481170654,0.005592988803982735,0.0004913072334602475
small_1_3,G7,350,0.9574891924858093,1.0443981885910034,0.8254126906394958,-2011.0069580078125,-2011.11962890625,1823.799072265625,1864.32373046875,45.86412811279297,-143.4063720703125,1981.0,1981.0,98.75373878364906,0,0.0,0,0.0,0.9755859375,0.2171737253665924,0.9346715807914734,0.7330761551856995,0.001708984375,0.08007771521806717,0.011215895414352417,0.00021186392405070364,5.493331173056504e-06,0.0016612281324341893,0.0031692972406744957,1.5658870935440063,0.7687486410140991,0.004569286480545998,0.00047945757978595793
small_1_3,G7,400,0.9284762144088745,1.077033519744873,0.8004001975059509,-2010.2138671875,-2010.29052734375,1836.976806640625,1884.2418212890625,40.881587982177734,-135.35610961914062,1988.0,1989.0,99.15254237288136,0,0.0,0,0.0,0.9782243371009827,0.21138817071914673,0.9393607378005981,0.7592187523841858,0.0016894531436264515,0.06371622532606125,0.01333948876708746,0.00016879153554327786,4.762777280120645e-06,0.0011453317711129785,0.00672672176733613,1.3484126329421997,0.5391542911529541,0.003912575077265501,0.000392705638660118
small_1_3,G7,450,0.8994631767272949,1.111774206161499,0.775387704372406,-2008.14013671875,-2008.1962890625,1847.2586669921875,1904.0201416015625,37.059173583984375,-127.6042709350586,1997.0,1997.0,99.55134596211366,0,0.0,0,0.0,0.9802147746086121,0.20571044087409973,0.9432040452957153,0.7796679735183716,0.0017285156063735485,0.05237545445561409,0.007911650463938713,0.00013918163313064724,4.189230821793899e-06,0.0013907903339713812,0.003667416051030159,1.1764293909072876,0.5962342023849487,0.0034469400998204947,0.0003860430442728102
small_1_3,G7,500,0.8704501390457153,1.1488308906555176,0.7503751516342163,-2005.46142578125,-2005.5030517578125,1855.8682861328125,1914.756103515625,33.9332275390625,-120.09762573242188,1998.0,1998.0,99.6011964107677,0,0.0,0,0.0,0.9818498492240906,0.20006263256072998,0.94657963514328,0.79603511095047,0.0017285156063735485,0.04414423927664757,0.005071528721600771,0.00011787008406827226,3.748540621018037e-06,0.0006378538091666996,0.002671575639396906,1.0614575147628784,0.3780123293399811,0.0031208449508994818,0.00034064098144881427
small_1_3,G7,550,0.8414371609687805,1.1884428262710571,0.7253626585006714,-2002.407958984375,-2002.4403076171875,1863.3040771484375,1922.088134765625,31.320117950439453,-112.78239440917969,1998.0,1998.0,99.6011964107677,0,0.0,0,0.0,0.9832101464271545,0.19435515999794006,0.9496882557868958,0.8110937476158142,0.0016308593330904841,0.03803706169128418,0.0036873717326670885,0.00010199443931924179,3.6464464301388944e-06,0.000995444948785007,0.00082616345025599,0.9729297757148743,0.3751165270805359,0.002874689409509301,0.00034122049692086875
small_1_3,G7,600,0.8124241828918457,1.230884075164795,0.7003501653671265,-1999.200439453125,-1999.2288818359375,1869.95703125,1928.1990966796875,29.031646728515625,-105.68598937988281,1998.0,1998.0,99.6011964107677,0,0.0,0,0.0,0.9844164848327637,0.1886305958032608,0.9525613784790039,0.8250781297683716,0.0015917968703433871,0.03344588726758957,0.007817515172064304,8.979886479210109e-05,3.8313974073389545e-06,0.0014130932977423072,0.004357034340500832,0.920923113822937,0.5536996722221375,0.0026924111880362034,0.0003638702037278563
small_1_3,G7,650,0.7834111452102661,1.2764689922332764,0.6753376722335815,-1995.89306640625,-1995.9150390625,1875.9635009765625,1933.65283203125,26.980697631835938,-98.81462097167969,1998.0,1998.0,99.6011964107677,0,0.0,0,0.0,0.985512912273407,0.18289855122566223,0.9552436470985413,0.8381640315055847,0.0015332030598074198,0.029403306543827057,0.0034628475550562143,7.972977618919685e-05,3.4600141134433215e-06,0.0009113521664403379,0.0013135861372575164,0.8481082916259766,0.3546902537345886,0.00253303162753582,0.000333268049871549
small_1_3,G7,700,0.7543981075286865,1.3255600929260254,0.6503251791000366,-1992.5465087890625,-1992.5648193359375,1881.467529296875,1938.6690673828125,25.151561737060547,-92.12300109863281,1998.0,1998.0,99.6011964107677,0,0.0,0,0.0,0.9864935874938965,0.17707103490829468,0.957855224609375,0.8501366972923279,0.001542968675494194,0.026286855340003967,0.0035335964057594538,7.170344179030508e-05,3.5625553209683858e-06,0.0006448066560551524,0.0013441825285553932,0.8030632734298706,0.25894618034362793,0.00241092243231833,0.00033073261147364974
small_1_3,G7,750,0.7253851294517517,1.3785780668258667,0.6253126859664917,-1989.226806640625,-1989.242919921875,1886.53955078125,1943.337890625,23.480152130126953,-85.67129516601562,1998.0,1998.0,99.6011964107677,0,0.0,0,0.0,0.9873965382575989,0.1712568998336792,0.9602640867233276,0.8597363233566284,0.0015917968703433871,0.02379385009407997,0.0045996359549462795,6.51221489533782e-05,3.5604027743829647e-06,0.0010750124929472804,0.0030480343848466873,0.7729005813598633,0.3486837148666382,0.0023121824488043785,0.00033612403785809875
small_1_3,G7,800,0.6963721513748169,1.4360138177871704,0.600300133228302,-1985.943115234375,-1985.9569091796875,1891.26416015625,1947.6898193359375,21.939821243286133,-79.41444396972656,1998.0,1998.0,99.6011964107677,0,0.0,0,0.0,0.9882347583770752,0.16536402702331543,0.9626309871673584,0.870410144329071,0.0016113281017169356,0.021564526483416557,0.0029898143839091063,5.94964440097101e-05,3.4239124033774715e-06,0.0004108239954803139,0.0002824082039296627,0.7342529892921448,0.22823858261108398,0.0022265121806412935,0.00032401445787400007
small_1_3,G7,850,0.6673591136932373,1.498443603515625,0.5752876400947571,-1982.7530517578125,-1982.765380859375,1895.71240234375,1951.765869140625,20.506311416625977,-73.36779022216797,1998.0,1998.0,99.6011964107677,0,0.0,0,0.0,0.989020049571991,0.15941543877124786,0.9649186730384827,0.881884753704071,0.0015917968703433871,0.019808556884527206,0.003953978884965181,5.4823874961584806e-05,3.489795517452876e-06,0.0005629530642181635,0.0014030381571501493,0.7251943349838257,0.26272377371788025,0.002163057681173086,0.000324534805258736
small_1_3,G7,900,0.6383461356163025,1.566548228263855,0.5502750873565674,-1979.6229248046875,-1979.6337890625,1899.8516845703125,1955.603515625,19.169565200805664,-67.54524230957031,1998.0,1998.0,99.6011964107677,0,0.0,0,0.0,0.9897531867027283,0.15343515574932098,0.9670761823654175,0.8924120664596558,0.0016699217958375812,0.018153242766857147,0.0029718675650656223,5.0656013627303764e-05,3.347386837049271e-06,0.00025690897018648684,0.0003792027710005641,0.6897633671760559,0.21839596331119537,0.0020985929295420647,0.0003189837734680623
small_1_3,G7,950,0.6093330979347229,1.6411384344100952,0.5252625942230225,-1976.5885009765625,-1976.5982666015625,1903.7415771484375,1959.222900390625,17.922042846679688,-61.936187744140625,1998.0,1998.0,99.6011964107677,0,0.0,0,0.0,0.9904385209083557,0.1473933905363083,0.969150722026825,0.9003222584724426,0.0016992187593132257,0.016795657575130463,0.0030571159441024065,4.709855420514941e-05,3.440545924604521e-06,0.00041722023161128163,0.0002770782448351383,0.6732795834541321,0.22814801335334778,0.0020486621651798487,0.00032835433376021683
small_1_3,G7,1000,0.5803201198577881,1.7231868505477905,0.5002501010894775,-1973.658935546875,-1973.667724609375,1907.3988037109375,1962.6378173828125,16.749345779418945,-56.54888916015625,1998.0,1998.0,99.6011964107677,0,0.0,0,0.0,0.9910842776298523,0.14130154252052307,0.97114497423172,0.90638667345047,0.001787109300494194,0.015596436336636543,0.002991788787767291,4.396353688207455e-05,3.3597907531657256e-06,0.0002202917676186189,0.00020178640261292458,0.658524215221405,0.22003698348999023,0.002005006419494748,0.00032301759347319603
small_1_3,G7,1050,0.5513070821762085,1.813871145248413,0.4752376079559326,-1970.843505859375,-1970.851806640625,1910.844482421875,1965.85546875,15.643041610717773,-51.38320541381836,1998.0,1998.0,99.6011964107677,0,0.0,0,0.0,0.9916957020759583,0.13515135645866394,0.9730742573738098,0.9128026962280273,0.0017773436848074198,0.014559426344931126,0.0032147483434528112,4.120796074857935e-05,3.497091256576823e-06,0.00040240303496830165,0.0005464167334139347,0.6495757102966309,0.33015763759613037,0.0019687539897859097,0.0003408330667298287
small_1_3,G7,1100,0.5222941040992737,1.9146300554275513,0.4502251148223877,-1968.160888671875,-1968.1683349609375,1914.109375,1968.897216796875,14.587913513183594,-46.43964385986328,1998.0,1998.0,99.6011964107677,0,0.0,0,0.0,0.9922828674316406,0.12893450260162354,0.9749457240104675,0.9206054210662842,0.0017578124534338713,0.013647938147187233,0.0033042621798813343,3.8745296478737146e-05,3.5009636576432968e-06,0.0005542655126191676,0.00054908636957407,0.6443488597869873,0.24346591532230377,0.0019383918261155486,0.0003338674723636359
small_1_3,G7,1150,0.4932810664176941,2.0272417068481445,0.425212562084198,-1965.5909423828125,-1965.5977783203125,1917.1622314453125,1971.7503662109375,13.60102653503418,-41.72649383544922,1998.0,1998.0,99.6011964107677,0,0.0,0,0.0,0.9928266406059265,0.12266363203525543,0.9767176508903503,0.9311816096305847,0.0018359374953433871,0.012786035425961018,0.0031682937406003475,3.6494115192908794e-05,3.513652018227731e-06,0.0002011218894040212,0.00020053074695169926,0.6302074193954468,0.23807163536548615,0.0019062361679971218,0.0003397934779059142
small_1_3,G7,1200,0.4642680883407593,2.15392804145813,0.4002000689506531,-1963.15234375,-1963.158935546875,1920.039794921875,1974.449462890625,12.66698169708252,-37.23816680908203,1998.0,1998.0,99.6011964107677,0,0.0,0,0.0,0.9933415055274963,0.11631108820438385,0.9784399271011353,0.9385546445846558,0.0019726562313735485,0.012051376514136791,0.003330127103254199,3.448992356425151e-05,3.588737854443025e-06,0.00033385647111572325,0.0004640956176444888,0.6266589760780334,0.24961231648921967,0.0018810945330187678,0.00034607260022312403
small_1_3,G7,1250,0.4352550506591797,2.2975034713745117,0.37518757581710815,-1960.841796875,-1960.8477783203125,1922.7337646484375,1976.98388671875,11.7794771194458,-32.98700714111328,1998.0,1998.0,99.6011964107677,0,0.0,0,0.0,0.9938319325447083,0.10990173369646072,0.9800881743431091,0.9435449242591858,0.0020507811568677425,0.011378591880202293,0.003363661002367735,3.2646967156324536e-05,3.5749135349760763e-06,0.0004737086419481784,0.0005718541797250509,0.6211361885070801,0.25379154086112976,0.0018561009783297777,0.00034716949448920786
small_1_3,G7,1300,0.4062420725822449,2.4615864753723145,0.35017526149749756,-1958.668212890625,-1958.674072265625,1925.255859375,1979.365234375,10.93971061706543,-28.974044799804688,1998.0,1998.0,99.6011964107677,0,0.0,0,0.0,0.9942930936813354,0.10342693328857422,0.98164302110672,0.9461621046066284,0.0022558593191206455,0.010815205052495003,0.0035069866571575403,3.0972823878983036e-05,3.5787923025054624e-06,0.0008767138351686299,0.0005183767061680555,0.6197362542152405,0.3512379825115204,0.0018338761292397976,0.0003483185137156397
small_1_3,G7,1350,0.3772290349006653,2.650909423828125,0.3251709043979645,-1956.629638671875,-1956.634765625,1927.60546875,1981.57080078125,10.146333694458008,-25.201801300048828,1998.0,1998.0,99.6011964107677,0,0.0,0,0.0,0.9947251677513123,0.09687905758619308,0.9831253886222839,0.9496093392372131,0.0024121094029396772,0.0101711954921484,0.003314452711492777,2.939137993962504e-05,3.510381702653831e-06,0.00016745789616834372,0.0002030195901170373,0.6060711145401001,0.2306985855102539,0.0018102790927514434,0.0003390780766494572
small_1_3,G7,1400,0.34821605682373047,2.8717801570892334,0.3003411889076233,-1954.736083984375,-1954.740966796875,1929.765625,1983.6201171875,9.40722942352295,-21.6994571685791,1998.0,1998.0,99.6011964107677,0,0.0,0,0.0,0.9951204657554626,0.090311698615551,0.9845016002655029,0.9557421803474426,0.0024902343284338713,0.009647161699831486,0.003332840045914054,2.7950089133810252e-05,3.525738065945916e-06,0.00012958349543623626,0.00020036986097693443,0.5996975898742676,0.23168103396892548,0.0017887562280520797,0.0003407196491025388
small_1_3,G7,1450,0.3192030191421509,3.1328024864196777,0.277316153049469,-1953.100830078125,-1953.10546875,1931.648681640625,1985.406005859375,8.708894729614258,-18.67670440673828,1998.0,1998.0,99.6011964107677,0,0.0,0,0.0,0.9954916834831238,0.08418507128953934,0.9857205748558044,0.9678124785423279,0.0026660156436264515,0.009170560166239738,0.003409785218536854,2.6637630071491003e-05,3.5370601381146116e-06,8.91148010850884e-05,0.0002038879320025444,0.5960357785224915,0.2361314743757248,0.0017713510897010565,0.0003313506313133985
small_1_3,G7,1500,0.29019004106521606,3.4460177421569824,0.2625235319137573,-1952.1077880859375,-1952.1121826171875,1932.9102783203125,1986.61083984375,8.014423370361328,-16.876178741455078,1998.0,1998.0,99.6011964107677,0,0.0,0,0.0,0.9958839416503906,0.08035555481910706,0.9865607023239136,0.9723144173622131,0.002792968647554517,0.008744771592319012,0.0035081878304481506,2.5495495719951577e-05,3.4278855309821665e-06,0.00010008009849116206,0.0002461714902892709,0.59738689661026,0.24235692620277405,0.0017663523321971297,0.00028989266138523817
small_1_3,G7,1550,0.26117706298828125,3.82882022857666,0.26034680008888245,-1951.966796875,-1951.970947265625,1933.3974609375,1987.0693359375,7.251471519470215,-16.6795711517334,1998.0,1998.0,99.6011964107677,0,0.0,0,0.0,0.9963804483413696,0.08008342236280441,0.9869232177734375,0.9736230373382568,0.0027832030318677425,0.00837674830108881,0.0035214154049754143,2.447882798151113e-05,3.5220239169575507e-06,0.00019184259872417897,0.00047436030581593513,0.6107563376426697,0.24634231626987457,0.0017737416783347726,0.0002795851032715291
small_1_3,G7,1600,0.23216402530670166,4.307299613952637,0.25009971857070923,-1951.32763671875,-1951.33154296875,1934.3267822265625,1987.946533203125,6.478341102600098,-15.50079345703125,1998.0,1998.0,99.6011964107677,0,0.0,0,0.0,0.9969013929367065,0.07747306674718857,0.987569272518158,0.9744433164596558,0.002792968647554517,0.007977893576025963,0.0034814225509762764,2.3328824681811966e-05,3.7769541449961253e-06,7.928600098239258e-05,0.000216776505112648,0.6038594841957092,0.24313418567180634,0.0017517124069854617,0.0003594386507757008
small_1_3,G7,1650,0.20315104722976685,4.922445774078369,0.2105179876089096,-1949.0546875,-1949.058349609375,1936.672607421875,1990.1796875,5.904380798339844,-11.18628978729248,1998.0,1998.0,99.6011964107677,0,0.0,0,0.0,0.9972166419029236,0.06642121821641922,0.9891038537025452,0.9748144149780273,0.0029980468098074198,0.007582389749586582,0.003655102336779237,2.2155087208375335e-05,3.975895651819883e-06,7.165421993704513e-05,0.000257049803622067,0.5836220979690552,0.26158735156059265,0.0017019197111949325,0.0004596081271301955
small_1_3,G7,1700,0.17413800954818726,5.742571830749512,0.16261200606822968,-1946.7744140625,-1946.77783203125,1938.94775390625,1992.34912109375,5.590075492858887,-6.856816291809082,1998.0,1998.0,99.6011964107677,0,0.0,0,0.0,0.997269332408905,0.05270841345191002,0.9905884265899658,0.9756054282188416,0.003369140438735485,0.007246548309922218,0.0037461533211171627,2.1217843823251314e-05,3.91171897717868e-06,6.803573342040181e-05,0.00024993717670440674,0.5797598958015442,0.26624128222465515,0.0016901021590456367,0.0004403983475640416
small_1_3,G7,1750,0.14512503147125244,6.890610218048096,0.12727773189544678,-1945.435791015625,-1945.439208984375,1940.345703125,1993.67822265625,5.379825592041016,-4.312648296356201,1998.0,1998.0,99.6011964107677,0,0.0,0,0.0,0.9972171783447266,0.04235469549894333,0.9914894104003906,0.9898241758346558,0.0038964843843132257,0.00692547345533967,0.003866194048896432,2.0271952962502837e-05,3.7601275835186243e-06,6.46148037048988e-05,0.0002462001866661012,0.572066605091095,0.2645985782146454,0.0016651884652674198,0.0003871481749229133
small_1_3,G7,1800,0.11611199378967285,8.612374305725098,0.10024542361497879,-1944.6107177734375,-1944.61376953125,1941.262451171875,1994.556640625,5.143694877624512,-2.7542128562927246,1998.0,1998.0,99.6011964107677,0,0.0,0,0.0,0.9972190856933594,0.034343376755714417,0.9920721054077148,0.9929882884025574,0.0043359375558793545,0.006623702589422464,0.003857232630252838,1.936585431394633e-05,3.613083890741109e-06,6.28623747616075e-05,0.00024510209914296865,0.5637356638908386,0.2635931074619293,0.001635603024624288,0.00036400966928340495
small_1_3,G7,1850,0.08709895610809326,11.481193542480469,0.07504609227180481,-1943.9970703125,-1944.0,1941.9619140625,1995.2294921875,4.887482643127441,-1.6123757362365723,1998.0,1998.0,99.6011964107677,0,0.0,0,0.0,0.997278094291687,0.026856424286961555,0.9925194382667542,0.9933886528015137,0.0045312498696148396,0.006340335123240948,0.0038727533537894487,1.8523156541050412e-05,3.5418554489297094e-06,7.020925113465637e-05,0.0002432737674098462,0.5567448139190674,0.2672968804836273,0.00160948873963207,0.0003592456050682813
small_1_3,G7,1900,0.05808603763580322,17.21584129333496,0.050025176256895065,-1943.5361328125,-1943.5389404296875,1942.492919921875,1995.7412109375,4.643275260925293,-0.7763241529464722,1998.0,1998.0,99.6011964107677,0,0.0,0,0.0,0.9973530173301697,0.019398335367441177,0.9928726553916931,0.9934667944908142,0.0045410157181322575,0.006070621777325869,0.003956191707402468,1.7729911633068696e-05,3.443130253799609e-06,6.723252590745687e-05,0.00027588714146986604,0.5488067865371704,0.2742902338504791,0.001585158403031528,0.0003561494522728026
small_1_3,G7,1950,0.029072999954223633,34.396175384521484,0.02501249499619007,-1943.223876953125,-1943.226318359375,1942.859619140625,1996.099609375,4.4225311279296875,-0.23813368380069733,1998.0,1998.0,99.6011964107677,0,0.0,0,0.0,0.9974261522293091,0.011900817975401878,0.9931971430778503,0.9935058355331421,0.003955077845603228,0.005812744610011578,0.0040854173712432384,1.6975947801256552e-05,3.396141437406186e-06,6.192694854689762e-05,0.0002688658714760095,0.5394734740257263,0.2814425230026245,0.0015607958193868399,0.0003578390460461378
small_1_3,G7,2000,5.999999848427251e-05,16666.66796875,0.0,-1943.061767578125,-1943.064208984375,1943.06396484375,1996.302734375,4.223602771759033,0.0,1998.0,1998.0,99.6011964107677,0,0.0,0,0.0,0.9974966049194336,0.004346228204667568,0.9943535327911377,0.9935058355331421,0.0012109375093132257,0.005562443286180496,0.004694796167314053,1.6252868590527214e-05,3.7075205909786746e-06,6.101514009060338e-05,0.00039724583621136844,0.5285587906837463,0.7509775757789612,0.0015359994722530246,0.0005015691858716309
small_1_3,G8,1,1.159999966621399,0.8620690107345581,1.0,-566.193603515625,-566.430419921875,-85.0,-84.99999237060547,554.4752197265625,-8.239178657531738,45.0,45.0,2.2443890274314215,0,0.0,0,0.0,0.010301322676241398,0.010298972949385643,0.0002130477223545313,0.0,1.0,0.02446156181395054,0.0002504456206224859,7.644233846804127e-05,6.248145041354292e-07,7.67551755416207e-05,3.448925554039306e-06,9.59869384765625,9.208614349365234,0.02999591827392578,0.028653953224420547
small_1_3,G8,50,1.1315672397613525,0.8837300539016724,0.9754877686500549,-581.6135864257812,-583.1517333984375,-85.0,-85.0,553.3591918945312,-41.98859405517578,399.0,411.0,20.49875311720698,0,0.0,0,0.0,0.05380462482571602,0.05380461737513542,3.444407775532454e-05,0.0,1.0,0.11239611357450485,0.00010118877980858088,0.00035123771522194147,2.503446694390732e-07,0.00035244773607701063,1.5006016838015057e-06,13.446799278259277,0.35381004214286804,0.042021244764328,0.0008870050660334527
small_1_3,G8,100,1.102554202079773,0.9069848656654358,0.9504752159118652,-828.0496215820312,-849.737548828125,87.83818817138672,104.86054992675781,487.21026611328125,-224.7236328125,1941.0,1941.0,96.80798004987531,0,0.0,0,0.0,0.40428414940834045,0.2955411374568939,0.2604321539402008,0.0,0.03501953184604645,0.776360273361206,0.5390224456787109,0.002200077287852764,0.0011565859895199537,0.008361940272152424,0.008784245699644089,18.35518455505371,18.634870529174805,0.05715297535061836,0.05632162094116211
small_1_3,G8,150,1.0735411643981934,0.9314966797828674,0.9254627227783203,-1869.232666015625,-1875.744873046875,1533.638671875,1585.324462890625,156.69851684570312,-173.88381958007812,1994.0,1994.0,99.45137157107231,0,0.0,0,0.0,0.8990593552589417,0.2348605990409851,0.8469440937042236,0.0,0.0026757812593132257,0.6788948774337769,0.12927517294883728,0.0018210237612947822,0.00025502711650915444,0.008584992028772831,0.009623249992728233,10.770060539245605,2.664020538330078,0.032727666199207306,0.00449199927970767
small_1_3,G8,200,1.0445282459259033,0.9573699831962585,0.9004502296447754,-1988.821533203125,-1989.714111328125,1734.14501953125,1781.7161865234375,84.31315612792969,-167.50157165527344,1994.0,1994.0,99.45137157107231,0,0.0,0,0.0,0.9530213475227356,0.23252475261688232,0.9055498242378235,0.4884277284145355,0.0018164062639698386,0.2540088891983032,0.029469149187207222,0.0006751841283403337,3.007744817296043e-05,0.0031606839038431644,0.006337939761579037,3.9582033157348633,1.2670743465423584,0.011819984763860703,0.0010705983731895685
small_1_3,G8,250,1.0155152082443237,0.984721839427948,0.8754377365112305,-2009.821044921875,-2010.165283203125,1786.7161865234375,1832.5869140625,63.500728607177734,-158.96310424804688,1994.0,1994.0,99.45137157107231,0,0.0,0,0.0,0.965783953666687,0.22697660326957703,0.9209598898887634,0.6395117044448853,0.0018554687267169356,0.1529025286436081,0.02012914977967739,0.0004047717375215143,8.714815521670971e-06,0.0019459762843325734,0.006272927392274141,2.4994211196899414,0.9978432655334473,0.0073950812220573425,0.0006526393117383122
small_1_3,G8,300,0.9865021705627441,1.01368248462677,0.8504252433776855,-2016.364013671875,-2016.546630859375,1814.0836181640625,1858.7587890625,52.6813850402832,-150.49267578125,1994.0,1994.0,99.45137157107231,0,0.0,0,0.0,0.9719012379646301,0.22120261192321777,0.9295063614845276,0.6989160180091858,0.0018847655737772584,0.1072855144739151,0.02085733227431774,0.0002835406921803951,6.655054221482715e-06,0.0019239941611886024,0.009648704901337624,1.9057130813598633,0.7617272734642029,0.0055840397253632545,0.0005116928368806839
small_1_3,G8,350,0.9574891924858093,1.0443981885910034,0.8254126906394958,-2017.73486328125,-2017.845458984375,1831.703857421875,1875.8323974609375,45.75695037841797,-142.32968139648438,1994.0,1994.0,99.45137157107231,0,0.0,0,0.0,0.9756416082382202,0.2155432254076004,0.935316801071167,0.7343847751617432,0.0018164062639698386,0.08115784823894501,0.00973876565694809,0.00021464361634571105,4.87790020997636e-06,0.0015449502971023321,0.003952376078814268,1.5501285791397095,0.5602723956108093,0.0045500085689127445,0.0004207846359349787
small_1_3,G8,400,0.9284762144088745,1.077033519744873,0.8004001975059509,-2016.7808837890625,-2016.855224609375,1844.50048828125,1888.463134765625,40.816043853759766,-134.45791625976562,1994.0,1994.0,99.45137157107231,0,0.0,0,0.0,0.9782400131225586,0.2099854201078415,0.9398143291473389,0.7608202695846558,0.0017285156063735485,0.06435425579547882,0.004751666449010372,0.00017050567839760333,3.7457311918842606e-06,0.001016215537674725,0.002026044297963381,1.3042405843734741,0.3750951290130615,0.0038702376186847687,0.0003463961184024811
small_1_3,G8,450,0.8994631767272949,1.111774206161499,0.775387704372406,-2014.6861572265625,-2014.741943359375,1854.6458740234375,1898.54150390625,37.01314926147461,-126.8040771484375,1994.0,1994.0,99.45137157107231,0,0.0,0,0.0,0.9802243113517761,0.20442044734954834,0.9435647130012512,0.7810351252555847,0.0016699217958375812,0.05303867161273956,0.006778841372579336,0.00014088398893363774,3.940287115256069e-06,0.0016541075892746449,0.0030521582812070847,1.1601992845535278,0.5211808681488037,0.003425947157666087,0.00037728980532847345
small_1_3,G8,500,0.8704501390457153,1.1488308906555176,0.7503751516342163,-2012.01025390625,-2012.05126953125,1863.205322265625,1906.99609375,33.88025665283203,-119.3548355102539,1994.0,1994.0,99.45137157107231,0,0.0,0,0.0,0.9818722605705261,0.19882525503635406,0.9469456076622009,0.7976269125938416,0.0016015624860301614,0.044671736657619476,0.003548401640728116,0.00011922969861188903,3.4977383620571345e-06,0.0005851582391187549,0.0010183558333665133,1.0368396043777466,0.3058086633682251,0.0030950745567679405,0.00032921528327278793
small_1_3,G8,550,0.8414371609687805,1.1884428262710571,0.7253626585006714,-2009.031005859375,-2009.066162109375,1870.672119140625,1914.3399658203125,31.24153709411621,-112.10629272460938,1994.0,1994.0,99.45137157107231,0,0.0,0,0.0,0.983261227607727,0.1931900680065155,0.9499897360801697,0.8135449290275574,0.0016308593330904841,0.03871734067797661,0.008136310614645481,0.00010353449761169031,4.060765604663175e-06,0.0012969461968168616,0.004208673257380724,0.9796509146690369,0.5629717707633972,0.002873076358810067,0.0003773114876821637
small_1_3,G8,600,0.8124241828918457,1.230884075164795,0.7003501653671265,-2005.899658203125,-2005.927734375,1877.394775390625,1920.873779296875,28.903430938720703,-105.05107879638672,1994.0,1994.0,99.45137157107231,0,0.0,0,0.0,0.9845134019851685,0.18749742209911346,0.9529244899749756,0.8278027176856995,0.001660156180150807,0.0338173471391201,0.006271338555961847,9.101923205889761e-05,3.841062607534695e-06,0.0010767417261376977,0.003415515413507819,0.9225430488586426,0.44118043780326843,0.0026956305373460054,0.0003569491964299232
small_1_3,G8,650,0.7834111452102661,1.2764689922332764,0.6753376722335815,-2002.628662109375,-2002.650634765625,1883.40869140625,1926.775390625,26.845550537109375,-98.21080780029297,1994.0,1994.0,99.45137157107231,0,0.0,0,0.0,0.985616147518158,0.18178094923496246,0.9556523561477661,0.8408007621765137,0.0016210937174037099,0.02980543114244938,0.003023468656465411,8.084905857685953e-05,3.346246558066923e-06,0.0005188185605220497,0.0006876171100884676,0.8480178117752075,0.2615417540073395,0.002536587882786989,0.00031930915429256856
small_1_3,G8,700,0.7543981075286865,1.3255600929260254,0.6503251791000366,-1999.3109130859375,-1999.3294677734375,1888.875,1932.183349609375,25.018545150756836,-91.58053588867188,1994.0,1994.0,99.45137157107231,0,0.0,0,0.0,0.9865940809249878,0.17602834105491638,0.9581992626190186,0.8517577648162842,0.0016699217958375812,0.026647914201021194,0.0029834979213774204,7.266236207215115e-05,3.3269423056481173e-06,0.0008347590337507427,0.0005495913792401552,0.7986953854560852,0.23609775304794312,0.002409725682809949,0.0003169788105878979
small_1_3,G8,750,0.7253851294517517,1.3785780668258667,0.6253126859664917,-1996.0142822265625,-1996.0306396484375,1893.9462890625,1937.1912841796875,23.349933624267578,-85.1468276977539,1994.0,1994.0,99.45137157107231,0,0.0,0,0.0,0.9874951839447021,0.17020851373672485,0.9606620669364929,0.8619628548622131,0.0017187499906867743,0.024092935025691986,0.004050041548907757,6.594692240469158e-05,3.621260930231074e-06,0.0011179441353306174,0.0014151767827570438,0.7671864032745361,0.34320294857025146,0.002309788018465042,0.000341337377903983
small_1_3,G8,800,0.6963721513748169,1.4360138177871704,0.600300133228302,-1992.773681640625,-1992.787841796875,1898.6884765625,1941.849365234375,21.798198699951172,-78.919677734375,1994.0,1994.0,99.45137157107231,0,0.0,0,0.0,0.9883438944816589,0.164333775639534,0.9630321860313416,0.8720117211341858,0.0017187499906867743,0.02194066345691681,0.004775197245180607,6.0321286582620814e-05,3.595436510295258e-06,0.0011600247817113996,0.003162039676681161,0.7459510564804077,0.31276342272758484,0.00223008100874722,0.0003411404322832823
small_1_3,G8,850,0.6673591136932373,1.498443603515625,0.5752876400947571,-1989.597412109375,-1989.60986328125,1903.115234375,1946.194091796875,20.352462768554688,-72.91213989257812,1994.0,1994.0,99.45137157107231,0,0.0,0,0.0,0.9891397356987,0.15842539072036743,0.9653154015541077,0.8830468654632568,0.0016503905644640326,0.020007207989692688,0.0031197157222777605,5.544407031266019e-05,3.373026174813276e-06,0.0005828432622365654,0.0009353447239845991,0.7184270620346069,0.24498137831687927,0.002159887459129095,0.0003229066205676645
small_1_3,G8,900,0.6383461356163025,1.566548228263855,0.5502750873565674,-1986.494384765625,-1986.5052490234375,1907.24658203125,1950.2711181640625,19.016311645507812,-67.11959838867188,1994.0,1994.0,99.45137157107231,0,0.0,0,0.0,0.989872932434082,0.15246829390525818,0.9674899578094482,0.8927733898162842,0.0016503905644640326,0.01836645044386387,0.00293865823186934,5.123670052853413e-05,3.3541227821842767e-06,0.00020824673993047327,0.000249719712883234,0.6865367293357849,0.22201022505760193,0.0020955984946340322,0.00032026684493757784
small_1_3,G8,950,0.6093330979347229,1.6411384344100952,0.5252625942230225,-1983.483642578125,-1983.4935302734375,1911.1168212890625,1954.0977783203125,17.769542694091797,-61.54914474487305,1994.0,1994.0,99.45137157107231,0,0.0,0,0.0,0.9905598163604736,0.14647231996059418,0.9695568084716797,0.9001171588897705,0.0016503905644640326,0.016974730417132378,0.003074032487347722,4.760385490953922e-05,3.457763341430109e-06,0.0001907039259094745,0.00020525511354207993,0.6676316857337952,0.22425587475299835,0.0020436281338334084,0.00032911263406276703
small_1_3,G8,1000,0.5803201198577881,1.7231868505477905,0.5002501010894775,-1980.5791015625,-1980.588134765625,1914.759033203125,1957.70556640625,16.59937858581543,-56.196075439453125,1994.0,1994.0,99.45137157107231,0,0.0,0,0.0,0.9912053942680359,0.14041994512081146,0.9715460538864136,0.9064452648162842,0.0016894531436264515,0.015781208872795105,0.003025463782250881,4.445002196007408e-05,3.4126283026125748e-06,0.00042230961844325066,0.00021694251336157322,0.658237099647522,0.2352313995361328,0.002002368913963437,0.0003294742782600224
small_1_3,G8,1050,0.5513070821762085,1.813871145248413,0.4752376079559326,-1977.79345703125,-1977.8016357421875,1918.204345703125,1961.080078125,15.49101448059082,-51.0570068359375,1994.0,1994.0,99.45137157107231,0,0.0,0,0.0,0.9918197989463806,0.1342933475971222,0.9734784960746765,0.9130273461341858,0.001748046837747097,0.014750287868082523,0.00309360702522099,4.1673141822684556e-05,3.4149720704590436e-06,0.0005663410411216319,0.0005245218053460121,0.6561371684074402,0.3047584891319275,0.0019695316441357136,0.00033389776945114136
small_1_3,G8,1100,0.5222941040992737,1.9146300554275513,0.4502251148223877,-1975.1329345703125,-1975.1405029296875,1921.4610595703125,1964.269775390625,14.4371976852417,-46.139015197753906,1994.0,1994.0,99.45137157107231,0,0.0,0,0.0,0.9924058318138123,0.12809984385967255,0.9753393530845642,0.921191394329071,0.0017773436848074198,0.013830933719873428,0.003583428915590048,3.918029324267991e-05,3.5155976547684986e-06,0.0006740610115230083,0.001188707072287798,0.651249885559082,0.2306792438030243,0.0019393512047827244,0.00033282407093793154
small_1_3,G8,1150,0.4932810664176941,2.0272417068481445,0.425212562084198,-1972.5888671875,-1972.595703125,1924.51025390625,1967.25634765625,13.44832706451416,-41.451744079589844,1994.0,1994.0,99.45137157107231,0,0.0,0,0.0,0.9929510354995728,0.1218559518456459,0.9771140813827515,0.9323339462280273,0.0018554687267169356,0.012928955256938934,0.003133478807285428,3.68827095371671e-05,3.459571189523558e-06,0.00029542436823248863,0.00018332363106310368,0.6313360333442688,0.246440127491951,0.0019057577010244131,0.00033441890263929963
small_1_3,G8,1200,0.4642680883407593,2.15392804145813,0.4002000689506531,-1970.16845703125,-1970.1748046875,1927.370361328125,1970.0576171875,12.516680717468262,-36.993377685546875,1994.0,1994.0,99.45137157107231,0,0.0,0,0.0,0.9934641122817993,0.11554648727178574,0.9788071513175964,0.9397851228713989,0.0019335936522111297,0.012164043262600899,0.003201880492269993,3.482604370219633e-05,3.5006371490453603e-06,0.0003008964704349637,0.00022802711464464664,0.6238086819648743,0.22862735390663147,0.0018779734382405877,0.0003370058839209378
small_1_3,G8,1250,0.4352550506591797,2.2975034713745117,0.37518757581710815,-1967.8787841796875,-1967.884765625,1930.0540771484375,1972.6796875,11.633466720581055,-32.767189025878906,1994.0,1994.0,99.45137157107231,0,0.0,0,0.0,0.9939497113227844,0.10916934907436371,0.9804290533065796,0.9441601634025574,0.0020117186941206455,0.011467593722045422,0.0033167684450745583,3.2950760214589536e-05,3.586882939998759e-06,0.00022434817219618708,0.00041690049692988396,0.6168089509010315,0.23447540402412415,0.0018528723157942295,0.00034548211260698736
small_1_3,G8,1300,0.4062420725822449,2.4615864753723145,0.35017526149749756,-1965.718994140625,-1965.7244873046875,1932.55810546875,1975.135498046875,10.80394172668457,-28.7773380279541,1994.0,1994.0,99.45137157107231,0,0.0,0,0.0,0.9944007396697998,0.10272476077079773,0.9819657802581787,0.94666987657547,0.0020800780039280653,0.010833808220922947,0.0033683956135064363,3.123152782791294e-05,3.6363692288432503e-06,0.00012019746645819396,0.00023282249458134174,0.6080552935600281,0.23890654742717743,0.0018283867975696921,0.0003503826155792922
small_1_3,G8,1350,0.3772290349006653,2.650909423828125,0.3251709043979645,-1963.69677734375,-1963.7021484375,1934.8974609375,1977.4033203125,10.019277572631836,-25.025035858154297,1994.0,1994.0,99.45137157107231,0,0.0,0,0.0,0.9948253631591797,0.09619954973459244,0.9834301471710205,0.9498339891433716,0.002197265625,0.010288897901773453,0.0037408298812806606,2.9674589313799515e-05,3.5792088510788744e-06,0.0005386830307543278,0.0015392545610666275,0.611869752407074,0.2514735460281372,0.0018086278578266501,0.000347128021530807
small_1_3,G8,1400,0.34821605682373047,2.8717801570892334,0.3003411889076233,-1961.822265625,-1961.8271484375,1937.0518798828125,1979.505859375,9.277936935424805,-21.544519424438477,1994.0,1994.0,99.45137157107231,0,0.0,0,0.0,0.9952218532562256,0.08966684341430664,0.9847985506057739,0.9564550518989563,0.002402343787252903,0.009736279956996441,0.0033781130332499743,2.8209024094394408e-05,3.582811359592597e-06,0.00010673439828678966,0.0002588769420981407,0.5993326902389526,0.23796354234218597,0.0017868721624836326,0.00034793218947015703
small_1_3,G8,1450,0.3192030191421509,3.1328024864196777,0.277316153049469,-1960.2034912109375,-1960.2080078125,1938.929443359375,1981.330322265625,8.580255508422852,-18.539793014526367,1994.0,1994.0,99.45137157107231,0,0.0,0,0.0,0.9955921769142151,0.08356793969869614,0.9860100150108337,0.9678808450698853,0.0025781248696148396,0.009253965690732002,0.0035155985970050097,2.6880499717663042e-05,3.585902732083923e-06,9.435770334675908e-05,0.00023836689069867134,0.5954582095146179,0.23943045735359192,0.0017694076523184776,0.0003339240502100438
small_1_3,G8,1500,0.29019004106521606,3.4460177421569824,0.2625235319137573,-1959.222412109375,-1959.226806640625,1940.187744140625,1982.5537109375,7.888524055480957,-16.749889373779297,1994.0,1994.0,99.45137157107231,0,0.0,0,0.0,0.9959812760353088,0.07975422590970993,0.9868477582931519,0.9730566143989563,0.0027050781063735485,0.008821539580821991,0.0034706105943769217,2.5720093617565e-05,3.4868087368522538e-06,8.901042019715533e-05,0.00025060668122023344,0.5966736078262329,0.24186374247074127,0.0017640558071434498,0.0002964328450616449
small_1_3,G8,1550,0.26117706298828125,3.82882022857666,0.26034680008888245,-1959.08154296875,-1959.0859375,1940.667236328125,1983.017333984375,7.137157440185547,-16.554624557495117,1994.0,1994.0,99.45137157107231,0,0.0,0,0.0,0.9964662194252014,0.0794835239648819,0.9872088432312012,0.9742675423622131,0.0027343749534338713,0.008441063575446606,0.0035371454432606697,2.4679824491613545e-05,3.599409637899953e-06,8.411838643951342e-05,0.00020346790552139282,0.6070404052734375,0.24997325241565704,0.0017694408306851983,0.0002879707026295364
small_1_3,G8,1600,0.23216402530670166,4.307299613952637,0.25009971857070923,-1958.450927734375,-1958.454833984375,1941.5943603515625,1983.91357421875,6.3757734298706055,-15.38032341003418,1994.0,1994.0,99.45137157107231,0,0.0,0,0.0,0.9969748258590698,0.07687095552682877,0.9878551363945007,0.9749315977096558,0.0027148437220603228,0.008043668232858181,0.003477077465504408,2.352476258238312e-05,3.7873501241847407e-06,7.961173105286434e-05,0.00021229276899248362,0.6026041507720947,0.2455185204744339,0.0017484126146882772,0.00036304182140156627
small_1_3,G8,1650,0.20315104722976685,4.922445774078369,0.2105179876089096,-1956.2103271484375,-1956.2139892578125,1943.945556640625,1986.18017578125,5.800759792327881,-11.09017562866211,1994.0,1994.0,99.45137157107231,0,0.0,0,0.0,0.9972901940345764,0.06585052609443665,0.9894027709960938,0.9751757383346558,0.0029785155784338713,0.007657222915440798,0.004027439747005701,2.235625834146049e-05,4.014970727439504e-06,0.00018336609355174005,0.0015957379946485162,0.5965248346328735,0.2648264467716217,0.001702872454188764,0.00046181000652723014
small_1_3,G8,1700,0.17413800954818726,5.742571830749512,0.16261200606822968,-1953.955322265625,-1953.958740234375,1946.212646484375,1988.36767578125,5.481096267700195,-6.791704177856445,1994.0,1994.0,99.45137157107231,0,0.0,0,0.0,0.9973484873771667,0.052207887172698975,0.9908820986747742,0.9758007526397705,0.00341796875,0.00730861397460103,0.003788642818108201,2.1398533135652542e-05,3.892871518473839e-06,7.440344779752195e-05,0.0002458695089444518,0.5800414681434631,0.2650746703147888,0.001688049640506506,0.00043654232285916805
small_1_3,G8,1750,0.14512503147125244,6.890610218048096,0.12727773189544678,-1952.634033203125,-1952.637451171875,1947.60546875,1989.7119140625,5.263669967651367,-4.267991542816162,1994.0,1994.0,99.45137157107231,0,0.0,0,0.0,0.9973056316375732,0.041916124522686005,0.9917818903923035,0.9902734160423279,0.0037597655318677425,0.006983296945691109,0.00379312876611948,2.0442423192434944e-05,3.701761443153373e-06,6.811522325733677e-05,0.0002495954977348447,0.5718071460723877,0.2610859274864197,0.0016627369914203882,0.00038268722710199654
small_1_3,G8,1800,0.11611199378967285,8.612374305725098,0.10024542361497879,-1951.8221435546875,-1951.8251953125,1948.51953125,1990.58984375,5.023712635040283,-2.722388744354248,1994.0,1994.0,99.45137157107231,0,0.0,0,0.0,0.9973137974739075,0.03394654765725136,0.9923654794692993,0.9934179186820984,0.004111328162252903,0.006678103469312191,0.00390317989513278,1.9528337361407466e-05,3.6758085570909316e-06,6.481999298557639e-05,0.000233783561270684,0.5633472800254822,0.2668311893939972,0.00163324736058712,0.00036884151631966233
small_1_3,G8,1850,0.08709895610809326,11.481193542480469,0.07504609227180481,-1951.219970703125,-1951.222900390625,1949.21630859375,1991.258544921875,4.76710319519043,-1.5912940502166748,1994.0,1994.0,99.45137157107231,0,0.0,0,0.0,0.9973752498626709,0.026505278423428535,0.9928128719329834,0.9937109351158142,0.004365234170109034,0.0063915676437318325,0.003982518333941698,1.8677341358852573e-05,3.5960320019512437e-06,7.07349245203659e-05,0.00023892504395917058,0.5560929179191589,0.2699315845966339,0.001607084646821022,0.00036155804991722107
small_1_3,G8,1900,0.05808603763580322,17.21584129333496,0.050025176256895065,-1950.7696533203125,-1950.7723388671875,1949.745849609375,1991.765625,4.523913860321045,-0.7637889981269836,1994.0,1994.0,99.45137157107231,0,0.0,0,0.0,0.9974507689476013,0.0190851129591465,0.9931661486625671,0.99378901720047,0.004365234170109034,0.006119142286479473,0.00407344801351428,1.7876609490485862e-05,3.538080591170001e-06,6.83484468027018e-05,0.00028516948805190623,0.5479651093482971,0.2769739627838135,0.0015827001770958304,0.000361178390448913
small_1_3,G8,1950,0.029072999954223633,34.396175384521484,0.02501249499619007,-1950.4669189453125,-1950.469482421875,1950.1114501953125,1992.11767578125,4.304403305053711,-0.23282396793365479,1994.0,1994.0,99.45137157107231,0,0.0,0,0.0,0.9975237846374512,0.011635447852313519,0.9934824109077454,0.9938183426856995,0.003847656073048711,0.00585922971367836,0.0041422853246331215,1.7116462913691066e-05,3.4554136618680786e-06,5.754944868385792e-05,0.00032229177304543555,0.5388429164886475,0.2828501760959625,0.0015584549400955439,0.00035927363205701113
small_1_3,G8,2000,5.999999848427251e-05,16666.66796875,0.0,-1950.3133544921875,-1950.31591796875,1950.315673828125,1992.3134765625,4.107204437255859,0.0,1994.0,1994.0,99.45137157107231,0,0.0,0,0.0,0.9975932240486145,0.004177727736532688,0.9945573210716248,0.9938183426856995,0.001015624962747097,0.005607903469353914,0.004650224931538105,1.6388625226682052e-05,3.6781036669708556e-06,5.5021555454004556e-05,0.0003038342692889273,0.5282663702964783,0.7160176038742065,0.0015338341472670436,0.0004900927888229489
small_1_3,G9,1,1.159999966621399,0.8620690107345581,1.0,-619.193603515625,-619.430419921875,-32.0,-31.999990463256836,554.4752197265625,-8.239203453063965,170.0,170.0,8.276533592989288,0,0.0,0,0.0,0.010301357135176659,0.010299003683030605,0.00021326018031686544,0.0,1.0,0.024461654946208,0.00024908289196901023,7.644262950634584e-05,6.215672101461678e-07,7.677852408960462e-05,3.5665523228090024e-06,9.59869384765625,9.204316139221191,0.02999591827392578,0.02863735891878605
small_1_3,G9,50,1.1315672397613525,0.8837300539016724,0.9754877686500549,-634.6136474609375,-636.15185546875,-32.0,-31.999998092651367,553.359130859375,-41.98872375488281,446.0,474.0,23.076923076923077,0,0.0,0,0.0,0.05380479618906975,0.053804781287908554,3.44407744705677e-05,0.0,1.0,0.11239641904830933,0.00010104577813763171,0.00035123867564834654,2.4989461167024274e-07,0.0003525382198859006,1.4631357316829963e-06,13.446798324584961,0.3536818027496338,0.042021244764328,0.0008856958011165261
small_1_3,G9,100,1.102554202079773,0.9069848656654358,0.9504752159118652,-879.630615234375,-901.1319580078125,138.2119598388672,155.79385375976562,487.27313232421875,-225.67495727539062,2009.0,2009.0,97.80915287244402,0,0.0,0,0.0,0.4041026532649994,0.29679223895072937,0.25885897874832153,0.0,0.036376953125,0.7685526013374329,0.5379454493522644,0.0021789022721350193,0.0011523546418175101,0.008653470315039158,0.008931221440434456,18.324615478515625,18.637401580810547,0.0570605993270874,0.05634345859289169
small_1_3,G9,150,1.0735411643981934,0.9314966797828674,0.9254627227783203,-1914.5540771484375,-1921.008056640625,1577.90478515625,1620.025146484375,156.91424560546875,-174.64923095703125,2025.0,2025.0,98.58812074001948,0,0.0,0,0.0,0.8988511562347412,0.23589447140693665,0.8463023900985718,0.0,0.0028613279573619366,0.6756597757339478,0.1276955008506775,0.00180891586933285,0.0002532745129428804,0.007687033154070377,0.007177580613642931,10.741883277893066,2.550543785095215,0.03266139328479767,0.004371694754809141
small_1_3,G9,200,1.0445282459259033,0.9573699831962585,0.9004502296447754,-2033.2216796875,-2034.11865234375,1777.498046875,1816.378662109375,84.6245346069336,-168.22793579101562,2028.0,2028.0,98.73417721518987,0,0.0,0,0.0,0.9527541995048523,0.2335330694913864,0.9047806859016418,0.48388671875,0.0018847655737772584,0.25320807099342346,0.03207608312368393,0.0006727323634549975,3.135644874419086e-05,0.003022293094545603,0.007162352092564106,3.9820711612701416,1.4768333435058594,0.011856711469590664,0.0012194011360406876
small_1_3,G9,250,1.0155152082443237,0.984721839427948,0.8754377365112305,-2054.382080078125,-2054.727294921875,1830.630615234375,1874.790771484375,63.557586669921875,-159.55294799804688,2034.0,2034.0,99.02629016553067,0,0.0,0,0.0,0.9657714366912842,0.2278187870979309,0.9208865761756897,0.6373925805091858,0.0017675780691206455,0.15240156650543213,0.021357599645853043,0.0004033126460853964,9.743468581291381e-06,0.001823969418182969,0.005963057745248079,2.5316290855407715,1.0220673084259033,0.007454659789800644,0.0006871110526844859
small_1_3,G9,300,0.9865021705627441,1.01368248462677,0.8504252433776855,-2060.775390625,-2060.95654296875,1857.8924560546875,1902.5545654296875,52.66047668457031,-151.11441040039062,2034.0,2034.0,99.02629016553067,0,0.0,0,0.0,0.9719665050506592,0.22211594879627228,0.929383397102356,0.6978124976158142,0.0017675780691206455,0.10674608498811722,0.012469268403947353,0.00028201931854709983,6.336999376799213e-06,0.0017078457167372108,0.005233422853052616,1.9166213274002075,0.7798402905464172,0.005609144922345877,0.0005271165864542127
small_1_3,G9,350,0.9574891924858093,1.0443981885910034,0.8254126906394958,-2062.1884765625,-2062.30224609375,1875.586669921875,1919.636962890625,45.72418975830078,-142.93515014648438,2035.0,2035.0,99.07497565725414,0,0.0,0,0.0,0.975719153881073,0.21646015346050262,0.9351891875267029,0.7336230278015137,0.0016796874115243554,0.08092004805803299,0.012729542329907417,0.00021376249787863344,5.545976819121279e-06,0.0016658710082992911,0.005207417067140341,1.5744413137435913,0.6425309777259827,0.004578691907227039,0.0004522660165093839
small_1_3,G9,400,0.9284762144088745,1.077033519744873,0.8004001975059509,-2061.3046875,-2061.38037109375,1888.5380859375,1932.0028076171875,40.77016067504883,-134.98809814453125,2035.0,2035.0,99.07497565725414,0,0.0,0,0.0,0.9783230423927307,0.21081344783306122,0.9396981596946716,0.759570300579071,0.0016699217958375812,0.06413493305444717,0.006445168983191252,0.00016983140085358173,4.183185865258565e-06,0.0017623392632231116,0.00185754569247365,1.3254728317260742,0.5138673782348633,0.003899791045114398,0.0003829037304967642
small_1_3,G9,450,0.8994631767272949,1.111774206161499,0.775387704372406,-2059.3857421875,-2059.4443359375,1898.9786376953125,1941.8004150390625,36.94071578979492,-127.23873901367188,2035.0,2035.0,99.07497565725414,0,0.0,0,0.0,0.9803217053413391,0.2051217257976532,0.9435000419616699,0.7802148461341858,0.0017382812220603228,0.05308337137103081,0.015255889855325222,0.00014078454114496708,4.821607490157476e-06,0.001492444658651948,0.0060005490668118,1.211194634437561,0.6314947009086609,0.0034780353307724,0.0004118540673516691
small_1_3,G9,500,0.8704501390457153,1.1488308906555176,0.7503751516342163,-2056.787109375,-2056.8291015625,1907.7093505859375,1950.023681640625,33.77596664428711,-119.71949005126953,2035.0,2035.0,99.07497565725414,0,0.0,0,0.0,0.981978714466095,0.19943271577358246,0.9469194412231445,0.7971093654632568,0.0017773436848074198,0.04463132843375206,0.004234240390360355,0.00011905776045750827,3.8060602491896134e-06,0.0009721903479658067,0.0012568288948386908,1.0784039497375488,0.4123247265815735,0.0031433480326086283,0.00035836652386933565
small_1_3,G9,550,0.8414371609687805,1.1884428262710571,0.7253626585006714,-2053.787353515625,-2053.82080078125,1915.218994140625,1957.1845703125,31.122650146484375,-112.41399383544922,2035.0,2035.0,99.07497565725414,0,0.0,0,0.0,0.9833724498748779,0.19372031092643738,0.9500928521156311,0.8123437166213989,0.0017285156063735485,0.038420747965574265,0.00551634980365634,0.00010288864723406732,3.777963001994067e-06,0.0011301570339128375,0.0021617761813104153,0.9897710084915161,0.35711848735809326,0.0028891207184642553,0.0003459826111793518
small_1_3,G9,600,0.8124241828918457,1.230884075164795,0.7003501653671265,-2050.6005859375,-2050.62939453125,1921.8773193359375,1963.5699462890625,28.82037925720215,-105.33766174316406,2035.0,2035.0,99.07497565725414,0,0.0,0,0.0,0.9845944046974182,0.18800891935825348,0.9530446529388428,0.8262109160423279,0.0014941405970603228,0.03356631100177765,0.00825188122689724,9.036687697516754e-05,3.9262154132302385e-06,0.0010018338216468692,0.0039023375138640404,0.910148561000824,0.4933924376964569,0.0026939737144857645,0.00036188887315802276
small_1_3,G9,650,0.7834111452102661,1.2764689922332764,0.6753376722335815,-2047.3463134765625,-2047.369140625,1927.9228515625,1969.355224609375,26.760517120361328,-98.48182678222656,2035.0,2035.0,99.07497565725414,0,0.0,0,0.0,0.9857072830200195,0.18228255212306976,0.9557902216911316,0.8391308188438416,0.0015136718284338713,0.029810817912220955,0.005197825841605663,8.051416807575151e-05,3.7694928778364556e-06,0.0011252195108681917,0.0021570490207523108,0.8707701563835144,0.4449101984500885,0.002549415687099099,0.00036091080983169377
small_1_3,G9,700,0.7543981075286865,1.3255600929260254,0.6503251791000366,-2044.083984375,-2044.1043701171875,1933.50634765625,1974.6962890625,24.896100997924805,-91.81646728515625,2036.0,2036.0,99.1236611489776,0,0.0,0,0.0,0.9867215752601624,0.17648181319236755,0.9584277272224426,0.8499999642372131,0.0014843749813735485,0.026678940281271935,0.006439364515244961,7.248190377140418e-05,3.83817678084597e-06,0.0008534793742001057,0.004058650229126215,0.838164746761322,0.45005154609680176,0.0024354218039661646,0.0003589120751712471
small_1_3,G9,750,0.7253851294517517,1.3785780668258667,0.6253126859664917,-2040.841064453125,-2040.857421875,1938.6689453125,1979.630126953125,23.21067237854004,-85.35188293457031,2036.0,2036.0,99.1236611489776,0,0.0,0,0.0,0.9876306056976318,0.17061839997768402,0.9608983993530273,0.8606542944908142,0.001503906212747097,0.023939065635204315,0.00423703296110034,6.558669701917097e-05,3.628942522482248e-06,0.000547137635294348,0.001836474984884262,0.7749075889587402,0.31617850065231323,0.002320196945220232,0.000337881880113855
small_1_3,G9,800,0.6963721513748169,1.4360138177871704,0.600300133228302,-2037.60205078125,-2037.616455078125,1943.404541015625,1984.23974609375,21.675704956054688,-79.11760711669922,2036.0,2036.0,99.1236611489776,0,0.0,0,0.0,0.9884606003761292,0.16474594175815582,0.963222086429596,0.87098628282547,0.0016210937174037099,0.021767619997262955,0.004138308111578226,5.9932353906333447e-05,3.637269855971681e-06,0.0005735478480346501,0.002085150219500065,0.7435212731361389,0.3751230239868164,0.0022329462226480246,0.0003445370530243963
small_1_3,G9,850,0.6673591136932373,1.498443603515625,0.5752876400947571,-2034.418701171875,-2034.4324951171875,1947.8128662109375,1988.546630859375,20.26129150390625,-73.09797668457031,2036.0,2036.0,99.1236611489776,0,0.0,0,0.0,0.9892265200614929,0.1588292121887207,0.9654500484466553,0.8822558522224426,0.0015917968703433871,0.019957398995757103,0.0059591857716441154,5.516723103937693e-05,3.648826577773434e-06,0.0007402377086691558,0.004438306670635939,0.7201598882675171,0.4426947236061096,0.002162580844014883,0.0003531658148858696
small_1_3,G9,900,0.6383461356163025,1.566548228263855,0.5502750873565674,-2031.3653564453125,-2031.376708984375,1952.0133056640625,1992.5894775390625,18.916446685791016,-67.28807067871094,2036.0,2036.0,99.1236611489776,0,0.0,0,0.0,0.989967942237854,0.15285098552703857,0.9675838947296143,0.892333984375,0.0016796874115243554,0.018355444073677063,0.004552534315735102,5.106844400870614e-05,3.490152494123322e-06,0.000509329023770988,0.0022559971548616886,0.7052186727523804,0.3108743727207184,0.0021092351526021957,0.00032997861853800714
small_1_3,G9,950,0.6093330979347229,1.6411384344100952,0.5252625942230225,-2028.360595703125,-2028.370361328125,1955.909423828125,1996.39404296875,17.670196533203125,-61.693946838378906,2036.0,2036.0,99.1236611489776,0,0.0,0,0.0,0.9906497001647949,0.1468169242143631,0.9696549773216248,0.9004589915275574,0.0016894531436264515,0.016928238794207573,0.0030112687963992357,4.740931399282999e-05,3.4185291042376775e-06,0.00025982223451137543,0.0003001771401613951,0.6781240701675415,0.22299613058567047,0.002053396310657263,0.0003268985019531101
small_1_3,G9,1000,0.5803201198577881,1.7231868505477905,0.5002501010894775,-2025.467529296875,-2025.476806640625,1959.58349609375,1999.973388671875,16.508926391601562,-56.31297302246094,2036.0,2036.0,99.1236611489776,0,0.0,0,0.0,0.9912834167480469,0.14071205258369446,0.9716427326202393,0.9071776866912842,0.0017578124534338713,0.0157830361276865,0.0037456247955560684,4.428579268278554e-05,3.5886623663827777e-06,0.0007360809831880033,0.0014981841668486595,0.6743077039718628,0.3829730749130249,0.0020121328998357058,0.0003476609708741307
small_1_3,G9,1050,0.5513070821762085,1.813871145248413,0.4752376079559326,-2022.6788330078125,-2022.68701171875,1963.031494140625,2003.333251953125,15.408966064453125,-51.160316467285156,2036.0,2036.0,99.1236611489776,0,0.0,0,0.0,0.9918853640556335,0.1345651000738144,0.9735493063926697,0.9134179353713989,0.0017578124534338713,0.014658228494226933,0.0031341298017650843,4.1445506212767214e-05,3.4578579288790934e-06,0.0002642373146954924,0.00020872382447123528,0.6505211591720581,0.2267807573080063,0.001970419893041253,0.0003305916325189173
small_1_3,G9,1100,0.5222941040992737,1.9146300554275513,0.4502251148223877,-2020.003662109375,-2020.0111083984375,1966.26806640625,2006.502197265625,14.377697944641113,-46.23378372192383,2036.0,2036.0,99.1236611489776,0,0.0,0,0.0,0.9924479722976685,0.12836295366287231,0.9753661751747131,0.92152339220047,0.0018457031110301614,0.01370622031390667,0.0031381326261907816,3.89268207072746e-05,3.4937538657686673e-06,0.00017863331595435739,0.00022316304966807365,0.6377273201942444,0.2268878072500229,0.0019345084438100457,0.00033488162443973124
small_1_3,G9,1150,0.4932810664176941,2.0272417068481445,0.425212562084198,-2017.45068359375,-2017.45751953125,1969.308349609375,2009.476806640625,13.407093048095703,-41.53577423095703,2036.0,2036.0,99.1236611489776,0,0.0,0,0.0,0.9929760694503784,0.12210297584533691,0.9771094918251038,0.9329589605331421,0.0019628906156867743,0.012871503829956055,0.003244041232392192,3.668106728582643e-05,3.5702983041119296e-06,0.0003636859473772347,0.00031447340734303,0.6295463442802429,0.24935826659202576,0.0019040699116885662,0.00034381879959255457
small_1_3,G9,1200,0.4642680883407593,2.15392804145813,0.4002000689506531,-2015.0245361328125,-2015.0308837890625,1972.1658935546875,2012.256103515625,12.485275268554688,-37.06842041015625,2036.0,2036.0,99.1236611489776,0,0.0,0,0.0,0.993479311466217,0.11578090488910675,0.9787901639938354,0.9402831792831421,0.0019726562313735485,0.012100916355848312,0.0032120703253895044,3.4632135793799534e-05,3.5007537917408627e-06,0.00018577252922113985,0.00018989737145602703,0.6201582551002502,0.22686828672885895,0.0018758764490485191,0.00033669546246528625
small_1_3,G9,1250,0.4352550506591797,2.2975034713745117,0.37518757581710815,-2012.726806640625,-2012.732666015625,1974.83984375,2014.867431640625,11.61810302734375,-32.8360481262207,2036.0,2036.0,99.1236611489776,0,0.0,0,0.0,0.9939497113227844,0.10939875990152359,0.9803822040557861,0.9443749785423279,0.0020410155411809683,0.011412511579692364,0.0032433264423161745,3.277369251009077e-05,3.500191269267816e-06,0.00018626608652994037,0.0003444193862378597,0.6129676699638367,0.22941356897354126,0.0018504071049392223,0.00033844506833702326
small_1_3,G9,1300,0.4062420725822449,2.4615864753723145,0.35017526149749756,-2010.562744140625,-2010.5682373046875,1977.345458984375,2017.2978515625,10.798501968383789,-28.836055755615234,2036.0,2036.0,99.1236611489776,0,0.0,0,0.0,0.9943917393684387,0.10293436795473099,0.9819050431251526,0.9470409750938416,0.0021875000093132257,0.010794851928949356,0.003362444229424,3.1081326596904546e-05,3.606770633268752e-06,0.0002845804556272924,0.00025301543064415455,0.6115533113479614,0.23925785720348358,0.001828801934607327,0.00034618788049556315
small_1_3,G9,1350,0.3772290349006653,2.650909423828125,0.3251709043979645,-2008.53271484375,-2008.537841796875,1979.6759033203125,2019.5615234375,10.025712966918945,-25.079988479614258,2036.0,2036.0,99.1236611489776,0,0.0,0,0.0,0.9948047995567322,0.09641078859567642,0.9833446145057678,0.9504687190055847,0.0023339842446148396,0.010217851027846336,0.0032484745606780052,2.9511777029256336e-05,3.484756916805054e-06,0.00010032105637947097,0.0002515166997909546,0.6024460792541504,0.2295033186674118,0.0018058785935863853,0.00033991565578617156
small_1_3,G9,1400,0.34821605682373047,2.8717801570892334,0.3003411889076233,-2006.6512451171875,-2006.656005859375,1981.8250732421875,2021.6435546875,9.299873352050781,-21.59261703491211,2036.0,2036.0,99.1236611489776,0,0.0,0,0.0,0.995188295841217,0.08986702561378479,0.9846931099891663,0.95654296875,0.0024218750186264515,0.009694991633296013,0.0033900723792612553,2.806886004691478e-05,3.581089686122141e-06,9.446679905522615e-05,0.0002662560436874628,0.5977200269699097,0.23460714519023895,0.0017853575991466641,0.00034407872590236366
small_1_3,G9,1450,0.3192030191421509,3.1328024864196777,0.277316153049469,-2005.0299072265625,-2005.03466796875,1983.705810546875,2023.45703125,8.611878395080566,-18.579864501953125,2036.0,2036.0,99.1236611489776,0,0.0,0,0.0,0.9955512881278992,0.08374856412410736,0.9859015941619873,0.9684960842132568,0.002548828022554517,0.009249712340533733,0.003950218204408884,2.6768371753860265e-05,3.586395678212284e-06,0.0005787076079286635,0.001319868490099907,0.6048200130462646,0.2541562020778656,0.0017705629579722881,0.0003366181917954236
small_1_3,G9,1500,0.29019004106521606,3.4460177421569824,0.2625235319137573,-2004.0537109375,-2004.05810546875,1984.975830078125,2024.6708984375,7.9162702560424805,-16.785072326660156,2036.0,2036.0,99.1236611489776,0,0.0,0,0.0,0.9959460496902466,0.07992175221443176,0.9867485761642456,0.9733105301856995,0.0027441405691206455,0.00880423653870821,0.0036004502326250076,2.5617478968342766e-05,3.532428536345833e-06,0.00028840237064287066,0.0006276100175455213,0.6022964715957642,0.24478048086166382,0.001766187371686101,0.00029747752705588937
small_1_3,G9,1550,0.26117706298828125,3.82882022857666,0.26034680008888245,-2003.911865234375,-2003.916259765625,1985.4534912109375,2025.130859375,7.166431903839111,-16.590980529785156,2036.0,2036.0,99.1236611489776,0,0.0,0,0.0,0.9964319467544556,0.07965807616710663,0.9870985150337219,0.9745702743530273,0.002724609337747097,0.008412792347371578,0.00345004815608263,2.457711707393173e-05,3.527756689436501e-06,0.00011013601761078462,0.0002163853496313095,0.6075616478919983,0.24594858288764954,0.0017702927580103278,0.0002833020989783108
small_1_3,G9,1600,0.23216402530670166,4.307299613952637,0.25009971857070923,-2003.2802734375,-2003.284423828125,1986.3839111328125,2026.02392578125,6.403979301452637,-15.413650512695312,2036.0,2036.0,99.1236611489776,0,0.0,0,0.0,0.996945321559906,0.0770375207066536,0.9877490997314453,0.9754296541213989,0.002792968647554517,0.008050610311329365,0.0036774114705622196,2.3437198251485825e-05,3.84871373171336e-06,0.0005204234039410949,0.0009348700987175107,0.6186251640319824,0.2537617087364197,0.0017511221813037992,0.00036790326703339815
small_1_3,G9,1650,0.20315104722976685,4.922445774078369,0.2105179876089096,-2001.0274658203125,-2001.031005859375,1988.72705078125,2028.26025390625,5.832439422607422,-11.119131088256836,2036.0,2036.0,99.1236611489776,0,0.0,0,0.0,0.9972596764564514,0.06602244824171066,0.9892740249633789,0.9756543040275574,0.003007812425494194,0.007623901590704918,0.0036028921604156494,2.225309071945958e-05,3.956637556257192e-06,0.0001452766009606421,0.00022064102813601494,0.587640643119812,0.2629767954349518,0.0017011737218126655,0.00045941173448227346
small_1_3,G9,1700,0.17413800954818726,5.742571830749512,0.16261200606822968,-1998.763671875,-1998.76708984375,1990.991943359375,2030.41748046875,5.522132873535156,-6.813535690307617,2036.0,2036.0,99.1236611489776,0,0.0,0,0.0,0.9973113536834717,0.052375711500644684,0.9907320141792297,0.9763574004173279,0.0035058592911809683,0.007282329723238945,0.003871824126690626,2.130803113686852e-05,3.948676749132574e-06,6.814033986302093e-05,0.00032137450762093067,0.5795652270317078,0.2682388722896576,0.0016881554620340466,0.00044046968105249107
small_1_3,G9,1750,0.14512503147125244,6.890610218048096,0.12727773189544678,-1997.435791015625,-1997.439208984375,1992.383056640625,2031.739990234375,5.315299034118652,-4.284552097320557,2036.0,2036.0,99.1236611489776,0,0.0,0,0.0,0.9972591996192932,0.04207877069711685,0.9916126728057861,0.9902050495147705,0.00390625,0.006959251593798399,0.0037807216867804527,2.035827492363751e-05,3.711434374054079e-06,6.494041008409113e-05,0.00024478178238496184,0.5719097256660461,0.26281070709228516,0.0016633756458759308,0.0003847747284453362
small_1_3,G9,1800,0.11611199378967285,8.612374305725098,0.10024542361497879,-1996.6181640625,-1996.621337890625,1993.2952880859375,2032.60693359375,5.084013938903809,-2.735743522644043,2036.0,2036.0,99.1236611489776,0,0.0,0,0.0,0.9972590208053589,0.034113071858882904,0.9921797513961792,0.9929785132408142,0.004179687239229679,0.006655339151620865,0.003882660297676921,1.944708128576167e-05,3.6368207929626806e-06,6.666788249276578e-05,0.00029213097877800465,0.5636176466941833,0.2644813656806946,0.0016337769338861108,0.0003657304332591593
small_1_3,G9,1850,0.08709895610809326,11.481193542480469,0.07504609227180481,-1996.010498046875,-1996.013427734375,1993.9915771484375,2033.26708984375,4.833750247955322,-1.6008027791976929,2036.0,2036.0,99.1236611489776,0,0.0,0,0.0,0.997314453125,0.026663661003112793,0.9926165342330933,0.9934374690055847,0.004355468787252903,0.006369324401021004,0.0038626259192824364,1.859791336755734e-05,3.50471782439854e-06,6.568336539203301e-05,0.0002783631207421422,0.5559465289115906,0.26528075337409973,0.0016071655554696918,0.0003568640968296677
small_1_3,G9,1900,0.05808603763580322,17.21584129333496,0.050025176256895065,-1995.554443359375,-1995.55712890625,1994.5198974609375,2033.76953125,4.594974517822266,-0.7703990936279297,2036.0,2036.0,99.1236611489776,0,0.0,0,0.0,0.9973859190940857,0.019250283017754555,0.9929664134979248,0.99354487657547,0.004433593712747097,0.00609746016561985,0.004047905094921589,1.779943886504043e-05,3.535954874678282e-06,6.392649811459705e-05,0.0002962501021102071,0.5474516153335571,0.2765958905220032,0.0015824289293959737,0.00036050923517905176
small_1_3,G9,1950,0.029072999954223633,34.396175384521484,0.02501249499619007,-1995.245849609375,-1995.2484130859375,1994.885009765625,2034.11669921875,4.378320693969727,-0.2360748052597046,2036.0,2036.0,99.1236611489776,0,0.0,0,0.0,0.9974567890167236,0.011797966435551643,0.9932913780212402,0.9935644268989563,0.0037890623789280653,0.005838258191943169,0.004094414878636599,1.704169153526891e-05,3.4183315165137174e-06,6.350122566800565e-05,0.0003019255236722529,0.5381505489349365,0.28358033299446106,0.001557959127239883,0.00035925634438171983
small_1_3,G9,2000,5.999999848427251e-05,16666.66796875,0.0,-1995.086669921875,-1995.0892333984375,1995.0889892578125,2034.31396484375,4.182574272155762,0.0,2036.0,2036.0,99.1236611489776,0,0.0,0,0.0,0.9975257515907288,0.004279116168618202,0.9944509863853455,0.9935839772224426,0.0010644531575962901,0.005586603190749884,0.004636494442820549,1.631537452340126e-05,3.7253059872455196e-06,6.265228876145557e-05,0.0003604720113798976,0.5273231863975525,0.7573337554931641,0.0015331966569647193,0.0005075502558611333
small_1_3,G10,1,1.159999966621399,0.8620690107345581,1.0,-571.1936645507812,-571.4304809570312,-80.0,-79.99999237060547,554.4752197265625,-8.239251136779785,96.0,96.0,4.8,0,0.0,0,0.0,0.010301411151885986,0.01029906328767538,0.00021286815172061324,0.0,1.0,0.024461764842271805,0.0002505496668163687,7.64429714763537e-05,6.245581403163669e-07,7.675158849451691e-05,3.423506996114156e-06,9.59869384765625,9.20341968536377,0.02999591827392578,0.028634315356612206
small_1_3,G10,50,1.1315672397613525,0.8837300539016724,0.9754877686500549,-586.6138916015625,-588.1520385742188,-80.0,-80.0,553.359130859375,-41.988929748535156,400.0,418.0,20.9,0,0.0,0,0.0,0.05380506068468094,0.053805045783519745,3.438395287957974e-05,0.0,1.0,0.11239691078662872,0.00010105774708790705,0.00035124021815136075,2.502136169368896e-07,0.0003524608619045466,1.4030198371983715e-06,13.446796417236328,0.3547680079936981,0.042021241039037704,0.0008884855778887868
small_1_3,G10,100,1.102554202079773,0.9069848656654358,0.9504752159118652,-829.4210205078125,-850.6112060546875,86.11705017089844,108.10220336914062,487.362548828125,-227.1505584716797,1947.0,1947.0,97.35,0,0.0,0,0.0,0.4038444459438324,0.2987328767776489,0.25638502836227417,0.0,0.03703124821186066,0.7550860047340393,0.5322831869125366,0.0021460524294525385,0.0011424693511798978,0.008204757235944271,0.008171549066901207,18.279550552368164,18.607616424560547,0.0569220669567585,0.05625157803297043
small_1_3,G10,150,1.0735411643981934,0.9314966797828674,0.9254627227783203,-1856.5242919921875,-1862.948974609375,1518.640869140625,1580.59375,157.2164764404297,-175.52987670898438,1987.0,1987.0,99.35,0,0.0,0,0.0,0.8985828757286072,0.23708392679691315,0.8456081748008728,0.0,0.0028124998789280653,0.670079231262207,0.13036422431468964,0.0017956566298380494,0.00025547787663526833,0.007851489819586277,0.006940712220966816,10.753802299499512,2.6227173805236816,0.032680582255125046,0.004460923373699188
small_1_3,G10,200,1.0445282459259033,0.9573699831962585,0.9004502296447754,-1974.591552734375,-1975.48095703125,1717.8624267578125,1777.67822265625,84.73450469970703,-169.11087036132812,1990.0,1990.0,99.5,0,0.0,0,0.0,0.9527013301849365,0.23475909233093262,0.9042729139328003,0.4809960722923279,0.0020019530784338713,0.2506592571735382,0.03427059203386307,0.0006664342945441604,3.177836333634332e-05,0.00294192205183208,0.006132316775619984,3.9868080615997314,1.40635347366333,0.011863050051033497,0.001174330827780068
small_1_3,G10,250,1.0155152082443237,0.984721839427948,0.8754377365112305,-1995.487548828125,-1995.827880859375,1770.64404296875,1833.341064453125,63.73997497558594,-160.454833984375,1992.0,1993.0,99.65,0,0.0,0,0.0,0.9656440019607544,0.22910656034946442,0.9200878739356995,0.6345312595367432,0.0016308593330904841,0.1507495641708374,0.019174562767148018,0.00039947195909917355,9.83620611805236e-06,0.0018453480442985892,0.005368555895984173,2.52297306060791,1.102142333984375,0.007439094595611095,0.0007521385559812188
small_1_3,G10,300,0.9865021705627441,1.01368248462677,0.8504252433776855,-2001.92724609375,-2002.1121826171875,1798.089599609375,1860.0611572265625,52.82897186279297,-151.9066162109375,1992.0,1993.0,99.65,0,0.0,0,0.0,0.9718540906906128,0.22328037023544312,0.9287199378013611,0.6937792897224426,0.0017382812220603228,0.10586589574813843,0.017415514215826988,0.000280400097835809,7.296894182218239e-06,0.0015922237653285265,0.006321677006781101,1.952470064163208,0.8744204640388489,0.005656806286424398,0.0005798708298243582
small_1_3,G10,350,0.9574891924858093,1.0443981885910034,0.8254126906394958,-2003.36669921875,-2003.479736328125,1815.9971923828125,1876.6627197265625,45.81263732910156,-143.61746215820312,1994.0,1994.0,99.7,0,0.0,0,0.0,0.9756684899330139,0.2174934297800064,0.934693455696106,0.7299023270606995,0.001708984375,0.08007840812206268,0.008766707964241505,0.00021216791355982423,5.353452706913231e-06,0.0015208120457828045,0.002972087822854519,1.5917845964431763,0.6961884498596191,0.004614784382283688,0.00046898837899789214
small_1_3,G10,400,0.9284762144088745,1.077033519744873,0.8004001975059509,-2002.4486083984375,-2002.5247802734375,1828.984619140625,1889.965087890625,40.85062026977539,-135.61138916015625,1995.0,1995.0,99.75,0,0.0,0,0.0,0.9782716631889343,0.21178685128688812,0.9392889738082886,0.7569921612739563,0.0015917968703433871,0.0634717270731926,0.010396590456366539,0.00016835893620736897,4.238916972099105e-06,0.0012131767580285668,0.005755881778895855,1.337064504623413,0.5029119849205017,0.003915057051926851,0.0003690315061248839
small_1_3,G10,450,0.8994631767272949,1.111774206161499,0.775387704372406,-2000.3330078125,-2000.3875732421875,1839.153564453125,1900.301513671875,37.10258483886719,-127.86154174804688,1995.0,1995.0,99.75,0,0.0,0,0.0,0.9801903963088989,0.2061251848936081,0.9429713487625122,0.77796870470047,0.0017578124534338713,0.052284035831689835,0.005836883559823036,0.00013896306336391717,4.225850716466084e-06,0.0018513193354010582,0.0023021206725388765,1.1756449937820435,0.528571605682373,0.0034500781912356615,0.00039079610724002123
small_1_3,G10,500,0.8704501390457153,1.1488308906555176,0.7503751516342163,-1997.716796875,-1997.76025390625,1847.92041015625,1908.790771484375,33.9578742980957,-120.28136444091797,1995.0,1995.0,99.75,0,0.0,0,0.0,0.9818418622016907,0.2003687173128128,0.9464994668960571,0.794873058795929,0.0016992187593132257,0.04449712857604027,0.009511975571513176,0.0001185296059702523,4.883138444711221e-06,0.0013050880515947938,0.004769194405525923,1.1258761882781982,0.58509361743927,0.003173005999997258,0.000428730680141598
small_1_3,G10,550,0.8414371609687805,1.1884428262710571,0.7253626585006714,-1994.7464599609375,-1994.7803955078125,1855.5169677734375,1916.10791015625,31.24427032470703,-112.97323608398438,1994.0,1995.0,99.75,0,0.0,0,0.0,0.9832893013954163,0.19468405842781067,0.9496954083442688,0.8102538585662842,0.0016406249487772584,0.038085296750068665,0.008916330523788929,0.00010210077743977308,4.033442564832512e-06,0.0010306518524885178,0.005352842155843973,1.0031440258026123,0.43487176299095154,0.0029037820640951395,0.00035627439501695335
small_1_3,G10,600,0.8124241828918457,1.230884075164795,0.7003501653671265,-1991.53662109375,-1991.564208984375,1862.16162109375,1922.831298828125,28.950279235839844,-105.88270568847656,1994.0,1995.0,99.75,0,0.0,0,0.0,0.9845010638237,0.18898174166679382,0.9525576829910278,0.8245605230331421,0.0015917968703433871,0.033188458532094955,0.007482977118343115,8.952030475484207e-05,3.883593308273703e-06,0.0006766141741536558,0.005583480000495911,0.9093194007873535,0.5020578503608704,0.0026937888469547033,0.0003608375845942646
small_1_3,G10,650,0.7834111452102661,1.2764689922332764,0.6753376722335815,-1988.260009765625,-1988.2821044921875,1868.242431640625,1928.8779296875,26.9040584564209,-98.96275329589844,1996.0,1996.0,99.8,0,0.0,0,0.0,0.9855950474739075,0.18317271769046783,0.955319881439209,0.8372460603713989,0.0015234374441206455,0.029489219188690186,0.004989835433661938,7.973968604346737e-05,3.6931578506482765e-06,0.0011505336733534932,0.0025422079488635063,0.8674044609069824,0.42061084508895874,0.002544982358813286,0.00034624291583895683
small_1_3,G10,700,0.7543981075286865,1.3255600929260254,0.6503251791000366,-1984.936279296875,-1984.955322265625,1873.781494140625,1934.3349609375,25.058216094970703,-92.26992797851562,1996.0,1996.0,99.8,0,0.0,0,0.0,0.9865906834602356,0.17735344171524048,0.9579444527626038,0.8482714891433716,0.0015624999068677425,0.02630680426955223,0.004922611638903618,7.166252180468291e-05,3.578287305572303e-06,0.0007148344884626567,0.003034805878996849,0.817783534526825,0.31093478202819824,0.002420064527541399,0.0003305362188257277
small_1_3,G10,750,0.7253851294517517,1.3785780668258667,0.6253126859664917,-1981.6029052734375,-1981.61865234375,1878.85400390625,1939.328369140625,23.394981384277344,-85.7943115234375,1996.0,1996.0,99.8,0,0.0,0,0.0,0.9874836802482605,0.17150282859802246,0.9603737592697144,0.8586230278015137,0.0015332030598074198,0.023653047159314156,0.0029965743888169527,6.491973181255162e-05,3.423278712944011e-06,0.0002847203577402979,0.0004529440775513649,0.7663140892982483,0.2292940616607666,0.0023110683541744947,0.00032227346673607826
small_1_3,G10,800,0.6963721513748169,1.4360138177871704,0.600300133228302,-1978.3251953125,-1978.3394775390625,1883.60498046875,1943.95556640625,21.855815887451172,-79.51465606689453,1996.0,1996.0,99.8,0,0.0,0,0.0,0.9883198142051697,0.16557270288467407,0.9627299308776855,0.8688573837280273,0.0015917968703433871,0.02168622799217701,0.003610407467931509,5.9545840485952795e-05,3.6041124076291453e-06,0.0011719709727913141,0.000991488341242075,0.7637447118759155,0.3794449269771576,0.002240232890471816,0.00034419840085320175
small_1_3,G10,850,0.6673591136932373,1.498443603515625,0.5752876400947571,-1975.118896484375,-1975.131103515625,1888.04150390625,1948.281005859375,20.412729263305664,-73.46705627441406,1996.0,1996.0,99.8,0,0.0,0,0.0,0.9891086220741272,0.15963114798069,0.9649879336357117,0.8803319931030273,0.0016406249487772584,0.019700950011610985,0.0029554700013250113,5.4671429097652435e-05,3.3876510769914603e-06,0.0002960280398838222,0.0001923867966979742,0.7160384654998779,0.21914584934711456,0.0021625685039907694,0.0003208820126019418
small_1_3,G10,900,0.6383461356163025,1.566548228263855,0.5502750873565674,-1971.9844970703125,-1971.995361328125,1892.168701171875,1952.3265380859375,19.096649169921875,-67.63634490966797,1996.0,1996.0,99.8,0,0.0,0,0.0,0.9898211359977722,0.15364210307598114,0.9671177268028259,0.8905761241912842,0.001660156180150807,0.018122415989637375,0.00302040483802557,5.056122608948499e-05,3.4418828818161273e-06,0.000314307922963053,0.00032068160362541676,0.6910932660102844,0.23610994219779968,0.002099294913932681,0.00032796544837765396
small_1_3,G10,950,0.6093330979347229,1.6411384344100952,0.5252625942230225,-1968.9561767578125,-1968.9659423828125,1896.064453125,1956.1312255859375,17.85773468017578,-62.02035903930664,1996.0,1996.0,99.8,0,0.0,0,0.0,0.9904963970184326,0.147593691945076,0.9691773653030396,0.8987694978713989,0.0017578124534338713,0.016783282160758972,0.0031427324283868074,4.7029650886543095e-05,3.4161330404458568e-06,0.000499887450132519,0.000727067468687892,0.679124116897583,0.2432112842798233,0.0020511436741799116,0.00032750278478488326
small_1_3,G10,1000,0.5803201198577881,1.7231868505477905,0.5002501010894775,-1966.031005859375,-1966.0399169921875,1899.73974609375,1959.70556640625,16.683582305908203,-56.6182861328125,1996.0,1996.0,99.8,0,0.0,0,0.0,0.9911434650421143,0.14147494733333588,0.9711974859237671,0.9054296612739563,0.0017675780691206455,0.015610766597092152,0.0032206729520112276,4.3928892409894615e-05,3.5170180581189925e-06,0.0006849526544101536,0.0004492885200306773,0.6680949330329895,0.26633596420288086,0.0020097880624234676,0.00033701746724545956
small_1_3,G10,1050,0.5513070821762085,1.813871145248413,0.4752376079559326,-1963.2227783203125,-1963.23095703125,1903.2022705078125,1963.07421875,15.573745727539062,-51.442691802978516,1996.0,1996.0,99.8,0,0.0,0,0.0,0.9917557239532471,0.13530781865119934,0.9731245040893555,0.9122753739356995,0.0018554687267169356,0.01458950899541378,0.0033278416376560926,4.116769923712127e-05,3.4796021282090805e-06,0.0007272588554769754,0.001070614904165268,0.6634075045585632,0.28123047947883606,0.0019729784689843655,0.000333645410137251
small_1_3,G10,1100,0.5222941040992737,1.9146300554275513,0.4502251148223877,-1960.52734375,-1960.5347900390625,1906.44677734375,1966.2318115234375,14.534713745117188,-46.49655532836914,1996.0,1996.0,99.8,0,0.0,0,0.0,0.9923243522644043,0.1290925145149231,0.974949300289154,0.9202343821525574,0.0019628906156867743,0.013590183109045029,0.003109410870820284,3.864959580823779e-05,3.446400114626158e-06,0.0002131690562237054,0.000204774783924222,0.6374782919883728,0.22344957292079926,0.0019349849317222834,0.00033033484942279756
small_1_3,G10,1150,0.4932810664176941,2.0272417068481445,0.425212562084198,-1957.953125,-1957.9599609375,1909.4940185546875,1969.21142578125,13.562344551086426,-41.7758903503418,1996.0,1996.0,99.8,0,0.0,0,0.0,0.9928529858589172,0.12280884385108948,0.9766972661018372,0.9316601157188416,0.0020800780039280653,0.01275236438959837,0.0031515108421444893,3.641687726485543e-05,3.483886757749133e-06,0.0001563742698635906,0.00017897598445415497,0.6279875636100769,0.22531406581401825,0.001904273172840476,0.00033393962075933814
small_1_3,G10,1200,0.4642680883407593,2.15392804145813,0.4002000689506531,-1955.505126953125,-1955.511474609375,1912.3536376953125,1971.99951171875,12.644084930419922,-37.28759002685547,1996.0,1996.0,99.8,0,0.0,0,0.0,0.9933512806892395,0.11646547168493271,0.9783689379692078,0.9393359422683716,0.002109374850988388,0.011999576352536678,0.0031773936934769154,3.439505599089898e-05,3.462610038695857e-06,0.00012219093332532793,0.00020238757133483887,0.6189621686935425,0.22400681674480438,0.0018762159161269665,0.00033327192068099976
small_1_3,G10,1250,0.4352550506591797,2.2975034713745117,0.37518757581710815,-1953.1871337890625,-1953.193115234375,1915.03369140625,1974.6181640625,11.77635669708252,-33.03364562988281,1996.0,1996.0,99.8,0,0.0,0,0.0,0.9938212633132935,0.11005710065364838,0.979968249797821,0.943896472454071,0.0021875000093132257,0.011322049424052238,0.003303950885310769,3.255992123740725e-05,3.5360833408049075e-06,0.00011420859664212912,0.00026450399309396744,0.6124509572982788,0.22820407152175903,0.001851384760811925,0.00033763289684429765
small_1_3,G10,1300,0.4062420725822449,2.4615864753723145,0.35017526149749756,-1951.0023193359375,-1951.0078125,1917.54052734375,1977.060302734375,10.956628799438477,-29.016284942626953,1996.0,1996.0,99.8,0,0.0,0,0.0,0.9942632913589478,0.10357771813869476,0.9814931750297546,0.9465136528015137,0.0024316406343132257,0.01070692390203476,0.0034136411268264055,3.0881583370501176e-05,3.678110488181119e-06,0.00010700982966227457,0.00020486116409301758,0.6070537567138672,0.23919959366321564,0.0018287472194060683,0.00035188827314414084
small_1_3,G10,1350,0.3772290349006653,2.650909423828125,0.3251709043979645,-1948.9547119140625,-1948.9598388671875,1919.88037109375,1979.337890625,10.181028366088867,-25.23890495300293,1996.0,1996.0,99.8,0,0.0,0,0.0,0.9946795701980591,0.0970216915011406,0.982947826385498,0.9498339891433716,0.002587890485301614,0.010156593285501003,0.003268519416451454,2.9343691494432278e-05,3.5173084143025335e-06,0.00041196084930561483,0.0002132535446435213,0.6056355237960815,0.22957132756710052,0.0018085837364196777,0.00034105844679288566
small_1_3,G10,1400,0.34821605682373047,2.8717801570892334,0.3003411889076233,-1947.056640625,-1947.061279296875,1922.0386962890625,1981.4306640625,9.45065689086914,-21.73175811767578,1996.0,1996.0,99.8,0,0.0,0,0.0,0.9950663447380066,0.09044612944126129,0.9843065142631531,0.9560839533805847,0.0027441405691206455,0.009630965068936348,0.0034591436851769686,2.7911451979889534e-05,3.6512722090265015e-06,0.00014448324509430677,0.00032579200342297554,0.598484218120575,0.237715944647789,0.0017877960344776511,0.00034848792711272836
small_1_3,G10,1450,0.3192030191421509,3.1328024864196777,0.277316153049469,-1945.416748046875,-1945.42138671875,1923.91943359375,1983.26220703125,8.760671615600586,-18.70539093017578,1996.0,1996.0,99.8,0,0.0,0,0.0,0.995430588722229,0.08431437611579895,0.98550945520401,0.9680761694908142,0.002968749962747097,0.009157154709100723,0.0034453202970325947,2.6605575840221718e-05,3.5771579405263765e-06,9.24634441616945e-05,0.0002483262214809656,0.5950943827629089,0.2368331253528595,0.001770776929333806,0.00033423217246308923
small_1_3,G10,1500,0.29019004106521606,3.4460177421569824,0.2625235319137573,-1944.4200439453125,-1944.4244384765625,1925.1781005859375,1984.48779296875,8.073165893554688,-16.903656005859375,1996.0,1996.0,99.8,0,0.0,0,0.0,0.9958186149597168,0.08048637211322784,0.9863396883010864,0.9731737971305847,0.0031054685823619366,0.00873279944062233,0.0034600349608808756,2.5469153115409426e-05,3.4506781503296224e-06,8.407955465372652e-05,0.0002836434869095683,0.596305251121521,0.23907510936260223,0.001766042085364461,0.00029276663553901017
small_1_3,G10,1550,0.26117706298828125,3.82882022857666,0.26034680008888245,-1944.271484375,-1944.275634765625,1925.6544189453125,1984.95849609375,7.317062854766846,-16.710124969482422,1996.0,1996.0,99.8,0,0.0,0,0.0,0.9963144659996033,0.08023011684417725,0.9866935610771179,0.9742675423622131,0.003085937350988388,0.00836138240993023,0.0035722830798476934,2.4453298465232365e-05,3.5895482142223045e-06,7.944829121697694e-05,0.0002408947329968214,0.6069144606590271,0.24751384556293488,0.0017724671633914113,0.0002834667975548655
small_1_3,G10,1600,0.23216402530670166,4.307299613952637,0.25009971857070923,-1943.6285400390625,-1943.632568359375,1926.58203125,1985.863525390625,6.5440144538879395,-15.531168937683105,1996.0,1996.0,99.8,0,0.0,0,0.0,0.996841311454773,0.07762487977743149,0.9873338341712952,0.9750390648841858,0.003115234198048711,0.00796849001199007,0.003498436650261283,2.3308730305870995e-05,3.7905290355411125e-06,7.51961997593753e-05,0.0002696191659197211,0.6022273898124695,0.24542327225208282,0.0017512181075289845,0.000363221945008263
small_1_3,G10,1650,0.20315104722976685,4.922445774078369,0.2105179876089096,-1941.3482666015625,-1941.351806640625,1928.9256591796875,1988.12646484375,5.972627639770508,-11.212944030761719,1996.0,1996.0,99.8,0,0.0,0,0.0,0.997157633304596,0.06657949090003967,0.9888540506362915,0.9753710627555847,0.003378906287252903,0.007574276998639107,0.0036741704680025578,2.2134587197797373e-05,3.98439942728146e-06,7.136447675293311e-05,0.00023940019309520721,0.5823940634727478,0.26056674122810364,0.001701011904515326,0.00045992908417247236
small_1_3,G10,1700,0.17413800954818726,5.742571830749512,0.16261200606822968,-1939.0595703125,-1939.0628662109375,1931.197998046875,1990.321044921875,5.667270660400391,-6.878025054931641,1996.0,1996.0,99.8,0,0.0,0,0.0,0.9972025752067566,0.052871447056531906,0.9903202652931213,0.9760644435882568,0.0038769531529396772,0.00724090076982975,0.003855861723423004,2.1205800294410437e-05,3.932251729565905e-06,6.78119104122743e-05,0.00037926738150417805,0.5793308019638062,0.26613783836364746,0.0016906621167436242,0.00043889766675420105
small_1_3,G10,1750,0.14512503147125244,6.890610218048096,0.12727773189544678,-1937.7138671875,-1937.7171630859375,1932.5941162109375,1991.671630859375,5.467745304107666,-4.32944393157959,1996.0,1996.0,99.8,0,0.0,0,0.0,0.9971392750740051,0.04251965507864952,0.991205096244812,0.9894433617591858,0.0042578126303851604,0.006920644082129002,0.0038442437071353197,2.0260651581338607e-05,3.78124764210952e-06,6.448345811804757e-05,0.00026295968564227223,0.5718811750411987,0.26765376329421997,0.0016658961540088058,0.0003906568163074553
small_1_3,G10,1800,0.11611199378967285,8.612374305725098,0.10024542361497879,-1936.882568359375,-1936.8856201171875,1933.509521484375,1992.55712890625,5.239467144012451,-2.7677502632141113,1996.0,1996.0,99.8,0,0.0,0,0.0,0.9971325397491455,0.03451217710971832,0.9917747378349304,0.9926171898841858,0.004589843563735485,0.0066189211793243885,0.0039825234562158585,1.9352422896190546e-05,3.7065588003315497e-06,6.501636380562559e-05,0.00022888719104230404,0.5634250640869141,0.2684268653392792,0.0016357973217964172,0.00036919533158652484
small_1_3,G10,1850,0.08709895610809326,11.481193542480469,0.07504609227180481,-1936.262451171875,-1936.2652587890625,1934.207763671875,1993.23095703125,4.988140106201172,-1.6230278015136719,1996.0,1996.0,99.8,0,0.0,0,0.0,0.997186541557312,0.0270338486880064,0.9922105073928833,0.9930468797683716,0.004726562183350325,0.00633548479527235,0.003996004816144705,1.8507753338781185e-05,3.6009535051562125e-06,7.06204809830524e-05,0.0002630547387525439,0.5562682151794434,0.2717115581035614,0.001609142404049635,0.00036402224213816226
small_1_3,G10,1900,0.05808603763580322,17.21584129333496,0.050025176256895065,-1935.794677734375,-1935.7974853515625,1934.73779296875,1993.74609375,4.747311592102051,-0.7838902473449707,1996.0,1996.0,99.8,0,0.0,0,0.0,0.9972584247589111,0.01958739385008812,0.9925578236579895,0.9931445121765137,0.0047851563431322575,0.006065575405955315,0.004048291593790054,1.7713602574076504e-05,3.5310258681420237e-06,6.881810259073973e-05,0.000283229659544304,0.5478570461273193,0.2767360806465149,0.0015843763248994946,0.00035973184276372194
small_1_3,G10,1950,0.029072999954223633,34.396175384521484,0.02501249499619007,-1935.47509765625,-1935.477783203125,1935.103759765625,1994.103515625,4.528793811798096,-0.24227944016456604,1996.0,1996.0,99.8,0,0.0,0,0.0,0.997329831123352,0.012108055874705315,0.9928779602050781,0.9931835532188416,0.004267578013241291,0.005808156915009022,0.0042084744200110435,1.6960138964350335e-05,3.489510845611221e-06,5.760471321991645e-05,0.0002930975751951337,0.5385076403617859,0.287399023771286,0.0015598919708281755,0.00036388516309671104
small_1_3,G10,2000,5.999999848427251e-05,16666.66796875,0.0,-1935.305419921875,-1935.3079833984375,1935.3076171875,1994.3056640625,4.3316569328308105,0.0,1996.0,1996.0,99.8,0,0.0,0,0.0,0.9973989725112915,0.004591579549014568,0.9940549731254578,0.9931835532188416,0.001171874930150807,0.005558460485190153,0.004598905798047781,1.6238136595347896e-05,3.6748758702742634e-06,5.3197782108327374e-05,0.00033837102819234133,0.5276027917861938,0.7433701753616333,0.0015349691966548562,0.0005035078502260149
small_1_3,G11,1,1.159999966621399,0.8620690107345581,1.0,-668.193603515625,-668.430419921875,17.0,17.000001907348633,554.4752197265625,-8.239229202270508,64.0,64.0,11.347517730496454,0,0.0,0,0.0,0.010301390662789345,0.010299036279320717,0.00021327690046746284,0.0,1.0,0.02446172572672367,0.0002495714870747179,7.644285506103188e-05,6.217213694981183e-07,7.675559754716232e-05,3.705898734551738e-06,9.59869384765625,9.206842422485352,0.02999591827392578,0.028645271435379982
small_1_3,G11,50,1.1315672397613525,0.8837300539016724,0.9754877686500549,-683.61376953125,-685.1519775390625,17.0,17.0,553.359130859375,-41.98884963989258,92.0,116.0,20.56737588652482,0,0.0,0,0.0,0.05380496382713318,0.05380494147539139,3.932794425054453e-05,0.0,1.0,0.1123967245221138,9.869978384813294e-05,0.00035123966517858207,2.6006509301623737e-07,0.0003524694766383618,9.57916199695319e-07,13.446798324584961,0.3519584834575653,0.042021244764328,0.0009447133052162826
small_1_3,G11,100,1.102554202079773,0.9069848656654358,0.9504752159118652,-853.324462890625,-857.9491577148438,16.999670028686523,16.999771118164062,490.427978515625,-300.2260437011719,-72.0,130.0,23.04964539007092,0,0.0,0,0.0,0.39483872056007385,0.39483681321144104,0.0009914700640365481,0.0,1.0,0.29853934049606323,0.003640290116891265,0.0009329353924840689,9.107292498811148e-06,0.0009339961688965559,4.9972033593803644e-05,15.638873100280762,1.6826657056808472,0.0488714762032032,0.0042452202178537846
small_1_3,G11,150,1.0735411643981934,0.9314966797828674,0.9254627227783203,-905.8500366210938,-906.286376953125,105.4343032836914,111.6341552734375,333.533447265625,-442.7901611328125,554.0,554.0,98.22695035460993,0,0.0,0,0.0,0.7065517902374268,0.5980659127235413,0.3372837007045746,0.0,0.05425781011581421,0.0984981507062912,0.06616802513599396,0.00024738634238019586,0.00011725747026503086,0.0007905201055109501,0.0008895066566765308,4.167553424835205,7.219127655029297,0.011606068350374699,0.01660480909049511
small_1_3,G11,200,1.0445282459259033,0.9573699831962585,0.9004502296447754,-896.1937255859375,-896.2698974609375,184.4296112060547,189.7776336669922,267.8688049316406,-432.043701171875,556.0,556.0,98.58156028368795,0,0.0,0,0.0,0.7874181270599365,0.5997606515884399,0.47113296389579773,0.0,0.03579101338982582,0.03169264271855354,0.007234201766550541,8.454044291283935e-05,9.973863598133903e-06,0.00033112961682491004,0.0003933180123567581,2.4166762828826904,0.9139859676361084,0.006438029929995537,0.002362841507419944
small_1_3,G11,250,1.0155152082443237,0.984721839427948,0.8754377365112305,-878.8511962890625,-878.8681640625,223.8902587890625,229.39205932617188,239.41879272460938,-411.8444519042969,556.0,556.0,98.58156028368795,0,0.0,0,0.0,0.817102313041687,0.5880550146102905,0.5277724862098694,0.0,0.03330077975988388,0.014687428250908852,0.0009434394305571914,3.996674786321819e-05,1.435128183402412e-06,0.00014298716268967837,6.622681394219398e-05,1.1647778749465942,0.34333473443984985,0.0031884138006716967,0.0009531123796477914
small_1_3,G11,300,0.9865021705627441,1.01368248462677,0.8504252433776855,-861.0906982421875,-861.099609375,248.80392456054688,254.23927307128906,223.4729461669922,-391.839111328125,556.0,556.0,98.58156028368795,0,0.0,0,0.0,0.832788348197937,0.5759457945823669,0.5620938539505005,0.0,0.030585937201976776,0.010424268431961536,0.0010879110777750611,2.8683763957815245e-05,1.5753753359604161e-06,0.00024905212922021747,7.93954823166132e-05,0.8561074137687683,0.32404080033302307,0.0023663530591875315,0.0008124301675707102
small_1_3,G11,350,0.9574891924858093,1.0443981885910034,0.8254126906394958,-843.7771606445312,-843.7841796875,269.8848876953125,275.17633056640625,210.69552612304688,-372.1605529785156,556.0,556.0,98.58156028368795,0,0.0,0,0.0,0.844916582107544,0.5635976791381836,0.5902808904647827,0.0,0.029999999329447746,0.008974889293313026,0.0011544156586751342,2.4933237000368536e-05,1.7379627479385817e-06,0.00024544645566493273,0.00020641670562326908,0.7874908447265625,0.31822317838668823,0.002196660963818431,0.0007650431944057345
small_1_3,G11,400,0.9284762144088745,1.077033519744873,0.8004001975059509,-827.007568359375,-827.013916015625,289.427978515625,294.55780029296875,198.93521118164062,-352.8793029785156,556.0,556.0,98.58156028368795,0,0.0,0,0.0,0.8557371497154236,0.5510982275009155,0.6155850291252136,0.0,0.02999023348093033,0.008246883749961853,0.0012900648871436715,2.309174305992201e-05,2.0157463040959556e-06,0.00013077531184535474,6.305146962404251e-05,0.7770184874534607,0.326264351606369,0.0021857875399291515,0.000755265646148473
small_1_3,G11,450,0.8994631767272949,1.111774206161499,0.775387704372406,-810.801513671875,-810.8076171875,307.97918701171875,312.9464111328125,187.7010955810547,-333.9981689453125,556.0,556.0,98.58156028368795,0,0.0,0,0.0,0.8657636046409607,0.5384373068809509,0.6389775276184082,0.0,0.029677733778953552,0.0077989352867007256,0.0014996785903349519,2.1918056518188678e-05,2.475590463291155e-06,8.999068813864142e-05,5.798880010843277e-05,0.7874754071235657,0.35048431158065796,0.0022229289170354605,0.0007804958149790764
small_1_3,G11,500,0.8704501390457153,1.1488308906555176,0.7503751516342163,-795.1600341796875,-795.1659545898438,325.67498779296875,330.48638916015625,176.87298583984375,-315.5318298339844,556.0,556.0,98.58156028368795,0,0.0,0,0.0,0.8751427531242371,0.5256234407424927,0.6607673764228821,0.0,0.029208984225988388,0.007452522404491901,0.0015786010771989822,2.103032784361858e-05,2.7280557333142497e-06,6.9090434408281e-05,5.725957453250885e-05,0.8028042912483215,0.35518431663513184,0.002274798694998026,0.0007857283926568925
small_1_3,G11,550,0.8414371609687805,1.1884428262710571,0.7253626585006714,-780.0787353515625,-780.0845336914062,342.5486145019531,347.29852294921875,166.43080139160156,-297.4948425292969,556.0,556.0,98.58156028368795,0,0.0,0,0.0,0.8839272856712341,0.5126656889915466,0.6811208724975586,0.0,0.030634764581918716,0.0071770972572267056,0.001709289033897221,2.0331524865468964e-05,2.9704497137572616e-06,5.149834760231897e-05,6.436323747038841e-05,0.8208321332931519,0.36629414558410645,0.0023347598034888506,0.000794433057308197
small_1_3,G11,600,0.8124241828918457,1.230884075164795,0.7003501653671265,-765.5524291992188,-765.5581665039062,358.61981201171875,363.3499755859375,156.37399291992188,-279.8963317871094,556.0,556.0,98.58156028368795,0,0.0,0,0.0,0.8921505808830261,0.4995649755001068,0.7001380920410156,0.0,0.03291992098093033,0.006956041324883699,0.0017496716463938355,1.9770259314100258e-05,3.1212030080496334e-06,0.00011078507668571547,5.245395004749298e-05,0.8415874242782593,0.3718019723892212,0.0024013742804527283,0.0008014619234018028
small_1_3,G11,650,0.7834111452102661,1.2764689922332764,0.6753376722335815,-751.57470703125,-751.5804443359375,373.8991394042969,378.590576171875,146.71023559570312,-262.746826171875,556.0,556.0,98.58156028368795,0,0.0,0,0.0,0.8998339772224426,0.4863249361515045,0.7179108262062073,0.0,0.03316406160593033,0.006767836399376392,0.001818181830458343,1.9300763597129844e-05,3.2936236493696924e-06,8.172639354597777e-05,6.423844024538994e-05,0.8636749982833862,0.37675103545188904,0.0024721105583012104,0.0008100940030999482
small_1_3,G11,700,0.7543981075286865,1.3255600929260254,0.6503251791000366,-738.137939453125,-738.1437377929688,388.3951721191406,393.0621643066406,137.45079040527344,-246.05596923828125,556.0,556.0,98.58156028368795,0,0.0,0,0.0,0.9069944024085999,0.4729479253292084,0.7345289587974548,0.0,0.03290038928389549,0.006604529917240143,0.001861694036051631,1.8897660993388854e-05,3.3367784908477915e-06,9.067972132470459e-05,5.447911098599434e-05,0.886680006980896,0.3795892596244812,0.002545582363381982,0.0008071853080764413
small_1_3,G11,750,0.7253851294517517,1.3785780668258667,0.6253126859664917,-725.2337646484375,-725.2395629882812,402.11883544921875,406.8252258300781,128.60662841796875,-229.83139038085938,556.0,556.0,98.58156028368795,0,0.0,0,0.0,0.9136481881141663,0.4594328999519348,0.7500889301300049,0.0,0.032792966812849045,0.0064553869888186455,0.001891010208055377,1.8539152733865194e-05,3.402018819542718e-06,6.526101060444489e-05,5.408516153693199e-05,0.9096655249595642,0.381266325712204,0.0026203817687928677,0.0008056209771893919
small_1_3,G11,800,0.6963721513748169,1.4360138177871704,0.600300133228302,-712.85302734375,-712.8588256835938,415.0821228027344,419.8269348144531,120.1869888305664,-214.08184814453125,556.0,556.0,98.58156028368795,0,0.0,0,0.0,0.9198134541511536,0.445780873298645,0.7646572589874268,0.0,0.033378906548023224,0.006321645341813564,0.001887470600195229,1.8218792320112698e-05,3.4180361581093166e-06,5.746620081481524e-05,5.7534314692020416e-05,0.9331400990486145,0.3758942782878876,0.002696575364097953,0.0007992002065293491
small_1_3,G11,850,0.6673591136932373,1.498443603515625,0.5752876400947571,-700.986572265625,-700.992431640625,427.302978515625,432.0801696777344,112.1980209350586,-198.81301879882812,556.0,556.0,98.58156028368795,0,0.0,0,0.0,0.9255093336105347,0.43198615312576294,0.7783063054084778,0.0,0.03407226502895355,0.006197456270456314,0.0019142006058245897,1.7928170564118773e-05,3.4693027828325285e-06,5.002484249416739e-05,5.2593182772397995e-05,0.9566469192504883,0.37937748432159424,0.0027736970223486423,0.0008041640976443887
small_1_3,G11,900,0.6383461356163025,1.566548228263855,0.5502750873565674,-689.6255493164062,-689.6314697265625,438.8040771484375,443.6165771484375,104.64334106445312,-184.0286865234375,556.0,556.0,98.58156028368795,0,0.0,0,0.0,0.9307562112808228,0.41803795099258423,0.7910796999931335,0.0069726561196148396,0.035624999552965164,0.006108648609369993,0.0019302761647850275,1.768312358763069e-05,3.494406655590865e-06,8.26807736302726e-05,5.924887955188751e-05,0.9835526943206787,0.38568350672721863,0.002854553982615471,0.000804492796305567
small_1_3,G11,950,0.6093330979347229,1.6411384344100952,0.5252625942230225,-678.7625732421875,-678.7684326171875,449.61444091796875,454.65966796875,97.51748657226562,-169.73341369628906,556.0,556.0,98.58156028368795,0,0.0,0,0.0,0.9355801343917847,0.4039250910282135,0.8030312657356262,0.12958984076976776,0.03755859285593033,0.005990689154714346,0.0019283788278698921,1.7398357158526778e-05,3.4739064176392276e-06,9.529248927719891e-05,5.98106998950243e-05,1.0085293054580688,0.380278080701828,0.0029308274388313293,0.000795962056145072
small_1_3,G11,1000,0.5803201198577881,1.7231868505477905,0.5002501010894775,-668.3828125,-668.388671875,459.7335205078125,464.9715881347656,90.83089447021484,-155.94415283203125,556.0,556.0,98.58156028368795,0,0.0,0,0.0,0.9399921894073486,0.3896654546260834,0.8142043948173523,0.2643457055091858,0.03946289047598839,0.005850888788700104,0.001978849759325385,1.70789298863383e-05,3.5442312764644157e-06,0.00011804400128312409,5.8867502957582474e-05,1.025515079498291,0.38203585147857666,0.0029951606411486864,0.0007994507323019207
small_1_3,G11,1050,0.5513070821762085,1.813871145248413,0.4752376079559326,-658.4754638671875,-658.4813232421875,469.17620849609375,474.53582763671875,84.59422302246094,-142.667724609375,556.0,556.0,98.58156028368795,0,0.0,0,0.0,0.9440069198608398,0.3752536177635193,0.8246529698371887,0.30192381143569946,0.039863280951976776,0.005716140381991863,0.00189420476090163,1.676321517152246e-05,3.385957597856759e-06,5.2425973990466446e-05,5.81138301640749e-05,1.0421687364578247,0.3654235899448395,0.0030573001131415367,0.0007709339843131602
small_1_3,G11,1100,0.5222941040992737,1.9146300554275513,0.4502251148223877,-649.0309448242188,-649.0367431640625,477.9685363769531,483.4268798828125,78.80257415771484,-129.91009521484375,556.0,556.0,98.58156028368795,0,0.0,0,0.0,0.9476476907730103,0.3606809973716736,0.83440762758255,0.3455175757408142,0.040654294192790985,0.005591051187366247,0.0019138301722705364,1.6445153960376047e-05,3.425616341701243e-06,3.8141573895700276e-05,7.068202830851078e-05,1.0595154762268066,0.3662276566028595,0.003116260515525937,0.0007748716743662953
small_1_3,G11,1150,0.4932810664176941,2.0272417068481445,0.425212562084198,-640.0396118164062,-640.0453491210938,486.1368408203125,491.68109130859375,73.44886016845703,-117.67760467529297,556.0,556.0,98.58156028368795,0,0.0,0,0.0,0.9509379267692566,0.345937579870224,0.8435056209564209,0.3924218714237213,0.04061523452401161,0.005464117042720318,0.0019420284079387784,1.6107935152831487e-05,3.452852070040535e-06,3.851621659123339e-05,5.8969948440790176e-05,1.0755220651626587,0.369028240442276,0.0031690692994743586,0.0007779137813486159
small_1_3,G11,1200,0.4642680883407593,2.15392804145813,0.4002000689506531,-631.491455078125,-631.4971313476562,493.70458984375,499.32513427734375,68.52540588378906,-105.9784164428711,556.0,556.0,98.58156028368795,0,0.0,0,0.0,0.9539002776145935,0.33101698756217957,0.8519989848136902,0.5191991925239563,0.04112304747104645,0.005332883447408676,0.0018790774047374725,1.5748375517432578e-05,3.314274863441824e-06,3.501730680000037e-05,6.259419023990631e-05,1.089448094367981,0.356966495513916,0.00321418815292418,0.000753708416596055
small_1_3,G11,1250,0.4352550506591797,2.2975034713745117,0.37518757581710815,-623.3766479492188,-623.38232421875,500.69390869140625,506.3777160644531,64.02194213867188,-94.8224868774414,556.0,556.0,98.58156028368795,0,0.0,0,0.0,0.9565585255622864,0.31591692566871643,0.8599126935005188,0.5443652272224426,0.04217773303389549,0.005196379963308573,0.0019084340892732143,1.5365199942607433e-05,3.3363978673150996e-06,3.0553172109648585e-05,7.013860158622265e-05,1.1009503602981567,0.3580644428730011,0.003250811016187072,0.0007553778705187142
small_1_3,G11,1300,0.4062420725822449,2.4615864753723145,0.35017526149749756,-615.6857299804688,-615.6912841796875,507.1287536621094,512.861572265625,59.92393493652344,-84.21887969970703,556.0,556.0,98.58156028368795,0,0.0,0,0.0,0.958936870098114,0.30063116550445557,0.8672590255737305,0.565966784954071,0.04472656175494194,0.005053682252764702,0.0019233349012210965,1.495524247729918e-05,3.344679271322093e-06,2.6431547667016275e-05,6.602145731449127e-05,1.1096781492233276,0.3593389391899109,0.0032778005115687847,0.0007578300428576767
small_1_3,G11,1350,0.3772290349006653,2.650909423828125,0.3251709043979645,-608.4115600585938,-608.4169311523438,513.0320434570312,518.80322265625,56.211570739746094,-74.18025207519531,556.0,556.0,98.58156028368795,0,0.0,0,0.0,0.9610613584518433,0.2851586937904358,0.8740606307983398,0.5939550399780273,0.046611327677965164,0.004904279951006174,0.001911917352117598,1.4520566764986143e-05,3.2756167911429657e-06,2.5180399461532943e-05,7.44345597922802e-05,1.1153055429458618,0.3551313877105713,0.0032946860883384943,0.0007455562008544803
small_1_3,G11,1400,0.34821605682373047,2.8717801570892334,0.3003411889076233,-601.58154296875,-601.5867919921875,518.4010009765625,524.1985473632812,52.85261535644531,-64.7816162109375,556.0,556.0,98.58156028368795,0,0.0,0,0.0,0.9629669785499573,0.2696167826652527,0.8803014159202576,0.6123437285423279,0.05038085952401161,0.004749479703605175,0.0019426773069426417,1.4074165846977849e-05,3.3293990782112814e-06,2.484445576556027e-05,6.159534677863121e-05,1.117854118347168,0.3587384521961212,0.0033028589095920324,0.0007532798917964101
small_1_3,G11,1450,0.3192030191421509,3.1328024864196777,0.277316153049469,-595.5146484375,-595.519775390625,523.022216796875,528.8324584960938,49.724342346191406,-56.625362396240234,556.0,556.0,98.58156028368795,0,0.0,0,0.0,0.9648013114929199,0.25523829460144043,0.8857160210609436,0.8064843416213989,0.05517578125,0.004603254608809948,0.0019867639057338238,1.3769345969194546e-05,3.3876799534482416e-06,2.4358394512091763e-05,6.141932681202888e-05,1.1197069883346558,0.3599710762500763,0.003330567618831992,0.0007376932189799845
small_1_3,G11,1500,0.29019004106521606,3.4460177421569824,0.2625235319137573,-591.4036865234375,-591.4088134765625,526.0919799804688,531.9031982421875,46.26839065551758,-51.89021301269531,556.0,556.0,98.58156028368795,0,0.0,0,0.0,0.967271625995636,0.24707408249378204,0.8893465995788574,0.8501952886581421,0.05572265386581421,0.004564488306641579,0.0021583253983408213,1.402170346409548e-05,3.7812988011864945e-06,2.682073500182014e-05,6.715883500874043e-05,1.1408599615097046,0.3878970146179199,0.0034808653872460127,0.0007499417406506836
small_1_3,G11,1550,0.26117706298828125,3.82882022857666,0.26034680008888245,-589.9661254882812,-589.9718017578125,527.25048828125,533.0408935546875,41.50032043457031,-51.88236999511719,556.0,556.0,98.58156028368795,0,0.0,0,0.0,0.9715220332145691,0.24910220503807068,0.8908258080482483,0.85291987657547,0.0558789037168026,0.0046863253228366375,0.0023765817750245333,1.4392318917089142e-05,4.363052539702039e-06,3.630010178312659e-05,6.180326454341412e-05,1.2138234376907349,0.4411408305168152,0.003717482788488269,0.0008541635470464826
small_1_3,G11,1600,0.23216402530670166,4.307299613952637,0.25009971857070923,-587.074951171875,-587.0799560546875,529.4566650390625,535.2393798828125,36.317787170410156,-49.1915283203125,556.0,556.0,98.58156028368795,0,0.0,0,0.0,0.9761797189712524,0.24585957825183868,0.8935500383377075,0.8554589748382568,0.055986326187849045,0.004292832687497139,0.002036039950326085,1.3102371667628177e-05,3.654914280559751e-06,3.600787022151053e-05,7.840420585125685e-05,1.175339937210083,0.3889639973640442,0.003583761863410473,0.0008271972765214741
small_1_3,G11,1650,0.20315104722976685,4.922445774078369,0.2105179876089096,-578.89501953125,-578.8992309570312,535.027587890625,540.793701171875,33.73579788208008,-37.018165588378906,556.0,556.0,98.58156028368795,0,0.0,0,0.0,0.9778810143470764,0.21980403363704681,0.899929404258728,0.8560253977775574,0.05708007514476776,0.00402779970318079,0.001787946093827486,1.2227005754539277e-05,2.7549604055820964e-06,3.832830043393187e-05,6.957293953746557e-05,1.1065367460250854,0.39201775193214417,0.003322645090520382,0.0009380624978803098
small_1_3,G11,1700,0.17413800954818726,5.742571830749512,0.16261200606822968,-570.3633422851562,-570.367919921875,540.409912109375,546.1513061523438,34.34589385986328,-23.977130889892578,556.0,556.0,98.58156028368795,0,0.0,0,0.0,0.9760478138923645,0.18431240320205688,0.9057168364524841,0.8590527176856995,0.06011718511581421,0.004067678935825825,0.0020057919900864363,1.231565147463698e-05,2.9616155643452657e-06,3.7064863136038184e-05,7.609301246702671e-05,1.1642000675201416,0.4005335569381714,0.003511677496135235,0.0009044500184245408
small_1_3,G11,1750,0.14512503147125244,6.890610218048096,0.12727773189544678,-564.7421875,-564.746337890625,543.672119140625,549.388671875,35.5372314453125,-15.916833877563477,556.0,556.0,98.58156028368795,0,0.0,0,0.0,0.9733973741531372,0.15631990134716034,0.9088284969329834,0.8848242163658142,0.06443358957767487,0.003782143583521247,0.002132176188752055,1.132083525590133e-05,3.246326741646044e-06,4.564998744172044e-05,8.554029045626521e-05,1.1232963800430298,0.40982869267463684,0.0033604821655899286,0.0008478618692606688
small_1_3,G11,1800,0.11611199378967285,8.612374305725098,0.10024542361497879,-560.75439453125,-560.7584838867188,545.7734985351562,551.4664306640625,35.516597747802734,-10.861068725585938,556.0,556.0,98.58156028368795,0,0.0,0,0.0,0.9722716808319092,0.1354309767484665,0.9103173017501831,0.9017675518989563,0.066650390625,0.003704065689817071,0.002188726095482707,1.0512617336644325e-05,3.3814003472798504e-06,5.685119322151877e-05,9.144417708739638e-05,1.1200658082962036,0.4419601559638977,0.0031958448234945536,0.0008639449952170253
small_1_3,G11,1850,0.08709895610809326,11.481193542480469,0.07504609227180481,-557.3900146484375,-557.3939208984375,547.3463134765625,553.02490234375,34.862693786621094,-7.011028289794922,556.0,556.0,98.58156028368795,0,0.0,0,0.0,0.9721026420593262,0.11677870154380798,0.9108390808105469,0.9064062237739563,0.06850586086511612,0.0035466121044009924,0.0022047345992177725,9.821608728088904e-06,3.3811111279646866e-06,6.011344157741405e-05,0.00010220834519714117,1.1200768947601318,0.4248523414134979,0.003077487228438258,0.0008375933393836021
small_1_3,G11,1900,0.05808603763580322,17.21584129333496,0.050025176256895065,-554.40966796875,-554.4129638671875,548.48388671875,554.1583862304688,34.22679138183594,-3.9410576820373535,556.0,556.0,98.58156028368795,0,0.0,0,0.0,0.972114622592926,0.0984768494963646,0.9113298058509827,0.9104980230331421,0.06850586086511612,0.0032106998842209578,0.0022552572190761566,9.088094884646125e-06,3.3885391985677416e-06,5.771446376456879e-05,8.170655928552151e-05,1.0465071201324463,0.4182485342025757,0.0029311429243534803,0.0008167348569259048
small_1_3,G11,1950,0.029072999954223633,34.396175384521484,0.02501249499619007,-551.7847290039062,-551.7875366210938,549.2030029296875,554.8739013671875,33.677677154541016,-1.605473518371582,556.0,556.0,98.58156028368795,0,0.0,0,0.0,0.9721991419792175,0.08023357391357422,0.9122769236564636,0.9105956554412842,0.06850586086511612,0.0029380046762526035,0.0023176574613898993,8.44541318656411e-06,3.3237197385460604e-06,4.409463508636691e-05,7.28337763575837e-05,0.9816598892211914,0.42804232239723206,0.002799673704430461,0.0008207677165046334
small_1_3,G11,2000,5.999999848427251e-05,16666.66796875,0.0,-549.532470703125,-549.535888671875,549.5338745117188,555.2032470703125,33.18501281738281,0.0,556.0,556.0,98.58156028368795,0,0.0,0,0.0,0.9723474383354187,0.05948067456483841,0.9215543866157532,0.9105956554412842,0.044062498956918716,0.002658162033185363,0.003751276293769479,7.824296517355833e-06,4.462174274522113e-06,1.757302561600227e-05,0.00018242061196360737,0.9180666208267212,2.335873603820801,0.002671267371624708,0.002198102418333292
small_1_3,G12,1,1.159999966621399,0.8620690107345581,1.0,-649.1936645507812,-649.4304809570312,-2.000000476837158,-1.999997615814209,554.4752197265625,-8.239208221435547,48.0,48.0,8.633093525179856,0,0.0,0,0.0,0.010301358066499233,0.010299010202288628,0.00021289143478497863,0.0,1.0,0.024461641907691956,0.0002503346186131239,7.644259312655777e-05,6.239028493837395e-07,7.67684614402242e-05,3.4920819871331332e-06,9.59869384765625,9.204852104187012,0.02999591827392578,0.028638849034905434
small_1_3,G12,50,1.1315672397613525,0.8837300539016724,0.9754877686500549,-664.6137084960938,-666.15185546875,-2.0,-1.999999761581421,553.3591918945312,-41.98872375488281,72.0,100.0,17.985611510791365,0,0.0,0,0.0,0.05380479618906975,0.053804777562618256,3.931182800442912e-05,0.0,1.0,0.11239641904830933,9.869816130958498e-05,0.00035123867564834654,2.603120776711876e-07,0.0003525013162288815,9.310365953751898e-07,13.446798324584961,0.3516119718551636,0.042021244764328,0.0009435024112462997
small_1_3,G12,100,1.102554202079773,0.9069848656654358,0.9504752159118652,-834.3242797851562,-838.948974609375,-2.0003390312194824,-2.000197410583496,490.4281921386719,-300.2256164550781,-90.0,106.0,19.06474820143885,0,0.0,0,0.0,0.3948381841182709,0.3948361873626709,0.0009905261686071754,0.0,1.0,0.29853957891464233,0.0036534508690238,0.0009329361491836607,9.143023817159701e-06,0.0009340089745819569,4.93522165925242e-05,15.638886451721191,1.68460214138031,0.04887152090668678,0.004246152471750975
small_1_3,G12,150,1.0735411643981934,0.9314966797828674,0.9254627227783203,-889.11181640625,-889.6712646484375,95.9660415649414,102.65250396728516,331.15386962890625,-438.19793701171875,552.0,552.0,99.28057553956835,0,0.0,0,0.0,0.7098613381385803,0.5918633341789246,0.3556995987892151,0.0,0.044609375298023224,0.10499824583530426,0.06588302552700043,0.0002699842443689704,0.00011578153498703614,0.0007857247837819159,0.0010285788448527455,4.747269630432129,6.687527179718018,0.013232450000941753,0.01564675383269787
small_1_3,G12,200,1.0445282459259033,0.9573699831962585,0.9004502296447754,-881.436767578125,-881.5192260742188,185.04441833496094,192.06634521484375,259.7926025390625,-425.11407470703125,552.0,552.0,99.28057553956835,0,0.0,0,0.0,0.7963859438896179,0.5901409983634949,0.49704626202583313,0.0,0.03012695163488388,0.03311435878276825,0.0073617082089185715,8.951352356234565e-05,1.0368877155997325e-05,0.00041733737452887,0.0005945221055299044,2.51992130279541,0.8514941930770874,0.0068191406317055225,0.002146081067621708
small_1_3,G12,250,1.0155152082443237,0.984721839427948,0.8754377365112305,-864.664306640625,-864.6822509765625,225.20767211914062,232.23976135253906,230.67367553710938,-405.221923828125,552.0,552.0,99.28057553956835,0,0.0,0,0.0,0.8261021375656128,0.5785989761352539,0.5516639351844788,0.0,0.029130859300494194,0.015174624510109425,0.0010137507924810052,4.1555147618055344e-05,1.4915456176822772e-06,0.0003009830543305725,0.0003075837157666683,1.1954002380371094,0.3293653428554535,0.003297189949080348,0.0008981202263385057
small_1_3,G12,300,0.9865021705627441,1.01368248462677,0.8504252433776855,-847.3787231445312,-847.3880004882812,250.1867218017578,257.30419921875,214.71981811523438,-385.3796691894531,552.0,552.0,99.28057553956835,0,0.0,0,0.0,0.841429591178894,0.5664514303207397,0.5842207670211792,0.0,0.028408203274011612,0.010664870031177998,0.0010073836892843246,2.9551569241448306e-05,1.4572092368325684e-06,0.0001706391922198236,6.118789315223694e-05,0.8702073097229004,0.3032771348953247,0.0024240431375801563,0.0007598921656608582
small_1_3,G12,350,0.9574891924858093,1.0443981885910034,0.8254126906394958,-830.5175170898438,-830.524658203125,271.10430908203125,278.3646240234375,202.10296630859375,-365.908935546875,552.0,552.0,99.28057553956835,0,0.0,0,0.0,0.8531239032745361,0.5541303157806396,0.6106906533241272,0.0,0.02890624850988388,0.009109686128795147,0.0011794156162068248,2.5470721084275283e-05,1.7203972220158903e-06,0.0001531296584289521,6.772857159376144e-05,0.7935979962348938,0.30628910660743713,0.002230098471045494,0.0007240477134473622
small_1_3,G12,400,0.9284762144088745,1.077033519744873,0.8004001975059509,-814.1898193359375,-814.1962280273438,290.3658447265625,297.73614501953125,190.6042938232422,-346.85888671875,552.0,552.0,99.28057553956835,0,0.0,0,0.0,0.8634526133537292,0.5416960120201111,0.6344050168991089,0.0,0.02949218638241291,0.008348196744918823,0.001198092708364129,2.3468746803700924e-05,1.8315193983653444e-06,7.658032700419426e-05,5.965679883956909e-05,0.7811480164527893,0.30169007182121277,0.002206915756687522,0.0006998978205956519
small_1_3,G12,450,0.8994631767272949,1.111774206161499,0.775387704372406,-798.4124755859375,-798.4185791015625,308.548828125,316.0020751953125,179.70376586914062,-328.23291015625,552.0,552.0,99.28057553956835,0,0.0,0,0.0,0.8729444146156311,0.529143214225769,0.6562190651893616,0.0,0.029433593153953552,0.007875393144786358,0.0013883811188861728,2.2209029339137487e-05,2.211358378190198e-06,0.00019136772607453167,7.06501305103302e-05,0.7891212105751038,0.3220199942588806,0.0022365001495927572,0.0007167331641539931
small_1_3,G12,500,0.8704501390457153,1.1488308906555176,0.7503751516342163,-783.186767578125,-783.1927490234375,325.8294372558594,333.33465576171875,169.25833129882812,-310.03240966796875,552.0,552.0,99.28057553956835,0,0.0,0,0.0,0.8817687034606934,0.5164623260498047,0.6764796376228333,0.0,0.029960935935378075,0.007561253849416971,0.0015276643680408597,2.1314759578672238e-05,2.494935642971541e-06,0.00027807464357465506,6.17094337940216e-05,0.8070048093795776,0.34818193316459656,0.0022878849413245916,0.0007354626432061195
small_1_3,G12,550,0.8414371609687805,1.1884428262710571,0.7253626585006714,-768.5084228515625,-768.5142822265625,342.26788330078125,349.78680419921875,159.2224884033203,-292.2707214355469,552.0,552.0,99.28057553956835,0,0.0,0,0.0,0.8900038003921509,0.5036630630493164,0.6953959465026855,0.0,0.02998046763241291,0.00725560262799263,0.0015341127291321754,2.055738696071785e-05,2.6054478894366184e-06,0.00016100838547572494,5.713757127523422e-05,0.8243147730827332,0.33543074131011963,0.002344499807804823,0.0007243017898872495
small_1_3,G12,600,0.8124241828918457,1.230884075164795,0.7003501653671265,-754.3665771484375,-754.372314453125,357.8619384765625,365.5110778808594,149.6100311279297,-274.963623046875,552.0,552.0,99.28057553956835,0,0.0,0,0.0,0.8976650834083557,0.4907609522342682,0.7130546569824219,0.0,0.030458983033895493,0.007009024731814861,0.0017106632003560662,1.9938057448598556e-05,2.9469695164152654e-06,9.762332774698734e-05,5.862070247530937e-05,0.8418408632278442,0.35663551092147827,0.002404664410278201,0.0007558572106063366
small_1_3,G12,650,0.7834111452102661,1.2764689922332764,0.6753376722335815,-740.75439453125,-740.7601928710938,372.64288330078125,380.431396484375,140.41868591308594,-258.11175537109375,552.0,552.0,99.28057553956835,0,0.0,0,0.0,0.9047874212265015,0.47774574160575867,0.7295821905136108,0.0,0.03046874888241291,0.00680957967415452,0.0017369721317663789,1.9432121916906908e-05,3.0097976377874147e-06,6.442657468141988e-05,5.610240623354912e-05,0.8625552654266357,0.3567403256893158,0.0024711706209927797,0.0007521550287492573
small_1_3,G12,700,0.7543981075286865,1.3255600929260254,0.6503251791000366,-727.6637573242188,-727.6695556640625,386.6340637207031,394.55078125,131.6478271484375,-241.7205810546875,552.0,552.0,99.28057553956835,0,0.0,0,0.0,0.911401629447937,0.4646148085594177,0.7450681328773499,0.0,0.03140624985098839,0.006635244004428387,0.0017926839645951986,1.899360358947888e-05,3.1225044949678704e-06,5.849953959113918e-05,5.91459684073925e-05,0.8841376304626465,0.3623947203159332,0.0025401413440704346,0.0007598393131047487
small_1_3,G12,750,0.7253851294517517,1.3785780668258667,0.6253126859664917,-715.08544921875,-715.0912475585938,399.8557434082031,407.8866882324219,123.29998779296875,-225.7955322265625,552.0,552.0,99.28057553956835,0,0.0,0,0.0,0.9175336956977844,0.45136526226997375,0.7595934867858887,0.0,0.031669922173023224,0.0064791906625032425,0.001768659451045096,1.8607488527777605e-05,3.1109002520679496e-06,4.9402999138692394e-05,5.6350138038396835e-05,0.9061658978462219,0.35414955019950867,0.002611129777505994,0.0007462407229468226
small_1_3,G12,800,0.6963721513748169,1.4360138177871704,0.600300133228302,-703.0101318359375,-703.015869140625,412.33026123046875,420.49169921875,115.37577819824219,-210.3411865234375,552.0,552.0,99.28057553956835,0,0.0,0,0.0,0.9232090711593628,0.4379917085170746,0.7732250094413757,0.0,0.03169921785593033,0.006336514838039875,0.0018361338879913092,1.8261851437273435e-05,3.2226007533608936e-06,4.71376879431773e-05,5.5726151913404465e-05,0.9283730983734131,0.3615931272506714,0.002683463040739298,0.0007573252660222352
small_1_3,G12,850,0.6673591136932373,1.498443603515625,0.5752876400947571,-691.42822265625,-691.43408203125,424.0814208984375,432.4097900390625,107.87423706054688,-195.36175537109375,552.0,552.0,99.28057553956835,0,0.0,0,0.0,0.9284526109695435,0.4244871139526367,0.7860299348831177,0.0,0.032841797918081284,0.006203440949320793,0.0018145600333809853,1.7944905266631395e-05,3.201197387170396e-06,5.0913011364173144e-05,5.1934272050857544e-05,0.9505537152290344,0.3557073175907135,0.002756685484200716,0.0007476562168449163
small_1_3,G12,900,0.6383461356163025,1.566548228263855,0.5502750873565674,-680.330322265625,-680.336181640625,435.1332702636719,443.5933837890625,100.79280090332031,-180.8621826171875,552.0,552.0,99.28057553956835,0,0.0,0,0.0,0.9332873821258545,0.41084495186805725,0.7980579137802124,0.011601562611758709,0.033769529312849045,0.006076967343688011,0.0018560695461928844,1.7645099433138967e-05,3.257440084780683e-06,5.6874891015468165e-05,6.609782576560974e-05,0.9724894762039185,0.36113470792770386,0.0028296224772930145,0.0007534199976362288
small_1_3,G12,950,0.6093330979347229,1.6411384344100952,0.5252625942230225,-669.7069091796875,-669.7127685546875,445.510498046875,454.097412109375,94.12730407714844,-166.84742736816406,552.0,552.0,99.28057553956835,0,0.0,0,0.0,0.9377360343933105,0.3970571458339691,0.8093594908714294,0.16857421398162842,0.034648437052965164,0.005952969193458557,0.0018394279759377241,1.7347952962154523e-05,3.2233408546744613e-06,6.305616261670366e-05,6.655626930296421e-05,0.9937185049057007,0.3560470938682556,0.0029005715623497963,0.000744623364880681
small_1_3,G12,1000,0.5803201198577881,1.7231868505477905,0.5002501010894775,-659.5484619140625,-659.5543212890625,455.2367248535156,463.91387939453125,87.8740234375,-153.322509765625,552.0,552.0,99.28057553956835,0,0.0,0,0.0,0.9418190717697144,0.38311460614204407,0.8199613690376282,0.2962402403354645,0.03579101338982582,0.005827197805047035,0.001914363238029182,1.7039892554748803e-05,3.3354724564560456e-06,5.762608998338692e-05,5.447259172797203e-05,1.0135204792022705,0.36733150482177734,0.0029670235235244036,0.0007625159341841936
small_1_3,G12,1050,0.5513070821762085,1.813871145248413,0.4752376079559326,-649.8452758789062,-649.85107421875,464.3288879394531,473.08953857421875,82.0321044921875,-140.29730224609375,552.0,552.0,99.28057553956835,0,0.0,0,0.0,0.9455517530441284,0.3690188229084015,0.8299071788787842,0.3402636647224426,0.036494139581918716,0.005699586123228073,0.0018795718206092715,1.6719121049391106e-05,3.2544758141739294e-06,7.05048514646478e-05,6.431853398680687e-05,1.0317765474319458,0.359208881855011,0.003028349718078971,0.0007462771609425545
small_1_3,G12,1100,0.5222941040992737,1.9146300554275513,0.4502251148223877,-640.5877075195312,-640.593505859375,472.808349609375,481.632568359375,76.59950256347656,-127.77767181396484,552.0,552.0,99.28057553956835,0,0.0,0,0.0,0.94894939661026,0.3547604978084564,0.8392089009284973,0.3915429711341858,0.03715820237994194,0.0055689336732029915,0.0018564792117103934,1.6380412489525042e-05,3.2095467759063467e-06,4.945551700075157e-05,6.47478736937046e-05,1.0482537746429443,0.3511517345905304,0.0030834893696010113,0.0007340945303440094
small_1_3,G12,1150,0.4932810664176941,2.0272417068481445,0.425212562084198,-631.7664184570312,-631.7721557617188,480.6958312988281,489.5721435546875,71.57109069824219,-115.77163696289062,552.0,552.0,99.28057553956835,0,0.0,0,0.0,0.9520312547683716,0.34033459424972534,0.8479031324386597,0.4354589879512787,0.03785156086087227,0.0054349033161997795,0.0018651039572432637,1.6021660485421307e-05,3.2130863019119715e-06,5.4718238970963284e-05,5.743326619267464e-05,1.0628079175949097,0.3523266613483429,0.003131500445306301,0.0007354466360993683
small_1_3,G12,1200,0.4642680883407593,2.15392804145813,0.4002000689506531,-623.372314453125,-623.3779296875,488.01171875,496.9241943359375,66.93949890136719,-104.28828430175781,552.0,552.0,99.28057553956835,0,0.0,0,0.0,0.9548181891441345,0.32573798298835754,0.8560258150100708,0.5446484088897705,0.03842773288488388,0.005298344884067774,0.0018718886421993375,1.5640933270333335e-05,3.1964623303792905e-06,9.090845560422167e-05,7.364596240222454e-05,1.0754098892211914,0.3507820665836334,0.0031717701349407434,0.0007313841488212347
small_1_3,G12,1250,0.4352550506591797,2.2975034713745117,0.37518757581710815,-615.3964233398438,-615.4019165039062,494.7775573730469,503.71435546875,62.694366455078125,-93.33631134033203,552.0,552.0,99.28057553956835,0,0.0,0,0.0,0.9573315382003784,0.31096547842025757,0.8636083006858826,0.5660839676856995,0.03885742276906967,0.005153704434633255,0.0018852403154596686,1.5235633327392861e-05,3.1708332244306803e-06,0.00010727128392318264,6.236531771719456e-05,1.0853453874588013,0.3500170111656189,0.003203161060810089,0.0007250866037793458
small_1_3,G12,1300,0.4062420725822449,2.4615864753723145,0.35017526149749756,-607.8297119140625,-607.8350830078125,501.01373291015625,509.9593505859375,58.82081604003906,-82.92588806152344,552.0,552.0,99.28057553956835,0,0.0,0,0.0,0.9595946073532104,0.2960156500339508,0.8706845045089722,0.5901952981948853,0.039873044937849045,0.005002445075660944,0.0018945459742099047,1.4807984371145722e-05,3.200399760316941e-06,4.405758227221668e-05,6.911833770573139e-05,1.0917507410049438,0.34866008162498474,0.0032250736840069294,0.0007278637494891882
small_1_3,G12,1350,0.3772290349006653,2.650909423828125,0.3251709043979645,-600.666259765625,-600.6715087890625,506.74371337890625,515.688232421875,55.298702239990234,-73.06752014160156,552.0,552.0,99.28057553956835,0,0.0,0,0.0,0.9616315960884094,0.28088122606277466,0.8772721886634827,0.6197656393051147,0.042060546576976776,0.00484845694154501,0.0019020509207621217,1.4362409274326637e-05,3.1681884138379246e-06,3.373413346707821e-05,5.939393304288387e-05,1.0959796905517578,0.34937456250190735,0.0032384046353399754,0.0007250363705679774
small_1_3,G12,1400,0.34821605682373047,2.8717801570892334,0.3003411889076233,-593.934326171875,-593.9393310546875,511.96319580078125,520.9009399414062,52.09545135498047,-63.83574676513672,552.0,552.0,99.28057553956835,0,0.0,0,0.0,0.9634751081466675,0.26568010449409485,0.8833474516868591,0.6396484375,0.04481445252895355,0.0046915714628994465,0.0018687177216634154,1.3913017937738914e-05,3.0857061119604623e-06,3.194198143319227e-05,6.0131074860692024e-05,1.0976580381393433,0.3408842384815216,0.0032446591649204493,0.0007084208773449063
small_1_3,G12,1450,0.3192030191421509,3.1328024864196777,0.277316153049469,-587.949462890625,-587.954345703125,516.4637451171875,525.384765625,49.08837127685547,-55.821434020996094,552.0,552.0,99.28057553956835,0,0.0,0,0.0,0.9652688503265381,0.25161460041999817,0.8886398077011108,0.8173437118530273,0.047392576932907104,0.004546317737549543,0.0019614994525909424,1.3607479559141211e-05,3.2344821647711797e-06,3.417952757445164e-05,7.08273146301508e-05,1.0993717908859253,0.35303401947021484,0.003271345514804125,0.000710577645804733
small_1_3,G12,1500,0.29019004106521606,3.4460177421569824,0.2625235319137573,-583.8896484375,-583.8947143554688,519.4549560546875,528.3500366210938,45.72102355957031,-51.172000885009766,552.0,552.0,99.28057553956835,0,0.0,0,0.0,0.9677073359489441,0.24365434050559998,0.8921992182731628,0.8486425876617432,0.047832030802965164,0.004513167310506105,0.0021551179233938456,1.3866063454770483e-05,3.61648039870488e-06,3.476623896858655e-05,7.247645407915115e-05,1.1216707229614258,0.38151535391807556,0.0034217697102576494,0.0007155084167607129
small_1_3,G12,1550,0.26117706298828125,3.82882022857666,0.26034680008888245,-582.466064453125,-582.4716796875,520.5834350585938,529.440673828125,41.01813888549805,-51.17518615722656,552.0,552.0,99.28057553956835,0,0.0,0,0.0,0.9719114303588867,0.24570682644844055,0.8936514258384705,0.8516699075698853,0.04847656190395355,0.004642031621187925,0.0023089756723493338,1.4247730177885387e-05,4.04419870392303e-06,3.869727152050473e-05,7.551535964012146e-05,1.1967215538024902,0.4222685396671295,0.003660250920802355,0.0007853119750507176
small_1_3,G12,1600,0.23216402530670166,4.307299613952637,0.25009971857070923,-579.6092529296875,-579.614013671875,522.7474365234375,531.57275390625,35.8838996887207,-48.535675048828125,552.0,552.0,99.28057553956835,0,0.0,0,0.0,0.9765231013298035,0.24258163571357727,0.8963599801063538,0.85365229845047,0.04930663853883743,0.004250896628946066,0.0020116681698709726,1.2972976037417538e-05,3.4833699373848503e-06,4.500342402025126e-05,6.57346099615097e-05,1.1589303016662598,0.3822987377643585,0.003529753303155303,0.0007968337740749121
small_1_3,G12,1650,0.20315104722976685,4.922445774078369,0.2105179876089096,-571.532470703125,-571.5364990234375,528.2225341796875,537.0265502929688,33.313541412353516,-36.546287536621094,552.0,552.0,99.28057553956835,0,0.0,0,0.0,0.9782325625419617,0.21700213849544525,0.902653694152832,0.8545214533805847,0.05127929523587227,0.0039918688125908375,0.0018089570803567767,1.2124487511755433e-05,2.672468781383941e-06,3.825399107881822e-05,7.016572635620832e-05,1.0906641483306885,0.3929388225078583,0.003274117596447468,0.0009308319422416389
small_1_3,G12,1700,0.17413800954818726,5.742571830749512,0.16261200606822968,-563.1077880859375,-563.1123657226562,533.5301513671875,542.306884765625,33.895633697509766,-23.679643630981445,552.0,552.0,99.28057553956835,0,0.0,0,0.0,0.976459801197052,0.18202564120292664,0.9082105159759521,0.8578612804412842,0.05385741963982582,0.004078112542629242,0.0020420816726982594,1.2296773093112279e-05,2.870596290449612e-06,4.677074321079999e-05,7.381557952612638e-05,1.1598063707351685,0.4084068536758423,0.003483325242996216,0.0009078941075131297
small_1_3,G12,1750,0.14512503147125244,6.890610218048096,0.12727773189544678,-557.5633544921875,-557.567626953125,536.7640991210938,545.5072021484375,35.063133239746094,-15.71497917175293,552.0,552.0,99.28057553956835,0,0.0,0,0.0,0.973832905292511,0.15433746576309204,0.9109266400337219,0.8812695145606995,0.05756835639476776,0.0038401284255087376,0.002127382205799222,1.138104016717989e-05,3.0285211778391385e-06,5.800961298518814e-05,8.783553494140506e-05,1.135209321975708,0.40877485275268555,0.003360329894348979,0.0008275617728941143
small_1_3,G12,1800,0.11611199378967285,8.612374305725098,0.10024542361497879,-553.6357421875,-553.639892578125,538.854248046875,547.5606079101562,35.05150604248047,-10.715733528137207,552.0,552.0,99.28057553956835,0,0.0,0,0.0,0.9726594090461731,0.13361872732639313,0.9120608568191528,0.9016699194908142,0.05938476324081421,0.00372364092618227,0.0021545987110584974,1.0505336831556633e-05,3.1241033866535872e-06,5.888980740564875e-05,8.131697541102767e-05,1.1272163391113281,0.42356306314468384,0.003183231921866536,0.0008195408736355603
small_1_3,G12,1850,0.08709895610809326,11.481193542480469,0.07504609227180481,-550.3167724609375,-550.3206176757812,540.4096069335938,549.086181640625,34.42178726196289,-6.9128851890563965,552.0,552.0,99.28057553956835,0,0.0,0,0.0,0.9724485278129578,0.11514398455619812,0.9125216603279114,0.90882807970047,0.06083007529377937,0.0035043240059167147,0.0021480326540768147,9.751292964210734e-06,3.0886569675203646e-06,6.064481567591429e-05,7.670075865462422e-05,1.103355050086975,0.40531569719314575,0.0030406999867409468,0.0007885300437919796
small_1_3,G12,1900,0.05808603763580322,17.21584129333496,0.050025176256895065,-547.3753051757812,-547.3785400390625,541.5311279296875,550.1891479492188,33.781349182128906,-3.8851473331451416,552.0,552.0,99.28057553956835,0,0.0,0,0.0,0.972472071647644,0.0970798060297966,0.9130111336708069,0.9118554592132568,0.0610058568418026,0.0031868184451013803,0.0021893801167607307,9.03207364899572e-06,3.102245273112203e-06,5.745900489273481e-05,7.532938616350293e-05,1.0334796905517578,0.3998722434043884,0.002896323101595044,0.0007670244667679071
small_1_3,G12,1950,0.029072999954223633,34.396175384521484,0.02501249499619007,-544.7865600585938,-544.789306640625,542.2412109375,550.887939453125,33.224273681640625,-1.5821887254714966,552.0,552.0,99.28057553956835,0,0.0,0,0.0,0.972572386264801,0.07906991988420486,0.9139995574951172,0.9118847250938416,0.060917966067790985,0.0029255521949380636,0.002255113562569022,8.404121217608918e-06,3.058082938878215e-06,4.3228199501754716e-05,7.305023609660566e-05,0.9729539752006531,0.4125085175037384,0.0027701209764927626,0.0007798278820700943
small_1_3,G12,2000,5.999999848427251e-05,16666.66796875,0.0,-542.5685424804688,-542.572021484375,542.570068359375,551.2092895507812,32.72842788696289,0.0,552.0,552.0,99.28057553956835,0,0.0,0,0.0,0.9727304577827454,0.0581195242702961,0.9246015548706055,0.9118847250938416,0.04189452901482582,0.002640176797285676,0.004007853101938963,7.783441105857491e-06,4.523089501162758e-06,1.6481246348121203e-05,0.00018647652177605778,0.9088221788406372,2.5009241104125977,0.0026434643659740686,0.0023789601400494576
small_1_3,G13,1,1.159999966621399,0.8620690107345581,1.0,-668.193603515625,-668.430419921875,17.0,17.000001907348633,554.4752197265625,-8.23922061920166,70.0,70.0,12.027491408934708,0,0.0,0,0.0,0.010301373898983002,0.010299025103449821,0.000212873870623298,0.0,1.0,0.02446167916059494,0.0002502637798897922,7.64427095418796e-05,6.231799147826678e-07,7.676249515498057e-05,3.340891453262884e-06,9.59869384765625,9.202262878417969,0.02999591827392578,0.02862638235092163
small_1_3,G13,50,1.1315672397613525,0.8837300539016724,0.9754877686500549,-683.61376953125,-685.1519165039062,17.0,17.0,553.359130859375,-41.98878479003906,108.0,116.0,19.93127147766323,0,0.0,0,0.0,0.053804874420166016,0.05380485579371452,3.931720129912719e-05,0.0,1.0,0.11239656805992126,9.875121031654999e-05,0.00035123914130963385,2.6023465693469916e-07,0.0003524771600496024,1.0003093393606832e-06,13.446798324584961,0.3519611954689026,0.042021244764328,0.0009457106934860349
small_1_3,G13,100,1.102554202079773,0.9069848656654358,0.9504752159118652,-853.3244018554688,-857.9490356445312,16.999658584594727,16.999786376953125,490.4281005859375,-300.225830078125,-62.0,118.0,20.274914089347078,0,0.0,0,0.0,0.3948383927345276,0.3948364853858948,0.0009940352756530046,0.0,1.0,0.2985394299030304,0.003663513110950589,0.0009329356253147125,9.156206033367198e-06,0.0009340685210190713,4.9726531869964674e-05,15.638879776000977,1.68855619430542,0.04887149855494499,0.004255111329257488
small_1_3,G13,150,1.0735411643981934,0.9314966797828674,0.9254627227783203,-909.2443237304688,-909.81884765625,116.33052062988281,121.49478149414062,329.81378173828125,-439.419677734375,574.0,574.0,98.62542955326461,0,0.0,0,0.0,0.7117022275924683,0.5935134291648865,0.3557046055793762,0.0,0.048564452677965164,0.10513924062252045,0.062184713780879974,0.00026833656011149287,0.00010625466529745609,0.0008263440104201436,0.0009332293411716819,4.979771137237549,6.6297688484191895,0.013793807476758957,0.01538457814604044
small_1_3,G13,200,1.0445282459259033,0.9573699831962585,0.9004502296447754,-902.269775390625,-902.3545532226562,210.71295166015625,218.57049560546875,257.2188415527344,-422.9692077636719,576.0,576.0,98.96907216494846,0,0.0,0,0.0,0.7990515828132629,0.587163507938385,0.5033962726593018,0.0,0.0322265625,0.033656708896160126,0.007815455086529255,9.075421985471621e-05,1.0604217095533386e-05,0.0006553395069204271,0.0013264594599604607,2.550412893295288,0.8552302122116089,0.006898008286952972,0.0020882277749478817
small_1_3,G13,250,1.0155152082443237,0.984721839427948,0.8754377365112305,-885.6827392578125,-885.7010498046875,250.8579864501953,258.53070068359375,228.13916015625,-403.16436767578125,576.0,576.0,98.96907216494846,0,0.0,0,0.0,0.8285011053085327,0.5756610631942749,0.5573425889015198,0.0,0.02925781160593033,0.015391896478831768,0.0012007650220766664,4.2062110878759995e-05,1.6639341993140988e-06,0.0004385955980978906,0.000484933378174901,1.2056481838226318,0.3864330053329468,0.0033236825838685036,0.000908810761757195
small_1_3,G13,300,0.9865021705627441,1.01368248462677,0.8504252433776855,-868.5458984375,-868.555419921875,275.75726318359375,283.7627868652344,212.2615203857422,-383.40167236328125,576.0,576.0,98.96907216494846,0,0.0,0,0.0,0.8436486721038818,0.5635440945625305,0.5895786285400391,0.0,0.027802733704447746,0.010833554901182652,0.001173368189483881,2.988440428453032e-05,1.5855562196520623e-06,0.0003879035066347569,0.0004052388248965144,0.8789963126182556,0.3652240037918091,0.0024421107955276966,0.0007655744557268918
small_1_3,G13,350,0.9574891924858093,1.0443981885910034,0.8254126906394958,-851.8218994140625,-851.8291015625,296.572998046875,304.84942626953125,199.73336791992188,-364.01361083984375,576.0,576.0,98.96907216494846,0,0.0,0,0.0,0.855190098285675,0.5512599945068359,0.615842342376709,0.0,0.026445312425494194,0.009187634103000164,0.001127074472606182,2.566803595982492e-05,1.7213244518643478e-06,0.00020212470553815365,5.3144991397857666e-05,0.7981363534927368,0.2992256283760071,0.002240345347672701,0.0007130095036700368
small_1_3,G13,400,0.9284762144088745,1.077033519744873,0.8004001975059509,-835.621826171875,-835.6283569335938,315.7239074707031,324.178955078125,188.33436584472656,-345.04046630859375,576.0,576.0,98.96907216494846,0,0.0,0,0.0,0.8653793931007385,0.5388560891151428,0.6394208669662476,0.0,0.025546874850988388,0.00839756429195404,0.0012558220187202096,2.3622342268936336e-05,1.954587332875235e-06,0.00014276287402026355,5.7297758758068085e-05,0.7825864553451538,0.31341394782066345,0.0022134208120405674,0.0007095080218277872
small_1_3,G13,450,0.8994631767272949,1.111774206161499,0.775387704372406,-819.968505859375,-819.974609375,333.815185546875,342.3905334472656,177.52499389648438,-326.48223876953125,576.0,576.0,98.96907216494846,0,0.0,0,0.0,0.874761164188385,0.5263209342956543,0.6611765623092651,0.0,0.02573242038488388,0.007914974354207516,0.0014749972615391016,2.2344533135765232e-05,2.3444395083060954e-06,0.00011549642658792436,6.0681719332933426e-05,0.7905521392822266,0.3315145969390869,0.00224286294542253,0.0007274976815097034
small_1_3,G13,500,0.8704501390457153,1.1488308906555176,0.7503751516342163,-804.861572265625,-804.8675537109375,351.0052795410156,359.6602783203125,167.1649627685547,-308.3534851074219,576.0,576.0,98.96907216494846,0,0.0,0,0.0,0.8834942579269409,0.5136655569076538,0.6813929677009583,0.0,0.02641601487994194,0.007548139896243811,0.0015203222865238786,2.1391439076978713e-05,2.5308202111773426e-06,6.62199963699095e-05,6.474647670984268e-05,0.8040249347686768,0.3327307105064392,0.0022895766887813807,0.00072707753861323
small_1_3,G13,550,0.8414371609687805,1.1884428262710571,0.7253626585006714,-790.2965087890625,-790.3024291992188,367.34747314453125,376.0572509765625,157.22232055664062,-290.6622009277344,576.0,576.0,98.96907216494846,0,0.0,0,0.0,0.8916370868682861,0.5008911490440369,0.7002302408218384,0.0,0.02657226473093033,0.00726527301594615,0.0016652661142870784,2.0655297703342512e-05,2.8308486434980296e-06,9.317837248090655e-05,6.84121623635292e-05,0.8216098546981812,0.34882789850234985,0.002346954308450222,0.0007457463070750237
small_1_3,G13,600,0.8124241828918457,1.230884075164795,0.7003501653671265,-776.267578125,-776.2734375,382.8753662109375,391.60357666015625,147.68568420410156,-273.41461181640625,576.0,576.0,98.96907216494846,0,0.0,0,0.0,0.8992316722869873,0.48799628019332886,0.7178980708122253,0.0,0.026650389656424522,0.007036749739199877,0.0017279473831877112,2.0061108443769626e-05,2.9729294510616455e-06,0.00013347175263334066,7.018819451332092e-05,0.8421141505241394,0.3549160361289978,0.002411257941275835,0.0007535488693974912
small_1_3,G13,650,0.7834111452102661,1.2764689922332764,0.6753376722335815,-762.7670288085938,-762.7728271484375,397.60980224609375,406.3370361328125,138.55494689941406,-256.6175537109375,576.0,576.0,98.96907216494846,0,0.0,0,0.0,0.9063076376914978,0.47498008608818054,0.7344720959663391,0.0,0.026689453050494194,0.006837176624685526,0.001727253315038979,1.955707739398349e-05,3.012906972799101e-06,6.01811298110988e-05,5.0415750592947006e-05,0.8631173968315125,0.351336270570755,0.0024789629969745874,0.000747166108340025
small_1_3,G13,700,0.7543981075286865,1.3255600929260254,0.6503251791000366,-749.7864990234375,-749.7922973632812,411.5653991699219,420.2724304199219,129.83560180664062,-240.27914428710938,576.0,576.0,98.96907216494846,0,0.0,0,0.0,0.9128879904747009,0.46184423565864563,0.7499995827674866,0.0,0.02666015550494194,0.006662725005298853,0.0017764167860150337,1.911997787829023e-05,3.095500460403855e-06,4.959796933690086e-05,6.629666313529015e-05,0.8849242329597473,0.35490211844444275,0.0025490790139883757,0.0007472858997061849
small_1_3,G13,750,0.7253851294517517,1.3785780668258667,0.6253126859664917,-737.3170776367188,-737.3228759765625,424.75946044921875,433.4336853027344,121.53257751464844,-224.40545654296875,576.0,576.0,98.96907216494846,0,0.0,0,0.0,0.9189940690994263,0.44858649373054504,0.7645567059516907,0.0,0.027041014283895493,0.006505090277642012,0.0018138880841434002,1.873175278888084e-05,3.1699967166787246e-06,4.2997959099011496e-05,5.782628431916237e-05,0.9069526195526123,0.3566862940788269,0.002620546380057931,0.0007490018615499139
small_1_3,G13,800,0.6963721513748169,1.4360138177871704,0.600300133228302,-725.3494262695312,-725.355224609375,437.21051025390625,445.84942626953125,113.6488037109375,-209.0028839111328,576.0,576.0,98.96907216494846,0,0.0,0,0.0,0.9246475696563721,0.43520495295524597,0.7782162427902222,0.0,0.026874998584389687,0.006359664257615805,0.0018473028903827071,1.8377862943452783e-05,3.2395805646956433e-06,3.944081618101336e-05,5.8853067457675934e-05,0.9289690256118774,0.3581528961658478,0.002692626090720296,0.0007516215555369854
small_1_3,G13,850,0.6673591136932373,1.498443603515625,0.5752876400947571,-713.8740234375,-713.8798828125,448.9405822753906,457.53192138671875,106.18560028076172,-194.07537841796875,576.0,576.0,98.96907216494846,0,0.0,0,0.0,0.9298697710037231,0.42169201374053955,0.7910254001617432,0.0,0.026650389656424522,0.006222197320312262,0.00188639375846833,1.8045409888145514e-05,3.298860519862501e-06,3.767326779779978e-05,5.956273525953293e-05,0.9506542086601257,0.36338093876838684,0.0027642319910228252,0.000756520894356072
small_1_3,G13,900,0.6383461356163025,1.566548228263855,0.5502750873565674,-702.8812255859375,-702.8870849609375,459.9687805175781,468.517822265625,99.14324951171875,-179.63058471679688,576.0,576.0,98.96907216494846,0,0.0,0,0.0,0.9346809387207031,0.40804725885391235,0.8030336499214172,0.02934570237994194,0.027402343228459358,0.006090212147682905,0.001868008985184133,1.7727070371620357e-05,3.251661837566644e-06,3.462286986177787e-05,6.638793274760246e-05,0.9718032479286194,0.35752227902412415,0.002834735671058297,0.0007459484040737152
small_1_3,G13,950,0.6093330979347229,1.6411384344100952,0.5252625942230225,-692.361328125,-692.3671875,470.32000732421875,478.82958984375,92.52008819580078,-165.67160034179688,576.0,576.0,98.96907216494846,0,0.0,0,0.0,0.93910151720047,0.3942590355873108,0.8142956495285034,0.18906249105930328,0.028193358331918716,0.005962549243122339,0.0018707080744206905,1.7418946299585514e-05,3.256437366871978e-06,3.364574513398111e-05,5.8111269026994705e-05,0.9923970699310303,0.3564954698085785,0.0029038775246590376,0.0007448280230164528
small_1_3,G13,1000,0.5803201198577881,1.7231868505477905,0.5002501010894775,-682.3048095703125,-682.3106689453125,480.01568603515625,488.49188232421875,86.3125,-152.20611572265625,576.0,576.0,98.96907216494846,0,0.0,0,0.0,0.9431523084640503,0.380325049161911,0.8248503804206848,0.311767578125,0.02895507775247097,0.005838816519826651,0.001882315264083445,1.7111051420215517e-05,3.265756276960019e-06,4.216944216750562e-05,5.9585319831967354e-05,1.0124709606170654,0.3567010462284088,0.0029705215711146593,0.0007425193325616419
small_1_3,G13,1050,0.5513070821762085,1.813871145248413,0.4752376079559326,-672.7028198242188,-672.7086181640625,489.0816650390625,497.5625915527344,80.51515197753906,-139.2383575439453,576.0,576.0,98.96907216494846,0,0.0,0,0.0,0.94685298204422,0.3662334978580475,0.83473140001297,0.351386696100235,0.02950195223093033,0.0057209450751543045,0.001891936524771154,1.6795429473859258e-05,3.2596919936622726e-06,6.221715011633933e-05,6.258557550609112e-05,1.0325108766555786,0.35650360584259033,0.0030333774629980326,0.0007409806130453944
small_1_3,G13,1100,0.5222941040992737,1.9146300554275513,0.4502251148223877,-663.5460205078125,-663.5517578125,497.53985595703125,506.04833984375,75.12167358398438,-126.77631378173828,576.0,576.0,98.96907216494846,0,0.0,0,0.0,0.9502215385437012,0.3519803285598755,0.8439623713493347,0.40882810950279236,0.030195312574505806,0.005589752458035946,0.0019213457126170397,1.6444926586700603e-05,3.314019295430626e-06,7.552693568868563e-05,6.528920494019985e-05,1.049799919128418,0.3605296313762665,0.0030875024385750294,0.0007475261227227747
small_1_3,G13,1150,0.4932810664176941,2.0272417068481445,0.425212562084198,-654.8232421875,-654.8289794921875,505.403076171875,513.9072265625,70.13133239746094,-114.8314208984375,576.0,576.0,98.96907216494846,0,0.0,0,0.0,0.9532774090766907,0.3375706076622009,0.8526039123535156,0.4491210877895355,0.030585937201976776,0.0054418048821389675,0.0019196119392290711,1.6060806956375018e-05,3.2633001865178812e-06,7.787071081111208e-05,7.865810766816139e-05,1.0616544485092163,0.3545520007610321,0.0031310198828577995,0.0007354131084866822
small_1_3,G13,1200,0.4642680883407593,2.15392804145813,0.4002000689506531,-646.5249633789062,-646.5305786132812,512.690185546875,521.165771484375,65.54107666015625,-103.4117202758789,576.0,576.0,98.96907216494846,0,0.0,0,0.0,0.9560407996177673,0.3230000138282776,0.860702633857727,0.5478613376617432,0.03090820275247097,0.005297952797263861,0.001876165857538581,1.5668074411223643e-05,3.1602633043803507e-06,7.423958595609292e-05,6.025726906955242e-05,1.0726771354675293,0.3473052382469177,0.0031685298308730125,0.000720325973816216
small_1_3,G13,1250,0.4352550506591797,2.2975034713745117,0.37518757581710815,-638.6427612304688,-638.6482543945312,519.427978515625,527.8670654296875,61.33667755126953,-92.52316284179688,576.0,576.0,98.96907216494846,0,0.0,0,0.0,0.958533763885498,0.3082563579082489,0.8682785630226135,0.5698437094688416,0.03139648213982582,0.005154548678547144,0.0018784079002216458,1.5261488442774862e-05,3.1611723443347728e-06,9.616725583327934e-05,6.893300451338291e-05,1.0824837684631348,0.3447897136211395,0.0031995289027690887,0.0007172139012254775
small_1_3,G13,1300,0.4062420725822449,2.4615864753723145,0.35017526149749756,-631.16845703125,-631.173828125,525.6392822265625,534.0458374023438,57.50002670288086,-82.17562866210938,576.0,576.0,98.96907216494846,0,0.0,0,0.0,0.9607800245285034,0.29333749413490295,0.8753504753112793,0.5954687595367432,0.032255858182907104,0.005006364546716213,0.001930801197886467,1.4833307432127185e-05,3.2231403110927204e-06,0.00010274619125993922,6.955000571906567e-05,1.0898375511169434,0.3510493338108063,0.003221933264285326,0.0007272528018802404
small_1_3,G13,1350,0.3772290349006653,2.650909423828125,0.3251709043979645,-624.095703125,-624.1009521484375,531.3472290039062,539.7220458984375,54.010135650634766,-72.37948608398438,576.0,576.0,98.96907216494846,0,0.0,0,0.0,0.9628035426139832,0.2782362997531891,0.8819352388381958,0.6300585865974426,0.0331738255918026,0.004847560077905655,0.0019144735997542739,1.4380912034539506e-05,3.1409429084305884e-06,8.510094630764797e-05,6.99253287166357e-05,1.0933263301849365,0.346276193857193,0.0032341049518436193,0.0007145947311073542
small_1_3,G13,1400,0.34821605682373047,2.8717801570892334,0.3003411889076233,-617.4519653320312,-617.45703125,536.5466918945312,544.8970947265625,50.83399963378906,-63.20916748046875,576.0,576.0,98.96907216494846,0,0.0,0,0.0,0.9646389484405518,0.26307234168052673,0.8880149722099304,0.6454296708106995,0.03618163987994194,0.004687943495810032,0.0019022120395675302,1.3925980056228582e-05,3.126712954326649e-06,4.047356924274936e-05,7.24645797163248e-05,1.094212532043457,0.34399545192718506,0.0032392223365604877,0.0007114961626939476
small_1_3,G13,1450,0.3192030191421509,3.1328024864196777,0.277316153049469,-611.550048828125,-611.5549926757812,541.030517578125,549.349853515625,47.85084915161133,-55.250308990478516,576.0,576.0,98.96907216494846,0,0.0,0,0.0,0.966424822807312,0.24904026091098785,0.893311619758606,0.82289057970047,0.039082031697034836,0.004542448557913303,0.0020064462441951036,1.3614592717203777e-05,3.256822537878179e-06,2.8927142921020277e-05,6.196298636496067e-05,1.0958454608917236,0.3534892499446869,0.0032649231143295765,0.000707859406247735
small_1_3,G13,1500,0.29019004106521606,3.4460177421569824,0.2625235319137573,-607.5552978515625,-607.560302734375,544.01220703125,552.3055419921875,44.519317626953125,-50.6290283203125,576.0,576.0,98.96907216494846,0,0.0,0,0.0,0.96882563829422,0.2410689890384674,0.8968670964241028,0.8505761623382568,0.040058594197034836,0.0045086718164384365,0.002097189659252763,1.3850554751115851e-05,3.469767307251459e-06,2.9880970032536425e-05,6.881263107061386e-05,1.11824369430542,0.36916080117225647,0.003410709323361516,0.0006854498060420156
small_1_3,G13,1550,0.26117706298828125,3.82882022857666,0.26034680008888245,-606.1687622070312,-606.1742553710938,545.138671875,553.4033203125,39.897865295410156,-50.61522674560547,576.0,576.0,98.96907216494846,0,0.0,0,0.0,0.9729101061820984,0.2430182546377182,0.8983088731765747,0.8525488376617432,0.04081054776906967,0.0046335989609360695,0.0023314296267926693,1.4210007975634653e-05,4.071246166859055e-06,3.496733188512735e-05,6.514438427984715e-05,1.1923103332519531,0.424344539642334,0.003642371157184243,0.0007867437670938671
small_1_3,G13,1600,0.23216402530670166,4.307299613952637,0.25009971857070923,-603.3645629882812,-603.369384765625,547.3035278320312,555.5435791015625,34.86591339111328,-47.97124481201172,576.0,576.0,98.96907216494846,0,0.0,0,0.0,0.9773762822151184,0.2397606074810028,0.9009945392608643,0.8556737899780273,0.041621092706918716,0.004252782091498375,0.002025479217991233,1.2963469998794608e-05,3.4810609577107243e-06,3.602035576477647e-05,7.547740824520588e-05,1.1566225290298462,0.3812726140022278,0.0035166603047400713,0.0007968803984113038
small_1_3,G13,1650,0.20315104722976685,4.922445774078369,0.2105179876089096,-595.4069213867188,-595.4110717773438,552.7777099609375,560.969482421875,32.3079948425293,-36.0699462890625,576.0,576.0,98.96907216494846,0,0.0,0,0.0,0.9790626168251038,0.21417376399040222,0.9072050452232361,0.85707026720047,0.043769530951976776,0.003999638371169567,0.0018228919943794608,1.2139980754000135e-05,2.6952677671943093e-06,3.845530955004506e-05,7.725891191512346e-05,1.090919852256775,0.3939131200313568,0.0032734149135649204,0.0009349047322757542
small_1_3,G13,1700,0.17413800954818726,5.742571830749512,0.16261200606822968,-587.1199340820312,-587.1243896484375,558.0886840820312,566.2295532226562,32.790428161621094,-23.325674057006836,576.0,576.0,98.96907216494846,0,0.0,0,0.0,0.9774072170257568,0.17930467426776886,0.9125991463661194,0.8610742092132568,0.0458984375,0.004085497930645943,0.0020053531043231487,1.229625013365876e-05,2.8442561870178906e-06,4.5992142986506224e-05,9.226077236235142e-05,1.16001296043396,0.40573936700820923,0.003475199220702052,0.0009068769868463278
small_1_3,G13,1750,0.14512503147125244,6.890610218048096,0.12727773189544678,-581.6854248046875,-581.689697265625,561.328125,569.4317626953125,33.85042953491211,-15.449058532714844,576.0,576.0,98.96907216494846,0,0.0,0,0.0,0.9749124646186829,0.1517258584499359,0.9151565432548523,0.88197261095047,0.05013671889901161,0.00385835487395525,0.0020876782946288586,1.1415459994168486e-05,2.976463747472735e-06,5.3659561672247946e-05,8.771871216595173e-05,1.1381032466888428,0.4040222465991974,0.00336107867769897,0.0008217669674195349
small_1_3,G13,1800,0.11611199378967285,8.612374305725098,0.10024542361497879,-577.8519897460938,-577.8560791015625,563.423583984375,571.5131225585938,33.789215087890625,-10.509167671203613,576.0,576.0,98.96907216494846,0,0.0,0,0.0,0.9737937450408936,0.1310429722070694,0.9161490201950073,0.9062694907188416,0.052734375,0.0037453719414770603,0.002169176936149597,1.0550974366196897e-05,3.147958750560065e-06,5.697096639778465e-05,9.013089584186673e-05,1.1327024698257446,0.4237755537033081,0.0031903963536024094,0.0008228130172938108
small_1_3,G13,1850,0.08709895610809326,11.481193542480469,0.07504609227180481,-574.6226806640625,-574.62646484375,564.98193359375,573.05908203125,33.15180206298828,-6.757027626037598,576.0,576.0,98.96907216494846,0,0.0,0,0.0,0.9735857844352722,0.11254794895648956,0.916562020778656,0.9129003882408142,0.05429687350988388,0.0034985647071152925,0.0021390351466834545,9.77474519459065e-06,3.0554224395018537e-06,6.077154102968052e-05,6.810639752075076e-05,1.1007328033447266,0.3992478549480438,0.0030416392255574465,0.0007794553530402482
small_1_3,G13,1900,0.05808603763580322,17.21584129333496,0.050025176256895065,-571.7696533203125,-571.7728271484375,566.1041870117188,574.1749267578125,32.504417419433594,-3.7806129455566406,576.0,576.0,98.96907216494846,0,0.0,0,0.0,0.9736155271530151,0.09446775913238525,0.917046308517456,0.9156152009963989,0.0546875,0.003189653158187866,0.0021895081736147404,9.060157026397064e-06,3.0817629976809258e-06,5.866547871846706e-05,8.296879241243005e-05,1.0320318937301636,0.3976565897464752,0.002898136619478464,0.0007614842033945024
small_1_3,G13,1950,0.029072999954223633,34.396175384521484,0.02501249499619007,-569.270751953125,-569.2735595703125,566.8155517578125,574.8801879882812,31.939224243164062,-1.5294603109359741,576.0,576.0,98.96907216494846,0,0.0,0,0.0,0.9737234115600586,0.07643481343984604,0.918060302734375,0.9156933426856995,0.05434570088982582,0.0029312775004655123,0.0022507277317345142,8.433965376752894e-06,3.043473952857312e-06,4.245771197020076e-05,7.248869223985821e-05,0.973078727722168,0.40928077697753906,0.0027733456809073687,0.0007771264063194394
small_1_3,G13,2000,5.999999848427251e-05,16666.66796875,0.0,-567.1444091796875,-567.1480102539062,567.1461181640625,575.2091064453125,31.437625885009766,0.0,576.0,576.0,98.96907216494846,0,0.0,0,0.0,0.9738876223564148,0.05523785948753357,0.9294079542160034,0.9156933426856995,0.03458007797598839,0.002641261089593172,0.00403884332627058,7.807875590515323e-06,4.670242105930811e-06,1.906658144434914e-05,0.00018651627760846168,0.9079636931419373,2.565190553665161,0.002645990112796426,0.0024947007186710835
small_1_3,G14,1,1.159999966621399,0.8620690107345581,1.0,-2998.19384765625,-2998.430419921875,2347.0,2347.0,554.4752197265625,-8.239225387573242,2435.0,2435.0,79.47127937336815,0,0.0,0,0.0,0.01030137948691845,0.010299031622707844,0.00021280694636516273,0.0,1.0,0.02446168288588524,0.0002510489139240235,7.644272409379482e-05,6.257525910768891e-07,7.677171379327774e-05,3.500253797028563e-06,9.59869384765625,9.207962989807129,0.02999591827392578,0.02865140326321125
small_1_3,G14,50,1.1315672397613525,0.8837300539016724,0.9754877686500549,-3013.61376953125,-3015.15185546875,2347.0,2347.0,553.359130859375,-41.988807678222656,2505.0,2518.0,82.18015665796345,0,0.0,0,0.0,0.053804900497198105,0.05380488187074661,3.744852801901288e-05,0.0,1.0,0.11239662021398544,9.932839748216793e-05,0.00035123928682878613,2.551534805661504e-07,0.0003525149077177048,1.4544298210239504e-06,13.446798324584961,0.3518095314502716,0.042021241039037704,0.0009135038708336651
small_1_3,G14,100,1.102554202079773,0.9069848656654358,0.9504752159118652,-3183.32958984375,-3187.96484375,2347.04052734375,2347.48974609375,490.4286193847656,-300.20001220703125,2800.0,2800.0,91.38381201044386,0,0.0,0,0.0,0.3948368728160858,0.3948025107383728,0.0031779019627720118,0.0,0.9993749856948853,0.2985844016075134,0.01222649309784174,0.0009330724715255201,2.1175967049202882e-05,0.001221638172864914,0.0018425420857965946,15.639062881469727,2.1368329524993896,0.04887206479907036,0.005205543711781502
small_1_3,G14,150,1.0735411643981934,0.9314966797828674,0.9254627227783203,-3344.89599609375,-3346.224853515625,2648.13818359375,2659.505126953125,278.271240234375,-399.35107421875,3018.0,3018.0,98.49869451697128,0,0.0,0,0.0,0.7738654017448425,0.5393937826156616,0.48819151520729065,0.0,0.034794922918081284,0.2236807495355606,0.14143341779708862,0.0003899995645042509,9.43760242080316e-05,0.00817091390490532,0.01117880828678608,7.426735877990723,2.2507081031799316,0.019822856411337852,0.005137822590768337
small_1_3,G14,200,1.0445282459259033,0.9573699831962585,0.9004502296447754,-3349.659423828125,-3349.77685546875,2733.0595703125,2747.12548828125,218.60491943359375,-388.37799072265625,3028.0,3028.0,98.82506527415144,0,0.0,0,0.0,0.8338043689727783,0.5391440987586975,0.5701284408569336,0.028984373435378075,0.029941406100988388,0.06981322169303894,0.014132964424788952,0.00011075654765591025,1.5203296243271325e-05,0.0027783543337136507,0.0034962580539286137,2.2317299842834473,0.7056403160095215,0.005492362193763256,0.0014902682742103934
small_1_3,G14,250,1.0155152082443237,0.984721839427948,0.8754377365112305,-3336.2109375,-3336.248779296875,2759.1064453125,2772.900634765625,201.88128662109375,-372.128662109375,3031.0,3031.0,98.92297650130548,0,0.0,0,0.0,0.8482802510261536,0.5313465595245361,0.5965419411659241,0.04583984240889549,0.0274511706084013,0.0403236486017704,0.00450902571901679,6.13570591667667e-05,6.818553629273083e-06,0.001631144667044282,0.002087707631289959,1.2460010051727295,0.49111661314964294,0.0029934276826679707,0.0010104769608005881
small_1_3,G14,300,0.9865021705627441,1.01368248462677,0.8504252433776855,-3321.343505859375,-3321.364501953125,2776.255859375,2790.6650390625,191.75765991210938,-355.9393005371094,3034.0,3034.0,99.02088772845953,0,0.0,0,0.0,0.8569396734237671,0.5231783986091614,0.6152096390724182,0.05567382648587227,0.026064451783895493,0.028310908004641533,0.007517144549638033,4.430899934959598e-05,7.464122973033227e-06,0.0014218292199075222,0.004612235352396965,0.9595444202423096,0.5407545566558838,0.002332571893930435,0.0010433365823701024
small_1_3,G14,350,0.9574891924858093,1.0443981885910034,0.8254126906394958,-3306.3525390625,-3306.3662109375,2790.738037109375,2805.37158203125,183.5515594482422,-339.8794860839844,3036.0,3036.0,99.08616187989556,0,0.0,0,0.0,0.8639687895774841,0.5147114396095276,0.6317712068557739,0.06450194865465164,0.02412109263241291,0.02165893092751503,0.002871548291295767,3.581624696380459e-05,5.022898221795913e-06,0.0008552775252610445,0.00122485077008605,0.8309209942817688,0.4172228276729584,0.002087533939629793,0.0008130760979838669
small_1_3,G14,400,0.9284762144088745,1.077033519744873,0.8004001975059509,-3291.517333984375,-3291.52783203125,2804.059326171875,2818.7958984375,176.0775146484375,-323.98480224609375,3037.0,3037.0,99.11879895561357,0,0.0,0,0.0,0.870378851890564,0.5059731602668762,0.6474655866622925,0.07240234315395355,0.023017577826976776,0.017651565372943878,0.004607028793543577,3.104096686001867e-05,5.485651854542084e-06,0.0006846054457128048,0.003129479708150029,0.7767773866653442,0.48208436369895935,0.001999917207285762,0.0008727243402972817
small_1_3,G14,450,0.8994631767272949,1.111774206161499,0.775387704372406,-3276.9560546875,-3276.96484375,2816.7734375,2831.52685546875,168.91539001464844,-308.2584533691406,3037.0,3037.0,99.11879895561357,0,0.0,0,0.0,0.8765015006065369,0.4969424307346344,0.6627284288406372,0.08106444776058197,0.021503906697034836,0.014988617040216923,0.006188896019011736,2.798552486638073e-05,5.925645837123739e-06,0.0007053338340483606,0.0048493812792003155,0.7571650147438049,0.49304431676864624,0.0019824474584311247,0.0009190535056404769
small_1_3,G14,500,0.8704501390457153,1.1488308906555176,0.7503751516342163,-3262.72509765625,-3262.73291015625,2829.139892578125,2843.798095703125,161.87557983398438,-292.6885681152344,3036.0,3037.0,99.11879895561357,0,0.0,0,0.0,0.8824846744537354,0.4875704050064087,0.6777812838554382,0.09148437529802322,0.020009765401482582,0.01309820543974638,0.0036683143116533756,2.5877538064378314e-05,5.6591161410324275e-06,0.0007185947033576667,0.001295858295634389,0.7613814473152161,0.507163941860199,0.002007019706070423,0.0009051227825693786
small_1_3,G14,550,0.8414371609687805,1.1884428262710571,0.7253626585006714,-3248.84033203125,-3248.84765625,2841.193359375,2855.732177734375,154.9018096923828,-277.3139953613281,3036.0,3037.0,99.11879895561357,0,0.0,0,0.0,0.8883593678474426,0.47788846492767334,0.6926300525665283,0.10221679508686066,0.018583983182907104,0.011695212684571743,0.004019689280539751,2.429317646601703e-05,4.847056516155135e-06,0.000500096008181572,0.002144847298040986,0.764553427696228,0.5062992572784424,0.002043771557509899,0.000855992257129401
small_1_3,G14,600,0.8124241828918457,1.230884075164795,0.7003501653671265,-3235.326904296875,-3235.333251953125,2852.963134765625,2867.56396484375,147.97006225585938,-262.15576171875,3038.0,3038.0,99.1514360313316,0,0.0,0,0.0,0.8941399455070496,0.46790122985839844,0.7072613835334778,0.11632812023162842,0.017744140699505806,0.010557305999100208,0.0035477816127240658,2.301889799127821e-05,5.435789262264734e-06,0.0003435162070672959,0.0007388368248939514,0.7627131342887878,0.5187371373176575,0.002085359999909997,0.0009284415864385664
small_1_3,G14,650,0.7834111452102661,1.2764689922332764,0.6753376722335815,-3222.185791015625,-3222.1923828125,2864.4248046875,2878.999755859375,141.0929718017578,-247.23379516601562,3040.0,3040.0,99.21671018276763,0,0.0,0,0.0,0.8998099565505981,0.45761144161224365,0.7216711044311523,0.13063476979732513,0.01655273325741291,0.00975998304784298,0.003524407045915723,2.2078938854974695e-05,5.194580353418132e-06,0.0005060160183347762,0.0009908019565045834,0.781461775302887,0.47944167256355286,0.0021449956111609936,0.0008845069678500295
small_1_3,G14,700,0.7543981075286865,1.3255600929260254,0.6503251791000366,-3209.4443359375,-3209.45068359375,2875.626708984375,2890.05419921875,134.2498779296875,-232.54598999023438,3040.0,3040.0,99.21671018276763,0,0.0,0,0.0,0.9053857326507568,0.44698020815849304,0.7358568906784058,0.14788085222244263,0.01572265662252903,0.009142063558101654,0.003300434211269021,2.136643888661638e-05,4.5401384340948425e-06,0.0005417413194663823,0.0006060453597456217,0.8059155344963074,0.5316452383995056,0.002216406399384141,0.0008541697170585394
small_1_3,G14,750,0.7253851294517517,1.3785780668258667,0.6253126859664917,-3197.115966796875,-3197.1220703125,2886.578125,2900.76513671875,127.43119812011719,-218.10711669921875,3041.0,3041.0,99.24934725848564,0,0.0,0,0.0,0.9108744859695435,0.43599608540534973,0.7498196363449097,0.16810546815395355,0.01513671875,0.00860259123146534,0.004420795943588018,2.072588904411532e-05,5.3456237765203696e-06,0.0006008156924508512,0.0025015538558363914,0.8271199464797974,0.5599277019500732,0.002289525233209133,0.0009658792405389249
small_1_3,G14,800,0.6963721513748169,1.4360138177871704,0.600300133228302,-3185.2119140625,-3185.21826171875,2897.251708984375,2911.20458984375,120.66659545898438,-203.93780517578125,3041.0,3041.0,99.24934725848564,0,0.0,0,0.0,0.9162482023239136,0.4246579706668854,0.7634977698326111,0.19001953303813934,0.014531250111758709,0.008316690102219582,0.005513800773769617,2.0274255803087726e-05,4.465280653676018e-06,0.0007438928005285561,0.003871309570968151,0.866514265537262,0.5344259738922119,0.0023717223666608334,0.0008404712425544858
small_1_3,G14,850,0.6673591136932373,1.498443603515625,0.5752876400947571,-3173.75537109375,-3173.76171875,2907.644287109375,2921.409423828125,113.9476318359375,-190.07350158691406,3042.0,3042.0,99.28198433420366,0,0.0,0,0.0,0.9215107560157776,0.41299664974212646,0.776818573474884,0.21466796100139618,0.01482421811670065,0.007824893109500408,0.004203125834465027,1.9754626919166185e-05,3.511531303956872e-06,0.0005834256880916655,0.003049874911084771,0.8812471032142639,0.4521538317203522,0.0024491127114742994,0.0007351635722443461
small_1_3,G14,900,0.6383461356163025,1.566548228263855,0.5502750873565674,-3162.686767578125,-3162.6923828125,2917.61962890625,2931.479736328125,107.37005615234375,-176.53359985351562,3043.0,3043.0,99.31462140992167,0,0.0,0,0.0,0.9265807867050171,0.4010120928287506,0.7897442579269409,0.245361328125,0.01455078087747097,0.007353690918534994,0.0028958923649042845,1.9235638319514692e-05,4.358678324933862e-06,0.00021936799748800695,0.000502272043377161,0.8823491930961609,0.44637125730514526,0.0025118887424468994,0.0008480909164063632
small_1_3,G14,950,0.6093330979347229,1.6411384344100952,0.5252625942230225,-3152.05029296875,-3152.05615234375,2927.244384765625,2941.148193359375,100.90451049804688,-163.32748413085938,3043.0,3043.0,99.31462140992167,0,0.0,0,0.0,0.9314969182014465,0.3886805772781372,0.8023062944412231,0.2815234363079071,0.015029296278953552,0.007173960097134113,0.004237475339323282,1.886956306407228e-05,2.91133710561553e-06,0.0006240782095119357,0.0036554073449224234,0.9173372387886047,0.39942261576652527,0.0025906700175255537,0.0006588901160284877
small_1_3,G14,1000,0.5803201198577881,1.7231868505477905,0.5002501010894775,-3141.843505859375,-3141.849365234375,2936.484130859375,2950.355224609375,94.57560729980469,-150.48092651367188,3043.0,3043.0,99.31462140992167,0,0.0,0,0.0,0.9362319707870483,0.37601423263549805,0.8144915699958801,0.31678709387779236,0.015371093526482582,0.006817373912781477,0.0027186721563339233,1.8470833310857415e-05,4.068609541718615e-06,0.0002853846817743033,0.00020249886438250542,0.9260294437408447,0.43661898374557495,0.002663466613739729,0.0008016516803763807
small_1_3,G14,1050,0.5513070821762085,1.813871145248413,0.4752376079559326,-3132.072265625,-3132.078125,2945.3359375,2959.130126953125,88.40841674804688,-138.00180053710938,3043.0,3043.0,99.31462140992167,0,0.0,0,0.0,0.9407728314399719,0.36298105120658875,0.8262195587158203,0.35096678137779236,0.015927733853459358,0.0066537936218082905,0.0026896409690380096,1.8152280972572044e-05,3.8276243685686495e-06,0.00047441336209885776,0.0008526077726855874,0.9521390795707703,0.44803673028945923,0.002741961507126689,0.000776049098931253
small_1_3,G14,1100,0.5222941040992737,1.9146300554275513,0.4502251148223877,-3122.747802734375,-3122.75341796875,2953.7998046875,2967.49658203125,82.40377044677734,-125.91477966308594,3043.0,3043.0,99.31462140992167,0,0.0,0,0.0,0.9451231956481934,0.34958839416503906,0.8375194072723389,0.38118162751197815,0.016494140028953552,0.006447074934840202,0.0025395299308001995,1.7816366380429827e-05,3.658942205220228e-06,0.0003644125536084175,0.00023427035193890333,0.9829717874526978,0.4139396548271179,0.002818748587742448,0.000759847171138972
small_1_3,G14,1150,0.4932810664176941,2.0272417068481445,0.425212562084198,-3113.867919921875,-3113.873779296875,2961.82373046875,2975.45263671875,76.61885070800781,-114.25540161132812,3043.0,3043.0,99.31462140992167,0,0.0,0,0.0,0.949235737323761,0.33587729930877686,0.8482539057731628,0.42284178733825684,0.0171972643584013,0.006224713288247585,0.0021738663781434298,1.7444006516598165e-05,3.255377350797062e-06,0.00028064550133422017,0.0001852051354944706,1.0073963403701782,0.3456692397594452,0.002885802648961544,0.000684170110616833
small_1_3,G14,1200,0.4642680883407593,2.15392804145813,0.4002000689506531,-3105.4189453125,-3105.42431640625,2969.352294921875,2982.97412109375,71.1242904663086,-103.05145263671875,3043.0,3043.0,99.31462140992167,0,0.0,0,0.0,0.9530569911003113,0.3218747675418854,0.8583799600601196,0.47786131501197815,0.018095701932907104,0.006015801336616278,0.002653898438438773,1.7071068214136176e-05,4.236321274220245e-06,0.00023566787422169,0.0001087673008441925,1.0141370296478271,0.4213823676109314,0.002942244289442897,0.000824637187179178
small_1_3,G14,1250,0.4352550506591797,2.2975034713745117,0.37518757581710815,-3097.42138671875,-3097.427734375,2976.477783203125,2990.0537109375,65.86763000488281,-92.2806396484375,3043.0,3043.0,99.31462140992167,0,0.0,0,0.0,0.9566582441329956,0.3074483275413513,0.8681551814079285,0.5179198980331421,0.018857421353459358,0.005983227398246527,0.0035054641775786877,1.6791338566690683e-05,3.997825388069032e-06,0.000546799274161458,0.0020233215764164925,1.0573276281356812,0.5168830156326294,0.003015524707734585,0.0008095767698250711
small_1_3,G14,1300,0.4062420725822449,2.4615864753723145,0.35017526149749756,-3089.86376953125,-3089.86962890625,2983.156005859375,2996.6865234375,60.857933044433594,-81.99057006835938,3043.0,3043.0,99.31462140992167,0,0.0,0,0.0,0.9600417613983154,0.2926769256591797,0.8775163292884827,0.5422949194908142,0.0201269518584013,0.005703690927475691,0.0022679397370666265,1.639553920540493e-05,2.8691981697193114e-06,0.00024126576317939907,0.000543178291991353,1.0605669021606445,0.3729516267776489,0.0030666643287986517,0.0006642596563324332
small_1_3,G14,1350,0.3772290349006653,2.650909423828125,0.3251709043979645,-3082.75048828125,-3082.756103515625,2989.404296875,3002.84619140625,56.105098724365234,-72.18753814697266,3043.0,3043.0,99.31462140992167,0,0.0,0,0.0,0.9632130265235901,0.2774984538555145,0.8863657712936401,0.5608593821525574,0.021611327305436134,0.005550302565097809,0.002234194427728653,1.6024094293243252e-05,3.198050762875937e-06,0.00023248925572261214,0.0006087208166718483,1.0818214416503906,0.3379932940006256,0.00311805191449821,0.0006780909025110304
small_1_3,G14,1400,0.34821605682373047,2.8717801570892334,0.3003411889076233,-3076.095947265625,-3076.10205078125,2995.13720703125,3008.658935546875,51.64999771118164,-62.97913360595703,3043.0,3043.0,99.31462140992167,0,0.0,0,0.0,0.9661190509796143,0.262114942073822,0.8944781422615051,0.6005468368530273,0.023066405206918716,0.005379870068281889,0.0025203991681337357,1.5628502296749502e-05,2.9496088700398104e-06,0.0003494113916531205,0.0012537292204797268,1.0811305046081543,0.4499904215335846,0.0031532151624560356,0.0006570519180968404
small_1_3,G14,1450,0.3192030191421509,3.1328024864196777,0.277316153049469,-3070.23583984375,-3070.24169921875,3000.158203125,3014.360595703125,47.417503356933594,-54.94761657714844,3044.0,3044.0,99.34725848563968,0,0.0,0,0.0,0.9688525795936584,0.24767586588859558,0.9016221165657043,0.7136034965515137,0.02461913973093033,0.0053221541456878185,0.0032556031364947557,1.538975993753411e-05,3.8921498344279826e-06,0.0005650118691846728,0.0016810420202091336,1.1074903011322021,0.4816809296607971,0.0032153958454728127,0.0007356219575740397
small_1_3,G14,1500,0.29019004106521606,3.4460177421569824,0.2625235319137573,-3066.33251953125,-3066.33837890625,3003.6201171875,3017.7705078125,43.021446228027344,-50.23371505737305,3044.0,3044.0,99.34725848563968,0,0.0,0,0.0,0.9719001650810242,0.23918673396110535,0.9066845774650574,0.7729882597923279,0.025996092706918716,0.00521472841501236,0.00287901540286839,1.5583540516672656e-05,4.192548203718616e-06,0.0003412905498407781,0.0008488529128953815,1.1393983364105225,0.43357858061790466,0.0033766513224691153,0.0007076279725879431
small_1_3,G14,1550,0.26117706298828125,3.82882022857666,0.26034680008888245,-3065.033447265625,-3065.03955078125,3005.0634765625,3019.172119140625,37.83263397216797,-50.09504699707031,3044.0,3044.0,99.34725848563968,0,0.0,0,0.0,0.9760152697563171,0.24052076041698456,0.909095287322998,0.7952636480331421,0.026093749329447746,0.005264866165816784,0.0034276037476956844,1.5877965779509395e-05,5.675156444340246e-06,0.00014966065646149218,0.000720514333806932,1.211774230003357,0.5353071689605713,0.0036041715648025274,0.0009357279050163925
small_1_3,G14,1600,0.23216402530670166,4.307299613952637,0.25009971857070923,-3062.361572265625,-3062.3671875,3007.567138671875,3021.6044921875,32.528133392333984,-47.24826431274414,3044.0,3044.0,99.34725848563968,0,0.0,0,0.0,0.9802416563034058,0.23614713549613953,0.9129287600517273,0.8032031059265137,0.026279296725988388,0.00499221496284008,0.002646027598530054,1.4820107026025653e-05,3.7974980386934476e-06,0.00045032636262476444,0.0009871519869193435,1.2082606554031372,0.3873130679130554,0.0035393063444644213,0.0007735794060863554
small_1_3,G14,1650,0.20315104722976685,4.922445774078369,0.2105179876089096,-3054.665771484375,-3054.67041015625,3013.5458984375,3027.505859375,29.311737060546875,-35.170127868652344,3044.0,3044.0,99.34725848563968,0,0.0,0,0.0,0.982212483882904,0.20883086323738098,0.9211512804031372,0.8054003715515137,0.028867186978459358,0.0046393792144954205,0.002058100886642933,1.387770134897437e-05,2.4722648959141225e-06,0.00016635535575915128,0.0005755549063906074,1.1413346529006958,0.3794441223144531,0.003324452554807067,0.0009191785356961191
small_1_3,G14,1700,0.17413800954818726,5.742571830749512,0.16261200606822968,-3046.74169921875,-3046.746337890625,3019.34619140625,3033.2392578125,28.585927963256836,-22.42237091064453,3044.0,3044.0,99.34725848563968,0,0.0,0,0.0,0.9815464615821838,0.17236098647117615,0.9286658763885498,0.8093359470367432,0.0341503880918026,0.004567163996398449,0.002617917023599148,1.3705035598832183e-05,3.3082012578233844e-06,6.218977068783715e-05,0.00013940664939582348,1.164933204650879,0.41591304540634155,0.003436894854530692,0.0009408980258740485
small_1_3,G14,1750,0.14512503147125244,6.890610218048096,0.12727773189544678,-3041.673828125,-3041.67822265625,3022.90966796875,3036.744873046875,28.49193572998047,-14.633688926696777,3044.0,3044.0,99.34725848563968,0,0.0,0,0.0,0.9801334142684937,0.14371807873249054,0.9328974485397339,0.9189745783805847,0.03846679627895355,0.004319219384342432,0.002421666868031025,1.2819193216273561e-05,3.491738652883214e-06,5.8701658417703584e-05,0.0001282279845327139,1.1409868001937866,0.3827893137931824,0.0033331408631056547,0.0008208456565625966
small_1_3,G14,1800,0.11611199378967285,8.612374305725098,0.10024542361497879,-3038.201904296875,-3038.2060546875,3025.2109375,3039.00439453125,27.757980346679688,-9.772077560424805,3044.0,3044.0,99.34725848563968,0,0.0,0,0.0,0.9796460270881653,0.12185192853212357,0.9355083107948303,0.934326171875,0.04116210713982582,0.004092389717698097,0.0026465640403330326,1.1915757568203844e-05,3.878610186802689e-06,5.676406726706773e-05,0.00011749943951144814,1.109296441078186,0.4084676504135132,0.003173098899424076,0.0008433937910012901
small_1_3,G14,1850,0.08709895610809326,11.481193542480469,0.07504609227180481,-3035.357666015625,-3035.361328125,3026.9208984375,3040.677734375,26.70010757446289,-6.114913463592529,3044.0,3044.0,99.34725848563968,0,0.0,0,0.0,0.9798260927200317,0.10185262560844421,0.937487006187439,0.9375390410423279,0.04306640475988388,0.0038770760875195265,0.0026950405444949865,1.1205954251636285e-05,3.949376150558237e-06,5.618070645141415e-05,0.00010004977229982615,1.0811119079589844,0.41305646300315857,0.0030596922151744366,0.0008459297241643071
small_1_3,G14,1900,0.05808603763580322,17.21584129333496,0.050025176256895065,-3032.941162109375,-3032.94482421875,3028.169921875,3041.9013671875,25.70926284790039,-3.281444549560547,3044.0,3044.0,99.34725848563968,0,0.0,0,0.0,0.9801440238952637,0.08199482411146164,0.939024031162262,0.9380175471305847,0.044121094048023224,0.003661348484456539,0.0027667104732245207,1.0573899999144487e-05,4.040237854496809e-06,5.840622907271609e-05,0.0001639017282286659,1.0488461256027222,0.43033209443092346,0.0029665743932127953,0.0008666343055665493
small_1_3,G14,1950,0.029072999954223633,34.396175384521484,0.02501249499619007,-3030.93359375,-3030.93701171875,3028.97412109375,3042.6875,24.876705169677734,-1.2397328615188599,3044.0,3044.0,99.34725848563968,0,0.0,0,0.0,0.9804374575614929,0.06195567920804024,0.9404730200767517,0.93836909532547,0.04316406324505806,0.0034459170419722795,0.0028218720108270645,9.96241760731209e-06,3.960382855439093e-06,4.808065204997547e-05,0.00019080526544712484,1.013102650642395,0.4465477168560028,0.002872833050787449,0.0008882289985194802
small_1_3,G14,2000,5.999999848427251e-05,16666.66796875,0.0,-3029.34521484375,-3029.348876953125,3029.347412109375,3043.047119140625,24.18383026123047,0.0,3044.0,3044.0,99.34725848563968,0,0.0,0,0.0,0.980699896812439,0.04012971743941307,0.9489496946334839,0.9394726157188416,0.014589843340218067,0.0032047887798398733,0.003841136349365115,9.332145054941066e-06,4.8223050725937355e-06,4.723050369648263e-05,0.0002547446929384023,0.9665960073471069,1.9461045265197754,0.0027663575019687414,0.002057665027678013
small_1_3,G15,1,1.159999966621399,0.8620690107345581,1.0,-2981.69384765625,-2981.93017578125,2330.5,2330.5,554.4752197265625,-8.23922061920166,2413.0,2413.0,79.11475409836065,0,0.0,0,0.0,0.010301372967660427,0.010299025103449821,0.00021289811411406845,0.0,1.0,0.02446167543530464,0.00025048141833394766,7.644269498996437e-05,6.253693527469295e-07,7.676237873965874e-05,3.5955204111814965e-06,9.59869384765625,9.209601402282715,0.02999591827392578,0.028657609596848488
small_1_3,G15,50,1.1315672397613525,0.8837300539016724,0.9754877686500549,-2997.11376953125,-2998.65185546875,2330.5,2330.5,553.359130859375,-41.98877716064453,2496.0,2501.0,82.0,0,0.0,0,0.0,0.053804874420166016,0.05380485579371452,3.728324008989148e-05,0.0,1.0,0.11239655315876007,9.960697207134217e-05,0.0003512391122058034,2.56162536516058e-07,0.00035247718915343285,1.304684246861143e-06,13.446798324584961,0.354136198759079,0.042021241039037704,0.0009220013744197786
small_1_3,G15,100,1.102554202079773,0.9069848656654358,0.9504752159118652,-3166.83935546875,-3171.483154296875,2330.584716796875,2331.024658203125,490.428466796875,-300.1745910644531,2734.0,2734.0,89.63934426229508,0,0.0,0,0.0,0.3948373794555664,0.3947691023349762,0.004588887095451355,0.0,0.99867182970047,0.2986505627632141,0.017469825223088264,0.0009332646150141954,2.2623196855420247e-05,0.0015057098353281617,0.002744603669270873,15.639440536499023,2.4917469024658203,0.048873234540224075,0.006073315627872944
small_1_3,G15,150,1.0735411643981934,0.9314966797828674,0.9254627227783203,-3331.454345703125,-3332.79833984375,2638.312744140625,2648.645263671875,276.6626281738281,-397.4765930175781,3003.0,3004.0,98.49180327868852,0,0.0,0,0.0,0.7756521701812744,0.5368619561195374,0.4921237826347351,0.0,0.0373242162168026,0.22801469266414642,0.1296081244945526,0.0003953765262849629,9.059604053618386e-05,0.00914092268794775,0.009435733780264854,7.485057353973389,2.230760097503662,0.019992435351014137,0.005030547268688679
small_1_3,G15,200,1.0445282459259033,0.9573699831962585,0.9004502296447754,-3336.6376953125,-3336.7568359375,2723.3837890625,2737.45849609375,217.03964233398438,-386.66900634765625,3016.0,3016.0,98.88524590163935,0,0.0,0,0.0,0.8351525664329529,0.5367717742919922,0.5727030634880066,0.028242187574505806,0.03150390461087227,0.07167258858680725,0.01299362350255251,0.00011193569662282243,1.4697585356771015e-05,0.0031135885510593653,0.0027136406861245632,2.2349510192871094,0.6999194622039795,0.005496019031852484,0.0014372437726706266
small_1_3,G15,250,1.0155152082443237,0.984721839427948,0.8754377365112305,-3323.3173828125,-3323.35546875,2749.172607421875,2766.013671875,200.49179077148438,-370.580322265625,3018.0,3018.0,98.95081967213115,0,0.0,0,0.0,0.8493630886077881,0.5291357040405273,0.5985889434814453,0.04359374940395355,0.028837889432907104,0.041473984718322754,0.003949226811528206,6.199201743584126e-05,6.951443992875284e-06,0.0018433666555210948,0.0012317351065576077,1.2462950944900513,0.5027039051055908,0.0029889559373259544,0.0010274964151903987
small_1_3,G15,300,0.9865021705627441,1.01368248462677,0.8504252433776855,-3308.529541015625,-3308.5498046875,2766.05517578125,2783.656005859375,190.511474609375,-354.5546875,3021.0,3021.0,99.04918032786885,0,0.0,0,0.0,0.8578407168388367,0.5211431980133057,0.6167978644371033,0.0546875,0.02695312350988388,0.029023509472608566,0.0036823987029492855,4.4573571358341724e-05,6.2746644289291e-06,0.0012838394613936543,0.0013119946233928204,0.9463390111923218,0.5095877647399902,0.0023154092486947775,0.0009494675323367119
small_1_3,G15,350,0.9574891924858093,1.0443981885910034,0.8254126906394958,-3293.61474609375,-3293.62841796875,2780.307861328125,2798.24560546875,182.4493408203125,-338.62725830078125,3023.0,3023.0,99.11475409836065,0,0.0,0,0.0,0.8647079467773438,0.5128150582313538,0.6329441666603088,0.06486327946186066,0.0252539049834013,0.02224564738571644,0.003137008985504508,3.612085492932238e-05,6.192966793605592e-06,0.0009671839652583003,0.0004714345559477806,0.8299067616462708,0.43847760558128357,0.0020814775489270687,0.0009168765973299742
small_1_3,G15,400,0.9284762144088745,1.077033519744873,0.8004001975059509,-3278.8486328125,-3278.859375,2793.44482421875,2811.5986328125,175.10995483398438,-322.82904052734375,3024.0,3024.0,99.14754098360656,0,0.0,0,0.0,0.8709741234779358,0.5041680932044983,0.6483590006828308,0.07499999552965164,0.023427734151482582,0.018147079274058342,0.0037986980751156807,3.138153624604456e-05,6.366822617565049e-06,0.0007656710222363472,0.0008651632815599442,0.7824116945266724,0.5083231925964355,0.0020012452732771635,0.0009686973644420505
small_1_3,G15,450,0.8994631767272949,1.111774206161499,0.775387704372406,-3264.344970703125,-3264.353515625,2805.9765625,2824.302734375,168.05958557128906,-307.2137451171875,3027.0,3027.0,99.24590163934427,0,0.0,0,0.0,0.8769866228103638,0.49525824189186096,0.6634054183959961,0.08470702916383743,0.0215917956084013,0.015260003507137299,0.0036304639652371407,2.805959047691431e-05,6.866345302114496e-06,0.0006268720608204603,8.36164690554142e-05,0.7466973662376404,0.5189208984375,0.00196874444372952,0.0010394687997177243
small_1_3,G15,500,0.8704501390457153,1.1488308906555176,0.7503751516342163,-3250.15478515625,-3250.16259765625,2818.10986328125,2836.593505859375,161.1676025390625,-291.7643737792969,3027.0,3027.0,99.24590163934427,0,0.0,0,0.0,0.8828319311141968,0.4860308766365051,0.6781826019287109,0.09572265297174454,0.021123046055436134,0.013343323953449726,0.002747628837823868,2.5963065127143636e-05,3.837303665932268e-06,0.0005589622887782753,0.0009082690812647343,0.7511576414108276,0.4005810618400574,0.001990945776924491,0.0007416635635308921
small_1_3,G15,550,0.8414371609687805,1.1884428262710571,0.7253626585006714,-3236.310546875,-3236.31787109375,2829.98193359375,2848.587646484375,154.31634521484375,-276.48822021484375,3027.0,3027.0,99.24590163934427,0,0.0,0,0.0,0.8886056542396545,0.4764654338359833,0.6928831338882446,0.10756835341453552,0.01967773400247097,0.011881690472364426,0.0036505195312201977,2.438337469357066e-05,6.09344033364323e-06,0.00045020243851467967,0.00033708650153130293,0.753402829170227,0.5322573184967041,0.002029867609962821,0.000976413837634027
small_1_3,G15,600,0.8124241828918457,1.230884075164795,0.7003501653671265,-3222.832763671875,-3222.83935546875,2841.593505859375,2860.41845703125,147.49310302734375,-261.41888427734375,3029.0,3029.0,99.31147540983606,0,0.0,0,0.0,0.8943078517913818,0.46658602356910706,0.7073713541030884,0.1220996081829071,0.019179686903953552,0.010742170736193657,0.003075317945331335,2.3105940272216685e-05,4.846122919843765e-06,0.0004067254485562444,0.000928499735891819,0.759310245513916,0.41399043798446655,0.0020746614318341017,0.0008130577043630183
small_1_3,G15,650,0.7834111452102661,1.2764689922332764,0.6753376722335815,-3209.73583984375,-3209.74267578125,2852.950927734375,2872.05322265625,140.70680236816406,-246.56028747558594,3030.0,3030.0,99.34426229508196,0,0.0,0,0.0,0.8999226093292236,0.45636481046676636,0.721665620803833,0.13743163645267487,0.018476562574505806,0.010256974026560783,0.004516816698014736,2.236463114968501e-05,4.818768957193242e-06,0.0005363744567148387,0.0012704920955002308,0.8044880628585815,0.501980721950531,0.0021464324090629816,0.0008706506341695786
small_1_3,G15,700,0.7543981075286865,1.3255600929260254,0.6503251791000366,-3197.034912109375,-3197.041015625,2864.0537109375,2883.39501953125,133.92120361328125,-231.95755004882812,3030.0,3030.0,99.34426229508196,0,0.0,0,0.0,0.905470609664917,0.44584915041923523,0.7357035875320435,0.15602537989616394,0.017910156399011612,0.009206242859363556,0.003144910093396902,2.1376670702011324e-05,4.492967036640039e-06,0.0003094796265941113,0.0008677261066623032,0.7918947339057922,0.4927891790866852,0.002198866568505764,0.0008607087074778974
small_1_3,G15,750,0.7253851294517517,1.3785780668258667,0.6253126859664917,-3184.727783203125,-3184.73388671875,2874.87451171875,2894.404296875,127.19326782226562,-217.59498596191406,3031.0,3031.0,99.37704918032787,0,0.0,0,0.0,0.9109021425247192,0.4349723756313324,0.7494750618934631,0.17588867247104645,0.01796874962747097,0.00865886453539133,0.0027292040176689625,2.073715950245969e-05,3.573013145796722e-06,0.00031140714418143034,0.0010018717730417848,0.8166762590408325,0.45081615447998047,0.002270284341648221,0.0007542603416368365
small_1_3,G15,800,0.6963721513748169,1.4360138177871704,0.600300133228302,-3172.8310546875,-3172.8369140625,2885.412109375,2905.06298828125,120.50309753417969,-203.50961303710938,3032.0,3032.0,99.40983606557377,0,0.0,0,0.0,0.9162328839302063,0.4237664043903351,0.7629977464675903,0.19800780713558197,0.017890624701976776,0.008163298480212688,0.0025975110474973917,2.015939935517963e-05,3.6059295780432876e-06,0.000297063757898286,0.000517039792612195,0.8347060680389404,0.4084736108779907,0.0023401619400829077,0.0007580378442071378
small_1_3,G15,850,0.6673591136932373,1.498443603515625,0.5752876400947571,-3161.35498046875,-3161.360595703125,2895.662353515625,2915.35693359375,113.87159729003906,-189.70504760742188,3034.0,3034.0,99.47540983606558,0,0.0,0,0.0,0.9214455485343933,0.4121960699558258,0.7762472629547119,0.2220507711172104,0.017343750223517418,0.007841436192393303,0.002746043959632516,1.971680103451945e-05,3.933254902221961e-06,0.0005179484141990542,0.0005468891467899084,0.866470217704773,0.42451292276382446,0.0024215751327574253,0.0007879076874814928
small_1_3,G15,900,0.6383461356163025,1.566548228263855,0.5502750873565674,-3150.3056640625,-3150.3115234375,2905.59619140625,2925.276611328125,107.31951141357422,-176.2083740234375,3035.0,3035.0,99.50819672131148,0,0.0,0,0.0,0.9265173077583313,0.4002733528614044,0.7891818881034851,0.2513183653354645,0.016972655430436134,0.007512970361858606,0.0033969914074987173,1.9323357264511287e-05,4.602085482474649e-06,0.00039692464633844793,0.0002143054734915495,0.896282434463501,0.5064495801925659,0.002504779724404216,0.0008740784833207726
small_1_3,G15,950,0.6093330979347229,1.6411384344100952,0.5252625942230225,-3139.678955078125,-3139.6845703125,2915.170654296875,2934.8193359375,100.87062072753906,-163.05026245117188,3035.0,3035.0,99.50819672131148,0,0.0,0,0.0,0.9314353466033936,0.3880208432674408,0.8017570376396179,0.28658202290534973,0.017021484673023224,0.0071385824121534824,0.002346484689041972,1.887079815787729e-05,3.4632669212442124e-06,0.0002112530346494168,0.00021149427630007267,0.8998643159866333,0.4334826171398163,0.0025726177264004946,0.0007281859288923442
small_1_3,G15,1000,0.5803201198577881,1.7231868505477905,0.5002501010894775,-3129.489990234375,-3129.49609375,2924.397705078125,2943.958984375,94.54939270019531,-150.22911071777344,3035.0,3035.0,99.50819672131148,0,0.0,0,0.0,0.9361820816993713,0.37538495659828186,0.8139485120773315,0.3226953148841858,0.017519531771540642,0.00702109606936574,0.0034324207808822393,1.856291783042252e-05,3.870720320264809e-06,0.0006779449176974595,0.002235614927485585,0.9416355490684509,0.4368472695350647,0.0026570966001600027,0.0007864139624871314
small_1_3,G15,1050,0.5513070821762085,1.813871145248413,0.4752376079559326,-3119.74560546875,-3119.751220703125,2933.2490234375,2952.677978515625,88.36721801757812,-137.78497314453125,3035.0,3035.0,99.50819672131148,0,0.0,0,0.0,0.9407414197921753,0.3624107539653778,0.8256059885025024,0.3556542992591858,0.018398437649011612,0.006689916830509901,0.0030939483549445868,1.8166840163758025e-05,4.6456025302177295e-06,0.0003336196532472968,0.0006063813343644142,0.9593583941459656,0.48286697268486023,0.0027294286992400885,0.000891682633664459
small_1_3,G15,1100,0.5222941040992737,1.9146300554275513,0.4502251148223877,-3110.4404296875,-3110.446533203125,2941.676513671875,2960.957275390625,82.3982925415039,-125.73402404785156,3035.0,3035.0,99.50819672131148,0,0.0,0,0.0,0.9450545907020569,0.3490865230560303,0.8367059230804443,0.3848535120487213,0.019228514283895493,0.006682141683995724,0.00529014877974987,1.7872496755444445e-05,3.6460760384215973e-06,0.0007052459986880422,0.0036516119726002216,1.0018515586853027,0.44169166684150696,0.002804278861731291,0.0007390856626443565
small_1_3,G15,1150,0.4932810664176941,2.0272417068481445,0.425212562084198,-3101.5693359375,-3101.57470703125,2949.64013671875,2968.7890625,76.65676879882812,-114.121337890625,3035.0,3035.0,99.50819672131148,0,0.0,0,0.0,0.9491189122200012,0.335483193397522,0.8472549915313721,0.42607420682907104,0.019951172173023224,0.006229355465620756,0.0022408505901694298,1.7428868886781856e-05,3.2526384075026726e-06,0.00017546392336953431,0.00029221666045486927,0.9902507066726685,0.35180097818374634,0.0028610529843717813,0.0006905847694724798
small_1_3,G15,1200,0.4642680883407593,2.15392804145813,0.4002000689506531,-3093.12548828125,-3093.13134765625,2957.13671875,2976.1630859375,71.19378662109375,-102.94133758544922,3035.0,3035.0,99.50819672131148,0,0.0,0,0.0,0.9529081583023071,0.321530818939209,0.8572724461555481,0.4783691167831421,0.020908202975988388,0.0061066001653671265,0.0026992352213710546,1.7091131667257287e-05,4.066135716129793e-06,0.000598456768784672,0.0006752935005351901,1.0162415504455566,0.40697628259658813,0.0029248970095068216,0.0007876038434915245
small_1_3,G15,1250,0.4352550506591797,2.2975034713745117,0.37518757581710815,-3085.126708984375,-3085.13232421875,2964.20947265625,2983.07763671875,65.9742202758789,-92.20745849609375,3035.0,3035.0,99.50819672131148,0,0.0,0,0.0,0.9564697742462158,0.3072045147418976,0.8668810129165649,0.515429675579071,0.02216796763241291,0.005930320359766483,0.0022886847145855427,1.675171915849205e-05,3.0517492177750682e-06,0.0003518415614962578,0.0005659970920532942,1.0432370901107788,0.3763884902000427,0.0029891175217926502,0.0006670607253909111
small_1_3,G15,1300,0.4062420725822449,2.4615864753723145,0.35017526149749756,-3077.557861328125,-3077.5634765625,2970.8232421875,2989.5380859375,61.01689910888672,-81.95233154296875,3035.0,3035.0,99.50819672131148,0,0.0,0,0.0,0.9597995281219482,0.29254040122032166,0.8760195970535278,0.5378222465515137,0.023916015401482582,0.005710539873689413,0.0023540963884443045,1.6376468920498155e-05,3.552957423380576e-06,0.00024058352573774755,0.00021625356748700142,1.0486658811569214,0.3673487901687622,0.003041480667889118,0.0007256799144670367
small_1_3,G15,1350,0.3772290349006653,2.650909423828125,0.3251709043979645,-3070.4267578125,-3070.432373046875,2977.00390625,2995.544921875,56.32472229003906,-72.181396484375,3035.0,3035.0,99.50819672131148,0,0.0,0,0.0,0.9629049301147461,0.2774748206138611,0.8846662640571594,0.5548144578933716,0.025644531473517418,0.005585202481597662,0.0018905354663729668,1.6017971574910916e-05,2.7890973797184415e-06,0.0003917278372682631,0.0001360963797196746,1.0735235214233398,0.30830684304237366,0.0030940347351133823,0.0006242037052288651
small_1_3,G15,1400,0.34821605682373047,2.8717801570892334,0.3003411889076233,-3063.766357421875,-3063.771728515625,2982.703369140625,3001.07080078125,51.911094665527344,-62.99214172363281,3035.0,3035.0,99.50819672131148,0,0.0,0,0.0,0.965766429901123,0.26216909289360046,0.8926606774330139,0.5946484208106995,0.0272070299834013,0.005381296388804913,0.002504043048247695,1.561660428706091e-05,3.8076238979556365e-06,9.966350626200438e-05,0.0001152979675680399,1.078474998474121,0.3791234791278839,0.0031326268799602985,0.0007532088202424347
small_1_3,G15,1450,0.3192030191421509,3.1328024864196777,0.277316153049469,-3057.8876953125,-3057.8935546875,2987.66845703125,3005.89111328125,47.74552917480469,-54.98459243774414,3035.0,3035.0,99.50819672131148,0,0.0,0,0.0,0.9684368968009949,0.24784253537654877,0.8996461033821106,0.7094921469688416,0.029287109151482582,0.005296161863952875,0.00298892124556005,1.537649404781405e-05,3.4772649541991996e-06,0.0004254495433997363,0.001400418346747756,1.0924296379089355,0.4605841040611267,0.0031919863540679216,0.0006827607867307961
small_1_3,G15,1500,0.29019004106521606,3.4460177421569824,0.2625235319137573,-3053.9697265625,-3053.97509765625,2991.09228515625,3009.17431640625,43.40920639038086,-50.28584289550781,3035.0,3035.0,99.50819672131148,0,0.0,0,0.0,0.9714438915252686,0.23943492770195007,0.904611349105835,0.7741113305091858,0.030751952901482582,0.005205322988331318,0.002800752641633153,1.5587278539896943e-05,4.431066827237373e-06,0.00012035213148919865,0.0002727542305365205,1.1319266557693481,0.4047498404979706,0.0033574746921658516,0.000735795998480171
small_1_3,G15,1550,0.26117706298828125,3.82882022857666,0.26034680008888245,-3052.66259765625,-3052.668701171875,2992.52001953125,3010.51611328125,38.23812484741211,-50.16175079345703,3035.0,3035.0,99.50819672131148,0,0.0,0,0.0,0.9755802750587463,0.24084101617336273,0.9069573879241943,0.7967773079872131,0.03085937350988388,0.005347217433154583,0.004217483103275299,1.592603985045571e-05,4.761524905916303e-06,0.0004783596668858081,0.0028543160296976566,1.2148925065994263,0.48319560289382935,0.0035946823190897703,0.0007891773711889982
small_1_3,G15,1600,0.23216402530670166,4.307299613952637,0.25009971857070923,-3049.97314453125,-3049.979248046875,2994.9931640625,3012.89599609375,32.930233001708984,-47.34099197387695,3035.0,3035.0,99.50819672131148,0,0.0,0,0.0,0.9798509478569031,0.23661057651042938,0.9107092022895813,0.8041406273841858,0.031123045831918716,0.004997498355805874,0.003946763463318348,1.4835496585874353e-05,4.172762146481546e-06,0.0005227476358413696,0.0025526650715619326,1.1985886096954346,0.4712737500667572,0.0035243092570453882,0.0008192387176677585
small_1_3,G15,1650,0.20315104722976685,4.922445774078369,0.2105179876089096,-3042.24755859375,-3042.25244140625,3000.921630859375,3018.69384765625,29.755863189697266,-35.28589630126953,3035.0,3035.0,99.50819672131148,0,0.0,0,0.0,0.9818034172058105,0.20951826870441437,0.9188172817230225,0.8060253858566284,0.034257810562849045,0.004654152784496546,0.0018837712705135345,1.388359578413656e-05,2.2170388547237962e-06,0.0001934587926371023,0.0005620144074782729,1.1335474252700806,0.36742880940437317,0.0033040286507457495,0.0008903511334210634
small_1_3,G15,1700,0.17413800954818726,5.742571830749512,0.16261200606822968,-3034.31884765625,-3034.32373046875,3006.72412109375,3024.3388671875,29.117389678955078,-22.52904510498047,3035.0,3035.0,99.50819672131148,0,0.0,0,0.0,0.981056809425354,0.17318908870220184,0.926345705986023,0.810302734375,0.03980468586087227,0.004812540486454964,0.012935942970216274,1.3771303201792762e-05,3.7045647331979126e-06,0.0007358327857218683,0.012514635920524597,1.2041014432907104,0.4757753312587738,0.0034332433715462685,0.0009609573753550649
small_1_3,G15,1750,0.14512503147125244,6.890610218048096,0.12727773189544678,-3029.216552734375,-3029.22119140625,3010.2685546875,3027.7958984375,29.108346939086914,-14.728266716003418,3035.0,3035.0,99.50819672131148,0,0.0,0,0.0,0.9795548915863037,0.14464692771434784,0.9305753707885742,0.9194628596305847,0.04340820387005806,0.004337022081017494,0.002773182699456811,1.2836525456805248e-05,3.501378841974656e-06,6.636843318119645e-05,0.0013561977539211512,1.1372390985488892,0.3878406882286072,0.003319451119750738,0.0008237464353442192
small_1_3,G15,1800,0.11611199378967285,8.612374305725098,0.10024542361497879,-3025.704345703125,-3025.708740234375,3012.552734375,3030.02734375,28.43010711669922,-9.854690551757812,3035.0,3035.0,99.50819672131148,0,0.0,0,0.0,0.9790136218070984,0.12288204580545425,0.9331632852554321,0.9317089915275574,0.04609375074505806,0.004108080640435219,0.0026257026474922895,1.1922466910618823e-05,3.876382834278047e-06,6.298717926256359e-05,0.0001324334880337119,1.1050684452056885,0.4076206088066101,0.0031561916694045067,0.0008396205957978964
small_1_3,G15,1850,0.08709895610809326,11.481193542480469,0.07504609227180481,-3022.817626953125,-3022.8212890625,3014.2509765625,3031.687744140625,27.400897979736328,-6.184050559997559,3035.0,3035.0,99.50819672131148,0,0.0,0,0.0,0.9791703820228577,0.10300420224666595,0.9351191520690918,0.93543940782547,0.047929685562849045,0.0038922035600990057,0.0026521733961999416,1.120904471463291e-05,3.931199898943305e-06,6.205721729202196e-05,0.00012007722398266196,1.0770667791366577,0.414470374584198,0.0030418005771934986,0.0008481605327688158
small_1_3,G15,1900,0.05808603763580322,17.21584129333496,0.050025176256895065,-3020.355224609375,-3020.35888671875,3015.49072265625,3032.906005859375,26.428207397460938,-3.3329734802246094,3035.0,3035.0,99.50819672131148,0,0.0,0,0.0,0.9794766306877136,0.08328239619731903,0.9366399645805359,0.9358690977096558,0.048896484076976776,0.003673301776871085,0.002765670185908675,1.057402459991863e-05,4.012234057881869e-06,5.6859942560549825e-05,0.00011733858264051378,1.0442171096801758,0.43203005194664,0.002948159584775567,0.0008631388773210347
small_1_3,G15,1950,0.029072999954223633,34.396175384521484,0.02501249499619007,-3018.298828125,-3018.3017578125,3016.288818359375,3033.689453125,25.609710693359375,-1.2685613632202148,3035.0,3035.0,99.50819672131148,0,0.0,0,0.0,0.9797622561454773,0.0633963793516159,0.9380635023117065,0.9362401962280273,0.04824218526482582,0.0034563408698886633,0.0028155427426099777,9.962948752217926e-06,3.942756848118734e-06,5.413355756900273e-05,0.00012335253995843232,1.0080400705337524,0.44537848234176636,0.002854785183444619,0.0008843481191433966
small_1_3,G15,2000,5.999999848427251e-05,16666.66796875,0.0,-3016.6572265625,-3016.66064453125,3016.6591796875,3034.05224609375,24.92820930480957,0.0,3035.0,3035.0,99.50819672131148,0,0.0,0,0.0,0.9800179600715637,0.04181724041700363,0.9462624192237854,0.9371289014816284,0.016445312649011612,0.0032171900384128094,0.0037032542750239372,9.336130460724235e-06,4.637267011275981e-06,5.164121466805227e-05,0.00020924510317854583,0.9622559547424316,1.9178357124328613,0.002749806270003319,0.002004420617595315
small_1_3,G16,1,1.159999966621399,0.8620690107345581,1.0,-2987.19384765625,-2987.43017578125,2336.0,2336.0,554.4752197265625,-8.239189147949219,2403.0,2403.0,78.73525557011796,0,0.0,0,0.0,0.010301335714757442,0.010298985987901688,0.0002130951324943453,0.0,1.0,0.024461595341563225,0.0002499092370271683,7.64424548833631e-05,6.232707505660073e-07,7.676953100599349e-05,3.2947723411780316e-06,9.59869384765625,9.20657730102539,0.02999591827392578,0.028646983206272125
small_1_3,G16,50,1.1315672397613525,0.8837300539016724,0.9754877686500549,-3002.61376953125,-3004.15185546875,2336.0,2336.0,553.359130859375,-41.988643646240234,2496.0,2529.0,82.86369593709043,0,0.0,0,0.0,0.05380469188094139,0.0538046769797802,3.734562051249668e-05,0.0,1.0,0.1123962253332138,9.958048030966893e-05,0.0003512380935717374,2.557628988597571e-07,0.0003525070787873119,1.3247814649730572e-06,13.446799278259277,0.35373470187187195,0.042021244764328,0.0009199781343340874
small_1_3,G16,100,1.102554202079773,0.9069848656654358,0.9504752159118652,-3172.3349609375,-3176.976318359375,2336.0673828125,2336.668701171875,490.42877197265625,-300.1845397949219,2788.0,2788.0,91.34993446920052,0,0.0,0,0.0,0.39483642578125,0.3947821855545044,0.003957377281039953,0.0,0.9986230134963989,0.2986200153827667,0.014613339677453041,0.0009331786422990263,2.1473533706739545e-05,0.0014862131793051958,0.002686853986233473,15.639274597167969,2.3775405883789062,0.048872727900743484,0.005711933132261038
small_1_3,G16,150,1.0735411643981934,0.9314966797828674,0.9254627227783203,-3335.81884765625,-3337.1337890625,2639.2822265625,2648.60791015625,278.2009582519531,-399.1911926269531,3004.0,3007.0,98.52555701179554,0,0.0,0,0.0,0.7738974094390869,0.5391778349876404,0.4883490204811096,0.0,0.035712890326976776,0.22333641350269318,0.11914266645908356,0.00039088449557311833,8.683646592544392e-05,0.007557419594377279,0.009587245061993599,7.385058403015137,2.283416271209717,0.019727425649762154,0.005166360177099705
small_1_3,G16,200,1.0445282459259033,0.9573699831962585,0.9004502296447754,-3340.552734375,-3340.669677734375,2723.81005859375,2734.325927734375,218.75511169433594,-388.36376953125,3014.0,3014.0,98.75491480996068,0,0.0,0,0.0,0.8337309956550598,0.5391243696212769,0.570084810256958,0.031093750149011612,0.030195312574505806,0.07007329165935516,0.012238048017024994,0.00011113550135632977,1.4268399354477879e-05,0.002620098413899541,0.001939480658620596,2.2164738178253174,0.6370327472686768,0.005458433646708727,0.0013842028565704823
small_1_3,G16,250,1.0155152082443237,0.984721839427948,0.8754377365112305,-3327.1044921875,-3327.142578125,2749.7607421875,2761.02490234375,202.09539794921875,-372.151123046875,3016.0,3016.0,98.82044560943643,0,0.0,0,0.0,0.8481916785240173,0.5313786268234253,0.5964410901069641,0.047724608331918716,0.028388671576976776,0.04062574729323387,0.004523914773017168,6.183303048601374e-05,7.155408638936933e-06,0.0015614706790074706,0.0011005960404872894,1.2374606132507324,0.5739697217941284,0.0029705180786550045,0.0010633171768859029
small_1_3,G16,300,0.9865021705627441,1.01368248462677,0.8504252433776855,-3312.29248046875,-3312.313232421875,2767.077880859375,2778.459228515625,191.91000366210938,-355.91583251953125,3016.0,3016.0,98.82044560943643,0,0.0,0,0.0,0.856937825679779,0.5231438875198364,0.6152637600898743,0.05762695148587227,0.026669921353459358,0.028491195291280746,0.004609966184943914,4.472179352887906e-05,6.913980541867204e-06,0.0010896961903199553,0.0014329701662063599,0.9659736752510071,0.5247876644134521,0.002337296027690172,0.000996336224488914
small_1_3,G16,350,0.9574891924858093,1.0443981885910034,0.8254126906394958,-3297.31298828125,-3297.32666015625,2781.63818359375,2793.16943359375,183.66595458984375,-339.83050537109375,3017.0,3017.0,98.85321100917432,0,0.0,0,0.0,0.8640064597129822,0.5146372318267822,0.6318057775497437,0.06527343392372131,0.024716796353459358,0.02186804637312889,0.003966886084526777,3.626174293458462e-05,6.805513748986414e-06,0.0008958852267824113,0.0009221038781106472,0.8357747793197632,0.5587220191955566,0.002092892536893487,0.0010478687472641468
small_1_3,G16,400,0.9284762144088745,1.077033519744873,0.8004001975059509,-3282.48486328125,-3282.4951171875,2795.048095703125,2806.681884765625,176.1355743408203,-323.90948486328125,3017.0,3017.0,98.85321100917432,0,0.0,0,0.0,0.8704633712768555,0.5058555006980896,0.6474277973175049,0.07441405951976776,0.02324218675494194,0.017785919830203056,0.0033364789560437202,3.140071567031555e-05,5.8671848819358274e-06,0.0006506117642857134,0.0007718633860349655,0.7799404859542847,0.4641157388687134,0.0020086937583982944,0.0009011233923956752
small_1_3,G16,450,0.8994631767272949,1.111774206161499,0.775387704372406,-3267.93408203125,-3267.943115234375,2807.8505859375,2819.50341796875,168.91146850585938,-308.162841796875,3017.0,3017.0,98.85321100917432,0,0.0,0,0.0,0.8766292333602905,0.4967883229255676,0.6625820994377136,0.08408202975988388,0.023037109524011612,0.01507599838078022,0.0037693253252655268,2.8210803066031076e-05,5.287247859087074e-06,0.0005403648247011006,0.0015597953461110592,0.7620379328727722,0.44913536310195923,0.0019880293402820826,0.000846808310598135
small_1_3,G16,500,0.8704501390457153,1.1488308906555176,0.7503751516342163,-3253.697265625,-3253.705078125,2820.2021484375,2831.840087890625,161.85702514648438,-292.6145935058594,3018.0,3018.0,98.88597640891219,0,0.0,0,0.0,0.8825958967208862,0.48744720220565796,0.6773322820663452,0.09416015446186066,0.022333983331918716,0.013155126944184303,0.0037345788441598415,2.6004774554166943e-05,5.986167707305867e-06,0.0005581596633419394,0.0009328948799520731,0.7553415298461914,0.5094336867332458,0.002001087414100766,0.0009376166271977127
small_1_3,G16,550,0.8414371609687805,1.1884428262710571,0.7253626585006714,-3239.806884765625,-3239.81396484375,2832.19482421875,2843.783203125,154.90480041503906,-277.2763671875,3019.0,3019.0,98.91874180865007,0,0.0,0,0.0,0.8884128928184509,0.4778237044811249,0.6917692422866821,0.10606445372104645,0.022099608555436134,0.011721705086529255,0.0029784757643938065,2.4349936211365275e-05,4.501492185227107e-06,0.0005392029415816069,0.0007063418161123991,0.754412055015564,0.44594335556030273,0.00203113816678524,0.0007717352127656341
small_1_3,G16,600,0.8124241828918457,1.230884075164795,0.7003501653671265,-3226.29150390625,-3226.298095703125,2843.890869140625,2855.373779296875,148.0197296142578,-262.1524658203125,3023.0,3023.0,99.04980340760157,0,0.0,0,0.0,0.894102156162262,0.46789535880088806,0.7058883309364319,0.11919921636581421,0.021611327305436134,0.010592833161354065,0.0038802498020231724,2.30679870583117e-05,5.312948360369774e-06,0.00033062370494008064,0.001145444344729185,0.7612730860710144,0.5147199630737305,0.00207601860165596,0.0009118614834733307
small_1_3,G16,650,0.7834111452102661,1.2764689922332764,0.6753376722335815,-3213.1513671875,-3213.15771484375,2855.271484375,2866.625,141.20594787597656,-247.26406860351562,3024.0,3024.0,99.08256880733946,0,0.0,0,0.0,0.8996577858924866,0.45766744017601013,0.7197402119636536,0.13323241472244263,0.02095703035593033,0.009813262149691582,0.003271578811109066,2.212179242633283e-05,4.7107491809583735e-06,0.00045752720325253904,0.0006261409725993872,0.7808212041854858,0.4377071261405945,0.002134552923962474,0.0008148623746819794
small_1_3,G16,700,0.7543981075286865,1.3255600929260254,0.6503251791000366,-3200.411865234375,-3200.41796875,2866.3740234375,2877.529541015625,134.44580078125,-232.61846923828125,3027.0,3027.0,99.18086500655308,0,0.0,0,0.0,0.905098557472229,0.44711965322494507,0.733307957649231,0.14833007752895355,0.02080078050494194,0.009332951158285141,0.00521545996889472,2.1420399207272567e-05,3.965149062423734e-06,0.0010262364521622658,0.004474604967981577,0.8132603168487549,0.47409766912460327,0.002205117139965296,0.0007632624474354088
small_1_3,G16,750,0.7253851294517517,1.3785780668258667,0.6253126859664917,-3188.06982421875,-3188.075439453125,2877.1572265625,2888.0986328125,127.75502014160156,-218.24676513671875,3027.0,3027.0,99.18086500655308,0,0.0,0,0.0,0.9104061722755432,0.4362752437591553,0.7465571165084839,0.1672070324420929,0.020888671278953552,0.008620212785899639,0.0037393695674836636,2.0680845409515314e-05,4.752166660182411e-06,0.0007947381818667054,0.002169302897527814,0.8186440467834473,0.4690699279308319,0.0022673122584819794,0.00084651168435812
small_1_3,G16,800,0.6963721513748169,1.4360138177871704,0.600300133228302,-3176.1318359375,-3176.1376953125,2887.635009765625,2898.322265625,121.14280700683594,-204.1424102783203,3028.0,3028.0,99.21363040629096,0,0.0,0,0.0,0.9155775308609009,0.42508405447006226,0.7595266699790955,0.18650390207767487,0.021230468526482582,0.008192108944058418,0.00267644040286541,2.014323945331853e-05,3.3715077734086663e-06,0.0005908231833018363,0.0007407655939459801,0.8461000919342041,0.41169917583465576,0.0023429717402905226,0.0007058976334519684
small_1_3,G16,850,0.6673591136932373,1.498443603515625,0.5752876400947571,-3164.611572265625,-3164.617431640625,2897.78271484375,2908.498046875,114.60829162597656,-190.34963989257812,3029.0,3029.0,99.24639580602883,0,0.0,0,0.0,0.920619785785675,0.41359663009643555,0.7721989750862122,0.2088671773672104,0.021376952528953552,0.007688192650675774,0.0023292815312743187,1.9581775632104836e-05,3.2228608688456006e-06,0.00018679039203561842,0.000259551452472806,0.8555619716644287,0.3748248815536499,0.002410078886896372,0.0006932089454494417
small_1_3,G16,900,0.6383461356163025,1.566548228263855,0.5502750873565674,-3153.5185546875,-3153.5244140625,2907.611572265625,2918.486083984375,108.18047332763672,-176.85630798339844,3029.0,3029.0,99.24639580602883,0,0.0,0,0.0,0.9255132675170898,0.4017452001571655,0.7846397161483765,0.23784178495407104,0.021513670682907104,0.007510141469538212,0.0035543302074074745,1.9246383089921437e-05,5.211091774981469e-06,0.00047876505414023995,0.00098320166580379,0.9130105972290039,0.5244622230529785,0.0025022393092513084,0.0009313563932664692
small_1_3,G16,950,0.6093330979347229,1.6411384344100952,0.5252625942230225,-3142.83837890625,-3142.84375,2917.025390625,2928.05859375,101.89892578125,-163.728271484375,3029.0,3029.0,99.24639580602883,0,0.0,0,0.0,0.9302140474319458,0.38963431119918823,0.7965595126152039,0.2769726514816284,0.022001951932907104,0.007065709680318832,0.0023502924013882875,1.87238329090178e-05,3.300893013147288e-06,0.00017116904200520366,0.00011783360969275236,0.8999909162521362,0.3705448806285858,0.002557470230385661,0.0006989174871705472
small_1_3,G16,1000,0.5803201198577881,1.7231868505477905,0.5002501010894775,-3132.5751953125,-3132.5810546875,2926.030517578125,2937.20703125,95.80357360839844,-150.95352172851562,3029.0,3029.0,99.24639580602883,0,0.0,0,0.0,0.9346981644630432,0.3771951198577881,0.808028519153595,0.3167187571525574,0.02231445349752903,0.006834947504103184,0.002587219001725316,1.8363345589023083e-05,3.6283261124481214e-06,0.00035652797669172287,0.00047521176747977734,0.9250525832176208,0.4561833143234253,0.002631924580782652,0.0007507513510063291
small_1_3,G16,1050,0.5513070821762085,1.813871145248413,0.4752376079559326,-3122.7431640625,-3122.74951171875,2934.67529296875,2945.909912109375,89.85806274414062,-138.53469848632812,3029.0,3029.0,99.24639580602883,0,0.0,0,0.0,0.9390055537223816,0.36438268423080444,0.8191209435462952,0.35096678137779236,0.023261718451976776,0.006696915253996849,0.0027474607340991497,1.8078513676300645e-05,3.6094074857828673e-06,0.00047564951819367707,0.0011765689123421907,0.95943284034729,0.510585606098175,0.0027170884422957897,0.0007612055633217096
small_1_3,G16,1100,0.5222941040992737,1.9146300554275513,0.4502251148223877,-3113.3447265625,-3113.35107421875,2942.922119140625,2954.17431640625,84.09024047851562,-126.50921630859375,3029.0,3029.0,99.24639580602883,0,0.0,0,0.0,0.9431139230728149,0.3512387275695801,0.8297888040542603,0.3809863328933716,0.023994140326976776,0.00652735959738493,0.004006772767752409,1.7734471839503385e-05,4.073753643751843e-06,0.0005285485531203449,0.0027809888124465942,0.9778501987457275,0.5266404151916504,0.002787042176350951,0.000821732624899596
small_1_3,G16,1150,0.4932810664176941,2.0272417068481445,0.425212562084198,-3104.38134765625,-3104.38720703125,2950.77392578125,2961.996337890625,78.52350616455078,-114.87934875488281,3029.0,3029.0,99.24639580602883,0,0.0,0,0.0,0.9470111131668091,0.33771151304244995,0.8400048613548279,0.4223339855670929,0.025615233927965164,0.0062684789299964905,0.002952839247882366,1.7366888641845435e-05,4.3802783693536185e-06,0.00021390814799815416,0.0005874730995856225,1.0066696405410767,0.4785268306732178,0.0028573668096214533,0.0008415136253461242
small_1_3,G16,1200,0.4642680883407593,2.15392804145813,0.4002000689506531,-3095.84619140625,-3095.851806640625,2958.16259765625,2969.37744140625,73.20281982421875,-103.70345306396484,3029.0,3029.0,99.24639580602883,0,0.0,0,0.0,0.9506757855415344,0.32391127943992615,0.8498501181602478,0.48070311546325684,0.026621093973517418,0.006153113674372435,0.0024192417040467262,1.6983847672236152e-05,3.2581951927568298e-06,0.0005571405054070055,0.0005499996477738023,1.0266218185424805,0.43163466453552246,0.0029124522116035223,0.0007000810001045465
small_1_3,G16,1250,0.4352550506591797,2.2975034713745117,0.37518757581710815,-3087.72998046875,-3087.735595703125,2965.067138671875,2976.3271484375,68.17989349365234,-92.99266815185547,3029.0,3029.0,99.24639580602883,0,0.0,0,0.0,0.95407634973526,0.30982059240341187,0.8591628074645996,0.5211425423622131,0.02788085862994194,0.005827640648931265,0.0024297148920595646,1.6559451978537254e-05,3.901385753124487e-06,0.0002654949785210192,0.0001424590591341257,1.02718186378479,0.37874674797058105,0.0029596781823784113,0.0007593466434627771
small_1_3,G16,1300,0.4062420725822449,2.4615864753723145,0.35017526149749756,-3080.04541015625,-3080.05126953125,2971.546875,2982.840576171875,63.41254425048828,-82.74329376220703,3029.0,3029.0,99.24639580602883,0,0.0,0,0.0,0.9572680592536926,0.2953638732433319,0.8680843710899353,0.5433398485183716,0.029999999329447746,0.005694615188986063,0.0036387580912560225,1.6216581570915878e-05,3.2455939162900904e-06,0.0003673492756206542,0.002661067759618163,1.0514516830444336,0.42461347579956055,0.0030166239012032747,0.0006800963310524821
small_1_3,G16,1350,0.3772290349006653,2.650909423828125,0.3251709043979645,-3072.7958984375,-3072.8017578125,2977.6171875,2988.93408203125,58.87685012817383,-72.97444915771484,3029.0,3029.0,99.24639580602883,0,0.0,0,0.0,0.96027672290802,0.280523419380188,0.8765475153923035,0.559814453125,0.031767576932907104,0.005593526177108288,0.0029043350368738174,1.586724101798609e-05,4.266138148523169e-06,0.00047617655945941806,0.0007902128854766488,1.0844571590423584,0.4525432288646698,0.003070827340707183,0.0008247357327491045
small_1_3,G16,1400,0.34821605682373047,2.8717801570892334,0.3003411889076233,-3066.00146484375,-3066.0068359375,2983.201416015625,2994.57373046875,54.62282180786133,-63.78462219238281,3029.0,3029.0,99.24639580602883,0,0.0,0,0.0,0.9630404710769653,0.2654673457145691,0.8843392729759216,0.5937206745147705,0.03418945148587227,0.005337203852832317,0.002398040844127536,1.543348298582714e-05,3.36956804858346e-06,0.00014877210196573287,0.00038568314630538225,1.0762308835983276,0.3604891896247864,0.003101514419540763,0.0007022717618383467
small_1_3,G16,1450,0.3192030191421509,3.1328024864196777,0.277316153049469,-3059.97998046875,-3059.985595703125,2988.07373046875,2999.49462890625,50.585914611816406,-55.76471710205078,3029.0,3029.0,99.24639580602883,0,0.0,0,0.0,0.9656519889831543,0.2513589560985565,0.8911985754966736,0.71913081407547,0.03622070327401161,0.005415294785052538,0.002561383880674839,1.5220784916891716e-05,3.4684333058976335e-06,0.0006670636939816177,0.0005583515157923102,1.1105576753616333,0.3579798936843872,0.0031637330539524555,0.0006740245153196156
small_1_3,G16,1500,0.29019004106521606,3.4460177421569824,0.2625235319137573,-3055.916015625,-3055.921630859375,2991.394775390625,3002.84716796875,46.30848693847656,-51.088531494140625,3029.0,3029.0,99.24639580602883,0,0.0,0,0.0,0.9686934947967529,0.24325692653656006,0.8959895372390747,0.7750293016433716,0.037626951932907104,0.005207233130931854,0.0029697567224502563,1.5470232028746977e-05,4.753576376970159e-06,0.0005062030395492911,0.0005232233670540154,1.122685432434082,0.4665423631668091,0.0033327119890600443,0.0007922432851046324
small_1_3,G16,1550,0.26117706298828125,3.82882022857666,0.26034680008888245,-3054.544921875,-3054.5517578125,2992.82568359375,3004.23388671875,40.98118591308594,-51.02254867553711,3029.0,3029.0,99.24639580602883,0,0.0,0,0.0,0.9731216430664062,0.24497395753860474,0.8983359932899475,0.7957714796066284,0.03788086026906967,0.005395231768488884,0.0042389994487166405,1.5905046893749386e-05,4.884096597379539e-06,0.0006896764389239252,0.0018908920465037227,1.2292367219924927,0.5715372562408447,0.0035987491719424725,0.0008127541514113545
small_1_3,G16,1600,0.23216402530670166,4.307299613952637,0.25009971857070923,-3051.779541015625,-3051.78564453125,2995.30908203125,3006.65625,35.39870834350586,-48.258113861083984,3029.0,3029.0,99.24639580602883,0,0.0,0,0.0,0.9777795076370239,0.24119435250759125,0.9020974636077881,0.8011034727096558,0.03817382827401161,0.00495524425059557,0.004850487224757671,1.4728710084455088e-05,4.9775312618294265e-06,0.00020205833425279707,0.0025898953899741173,1.2068034410476685,0.5546232461929321,0.0035171457566320896,0.0009328860323876143
small_1_3,G16,1650,0.20315104722976685,4.922445774078369,0.2105179876089096,-3043.85888671875,-3043.864013671875,3001.16552734375,3012.529296875,32.210044860839844,-36.15473556518555,3029.0,3029.0,99.24639580602883,0,0.0,0,0.0,0.9797958731651306,0.2146853655576706,0.909990668296814,0.8028417825698853,0.041093748062849045,0.004688849672675133,0.010077090002596378,1.3786077943223063e-05,2.0891809526801808e-06,0.0005449886666610837,0.008906587958335876,1.140335202217102,0.42272210121154785,0.0032777790911495686,0.0008654588018544018
small_1_3,G16,1700,0.17413800954818726,5.742571830749512,0.16261200606822968,-3035.611328125,-3035.6162109375,3006.80908203125,3018.2333984375,31.896854400634766,-23.25284194946289,3029.0,3029.0,99.24639580602883,0,0.0,0,0.0,0.9787099957466125,0.17874480783939362,0.9171205163002014,0.8065624833106995,0.04618163779377937,0.004572315141558647,0.0026315622963011265,1.3706017853110097e-05,3.3656094728939934e-06,6.487154314527288e-05,0.0003362916177138686,1.1630338430404663,0.4190301299095154,0.003427434479817748,0.0009361354750581086
small_1_3,G16,1750,0.14512503147125244,6.890610218048096,0.12727773189544678,-3030.2568359375,-3030.261474609375,3010.27685546875,3021.730224609375,32.24874496459961,-15.304327011108398,3029.0,3029.0,99.24639580602883,0,0.0,0,0.0,0.97678542137146,0.15030445158481598,0.9210382103919983,0.9031835794448853,0.050712890923023224,0.00431131711229682,0.0024523092433810234,1.2751000213029329e-05,3.5584112083597574e-06,5.626781057799235e-05,0.00014710857067257166,1.136157512664795,0.3926429748535156,0.003309748601168394,0.0008281946647912264
small_1_3,G16,1800,0.11611199378967285,8.612374305725098,0.10024542361497879,-3026.524658203125,-3026.52880859375,3012.517822265625,3023.98388671875,31.750080108642578,-10.32444953918457,3029.0,3029.0,99.24639580602883,0,0.0,0,0.0,0.9760238528251648,0.12873965501785278,0.9234064221382141,0.9199023246765137,0.0534374974668026,0.0040709530003368855,0.0025457197334617376,1.1773430742323399e-05,3.7506029002543073e-06,5.7036719226744026e-05,0.00011249590897932649,1.0992085933685303,0.39939233660697937,0.003124331124126911,0.0008214858244173229
small_1_3,G16,1850,0.08709895610809326,11.481193542480469,0.07504609227180481,-3023.415771484375,-3023.41943359375,3014.181640625,3025.66162109375,30.790809631347656,-6.556153297424316,3029.0,3029.0,99.24639580602883,0,0.0,0,0.0,0.9761065244674683,0.10920210927724838,0.9252198338508606,0.9241992235183716,0.05571288987994194,0.0038466332480311394,0.0026698398869484663,1.1037133845093194e-05,3.97974690713454e-06,6.17910991422832e-05,0.00010819162707775831,1.0672584772109985,0.4132022559642792,0.0029989080503582954,0.0008444203995168209
small_1_3,G16,1900,0.05808603763580322,17.21584129333496,0.050025176256895065,-3020.72314453125,-3020.7265625,3015.396484375,3026.891357421875,29.84952163696289,-3.596240997314453,3029.0,3029.0,99.24639580602883,0,0.0,0,0.0,0.9763898253440857,0.08986078202724457,0.9266668558120728,0.924609363079071,0.05638671666383743,0.003626508405432105,0.002744317054748535,1.0401694453321397e-05,4.009563326690113e-06,4.870341217610985e-05,0.00011065715807490051,1.032924771308899,0.42796874046325684,0.0029023848474025726,0.0008524678414687514
small_1_3,G16,1950,0.029072999954223633,34.396175384521484,0.02501249499619007,-3018.427734375,-3018.43115234375,3016.178955078125,3027.68505859375,29.047935485839844,-1.407477617263794,3029.0,3029.0,99.24639580602883,0,0.0,0,0.0,0.9766683578491211,0.07033872604370117,0.9281184077262878,0.92469722032547,0.05589843541383743,0.0034110990818589926,0.002827130723744631,9.79695232672384e-06,3.999763976025861e-06,4.6454737457679585e-05,0.00015328580047935247,0.9966818690299988,0.44954296946525574,0.0028090684209018946,0.0008887322619557381
small_1_3,G16,2000,5.999999848427251e-05,16666.66796875,0.0,-3016.54248046875,-3016.5458984375,3016.54443359375,3028.05224609375,28.37711524963379,0.0,3029.0,3029.0,99.24639580602883,0,0.0,0,0.0,0.976922869682312,0.04858678579330444,0.9375060796737671,0.9269726276397705,0.021718749776482582,0.003168053226545453,0.0037823079619556665,9.172163117909804e-06,4.8111905925907195e-06,4.4493488530861214e-05,0.0002221756731159985,0.9497911334037781,2.0986995697021484,0.002703861566260457,0.0022009536623954773
small_1_3,G17,1,1.159999966621399,0.8620690107345581,1.0,-2984.69384765625,-2984.9306640625,2333.5,2333.5,554.4752197265625,-8.239282608032227,2401.0,2401.0,78.79881851000985,0,0.0,0,0.0,0.010301446542143822,0.01029910333454609,0.0002127807674696669,0.0,1.0,0.024461844936013222,0.00025055481819435954,7.644323341082782e-05,6.253753781493288e-07,7.674613880226389e-05,3.496669478408876e-06,9.59869384765625,9.20576000213623,0.02999591827392578,0.028644299134612083
small_1_3,G17,50,1.1315672397613525,0.8837300539016724,0.9754877686500549,-3000.114013671875,-3001.65234375,2333.5,2333.5,553.359130859375,-41.98906707763672,2512.0,2512.0,82.44174597965211,0,0.0,0,0.0,0.053805235773324966,0.053805217146873474,3.7383430026238784e-05,0.0,1.0,0.1123972237110138,9.94619113043882e-05,0.00035124123678542674,2.5540276737956447e-07,0.0003524739877320826,1.2479886208893731e-06,13.446795463562012,0.35205599665641785,0.042021237313747406,0.0009155644220300019
small_1_3,G17,100,1.102554202079773,0.9069848656654358,0.9504752159118652,-3169.83056640625,-3174.4658203125,2333.54150390625,2333.970947265625,490.4281921386719,-300.20025634765625,2735.0,2735.0,89.76042008532983,0,0.0,0,0.0,0.3948381841182709,0.39480283856391907,0.003135693958029151,0.0,0.9993456602096558,0.2985880970954895,0.013231118209660053,0.0009330807370133698,2.214931373600848e-05,0.0015528448857367039,0.0026542728301137686,15.639063835144043,2.133059501647949,0.04887206852436066,0.005229698494076729
small_1_3,G17,150,1.0735411643981934,0.9314966797828674,0.9254627227783203,-3329.02685546875,-3330.3701171875,2631.77685546875,2646.997314453125,278.78466796875,-399.30657958984375,3000.0,3000.0,98.45749917952084,0,0.0,0,0.0,0.7732083201408386,0.539333701133728,0.48621925711631775,0.0,0.036650389432907104,0.21727891266345978,0.1346610188484192,0.00039036653470247984,9.660263458499685e-05,0.008189735934138298,0.008364886976778507,7.500467300415039,2.314657211303711,0.019937627017498016,0.00522597786039114
small_1_3,G17,200,1.0445282459259033,0.9573699831962585,0.9004502296447754,-3334.0322265625,-3334.149169921875,2717.34326171875,2732.079833984375,218.77655029296875,-388.2874450683594,3004.0,3005.0,98.6215950114867,0,0.0,0,0.0,0.8334643840789795,0.539018452167511,0.5685607194900513,0.028154296800494194,0.030537107959389687,0.06717139482498169,0.013752847909927368,0.00010963730164803565,1.3783056601823773e-05,0.0027818738017231226,0.005445050075650215,2.2482943534851074,0.6529960036277771,0.005508664529770613,0.0013328298227861524
small_1_3,G17,250,1.0155152082443237,0.984721839427948,0.8754377365112305,-3320.546630859375,-3320.58447265625,2743.097412109375,2757.789306640625,202.20155334472656,-372.1483459472656,3007.0,3007.0,98.68723334427305,0,0.0,0,0.0,0.8477821350097656,0.5313746333122253,0.5945394039154053,0.04326171800494194,0.029082030057907104,0.03877006471157074,0.004972674418240786,6.0626305639743805e-05,6.036376362317242e-06,0.00162600539624691,0.003094057086855173,1.2499797344207764,0.5080158114433289,0.002977148862555623,0.0009471530211158097
small_1_3,G17,300,0.9865021705627441,1.01368248462677,0.8504252433776855,-3305.663818359375,-3305.68408203125,2760.02587890625,2775.521484375,192.2117156982422,-356.0406494140625,3013.0,3013.0,98.8841483426321,0,0.0,0,0.0,0.8563066720962524,0.5233273506164551,0.6128522157669067,0.054023437201976776,0.027812499552965164,0.027165934443473816,0.004449207801371813,4.364508640719578e-05,7.615086815349059e-06,0.001140468055382371,0.0015138215385377407,0.9610874652862549,0.5377135872840881,0.0023176001850515604,0.0010621201945468783
small_1_3,G17,350,0.9574891924858093,1.0443981885910034,0.8254126906394958,-3290.633056640625,-3290.646484375,2774.2685546875,2790.04296875,184.14913940429688,-340.05712890625,3013.0,3013.0,98.8841483426321,0,0.0,0,0.0,0.8631965517997742,0.5149804353713989,0.6290643811225891,0.06458984315395355,0.02602539025247097,0.020926080644130707,0.0040111662819981575,3.5414472222328186e-05,6.343154836940812e-06,0.0008613509126007557,0.0019176434725522995,0.8297409415245056,0.5407212376594543,0.0020701116882264614,0.000970615481492132
small_1_3,G17,400,0.9284762144088745,1.077033519744873,0.8004001975059509,-3275.77783203125,-3275.7880859375,2787.45947265625,2803.02734375,176.7645263671875,-324.20733642578125,3017.0,3017.0,99.01542500820479,0,0.0,0,0.0,0.8695270419120789,0.5063207149505615,0.6445544362068176,0.07569335401058197,0.025068359449505806,0.017108578234910965,0.003407638520002365,3.0769941076869145e-05,5.495809091371484e-06,0.0007886543753556907,0.0011252474505454302,0.7850513458251953,0.4989641010761261,0.0019945455715060234,0.0008950081537477672
small_1_3,G17,450,0.8994631767272949,1.111774206161499,0.775387704372406,-3261.18310546875,-3261.19140625,2800.0244140625,2815.375244140625,169.67637634277344,-308.54931640625,3017.0,3017.0,99.01542500820479,0,0.0,0,0.0,0.875588595867157,0.4974113404750824,0.6595854163169861,0.08708984404802322,0.023564452305436134,0.014411712065339088,0.003325090743601322,2.758654227363877e-05,5.7538381952326745e-06,0.0005596547271125019,0.0005770986899733543,0.7520738244056702,0.47724711894989014,0.0019681728444993496,0.0009249814902432263
small_1_3,G17,500,0.8704501390457153,1.1488308906555176,0.7503751516342163,-3246.891357421875,-3246.898681640625,2812.1748046875,2827.344970703125,162.75341796875,-293.0552062988281,3018.0,3018.0,99.04824417459797,0,0.0,0,0.0,0.8814679384231567,0.48818114399909973,0.6743197441101074,0.09758789092302322,0.022968748584389687,0.012593558058142662,0.0038034734316170216,2.5477389499428682e-05,6.08731534157414e-06,0.00047051251749508083,0.0002433656482025981,0.7403512001037598,0.556421160697937,0.001980871194973588,0.000983746605925262
small_1_3,G17,550,0.8414371609687805,1.1884428262710571,0.7253626585006714,-3232.954345703125,-3232.96142578125,2824.0712890625,2839.87939453125,155.8722381591797,-277.7334289550781,3019.0,3019.0,99.08106334099114,0,0.0,0,0.0,0.8872649669647217,0.4786112904548645,0.6889089941978455,0.10928710550069809,0.021962890401482582,0.01129344291985035,0.004026768263429403,2.39744404098019e-05,5.879134278075071e-06,0.00040180713403970003,0.0014425803674384952,0.7488860487937927,0.5933446288108826,0.0020215644035488367,0.000992622459307313
small_1_3,G17,600,0.8124241828918457,1.230884075164795,0.7003501653671265,-3219.392578125,-3219.3994140625,2835.72607421875,2851.873779296875,149.01309204101562,-262.611083984375,3021.0,3021.0,99.14670167377749,0,0.0,0,0.0,0.8929879665374756,0.46871381998062134,0.7033485174179077,0.1232324168086052,0.020742187276482582,0.010367337614297867,0.003262253711000085,2.2852265828987584e-05,4.689542038249783e-06,0.0004523381358012557,0.0012964108027517796,0.7697882056236267,0.4756591320037842,0.0020783899817615747,0.0008412457536906004
small_1_3,G17,650,0.7834111452102661,1.2764689922332764,0.6753376722335815,-3206.23046875,-3206.23681640625,2847.1474609375,2863.3056640625,142.17123413085938,-247.71090698242188,3022.0,3022.0,99.17952084017065,0,0.0,0,0.0,0.8986318111419678,0.45849451422691345,0.7175526022911072,0.13889648020267487,0.020341796800494194,0.00952798593789339,0.004514329135417938,2.189848237321712e-05,4.179358256806154e-06,0.000598542857915163,0.003617623820900917,0.7904896140098572,0.398880273103714,0.002141379751265049,0.0007705530151724815
small_1_3,G17,700,0.7543981075286865,1.3255600929260254,0.6503251791000366,-3193.44189453125,-3193.44775390625,2858.27490234375,2874.466552734375,135.3781280517578,-233.04412841796875,3023.0,3023.0,99.21234000656384,0,0.0,0,0.0,0.9041626453399658,0.4479376971721649,0.7315359115600586,0.15563476085662842,0.01948242075741291,0.00891596544533968,0.003525126725435257,2.1161031327210367e-05,4.931617695547175e-06,0.000401349418098107,0.0008886505383998156,0.806363582611084,0.534428596496582,0.00220597255975008,0.000924518855754286
small_1_3,G17,750,0.7253851294517517,1.3785780668258667,0.6253126859664917,-3181.06689453125,-3181.07421875,2869.12744140625,2885.28955078125,128.62957763671875,-218.64076232910156,3023.0,3023.0,99.21234000656384,0,0.0,0,0.0,0.9095844030380249,0.4370628595352173,0.7452685236930847,0.17460937798023224,0.019062500447034836,0.008685475215315819,0.005713603924959898,2.0638699425035156e-05,3.673339278975618e-06,0.0008449984597973526,0.0030406033620238304,0.8325074911117554,0.581457257270813,0.002278258092701435,0.0007740588043816388
small_1_3,G17,800,0.6963721513748169,1.4360138177871704,0.600300133228302,-3169.119140625,-3169.125244140625,2879.71826171875,2895.71484375,121.92422485351562,-204.50259399414062,3023.0,3023.0,99.21234000656384,0,0.0,0,0.0,0.9148930311203003,0.4258340299129486,0.7586531639099121,0.19358398020267487,0.018984373658895493,0.008126582950353622,0.0034829825162887573,2.0053073967574164e-05,3.932056642952375e-06,0.0009396268869750202,0.0016471990384161472,0.8552854657173157,0.4930635094642639,0.0023541785776615143,0.0007732138619758189
small_1_3,G17,850,0.6673591136932373,1.498443603515625,0.5752876400947571,-3157.56640625,-3157.57177734375,2889.967529296875,2905.792236328125,115.30180358886719,-190.65676879882812,3025.0,3025.0,99.27797833935018,0,0.0,0,0.0,0.920063316822052,0.4142640233039856,0.7717642188072205,0.21637694537639618,0.01870117150247097,0.0076068611815571785,0.002422476653009653,1.9521417925716378e-05,3.4748688904073788e-06,0.00031523406505584717,0.00020465836860239506,0.8701993823051453,0.3989919126033783,0.002425486920401454,0.0007382991025224328
small_1_3,G17,900,0.6383461356163025,1.566548228263855,0.5502750873565674,-3146.43603515625,-3146.4423828125,2899.900390625,2915.89892578125,108.75642395019531,-177.11778259277344,3029.0,3029.0,99.40925500492287,0,0.0,0,0.0,0.9251088500022888,0.4023391604423523,0.7845568656921387,0.2459765523672104,0.019033202901482582,0.007417357061058283,0.004281965084373951,1.9138229617965408e-05,3.378158453415381e-06,0.0008204890182241797,0.0032297142315655947,0.9058806300163269,0.43805304169654846,0.002505436772480607,0.0007053662557154894
small_1_3,G17,950,0.6093330979347229,1.6411384344100952,0.5252625942230225,-3135.72998046875,-3135.735595703125,2909.47705078125,2926.825927734375,102.31564331054688,-163.9141845703125,3030.0,3030.0,99.44207417131605,0,0.0,0,0.0,0.9299986958503723,0.39007675647735596,0.7970118522644043,0.280029296875,0.01933593675494194,0.006979626603424549,0.002641207305714488,1.8700182408792898e-05,3.8481839510495774e-06,0.00025332398945465684,0.0002722586505115032,0.9053831100463867,0.43176349997520447,0.002575715770944953,0.000783085823059082
small_1_3,G17,1000,0.5803201198577881,1.7231868505477905,0.5002501010894775,-3125.45263671875,-3125.4580078125,2918.68310546875,2936.3662109375,96.00592803955078,-151.06105041503906,3030.0,3030.0,99.44207417131605,0,0.0,0,0.0,0.9347180128097534,0.37746381759643555,0.8090484142303467,0.3153125047683716,0.020078124478459358,0.006743335165083408,0.0024844035506248474,1.834334216255229e-05,3.6101923797104973e-06,0.00021878846746403724,0.00010417494922876358,0.9275913238525391,0.40707772970199585,0.0026517598889768124,0.0007516027544625103
small_1_3,G17,1050,0.5513070821762085,1.813871145248413,0.4752376079559326,-3115.611328125,-3115.616943359375,2927.493896484375,2945.36279296875,89.85136413574219,-138.58734130859375,3030.0,3030.0,99.44207417131605,0,0.0,0,0.0,0.9392457604408264,0.36452120542526245,0.820635974407196,0.3468261659145355,0.0208593737334013,0.006515772081911564,0.0023763240315020084,1.7978629330173135e-05,3.5717848732019775e-06,0.0002278620086144656,9.240629151463509e-05,0.9525632262229919,0.3922154903411865,0.0027258419431746006,0.0007538415375165641
small_1_3,G17,1100,0.5222941040992737,1.9146300554275513,0.4502251148223877,-3106.207275390625,-3106.212890625,2935.876953125,2953.893310546875,83.90802001953125,-126.5113296508789,3030.0,3030.0,99.44207417131605,0,0.0,0,0.0,0.9435340762138367,0.35124465823173523,0.83167964220047,0.3748535215854645,0.0215917956084013,0.006364299450069666,0.002219929825514555,1.7654017938184552e-05,3.3071321468014503e-06,0.0003811484493780881,0.00027236214373260736,0.9767948985099792,0.44394442439079285,0.002797759138047695,0.0007061025244183838
small_1_3,G17,1150,0.4932810664176941,2.0272417068481445,0.425212562084198,-3097.25048828125,-3097.25634765625,2943.8447265625,2961.94091796875,78.18113708496094,-114.84635925292969,3030.0,3030.0,99.44207417131605,0,0.0,0,0.0,0.9475849866867065,0.3376145362854004,0.8422028422355652,0.41664060950279236,0.0230566393584013,0.00624380586668849,0.0026699984446167946,1.7329834008705802e-05,3.5680673136084806e-06,0.0005360562354326248,0.0009923141915351152,1.0170570611953735,0.4021947383880615,0.0028716849628835917,0.0007463761139661074
small_1_3,G17,1200,0.4642680883407593,2.15392804145813,0.4002000689506531,-3088.7236328125,-3088.7294921875,2951.33203125,2969.53369140625,72.72607421875,-103.63306427001953,3030.0,3030.0,99.44207417131605,0,0.0,0,0.0,0.9513651728630066,0.32369139790534973,0.8521536588668823,0.47749999165534973,0.02456054650247097,0.0059734671376645565,0.0023000435903668404,1.693271224212367e-05,3.4881277315435e-06,0.00025741159333847463,0.00015982831246219575,1.0147778987884521,0.38270536065101624,0.002924575237557292,0.0007253175717778504
small_1_3,G17,1250,0.4352550506591797,2.2975034713745117,0.37518757581710815,-3080.628173828125,-3080.6337890625,2958.35791015625,2976.665283203125,67.54983520507812,-92.87435913085938,3030.0,3030.0,99.44207417131605,0,0.0,0,0.0,0.9548870921134949,0.3094264268875122,0.8616151213645935,0.5163378715515137,0.026308592408895493,0.005815511103719473,0.0025988740380853415,1.657677785260603e-05,3.845410901703872e-06,0.0003807139000855386,9.355111978948116e-05,1.0313844680786133,0.45634233951568604,0.002980658318847418,0.0007918782066553831
small_1_3,G17,1300,0.4062420725822449,2.4615864753723145,0.35017526149749756,-3072.97265625,-3072.978515625,2964.96240234375,2983.337158203125,62.624671936035156,-82.57539367675781,3030.0,3030.0,99.44207417131605,0,0.0,0,0.0,0.9581887722015381,0.29476451873779297,0.87064129114151,0.5406933426856995,0.028115233406424522,0.005760697647929192,0.002503073075786233,1.625617551326286e-05,3.667078090074938e-06,0.0006459534633904696,0.0003747835289686918,1.065766453742981,0.4592460095882416,0.003042249009013176,0.0007657192763872445
small_1_3,G17,1350,0.3772290349006653,2.650909423828125,0.3251709043979645,-3065.750732421875,-3065.756103515625,2971.100830078125,2989.56201171875,57.98318862915039,-72.78231811523438,3030.0,3030.0,99.44207417131605,0,0.0,0,0.0,0.9612407684326172,0.2797848582267761,0.8790825605392456,0.5583593845367432,0.029238279908895493,0.005616852547973394,0.0023835853207856417,1.5868792615947314e-05,3.5829998523695394e-06,0.0005954520311206579,0.0004143886035308242,1.0740960836410522,0.4347277879714966,0.0030860297847539186,0.0007343413308262825
small_1_3,G17,1400,0.34821605682373047,2.8717801570892334,0.3003411889076233,-3059.006591796875,-3059.01220703125,2976.77880859375,2995.281494140625,53.62376022338867,-63.56069564819336,3030.0,3030.0,99.44207417131605,0,0.0,0,0.0,0.9640490412712097,0.2645353674888611,0.8869114518165588,0.5940331816673279,0.031083984300494194,0.005392514634877443,0.0029147621244192123,1.5476643966394477e-05,3.1865308756096056e-06,0.0005356119945645332,0.001685982570052147,1.0994904041290283,0.36772480607032776,0.0031295802909880877,0.0006786452722735703
small_1_3,G17,1450,0.3192030191421509,3.1328024864196777,0.277316153049469,-3053.0380859375,-3053.04345703125,2981.708740234375,3000.279296875,49.51184844970703,-55.53044509887695,3030.0,3030.0,99.44207417131605,0,0.0,0,0.0,0.9666735529899597,0.2503029704093933,0.8937399387359619,0.7113280892372131,0.033525388687849045,0.005258135963231325,0.00259528961032629,1.5218203770928085e-05,3.92609808841371e-06,0.0006359611288644373,0.000331111834384501,1.1008975505828857,0.45192471146583557,0.003184279426932335,0.0007438142201863229
small_1_3,G17,1500,0.29019004106521606,3.4460177421569824,0.2625235319137573,-3049.02001953125,-3049.025390625,2985.0693359375,3003.675048828125,45.213294982910156,-50.835731506347656,3030.0,3030.0,99.44207417131605,0,0.0,0,0.0,0.9696803092956543,0.24205319583415985,0.898539125919342,0.7708984017372131,0.03543945401906967,0.005197238177061081,0.0027264440432190895,1.5468378478544764e-05,4.246195658197394e-06,0.0005545063177123666,0.00038428790867328644,1.1358134746551514,0.40791934728622437,0.003353230655193329,0.0007268701447173953
small_1_3,G17,1550,0.26117706298828125,3.82882022857666,0.26034680008888245,-3047.65087890625,-3047.65673828125,2986.472900390625,3005.072998046875,39.956565856933594,-50.74798583984375,3030.0,3030.0,99.44207417131605,0,0.0,0,0.0,0.9739851355552673,0.24365569651126862,0.9008427858352661,0.7936328053474426,0.0356152318418026,0.005223398096859455,0.002869687043130398,1.5821415217942558e-05,4.6961417865531985e-06,8.451838948531076e-05,0.00017263228073716164,1.2093058824539185,0.4455678164958954,0.003598939161747694,0.0007890735287219286
small_1_3,G17,1600,0.23216402530670166,4.307299613952637,0.25009971857070923,-3044.88818359375,-3044.893798828125,2988.9169921875,3007.514892578125,34.513885498046875,-47.963958740234375,3030.0,3030.0,99.44207417131605,0,0.0,0,0.0,0.9784745573997498,0.23972415924072266,0.904516875743866,0.8007421493530273,0.03580078110098839,0.00496732397004962,0.003861457807943225,1.4710423783981241e-05,4.285230261302786e-06,0.0005030932952649891,0.0019521898357197642,1.2013684511184692,0.4462815523147583,0.0035230545327067375,0.0008360847132280469
small_1_3,G17,1650,0.20315104722976685,4.922445774078369,0.2105179876089096,-3037.004150390625,-3037.0087890625,2994.77734375,3013.4345703125,31.355268478393555,-35.861793518066406,3030.0,3030.0,99.44207417131605,0,0.0,0,0.0,0.9804400205612183,0.21293778717517853,0.9124130010604858,0.8021191358566284,0.03975585848093033,0.00457877479493618,0.0017405912512913346,1.3770102668786421e-05,2.0297379705880303e-06,0.00011015457130270079,0.0007212272612378001,1.1220062971115112,0.42473104596138,0.003292544512078166,0.0008676028228364885
small_1_3,G17,1700,0.17413800954818726,5.742571830749512,0.16261200606822968,-3028.8583984375,-3028.863525390625,3000.4794921875,3019.185546875,30.942129135131836,-22.99574089050293,3030.0,3030.0,99.44207417131605,0,0.0,0,0.0,0.9794389009475708,0.1767684668302536,0.9196671843528748,0.80604487657547,0.04584961012005806,0.004559737164527178,0.0031511993147432804,1.3672015484189615e-05,3.7055281154607655e-06,0.0003510217065922916,0.0015246120747178793,1.1708405017852783,0.44268032908439636,0.0034374077804386616,0.0009709610021673143
small_1_3,G17,1750,0.14512503147125244,6.890610218048096,0.12727773189544678,-3023.5888671875,-3023.593505859375,3003.97265625,3022.715087890625,31.175935745239258,-15.096449851989746,3030.0,3030.0,99.44207417131605,0,0.0,0,0.0,0.9776412844657898,0.1482628732919693,0.9237549304962158,0.9134374856948853,0.05003906041383743,0.004264710005372763,0.0023345693480223417,1.2702976164291613e-05,3.365961219969904e-06,5.888026498723775e-05,0.000106047373265028,1.1312894821166992,0.3797878623008728,0.003312574001029134,0.000805434538051486
small_1_3,G17,1800,0.11611199378967285,8.612374305725098,0.10024542361497879,-3019.93115234375,-3019.935546875,3006.22509765625,3024.98291015625,30.61822509765625,-10.155153274536133,3030.0,3030.0,99.44207417131605,0,0.0,0,0.0,0.9769614338874817,0.12662862241268158,0.9262815713882446,0.9266796708106995,0.052519530057907104,0.00403212383389473,0.002559501212090254,1.1744715266104322e-05,3.7664415231120074e-06,5.615405098069459e-05,0.000115546106826514,1.095762014389038,0.40272074937820435,0.003131663193926215,0.000825488124974072
small_1_3,G17,1850,0.08709895610809326,11.481193542480469,0.07504609227180481,-3016.89794921875,-3016.90185546875,3007.8974609375,3026.66650390625,29.642417907714844,-6.422598838806152,3030.0,3030.0,99.44207417131605,0,0.0,0,0.0,0.9770764708518982,0.10697756707668304,0.9281979203224182,0.9295312166213989,0.05458007752895355,0.0038182642310857773,0.002635980024933815,1.1025806998077314e-05,3.91713638236979e-06,6.328204472083598e-05,0.00011639815056696534,1.0670108795166016,0.41638946533203125,0.003011491848155856,0.0008464903803542256
small_1_3,G17,1900,0.05808603763580322,17.21584129333496,0.050025176256895065,-3014.2841796875,-3014.28759765625,3009.118408203125,3027.89306640625,28.70127296447754,-3.502290725708008,3030.0,3030.0,99.44207417131605,0,0.0,0,0.0,0.9773682951927185,0.08751319348812103,0.9296832084655762,0.9296581745147705,0.055292967706918716,0.0036062682047486305,0.0026792085263878107,1.0401729923614766e-05,3.8941489037824795e-06,5.087204044684768e-05,0.000116073148092255,1.0353164672851562,0.4239891469478607,0.0029184583108872175,0.0008443358237855136
small_1_3,G17,1950,0.029072999954223633,34.396175384521484,0.02501249499619007,-3012.07080078125,-3012.07421875,3009.90380859375,3028.6806640625,27.90709686279297,-1.3587791919708252,3030.0,3030.0,99.44207417131605,0,0.0,0,0.0,0.9776440262794495,0.0679050162434578,0.9310693144798279,0.9298046827316284,0.054472655057907104,0.0033963152673095465,0.0027582375332713127,9.804558430914767e-06,3.857919637084706e-06,4.8385314585175365e-05,0.0001339978480245918,1.0008127689361572,0.4420255124568939,0.002827330259606242,0.0008730085100978613
small_1_3,G17,2000,5.999999848427251e-05,16666.66796875,0.0,-3010.26513671875,-3010.2685546875,3010.26708984375,3029.043212890625,27.248090744018555,0.0,3030.0,3030.0,99.44207417131605,0,0.0,0,0.0,0.9778873920440674,0.04686538130044937,0.9396126866340637,0.93031245470047,0.018916014581918716,0.0031635130289942026,0.0035987908486276865,9.191032404487487e-06,4.525812528299866e-06,4.618628736352548e-05,0.00030778348445892334,0.9568156599998474,1.918819785118103,0.0027250603307038546,0.0020416302140802145
small_1_3,G18,1,1.159999966621399,0.8620690107345581,1.0,-683.193603515625,-683.430419921875,32.0,32.000003814697266,554.4752197265625,-8.239214897155762,108.0,108.0,10.887096774193548,0,0.0,0,0.0,0.01030136551707983,0.0102990185841918,0.00021292749443091452,0.0,1.0,0.024461662396788597,0.0002502357237972319,7.64426586101763e-05,6.240950938263268e-07,7.675111555727199e-05,3.3375526982126758e-06,9.59869384765625,9.205906867980957,0.02999591827392578,0.028641773387789726
small_1_3,G18,50,1.1315672397613525,0.8837300539016724,0.9754877686500549,-698.6137084960938,-700.15185546875,32.0,32.0,553.359130859375,-41.9887580871582,211.0,236.0,23.79032258064516,0,0.0,0,0.0,0.05380484461784363,0.053804825991392136,3.6991783417761326e-05,0.0,1.0,0.11239650100469589,0.00010020284389611334,0.0003512389084789902,2.5698491867842677e-07,0.0003524460771586746,1.2462294307624688e-06,13.446798324584961,0.352565735578537,0.042021244764328,0.0009148513781838119
small_1_3,G18,100,1.102554202079773,0.9069848656654358,0.9504752159118652,-874.8576049804688,-881.6795043945312,56.73069763183594,64.01314544677734,490.1390380859375,-284.5439453125,911.0,911.0,91.83467741935483,0,0.0,0,0.0,0.39569732546806335,0.37421274185180664,0.107094407081604,0.0,0.24541014432907104,0.369191974401474,0.23944556713104248,0.0010817667935043573,0.00017655994452070445,0.007843291386961937,0.010946940630674362,16.00306510925293,12.629559516906738,0.04996917024254799,0.03459669649600983
small_1_3,G18,150,1.0735411643981934,0.9314966797828674,0.9254627227783203,-1185.3248291015625,-1187.40673828125,594.7755126953125,609.7980346679688,236.02342224121094,-339.2503662109375,964.0,964.0,97.1774193548387,0,0.0,0,0.0,0.819855272769928,0.45821723341941833,0.6202062964439392,0.0,0.022246092557907104,0.3378789722919464,0.09120896458625793,0.0006297492072917521,7.60575057938695e-05,0.010790637694299221,0.007359398528933525,8.330561637878418,1.4852194786071777,0.023589352145791054,0.003343998221680522
small_1_3,G18,200,1.0445282459259033,0.9573699831962585,0.9004502296447754,-1208.7354736328125,-1208.9722900390625,699.6092529296875,715.8509521484375,172.4188232421875,-329.26666259765625,966.0,966.0,97.37903225806451,0,0.0,0,0.0,0.8770709037780762,0.45708608627319336,0.690265417098999,0.06800781190395355,0.018437499180436134,0.12088017910718918,0.010761219076812267,0.0002059642574749887,1.254665676242439e-05,0.004048882983624935,0.0028321712743490934,2.6667423248291016,0.681790828704834,0.00704761128872633,0.0012197326868772507
small_1_3,G18,250,1.0155152082443237,0.984721839427948,0.8754377365112305,-1202.0333251953125,-1202.116943359375,730.321533203125,746.6016845703125,154.27072143554688,-315.1312561035156,968.0,968.0,97.58064516129032,0,0.0,0,0.0,0.8908669352531433,0.44996240735054016,0.7118538618087769,0.11017578095197678,0.016923828050494194,0.07182013988494873,0.005516547244042158,0.00011879305384354666,7.887646461313125e-06,0.002431062050163746,0.0029050176963210106,1.5758559703826904,0.5515114665031433,0.00406735809519887,0.0010682455031201243
small_1_3,G18,300,0.9865021705627441,1.01368248462677,0.8504252433776855,-1191.9532470703125,-1192.0,749.2439575195312,765.2845458984375,143.78822326660156,-300.90863037109375,968.0,968.0,97.58064516129032,0,0.0,0,0.0,0.8986443877220154,0.4422914385795593,0.7264082431793213,0.13807617127895355,0.016025390475988388,0.050592660903930664,0.010430584661662579,8.454659109702334e-05,8.034408892854117e-06,0.001697988947853446,0.004461289383471012,1.2433569431304932,0.5718282461166382,0.003145727328956127,0.0010720649734139442
small_1_3,G18,350,0.9574891924858093,1.0443981885910034,0.8254126906394958,-1180.9296875,-1180.9580078125,763.7945556640625,779.80615234375,135.9884796142578,-286.9560546875,969.0,969.0,97.68145161290323,0,0.0,0,0.0,0.9044235944747925,0.4345645010471344,0.7384722232818604,0.16245116293430328,0.015351561829447746,0.038185469806194305,0.005032071378082037,6.507097714347765e-05,7.704415111220442e-06,0.00127997191157192,0.0026192846707999706,1.0045225620269775,0.5042206048965454,0.002644824329763651,0.0010345247574150562
small_1_3,G18,400,0.9284762144088745,1.077033519744873,0.8004001975059509,-1169.6529541015625,-1169.67333984375,776.2594604492188,792.3673095703125,129.48988342285156,-273.1856689453125,969.0,969.0,97.68145161290323,0,0.0,0,0.0,0.9092721939086914,0.4266391694545746,0.749407172203064,0.18452148139476776,0.014999999664723873,0.030527153983712196,0.005531033966690302,5.3647028835257515e-05,7.713431841693819e-06,0.0010120836086571217,0.004097238183021545,0.8892476558685303,0.5181376338005066,0.002394147217273712,0.0010432376293465495
small_1_3,G18,450,0.8994631767272949,1.111774206161499,0.775387704372406,-1158.4033203125,-1158.418701171875,787.5877685546875,803.8121948242188,123.64175415039062,-259.6197509765625,970.0,970.0,97.78225806451613,0,0.0,0,0.0,0.9136713147163391,0.418532133102417,0.7597599625587463,0.21116210520267487,0.014902343042194843,0.025332199409604073,0.003816985059529543,4.613066994352266e-05,7.504365385102574e-06,0.0008275192230939865,0.0011239435989409685,0.8273357152938843,0.46270808577537537,0.002262543188408017,0.0010155303170904517
small_1_3,G18,500,0.8704501390457153,1.1488308906555176,0.7503751516342163,-1147.290771484375,-1147.30322265625,798.1805419921875,814.5125732421875,118.17315673828125,-246.2588348388672,970.0,970.0,97.78225806451613,0,0.0,0,0.0,0.917803168296814,0.4102261960506439,0.7697776556015015,0.2362109273672104,0.014443359337747097,0.021570255979895592,0.003528060857206583,4.078926576767117e-05,7.315643415495288e-06,0.0006931780371814966,0.00017121294513344765,0.7826118469238281,0.4501172602176666,0.0021884695161134005,0.0009935703128576279
small_1_3,G18,550,0.8414371609687805,1.1884428262710571,0.7253626585006714,-1136.382080078125,-1136.392578125,808.23681640625,824.7054443359375,112.94649505615234,-233.1185302734375,970.0,970.0,97.78225806451613,0,0.0,0,0.0,0.9217613935470581,0.4017275273799896,0.7795954942703247,0.25968748331069946,0.014374999329447746,0.018780309706926346,0.0035443580709397793,3.6873774661216885e-05,7.340439879044425e-06,0.0005917056114412844,0.00011072028428316116,0.7606510519981384,0.44826334714889526,0.0021554981358349323,0.000997469644062221
small_1_3,G18,600,0.8124241828918457,1.230884075164795,0.7003501653671265,-1125.7171630859375,-1125.7264404296875,817.87451171875,834.4484252929688,107.89244079589844,-220.197509765625,970.0,970.0,97.78225806451613,0,0.0,0,0.0,0.9255821108818054,0.39301320910453796,0.7892151474952698,0.2805761694908142,0.013662109151482582,0.01666056551039219,0.003590110456570983,3.394273153389804e-05,7.375726454483811e-06,0.0005126678734086454,0.00016851536929607391,0.7542022466659546,0.46459248661994934,0.0021528888028115034,0.0010120088700205088
small_1_3,G18,650,0.7834111452102661,1.2764689922332764,0.6753376722335815,-1115.349365234375,-1115.358154296875,827.25,843.83447265625,102.9175033569336,-207.48138427734375,973.0,973.0,98.08467741935483,0,0.0,0,0.0,0.9293301105499268,0.384032666683197,0.7987127304077148,0.30940428376197815,0.013105468824505806,0.015069839544594288,0.0035822675563395023,3.171237403876148e-05,7.2289767558686435e-06,0.0004497172776609659,0.000361486105248332,0.7805202603340149,0.45077773928642273,0.002185983117669821,0.000994594069197774
small_1_3,G18,700,0.7543981075286865,1.3255600929260254,0.6503251791000366,-1105.2481689453125,-1105.255859375,836.2496337890625,852.830322265625,98.07427215576172,-195.01918029785156,973.0,973.0,98.08467741935483,0,0.0,0,0.0,0.9329644441604614,0.3748493492603302,0.8080451488494873,0.3340722620487213,0.013027343899011612,0.013615683652460575,0.003556267824023962,2.9654982427018695e-05,7.248424481076654e-06,0.00039847235893830657,0.00010161940008401871,0.7633703947067261,0.44755542278289795,0.0021914439275860786,0.000996410846710205
small_1_3,G18,750,0.7253851294517517,1.3785780668258667,0.6253126859664917,-1095.4354248046875,-1095.442626953125,844.928466796875,861.5036010742188,93.33433532714844,-182.8108367919922,973.0,973.0,98.08467741935483,0,0.0,0,0.0,0.9365038275718689,0.36543887853622437,0.8171893358230591,0.3591699004173279,0.013203124515712261,0.012475044466555119,0.003467394271865487,2.7977899662801065e-05,7.028176696621813e-06,0.0005156841943971813,0.00023727258667349815,0.7674403786659241,0.4443151652812958,0.0022131958976387978,0.0009726923308335245
small_1_3,G18,800,0.6963721513748169,1.4360138177871704,0.600300133228302,-1085.92724609375,-1085.9339599609375,853.3237915039062,869.841064453125,88.6667251586914,-170.8651123046875,973.0,973.0,98.08467741935483,0,0.0,0,0.0,0.9399656653404236,0.35579100251197815,0.8261357545852661,0.3836035132408142,0.01372070237994194,0.011491687037050724,0.003470979630947113,2.65370308625279e-05,6.998027402005391e-06,0.00032068698783405125,0.0002321519423276186,0.7685019373893738,0.43093112111091614,0.002240312285721302,0.0009637131588533521
small_1_3,G18,850,0.6673591136932373,1.498443603515625,0.5752876400947571,-1076.7242431640625,-1076.7305908203125,861.4232788085938,877.8455810546875,84.08316040039062,-159.1936798095703,973.0,973.0,98.08467741935483,0,0.0,0,0.0,0.9433390498161316,0.34590017795562744,0.8348923921585083,0.41246092319488525,0.013886718079447746,0.010695884004235268,0.0034606701228767633,2.5346351321786642e-05,6.9284938035707455e-06,0.0002907873713411391,0.00015657301992177963,0.7781177163124084,0.4390657842159271,0.0022768962662667036,0.0009640462230890989
small_1_3,G18,900,0.6383461356163025,1.566548228263855,0.5502750873565674,-1067.83984375,-1067.845947265625,869.249267578125,885.5692138671875,79.5658187866211,-147.80615234375,973.0,973.0,98.08467741935483,0,0.0,0,0.0,0.9466400742530823,0.3357551097869873,0.8435029983520508,0.4605468511581421,0.014130858704447746,0.01001057494431734,0.003461731830611825,2.431230132060591e-05,6.92758794684778e-06,0.0002651468967087567,0.00011447537690401077,0.7905796766281128,0.43169257044792175,0.0023203017190098763,0.0009626712999306619
small_1_3,G18,950,0.6093330979347229,1.6411384344100952,0.5252625942230225,-1059.2794189453125,-1059.285400390625,876.802001953125,893.0238037109375,75.125,-136.70726013183594,973.0,973.0,98.08467741935483,0,0.0,0,0.0,0.9498561024665833,0.32533079385757446,0.8519349694252014,0.4971679449081421,0.014755859039723873,0.009419770911335945,0.0035008671693503857,2.3393480660161003e-05,6.9354728111648e-06,0.0002429418673273176,0.00012662215158343315,0.8048741221427917,0.43632790446281433,0.0023658270947635174,0.0009688372956588864
small_1_3,G18,1000,0.5803201198577881,1.7231868505477905,0.5002501010894775,-1051.049560546875,-1051.055419921875,884.0782470703125,900.2506713867188,70.76094818115234,-125.91322326660156,974.0,974.0,98.18548387096774,0,0.0,0,0.0,0.9529871940612793,0.31462568044662476,0.8601765036582947,0.52001953125,0.015166015364229679,0.008913463912904263,0.003522527636960149,2.2561489458894357e-05,6.881522949697683e-06,0.0003888861683662981,0.00027106842026114464,0.8209851384162903,0.44202107191085815,0.0024124535266309977,0.0009613921865820885
small_1_3,G18,1050,0.5513070821762085,1.813871145248413,0.4752376079559326,-1043.1611328125,-1043.166748046875,891.0706176757812,907.1553955078125,66.48445892333984,-115.44284057617188,974.0,974.0,98.18548387096774,0,0.0,0,0.0,0.9560218453407288,0.3036450445652008,0.8681837916374207,0.5404589772224426,0.015869140625,0.008446475490927696,0.003482642350718379,2.1789177480968647e-05,6.66844607621897e-06,0.00022832865943200886,0.0005084665026515722,0.8363440036773682,0.42338433861732483,0.0024587789084762335,0.0009341672412119806
small_1_3,G18,1100,0.5222941040992737,1.9146300554275513,0.4502251148223877,-1035.6031494140625,-1035.6087646484375,897.743408203125,913.719482421875,62.32550811767578,-105.31298828125,974.0,974.0,98.18548387096774,0,0.0,0,0.0,0.9589322209358215,0.29238978028297424,0.8759009838104248,0.5619433522224426,0.01616210862994194,0.008032809011638165,0.0034142308868467808,2.1065667169750668e-05,6.573212885996327e-06,0.0001914829044835642,0.00010608276352286339,0.8508315086364746,0.4154350757598877,0.0025021720211952925,0.0009193136356770992
small_1_3,G18,1150,0.4932810664176941,2.0272417068481445,0.425212562084198,-1028.38525390625,-1028.390625,904.0936279296875,919.947509765625,58.300132751464844,-95.53875732421875,974.0,974.0,98.18548387096774,0,0.0,0,0.0,0.9617060422897339,0.28085586428642273,0.8833225965499878,0.596923828125,0.017099609598517418,0.007660927716642618,0.0034559231717139482,2.0388462871778756e-05,6.631159976677736e-06,0.00017805627430789173,0.00012685498222708702,0.8652392029762268,0.41953131556510925,0.0025445956271141768,0.0009311198373325169
small_1_3,G18,1200,0.4642680883407593,2.15392804145813,0.4002000689506531,-1021.5115966796875,-1021.5169067382812,910.1217041015625,925.8275146484375,54.41993713378906,-86.12974548339844,974.0,974.0,98.18548387096774,0,0.0,0,0.0,0.9643375277519226,0.2690208852291107,0.8904635310173035,0.634326159954071,0.01796874962747097,0.007336913142353296,0.003452490083873272,1.9760571376536973e-05,6.470624157373095e-06,0.0001660465495660901,0.00013353489339351654,0.8840391039848328,0.4167063236236572,0.0025882082991302013,0.000908922404050827
small_1_3,G18,1250,0.4352550506591797,2.2975034713745117,0.37518757581710815,-1014.9827880859375,-1014.988037109375,915.8191528320312,931.3945922851562,50.69277572631836,-77.10456848144531,975.0,975.0,98.28629032258064,0,0.0,0,0.0,0.9668264389038086,0.256886750459671,0.897335410118103,0.6522265672683716,0.019062500447034836,0.007021116558462381,0.0034182185772806406,1.914752101583872e-05,6.388854671968147e-06,0.00015528404037468135,0.00014898879453539848,0.896937370300293,0.4112658202648163,0.0026274370029568672,0.0009034938993863761
small_1_3,G18,1300,0.4062420725822449,2.4615864753723145,0.35017526149749756,-1008.800537109375,-1008.8056640625,921.1859130859375,936.6436157226562,47.12568664550781,-68.47532653808594,975.0,975.0,98.28629032258064,0,0.0,0,0.0,0.9691759347915649,0.24443233013153076,0.9039826989173889,0.6620410084724426,0.01962890662252903,0.006740023847669363,0.0034954717848449945,1.8571963664726354e-05,6.4659675445000175e-06,0.00014549233310390264,0.00014451006427407265,0.9120703339576721,0.4182969927787781,0.002666482934728265,0.0009138358873315156
small_1_3,G18,1350,0.3772290349006653,2.650909423828125,0.3251709043979645,-1002.974853515625,-1002.98046875,926.2432861328125,942.3126220703125,43.70295333862305,-60.25120544433594,977.0,977.0,98.48790322580645,0,0.0,0,0.0,0.9714085459709167,0.23161359131336212,0.9103824496269226,0.670458972454071,0.02128906175494194,0.006581967696547508,0.004433032590895891,1.8055961845675483e-05,6.51530808681855e-06,0.0004908794653601944,0.0025333582889288664,0.9500804543495178,0.47049063444137573,0.0027109954971820116,0.0009215767495334148
small_1_3,G18,1400,0.34821605682373047,2.8717801570892334,0.3003411889076233,-997.53466796875,-997.5396728515625,930.9398193359375,947.9888305664062,40.43560791015625,-52.5195198059082,977.0,977.0,98.48790322580645,0,0.0,0,0.0,0.9735021591186523,0.21858273446559906,0.916359007358551,0.6943945288658142,0.022578123956918716,0.006253326311707497,0.0035590629559010267,1.7485434000263922e-05,6.343571840261575e-06,0.00012826421880163252,0.000346349086612463,0.9453835487365723,0.46220239996910095,0.0027384962886571884,0.0009060134761966765
small_1_3,G18,1450,0.3192030191421509,3.1328024864196777,0.277316153049469,-992.75,-992.7550048828125,935.0855712890625,952.1021728515625,37.28934860229492,-45.766510009765625,977.0,977.0,98.48790322580645,0,0.0,0,0.0,0.975507915019989,0.20629210770130157,0.9217022657394409,0.7974804639816284,0.023759765550494194,0.006043275818228722,0.003554253140464425,1.7054104318958707e-05,6.287663381954189e-06,0.0003287633298896253,0.00033230334520339966,0.9714147448539734,0.41362935304641724,0.0027880382258445024,0.0008762173820286989
small_1_3,G18,1500,0.29019004106521606,3.4460177421569824,0.2625235319137573,-989.5648193359375,-989.5698852539062,937.8897705078125,954.8665161132812,34.01972198486328,-41.807945251464844,977.0,977.0,98.48790322580645,0,0.0,0,0.0,0.9777642488479614,0.1990676075220108,0.9254246354103088,0.8337011337280273,0.024882812052965164,0.005896047689020634,0.003671272424980998,1.6997870261548087e-05,6.590511475224048e-06,0.0002642958424985409,0.00038701691664755344,1.0022058486938477,0.4280501902103424,0.0029105585999786854,0.0008916782098822296
small_1_3,G18,1550,0.26117706298828125,3.82882022857666,0.26034680008888245,-988.5499267578125,-988.555419921875,939.0350952148438,955.9761352539062,30.07607078552246,-41.665122985839844,977.0,977.0,98.48790322580645,0,0.0,0,0.0,0.9809257388114929,0.20004627108573914,0.9271987676620483,0.846240222454071,0.024980468675494194,0.0058776079677045345,0.003738083178177476,1.704731403151527e-05,6.97305949870497e-06,0.0005514173535630107,0.0003331649350002408,1.0758116245269775,0.45805802941322327,0.0030917914118617773,0.0009605794912204146
small_1_3,G18,1600,0.23216402530670166,4.307299613952637,0.25009971857070923,-986.3729248046875,-986.3779296875,941.07666015625,957.9818725585938,26.012222290039062,-39.262081146240234,977.0,977.0,98.48790322580645,0,0.0,0,0.0,0.9842057824134827,0.19623211026191711,0.9300460815429688,0.8509081602096558,0.0250097643584013,0.0055082449689507484,0.003491032402962446,1.599278584762942e-05,6.370180017256644e-06,0.00010101833322551101,0.00013261649291962385,1.0510070323944092,0.4230009615421295,0.0030349476728588343,0.00092639698414132
small_1_3,G18,1650,0.20315104722976685,4.922445774078369,0.2105179876089096,-980.020263671875,-980.0245361328125,946.0694580078125,962.9032592773438,23.574953079223633,-29.16575813293457,977.0,977.0,98.48790322580645,0,0.0,0,0.0,0.9857003688812256,0.1731785386800766,0.9362708330154419,0.8519335985183716,0.027138670906424522,0.0051916297525167465,0.0035141061525791883,1.5066291780385654e-05,5.705111561837839e-06,9.579535253578797e-05,0.00019245489966124296,0.9955475330352783,0.43984490633010864,0.002864780370146036,0.0010096658952534199
small_1_3,G18,1700,0.17413800954818726,5.742571830749512,0.16261200606822968,-973.4913330078125,-973.4957275390625,950.9288330078125,967.6900024414062,23.090309143066406,-18.54598617553711,977.0,977.0,98.48790322580645,0,0.0,0,0.0,0.9850974082946777,0.14256316423416138,0.9420536756515503,0.8531543016433716,0.03336913883686066,0.00506320595741272,0.003703660797327757,1.4767599168408196e-05,5.894324203836732e-06,9.103319462155923e-05,0.00015791761688888073,1.0264687538146973,0.4483868181705475,0.002959638135507703,0.0009971337858587503
small_1_3,G18,1750,0.14512503147125244,6.890610218048096,0.12727773189544678,-969.3338623046875,-969.3380126953125,953.9100952148438,970.6258544921875,23.087017059326172,-12.07744312286377,977.0,977.0,98.48790322580645,0,0.0,0,0.0,0.9839134216308594,0.11861307173967361,0.9453667998313904,0.9401757717132568,0.03599609434604645,0.004800994414836168,0.003691391320899129,1.3881047379982192e-05,5.879167929379037e-06,8.642152533866465e-05,0.00014844047836959362,1.0049734115600586,0.43704938888549805,0.002873059129342437,0.0009206936811096966
small_1_3,G18,1800,0.11611199378967285,8.612374305725098,0.10024542361497879,-966.4974365234375,-966.5011596679688,955.83447265625,972.5211181640625,22.557212829589844,-8.047562599182129,977.0,977.0,98.48790322580645,0,0.0,0,0.0,0.9834891557693481,0.10034824907779694,0.9474436640739441,0.9486327767372131,0.03779296949505806,0.004558635409921408,0.003732274519279599,1.29927575471811e-05,5.832213446410606e-06,8.208666258724406e-05,0.00017834053141996264,0.9760860204696655,0.43999677896499634,0.0027415137737989426,0.000899651029612869
small_1_3,G18,1850,0.08709895610809326,11.481193542480469,0.07504609227180481,-964.179931640625,-964.1834716796875,957.2667846679688,973.9259033203125,21.751537322998047,-5.022150039672852,977.0,977.0,98.48790322580645,0,0.0,0,0.0,0.983616292476654,0.083651103079319,0.9490250945091248,0.9508691430091858,0.03988281264901161,0.004336124751716852,0.003763920394703746,1.2284706826903857e-05,5.738269010180375e-06,7.802710752002895e-05,0.00017067897715605795,0.9532046914100647,0.4452420175075531,0.0026520073879510164,0.0008924146532081068
small_1_3,G18,1900,0.05808603763580322,17.21584129333496,0.050025176256895065,-962.2176513671875,-962.220947265625,958.3169555664062,974.9554443359375,20.985862731933594,-2.684938669204712,977.0,977.0,98.48790322580645,0,0.0,0,0.0,0.9838616847991943,0.06708967685699463,0.9502395987510681,0.950927734375,0.040058594197034836,0.004117981065064669,0.0038768360391259193,1.1651171007542871e-05,5.685325504600769e-06,7.423631905112416e-05,0.00016527163097634912,0.9277339577674866,0.45831751823425293,0.0025808827485889196,0.0008910475298762321
small_1_3,G18,1950,0.029072999954223633,34.396175384521484,0.02501249499619007,-960.5948486328125,-960.5977783203125,958.9971923828125,975.6223754882812,20.338783264160156,-1.0092363357543945,977.0,977.0,98.48790322580645,0,0.0,0,0.0,0.9840885996818542,0.050436604768037796,0.9513041377067566,0.9510155916213989,0.03993164002895355,0.003904918907210231,0.003895237110555172,1.1045105566154234e-05,5.4647143770125695e-06,7.070824358379468e-05,0.000195868662558496,0.8995352983474731,0.46736180782318115,0.002510614925995469,0.0008882873808033764
small_1_3,G18,2000,5.999999848427251e-05,16666.66796875,0.0,-959.3155517578125,-959.3187255859375,959.3175659179688,975.9365844726562,19.800758361816406,0.0,977.0,977.0,98.48790322580645,0,0.0,0,0.0,0.9842849373817444,0.033079586923122406,0.9572729468345642,0.9511229991912842,0.013837890699505806,0.003683654824271798,0.004473523702472448,1.043635893438477e-05,5.804110514873173e-06,6.748135638190433e-05,0.00024736032355576754,0.8642803430557251,1.6615780591964722,0.0024325326085090637,0.0017046260181814432
small_1_3,G19,1,1.159999966621399,0.8620690107345581,1.0,-594.693603515625,-594.930419921875,-56.5,-56.499996185302734,554.4752197265625,-8.239209175109863,24.0,24.0,2.6490066225165565,0,0.0,0,0.0,0.010301363654434681,0.010299011133611202,0.00021306241978891194,0.0,1.0,0.0244616586714983,0.00024995175772346556,7.644264405826107e-05,6.221565058694978e-07,7.67671299399808e-05,4.015969807369402e-06,9.59869384765625,9.202281951904297,0.02999591827392578,0.028628796339035034
small_1_3,G19,50,1.1315672397613525,0.8837300539016724,0.9754877686500549,-610.1137084960938,-611.6519165039062,-56.5,-56.5,553.359130859375,-41.988746643066406,113.0,149.0,16.445916114790286,0,0.0,0,0.0,0.053804825991392136,0.05380480736494064,3.711947283591144e-05,0.0,1.0,0.1123964712023735,0.0001001664059003815,0.0003512388502713293,2.57092636957168e-07,0.00035249433130957186,1.4383633697434561e-06,13.446798324584961,0.35427042841911316,0.042021244764328,0.0009190473356284201
small_1_3,G19,100,1.102554202079773,0.9069848656654358,0.9504752159118652,-787.279541015625,-794.2894287109375,-29.16006088256836,-21.261016845703125,490.0914306640625,-283.09710693359375,825.0,825.0,91.05960264900662,0,0.0,0,0.0,0.39583805203437805,0.37230995297431946,0.11120998114347458,0.0,0.24152342975139618,0.38151609897613525,0.25692400336265564,0.0010999615769833326,0.0001846241211751476,0.010746086947619915,0.014490724541246891,16.046823501586914,12.654664039611816,0.05009905621409416,0.03445029631257057
small_1_3,G19,150,1.0735411643981934,0.9314966797828674,0.9254627227783203,-1099.4476318359375,-1101.520751953125,506.66119384765625,518.8863525390625,237.02633666992188,-340.402099609375,869.0,869.0,95.91611479028697,0,0.0,0,0.0,0.8184570074081421,0.45977354049682617,0.6127849817276001,0.0,0.022382812574505806,0.3432061970233917,0.0881289690732956,0.0006300275563262403,7.023644138826057e-05,0.013090629130601883,0.007975749671459198,8.26650333404541,1.416171908378601,0.02330036647617817,0.0032941640820354223
small_1_3,G19,200,1.0445282459259033,0.9573699831962585,0.9004502296447754,-1122.740234375,-1122.977294921875,610.4403076171875,624.0206298828125,174.45123291015625,-330.3178405761719,872.0,872.0,96.24724061810154,0,0.0,0,0.0,0.874607503414154,0.45854535698890686,0.6813080310821533,0.0656152293086052,0.024726562201976776,0.12350966781377792,0.00864843837916851,0.00020757231686729938,1.1861042366945185e-05,0.005005910526961088,0.0017674744594842196,2.654863119125366,0.5438189506530762,0.007010442670434713,0.0011628723004832864
small_1_3,G19,250,1.0155152082443237,0.984721839427948,0.8754377365112305,-1115.96044921875,-1116.045166015625,640.897705078125,654.8426513671875,156.5359344482422,-316.182861328125,876.0,876.0,96.6887417218543,0,0.0,0,0.0,0.8881814479827881,0.451463907957077,0.7024392485618591,0.11179687082767487,0.025126952677965164,0.07354859262704849,0.005922381300479174,0.00012005258031422272,7.75613898440497e-06,0.003012230386957526,0.004016091115772724,1.5708876848220825,0.5319695472717285,0.004045913927257061,0.0010562572861090302
small_1_3,G19,300,0.9865021705627441,1.01368248462677,0.8504252433776855,-1105.70703125,-1105.751708984375,659.4085693359375,675.0136108398438,146.20864868164062,-302.10797119140625,876.0,876.0,96.6887417218543,0,0.0,0,0.0,0.8958141803741455,0.4440542459487915,0.716541588306427,0.14466796815395355,0.025361327454447746,0.05144466459751129,0.004199791233986616,8.446791616734117e-05,7.627246304764412e-06,0.0020961137488484383,0.0017684418708086014,1.1864664554595947,0.49182596802711487,0.003072550753131509,0.0010430411202833056
small_1_3,G19,350,0.9574891924858093,1.0443981885910034,0.8254126906394958,-1094.5411376953125,-1094.5693359375,673.6973876953125,689.644775390625,138.569580078125,-288.1932067871094,877.0,877.0,96.7991169977925,0,0.0,0,0.0,0.9014579653739929,0.43643805384635925,0.7283053398132324,0.16999022662639618,0.024042967706918716,0.039030253887176514,0.0038487326819449663,6.553407001774758e-05,7.515381639677798e-06,0.001556265284307301,0.0011591373477131128,0.9878625273704529,0.4748387634754181,0.002613669028505683,0.0010260180570185184
small_1_3,G19,400,0.9284762144088745,1.077033519744873,0.8004001975059509,-1083.161376953125,-1083.1815185546875,686.0383911132812,702.06640625,132.14466857910156,-274.4499816894531,878.0,878.0,96.90949227373068,0,0.0,0,0.0,0.906248152256012,0.42861369252204895,0.7391071319580078,0.19188475608825684,0.02291015535593033,0.0312361940741539,0.0037403616588562727,5.414058250607923e-05,7.558389370387886e-06,0.0012153881834819913,0.0008000391535460949,0.8875047564506531,0.4625454246997833,0.002382624428719282,0.0010264142183586955
small_1_3,G19,450,0.8994631767272949,1.111774206161499,0.775387704372406,-1071.79345703125,-1071.808837890625,697.2215576171875,713.3017578125,126.3802490234375,-260.91302490234375,880.0,880.0,97.13024282560707,0,0.0,0,0.0,0.9105708599090576,0.420617014169693,0.7492960691452026,0.22095702588558197,0.022988280281424522,0.02588874287903309,0.00361496745608747,4.650583287002519e-05,7.525281944253948e-06,0.0010001836344599724,0.00012832041829824448,0.8207051157951355,0.46106648445129395,0.0022499586921185255,0.0010283865267410874
small_1_3,G19,500,0.8704501390457153,1.1488308906555176,0.7503751516342163,-1060.563232421875,-1060.5758056640625,707.67822265625,723.8300170898438,120.99647521972656,-247.5762176513672,880.0,880.0,97.13024282560707,0,0.0,0,0.0,0.9146288633346558,0.41242071986198425,0.7592063546180725,0.24338866770267487,0.022617187350988388,0.022053346037864685,0.0036199495662003756,4.111601083423011e-05,7.434492999891518e-06,0.0008431750466115773,0.0001114080660045147,0.7832765579223633,0.4592965543270111,0.0021791192702949047,0.0010192118352279067
small_1_3,G19,550,0.8414371609687805,1.1884428262710571,0.7253626585006714,-1049.5328369140625,-1049.54345703125,717.6091918945312,733.812255859375,115.85137176513672,-234.45254516601562,880.0,880.0,97.13024282560707,0,0.0,0,0.0,0.9185194969177246,0.4040263891220093,0.7689002752304077,0.26688477396965027,0.021904297173023224,0.01918053813278675,0.003589492291212082,3.710085729835555e-05,7.398772140732035e-06,0.0007236114470288157,0.00012717442587018013,0.7606699466705322,0.4538903832435608,0.002142979996278882,0.0010128746507689357
small_1_3,G19,600,0.8124241828918457,1.230884075164795,0.7003501653671265,-1038.738525390625,-1038.747802734375,727.1210327148438,743.3577880859375,110.87171936035156,-221.5518798828125,881.0,881.0,97.24061810154525,0,0.0,0,0.0,0.9222880601882935,0.3954305052757263,0.7784854769706726,0.2883398234844208,0.019951172173023224,0.016967132687568665,0.003521732520312071,3.402210495551117e-05,7.209834166133078e-06,0.0006297089275904,0.00011060107499361038,0.7494056224822998,0.44695332646369934,0.002132162218913436,0.0009954911656677723
small_1_3,G19,650,0.7834111452102661,1.2764689922332764,0.6753376722335815,-1028.204833984375,-1028.2132568359375,736.278564453125,752.5316162109375,106.01622009277344,-208.88040161132812,882.0,882.0,97.35099337748345,0,0.0,0,0.0,0.9259577989578247,0.3866221606731415,0.7879205346107483,0.31718748807907104,0.018730469048023224,0.015225306153297424,0.003553373273462057,3.160457345074974e-05,7.244078460644232e-06,0.0005545626045204699,0.0001426725648343563,0.7471602559089661,0.4536532461643219,0.0021404894068837166,0.0010004964424297214
small_1_3,G19,700,0.7543981075286865,1.3255600929260254,0.6503251791000366,-1017.9498291015625,-1017.9575805664062,745.12939453125,761.382080078125,101.25485229492188,-196.44171142578125,882.0,882.0,97.35099337748345,0,0.0,0,0.0,0.9295469522476196,0.37758365273475647,0.797197699546814,0.3441796898841858,0.019423827528953552,0.013822426088154316,0.0034766155295073986,2.9652779630851e-05,7.045771326374961e-06,0.0004930963041260839,0.00011704443022608757,0.7512627243995667,0.45439639687538147,0.0021625044755637646,0.0009814712684601545
small_1_3,G19,750,0.7253851294517517,1.3785780668258667,0.6253126859664917,-1007.9967041015625,-1008.0040283203125,753.7211303710938,769.9423828125,96.56022644042969,-184.23953247070312,882.0,882.0,97.35099337748345,0,0.0,0,0.0,0.9330717325210571,0.36829477548599243,0.8063580989837646,0.36497068405151367,0.01924804598093033,0.012697100639343262,0.0035798505414277315,2.8064050638931803e-05,7.059808922349475e-06,0.0004420587792992592,0.0007073171436786652,0.7657861113548279,0.47789064049720764,0.0021974891424179077,0.0009864147286862135
small_1_3,G19,800,0.6963721513748169,1.4360138177871704,0.600300133228302,-998.336669921875,-998.343505859375,762.0303955078125,778.2503051757812,91.93679809570312,-172.29092407226562,880.0,882.0,97.35099337748345,0,0.0,0,0.0,0.9365248084068298,0.35875993967056274,0.8153443932533264,0.3866308629512787,0.019365234300494194,0.011715338565409184,0.003455306636169553,2.6675044864532538e-05,6.9245088525349274e-06,0.00039913831278681755,0.0001517843920737505,0.7749230861663818,0.45369753241539,0.0022343192249536514,0.0009723178809508681
small_1_3,G19,850,0.6673591136932373,1.498443603515625,0.5752876400947571,-988.9844360351562,-988.990966796875,770.0711669921875,786.3779296875,87.38398742675781,-160.60324096679688,880.0,882.0,97.35099337748345,0,0.0,0,0.0,0.9398965239524841,0.3489629328250885,0.8241102695465088,0.41432616114616394,0.020439453423023224,0.0108898114413023,0.003509221598505974,2.5476230803178623e-05,6.9467382672883105e-06,0.0003624648379627615,0.00013437075540423393,0.7860680818557739,0.439869225025177,0.0022752778604626656,0.0009726574644446373
small_1_3,G19,900,0.6383461356163025,1.566548228263855,0.5502750873565674,-979.9476318359375,-979.9539184570312,777.8486938476562,794.40673828125,82.90238189697266,-149.184814453125,883.0,883.0,97.46136865342163,0,0.0,0,0.0,0.9431797862052917,0.3388868570327759,0.8326199650764465,0.4622851312160492,0.0211035143584013,0.010202068835496902,0.0035035391338169575,2.4439435946987942e-05,6.91902641847264e-06,0.0003308340674266219,0.00018589571118354797,0.8019691705703735,0.472269207239151,0.002320426283404231,0.0009810426272451878
small_1_3,G19,950,0.6093330979347229,1.6411384344100952,0.5252625942230225,-971.2752685546875,-971.2835693359375,785.4309692382812,802.0001220703125,78.45941925048828,-138.04470825195312,883.0,883.0,97.46136865342163,0,0.0,0,0.0,0.9464181065559387,0.32851356267929077,0.841048538684845,0.49589842557907104,0.022207031026482582,0.00991454441100359,0.009465266950428486,2.3598960979143158e-05,7.06184800947085e-06,0.0010766839841380715,0.007085121236741543,0.8631932735443115,0.5416598916053772,0.0023793778382241726,0.0009777718223631382
small_1_3,G19,1000,0.5803201198577881,1.7231868505477905,0.5002501010894775,-962.90478515625,-962.91064453125,792.676025390625,809.3377075195312,74.11570739746094,-127.22373962402344,885.0,885.0,97.68211920529801,0,0.0,0,0.0,0.9495472311973572,0.31790032982826233,0.8493080139160156,0.5187402367591858,0.022392578423023224,0.009036977775394917,0.003576085902750492,2.2592119421460666e-05,6.680411388515495e-06,0.00027929560746997595,0.0008961916901171207,0.8289399147033691,0.4263865351676941,0.0024055619724094868,0.0009411416831426322
small_1_3,G19,1050,0.5513070821762085,1.813871145248413,0.4752376079559326,-954.8489379882812,-954.8545532226562,799.5984497070312,816.3841552734375,69.88668823242188,-116.7270736694336,885.0,885.0,97.68211920529801,0,0.0,0,0.0,0.9525613188743591,0.30702292919158936,0.8573001623153687,0.5404394268989563,0.022939452901482582,0.008554287254810333,0.0034534018486738205,2.1787864170619287e-05,6.636848866037326e-06,0.00025793889653868973,0.00015170942060649395,0.8411278128623962,0.4243815839290619,0.0024463983718305826,0.0009351576445624232
small_1_3,G19,1100,0.5222941040992737,1.9146300554275513,0.4502251148223877,-947.1306762695312,-947.1362915039062,806.248291015625,823.083984375,65.75503540039062,-106.54449462890625,885.0,885.0,97.68211920529801,0,0.0,0,0.0,0.9554688930511475,0.29580894112586975,0.8650083541870117,0.556689441204071,0.02436523325741291,0.008165460079908371,0.0035037226043641567,2.1109586668899283e-05,6.661397037532879e-06,0.0002390112931607291,0.00031152786687016487,0.8665735125541687,0.43491727113723755,0.0024989156518131495,0.000946031475905329
small_1_3,G19,1150,0.4932810664176941,2.0272417068481445,0.425212562084198,-939.7567138671875,-939.7631225585938,812.6116333007812,829.4437255859375,61.709678649902344,-96.71128845214844,885.0,885.0,97.68211920529801,0,0.0,0,0.0,0.9582798480987549,0.2843027412891388,0.8725125193595886,0.5908300876617432,0.025996092706918716,0.007853828370571136,0.005441153421998024,2.0422601664904505e-05,6.5769190769060515e-06,0.0006423130398616195,0.003815793665125966,0.8821766376495361,0.5289884209632874,0.0025400263257324696,0.0009289515437558293
small_1_3,G19,1200,0.4642680883407593,2.15392804145813,0.4002000689506531,-932.7234497070312,-932.728759765625,818.62841796875,835.461669921875,57.80898666381836,-87.26144409179688,885.0,885.0,97.68211920529801,0,0.0,0,0.0,0.960951566696167,0.2725556790828705,0.8797317147254944,0.635449230670929,0.026923827826976776,0.0074053858406841755,0.003415560582652688,1.9716489987331443e-05,6.387366283888696e-06,0.00020690730889327824,0.00013611884787678719,0.8891298174858093,0.41442596912384033,0.0025748158805072308,0.0009066314669325948
small_1_3,G19,1250,0.4352550506591797,2.2975034713745117,0.37518757581710815,-926.02490234375,-926.0300903320312,824.2798461914062,841.134033203125,54.09943389892578,-78.2032241821289,885.0,885.0,97.68211920529801,0,0.0,0,0.0,0.9634469151496887,0.26054707169532776,0.8865942358970642,0.6541796922683716,0.026787109673023224,0.007078204303979874,0.0033809456508606672,1.907482510432601e-05,6.229371138033457e-06,0.00019324310414958745,0.0001399521715939045,0.8992547392845154,0.4046727418899536,0.0026077311486005783,0.0008842743700370193
small_1_3,G19,1300,0.4062420725822449,2.4615864753723145,0.35017526149749756,-919.670654296875,-919.67578125,829.599609375,846.473388671875,50.55664825439453,-69.53795623779297,885.0,885.0,97.68211920529801,0,0.0,0,0.0,0.9657987952232361,0.24822555482387543,0.8932597041130066,0.6630468368530273,0.027265625074505806,0.00679584639146924,0.003525675507262349,1.8490351067157462e-05,6.467389084718889e-06,0.00018083007307723165,0.00014480226673185825,0.9177547693252563,0.42630165815353394,0.002645140280947089,0.0009187990217469633
small_1_3,G19,1350,0.3772290349006653,2.650909423828125,0.3251709043979645,-913.6627197265625,-913.6676635742188,834.592529296875,851.4771118164062,47.16356658935547,-61.28369140625,885.0,885.0,97.68211920529801,0,0.0,0,0.0,0.9680320620536804,0.2355826199054718,0.8996433615684509,0.6698339581489563,0.028691405430436134,0.006521411240100861,0.003572280053049326,1.791477006918285e-05,6.427808330045082e-06,0.00016957682964857668,0.0001723917666822672,0.9287110567092896,0.4211600124835968,0.002678458346053958,0.0009093934204429388
small_1_3,G19,1400,0.34821605682373047,2.8717801570892334,0.3003411889076233,-908.0328979492188,-908.037841796875,839.2203369140625,856.1055908203125,43.93829345703125,-53.51741027832031,885.0,885.0,97.68211920529801,0,0.0,0,0.0,0.9701209664344788,0.22273589670658112,0.9055667519569397,0.6895409822463989,0.030039062723517418,0.006268151104450226,0.0035315474960952997,1.7348307665088214e-05,6.281505193328485e-06,0.00015930824156384915,0.0001346389763057232,0.9417946338653564,0.41420066356658936,0.00270601874217391,0.0008902944391593337
small_1_3,G19,1450,0.3192030191421509,3.1328024864196777,0.277316153049469,-903.051025390625,-903.0557861328125,843.2703247070312,860.154052734375,40.84710693359375,-46.74700164794922,885.0,885.0,97.68211920529801,0,0.0,0,0.0,0.9721139073371887,0.21071165800094604,0.910784125328064,0.7887988090515137,0.03239257633686066,0.006039094645529985,0.003623948199674487,1.6921239875955507e-05,6.409886736946646e-06,0.00014989067858550698,0.00015513179823756218,0.9557024240493774,0.4191465377807617,0.0027515925467014313,0.0008887308649718761
small_1_3,G19,1500,0.29019004106521606,3.4460177421569824,0.2625235319137573,-899.703857421875,-899.7088623046875,846.026123046875,862.9066772460938,37.541412353515625,-42.78853225708008,885.0,885.0,97.68211920529801,0,0.0,0,0.0,0.9744790196418762,0.20373664796352386,0.9144682884216309,0.8241210579872131,0.0348828099668026,0.00589823117479682,0.0037211154121905565,1.6938845874392428e-05,6.704319730488351e-06,0.000141151700518094,0.0002072781790047884,0.9896935820579529,0.4322766363620758,0.0028902441263198853,0.0009020964498631656
small_1_3,G19,1550,0.26117706298828125,3.82882022857666,0.26034680008888245,-898.5853271484375,-898.591064453125,847.1600341796875,864.0196533203125,33.372596740722656,-42.71490478515625,885.0,885.0,97.68211920529801,0,0.0,0,0.0,0.9780018329620361,0.20508937537670135,0.9162464737892151,0.8388085961341858,0.03521484136581421,0.005975286476314068,0.006198486778885126,1.708401396172121e-05,7.178074156399816e-06,0.0007357086869888008,0.004320948850363493,1.0765736103057861,0.5153114795684814,0.0030965921469032764,0.0009788263123482466
small_1_3,G19,1600,0.23216402530670166,4.307299613952637,0.25009971857070923,-896.2747802734375,-896.2796630859375,849.16796875,866.026123046875,28.9896297454834,-40.38133239746094,885.0,885.0,97.68211920529801,0,0.0,0,0.0,0.9817260503768921,0.20182615518569946,0.9190801978111267,0.8437206745147705,0.03574218600988388,0.005514894146472216,0.003585692262277007,1.592964690644294e-05,6.441443929361412e-06,0.00012554072600323707,0.0002625329652801156,1.0483572483062744,0.42793717980384827,0.0030254225712269545,0.0009268185240216553
small_1_3,G19,1650,0.20315104722976685,4.922445774078369,0.2105179876089096,-889.6465454101562,-889.6507568359375,854.0628662109375,870.9427490234375,26.512115478515625,-30.201862335205078,885.0,885.0,97.68211920529801,0,0.0,0,0.0,0.9833059310913086,0.17933064699172974,0.9252036809921265,0.84461909532547,0.03988281264901161,0.005195580888539553,0.003544146427884698,1.4984050721977837e-05,5.80226742386003e-06,0.00011896471551153809,0.00016031297855079174,0.9873771071434021,0.4409996569156647,0.0028306925669312477,0.0010066325776278973
small_1_3,G19,1700,0.17413800954818726,5.742571830749512,0.16261200606822968,-882.7872314453125,-882.7919921875,858.8213500976562,875.723388671875,26.345306396484375,-19.382877349853516,885.0,885.0,97.68211920529801,0,0.0,0,0.0,0.98235684633255,0.14899635314941406,0.9308903217315674,0.8465819954872131,0.04634765535593033,0.005167718045413494,0.00408810144290328,1.4813521374890115e-05,6.056411166355247e-06,0.0006133890128694475,0.0014545657904818654,1.032713532447815,0.4973281919956207,0.002966516651213169,0.0010072914883494377
small_1_3,G19,1750,0.14512503147125244,6.890610218048096,0.12727773189544678,-878.3571166992188,-878.3612670898438,861.7518310546875,878.6516723632812,26.687393188476562,-12.736401557922363,885.0,885.0,97.68211920529801,0,0.0,0,0.0,0.9807494878768921,0.12508472800254822,0.9340704083442688,0.9285351634025574,0.049199216067790985,0.004841524176299572,0.003788007888942957,1.3887800378142856e-05,5.987325039313873e-06,0.00010713948722695932,0.00032343220664188266,1.013598918914795,0.4452657103538513,0.0028770940843969584,0.0009287431603297591
small_1_3,G19,1800,0.11611199378967285,8.612374305725098,0.10024542361497879,-875.273681640625,-875.2775268554688,863.639404296875,880.535888671875,26.34115982055664,-8.579601287841797,885.0,885.0,97.68211920529801,0,0.0,0,0.0,0.9800835847854614,0.10698244720697403,0.935954749584198,0.9354491829872131,0.05119140446186066,0.004585616290569305,0.003836391493678093,1.2921974303026218e-05,5.980515652481699e-06,0.00010173180635320023,0.0001988829462788999,0.9807331562042236,0.4479072690010071,0.0027221546042710543,0.0009097798028960824
small_1_3,G19,1850,0.08709895610809326,11.481193542480469,0.07504609227180481,-872.7080078125,-872.7115478515625,865.04052734375,881.9393920898438,25.61032485961914,-5.440298557281494,885.0,885.0,97.68211920529801,0,0.0,0,0.0,0.98011714220047,0.09061595052480698,0.9374035596847534,0.9391698837280273,0.052519530057907104,0.0043447366915643215,0.0038721561431884766,1.2168879038654268e-05,5.818304998683743e-06,9.669714199844748e-05,0.00021468903287313879,0.9499852657318115,0.4482766389846802,0.0026156106032431126,0.0008864441770128906
small_1_3,G19,1900,0.05808603763580322,17.21584129333496,0.050025176256895065,-870.4877319335938,-870.4909057617188,866.0655517578125,882.9631958007812,24.88109588623047,-2.9801559448242188,885.0,885.0,97.68211920529801,0,0.0,0,0.0,0.9803283214569092,0.07446640729904175,0.9385390281677246,0.9391698837280273,0.05313476547598839,0.004119085613638163,0.003929584287106991,1.1522311069711577e-05,5.740519100072561e-06,9.197270992444828e-05,0.00020073445921298116,0.9205942749977112,0.45971277356147766,0.002537704072892666,0.0008859671652317047
small_1_3,G19,1950,0.029072999954223633,34.396175384521484,0.02501249499619007,-868.596923828125,-868.599853515625,866.7288208007812,883.6271362304688,24.25874137878418,-1.1657220125198364,885.0,885.0,97.68211920529801,0,0.0,0,0.0,0.9805386066436768,0.058256976306438446,0.9395766258239746,0.9391698837280273,0.05254882574081421,0.0039030590560287237,0.003994987811893225,1.091516332962783e-05,5.520138529391261e-06,8.756749593885615e-05,0.0001880147901829332,0.8906438946723938,0.4665099084377289,0.0024651025887578726,0.0008785201353020966
small_1_3,G19,2000,5.999999848427251e-05,16666.66796875,0.0,-867.0399780273438,-867.0431518554688,867.0416870117188,883.937744140625,23.740631103515625,0.0,885.0,885.0,97.68211920529801,0,0.0,0,0.0,0.980724036693573,0.04126105085015297,0.946135401725769,0.9392870664596558,0.020839843899011612,0.0036788692232221365,0.00475132605060935,1.0307666343578603e-05,6.028877578501124e-06,8.346658432856202e-05,0.0002663899795152247,0.8540377616882324,1.7250406742095947,0.002385856816545129,0.0018016486428678036
small_1_3,G20,1,1.159999966621399,0.8620690107345581,1.0,-628.1937255859375,-628.4304809570312,-23.0,-22.999996185302734,554.4752197265625,-8.239234924316406,42.0,42.0,4.463336875664187,0,0.0,0,0.0,0.01030140183866024,0.010299043729901314,0.0002134088717866689,0.0,1.0,0.02446175366640091,0.00024911557557061315,7.644294237252325e-05,6.216785664037161e-07,7.676000677747652e-05,3.3091221212089295e-06,9.59869384765625,9.209709167480469,0.02999591827392578,0.028658472001552582
small_1_3,G20,50,1.1315672397613525,0.8837300539016724,0.9754877686500549,-643.6138305664062,-645.1520385742188,-23.0,-23.0,553.359130859375,-41.9888916015625,127.0,157.0,16.684378320935174,0,0.0,0,0.0,0.05380501225590706,0.053804997354745865,3.721058601513505e-05,0.0,1.0,0.11239681392908096,0.00010001112968893722,0.00035123995621688664,2.566045793628291e-07,0.0003524674684740603,1.3037638382229488e-06,13.446796417236328,0.3532462418079376,0.042021241039037704,0.000918046513106674
small_1_3,G20,100,1.102554202079773,0.9069848656654358,0.9504752159118652,-819.8514404296875,-826.7081298828125,2.108943462371826,8.798580169677734,490.13885498046875,-284.19451904296875,868.0,868.0,92.2422954303932,0,0.0,0,0.0,0.395698219537735,0.3737531900405884,0.10882844775915146,0.0,0.2429492175579071,0.3686719834804535,0.23980911076068878,0.001083213952369988,0.00018070428632199764,0.008120269514620304,0.012117109261453152,16.00836944580078,12.853171348571777,0.04998701810836792,0.03529971465468407
small_1_3,G20,150,1.0735411643981934,0.9314966797828674,0.9254627227783203,-1137.4501953125,-1139.5697021484375,551.2822875976562,563.427490234375,234.36550903320312,-336.68646240234375,909.0,909.0,96.59936238044634,0,0.0,0,0.0,0.8214824199676514,0.4547574520111084,0.6222541332244873,0.0,0.026249999180436134,0.3384163975715637,0.0903465673327446,0.0006394712254405022,7.665421435376629e-05,0.011178390122950077,0.008286632597446442,8.373496055603027,1.4589976072311401,0.023721229285001755,0.0032624213490635157
small_1_3,G20,200,1.0445282459259033,0.9573699831962585,0.9004502296447754,-1161.6962890625,-1161.936767578125,656.4462890625,668.2614135742188,171.01930236816406,-326.85595703125,914.0,914.0,97.13071200850159,0,0.0,0,0.0,0.8780526518821716,0.4537412226200104,0.6906360387802124,0.07289062440395355,0.026982421055436134,0.12093672156333923,0.017158975824713707,0.00020966175361536443,1.2770136891049333e-05,0.004200365394353867,0.011620497331023216,2.680499315261841,0.566398561000824,0.007103108800947666,0.0011720946058630943
small_1_3,G20,250,1.0155152082443237,0.984721839427948,0.8754377365112305,-1155.217529296875,-1155.3037109375,687.074951171875,698.7623901367188,152.9622344970703,-312.89324951171875,915.0,916.0,97.3432518597237,0,0.0,0,0.0,0.8916619420051575,0.44676685333251953,0.7115073204040527,0.10994140058755875,0.02714843675494194,0.0719018429517746,0.006236339919269085,0.0001213053401443176,7.967099918460008e-06,0.002524768002331257,0.0031236521899700165,1.5856205224990845,0.5950073599815369,0.004108907654881477,0.0010765715269371867
small_1_3,G20,300,0.9865021705627441,1.01368248462677,0.8504252433776855,-1145.214599609375,-1145.260009765625,705.6884765625,717.2244873046875,142.59619140625,-298.900146484375,918.0,918.0,97.5557917109458,0,0.0,0,0.0,0.8992612957954407,0.43933922052383423,0.7253949046134949,0.13987304270267487,0.027119139209389687,0.05030083656311035,0.006165812257677317,8.53677629493177e-05,7.624499176017707e-06,0.0017465908313170075,0.0033194769639521837,1.200995922088623,0.5132063031196594,0.0031231027096509933,0.0010246331803500652
small_1_3,G20,350,0.9574891924858093,1.0443981885910034,0.8254126906394958,-1134.3123779296875,-1134.34130859375,720.1131591796875,731.48291015625,134.9223175048828,-285.04144287109375,920.0,920.0,97.7683315621679,0,0.0,0,0.0,0.9048832654953003,0.4316650629043579,0.7370734810829163,0.1679980456829071,0.026142576709389687,0.0381929874420166,0.006796651519834995,6.628754636039957e-05,7.652139174751937e-06,0.0013157932553440332,0.004296230152249336,1.0108773708343506,0.479682058095932,0.00266319140791893,0.0010246285237371922
small_1_3,G20,400,0.9284762144088745,1.077033519744873,0.8004001975059509,-1123.26220703125,-1123.2845458984375,732.7568359375,743.8094482421875,128.42803955078125,-271.2853698730469,920.0,920.0,97.7683315621679,0,0.0,0,0.0,0.909692645072937,0.4236745238304138,0.7478824257850647,0.18919920921325684,0.024843748658895493,0.031042376533150673,0.013765301555395126,5.531226270250045e-05,7.870993613323662e-06,0.00206735054962337,0.010603612288832664,0.9647703170776367,0.5595851540565491,0.002462780801579356,0.0010391459800302982
small_1_3,G20,450,0.8994631767272949,1.111774206161499,0.775387704372406,-1112.1505126953125,-1112.166259765625,744.109130859375,755.038330078125,122.58357238769531,-257.79779052734375,921.0,921.0,97.87460148777896,0,0.0,0,0.0,0.9140424132347107,0.4155949354171753,0.758037269115448,0.2217382788658142,0.023457029834389687,0.02538587711751461,0.0038158537354320288,4.7065841499716043e-05,7.2206175900646485e-06,0.0008378125494346023,0.0013495893217623234,0.8383305072784424,0.44519248604774475,0.0022919608745723963,0.0009754056809470057
small_1_3,G20,500,0.8704501390457153,1.1488308906555176,0.7503751516342163,-1101.142333984375,-1101.1549072265625,754.6356811523438,765.4981689453125,117.18035888671875,-244.51959228515625,923.0,923.0,98.08714133900106,0,0.0,0,0.0,0.9180780649185181,0.40732890367507935,0.7677784562110901,0.24860350787639618,0.02314453013241291,0.021595977246761322,0.0035816426388919353,4.1492439777357504e-05,7.405263659165939e-06,0.0007048161351121962,0.00011076172813773155,0.787483274936676,0.4500395655632019,0.002204859396442771,0.0010002717608585954
small_1_3,G20,550,0.8414371609687805,1.1884428262710571,0.7253626585006714,-1090.328857421875,-1090.339599609375,764.61083984375,775.4254150390625,112.03221130371094,-231.46067810058594,924.0,924.0,98.19341126461211,0,0.0,0,0.0,0.9219303727149963,0.3988706171512604,0.7772527933120728,0.2701660096645355,0.023662108927965164,0.018801558762788773,0.003585051279515028,3.743504930753261e-05,7.3989463089674246e-06,0.0006033251993358135,9.210407733917236e-05,0.7632317543029785,0.45454463362693787,0.0021652504801750183,0.0010066991671919823
small_1_3,G20,600,0.8124241828918457,1.230884075164795,0.7003501653671265,-1079.767578125,-1079.77734375,774.1944580078125,784.8853759765625,107.04844665527344,-218.61402893066406,925.0,925.0,98.29968119022317,0,0.0,0,0.0,0.9256579279899597,0.39018699526786804,0.7866256833076477,0.2932226359844208,0.022714843973517418,0.016763098537921906,0.0039424351416528225,3.442190427449532e-05,7.228298727568472e-06,0.001345967873930931,0.001300994772464037,0.7675678730010986,0.44748592376708984,0.0021623859647661448,0.0009831892093643546
small_1_3,G20,650,0.7834111452102661,1.2764689922332764,0.6753376722335815,-1069.4588623046875,-1069.46728515625,783.401611328125,794.126708984375,102.19967651367188,-206.00131225585938,925.0,925.0,98.29968119022317,0,0.0,0,0.0,0.9292739629745483,0.3812931478023529,0.79586261510849,0.32099607586860657,0.0220800768584013,0.014984733425080776,0.0035839674528688192,3.194151940988377e-05,7.167801868490642e-06,0.0004794868582393974,0.0006499297451227903,0.7528895139694214,0.4416172504425049,0.0021648304536938667,0.0009791769552975893
small_1_3,G20,700,0.7543981075286865,1.3255600929260254,0.6503251791000366,-1059.431396484375,-1059.439453125,792.3154907226562,803.116455078125,97.44586181640625,-193.61106872558594,925.0,925.0,98.29968119022317,0,0.0,0,0.0,0.9328086376190186,0.3721427917480469,0.8050082325935364,0.34586912393569946,0.022226562723517418,0.01368296891450882,0.0036244119983166456,3.0047003747313283e-05,7.2448297032678965e-06,0.00041022864752449095,0.0006723750848323107,0.7717213034629822,0.4966982305049896,0.002193918451666832,0.0010041710920631886
small_1_3,G20,750,0.7253851294517517,1.3785780668258667,0.6253126859664917,-1049.7000732421875,-1049.70751953125,800.9385986328125,811.791259765625,92.7678451538086,-181.47642517089844,925.0,925.0,98.29968119022317,0,0.0,0,0.0,0.936269223690033,0.36277133226394653,0.8140092492103577,0.36885741353034973,0.021464843302965164,0.012500789016485214,0.0036556797567754984,2.8321788704488426e-05,7.186391940194881e-06,0.00040129286935552955,0.0008466365979984403,0.7679159045219421,0.4639819860458374,0.0022162585519254208,0.000991534092463553
small_1_3,G20,800,0.6963721513748169,1.4360138177871704,0.600300133228302,-1040.2674560546875,-1040.274169921875,809.2529296875,820.1774291992188,88.19252014160156,-169.6064453125,925.0,925.0,98.29968119022317,0,0.0,0,0.0,0.9396305680274963,0.3531700670719147,0.8228192925453186,0.3893457055091858,0.022333983331918716,0.011538902297616005,0.003393506398424506,2.6877291020355187e-05,6.838248737039976e-06,0.000333449337631464,0.0001916878391057253,0.7746917605400085,0.42610326409339905,0.0022459616884589195,0.0009462508605793118
small_1_3,G20,850,0.6673591136932373,1.498443603515625,0.5752876400947571,-1031.1337890625,-1031.14013671875,817.258544921875,828.281982421875,83.71575164794922,-158.01309204101562,925.0,925.0,98.29968119022317,0,0.0,0,0.0,0.9428929090499878,0.34333500266075134,0.8314232230186462,0.42298826575279236,0.022880859673023224,0.010718503035604954,0.003402974223718047,2.5633806217228994e-05,6.790046427340712e-06,0.0003032497479580343,8.915411308407784e-05,0.7789520621299744,0.42508068680763245,0.0022792676463723183,0.0009425431489944458
small_1_3,G20,900,0.6383461356163025,1.566548228263855,0.5502750873565674,-1022.3126220703125,-1022.31884765625,824.9862060546875,836.0884399414062,79.31889343261719,-146.69979858398438,925.0,925.0,98.29968119022317,0,0.0,0,0.0,0.9460738301277161,0.33324193954467773,0.8398377895355225,0.4750390648841858,0.023603515699505806,0.01004109438508749,0.003428769065067172,2.457908703945577e-05,6.770782874809811e-06,0.00027700388454832137,0.00014433125033974648,0.7933330535888672,0.4287843108177185,0.0023221271112561226,0.0009448833297938108
small_1_3,G20,950,0.6093330979347229,1.6411384344100952,0.5252625942230225,-1013.81396484375,-1013.8201293945312,832.4554443359375,843.65673828125,74.9940185546875,-135.6683349609375,925.0,925.0,98.29968119022317,0,0.0,0,0.0,0.9491799473762512,0.3228583335876465,0.8480628728866577,0.5061621069908142,0.024570312350988388,0.00951926689594984,0.003519013524055481,2.3707611035206355e-05,6.958372978260741e-06,0.0002575755352154374,0.00010136142373085022,0.8213497400283813,0.45519107580184937,0.0023755691945552826,0.0009766807779669762
small_1_3,G20,1000,0.5803201198577881,1.7231868505477905,0.5002501010894775,-1005.6453247070312,-1005.6513671875,839.66357421875,850.9793701171875,70.73471069335938,-124.93899536132812,925.0,925.0,98.29968119022317,0,0.0,0,0.0,0.9522126317024231,0.31219133734703064,0.8560693264007568,0.5318164229393005,0.02524413913488388,0.008967497386038303,0.0034044121857732534,2.2822929167887196e-05,6.6539851104607806e-06,0.00023382145445793867,0.00016205990687012672,0.8341343998908997,0.43077895045280457,0.002421463606879115,0.0009400520357303321
small_1_3,G20,1050,0.5513070821762085,1.813871145248413,0.4752376079559326,-997.8228759765625,-997.8289794921875,846.5943603515625,858.0296020507812,66.5670166015625,-114.53572845458984,926.0,926.0,98.40595111583421,0,0.0,0,0.0,0.9551507830619812,0.3012591004371643,0.8639097213745117,0.5521484017372131,0.02587890625,0.00856431107968092,0.0041112457402050495,2.204403244832065e-05,6.494794888567412e-06,0.0002692716661840677,0.0018282381352037191,0.8716044425964355,0.43278199434280396,0.0024703226517885923,0.0009125787764787674
small_1_3,G20,1100,0.5222941040992737,1.9146300554275513,0.4502251148223877,-990.3187255859375,-990.3243408203125,853.17138671875,864.7228393554688,62.54063034057617,-104.4884262084961,926.0,926.0,98.40595111583421,0,0.0,0,0.0,0.9579488635063171,0.29010048508644104,0.8714316487312317,0.5709863305091858,0.027158202603459358,0.00809095986187458,0.0033792760223150253,2.1241723516141064e-05,6.493950422736816e-06,0.0003214432508684695,0.00015134969726204872,0.8630107641220093,0.4175824224948883,0.0025006935466080904,0.0009123494965024292
small_1_3,G20,1150,0.4932810664176941,2.0272417068481445,0.425212562084198,-983.1434326171875,-983.14892578125,859.3985595703125,871.07080078125,58.6840705871582,-94.80262756347656,926.0,926.0,98.40595111583421,0,0.0,0,0.0,0.9605879187583923,0.2786918580532074,0.8786165714263916,0.610302746295929,0.028593748807907104,0.007697560824453831,0.003451646538451314,2.0518935343716294e-05,6.571509857167257e-06,0.00018563740013632923,0.00010725203901529312,0.8732427954673767,0.4236122965812683,0.0025371082592755556,0.0009220754727721214
small_1_3,G20,1200,0.4642680883407593,2.15392804145813,0.4002000689506531,-976.30126953125,-976.306640625,865.2888793945312,877.0592041015625,54.9898681640625,-85.48770904541016,926.0,926.0,98.40595111583421,0,0.0,0,0.0,0.9630795121192932,0.2670155465602875,0.8854917883872986,0.6502343416213989,0.028730468824505806,0.007355378475040197,0.003355769906193018,1.9838022126350552e-05,6.307671355898492e-06,0.00019600856467150152,0.00011492031626403332,0.8861442804336548,0.4070015549659729,0.002571954857558012,0.0008876682841219008
small_1_3,G20,1250,0.4352550506591797,2.2975034713745117,0.37518757581710815,-969.7926025390625,-969.7977905273438,870.8413696289062,882.707763671875,51.45939636230469,-76.55839538574219,926.0,926.0,98.40595111583421,0,0.0,0,0.0,0.965423583984375,0.25506705045700073,0.892108142375946,0.6707714796066284,0.029726561158895493,0.007022226229310036,0.0034059234894812107,1.9181303287041374e-05,6.360204679367598e-06,0.0001612525520613417,0.00011640903539955616,0.8940257430076599,0.4132424294948578,0.002603372558951378,0.0009001408470794559
small_1_3,G20,1300,0.4062420725822449,2.4615864753723145,0.35017526149749756,-963.6202392578125,-963.6253662109375,876.0726928710938,888.01025390625,48.07939910888672,-68.02082824707031,926.0,926.0,98.40595111583421,0,0.0,0,0.0,0.9676487445831299,0.2428099364042282,0.8986136317253113,0.6815332174301147,0.030644530430436134,0.006752809509634972,0.0034695675130933523,1.859254734881688e-05,6.3548923208145425e-06,0.000289421557681635,0.00019630527822300792,0.9125325083732605,0.42301321029663086,0.0026399465277791023,0.0009056879207491875
small_1_3,G20,1350,0.3772290349006653,2.650909423828125,0.3251709043979645,-957.7896728515625,-957.7946166992188,880.98779296875,892.9580688476562,44.82860565185547,-59.89615249633789,926.0,926.0,98.40595111583421,0,0.0,0,0.0,0.969782292842865,0.23024871945381165,0.9048447012901306,0.6910937428474426,0.031240234151482582,0.0064748614095151424,0.0034725028090178967,1.8003484001383185e-05,6.334929366857978e-06,0.0001412777346558869,0.0001463792286813259,0.9231800436973572,0.41837388277053833,0.0026716471184045076,0.000901638122741133
small_1_3,G20,1400,0.34821605682373047,2.8717801570892334,0.3003411889076233,-952.3528442382812,-952.3604736328125,885.5726318359375,897.5291748046875,41.73240280151367,-52.25596618652344,926.0,926.0,98.40595111583421,0,0.0,0,0.0,0.9717854261398315,0.21748584508895874,0.9106263518333435,0.7080370783805847,0.032343748956918716,0.0066105094738304615,0.01113048940896988,1.7473248590249568e-05,6.4229066083498765e-06,0.0018488419009372592,0.010150937363505363,0.957072377204895,0.5577009320259094,0.002701867138966918,0.0008976790704764426
small_1_3,G20,1450,0.3192030191421509,3.1328024864196777,0.277316153049469,-947.5399169921875,-947.544921875,889.56982421875,901.5323486328125,38.75956344604492,-45.602928161621094,926.0,926.0,98.40595111583421,0,0.0,0,0.0,0.9736982583999634,0.2055547684431076,0.9157017469406128,0.8088671565055847,0.033720701932907104,0.006004322785884142,0.003894938388839364,1.6983003661152907e-05,6.274907718761824e-06,0.0001442343054804951,0.0014603470917791128,0.9505937099456787,0.44432881474494934,0.00274031818844378,0.0008761417702771723
small_1_3,G20,1500,0.29019004106521606,3.4460177421569824,0.2625235319137573,-944.345947265625,-944.35107421875,892.3182373046875,904.2449340820312,35.58880615234375,-41.70526885986328,926.0,926.0,98.40595111583421,0,0.0,0,0.0,0.9759550094604492,0.1985788345336914,0.9192606806755066,0.8366894125938416,0.034160155802965164,0.0058690207079052925,0.004581484477967024,1.694835736998357e-05,6.659321115876082e-06,0.0003173888835590333,0.002633202588185668,0.9849008321762085,0.4745049476623535,0.0028687661979347467,0.0008987372275441885
small_1_3,G20,1550,0.26117706298828125,3.82882022857666,0.26034680008888245,-943.2864990234375,-943.291748046875,893.422119140625,905.33837890625,31.624160766601562,-41.610198974609375,926.0,926.0,98.40595111583421,0,0.0,0,0.0,0.9792804718017578,0.1997825652360916,0.9209433794021606,0.8511328101158142,0.0341796875,0.0058109634555876255,0.0037942929193377495,1.7003589164232835e-05,7.032887879176997e-06,0.00011075603106291965,0.00046035880222916603,1.0553667545318604,0.45974957942962646,0.003055450739338994,0.0009627340477891266
small_1_3,G20,1600,0.23216402530670166,4.307299613952637,0.25009971857070923,-941.060546875,-941.0653686523438,895.3930053710938,907.3148803710938,27.47371482849121,-39.293983459472656,926.0,926.0,98.40595111583421,0,0.0,0,0.0,0.9827840924263,0.19639159739017487,0.9236385226249695,0.8538867235183716,0.034248046576976776,0.005464772693812847,0.003450751071795821,1.589466592122335e-05,6.304350335994968e-06,0.00010463996295584366,0.00011964945588260889,1.035483717918396,0.42378759384155273,0.0029877887573093176,0.0009164591901935637
small_1_3,G20,1650,0.20315104722976685,4.922445774078369,0.2105179876089096,-934.641845703125,-934.64599609375,900.224609375,912.1718139648438,25.110801696777344,-29.32017707824707,926.0,926.0,98.40595111583421,0,0.0,0,0.0,0.9842753410339355,0.17409542202949524,0.9294865727424622,0.8541210889816284,0.03603515401482582,0.005158979445695877,0.0034480171743780375,1.50010628203745e-05,5.682626579073258e-06,9.905816114041954e-05,0.000166215468198061,0.979854166507721,0.4374569356441498,0.002812860766425729,0.0009958096779882908
small_1_3,G20,1700,0.17413800954818726,5.742571830749512,0.16261200606822968,-928.0126953125,-928.0169677734375,904.9161376953125,916.8814697265625,24.917560577392578,-18.761741638183594,926.0,926.0,98.40595111583421,0,0.0,0,0.0,0.9833837151527405,0.14422167837619781,0.934864342212677,0.8567284941673279,0.04122070223093033,0.005045406054705381,0.0036713960580527782,1.4757709323021118e-05,5.9393046285549644e-06,9.392174251843244e-05,0.00014651566743850708,1.0197770595550537,0.4471997320652008,0.0029326502699404955,0.000987956766039133
small_1_3,G20,1750,0.14512503147125244,6.890610218048096,0.12727773189544678,-923.7406005859375,-923.74462890625,907.7862548828125,919.7532958984375,25.21489715576172,-12.298989295959473,926.0,926.0,98.40595111583421,0,0.0,0,0.0,0.9818686246871948,0.12078888714313507,0.9379327297210693,0.9312793016433716,0.04468749836087227,0.004762155469506979,0.0037129707634449005,1.3797899555356707e-05,5.963358489680104e-06,8.911834447644651e-05,0.0001702752197161317,0.98995441198349,0.43915343284606934,0.002828229684382677,0.0009185391245409846
small_1_3,G20,1800,0.11611199378967285,8.612374305725098,0.10024542361497879,-920.78173828125,-920.785400390625,909.633544921875,921.6001586914062,24.854433059692383,-8.265923500061035,926.0,926.0,98.40595111583421,0,0.0,0,0.0,0.9812760949134827,0.10307107865810394,0.9398459196090698,0.9417577981948853,0.04707031324505806,0.004514534026384354,0.0036908381152898073,1.2859396520070732e-05,5.871091616427293e-06,8.466395956929773e-05,0.00016999454237520695,0.9568374156951904,0.441617488861084,0.00267832656390965,0.0008953367942012846
small_1_3,G20,1850,0.08709895610809326,11.481193542480469,0.07504609227180481,-918.3295288085938,-918.3329467773438,911.0067138671875,922.9720458984375,24.138011932373047,-5.223812580108643,926.0,926.0,98.40595111583421,0,0.0,0,0.0,0.981339693069458,0.08701006323099136,0.9412983655929565,0.9431836009025574,0.048417966812849045,0.004291064105927944,0.003705140668898821,1.2138879355916288e-05,5.709881406801287e-06,8.051269105635583e-05,0.00015583191998302937,0.9324730038642883,0.44262441992759705,0.0025821656454354525,0.000876121805049479
small_1_3,G20,1900,0.05808603763580322,17.21584129333496,0.050025176256895065,-916.2174072265625,-916.2205810546875,912.01220703125,923.975830078125,23.432403564453125,-2.8472399711608887,926.0,926.0,98.40595111583421,0,0.0,0,0.0,0.981554388999939,0.07114516943693161,0.9424139261245728,0.9432128667831421,0.049150388687849045,0.00407425919547677,0.0037797014228999615,1.1508248462632764e-05,5.6361500355706085e-06,7.664487202418968e-05,0.00018302525859326124,0.9065149426460266,0.45457708835601807,0.002510176273062825,0.0008743074140511453
small_1_3,G20,1950,0.029072999954223633,34.396175384521484,0.02501249499619007,-914.4293212890625,-914.4322509765625,912.6634521484375,924.6272583007812,22.832456588745117,-1.104937195777893,926.0,926.0,98.40595111583421,0,0.0,0,0.0,0.9817599058151245,0.05521925911307335,0.9434075951576233,0.9432128667831421,0.04854492098093033,0.0038637854158878326,0.0038720599841326475,1.0910707715083845e-05,5.440379027277231e-06,7.30538449715823e-05,0.0001996653591049835,0.8784146904945374,0.464376300573349,0.002441250253468752,0.0008697056327946484
small_1_3,G20,2000,5.999999848427251e-05,16666.66796875,0.0,-912.9685668945312,-912.9716186523438,912.9702758789062,924.932373046875,22.333633422851562,0.0,926.0,926.0,98.40595111583421,0,0.0,0,0.0,0.9819380044937134,0.03872703015804291,0.9493792653083801,0.9432421922683716,0.020478514954447746,0.003646204946562648,0.004503737669438124,1.0314182873116806e-05,5.875017905054847e-06,6.973953713895753e-05,0.0002929830807261169,0.8442703485488892,1.6282150745391846,0.002366388915106654,0.0017124736914411187
small_1_3,G21,1,1.159999966621399,0.8620690107345581,1.0,-617.693603515625,-617.930419921875,-33.5,-33.499996185302734,554.4752197265625,-8.239219665527344,31.0,31.0,3.329752953813104,0,0.0,0,0.0,0.010301370173692703,0.010299024172127247,0.00021276467305142432,0.0,1.0,0.024461664259433746,0.00025112481671385467,7.64426586101763e-05,6.256636311263719e-07,7.67725141486153e-05,3.653792873592465e-06,9.59869384765625,9.205796241760254,0.02999591827392578,0.028644489124417305
small_1_3,G21,50,1.1315672397613525,0.8837300539016724,0.9754877686500549,-633.11376953125,-634.65185546875,-33.5,-33.5,553.359130859375,-41.988773345947266,143.0,144.0,15.467239527389903,0,0.0,0,0.0,0.05380485951900482,0.05380484089255333,3.7160669307922944e-05,0.0,1.0,0.11239653080701828,9.971737017622218e-05,0.0003512390539981425,2.5631436528783524e-07,0.0003525420615915209,1.2655013961193617e-06,13.446798324584961,0.3541535437107086,0.042021244764328,0.0009202712681144476
small_1_3,G21,100,1.102554202079773,0.9069848656654358,0.9504752159118652,-808.9932250976562,-815.7431640625,-9.747171401977539,-2.9300613403320312,490.1568908691406,-285.0657958984375,857.0,857.0,92.0515574650913,0,0.0,0,0.0,0.39564475417137146,0.3748990297317505,0.10501415282487869,0.0,0.262939453125,0.36601874232292175,0.24231232702732086,0.001074942178092897,0.00017360298079438508,0.010494161397218704,0.013329918496310711,15.987285614013672,12.550604820251465,0.0499236099421978,0.03421328589320183
small_1_3,G21,150,1.0735411643981934,0.9314966797828674,0.9254627227783203,-1116.03955078125,-1118.0966796875,522.808349609375,547.5798950195312,237.10775756835938,-340.743408203125,902.0,902.0,96.88506981740065,0,0.0,0,0.0,0.8186169266700745,0.46023377776145935,0.6158039569854736,0.0,0.023525390774011612,0.3404712378978729,0.08861631900072098,0.0006234114407561719,7.157167419791222e-05,0.013307231478393078,0.010447166860103607,8.288007736206055,1.5661274194717407,0.023442476987838745,0.003428010968491435
small_1_3,G21,200,1.0445282459259033,0.9573699831962585,0.9004502296447754,-1138.990478515625,-1139.22705078125,627.1210327148438,654.9521484375,173.59230041503906,-330.78399658203125,912.0,912.0,97.95918367346938,0,0.0,0,0.0,0.8759267330169678,0.4591924846172333,0.6860031485557556,0.06480468809604645,0.02094726450741291,0.12201226502656937,0.02374310791492462,0.00020380310888867825,1.271873406949453e-05,0.005015270318835974,0.016443749889731407,2.658482074737549,0.714699923992157,0.007023822981864214,0.0012211183784529567
small_1_3,G21,250,1.0155152082443237,0.984721839427948,0.8754377365112305,-1132.2135009765625,-1132.299560546875,657.9229736328125,686.455322265625,155.4043426513672,-316.56109619140625,912.0,912.0,97.95918367346938,0,0.0,0,0.0,0.8898179531097412,0.45200401544570923,0.7077651619911194,0.10681640356779099,0.020722655579447746,0.07257327437400818,0.017349394038319588,0.00011787580297095701,8.32329078548355e-06,0.0030189845710992813,0.013499878346920013,1.5804963111877441,0.6630576848983765,0.004060275852680206,0.0011132881045341492
small_1_3,G21,300,0.9865021705627441,1.01368248462677,0.8504252433776855,-1121.99560546875,-1122.0396728515625,676.7089233398438,705.440673828125,144.9268341064453,-302.360107421875,912.0,912.0,97.95918367346938,0,0.0,0,0.0,0.8976045250892639,0.4444248080253601,0.7221806049346924,0.13587890565395355,0.020234374329447746,0.05070030689239502,0.005510972812771797,8.279478061012924e-05,7.741928129689768e-06,0.002110048895701766,0.0029804250225424767,1.1969218254089355,0.50855553150177,0.003083823248744011,0.0010494983289390802
small_1_3,G21,350,0.9574891924858093,1.0443981885910034,0.8254126906394958,-1110.858642578125,-1110.88671875,691.2454833984375,720.294921875,137.15847778320312,-288.3134765625,912.0,912.0,97.95918367346938,0,0.0,0,0.0,0.9033723473548889,0.43662017583847046,0.7342848181724548,0.1624414026737213,0.02006835862994194,0.03851872310042381,0.005156263709068298,6.436489638872445e-05,7.401148195640417e-06,0.0015915421536192298,0.003235111478716135,1.0010275840759277,0.48494336009025574,0.0026267915964126587,0.0010029841214418411
small_1_3,G21,400,0.9284762144088745,1.077033519744873,0.8004001975059509,-1099.4937744140625,-1099.513671875,703.7735595703125,733.1685180664062,130.6043701171875,-274.47705078125,913.0,913.0,98.06659505907626,0,0.0,0,0.0,0.9082732200622559,0.4286559820175171,0.7452628016471863,0.18336912989616394,0.019541015848517418,0.030825765803456306,0.003696525003761053,5.315969610819593e-05,7.412841569021111e-06,0.0012590865371748805,0.0008515233639627695,0.8953161835670471,0.4661731421947479,0.0023892878089100122,0.0010112085146829486
small_1_3,G21,450,0.8994631767272949,1.111774206161499,0.775387704372406,-1088.15478515625,-1088.1697998046875,715.1206665039062,744.9127197265625,124.72038269042969,-260.8677673339844,913.0,913.0,98.06659505907626,0,0.0,0,0.0,0.9126936793327332,0.4205440878868103,0.7555750608444214,0.21254882216453552,0.019453125074505806,0.025513652712106705,0.003476695390418172,4.5623652113135904e-05,7.236724741233047e-06,0.0010300265857949853,0.00010835332795977592,0.8168503642082214,0.44536054134368896,0.002248015021905303,0.0009892354719340801
small_1_3,G21,500,0.8704501390457153,1.1488308906555176,0.7503751516342163,-1076.9625244140625,-1076.9749755859375,725.7206420898438,755.8856201171875,119.23329162597656,-247.4676513671875,914.0,914.0,98.17400644468313,0,0.0,0,0.0,0.9168241620063782,0.4122399091720581,0.7655013799667358,0.23551757633686066,0.019179686903953552,0.021766098216176033,0.0035240340512245893,4.0442821045871824e-05,7.303743586817291e-06,0.0008632868411950767,0.00010113685857504606,0.7842239737510681,0.4696681499481201,0.0021822722628712654,0.0010007009841501713
small_1_3,G21,550,0.8414371609687805,1.1884428262710571,0.7253626585006714,-1065.9833984375,-1065.9940185546875,735.7916259765625,766.261474609375,113.99787902832031,-234.2802734375,914.0,914.0,98.17400644468313,0,0.0,0,0.0,0.9207631945610046,0.40372955799102783,0.7751568555831909,0.25511717796325684,0.019277343526482582,0.0189343448728323,0.0036298809573054314,3.656477201730013e-05,7.534541509812698e-06,0.0007373875705525279,0.00027288193814456463,0.7609859704971313,0.45963671803474426,0.002150359796360135,0.001028969418257475
small_1_3,G21,600,0.8124241828918457,1.230884075164795,0.7003501653671265,-1055.27490234375,-1055.284912109375,745.5275268554688,776.1755981445312,108.90469360351562,-221.28067016601562,914.0,914.0,98.17400644468313,0,0.0,0,0.0,0.9245940446853638,0.39494648575782776,0.7847200036048889,0.27689453959465027,0.018779296427965164,0.016984766349196434,0.005958090536296368,3.384670344530605e-05,7.405581072816858e-06,0.0007122304523363709,0.0034272728953510523,0.7994312047958374,0.4845046103000641,0.002168236533179879,0.0010158127406612039
small_1_3,G21,650,0.7834111452102661,1.2764689922332764,0.6753376722335815,-1044.82275390625,-1044.831298828125,754.8619995117188,785.6761474609375,103.94112396240234,-208.54067993164062,914.0,914.0,98.17400644468313,0,0.0,0,0.0,0.9283062815666199,0.3859933316707611,0.7940478920936584,0.30620115995407104,0.01889648474752903,0.015112399123609066,0.003559848992154002,3.1353225494967774e-05,7.171711786213564e-06,0.0005611879169009626,0.0003251112066209316,0.7624052166938782,0.49684953689575195,0.0021644597873091698,0.0009987226221710443
small_1_3,G21,700,0.7543981075286865,1.3255600929260254,0.6503251791000366,-1034.657958984375,-1034.665771484375,763.8826293945312,794.7901611328125,99.09008026123047,-196.02981567382812,914.0,914.0,98.17400644468313,0,0.0,0,0.0,0.9319184422492981,0.37679189443588257,0.8032320737838745,0.33216795325279236,0.019287109375,0.01371180173009634,0.003571829292923212,2.942237551906146e-05,7.078101589286234e-06,0.000497694592922926,0.0007887803949415684,0.7638376355171204,0.4726519286632538,0.0021847914904356003,0.000989171676337719
small_1_3,G21,750,0.7253851294517517,1.3785780668258667,0.6253126859664917,-1024.7904052734375,-1024.7978515625,772.6295166015625,803.54052734375,94.30953216552734,-183.75750732421875,914.0,914.0,98.17400644468313,0,0.0,0,0.0,0.9354644417762756,0.36733123660087585,0.8123450875282288,0.3549218773841858,0.019365234300494194,0.012569708749651909,0.003686301875859499,2.7832364139612764e-05,6.9876846282568295e-06,0.0004451722197700292,0.001270981039851904,0.7781868577003479,0.45464634895324707,0.0022187039721757174,0.0009751479956321418
small_1_3,G21,800,0.6963721513748169,1.4360138177871704,0.600300133228302,-1015.2218627929688,-1015.2286376953125,781.0656127929688,811.9486083984375,89.61717224121094,-171.7561492919922,914.0,914.0,98.17400644468313,0,0.0,0,0.0,0.9389209747314453,0.3576464056968689,0.8212741613388062,0.3775390684604645,0.019765624776482582,0.011602059006690979,0.0035625200252979994,2.6434026949573308e-05,7.1622685027250554e-06,0.000505983189214021,0.00026000943034887314,0.7775710821151733,0.45276105403900146,0.002247583819553256,0.0009981857147067785
small_1_3,G21,850,0.6673591136932373,1.498443603515625,0.5752876400947571,-1005.9692993164062,-1005.9759521484375,789.221435546875,820.0133056640625,85.00741577148438,-160.02395629882812,914.0,914.0,98.17400644468313,0,0.0,0,0.0,0.9422926306724548,0.3477042317390442,0.8300405740737915,0.40394529700279236,0.020107422024011612,0.010846205055713654,0.003451105672866106,2.5303927031927742e-05,6.913188826729311e-06,0.0003860643191728741,0.0001209811307489872,0.8029487729072571,0.453113853931427,0.0022919033654034138,0.0009737663785926998
small_1_3,G21,900,0.6383461356163025,1.566548228263855,0.5502750873565674,-997.0413208007812,-997.0475463867188,797.0984497070312,827.738037109375,80.47176361083984,-148.58026123046875,913.0,914.0,98.17400644468313,0,0.0,0,0.0,0.9455844163894653,0.33751362562179565,0.838650643825531,0.4539550542831421,0.020429687574505806,0.010090246796607971,0.0036066346801817417,2.420960481686052e-05,6.812567335146014e-06,0.0003317827940918505,0.0011243121698498726,0.8007458448410034,0.43066614866256714,0.002327797468751669,0.0009562671766616404
small_1_3,G21,950,0.6093330979347229,1.6411384344100952,0.5252625942230225,-988.4219970703125,-988.427978515625,804.649658203125,835.1415405273438,76.05018615722656,-137.43841552734375,914.0,914.0,98.17400644468313,0,0.0,0,0.0,0.948760986328125,0.32707077264785767,0.847083330154419,0.48451170325279236,0.020439453423023224,0.009536470286548138,0.0034190816804766655,2.3310996766667813e-05,6.762952580174897e-06,0.00047598560922779143,0.0002030062023550272,0.8155840039253235,0.4477841258049011,0.002371925162151456,0.0009525162749923766
small_1_3,G21,1000,0.5803201198577881,1.7231868505477905,0.5002501010894775,-980.141845703125,-980.1478271484375,811.929443359375,842.2034912109375,71.70646667480469,-126.60574340820312,914.0,914.0,98.17400644468313,0,0.0,0,0.0,0.9518561363220215,0.3163560926914215,0.85532546043396,0.510693371295929,0.02128906175494194,0.009041906334459782,0.004451426211744547,2.2511190763907507e-05,6.706801741529489e-06,0.0007862604688853025,0.0027936575934290886,0.8448668122291565,0.43569672107696533,0.0024246599059551954,0.0009459867724217474
small_1_3,G21,1050,0.5513070821762085,1.813871145248413,0.4752376079559326,-972.2052001953125,-972.2110595703125,818.9398193359375,848.9379272460938,67.4587631225586,-116.08074951171875,914.0,914.0,98.17400644468313,0,0.0,0,0.0,0.9548503160476685,0.30532291531562805,0.8633388876914978,0.5332617163658142,0.021904297173023224,0.008622875437140465,0.003679038258269429,2.177762689825613e-05,6.738091542501934e-06,0.0005235431017354131,0.0007661563577130437,0.8608834743499756,0.49078652262687683,0.0024737310595810413,0.0009576937300153077
small_1_3,G21,1100,0.5222941040992737,1.9146300554275513,0.4502251148223877,-964.60009765625,-964.6058349609375,825.6146240234375,855.3219604492188,63.33363723754883,-105.91238403320312,914.0,914.0,98.17400644468313,0,0.0,0,0.0,0.9577184915542603,0.29405397176742554,0.871026873588562,0.5512890219688416,0.022763671353459358,0.008169256150722504,0.003539135679602623,2.1019734049332328e-05,6.560260317201028e-06,0.0005770747666247189,0.0006081005558371544,0.8673810362815857,0.46576476097106934,0.0025129131972789764,0.0009311903268098831
small_1_3,G21,1150,0.4932810664176941,2.0272417068481445,0.425212562084198,-957.3245849609375,-957.3299560546875,831.9393310546875,861.384765625,59.36988067626953,-96.10464477539062,914.0,914.0,98.17400644468313,0,0.0,0,0.0,0.9604304432868958,0.2825194001197815,0.8783900141716003,0.594189465045929,0.023496093228459358,0.007713399361819029,0.003358653513714671,2.0308585590100847e-05,6.34340540273115e-06,0.00022313519730232656,0.00022679893299937248,0.8750439882278442,0.41165006160736084,0.002550640609115362,0.0008997186087071896
small_1_3,G21,1200,0.4642680883407593,2.15392804145813,0.4002000689506531,-950.3875732421875,-950.3929443359375,837.9320068359375,867.1202392578125,55.55973434448242,-86.66626739501953,914.0,914.0,98.17400644468313,0,0.0,0,0.0,0.9629994630813599,0.2706966996192932,0.8854959011077881,0.63916015625,0.024433592334389687,0.0073720053769648075,0.003420178545638919,1.966842137335334e-05,6.4000118982221466e-06,0.0002082386490656063,0.00017422903329133987,0.8910127878189087,0.42169904708862305,0.002591162919998169,0.0009104341152124107
small_1_3,G21,1250,0.4352550506591797,2.2975034713745117,0.37518757581710815,-943.79541015625,-943.8006591796875,843.6051025390625,872.5326538085938,51.89373779296875,-77.60853576660156,914.0,914.0,98.17400644468313,0,0.0,0,0.0,0.9654446244239807,0.258565753698349,0.8924108743667603,0.6579980254173279,0.025458984076976776,0.007063566707074642,0.0034052333794534206,1.9065852029598318e-05,6.354069228109438e-06,0.00023675152624491602,0.0001363328192383051,0.9078283309936523,0.41517966985702515,0.0026317357551306486,0.0009067065548151731
small_1_3,G21,1300,0.4062420725822449,2.4615864753723145,0.35017526149749756,-937.57177734375,-937.5770263671875,848.9857177734375,877.614013671875,48.35554504394531,-68.94725799560547,914.0,914.0,98.17400644468313,0,0.0,0,0.0,0.9677863121032715,0.24611695110797882,0.8991151452064514,0.6693359017372131,0.026298828423023224,0.006816962268203497,0.004697874188423157,1.8518607248552144e-05,6.349485829559853e-06,0.0001891637803055346,0.0019371923990547657,0.9546975493431091,0.4244527816772461,0.002680852310732007,0.0008983194711618125
small_1_3,G21,1350,0.3772290349006653,2.650909423828125,0.3251709043979645,-931.686767578125,-931.6918334960938,854.0128784179688,882.3599853515625,44.98918914794922,-60.707740783691406,914.0,914.0,98.17400644468313,0,0.0,0,0.0,0.969988226890564,0.23336860537528992,0.9054524898529053,0.6785742044448853,0.027705077081918716,0.006521089468151331,0.0036890902556478977,1.7922135157277808e-05,6.244279120437568e-06,0.00020249420776963234,0.0013235402293503284,0.9417944550514221,0.4133092761039734,0.0027050289791077375,0.0008915347279980779
small_1_3,G21,1400,0.34821605682373047,2.8717801570892334,0.3003411889076233,-926.1785888671875,-926.1840209960938,858.6732177734375,886.7396240234375,41.8067626953125,-52.95295333862305,914.0,914.0,98.17400644468313,0,0.0,0,0.0,0.9720332026481628,0.22038665413856506,0.91136634349823,0.6997948884963989,0.02950195223093033,0.006458193529397249,0.0037519908510148525,1.7401665900251828e-05,6.230031431186944e-06,0.0008716578595340252,0.0012279096990823746,0.9741473197937012,0.4843285083770752,0.002737166127189994,0.000890403229277581
small_1_3,G21,1450,0.3192030191421509,3.1328024864196777,0.277316153049469,-921.31201171875,-921.31689453125,862.7442626953125,890.559814453125,38.757808685302734,-46.20097351074219,914.0,914.0,98.17400644468313,0,0.0,0,0.0,0.9739788770675659,0.20825044810771942,0.9165669083595276,0.8006445169448853,0.030996093526482582,0.0060340710915625095,0.003601617645472288,1.6913840227061883e-05,6.351186584652169e-06,0.00022065472148824483,0.00048002484254539013,0.961296796798706,0.4190545082092285,0.0027728434652090073,0.0008887193980626762
small_1_3,G21,1500,0.29019004106521606,3.4460177421569824,0.2625235319137573,-918.0551147460938,-918.06005859375,865.5013427734375,893.144287109375,35.53705596923828,-42.246273040771484,914.0,914.0,98.17400644468313,0,0.0,0,0.0,0.9762448072433472,0.2011547088623047,0.920210599899292,0.8347265720367432,0.03233398497104645,0.00587770389392972,0.003624500473961234,1.68798378581414e-05,6.540677077282453e-06,0.00014375598402693868,0.00013953819870948792,0.989734411239624,0.42742201685905457,0.00289908261038363,0.0008883730624802411
small_1_3,G21,1550,0.26117706298828125,3.82882022857666,0.26034680008888245,-916.9869995117188,-916.9923095703125,866.6143798828125,894.1386108398438,31.54047393798828,-42.140296936035156,914.0,914.0,98.17400644468313,0,0.0,0,0.0,0.9795506000518799,0.2023276835680008,0.9219391942024231,0.8478026986122131,0.03246093541383743,0.005835010204464197,0.003686410840600729,1.6956179024418816e-05,6.90342130837962e-06,0.00013555838086176664,0.0001371761318296194,1.062164545059204,0.45325368642807007,0.0030882160644978285,0.0009556717704981565
small_1_3,G21,1600,0.23216402530670166,4.307299613952637,0.25009971857070923,-914.7457275390625,-914.7506103515625,868.6214599609375,896.0108642578125,27.367382049560547,-39.775413513183594,914.0,914.0,98.17400644468313,0,0.0,0,0.0,0.9830245971679688,0.1987977772951126,0.9247260093688965,0.850390613079071,0.03256835788488388,0.005494413897395134,0.0034778094850480556,1.586815960763488e-05,6.301612302195281e-06,0.0001282028533751145,0.00019460846669971943,1.0451000928878784,0.4226553738117218,0.0030248111579567194,0.000917539291549474
small_1_3,G21,1650,0.20315104722976685,4.922445774078369,0.2105179876089096,-908.2635498046875,-908.2677001953125,873.5465698242188,900.6730346679688,24.953821182250977,-29.6517276763916,914.0,914.0,98.17400644468313,0,0.0,0,0.0,0.9845361709594727,0.17606410384178162,0.9308212995529175,0.8507617115974426,0.036376953125,0.005179103929549456,0.0034680564422160387,1.4942123016226105e-05,5.690857051376952e-06,0.00012199435150250793,0.0001542700920253992,0.9875783920288086,0.43826204538345337,0.002843867987394333,0.0010033798171207309
small_1_3,G21,1700,0.17413800954818726,5.742571830749512,0.16261200606822968,-901.5755615234375,-901.579833984375,878.3375244140625,905.2072143554688,24.6695613861084,-18.94644546508789,914.0,914.0,98.17400644468313,0,0.0,0,0.0,0.9837327599525452,0.1456415206193924,0.9364727735519409,0.8523535132408142,0.040800780057907104,0.005064371041953564,0.0036408461164683104,1.4704712157254107e-05,5.856834377482301e-06,0.00011637416901066899,0.00013949477579444647,1.025208592414856,0.44870075583457947,0.0029597145039588213,0.0009959700983017683
small_1_3,G21,1750,0.14512503147125244,6.890610218048096,0.12727773189544678,-897.2803955078125,-897.2845458984375,881.276611328125,907.9710693359375,24.876541137695312,-12.397684097290039,914.0,914.0,98.17400644468313,0,0.0,0,0.0,0.9823100566864014,0.12175818532705307,0.9396559000015259,0.9328905940055847,0.04278320074081421,0.004804600030183792,0.003690651385113597,1.3802668036078103e-05,5.901800250285305e-06,0.0001108897413359955,0.00014339544577524066,1.004638671875,0.4423125088214874,0.0028699522372335196,0.0009272426832467318
small_1_3,G21,1800,0.11611199378967285,8.612374305725098,0.10024542361497879,-894.3203735351562,-894.3241577148438,883.17431640625,909.7445068359375,24.45832633972168,-8.309964179992676,914.0,914.0,98.17400644468313,0,0.0,0,0.0,0.98175448179245,0.10362023860216141,0.9415978789329529,0.9415332078933716,0.04423828050494194,0.004560572560876608,0.003697264939546585,1.2884977877547499e-05,5.775339559477288e-06,0.00010547212150413543,0.00015812093624845147,0.9747949838638306,0.44160622358322144,0.002727293409407139,0.0008978661498986185
small_1_3,G21,1850,0.08709895610809326,11.481193542480469,0.07504609227180481,-891.8779296875,-891.88134765625,884.5860595703125,911.06640625,23.703781127929688,-5.230754375457764,914.0,914.0,98.17400644468313,0,0.0,0,0.0,0.9818282127380371,0.08712569624185562,0.9430708289146423,0.9447753429412842,0.04559570178389549,0.004332175478339195,0.0037577564362436533,1.2161735867266543e-05,5.770647021563491e-06,0.00010021718480857089,0.00018133188132196665,0.9492539167404175,0.44840317964553833,0.002630367875099182,0.0008964185835793614
small_1_3,G21,1900,0.05808603763580322,17.21584129333496,0.050025176256895065,-889.7846069335938,-889.787841796875,885.619384765625,912.0355224609375,22.968570709228516,-2.8343238830566406,914.0,914.0,98.17400644468313,0,0.0,0,0.0,0.9820491075515747,0.07082244008779526,0.9442112445831299,0.9449120759963989,0.04590820148587227,0.00411006435751915,0.0038267315831035376,1.1524673027452081e-05,5.620221145363757e-06,9.524637425784022e-05,0.00018261813966091722,0.9217599630355835,0.456051230430603,0.0025559733621776104,0.0008819582872092724
small_1_3,G21,1950,0.029072999954223633,34.396175384521484,0.02501249499619007,-888.0244750976562,-888.0274658203125,886.2884521484375,912.6646728515625,22.343900680541992,-1.0893604755401611,914.0,914.0,98.17400644468313,0,0.0,0,0.0,0.9822614789009094,0.05444081127643585,0.9452453255653381,0.9449316263198853,0.04559570178389549,0.0038945022970438004,0.0038964117411524057,1.0919703527179081e-05,5.4753641052229796e-06,9.057776333065704e-05,0.00021536860731430352,0.8922814726829529,0.47000864148139954,0.0024843188002705574,0.0008897833176888525
small_1_3,G21,2000,5.999999848427251e-05,16666.66796875,0.0,-886.6019897460938,-886.6051635742188,886.6038818359375,912.959228515625,21.822900772094727,0.0,914.0,914.0,98.17400644468313,0,0.0,0,0.0,0.9824491739273071,0.03723332658410072,0.9515040516853333,0.9449804425239563,0.017949217930436134,0.0036695864982903004,0.0044375876896083355,1.0312457561667543e-05,5.805961336591281e-06,8.627394709037617e-05,0.0002076395758194849,0.8558266758918762,1.7286672592163086,0.0024056381080299616,0.0017503603594377637
