step,temperature,beta,gamma_base,gamma_pulse,gamma
1,1.16,0.862069,1.0,0.0,1.0
2,1.1594197,0.8625005,0.99949974,0.0,0.99949974
3,1.1588395,0.8629323,0.9989995,0.0,0.9989995
4,1.1582592,0.86336464,0.9984993,0.0,0.9984993
5,1.157679,0.8637973,0.997999,0.0,0.997999
6,1.1570987,0.8642306,0.99749875,0.0,0.99749875
7,1.1565185,0.8646641,0.9969985,0.0,0.9969985
8,1.1559381,0.8650982,0.9964982,0.0,0.9964982
9,1.1553578,0.8655327,0.995998,0.0,0.995998
10,1.1547776,0.8659676,0.99549776,0.0,0.99549776
11,1.1541973,0.866403,0.9949975,0.0,0.9949975
12,1.1536171,0.8668387,0.99449724,0.0,0.99449724
13,1.1530368,0.867275,0.993997,0.0,0.993997
14,1.1524566,0.8677116,0.9934968,0.0,0.9934968
15,1.1518763,0.86814874,0.9929965,0.0,0.9929965
16,1.151296,0.86858636,0.99249625,0.0,0.99249625
17,1.1507158,0.8690243,0.991996,0.0,0.991996
18,1.1501355,0.8694628,0.9914957,0.0,0.9914957
19,1.1495553,0.8699016,0.9909955,0.0,0.9909955
20,1.148975,0.87034094,0.99049526,0.0,0.99049526
21,1.1483948,0.87078065,0.989995,0.0,0.989995
22,1.1478145,0.8712209,0.98949474,0.0,0.98949474
23,1.1472342,0.8716616,0.9889945,0.0,0.9889945
24,1.146654,0.8721027,0.9884943,0.0,0.9884943
25,1.1460737,0.8725442,0.987994,0.0,0.987994
26,1.1454935,0.8729862,0.98749375,0.0,0.98749375
27,1.1449132,0.87342864,0.9869935,0.0,0.9869935
28,1.1443329,0.87387156,0.98649323,0.0,0.98649323
29,1.1437527,0.8743149,0.98599297,0.0,0.98599297
30,1.1431724,0.8747587,0.98549277,0.0,0.98549277
31,1.1425922,0.8752029,0.9849925,0.0,0.9849925
32,1.1420119,0.8756476,0.98449224,0.0,0.98449224
33,1.1414317,0.87609273,0.983992,0.0,0.983992
34,1.1408514,0.87653834,0.9834917,0.0,0.9834917
35,1.1402711,0.8769845,0.9829915,0.0,0.9829915
36,1.1396909,0.8774309,0.98249125,0.0,0.98249125
37,1.1391106,0.8778779,0.981991,0.0,0.981991
38,1.1385304,0.8783253,0.98149073,0.0,0.98149073
39,1.1379501,0.8787732,0.98099047,0.0,0.98099047
40,1.1373699,0.87922144,0.98049027,0.0,0.98049027
41,1.1367896,0.87967026,0.97999,0.0,0.97999
42,1.1362092,0.88011956,0.97948974,0.0,0.97948974
43,1.135629,0.8805692,0.9789895,0.0,0.9789895
44,1.1350487,0.8810194,0.9784892,0.0,0.9784892
45,1.1344686,0.88147,0.977989,0.0,0.977989
46,1.1338882,0.8819211,0.97748876,0.0,0.97748876
47,1.133308,0.8823726,0.9769885,0.0,0.9769885
48,1.1327277,0.88282466,0.97648823,0.0,0.97648823
49,1.1321474,0.8832772,0.975988,0.0,0.975988
50,1.1315672,0.88373005,0.97548777,0.0,0.97548777
51,1.1309869,0.8841835,0.9749875,0.0,0.9749875
52,1.1304067,0.88463736,0.97448725,0.0,0.97448725
53,1.1298264,0.8850917,0.973987,0.0,0.973987
54,1.1292462,0.88554645,0.9734867,0.0,0.9734867
55,1.1286659,0.88600177,0.9729865,0.0,0.9729865
56,1.1280856,0.88645756,0.97248626,0.0,0.97248626
57,1.1275054,0.8869137,0.971986,0.0,0.971986
58,1.1269251,0.8873704,0.97148573,0.0,0.97148573
59,1.1263449,0.8878275,0.9709855,0.0,0.9709855
60,1.1257646,0.88828516,0.97048527,0.0,0.97048527
61,1.1251844,0.8887432,0.969985,0.0,0.969985
62,1.1246041,0.8892018,0.96948475,0.0,0.96948475
63,1.1240238,0.8896609,0.9689845,0.0,0.9689845
64,1.1234436,0.8901203,0.9684842,0.0,0.9684842
65,1.1228633,0.89058036,0.96798396,0.0,0.96798396
66,1.1222831,0.89104074,0.96748376,0.0,0.96748376
67,1.1217028,0.8915017,0.9669835,0.0,0.9669835
68,1.1211226,0.8919631,0.96648324,0.0,0.96648324
69,1.1205423,0.89242506,0.965983,0.0,0.965983
70,1.119962,0.8928875,0.9654827,0.0,0.9654827
71,1.1193818,0.89335024,0.9649825,0.0,0.9649825
72,1.1188015,0.8938136,0.96448225,0.0,0.96448225
73,1.1182213,0.8942774,0.963982,0.0,0.963982
74,1.117641,0.8947417,0.9634817,0.0,0.9634817
75,1.1170607,0.8952065,0.96298146,0.0,0.96298146
76,1.1164805,0.8956717,0.96248126,0.0,0.96248126
77,1.1159002,0.89613754,0.961981,0.0,0.961981
78,1.11532,0.8966037,0.96148074,0.0,0.96148074
79,1.1147397,0.89707047,0.9609805,0.0,0.9609805
80,1.1141595,0.8975376,0.9604802,0.0,0.9604802
81,1.1135792,0.8980053,0.95998,0.0,0.95998
82,1.1129988,0.8984735,0.95947975,0.0,0.95947975
83,1.1124187,0.8989421,0.9589795,0.0,0.9589795
84,1.1118383,0.8994113,0.9584792,0.0,0.9584792
85,1.1112581,0.8998809,0.95797896,0.0,0.95797896
86,1.1106778,0.9003511,0.95747876,0.0,0.95747876
87,1.1100976,0.9008216,0.9569785,0.0,0.9569785
88,1.1095173,0.9012928,0.95647824,0.0,0.95647824
89,1.108937,0.90176445,0.955978,0.0,0.955978
90,1.1083568,0.9022365,0.9554777,0.0,0.9554777
91,1.1077765,0.9027091,0.9549775,0.0,0.9549775
92,1.1071963,0.9031822,0.95447725,0.0,0.95447725
93,1.106616,0.9036558,0.953977,0.0,0.953977
94,1.1060358,0.90412986,0.9534767,0.0,0.9534767
95,1.1054555,0.9046045,0.95297647,0.0,0.95297647
96,1.1048752,0.9050796,0.95247626,0.0,0.95247626
97,1.104295,0.9055551,0.951976,0.0,0.951976
98,1.1037147,0.90603125,0.95147574,0.0,0.95147574
99,1.1031345,0.9065078,0.9509755,0.0,0.9509755
100,1.1025542,0.90698487,0.9504752,0.0,0.9504752
101,1.101974,0.9074624,0.949975,0.0,0.949975
102,1.1013937,0.90794057,0.94947475,0.0,0.94947475
103,1.1008134,0.9084192,0.9489745,0.0,0.9489745
104,1.1002332,0.90889823,0.9484742,0.0,0.9484742
105,1.0996529,0.9093779,0.94797397,0.0,0.94797397
106,1.0990727,0.9098579,0.94747376,0.0,0.94747376
107,1.0984924,0.9103386,0.9469735,0.0,0.9469735
108,1.0979121,0.91081977,0.94647324,0.0,0.94647324
109,1.0973319,0.9113013,0.945973,0.0,0.945973
110,1.0967516,0.9117835,0.9454727,0.0,0.9454727
111,1.0961714,0.91226614,0.9449725,0.0,0.9449725
112,1.0955911,0.9127493,0.94447225,0.0,0.94447225
113,1.0950109,0.9132329,0.943972,0.0,0.943972
114,1.0944306,0.91371715,0.9434717,0.0,0.9434717
115,1.0938504,0.9142018,0.94297147,0.0,0.94297147
116,1.0932701,0.9146871,0.9424712,0.0,0.9424712
117,1.0926898,0.9151729,0.941971,0.0,0.941971
118,1.0921096,0.91565907,0.94147074,0.0,0.94147074
119,1.0915293,0.91614586,0.9409705,0.0,0.9409705
120,1.090949,0.91663307,0.9404702,0.0,0.9404702
121,1.0903687,0.91712093,0.93996996,0.0,0.93996996
122,1.0897884,0.9176093,0.93946975,0.0,0.93946975
123,1.0892082,0.9180981,0.9389695,0.0,0.9389695
124,1.0886279,0.9185875,0.93846923,0.0,0.93846923
125,1.0880477,0.91907734,0.93796897,0.0,0.93796897
126,1.0874674,0.91956776,0.9374687,0.0,0.9374687
127,1.0868872,0.92005867,0.9369685,0.0,0.9369685
128,1.0863069,0.92055017,0.93646824,0.0,0.93646824
129,1.0857266,0.92104214,0.935968,0.0,0.935968
130,1.0851464,0.9215346,0.9354677,0.0,0.9354677
131,1.0845661,0.9220277,0.93496746,0.0,0.93496746
132,1.0839859,0.9225212,0.93446726,0.0,0.93446726
133,1.0834056,0.92301536,0.933967,0.0,0.933967
134,1.0828254,0.9235099,0.93346673,0.0,0.93346673
135,1.0822451,0.9240051,0.9329665,0.0,0.9329665
136,1.0816648,0.9245008,0.9324662,0.0,0.9324662
137,1.0810846,0.924997,0.93196595,0.0,0.93196595
138,1.0805043,0.9254938,0.93146574,0.0,0.93146574
139,1.0799241,0.925991,0.9309655,0.0,0.9309655
140,1.0793438,0.9264889,0.9304652,0.0,0.9304652
141,1.0787636,0.9269872,0.92996496,0.0,0.92996496
142,1.0781833,0.92748606,0.9294647,0.0,0.9294647
143,1.077603,0.92798555,0.9289645,0.0,0.9289645
144,1.0770228,0.92848545,0.92846423,0.0,0.92846423
145,1.0764425,0.928986,0.927964,0.0,0.927964
146,1.0758623,0.929487,0.9274637,0.0,0.9274637
147,1.075282,0.9299886,0.92696345,0.0,0.92696345
148,1.0747018,0.9304907,0.92646325,0.0,0.92646325
149,1.0741215,0.9309934,0.925963,0.0,0.925963
150,1.0735412,0.9314967,0.9254627,0.0,0.9254627
151,1.072961,0.93200034,0.92496246,0.0,0.92496246
152,1.0723807,0.9325047,0.9244622,0.0,0.9244622
153,1.0718005,0.9330095,0.923962,0.0,0.923962
154,1.0712202,0.9335149,0.92346174,0.0,0.92346174
155,1.0706398,0.9340209,0.9229615,0.0,0.9229615
156,1.0700597,0.93452734,0.9224612,0.0,0.9224612
157,1.0694793,0.9350344,0.92196095,0.0,0.92196095
158,1.0688992,0.9355419,0.92146075,0.0,0.92146075
159,1.0683188,0.9360501,0.9209605,0.0,0.9209605
160,1.0677387,0.9365588,0.9204602,0.0,0.9204602
161,1.0671583,0.93706805,0.91995996,0.0,0.91995996
162,1.0665781,0.9375778,0.9194597,0.0,0.9194597
163,1.0659978,0.9380882,0.9189595,0.0,0.9189595
164,1.0654175,0.93859917,0.91845924,0.0,0.91845924
165,1.0648373,0.9391106,0.917959,0.0,0.917959
166,1.064257,0.93962264,0.9174587,0.0,0.9174587
167,1.0636768,0.9401352,0.91695845,0.0,0.91695845
168,1.0630965,0.9406484,0.91645825,0.0,0.91645825
169,1.0625162,0.9411621,0.915958,0.0,0.915958
170,1.061936,0.9416763,0.9154577,0.0,0.9154577
171,1.0613557,0.9421912,0.91495746,0.0,0.91495746
172,1.0607755,0.9427065,0.9144572,0.0,0.9144572
173,1.0601952,0.9432225,0.913957,0.0,0.913957
174,1.059615,0.943739,0.91345674,0.0,0.91345674
175,1.0590347,0.9442561,0.9129565,0.0,0.9129565
176,1.0584544,0.9447738,0.9124562,0.0,0.9124562
177,1.0578742,0.945292,0.91195595,0.0,0.91195595
178,1.0572939,0.9458108,0.91145575,0.0,0.91145575
179,1.0567137,0.94633013,0.9109555,0.0,0.9109555
180,1.0561334,0.9468501,0.9104552,0.0,0.9104552
181,1.0555532,0.9473705,0.90995497,0.0,0.90995497
182,1.0549729,0.94789165,0.9094547,0.0,0.9094547
183,1.0543926,0.9484134,0.9089545,0.0,0.9089545
184,1.0538124,0.9489355,0.90845424,0.0,0.90845424
185,1.0532321,0.94945836,0.907954,0.0,0.907954
186,1.0526519,0.9499817,0.9074537,0.0,0.9074537
187,1.0520716,0.9505057,0.90695345,0.0,0.90695345
188,1.0514913,0.95103025,0.90645325,0.0,0.90645325
189,1.0509111,0.9515553,0.905953,0.0,0.905953
190,1.0503308,0.952081,0.9054527,0.0,0.9054527
191,1.0497506,0.9526073,0.90495247,0.0,0.90495247
192,1.0491703,0.9531342,0.9044522,0.0,0.9044522
193,1.0485901,0.9536615,0.903952,0.0,0.903952
194,1.0480098,0.9541896,0.90345174,0.0,0.90345174
195,1.0474296,0.9547181,0.9029515,0.0,0.9029515
196,1.0468493,0.9552474,0.9024512,0.0,0.9024512
197,1.0462689,0.9557772,0.90195096,0.0,0.90195096
198,1.0456887,0.95630753,0.90145075,0.0,0.90145075
199,1.0451084,0.9568385,0.9009505,0.0,0.9009505
200,1.0445282,0.95737,0.9004502,0.0,0.9004502
201,1.0439479,0.9579022,0.89994997,0.0,0.89994997
202,1.0433676,0.95843494,0.8994497,0.0,0.8994497
203,1.0427874,0.9589682,0.8989495,0.0,0.8989495
204,1.0422071,0.95950216,0.89844924,0.0,0.89844924
205,1.0416269,0.96003664,0.897949,0.0,0.897949
206,1.0410466,0.96057177,0.8974487,0.0,0.8974487
207,1.0404664,0.96110743,0.89694846,0.0,0.89694846
208,1.0398861,0.96164376,0.8964482,0.0,0.8964482
209,1.0393058,0.96218073,0.895948,0.0,0.895948
210,1.0387256,0.9627181,0.89544773,0.0,0.89544773
211,1.0381453,0.9632563,0.89494747,0.0,0.89494747
212,1.0375651,0.96379495,0.8944472,0.0,0.8944472
213,1.0369848,0.9643343,0.89394695,0.0,0.89394695
214,1.0364046,0.96487415,0.89344674,0.0,0.89344674
215,1.0358243,0.9654147,0.8929465,0.0,0.8929465
216,1.035244,0.96595585,0.8924462,0.0,0.8924462
217,1.0346638,0.96649754,0.89194596,0.0,0.89194596
218,1.0340835,0.9670399,0.8914457,0.0,0.8914457
219,1.0335033,0.96758276,0.8909455,0.0,0.8909455
220,1.032923,0.9681264,0.89044523,0.0,0.89044523
221,1.0323428,0.9686705,0.889945,0.0,0.889945
222,1.0317625,0.96921533,0.8894447,0.0,0.8894447
223,1.0311822,0.9697608,0.88894445,0.0,0.88894445
224,1.030602,0.9703067,0.8884442,0.0,0.8884442
225,1.0300217,0.9708534,0.887944,0.0,0.887944
226,1.0294415,0.97140056,0.8874437,0.0,0.8874437
227,1.0288612,0.97194844,0.88694346,0.0,0.88694346
228,1.028281,0.97249687,0.8864432,0.0,0.8864432
229,1.0277007,0.973046,0.88594294,0.0,0.88594294
230,1.0271204,0.97359574,0.88544273,0.0,0.88544273
231,1.0265402,0.974146,0.8849425,0.0,0.8849425
232,1.0259598,0.974697,0.8844422,0.0,0.8844422
233,1.0253797,0.9752485,0.88394195,0.0,0.88394195
234,1.0247993,0.97580075,0.8834417,0.0,0.8834417
235,1.024219,0.97635365,0.8829415,0.0,0.8829415
236,1.0236388,0.9769071,0.8824412,0.0,0.8824412
237,1.0230585,0.97746116,0.88194096,0.0,0.88194096
238,1.0224783,0.97801584,0.8814407,0.0,0.8814407
239,1.021898,0.97857124,0.88094044,0.0,0.88094044
240,1.0213178,0.9791271,0.88044024,0.0,0.88044024
241,1.0207375,0.97968376,0.87994,0.0,0.87994
242,1.0201573,0.98024094,0.8794397,0.0,0.8794397
243,1.019577,0.9807989,0.87893945,0.0,0.87893945
244,1.0189967,0.98135746,0.8784392,0.0,0.8784392
245,1.0184165,0.9819165,0.877939,0.0,0.877939
246,1.0178362,0.98247635,0.8774387,0.0,0.8774387
247,1.017256,0.9830367,0.87693846,0.0,0.87693846
248,1.0166757,0.9835978,0.8764382,0.0,0.8764382
249,1.0160954,0.9841595,0.87593794,0.0,0.87593794
250,1.0155152,0.98472184,0.87543774,0.0,0.87543774
251,1.0149349,0.98528486,0.8749375,0.0,0.8749375
252,1.0143547,0.9858484,0.8744372,0.0,0.8744372
253,1.0137744,0.98641276,0.87393695,0.0,0.87393695
254,1.0131942,0.98697764,0.8734367,0.0,0.8734367
255,1.0126139,0.9875432,0.8729365,0.0,0.8729365
256,1.0120337,0.9881094,0.8724362,0.0,0.8724362
257,1.0114534,0.9886763,0.87193596,0.0,0.87193596
258,1.0108731,0.98924387,0.8714357,0.0,0.8714357
259,1.0102929,0.98981196,0.87093544,0.0,0.87093544
260,1.0097126,0.9903808,0.87043524,0.0,0.87043524
261,1.0091324,0.9909503,0.869935,0.0,0.869935
262,1.0085521,0.99152046,0.8694347,0.0,0.8694347
263,1.0079718,0.9920913,0.86893445,0.0,0.86893445
264,1.0073916,0.99266267,0.8684342,0.0,0.8684342
265,1.0068113,0.9932348,0.867934,0.0,0.867934
266,1.0062311,0.9938075,0.8674337,0.0,0.8674337
267,1.0056508,0.994381,0.86693347,0.0,0.86693347
268,1.0050704,0.9949551,0.8664332,0.0,0.8664332
269,1.0044903,0.99552983,0.86593294,0.0,0.86593294
270,1.00391,0.99610525,0.86543274,0.0,0.86543274
271,1.0033298,0.9966813,0.8649325,0.0,0.8649325
272,1.0027494,0.99725807,0.8644322,0.0,0.8644322
273,1.0021693,0.99783546,0.86393195,0.0,0.86393195
274,1.001589,0.99841356,0.8634317,0.0,0.8634317
275,1.0010087,0.99899226,0.8629315,0.0,0.8629315
276,1.0004284,0.99957174,0.8624312,0.0,0.8624312
277,0.9998482,1.0001519,0.86193097,0.0,0.86193097
278,0.99926794,1.0007325,0.8614307,0.0,0.8614307
279,0.9986876,1.001314,0.86093044,0.0,0.86093044
280,0.9981074,1.0018963,0.86043024,0.0,0.86043024
281,0.9975271,1.002479,0.85993,0.0,0.85993
282,0.9969469,1.0030625,0.8594297,0.0,0.8594297
283,0.9963666,1.0036466,0.85892946,0.0,0.85892946
284,0.99578637,1.0042315,0.8584292,0.0,0.8584292
285,0.9952061,1.004817,0.857929,0.0,0.857929
286,0.9946258,1.0054033,0.8574287,0.0,0.8574287
287,0.99404556,1.0059901,0.85692847,0.0,0.85692847
288,0.9934653,1.0065777,0.8564282,0.0,0.8564282
289,0.99288505,1.0071659,0.85592794,0.0,0.85592794
290,0.9923048,1.0077549,0.85542774,0.0,0.85542774
291,0.99172455,1.0083445,0.8549275,0.0,0.8549275
292,0.9911443,1.0089349,0.8544272,0.0,0.8544272
293,0.990564,1.0095259,0.85392696,0.0,0.85392696
294,0.98998374,1.0101177,0.8534267,0.0,0.8534267
295,0.9894035,1.01071,0.8529265,0.0,0.8529265
296,0.98882324,1.0113031,0.8524262,0.0,0.8524262
297,0.988243,1.0118968,0.85192597,0.0,0.85192597
298,0.9876627,1.0124915,0.8514257,0.0,0.8514257
299,0.9870825,1.0130866,0.85092545,0.0,0.85092545
300,0.9865022,1.0136825,0.85042524,0.0,0.85042524
301,0.9859219,1.0142791,0.8499249,0.0,0.8499249
302,0.98534167,1.0148764,0.8494247,0.0,0.8494247
303,0.9847614,1.0154744,0.84892446,0.0,0.84892446
304,0.98418117,1.0160731,0.8484242,0.0,0.8484242
305,0.98360085,1.0166726,0.847924,0.0,0.847924
306,0.98302066,1.0172726,0.8474237,0.0,0.8474237
307,0.98244035,1.0178735,0.8469235,0.0,0.8469235
308,0.9818601,1.018475,0.8464232,0.0,0.8464232
309,0.98127985,1.0190773,0.84592295,0.0,0.84592295
310,0.9806996,1.0196803,0.8454227,0.0,0.8454227
311,0.98011935,1.0202839,0.8449224,0.0,0.8449224
312,0.97953904,1.0208883,0.8444222,0.0,0.8444222
313,0.97895885,1.0214934,0.84392196,0.0,0.84392196
314,0.97837853,1.0220993,0.8434217,0.0,0.8434217
315,0.9777983,1.0227058,0.84292144,0.0,0.84292144
316,0.97721803,1.023313,0.8424212,0.0,0.8424212
317,0.9766378,1.023921,0.841921,0.0,0.841921
318,0.9760575,1.0245298,0.8414207,0.0,0.8414207
319,0.9754772,1.0251392,0.84092045,0.0,0.84092045
320,0.97489697,1.0257494,0.8404202,0.0,0.8404202
321,0.9743167,1.0263603,0.8399199,0.0,0.8399199
322,0.97373646,1.0269719,0.8394197,0.0,0.8394197
323,0.9731562,1.0275842,0.83891946,0.0,0.83891946
324,0.97257596,1.0281973,0.8384192,0.0,0.8384192
325,0.9719957,1.0288111,0.83791894,0.0,0.83791894
326,0.9714154,1.0294257,0.8374187,0.0,0.8374187
327,0.97083515,1.030041,0.8369185,0.0,0.8369185
328,0.9702549,1.030657,0.8364182,0.0,0.8364182
329,0.96967465,1.0312737,0.83591795,0.0,0.83591795
330,0.9690944,1.0318912,0.8354177,0.0,0.8354177
331,0.96851414,1.0325094,0.8349174,0.0,0.8349174
332,0.9679339,1.0331284,0.8344172,0.0,0.8344172
333,0.9673536,1.0337481,0.83391696,0.0,0.83391696
334,0.96677333,1.0343686,0.8334167,0.0,0.8334167
335,0.9661931,1.0349898,0.83291644,0.0,0.83291644
336,0.9656128,1.0356117,0.8324162,0.0,0.8324162
337,0.9650326,1.0362345,0.831916,0.0,0.831916
338,0.9644523,1.0368578,0.8314157,0.0,0.8314157
339,0.9638721,1.037482,0.83091545,0.0,0.83091545
340,0.96329176,1.038107,0.8304152,0.0,0.8304152
341,0.9627115,1.0387328,0.8299149,0.0,0.8299149
342,0.96213126,1.0393592,0.8294147,0.0,0.8294147
343,0.961551,1.0399864,0.82891446,0.0,0.82891446
344,0.96097076,1.0406144,0.8284142,0.0,0.8284142
345,0.96039045,1.0412432,0.82791394,0.0,0.82791394
346,0.95981026,1.0418726,0.8274137,0.0,0.8274137
347,0.95922995,1.0425029,0.8269135,0.0,0.8269135
348,0.9586497,1.0431339,0.8264132,0.0,0.8264132
349,0.95806944,1.0437657,0.82591295,0.0,0.82591295
350,0.9574892,1.0443982,0.8254127,0.0,0.8254127
351,0.95690894,1.0450315,0.8249124,0.0,0.8249124
352,0.95632863,1.0456656,0.8244122,0.0,0.8244122
353,0.95574844,1.0463004,0.82391196,0.0,0.82391196
354,0.9551681,1.0469362,0.8234117,0.0,0.8234117
355,0.9545879,1.0475725,0.82291144,0.0,0.82291144
356,0.9540076,1.0482097,0.8224112,0.0,0.8224112
357,0.9534274,1.0488476,0.821911,0.0,0.821911
358,0.9528471,1.0494863,0.8214107,0.0,0.8214107
359,0.9522668,1.0501258,0.82091045,0.0,0.82091045
360,0.95168656,1.0507661,0.8204102,0.0,0.8204102
361,0.9511063,1.0514072,0.81990993,0.0,0.81990993
362,0.95052606,1.052049,0.8194097,0.0,0.8194097
363,0.9499458,1.0526916,0.81890947,0.0,0.81890947
364,0.94936556,1.0533351,0.8184092,0.0,0.8184092
365,0.9487853,1.0539793,0.81790894,0.0,0.81790894
366,0.948205,1.0546243,0.8174087,0.0,0.8174087
367,0.94762474,1.0552701,0.8169085,0.0,0.8169085
368,0.9470445,1.0559165,0.8164082,0.0,0.8164082
369,0.94646424,1.056564,0.81590796,0.0,0.81590796
370,0.945884,1.0572121,0.8154077,0.0,0.8154077
371,0.94530374,1.0578611,0.81490743,0.0,0.81490743
372,0.9447235,1.0585108,0.8144072,0.0,0.8144072
373,0.9441432,1.0591614,0.81390697,0.0,0.81390697
374,0.9435629,1.0598128,0.8134067,0.0,0.8134067
375,0.9429827,1.0604649,0.81290644,0.0,0.81290644
376,0.9424024,1.0611178,0.8124062,0.0,0.8124062
377,0.9418222,1.0617715,0.811906,0.0,0.811906
378,0.9412419,1.0624261,0.8114057,0.0,0.8114057
379,0.94066167,1.0630815,0.81090546,0.0,0.81090546
380,0.94008136,1.0637378,0.8104052,0.0,0.8104052
381,0.9395011,1.0643947,0.80990493,0.0,0.80990493
382,0.93892086,1.0650525,0.80940473,0.0,0.80940473
383,0.9383406,1.0657111,0.8089044,0.0,0.8089044
384,0.93776035,1.0663705,0.8084042,0.0,0.8084042
385,0.93718004,1.0670308,0.80790395,0.0,0.80790395
386,0.93659985,1.0676918,0.8074037,0.0,0.8074037
387,0.93601954,1.0683538,0.8069035,0.0,0.8069035
388,0.9354393,1.0690165,0.80640316,0.0,0.80640316
389,0.93485904,1.06968,0.80590296,0.0,0.80590296
390,0.9342788,1.0703443,0.8054027,0.0,0.8054027
391,0.93369853,1.0710095,0.80490243,0.0,0.80490243
392,0.9331182,1.0716755,0.8044022,0.0,0.8044022
393,0.93253803,1.0723423,0.8039019,0.0,0.8039019
394,0.9319577,1.0730101,0.8034017,0.0,0.8034017
395,0.9313775,1.0736785,0.80290145,0.0,0.80290145
396,0.9307972,1.0743479,0.8024012,0.0,0.8024012
397,0.93021697,1.075018,0.8019009,0.0,0.8019009
398,0.9296367,1.075689,0.80140066,0.0,0.80140066
399,0.9290564,1.076361,0.80090046,0.0,0.80090046
400,0.9284762,1.0770335,0.8004002,0.0,0.8004002
401,0.9278959,1.077707,0.79989994,0.0,0.79989994
402,0.92731565,1.0783814,0.7993997,0.0,0.7993997
403,0.9267354,1.0790566,0.7988994,0.0,0.7988994
404,0.92615515,1.0797327,0.7983992,0.0,0.7983992
405,0.9255749,1.0804096,0.79789895,0.0,0.79789895
406,0.9249946,1.0810874,0.7973987,0.0,0.7973987
407,0.92441434,1.081766,0.7968984,0.0,0.7968984
408,0.9238341,1.0824455,0.79639816,0.0,0.79639816
409,0.92325383,1.0831257,0.79589796,0.0,0.79589796
410,0.9226736,1.0838069,0.7953977,0.0,0.7953977
411,0.92209333,1.0844889,0.79489744,0.0,0.79489744
412,0.9215131,1.0851718,0.7943972,0.0,0.7943972
413,0.92093277,1.0858556,0.7938969,0.0,0.7938969
414,0.9203525,1.0865402,0.7933967,0.0,0.7933967
415,0.91977227,1.0872257,0.79289645,0.0,0.79289645
416,0.919192,1.087912,0.7923962,0.0,0.7923962
417,0.91861176,1.0885992,0.7918959,0.0,0.7918959
418,0.9180315,1.0892873,0.79139566,0.0,0.79139566
419,0.91745126,1.0899762,0.79089546,0.0,0.79089546
420,0.91687095,1.090666,0.7903952,0.0,0.7903952
421,0.9162907,1.0913568,0.78989494,0.0,0.78989494
422,0.91571045,1.0920483,0.7893947,0.0,0.7893947
423,0.9151302,1.0927407,0.7888944,0.0,0.7888944
424,0.91454995,1.093434,0.7883942,0.0,0.7883942
425,0.9139697,1.0941281,0.78789395,0.0,0.78789395
426,0.91338944,1.0948232,0.7873937,0.0,0.7873937
427,0.91280913,1.0955193,0.7868934,0.0,0.7868934
428,0.9122289,1.0962161,0.78639317,0.0,0.78639317
429,0.91164863,1.0969138,0.78589296,0.0,0.78589296
430,0.9110684,1.0976125,0.7853927,0.0,0.7853927
431,0.9104881,1.0983119,0.78489244,0.0,0.78489244
432,0.9099078,1.0990124,0.7843922,0.0,0.7843922
433,0.9093276,1.0997137,0.7838919,0.0,0.7838919
434,0.9087473,1.100416,0.7833917,0.0,0.7833917
435,0.90816706,1.101119,0.78289145,0.0,0.78289145
436,0.9075868,1.101823,0.7823912,0.0,0.7823912
437,0.90700656,1.1025279,0.7818909,0.0,0.7818909
438,0.9064263,1.1032337,0.78139067,0.0,0.78139067
439,0.905846,1.1039404,0.78089046,0.0,0.78089046
440,0.9052658,1.1046479,0.7803902,0.0,0.7803902
441,0.9046855,1.1053565,0.77988994,0.0,0.77988994
442,0.90410525,1.1060659,0.7793897,0.0,0.7793897
443,0.903525,1.1067762,0.7788894,0.0,0.7788894
444,0.90294474,1.1074874,0.7783892,0.0,0.7783892
445,0.9023645,1.1081996,0.77788895,0.0,0.77788895
446,0.9017842,1.1089128,0.7773887,0.0,0.7773887
447,0.901204,1.1096267,0.77688843,0.0,0.77688843
448,0.9006237,1.1103417,0.77638817,0.0,0.77638817
449,0.9000434,1.1110575,0.77588797,0.0,0.77588797
450,0.8994632,1.1117742,0.7753877,0.0,0.7753877
451,0.8988829,1.112492,0.77488744,0.0,0.77488744
452,0.8983027,1.1132106,0.7743872,0.0,0.7743872
453,0.89772236,1.1139301,0.7738869,0.0,0.7738869
454,0.8971422,1.1146505,0.7733867,0.0,0.7733867
455,0.89656186,1.1153721,0.77288646,0.0,0.77288646
456,0.8959816,1.1160944,0.7723862,0.0,0.7723862
457,0.89540136,1.1168176,0.77188593,0.0,0.77188593
458,0.89482105,1.1175419,0.77138567,0.0,0.77138567
459,0.89424086,1.1182669,0.77088547,0.0,0.77088547
460,0.89366055,1.1189932,0.7703852,0.0,0.7703852
461,0.89308035,1.1197201,0.76988494,0.0,0.76988494
462,0.89250004,1.1204481,0.7693847,0.0,0.7693847
463,0.8919198,1.1211771,0.7688844,0.0,0.7688844
464,0.89133954,1.1219069,0.7683842,0.0,0.7683842
465,0.8907592,1.1226379,0.7678839,0.0,0.7678839
466,0.89017904,1.1233696,0.7673837,0.0,0.7673837
467,0.8895987,1.1241024,0.76688343,0.0,0.76688343
468,0.8890185,1.124836,0.7663832,0.0,0.7663832
469,0.8884382,1.1255707,0.76588297,0.0,0.76588297
470,0.887858,1.1263063,0.76538265,0.0,0.76538265
471,0.8872777,1.1270429,0.76488245,0.0,0.76488245
472,0.8866974,1.1277804,0.7643822,0.0,0.7643822
473,0.8861172,1.1285188,0.7638819,0.0,0.7638819
474,0.8855369,1.1292584,0.7633817,0.0,0.7633817
475,0.88495666,1.1299988,0.7628814,0.0,0.7628814
476,0.8843764,1.1307403,0.7623812,0.0,0.7623812
477,0.88379616,1.1314826,0.76188093,0.0,0.76188093
478,0.8832159,1.132226,0.7613807,0.0,0.7613807
479,0.8826356,1.1329705,0.7608804,0.0,0.7608804
480,0.8820554,1.1337156,0.76038015,0.0,0.76038015
481,0.8814751,1.134462,0.75987995,0.0,0.75987995
482,0.88089484,1.1352093,0.7593797,0.0,0.7593797
483,0.8803146,1.1359576,0.7588794,0.0,0.7588794
484,0.87973434,1.1367068,0.75837916,0.0,0.75837916
485,0.8791541,1.137457,0.7578789,0.0,0.7578789
486,0.8785738,1.1382084,0.7573787,0.0,0.7573787
487,0.8779936,1.1389605,0.75687844,0.0,0.75687844
488,0.8774133,1.1397138,0.7563782,0.0,0.7563782
489,0.876833,1.140468,0.7558779,0.0,0.7558779
490,0.8762528,1.1412232,0.75537765,0.0,0.75537765
491,0.8756725,1.1419795,0.75487745,0.0,0.75487745
492,0.87509227,1.1427367,0.7543772,0.0,0.7543772
493,0.87451196,1.143495,0.7538769,0.0,0.7538769
494,0.87393177,1.1442541,0.75337666,0.0,0.75337666
495,0.87335145,1.1450144,0.7528764,0.0,0.7528764
496,0.8727712,1.1457757,0.7523762,0.0,0.7523762
497,0.87219095,1.1465379,0.75187594,0.0,0.75187594
498,0.87161064,1.1473013,0.7513757,0.0,0.7513757
499,0.87103045,1.1480654,0.7508754,0.0,0.7508754
500,0.87045014,1.1488309,0.75037515,0.0,0.75037515
501,0.86986995,1.1495972,0.74987495,0.0,0.74987495
502,0.86928964,1.1503645,0.7493747,0.0,0.7493747
503,0.8687094,1.151133,0.7488744,0.0,0.7488744
504,0.86812913,1.1519023,0.74837416,0.0,0.74837416
505,0.8675488,1.1526729,0.7478739,0.0,0.7478739
506,0.86696863,1.1534443,0.7473737,0.0,0.7473737
507,0.8663883,1.1542169,0.74687344,0.0,0.74687344
508,0.86580807,1.1549904,0.7463732,0.0,0.7463732
509,0.8652278,1.1557649,0.7458729,0.0,0.7458729
510,0.86464757,1.1565406,0.74537265,0.0,0.74537265
511,0.8640673,1.1573173,0.74487245,0.0,0.74487245
512,0.863487,1.158095,0.7443722,0.0,0.7443722
513,0.8629068,1.1588737,0.7438719,0.0,0.7438719
514,0.8623265,1.1596535,0.74337167,0.0,0.74337167
515,0.86174625,1.1604344,0.7428714,0.0,0.7428714
516,0.861166,1.1612163,0.7423712,0.0,0.7423712
517,0.86058575,1.1619992,0.74187094,0.0,0.74187094
518,0.8600055,1.1627833,0.7413707,0.0,0.7413707
519,0.8594252,1.1635684,0.7408704,0.0,0.7408704
520,0.858845,1.1643544,0.74037015,0.0,0.74037015
521,0.8582647,1.1651417,0.73986995,0.0,0.73986995
522,0.85768443,1.16593,0.7393697,0.0,0.7393697
523,0.8571042,1.1667193,0.7388694,0.0,0.7388694
524,0.85652393,1.1675097,0.73836917,0.0,0.73836917
525,0.8559437,1.1683012,0.7378689,0.0,0.7378689
526,0.85536337,1.1690937,0.7373687,0.0,0.7373687
527,0.8547832,1.1698873,0.7368684,0.0,0.7368684
528,0.85420287,1.1706821,0.7363682,0.0,0.7363682
529,0.8536226,1.1714779,0.7358679,0.0,0.7358679
530,0.85304236,1.1722747,0.73536766,0.0,0.73536766
531,0.8524621,1.1730727,0.73486745,0.0,0.73486745
532,0.85188186,1.1738716,0.73436713,0.0,0.73436713
533,0.85130155,1.1746719,0.73386693,0.0,0.73386693
534,0.85072136,1.175473,0.73336667,0.0,0.73336667
535,0.85014105,1.1762754,0.7328664,0.0,0.7328664
536,0.8495608,1.1770788,0.7323662,0.0,0.7323662
537,0.84898055,1.1778833,0.7318659,0.0,0.7318659
538,0.8484003,1.1786889,0.7313657,0.0,0.7313657
539,0.84782004,1.1794956,0.7308654,0.0,0.7308654
540,0.84723973,1.1803035,0.73036516,0.0,0.73036516
541,0.84665954,1.1811123,0.72986495,0.0,0.72986495
542,0.84607923,1.1819224,0.72936463,0.0,0.72936463
543,0.845499,1.1827335,0.72886443,0.0,0.72886443
544,0.8449187,1.1835458,0.72836417,0.0,0.72836417
545,0.8443384,1.1843592,0.7278639,0.0,0.7278639
546,0.8437582,1.1851736,0.7273637,0.0,0.7273637
547,0.8431779,1.1859893,0.7268634,0.0,0.7268634
548,0.8425977,1.186806,0.7263632,0.0,0.7263632
549,0.8420174,1.1876239,0.7258629,0.0,0.7258629
550,0.84143716,1.1884428,0.72536266,0.0,0.72536266
551,0.8408569,1.189263,0.72486246,0.0,0.72486246
552,0.8402766,1.1900843,0.72436213,0.0,0.72436213
553,0.8396964,1.1909066,0.72386193,0.0,0.72386193
554,0.8391161,1.1917303,0.7233617,0.0,0.7233617
555,0.83853585,1.1925548,0.7228614,0.0,0.7228614
556,0.8379556,1.1933807,0.7223612,0.0,0.7223612
557,0.83737534,1.1942075,0.7218609,0.0,0.7218609
558,0.8367951,1.1950357,0.7213607,0.0,0.7213607
559,0.8362148,1.195865,0.7208604,0.0,0.7208604
560,0.8356346,1.1966953,0.72036016,0.0,0.72036016
561,0.8350543,1.1975269,0.71985996,0.0,0.71985996
562,0.834474,1.1983596,0.71935964,0.0,0.71935964
563,0.8338938,1.1991935,0.71885943,0.0,0.71885943
564,0.8333135,1.2000285,0.7183592,0.0,0.7183592
565,0.8327333,1.2008647,0.7178589,0.0,0.7178589
566,0.83215296,1.2017021,0.7173587,0.0,0.7173587
567,0.8315728,1.2025406,0.7168584,0.0,0.7168584
568,0.83099246,1.2033803,0.7163582,0.0,0.7163582
569,0.8304122,1.2042212,0.7158579,0.0,0.7158579
570,0.82983196,1.2050632,0.71535766,0.0,0.71535766
571,0.8292517,1.2059065,0.71485746,0.0,0.71485746
572,0.82867146,1.2067509,0.71435714,0.0,0.71435714
573,0.82809114,1.2075965,0.71385694,0.0,0.71385694
574,0.82751095,1.2084432,0.7133567,0.0,0.7133567
575,0.82693064,1.2092912,0.7128564,0.0,0.7128564
576,0.8263504,1.2101405,0.7123562,0.0,0.7123562
577,0.82577014,1.2109908,0.7118559,0.0,0.7118559
578,0.8251899,1.2118423,0.7113557,0.0,0.7113557
579,0.82460964,1.212695,0.7108554,0.0,0.7108554
580,0.8240293,1.213549,0.71035516,0.0,0.71035516
581,0.82344913,1.2144041,0.70985496,0.0,0.70985496
582,0.8228688,1.2152605,0.70935464,0.0,0.70935464
583,0.8222886,1.2161181,0.70885444,0.0,0.70885444
584,0.8217083,1.2169769,0.7083542,0.0,0.7083542
585,0.821128,1.2178369,0.7078539,0.0,0.7078539
586,0.8205478,1.218698,0.7073537,0.0,0.7073537
587,0.8199675,1.2195605,0.7068534,0.0,0.7068534
588,0.8193873,1.220424,0.7063532,0.0,0.7063532
589,0.818807,1.221289,0.7058529,0.0,0.7058529
590,0.81822675,1.2221551,0.70535266,0.0,0.70535266
591,0.8176465,1.2230225,0.7048524,0.0,0.7048524
592,0.8170662,1.223891,0.70435214,0.0,0.70435214
593,0.816486,1.2247608,0.70385194,0.0,0.70385194
594,0.8159057,1.2256318,0.7033517,0.0,0.7033517
595,0.81532544,1.2265041,0.7028514,0.0,0.7028514
596,0.8147452,1.2273777,0.70235115,0.0,0.70235115
597,0.81416494,1.2282524,0.7018509,0.0,0.7018509
598,0.8135847,1.2291284,0.7013507,0.0,0.7013507
599,0.8130044,1.2300057,0.7008504,0.0,0.7008504
600,0.8124242,1.2308841,0.70035017,0.0,0.70035017
601,0.8118439,1.231764,0.6998499,0.0,0.6998499
602,0.8112636,1.2326449,0.69934964,0.0,0.69934964
603,0.81068337,1.2335272,0.69884944,0.0,0.69884944
604,0.8101031,1.2344108,0.6983492,0.0,0.6983492
605,0.80952287,1.2352955,0.6978489,0.0,0.6978489
606,0.80894256,1.2361817,0.69734865,0.0,0.69734865
607,0.80836236,1.237069,0.6968484,0.0,0.6968484
608,0.80778205,1.2379577,0.6963482,0.0,0.6963482
609,0.8072018,1.2388476,0.6958479,0.0,0.6958479
610,0.80662155,1.2397387,0.69534767,0.0,0.69534767
611,0.8060413,1.2406312,0.6948474,0.0,0.6948474
612,0.80546105,1.2415249,0.69434714,0.0,0.69434714
613,0.80488074,1.2424201,0.69384694,0.0,0.69384694
614,0.80430055,1.2433163,0.6933466,0.0,0.6933466
615,0.80372024,1.244214,0.6928464,0.0,0.6928464
616,0.80314,1.245113,0.69234616,0.0,0.69234616
617,0.80255973,1.2460132,0.6918459,0.0,0.6918459
618,0.8019795,1.2469147,0.6913457,0.0,0.6913457
619,0.80139923,1.2478175,0.6908454,0.0,0.6908454
620,0.8008189,1.2487217,0.69034517,0.0,0.69034517
621,0.8002387,1.2496271,0.6898449,0.0,0.6898449
622,0.7996584,1.2505339,0.68934464,0.0,0.68934464
623,0.79907817,1.2514421,0.68884444,0.0,0.68884444
624,0.7984979,1.2523514,0.6883441,0.0,0.6883441
625,0.79791766,1.2532622,0.6878439,0.0,0.6878439
626,0.7973374,1.2541742,0.68734366,0.0,0.68734366
627,0.7967571,1.2550876,0.6868434,0.0,0.6868434
628,0.7961769,1.2560023,0.6863432,0.0,0.6863432
629,0.7955966,1.2569184,0.6858429,0.0,0.6858429
630,0.79501635,1.2578357,0.68534267,0.0,0.68534267
631,0.7944361,1.2587545,0.6848424,0.0,0.6848424
632,0.7938558,1.2596747,0.68434215,0.0,0.68434215
633,0.7932756,1.2605959,0.68384194,0.0,0.68384194
634,0.7926953,1.2615188,0.6833416,0.0,0.6833416
635,0.7921151,1.2624428,0.6828414,0.0,0.6828414
636,0.7915348,1.2633684,0.68234116,0.0,0.68234116
637,0.79095453,1.2642952,0.6818409,0.0,0.6818409
638,0.7903743,1.2652234,0.6813407,0.0,0.6813407
639,0.78979397,1.266153,0.6808404,0.0,0.6808404
640,0.7892138,1.2670838,0.6803402,0.0,0.6803402
641,0.78863347,1.2680162,0.6798399,0.0,0.6798399
642,0.7880532,1.2689499,0.67933965,0.0,0.67933965
643,0.78747296,1.2698848,0.67883945,0.0,0.67883945
644,0.7868927,1.2708213,0.6783391,0.0,0.6783391
645,0.78631246,1.271759,0.6778389,0.0,0.6778389
646,0.78573215,1.2726983,0.67733866,0.0,0.67733866
647,0.78515196,1.2736388,0.6768384,0.0,0.6768384
648,0.78457165,1.2745808,0.6763382,0.0,0.6763382
649,0.7839914,1.2755243,0.6758379,0.0,0.6758379
650,0.78341115,1.276469,0.6753377,0.0,0.6753377
651,0.7828309,1.277415,0.6748374,0.0,0.6748374
652,0.78225064,1.2783626,0.67433715,0.0,0.67433715
653,0.78167033,1.2793117,0.67383695,0.0,0.67383695
654,0.78109014,1.280262,0.6733366,0.0,0.6733366
655,0.7805098,1.2812139,0.6728364,0.0,0.6728364
656,0.7799296,1.2821671,0.67233616,0.0,0.67233616
657,0.7793493,1.2831217,0.6718359,0.0,0.6718359
658,0.7787691,1.2840776,0.6713357,0.0,0.6713357
659,0.7781888,1.2850351,0.6708354,0.0,0.6708354
660,0.7776085,1.2859942,0.6703352,0.0,0.6703352
661,0.7770283,1.2869544,0.6698349,0.0,0.6698349
662,0.776448,1.2879162,0.66933465,0.0,0.66933465
663,0.77586776,1.2888794,0.66883445,0.0,0.66883445
664,0.7752875,1.289844,0.6683341,0.0,0.6683341
665,0.77470726,1.2908101,0.6678339,0.0,0.6678339
666,0.774127,1.2917777,0.66733366,0.0,0.66733366
667,0.7735467,1.2927468,0.6668334,0.0,0.6668334
668,0.7729665,1.2937171,0.6663332,0.0,0.6663332
669,0.7723862,1.2946892,0.6658329,0.0,0.6658329
670,0.77180594,1.2956625,0.6653327,0.0,0.6653327
671,0.7712257,1.2966373,0.6648324,0.0,0.6648324
672,0.7706454,1.2976137,0.66433215,0.0,0.66433215
673,0.7700652,1.2985914,0.6638319,0.0,0.6638319
674,0.7694849,1.2995707,0.6633316,0.0,0.6633316
675,0.7689047,1.3005513,0.6628314,0.0,0.6628314
676,0.7683244,1.3015336,0.66233116,0.0,0.66233116
677,0.7677441,1.3025173,0.6618309,0.0,0.6618309
678,0.7671639,1.3035024,0.66133064,0.0,0.66133064
679,0.76658356,1.3044893,0.6608304,0.0,0.6608304
680,0.7660034,1.3054773,0.6603302,0.0,0.6603302
681,0.76542306,1.306467,0.6598299,0.0,0.6598299
682,0.7648428,1.3074582,0.65932965,0.0,0.65932965
683,0.76426256,1.3084508,0.6588294,0.0,0.6588294
684,0.7636823,1.309445,0.6583291,0.0,0.6583291
685,0.76310205,1.3104407,0.6578289,0.0,0.6578289
686,0.76252174,1.311438,0.65732867,0.0,0.65732867
687,0.76194155,1.3124366,0.6568284,0.0,0.6568284
688,0.76136124,1.313437,0.65632814,0.0,0.65632814
689,0.760781,1.3144387,0.6558279,0.0,0.6558279
690,0.76020074,1.3154421,0.6553277,0.0,0.6553277
691,0.7596205,1.3164469,0.6548274,0.0,0.6548274
692,0.75904024,1.3174533,0.65432715,0.0,0.65432715
693,0.7584599,1.3184612,0.6538269,0.0,0.6538269
694,0.75787973,1.3194705,0.65332663,0.0,0.65332663
695,0.7572994,1.3204817,0.6528264,0.0,0.6528264
696,0.7567192,1.3214942,0.6523261,0.0,0.6523261
697,0.7561389,1.3225083,0.6518259,0.0,0.6518259
698,0.75555867,1.323524,0.65132564,0.0,0.65132564
699,0.7549784,1.3245412,0.6508254,0.0,0.6508254
700,0.7543981,1.3255601,0.6503252,0.0,0.6503252
701,0.7538179,1.3265803,0.64982486,0.0,0.64982486
702,0.7532376,1.3276024,0.64932466,0.0,0.64932466
703,0.75265735,1.3286258,0.6488244,0.0,0.6488244
704,0.7520771,1.3296509,0.64832413,0.0,0.64832413
705,0.75149685,1.3306775,0.6478239,0.0,0.6478239
706,0.7509166,1.3317058,0.6473236,0.0,0.6473236
707,0.7503363,1.3327358,0.6468234,0.0,0.6468234
708,0.7497561,1.333767,0.64632314,0.0,0.64632314
709,0.7491758,1.3348002,0.6458229,0.0,0.6458229
710,0.74859554,1.3358349,0.6453227,0.0,0.6453227
711,0.7480153,1.336871,0.64482236,0.0,0.64482236
712,0.74743503,1.3379089,0.64432216,0.0,0.64432216
713,0.7468548,1.3389484,0.6438219,0.0,0.6438219
714,0.7462745,1.3399895,0.64332163,0.0,0.64332163
715,0.7456943,1.3410321,0.64282143,0.0,0.64282143
716,0.74511397,1.3420765,0.6423211,0.0,0.6423211
717,0.7445337,1.3431225,0.6418209,0.0,0.6418209
718,0.74395347,1.3441701,0.64132065,0.0,0.64132065
719,0.74337316,1.3452194,0.6408204,0.0,0.6408204
720,0.74279296,1.3462702,0.6403202,0.0,0.6403202
721,0.74221265,1.3473227,0.63981986,0.0,0.63981986
722,0.74163246,1.3483768,0.63931966,0.0,0.63931966
723,0.74105215,1.3494327,0.6388194,0.0,0.6388194
724,0.7404719,1.3504901,0.63831913,0.0,0.63831913
725,0.73989165,1.3515493,0.63781893,0.0,0.63781893
726,0.73931134,1.3526101,0.6373186,0.0,0.6373186
727,0.73873115,1.3536725,0.6368184,0.0,0.6368184
728,0.73815084,1.3547367,0.63631815,0.0,0.63631815
729,0.7375706,1.3558024,0.6358179,0.0,0.6358179
730,0.73699033,1.3568699,0.6353177,0.0,0.6353177
731,0.7364101,1.357939,0.63481736,0.0,0.63481736
732,0.73582983,1.3590099,0.63431716,0.0,0.63431716
733,0.7352495,1.3600825,0.6338169,0.0,0.6338169
734,0.7346693,1.3611566,0.63331664,0.0,0.63331664
735,0.734089,1.3622326,0.63281643,0.0,0.63281643
736,0.73350877,1.3633102,0.6323161,0.0,0.6323161
737,0.7329285,1.3643895,0.6318159,0.0,0.6318159
738,0.73234826,1.3654705,0.63131565,0.0,0.63131565
739,0.731768,1.3665533,0.6308154,0.0,0.6308154
740,0.7311877,1.3676379,0.6303152,0.0,0.6303152
741,0.7306075,1.368724,0.62981486,0.0,0.62981486
742,0.7300272,1.369812,0.62931466,0.0,0.62931466
743,0.72944695,1.3709016,0.6288144,0.0,0.6288144
744,0.7288667,1.371993,0.62831414,0.0,0.62831414
745,0.72828645,1.3730861,0.62781394,0.0,0.62781394
746,0.7277062,1.3741809,0.6273136,0.0,0.6273136
747,0.7271259,1.3752776,0.6268134,0.0,0.6268134
748,0.7265457,1.3763759,0.62631315,0.0,0.62631315
749,0.7259654,1.3774761,0.6258129,0.0,0.6258129
750,0.7253851,1.3785781,0.6253127,0.0,0.6253127
751,0.7248049,1.3796817,0.62481236,0.0,0.62481236
752,0.7242246,1.380787,0.62431216,0.0,0.62431216
753,0.7236444,1.3818942,0.6238119,0.0,0.6238119
754,0.72306406,1.3830034,0.62331164,0.0,0.62331164
755,0.7224839,1.3841139,0.62281144,0.0,0.62281144
756,0.72190356,1.3852266,0.6223111,0.0,0.6223111
757,0.7213233,1.3863409,0.6218109,0.0,0.6218109
758,0.72074306,1.387457,0.62131065,0.0,0.62131065
759,0.72016275,1.388575,0.6208104,0.0,0.6208104
760,0.71958256,1.3896946,0.6203101,0.0,0.6203101
761,0.71900225,1.3908162,0.61980987,0.0,0.61980987
762,0.71842206,1.3919394,0.61930966,0.0,0.61930966
763,0.71784174,1.3930647,0.6188094,0.0,0.6188094
764,0.7172615,1.3941916,0.61830914,0.0,0.61830914
765,0.71668124,1.3953204,0.6178089,0.0,0.6178089
766,0.71610093,1.3964512,0.6173086,0.0,0.6173086
767,0.71552074,1.3975835,0.6168084,0.0,0.6168084
768,0.7149404,1.3987179,0.61630815,0.0,0.61630815
769,0.7143602,1.3998541,0.6158079,0.0,0.6158079
770,0.7137799,1.400992,0.6153076,0.0,0.6153076
771,0.7131997,1.4021319,0.61480737,0.0,0.61480737
772,0.7126194,1.4032736,0.61430717,0.0,0.61430717
773,0.7120391,1.4044173,0.6138069,0.0,0.6138069
774,0.7114589,1.4055625,0.61330664,0.0,0.61330664
775,0.7108786,1.4067099,0.6128064,0.0,0.6128064
776,0.71029836,1.4078591,0.6123061,0.0,0.6123061
777,0.7097181,1.4090102,0.6118059,0.0,0.6118059
778,0.70913786,1.410163,0.61130565,0.0,0.61130565
779,0.7085576,1.4113178,0.6108054,0.0,0.6108054
780,0.7079773,1.4124746,0.61030513,0.0,0.61030513
781,0.7073971,1.4136331,0.60980487,0.0,0.60980487
782,0.7068168,1.4147937,0.60930467,0.0,0.60930467
783,0.70623654,1.4159561,0.60880435,0.0,0.60880435
784,0.7056563,1.4171205,0.60830414,0.0,0.60830414
785,0.70507604,1.4182868,0.6078039,0.0,0.6078039
786,0.7044958,1.4194549,0.6073036,0.0,0.6073036
787,0.7039155,1.4206251,0.6068034,0.0,0.6068034
788,0.7033353,1.421797,0.6063031,0.0,0.6063031
789,0.702755,1.4229711,0.6058029,0.0,0.6058029
790,0.7021747,1.424147,0.60530263,0.0,0.60530263
791,0.7015945,1.4253248,0.60480237,0.0,0.60480237
792,0.7010142,1.4265046,0.60430217,0.0,0.60430217
793,0.70043397,1.4276863,0.60380185,0.0,0.60380185
794,0.69985366,1.4288702,0.60330164,0.0,0.60330164
795,0.69927347,1.4300557,0.6028014,0.0,0.6028014
796,0.69869316,1.4312434,0.6023011,0.0,0.6023011
797,0.6981129,1.432433,0.6018009,0.0,0.6018009
798,0.69753265,1.4336246,0.6013006,0.0,0.6013006
799,0.6969524,1.4348183,0.6008004,0.0,0.6008004
800,0.69637215,1.4360138,0.60030013,0.0,0.60030013
801,0.69579184,1.4372114,0.5997999,0.0,0.5997999
802,0.69521165,1.4384109,0.59929967,0.0,0.59929967
803,0.69463134,1.4396125,0.59879935,0.0,0.59879935
804,0.6940511,1.4408162,0.59829915,0.0,0.59829915
805,0.69347084,1.4420217,0.5977989,0.0,0.5977989
806,0.6928905,1.4432294,0.5972986,0.0,0.5972986
807,0.69231033,1.4444389,0.5967984,0.0,0.5967984
808,0.69173,1.4456507,0.5962981,0.0,0.5962981
809,0.69114983,1.4468642,0.5957979,0.0,0.5957979
810,0.6905695,1.4480802,0.59529763,0.0,0.59529763
811,0.68998927,1.4492979,0.5947974,0.0,0.5947974
812,0.689409,1.4505178,0.5942972,0.0,0.5942972
813,0.6888287,1.4517398,0.59379685,0.0,0.59379685
814,0.6882485,1.4529636,0.59329665,0.0,0.59329665
815,0.6876682,1.4541897,0.5927964,0.0,0.5927964
816,0.68708795,1.4554178,0.5922961,0.0,0.5922961
817,0.6865077,1.4566479,0.5917959,0.0,0.5917959
818,0.68592745,1.4578801,0.5912956,0.0,0.5912956
819,0.6853472,1.4591144,0.5907954,0.0,0.5907954
820,0.6847669,1.460351,0.59029514,0.0,0.59029514
821,0.6841867,1.4615893,0.5897949,1.1921486e-38,0.5897949
822,0.6836064,1.4628301,0.5892947,1.4800238e-38,0.5892947
823,0.68302613,1.4640728,0.58879435,1.8368953e-38,0.58879435
824,0.6824459,1.4653176,0.58829415,2.2792438e-38,0.58829415
825,0.68186563,1.4665647,0.5877939,2.8272744e-38,0.5877939
826,0.6812854,1.4678137,0.5872936,3.5060855e-38,0.5872936
827,0.6807051,1.469065,0.5867934,4.3466813e-38,0.5867934
828,0.6801249,1.4703182,0.5862931,5.3874147e-38,0.5862931
829,0.67954457,1.4715738,0.5857929,6.6752954e-38,0.5857929
830,0.6789643,1.4728315,0.58529264,8.268903e-38,0.58529264
831,0.67838407,1.4740912,0.5847924,1.0240145e-37,0.5847924
832,0.6778038,1.4753531,0.5842922,1.2677637e-37,0.5842922
833,0.67722356,1.4766172,0.58379185,1.5691024e-37,0.58379185
834,0.67664325,1.4778837,0.58329165,1.941519e-37,0.58329165
835,0.67606306,1.479152,0.5827914,2.4017032e-37,0.5827914
836,0.67548275,1.4804227,0.5822911,2.9700548e-37,0.5822911
837,0.6749025,1.4816955,0.5817909,3.671952e-37,0.5817909
838,0.67432225,1.4829705,0.5812906,4.538409e-37,0.5812906
839,0.673742,1.4842477,0.5807904,5.6079077e-37,0.5807904
840,0.67316175,1.485527,0.58029014,6.927326e-37,0.58029014
841,0.67258143,1.4868088,0.5797899,8.5548235e-37,0.5797899
842,0.67200124,1.4880925,0.5792897,1.0561862e-36,0.5792897
843,0.67142093,1.4893787,0.57878935,1.3036091e-36,0.57878935
844,0.6708407,1.4906669,0.57828915,1.6085516e-36,0.57828915
845,0.6702604,1.4919574,0.5777889,1.9842662e-36,0.5777889
846,0.6696801,1.4932503,0.5772886,2.4470658e-36,0.5772886
847,0.6690999,1.4945451,0.57678837,3.0169546e-36,0.57678837
848,0.6685196,1.4958425,0.5762881,3.71857e-36,0.5762881
849,0.6679394,1.4971417,0.5757879,4.5819868e-36,0.5757879
850,0.6673591,1.4984436,0.57528764,5.6444603e-36,0.57528764
851,0.66677886,1.4997476,0.5747874,6.9511794e-36,0.5747874
852,0.6661986,1.5010538,0.5742871,8.558124e-36,0.5742871
853,0.6656183,1.5023625,0.57378685,1.0533663e-35,0.57378685
854,0.6650381,1.5036732,0.57328665,1.2961765e-35,0.57328665
855,0.6644578,1.5049865,0.5727864,1.5944948e-35,0.5727864
856,0.6638776,1.5063018,0.5722861,1.9609179e-35,0.5722861
857,0.6632973,1.5076196,0.57178587,2.4108663e-35,0.57178587
858,0.66271704,1.5089396,0.5712856,2.963313e-35,0.5712856
859,0.6621368,1.5102619,0.5707854,3.6412685e-35,0.5707854
860,0.6615565,1.5115868,0.57028514,4.4730657e-35,0.57028514
861,0.6609763,1.5129136,0.5697849,5.4934496e-35,0.5697849
862,0.660396,1.514243,0.5692846,6.744646e-35,0.5692846
863,0.6598157,1.5155747,0.56878436,8.2784787e-35,0.56878436
864,0.6592355,1.5169086,0.56828415,1.0158416e-34,0.56828415
865,0.6586552,1.518245,0.5677839,1.2461839e-34,0.5677839
866,0.658075,1.5195837,0.56728363,1.5283134e-34,0.56728363
867,0.6574947,1.5209248,0.56678337,1.8738004e-34,0.56678337
868,0.6569144,1.5222683,0.5662831,2.2967394e-34,0.5662831
869,0.65633416,1.5236142,0.5657829,2.8143888e-34,0.5657829
870,0.6557539,1.5249623,0.5652826,3.4477614e-34,0.5652826
871,0.65517366,1.526313,0.5647824,4.222449e-34,0.5647824
872,0.6545934,1.5276659,0.5642821,5.1697443e-34,0.5642821
873,0.65401316,1.5290213,0.56378186,6.327872e-34,0.56378186
874,0.6534329,1.530379,0.56328166,7.7433165e-34,0.56328166
875,0.6528526,1.5317394,0.56278133,9.4726285e-34,0.56278133
876,0.65227234,1.5331019,0.56228113,1.1585227e-33,0.56228113
877,0.6516921,1.534467,0.56178087,1.416466e-33,0.56178087
878,0.65111184,1.5358344,0.5612806,1.7313774e-33,0.5612806
879,0.6505316,1.5372044,0.5607804,2.115687e-33,0.5607804
880,0.64995134,1.5385767,0.5602801,2.5846303e-33,0.5602801
881,0.6493711,1.5399516,0.5597799,3.1566e-33,0.5597799
882,0.6487908,1.5413289,0.5592796,3.854086e-33,0.5592796
883,0.6482105,1.5427086,0.55877936,4.7043615e-33,0.55877936
884,0.6476303,1.5440909,0.55827916,5.740688e-33,0.55827916
885,0.64705,1.5454756,0.55777884,7.00333e-33,0.55777884
886,0.6464698,1.5468627,0.55727863,8.5412095e-33,0.55727863
887,0.6458895,1.5482523,0.5567784,1.0414016e-32,0.5567784
888,0.6453092,1.5496447,0.5562781,1.2694074e-32,0.5562781
889,0.64472896,1.5510393,0.5557779,1.5468728e-32,0.5557779
890,0.6441487,1.5524366,0.5552776,1.8844832e-32,0.5552776
891,0.64356846,1.5538362,0.5547774,2.2951652e-32,0.5547774
892,0.6429882,1.5552385,0.5542771,2.7945148e-32,0.5542771
893,0.64240795,1.5566432,0.55377686,3.4015712e-32,0.55377686
894,0.6418277,1.5580505,0.55327666,4.1393623e-32,0.55327666
895,0.6412474,1.5594605,0.55277634,5.0358337e-32,0.55277634
896,0.64066714,1.5608729,0.55227613,6.12468e-32,0.55227613
897,0.6400869,1.5622879,0.5517759,7.4468525e-32,0.5517759
898,0.63950664,1.5637054,0.5512756,9.0520353e-32,0.5512756
899,0.6389264,1.5651256,0.5507754,1.1000195e-31,0.5507754
900,0.63834614,1.5665482,0.5502751,1.3363758e-31,0.5502751
901,0.6377659,1.5679735,0.5497749,1.6230712e-31,0.5497749
902,0.6371856,1.5694015,0.5492746,1.9707156e-31,0.5492746
903,0.6366053,1.570832,0.54877436,2.392201e-31,0.54877436
904,0.6360251,1.572265,0.54827416,2.9029896e-31,0.54827416
905,0.6354448,1.5737008,0.54777384,3.5218485e-31,0.54777384
906,0.63486457,1.575139,0.54727364,4.271528e-31,0.54727364
907,0.6342843,1.57658,0.5467734,5.1792464e-31,0.5467734
908,0.633704,1.5780238,0.5462731,6.2781343e-31,0.5462731
909,0.63312376,1.57947,0.5457729,7.6080275e-31,0.5457729
910,0.6325435,1.5809189,0.5452726,9.217239e-31,0.5452726
911,0.63196325,1.5823705,0.5447724,1.1163587e-30,0.5447724
912,0.631383,1.5838248,0.5442721,1.3517117e-30,0.5442721
913,0.63080275,1.5852816,0.54377186,1.6362327e-30,0.54377186
914,0.6302225,1.5867412,0.54327166,1.9801287e-30,0.54327166
915,0.6296422,1.5882037,0.54277134,2.3955721e-30,0.54277134
916,0.62906194,1.5896686,0.54227114,2.897426e-30,0.54227114
917,0.6284817,1.5911362,0.5417709,3.5033994e-30,0.5417709
918,0.62790143,1.5926067,0.5412706,4.2350082e-30,0.5412706
919,0.6273212,1.5940797,0.5407704,5.117874e-30,0.5407704
920,0.62674093,1.5955555,0.5402701,6.1830916e-30,0.5402701
921,0.6261607,1.5970342,0.5397699,7.468026e-30,0.5397699
922,0.6255804,1.5985156,0.5392696,9.017408e-30,0.5392696
923,0.6250001,1.5999997,0.53876936,1.08852056e-29,0.53876936
924,0.62441987,1.6014866,0.53826916,1.3136225e-29,0.53826916
925,0.6238396,1.6029761,0.53776884,1.5848578e-29,0.53776884
926,0.62325937,1.6044685,0.53726864,1.9115356e-29,0.53726864
927,0.6226791,1.6059636,0.5367684,2.3049077e-29,0.5367684
928,0.6220988,1.6074617,0.5362681,2.778468e-29,0.5362681
929,0.62151855,1.6089624,0.53576785,3.348431e-29,0.53576785
930,0.6209383,1.610466,0.5352676,4.0341437e-29,0.5352676
931,0.62035805,1.6119723,0.5347674,4.8589278e-29,0.5347674
932,0.6197778,1.6134815,0.5342671,5.8507326e-29,0.5342671
933,0.61919755,1.6149935,0.53376687,7.043077e-29,0.53376687
934,0.6186173,1.6165084,0.5332666,8.475987e-29,0.5332666
935,0.618037,1.6180261,0.53276634,1.0197623e-28,0.53276634
936,0.61745673,1.6195467,0.53226614,1.2265587e-28,0.53226614
937,0.6168765,1.62107,0.5317659,1.4748687e-28,0.5317659
938,0.61629623,1.6225964,0.5312656,1.772968e-28,0.5312656
939,0.615716,1.6241255,0.53076535,2.1307085e-28,0.53076535
940,0.6151357,1.6256574,0.5302651,2.5599588e-28,0.5302651
941,0.6145555,1.6271924,0.5297649,3.0747934e-28,0.5297649
942,0.61397517,1.6287304,0.5292646,3.6921387e-28,0.5292646
943,0.6133949,1.6302711,0.52876437,4.432215e-28,0.52876437
944,0.61281466,1.6318147,0.5282641,5.319216e-28,0.5282641
945,0.6122344,1.6333613,0.52776384,6.3818534e-28,0.52776384
946,0.61165416,1.6349108,0.52726364,7.654675e-28,0.52726364
947,0.6110739,1.6364633,0.5267634,9.178797e-28,0.5267634
948,0.61049366,1.6380186,0.5262631,1.1003449e-27,0.5262631
949,0.60991335,1.6395772,0.52576286,1.3187049e-27,0.52576286
950,0.6093331,1.6411384,0.5252626,1.5799577e-27,0.5252626
951,0.60875285,1.6427028,0.5247624,1.8924627e-27,0.5247624
952,0.6081726,1.6442701,0.5242621,2.2661222e-27,0.5242621
953,0.60759234,1.6458404,0.52376187,2.7128037e-27,0.52376187
954,0.6070121,1.6474136,0.5232616,3.24664e-27,0.5232616
955,0.6064318,1.64899,0.52276134,3.8844744e-27,0.52276134
956,0.60585153,1.6505694,0.52226114,4.646288e-27,0.52226114
957,0.6052713,1.6521517,0.5217608,5.5559593e-27,0.5217608
958,0.604691,1.6537371,0.5212606,6.641881e-27,0.5212606
959,0.6041108,1.6553255,0.52076036,7.937927e-27,0.52076036
960,0.6035305,1.656917,0.5202601,9.4841596e-27,0.5202601
961,0.6029503,1.6585115,0.5197599,1.13284286e-26,0.5197599
962,0.60236996,1.6601093,0.5192596,1.3527564e-26,0.5192596
963,0.6017897,1.66171,0.51875937,1.6149294e-26,0.51875937
964,0.60120946,1.6633139,0.5182591,1.9273542e-26,0.5182591
965,0.6006292,1.6649207,0.51775885,2.2995892e-26,0.51775885
966,0.60004896,1.6665307,0.51725864,2.742972e-26,0.51725864
967,0.5994687,1.6681437,0.5167583,3.270907e-26,0.5167583
968,0.59888846,1.66976,0.5162581,3.8993672e-26,0.5162581
969,0.59830815,1.6713796,0.51575786,4.647283e-26,0.51575786
970,0.5977279,1.673002,0.5152576,5.537173e-26,0.5152576
971,0.59714764,1.6746278,0.5147574,6.5955785e-26,0.5147574
972,0.5965674,1.6762565,0.5142571,7.8541044e-26,0.5142571
973,0.59598714,1.6778885,0.5137569,9.350171e-26,0.5137569
974,0.5954069,1.6795237,0.5132566,1.112824e-25,0.5132566
975,0.5948266,1.6811622,0.51275635,1.3240644e-25,0.51275635
976,0.5942463,1.6828039,0.51225615,1.5749587e-25,0.51225615
977,0.5936661,1.6844486,0.5117558,1.87288e-25,0.5117558
978,0.5930858,1.6860967,0.5112556,2.2265535e-25,0.5112556
979,0.5925056,1.6877478,0.51075536,2.646257e-25,0.51075536
980,0.5919253,1.6894023,0.5102551,3.1441987e-25,0.5102551
981,0.5913451,1.69106,0.5097549,3.73484e-25,0.5097549
982,0.59076476,1.6927211,0.5092546,4.4351643e-25,0.5092546
983,0.5901845,1.6943854,0.5087544,5.265341e-25,0.5087544
984,0.58960426,1.6960529,0.5082541,6.24917e-25,0.5082541
985,0.589024,1.6977236,0.50775385,7.414848e-25,0.50775385
986,0.58844376,1.6993978,0.50725365,8.795413e-25,0.50725365
987,0.5878635,1.7010752,0.5067533,1.0430159e-24,0.5067533
988,0.58728325,1.7027558,0.5062531,1.2365254e-24,0.5062531
989,0.58670294,1.7044401,0.50575286,1.4655507e-24,0.50575286
990,0.5861227,1.7061274,0.5052526,1.7364917e-24,0.5052526
991,0.58554244,1.7078182,0.5047524,2.0569574e-24,0.5047524
992,0.5849622,1.7095122,0.5042521,2.4358767e-24,0.5042521
993,0.58438194,1.7112097,0.5037519,2.8838388e-24,0.5037519
994,0.5838017,1.7129104,0.5032516,3.4131795e-24,0.5032516
995,0.5832214,1.7146147,0.50275135,4.038573e-24,0.50275135
996,0.5826411,1.7163224,0.50225115,4.7772813e-24,0.50225115
997,0.5820609,1.7180333,0.5017508,5.649471e-24,0.5017508
998,0.5814806,1.7197478,0.5012506,6.679062e-24,0.5012506
999,0.5809004,1.7214656,0.50075036,7.8940924e-24,0.50075036
1000,0.5803201,1.7231869,0.5002501,9.32763e-24,0.5002501
1001,0.57973987,1.7249116,0.49974984,1.1018341e-23,0.49974984
1002,0.57915956,1.7266399,0.49924964,1.3011932e-23,0.49924964
1003,0.5785793,1.7283715,0.49874938,1.5361892e-23,0.49874938
1004,0.57799906,1.7301066,0.4982491,1.8131487e-23,0.4982491
1005,0.5774188,1.7318453,0.49774885,2.1394122e-23,0.49774885
1006,0.57683855,1.7335873,0.4972486,2.5236921e-23,0.4972486
1007,0.5762583,1.735333,0.49674833,2.9761778e-23,0.49674833
1008,0.57567805,1.737082,0.49624813,3.5088287e-23,0.49624813
1009,0.57509774,1.7388349,0.49574786,4.135641e-23,0.49574786
1010,0.5745175,1.740591,0.4952476,4.8730683e-23,0.4952476
1011,0.57393724,1.7423508,0.49474734,5.740433e-23,0.49474734
1012,0.573357,1.744114,0.49424708,6.760245e-23,0.49424708
1013,0.57277673,1.745881,0.49374688,7.959046e-23,0.49374688
1014,0.5721965,1.7476515,0.49324661,9.3677864e-23,0.49324661
1015,0.5716162,1.7494256,0.49274635,1.102297e-22,0.49274635
1016,0.5710359,1.7512033,0.4922461,1.2966797e-22,0.4922461
1017,0.5704557,1.7529846,0.49174583,1.5249275e-22,0.49174583
1018,0.5698754,1.7547694,0.49124563,1.7928463e-22,0.49124563
1019,0.56929517,1.7565581,0.49074537,2.1072738e-22,0.49074537
1020,0.5687149,1.7583503,0.4902451,2.476127e-22,0.4902451
1021,0.56813467,1.760146,0.48974484,2.908745e-22,0.48974484
1022,0.56755435,1.7619457,0.48924458,3.4160096e-22,0.48924458
1023,0.5669741,1.763749,0.48874438,4.0106357e-22,0.48874438
1024,0.56639385,1.7655559,0.48824412,4.7074216e-22,0.48824412
1025,0.5658136,1.7673665,0.48774385,5.523746e-22,0.48774385
1026,0.56523335,1.7691808,0.4872436,6.479851e-22,0.4872436
1027,0.5646531,1.7709988,0.48674333,7.5993316e-22,0.48674333
1028,0.56407285,1.7728207,0.48624313,8.909702e-22,0.48624313
1029,0.56349254,1.7746464,0.48574287,1.0443114e-21,0.48574287
1030,0.5629123,1.7764757,0.4852426,1.2237167e-21,0.4852426
1031,0.56233203,1.7783087,0.48474234,1.4335325e-21,0.48474234
1032,0.5617518,1.7801456,0.48424208,1.6788487e-21,0.48424208
1033,0.56117153,1.7819864,0.48374188,1.9656128e-21,0.48374188
1034,0.5605913,1.7838308,0.48324162,2.300727e-21,0.48324162
1035,0.560011,1.7856791,0.48274136,2.6922142e-21,0.48274136
1036,0.5594307,1.7875315,0.4822411,3.149427e-21,0.4822411
1037,0.55885047,1.7893875,0.48174083,3.683275e-21,0.48174083
1038,0.5582702,1.7912472,0.48124063,4.3064477e-21,0.48124063
1039,0.55768996,1.793111,0.48074037,5.0336146e-21,0.48074037
1040,0.5571097,1.7949786,0.4802401,5.8819517e-21,0.4802401
1041,0.55652946,1.7968501,0.47973984,6.871375e-21,0.47973984
1042,0.55594915,1.7987256,0.47923958,8.024966e-21,0.47923958
1043,0.5553689,1.8006049,0.47873938,9.369619e-21,0.47873938
1044,0.55478865,1.8024882,0.47823912,1.0936534e-20,0.47823912
1045,0.5542084,1.8043754,0.47773886,1.2762029e-20,0.47773886
1046,0.55362815,1.8062665,0.4772386,1.4887975e-20,0.4772386
1047,0.5530479,1.8081616,0.47673833,1.7363363e-20,0.47673833
1048,0.55246764,1.8100607,0.47623807,2.0244535e-20,0.47623807
1049,0.55188733,1.811964,0.47573787,2.3597489e-20,0.47573787
1050,0.5513071,1.8138711,0.4752376,2.7498007e-20,0.4752376
1051,0.55072683,1.8157822,0.47473735,3.203409e-20,0.47473735
1052,0.5501466,1.8176974,0.47423708,3.7308337e-20,0.47423708
1053,0.5495663,1.8196166,0.47373682,4.34392e-20,0.47373682
1054,0.5489861,1.8215398,0.47323662,5.056307e-20,0.47323662
1055,0.5484058,1.8234671,0.47273636,5.883907e-20,0.47273636
1056,0.5478255,1.8253987,0.4722361,6.8450857e-20,0.4722361
1057,0.54724526,1.8273342,0.47173584,7.9610014e-20,0.47173584
1058,0.546665,1.8292738,0.47123557,9.2562616e-20,0.47123557
1059,0.54608476,1.8312175,0.47073537,1.0759346e-19,0.47073537
1060,0.5455045,1.8331654,0.4702351,1.2503077e-19,0.4702351
1061,0.54492426,1.8351175,0.46973485,1.4525249e-19,0.46973485
1062,0.54434395,1.8370738,0.4692346,1.6869779e-19,0.4692346
1063,0.5437637,1.8390341,0.46873432,1.958736e-19,0.46873432
1064,0.54318345,1.8409986,0.46823412,2.273656e-19,0.46823412
1065,0.5426032,1.8429674,0.46773386,2.6384433e-19,0.46773386
1066,0.54202294,1.8449403,0.4672336,3.0609278e-19,0.4672336
1067,0.5414427,1.8469175,0.46673334,3.5500612e-19,0.46673334
1068,0.54086244,1.848899,0.46623307,4.1162428e-19,0.46623307
1069,0.54028213,1.8508848,0.46573287,4.771375e-19,0.46573287
1070,0.5397019,1.8528748,0.4652326,5.5292356e-19,0.4652326
1071,0.5391216,1.854869,0.46473235,6.4057363e-19,0.46473235
1072,0.5385414,1.8568676,0.4642321,7.4190863e-19,0.4642321
1073,0.5379611,1.8588704,0.46373183,8.590317e-19,0.46373183
1074,0.5373809,1.8608775,0.46323162,9.943678e-19,0.46323162
1075,0.5368006,1.862889,0.46273136,1.150718e-18,0.46273136
1076,0.5362203,1.8649051,0.4622311,1.3312711e-18,0.4622311
1077,0.53564006,1.8669254,0.46173084,1.5397251e-18,0.46173084
1078,0.5350598,1.8689499,0.46123058,1.7803235e-18,0.46123058
1079,0.53447956,1.870979,0.46073037,2.0579683e-18,0.46073037
1080,0.5338993,1.8730123,0.4602301,2.378232e-18,0.4602301
1081,0.53331906,1.8750502,0.45972985,2.7475596e-18,0.45972985
1082,0.53273875,1.8770927,0.4592296,3.1733825e-18,0.4592296
1083,0.5321585,1.8791394,0.45872933,3.6641797e-18,0.45872933
1084,0.53157824,1.8811907,0.45822912,4.2297058e-18,0.45822912
1085,0.530998,1.8832463,0.45772886,4.8811556e-18,0.45772886
1086,0.53041774,1.8853065,0.4572286,5.6314138e-18,0.4572286
1087,0.5298375,1.8873712,0.45672834,6.4951334e-18,0.45672834
1088,0.52925724,1.8894404,0.45622808,7.489211e-18,0.45622808
1089,0.5286769,1.8915144,0.45572782,8.633061e-18,0.45572782
1090,0.5280967,1.8935927,0.4552276,9.948994e-18,0.4552276
1091,0.5275164,1.8956755,0.45472735,1.1462149e-17,0.45472735
1092,0.5269362,1.897763,0.4542271,1.3201813e-17,0.4542271
1093,0.5263559,1.8998551,0.45372683,1.5201224e-17,0.45372683
1094,0.5257757,1.9019518,0.45322657,1.7498905e-17,0.45322657
1095,0.5251954,1.9040532,0.45272636,2.0137889e-17,0.45272636
1096,0.5246151,1.9061594,0.4522261,2.3168578e-17,0.4522261
1097,0.52403486,1.90827,0.45172584,2.6647956e-17,0.45172584
1098,0.5234546,1.9103854,0.45122558,3.0641553e-17,0.45122558
1099,0.52287436,1.9125054,0.45072532,3.5223574e-17,0.45072532
1100,0.5222941,1.91463,0.4502251,4.04795e-17,0.4502251
1101,0.52171385,1.9167595,0.44972485,4.650727e-17,0.44972485
1102,0.52113354,1.9188939,0.4492246,5.341735e-17,0.4492246
1103,0.5205533,1.9210329,0.44872433,6.133705e-17,0.44872433
1104,0.51997304,1.9231766,0.44822407,7.041132e-17,0.44822407
1105,0.5193928,1.9253252,0.44772387,8.080615e-17,0.44772387
1106,0.51881254,1.9274784,0.4472236,9.2709046e-17,0.4472236
1107,0.5182323,1.9296366,0.44672334,1.0633607e-16,0.44672334
1108,0.51765203,1.9317997,0.44622308,1.2193211e-16,0.44622308
1109,0.5170717,1.9339677,0.44572282,1.3977772e-16,0.44572282
1110,0.5164915,1.9361404,0.44522262,1.6018932e-16,0.44522262
1111,0.5159112,1.938318,0.44472235,1.835305e-16,0.44472235
1112,0.515331,1.9405005,0.4442221,2.1021498e-16,0.4442221
1113,0.5147507,1.9426879,0.44372183,2.407131e-16,0.44372183
1114,0.51417047,1.9448802,0.44322157,2.7555816e-16,0.44322157
1115,0.5135902,1.9470776,0.44272137,3.1535945e-16,0.44272137
1116,0.5130099,1.9492801,0.4422211,3.6081187e-16,0.4422211
1117,0.51242965,1.9514874,0.44172084,4.1269878e-16,0.44172084
1118,0.5118494,1.9536997,0.44122058,4.719141e-16,0.44122058
1119,0.51126915,1.955917,0.44072032,5.3947756e-16,0.44072032
1120,0.5106889,1.9581393,0.44022012,6.165471e-16,0.44022012
1121,0.51010865,1.9603667,0.43971986,7.044265e-16,0.43971986
1122,0.5095284,1.9625992,0.4392196,8.046077e-16,0.4392196
1123,0.5089481,1.964837,0.43871933,9.187839e-16,0.43871933
1124,0.50836784,1.9670796,0.43821907,1.048866e-15,0.43821907
1125,0.5077876,1.9693273,0.43771887,1.1970363e-15,0.43771887
1126,0.50720733,1.9715803,0.4372186,1.3657578e-15,0.4372186
1127,0.5066271,1.9738384,0.43671834,1.5578327e-15,0.43671834
1128,0.50604683,1.9761016,0.43621808,1.7764187e-15,0.43621808
1129,0.5054665,1.9783704,0.43571782,2.025119e-15,0.43571782
1130,0.50488627,1.9806441,0.43521762,2.3079994e-15,0.43521762
1131,0.504306,1.982923,0.43471736,2.6296464e-15,0.43471736
1132,0.50372577,1.9852072,0.4342171,2.995302e-15,0.4342171
1133,0.5031455,1.9874966,0.43371683,3.4108458e-15,0.43371683
1134,0.50256526,1.9897913,0.43321657,3.8829794e-15,0.43321657
1135,0.501985,1.9920913,0.4327163,4.419202e-15,0.4327163
1136,0.5014047,1.9943969,0.4322161,5.0281125e-15,0.4322161
1137,0.50082445,1.9967077,0.43171585,5.7193083e-15,0.43171585
1138,0.5002442,1.9990237,0.43121558,6.503747e-15,0.43121558
1139,0.49966395,2.0013452,0.43071532,7.393688e-15,0.43071532
1140,0.4990837,2.003672,0.43021506,8.403095e-15,0.43021506
1141,0.49850345,2.006004,0.42971486,9.547616e-15,0.42971486
1142,0.4979232,2.0083418,0.4292146,1.0845063e-14,0.4292146
1143,0.49734288,2.0106852,0.42871433,1.2315371e-14,0.42871433
1144,0.49676263,2.0130339,0.42821407,1.3981173e-14,0.42821407
1145,0.49618238,2.015388,0.4277138,1.5867844e-14,0.4277138
1146,0.49560213,2.0177476,0.4272136,1.8004097e-14,0.4272136
1147,0.49502188,2.0201128,0.42671335,2.0422337e-14,0.42671335
1148,0.49444163,2.0224833,0.4262131,2.3158851e-14,0.4262131
1149,0.49386132,2.02486,0.42571282,2.625488e-14,0.42571282
1150,0.49328107,2.0272417,0.42521256,2.975641e-14,0.42521256
1151,0.49270082,2.0296292,0.42471236,3.3715662e-14,0.42471236
1152,0.49212056,2.0320225,0.4242121,3.8190937e-14,0.4242121
1153,0.4915403,2.0344212,0.42371184,4.3248442e-14,0.42371184
1154,0.49096006,2.0368257,0.42321157,4.8961865e-14,0.42321157
1155,0.4903798,2.0392356,0.4227113,5.5414966e-14,0.4227113
1156,0.4897995,2.0416517,0.4222111,6.2700875e-14,0.4222111
1157,0.48921925,2.0440733,0.42171085,7.092524e-14,0.42171085
1158,0.488639,2.0465007,0.4212106,8.020588e-14,0.4212106
1159,0.48805875,2.0489337,0.42071033,9.067601e-14,0.42071033
1160,0.4874785,2.0513725,0.42021006,1.0248457e-13,0.42021006
1161,0.48689824,2.0538173,0.41970986,1.1579824e-13,0.41970986
1162,0.486318,2.0562677,0.4192096,1.3080552e-13,0.4192096
1163,0.48573768,2.0587244,0.41870934,1.4771633e-13,0.41870934
1164,0.48515743,2.0611866,0.41820908,1.6676757e-13,0.41820908
1165,0.48457718,2.0636547,0.4177088,1.8822277e-13,0.4177088
1166,0.48399693,2.0661287,0.4172086,2.1238028e-13,0.4172086
1167,0.48341668,2.0686088,0.41670835,2.3957068e-13,0.41670835
1168,0.48283643,2.0710948,0.4162081,2.7016852e-13,0.4162081
1169,0.4822561,2.073587,0.41570783,3.0458765e-13,0.41570783
1170,0.48167586,2.0760849,0.41520756,3.4329814e-13,0.41520756
1171,0.4810956,2.078589,0.41470736,3.8681992e-13,0.41470736
1172,0.48051536,2.081099,0.4142071,4.3573947e-13,0.4142071
1173,0.4799351,2.083615,0.41370684,4.907072e-13,0.41370684
1174,0.47935486,2.0861373,0.41320658,5.524572e-13,0.41320658
1175,0.4787746,2.0886655,0.41270632,6.218057e-13,0.41270632
1176,0.4781943,2.0912,0.41220605,6.996633e-13,0.41220605
1177,0.47761405,2.0937407,0.41170585,7.8705326e-13,0.41170585
1178,0.4770338,2.0962875,0.4112056,8.8510866e-13,0.4112056
1179,0.47645354,2.0988405,0.41070533,9.951088e-13,0.41070533
1180,0.4758733,2.1013997,0.41020507,1.1184619e-12,0.41020507
1181,0.47529304,2.1039653,0.4097048,1.2567627e-12,0.4097048
1182,0.4747128,2.1065369,0.4092046,1.4117664e-12,0.4092046
1183,0.47413248,2.1091151,0.40870434,1.5854549e-12,0.40870434
1184,0.47355223,2.1116996,0.40820408,1.7800131e-12,0.40820408
1185,0.47297198,2.1142902,0.40770382,1.9978975e-12,0.40770382
1186,0.47239172,2.116887,0.40720356,2.2418196e-12,0.40720356
1187,0.47181147,2.1194906,0.40670335,2.514831e-12,0.40670335
1188,0.47123122,2.1221006,0.4062031,2.8202993e-12,0.4062031
1189,0.4706509,2.124717,0.40570283,3.1619971e-12,0.40570283
1190,0.47007066,2.1273398,0.40520257,3.5441203e-12,0.40520257
1191,0.4694904,2.129969,0.4047023,3.971301e-12,0.4047023
1192,0.46891016,2.1326046,0.4042021,4.4487495e-12,0.4042021
1193,0.4683299,2.135247,0.40370184,4.982192e-12,0.40370184
1194,0.46774966,2.1378958,0.40320158,5.578077e-12,0.40320158
1195,0.4671694,2.140551,0.40270132,6.2434814e-12,0.40270132
1196,0.4665891,2.1432135,0.40220106,6.986328e-12,0.40220106
1197,0.46600884,2.1458821,0.40170085,7.815383e-12,0.40170085
1198,0.4654286,2.1485574,0.4012006,8.7404e-12,0.4012006
1199,0.46484834,2.1512392,0.40070033,9.772163e-12,0.40070033
1200,0.4642681,2.153928,0.40020007,1.0922719e-11,0.40020007
1201,0.46368784,2.1566234,0.3996998,1.22053175e-11,0.3996998
1202,0.4631076,2.1593254,0.3991996,1.3634755e-11,0.3991996
1203,0.46252728,2.1620347,0.39869934,1.5227328e-11,0.39869934
1204,0.46194702,2.1647503,0.39819908,1.7001284e-11,0.39819908
1205,0.46136677,2.1674728,0.39769882,1.8976615e-11,0.39769882
1206,0.46078652,2.1702023,0.39719856,2.1175476e-11,0.39719856
1207,0.46020627,2.1729386,0.39669836,2.3622637e-11,0.39669836
1208,0.45962602,2.1756818,0.3961981,2.6345216e-11,0.3961981
1209,0.45904577,2.178432,0.39569783,2.937357e-11,0.39569783
1210,0.45846546,2.1811893,0.39519757,3.274078e-11,0.39519757
1211,0.4578852,2.1839535,0.3946973,3.64839e-11,0.3946973
1212,0.45730495,2.1867247,0.3941971,4.0643638e-11,0.3941971
1213,0.4567247,2.1895027,0.39369684,4.526521e-11,0.39369684
1214,0.45614445,2.192288,0.39319658,5.039808e-11,0.39319658
1215,0.4555642,2.1950803,0.39269632,5.6097682e-11,0.39269632
1216,0.4549839,2.19788,0.39219606,6.242413e-11,0.39219606
1217,0.45440364,2.2006867,0.39169586,6.944522e-11,0.39169586
1218,0.4538234,2.2035003,0.3911956,7.723406e-11,0.3911956
1219,0.45324314,2.2063212,0.39069533,8.587305e-11,0.39069533
1220,0.4526629,2.2091496,0.39019507,9.5451945e-11,0.39019507
1221,0.45208263,2.2119849,0.3896948,1.060692e-10,0.3896948
1222,0.45150238,2.2148278,0.38919455,1.1783528e-10,0.38919455
1223,0.45092207,2.217678,0.38869435,1.3086986e-10,0.38869435
1224,0.45034182,2.2205355,0.38819408,1.4530636e-10,0.38819408
1225,0.44976157,2.2234004,0.38769382,1.6128984e-10,0.38769382
1226,0.44918132,2.2262723,0.38719356,1.7898232e-10,0.38719356
1227,0.44860107,2.229152,0.3866933,1.9856027e-10,0.3866933
1228,0.44802082,2.2320392,0.3861931,2.2021877e-10,0.3861931
1229,0.44744056,2.2349336,0.38569283,2.4417132e-10,0.38569283
1230,0.44686025,2.2378361,0.38519257,2.7065478e-10,0.38519257
1231,0.44628,2.2407458,0.3846923,2.99926e-10,0.3846923
1232,0.44569975,2.2436628,0.38419205,3.3227224e-10,0.38419205
1233,0.4451195,2.2465878,0.38369185,3.6800304e-10,0.38369185
1234,0.44453925,2.24952,0.3831916,4.0746428e-10,0.3831916
1235,0.443959,2.2524602,0.38269132,4.510321e-10,0.38269132
1236,0.4433787,2.2554083,0.38219106,4.991185e-10,0.38219106
1237,0.44279844,2.258364,0.3816908,5.521789e-10,0.3816908
1238,0.44221818,2.2613273,0.3811906,6.107087e-10,0.3811906
1239,0.44163793,2.2642982,0.38069034,6.7525713e-10,0.38069034
1240,0.44105768,2.2672772,0.38019007,7.464186e-10,0.38019007
1241,0.44047743,2.270264,0.3796898,8.2485274e-10,0.3796898
1242,0.43989718,2.2732584,0.37918955,9.112733e-10,0.37918955
1243,0.43931687,2.2762613,0.37868935,1.0064699e-09,0.37868935
1244,0.43873662,2.2792718,0.3781891,1.1113016e-09,0.3781891
1245,0.43815637,2.2822902,0.37768883,1.2267132e-09,0.37768883
1246,0.43757612,2.2853167,0.37718856,1.3537308e-09,0.37718856
1247,0.43699586,2.288351,0.3766883,1.493493e-09,0.3766883
1248,0.4364156,2.2913938,0.3761881,1.647216e-09,0.3761881
1249,0.43583536,2.2944443,0.37568784,1.8162662e-09,0.37568784
1250,0.43525505,2.2975035,0.37518758,2.0021085e-09,0.37518758
1251,0.4346748,2.3005705,0.3746873,2.206347e-09,0.3746873
1252,0.43409455,2.3036456,0.37418705,2.430753e-09,0.37418705
1253,0.4335143,2.306729,0.37368685,2.6772269e-09,0.37368685
1254,0.43293405,2.3098207,0.3731866,2.9478888e-09,0.3731866
1255,0.4323538,2.3129206,0.37268633,3.2449978e-09,0.37268633
1256,0.43177348,2.3160293,0.37218606,3.5710712e-09,0.37218606
1257,0.43119323,2.319146,0.3716858,3.928808e-09,0.3716858
1258,0.43061298,2.3222709,0.3711856,4.3211936e-09,0.3711856
1259,0.43003273,2.3254044,0.37068534,4.7514463e-09,0.37068534
1260,0.42945248,2.3285463,0.37018508,5.2230833e-09,0.37018508
1261,0.42887223,2.3316967,0.36968482,5.739937e-09,0.36968482
1262,0.42829198,2.3348558,0.36918455,6.306192e-09,0.36918455
1263,0.42771167,2.3380237,0.3686843,6.9263737e-09,0.3686843
1264,0.4271314,2.3411999,0.3681841,7.60545e-09,0.3681841
1265,0.42655116,2.3443847,0.36768383,8.348795e-09,0.36768383
1266,0.4259709,2.347578,0.36718357,9.162217e-09,0.36718357
1267,0.42539066,2.3507802,0.3666833,1.0052118e-08,0.3666833
1268,0.4248104,2.3539913,0.36618304,1.1025373e-08,0.36618304
1269,0.42423016,2.357211,0.36568284,1.2089525e-08,0.36568284
1270,0.42364985,2.3604398,0.36518258,1.3252659e-08,0.36518258
1271,0.4230696,2.3636773,0.36468232,1.4523724e-08,0.36468232
1272,0.42248935,2.3669236,0.36418205,1.5912217e-08,0.36418208
1273,0.4219091,2.370179,0.3636818,1.7428652e-08,0.36368182
1274,0.42132884,2.3734431,0.3631816,1.9084286e-08,0.36318162
1275,0.4207486,2.3767161,0.36268133,2.0891417e-08,0.36268136
1276,0.42016828,2.3799987,0.36218107,2.2863258e-08,0.3621811
1277,0.41958803,2.38329,0.3616808,2.501432e-08,0.36168084
1278,0.41900778,2.3865905,0.36118054,2.736011e-08,0.36118057
1279,0.41842753,2.3899002,0.36068034,2.991764e-08,0.36068037
1280,0.41784728,2.393219,0.36018008,3.270519e-08,0.3601801
1281,0.41726702,2.3965468,0.35967982,3.5742413e-08,0.35967985
1282,0.41668677,2.3998842,0.35917956,3.905093e-08,0.3591796
1283,0.41610646,2.4032311,0.3586793,4.265374e-08,0.35867932
1284,0.4155262,2.4065871,0.3581791,4.6576147e-08,0.35817915
1285,0.41494596,2.4099524,0.35767883,5.0844996e-08,0.3576789
1286,0.4143657,2.4133272,0.35717857,5.5489807e-08,0.35717863
1287,0.41378546,2.4167113,0.3566783,6.0542014e-08,0.35667837
1288,0.4132052,2.420105,0.35617805,6.603594e-08,0.3561781
1289,0.41262496,2.4235084,0.35567784,7.20083e-08,0.3556779
1290,0.41204464,2.4269214,0.35517758,7.8499156e-08,0.35517767
1291,0.4114644,2.4303439,0.35467732,8.555112e-08,0.3546774
1292,0.41088414,2.4337761,0.35417706,9.321099e-08,0.35417715
1293,0.4103039,2.437218,0.3536768,1.0152812e-07,0.3536769
1294,0.40972364,2.4406695,0.3531766,1.1055702e-07,0.3531767
1295,0.4091434,2.444131,0.35267633,1.2035544e-07,0.35267645
1296,0.40856314,2.447602,0.35217607,1.3098555e-07,0.3521762
1297,0.40798283,2.4510837,0.3516758,1.4251526e-07,0.35167596
1298,0.40740258,2.4545746,0.35117555,1.5501652e-07,0.3511757
1299,0.40682232,2.4580755,0.35067534,1.6856774e-07,0.35067552
1300,0.40624207,2.4615865,0.35017508,1.8325237e-07,0.35017526
1301,0.40566182,2.4651074,0.34967482,1.9916153e-07,0.34967503
1302,0.40508157,2.4686387,0.34917456,2.16391e-07,0.34917477
1303,0.40450126,2.4721801,0.3486743,2.3504617e-07,0.34867454
1304,0.403921,2.4757316,0.34817404,2.5523852e-07,0.3481743
1305,0.40334076,2.479293,0.34767383,2.7708865e-07,0.3476741
1306,0.4027605,2.482865,0.34717357,3.0072525e-07,0.34717387
1307,0.40218025,2.4864473,0.3466733,3.262885e-07,0.34667364
1308,0.4016,2.4900398,0.34617305,3.5392551e-07,0.3461734
1309,0.40101975,2.4936428,0.3456728,3.837973e-07,0.34567317
1310,0.40043944,2.4972565,0.34517258,4.1607518e-07,0.345173
1311,0.3998592,2.5008805,0.34467232,4.509412e-07,0.34467277
1312,0.39927894,2.5045147,0.34417206,4.8859425e-07,0.34417254
1313,0.3986987,2.5081596,0.3436718,5.292433e-07,0.34367234
1314,0.39811844,2.5118153,0.34317154,5.731158e-07,0.3431721
1315,0.3975382,2.5154817,0.34267133,6.204518e-07,0.34267196
1316,0.39695793,2.5191586,0.34217107,6.715122e-07,0.34217176
1317,0.39637762,2.5228467,0.3416708,7.265717e-07,0.34167153
1318,0.39579737,2.5265453,0.34117055,7.859284e-07,0.34117132
1319,0.39521712,2.5302548,0.3406703,8.498957e-07,0.34067115
1320,0.39463687,2.5339751,0.3401701,9.18817e-07,0.340171
1321,0.39405662,2.5377064,0.33966982,9.9305e-07,0.3396708
1322,0.39347637,2.5414486,0.33916956,1.0729834e-06,0.33917063
1323,0.39289606,2.5452025,0.3386693,1.1590272e-06,0.33867046
1324,0.3923158,2.548967,0.33816904,1.2516247e-06,0.3381703
1325,0.39173555,2.5527425,0.33766884,1.3512462e-06,0.33767018
1326,0.3911553,2.5565293,0.33716857,1.4583878e-06,0.33717003
1327,0.39057505,2.5603273,0.3366683,1.5735898e-06,0.3366699
1328,0.3899948,2.5641367,0.33616805,1.6974191e-06,0.33616975
1329,0.38941455,2.5679574,0.3356678,1.8304881e-06,0.3356696
1330,0.38883424,2.57179,0.3351676,1.973436e-06,0.33516955
1331,0.388254,2.5756335,0.33466733,2.1269605e-06,0.33466944
1332,0.38767374,2.5794888,0.33416706,2.2917836e-06,0.33416936
1333,0.38709348,2.5833552,0.3336668,2.4687033e-06,0.33366928
1334,0.38651323,2.5872335,0.33316654,2.658533e-06,0.3331692
1335,0.38593298,2.5911233,0.33266634,2.8621762e-06,0.3326692
1336,0.38535273,2.595025,0.33216608,3.0805488e-06,0.33216915
1337,0.38477242,2.598939,0.3316658,3.3146741e-06,0.33166912
1338,0.38419217,2.602864,0.33116555,3.5655944e-06,0.33116913
1339,0.38361192,2.6068013,0.3306653,3.8344515e-06,0.33066913
1340,0.38303167,2.6107502,0.3301651,4.1224334e-06,0.3301692
1341,0.38245142,2.6147113,0.32966483,4.4308063e-06,0.32966927
1342,0.38187116,2.6186843,0.32916456,4.7609287e-06,0.32916933
1343,0.38129085,2.6226697,0.3286643,5.1142238e-06,0.32866943
1344,0.3807106,2.626667,0.32816404,5.492216e-06,0.32816952
1345,0.38013035,2.6306765,0.32766378,5.896504e-06,0.32766968
1346,0.3795501,2.6346984,0.32716358,6.3287953e-06,0.3271699
1347,0.37896985,2.6387324,0.32666332,6.7908804e-06,0.3266701
1348,0.3783896,2.6427789,0.32616305,7.284704e-06,0.32617033
1349,0.37780935,2.6468377,0.3256628,7.812239e-06,0.3256706
1350,0.37722903,2.6509094,0.32516253,8.375676e-06,0.3251709
1351,0.37664878,2.6549933,0.32466233,8.977231e-06,0.3246713
1352,0.37606853,2.6590898,0.32416207,9.619341e-06,0.3241717
1353,0.37548828,2.663199,0.3236618,1.0304498e-05,0.32367212
1354,0.37490803,2.6673207,0.32316154,1.1035404e-05,0.32317257
1355,0.37432778,2.6714554,0.32266128,1.1814874e-05,0.32267308
1356,0.37374753,2.675603,0.32216108,1.2645868e-05,0.3221737
1357,0.37316722,2.6797638,0.32166082,1.3531592e-05,0.32167435
1358,0.37258697,2.683937,0.32116055,1.4475279e-05,0.32117504
1359,0.3720067,2.6881235,0.3206603,1.5480513e-05,0.32067576
1360,0.37142646,2.692323,0.32016003,1.6550926e-05,0.32017657
1361,0.3708462,2.6965356,0.31965983,1.7690463e-05,0.31967753
1362,0.37026596,2.7007613,0.31915957,1.8903213e-05,0.31917846
1363,0.36968565,2.7050009,0.3186593,2.0193476e-05,0.3186795
1364,0.3691054,2.7092533,0.31815904,2.1565811e-05,0.31818062
1365,0.36852515,2.713519,0.31765878,2.3025028e-05,0.31768182
1366,0.3679449,2.7177982,0.31715858,2.4576138e-05,0.31718317
1367,0.36736465,2.722091,0.31665832,2.6224461e-05,0.31668454
1368,0.3667844,2.7263973,0.31615806,2.7975557e-05,0.31618604
1369,0.36620414,2.7307174,0.3156578,2.9835315e-05,0.31568763
1370,0.36562383,2.7350514,0.31515753,3.1809843e-05,0.31518933
1371,0.36504358,2.739399,0.31465733,3.390564e-05,0.31469125
1372,0.36446333,2.7437603,0.31415707,3.6129473e-05,0.3141932
1373,0.36388308,2.7481356,0.3136568,3.8488484e-05,0.31369528
1374,0.36330283,2.7525246,0.31315655,4.0990104e-05,0.31319752
1375,0.36272258,2.756928,0.31265628,4.364225e-05,0.3126999
1376,0.36214232,2.7613454,0.31215608,4.6453057e-05,0.31220254
1377,0.361562,2.7657773,0.31165582,4.9431197e-05,0.31170526
1378,0.36098176,2.7702231,0.31115556,5.2585623e-05,0.31120813
1379,0.3604015,2.7746832,0.3106553,5.59258e-05,0.31071123
1380,0.35982126,2.7791576,0.31015503,5.9461665e-05,0.3102145
1381,0.359241,2.7836466,0.30965483,6.320345e-05,0.30971804
1382,0.35866076,2.78815,0.30915457,6.716209e-05,0.30922174
1383,0.3580805,2.792668,0.3086543,7.134882e-05,0.30872566
1384,0.3575002,2.7972012,0.30815405,7.5775526e-05,0.30822983
1385,0.35691994,2.8017488,0.30765378,8.045454e-05,0.30773425
1386,0.3563397,2.806311,0.30715358,8.5398744e-05,0.307239
1387,0.35575944,2.810888,0.30665332,9.062153e-05,0.30674395
1388,0.3551792,2.8154802,0.30615306,9.6137104e-05,0.3062492
1389,0.35459894,2.8200874,0.3056528,0.00010196001,0.30575475
1390,0.35401863,2.8247101,0.30515254,0.000108105574,0.30526063
1391,0.35343838,2.8293476,0.30465227,0.00011458973,0.30476686
1392,0.35285813,2.834,0.30415207,0.00012142923,0.3042735
1393,0.35227787,2.838668,0.3036518,0.00012864106,0.30378044
1394,0.35169762,2.8433516,0.30315155,0.00013624332,0.3032878
1395,0.35111737,2.8480506,0.3026513,0.00014425482,0.30279553
1396,0.35053712,2.8527648,0.30215102,0.00015269498,0.30230373
1397,0.3499568,2.8574955,0.30165082,0.00016158402,0.3018124
1398,0.34937656,2.8622413,0.30115056,0.00017094308,0.3013215
1399,0.3487963,2.8670027,0.3006503,0.00018079404,0.30083108
1400,0.34821606,2.8717802,0.30015004,0.00019115955,0.3003412
1401,0.3476358,2.8765736,0.29964978,0.00020206315,0.29985183
1402,0.34705555,2.8813832,0.29914957,0.00021352943,0.2993631
1403,0.3464753,2.8862085,0.2986493,0.00022558386,0.29887488
1404,0.345895,2.8910508,0.29814905,0.00023825237,0.2983873
1405,0.34531474,2.8959088,0.2976488,0.00025156257,0.29790035
1406,0.3447345,2.900783,0.29714853,0.00026554242,0.29741406
1407,0.34415424,2.905674,0.29664832,0.00028022166,0.29692855
1408,0.343574,2.9105814,0.29614806,0.00029563002,0.2964437
1409,0.34299374,2.9155052,0.2956478,0.00031179894,0.2959596
1410,0.34241343,2.9204462,0.29514754,0.00032876094,0.2954763
1411,0.34183317,2.9254036,0.29464728,0.00034654932,0.29499382
1412,0.34125292,2.9303777,0.29414707,0.00036519868,0.29451227
1413,0.34067267,2.935369,0.2936468,0.000384745,0.29403156
1414,0.34009242,2.9403772,0.29314655,0.00040522483,0.29355177
1415,0.33951217,2.9454026,0.2926463,0.00042667598,0.29307297
1416,0.33893192,2.950445,0.29214603,0.00044913823,0.29259518
1417,0.3383516,2.9555054,0.29164582,0.00047265156,0.2921185
1418,0.33777136,2.9605825,0.29114556,0.0004972576,0.2916428
1419,0.3371911,2.9656773,0.2906453,0.00052299927,0.2911683
1420,0.33661085,2.9707894,0.29014504,0.00054992107,0.29069495
1421,0.3360306,2.9759195,0.28964478,0.0005780677,0.29022285
1422,0.33545035,2.9810672,0.28914458,0.0006074872,0.28975207
1423,0.3348701,2.9862325,0.2886443,0.0006382257,0.28928253
1424,0.3342898,2.9914165,0.28814405,0.0006703334,0.2888144
1425,0.33370954,2.996618,0.2876438,0.00070386095,0.28834766
1426,0.3331293,3.0018375,0.28714353,0.0007388601,0.2878824
1427,0.33254904,3.0070753,0.28664333,0.00077538396,0.28741872
1428,0.33196878,3.0123315,0.28614306,0.00081348745,0.28695655
1429,0.33138853,3.017606,0.2856428,0.00085322664,0.28649604
1430,0.33080822,3.0228994,0.28514254,0.000894658,0.2860372
1431,0.33022797,3.028211,0.28464228,0.0009378409,0.28558013
1432,0.32964772,3.0335414,0.28414202,0.0009828351,0.28512484
1433,0.32906747,3.0388906,0.28364182,0.001029702,0.28467152
1434,0.32848722,3.0442586,0.28314155,0.0010785041,0.28422007
1435,0.32790697,3.0496454,0.2826413,0.0011293055,0.2837706
1436,0.32732671,3.0550516,0.28214103,0.001182171,0.2833232
1437,0.3267464,3.0604775,0.28164077,0.0012371688,0.28287792
1438,0.32616615,3.065922,0.28114057,0.0012943646,0.28243494
1439,0.3255859,3.071386,0.2806403,0.0013538286,0.28199413
1440,0.32500565,3.0768695,0.28014004,0.0014156307,0.28155568
1441,0.3244254,3.0823727,0.27963978,0.0014798437,0.2811196
1442,0.32384515,3.0878956,0.27913952,0.0015465392,0.28068605
1443,0.3232649,3.0934381,0.27863932,0.0016157922,0.2802551
1444,0.3226846,3.0990014,0.27813905,0.0016876769,0.27982673
1445,0.32210433,3.1045842,0.2776388,0.0017622702,0.27940106
1446,0.32152408,3.1101868,0.27713853,0.0018396489,0.27897817
1447,0.32094383,3.11581,0.27663827,0.0019198928,0.27855816
1448,0.32036358,3.1214535,0.27613807,0.00200308,0.27814114
1449,0.31978333,3.1271174,0.2756378,0.0020892909,0.2777271
1450,0.31920302,3.1328025,0.27513754,0.0021786077,0.27731615
1451,0.31862277,3.1385076,0.27463728,0.002271111,0.2769084
1452,0.31804252,3.1442337,0.27413702,0.0023668862,0.27650392
1453,0.31746227,3.1499808,0.27363682,0.0024660141,0.27610284
1454,0.316882,3.1557486,0.27313656,0.0025685793,0.27570513
1455,0.31630176,3.161538,0.2726363,0.0026746672,0.27531096
1456,0.3157215,3.1673484,0.27213603,0.0027843637,0.2749204
1457,0.3151412,3.1731808,0.27163577,0.002897754,0.2745335
1458,0.31456095,3.1790342,0.27113557,0.0030149245,0.2741505
1459,0.3139807,3.184909,0.2706353,0.0031359622,0.27377126
1460,0.31340045,3.190806,0.27013505,0.0032609531,0.273396
1461,0.3128202,3.1967247,0.26963478,0.0033899823,0.27302477
1462,0.31223994,3.202665,0.26913452,0.00352314,0.27265766
1463,0.3116597,3.208628,0.26863432,0.0036605105,0.27229482
1464,0.31107938,3.2146134,0.26813406,0.0038021803,0.27193624
1465,0.31049913,3.2206209,0.2676338,0.003948236,0.27158204
1466,0.30991888,3.2266507,0.26713353,0.004098764,0.2712323
1467,0.30933863,3.2327032,0.26663327,0.004253852,0.27088714
1468,0.30875838,3.2387786,0.26613307,0.00441358,0.27054664
1469,0.30817813,3.2448766,0.2656328,0.0045780325,0.27021083
1470,0.30759788,3.2509978,0.26513255,0.0047472953,0.26987985
1471,0.30701756,3.2571425,0.26463228,0.004921447,0.26955372
1472,0.3064373,3.2633102,0.26413202,0.0051005716,0.2692326
1473,0.30585706,3.2695012,0.26363182,0.0052847466,0.26891658
1474,0.3052768,3.2757156,0.26313156,0.005474052,0.26860562
1475,0.30469656,3.2819538,0.2626313,0.0056685633,0.26829985
1476,0.3041163,3.2882156,0.26213104,0.0058683567,0.26799938
1477,0.303536,3.2945023,0.26163077,0.0060735024,0.26770428
1478,0.30295575,3.300812,0.2611305,0.0062840763,0.2674146
1479,0.3023755,3.3071463,0.2606303,0.006500145,0.26713046
1480,0.30179524,3.313505,0.26013005,0.006721776,0.2668518
1481,0.301215,3.3198879,0.2596298,0.006949032,0.26657882
1482,0.30063474,3.3262956,0.25912952,0.007181976,0.2663115
1483,0.3000545,3.332728,0.25862926,0.0074206674,0.26604992
1484,0.29947418,3.339186,0.25812906,0.007665162,0.26579422
1485,0.29889393,3.3456686,0.2576288,0.007915514,0.26554433
1486,0.29831368,3.3521762,0.25712854,0.008171771,0.2653003
1487,0.29773343,3.358709,0.25662827,0.008433983,0.26506227
1488,0.29715317,3.3652678,0.256128,0.008702188,0.2648302
1489,0.29657292,3.371852,0.2556278,0.00897643,0.26460424
1490,0.29599267,3.378462,0.25512755,0.009256744,0.2643843
1491,0.29541236,3.3850987,0.2546273,0.009543157,0.26417044
1492,0.2948321,3.3917608,0.25412703,0.009835702,0.26396272
1493,0.29425186,3.3984492,0.25362676,0.010134402,0.26376116
1494,0.2936716,3.405164,0.25312656,0.010439269,0.26356584
1495,0.29309136,3.4119055,0.2526263,0.010750321,0.26337662
1496,0.2925111,3.4186735,0.25212604,0.011067566,0.2631936
1497,0.2919308,3.4254694,0.25162578,0.011391009,0.2630168
1498,0.29135054,3.4322915,0.2511255,0.011720648,0.26284617
1499,0.2907703,3.4391408,0.2506253,0.012056476,0.26268178
1500,0.29019004,3.4460177,0.25012505,0.012398485,0.26252353
1501,0.2896098,3.4529219,0.24962479,0.012746656,0.26237145
1502,0.28902954,3.459854,0.24912453,0.013100961,0.26222548
1503,0.2884493,3.4668138,0.24862427,0.013461376,0.26208565
1504,0.28786898,3.4738026,0.24812406,0.013827859,0.26195192
1505,0.28728873,3.4808187,0.2476238,0.014200379,0.2618242
1506,0.28670847,3.4878635,0.24712354,0.014578885,0.26170242
1507,0.28612822,3.4949367,0.24662328,0.014963323,0.2615866
1508,0.28554797,3.5020385,0.24612302,0.015353632,0.26147664
1509,0.28496772,3.5091693,0.24562281,0.015749749,0.26137257
1510,0.28438747,3.5163293,0.24512255,0.016151592,0.26127416
1511,0.28380716,3.5235193,0.24462229,0.016559092,0.26118138
1512,0.2832269,3.5307379,0.24412203,0.016972156,0.26109418
1513,0.28264666,3.5379863,0.24362177,0.017390693,0.26101246
1514,0.2820664,3.5452645,0.24312156,0.017814605,0.26093617
1515,0.28148615,3.5525727,0.2426213,0.018243778,0.2608651
1516,0.2809059,3.559911,0.24212104,0.018678105,0.26079914
1517,0.2803256,3.5672805,0.24162078,0.019117458,0.26073822
1518,0.27974534,3.5746799,0.24112052,0.019561712,0.26068223
1519,0.2791651,3.5821097,0.24062026,0.02001073,0.260631
1520,0.27858484,3.5895708,0.24012005,0.020464366,0.2605844
1521,0.2780046,3.597063,0.23961979,0.020922476,0.26054227
1522,0.27742434,3.6045864,0.23911953,0.0213849,0.26050442
1523,0.27684408,3.6121414,0.23861927,0.02185148,0.26047075
1524,0.27626377,3.619729,0.238119,0.02232203,0.26044104
1525,0.27568352,3.6273477,0.2376188,0.022796383,0.2604152
1526,0.27510327,3.6349986,0.23711854,0.023274349,0.2603929
1527,0.27452302,3.6426818,0.23661828,0.023755735,0.260374
1528,0.27394277,3.6503975,0.23611802,0.024240345,0.26035836
1529,0.27336252,3.658146,0.23561776,0.02472797,0.26034573
1530,0.27278227,3.6659274,0.23511755,0.025218401,0.26033595
1531,0.27220196,3.673743,0.2346173,0.025711417,0.2603287
1532,0.2716217,3.681591,0.23411703,0.02620679,0.26032382
1533,0.27104145,3.6894724,0.23361677,0.026704282,0.26032105
1534,0.2704612,3.697388,0.23311651,0.027203664,0.2603202
1535,0.26988095,3.7053375,0.2326163,0.02770469,0.260321
1536,0.2693007,3.7133212,0.23211604,0.028207107,0.26032314
1537,0.2687204,3.7213402,0.23161578,0.028710654,0.26032645
1538,0.26814014,3.7293932,0.23111552,0.029215083,0.26033062
1539,0.2675599,3.737481,0.23061526,0.02972011,0.26033536
1540,0.26697963,3.745604,0.23011506,0.03022547,0.2603405
1541,0.26639938,3.7537625,0.2296148,0.030730888,0.2603457
1542,0.26581913,3.7619565,0.22911453,0.03123608,0.2603506
1543,0.26523888,3.7701864,0.22861427,0.03174076,0.26035503
1544,0.26465857,3.778453,0.22811401,0.032244634,0.26035863
1545,0.26407832,3.7867553,0.2276138,0.032747407,0.26036122
1546,0.26349807,3.7950943,0.22711354,0.033248782,0.26036233
1547,0.26291782,3.80347,0.22661328,0.033748463,0.26036173
1548,0.26233757,3.8118825,0.22611302,0.03424614,0.26035917
1549,0.2617573,3.8203325,0.22561276,0.034741495,0.26035425
1550,0.26117706,3.8288202,0.22511256,0.035234235,0.2603468
1551,0.26059675,3.8373463,0.2246123,0.035724036,0.26033634
1552,0.2600165,3.8459098,0.22411203,0.036210585,0.26032263
1553,0.25943625,3.8545115,0.22361177,0.03669357,0.26030535
1554,0.258856,3.8631518,0.22311151,0.037172664,0.2602842
1555,0.25827575,3.871831,0.22261131,0.037647557,0.26025885
1556,0.2576955,3.880549,0.22211105,0.03811793,0.260229
1557,0.25711524,3.8893065,0.22161078,0.038583454,0.26019424
1558,0.25653493,3.8981047,0.22111052,0.039043825,0.26015434
1559,0.25595468,3.9069417,0.22061026,0.039498713,0.26010898
1560,0.25537443,3.9158187,0.22011,0.0399478,0.2600578
1561,0.25479418,3.9247365,0.2196098,0.04039077,0.26000056
1562,0.25421393,3.9336948,0.21910954,0.04082731,0.25993684
1563,0.25363368,3.9426942,0.21860927,0.04125711,0.2598664
1564,0.25305337,3.9517355,0.21810901,0.041679855,0.25978887
1565,0.25247312,3.9608178,0.21760875,0.042095236,0.259704
1566,0.25189286,3.9699419,0.21710855,0.04250295,0.2596115
1567,0.2513126,3.9791079,0.21660829,0.04290269,0.25951096
1568,0.25073236,3.9883165,0.21610802,0.043294165,0.2594022
1569,0.2501521,3.9975677,0.21560776,0.043677077,0.25928485
1570,0.24957186,4.006862,0.2151075,0.04405114,0.25915864
1571,0.24899155,4.0162005,0.2146073,0.044416066,0.25902337
1572,0.2484113,4.025582,0.21410704,0.044771574,0.25887862
1573,0.24783105,4.035007,0.21360677,0.04511739,0.25872415
1574,0.2472508,4.0444765,0.21310651,0.045453258,0.25855976
1575,0.24667054,4.0539904,0.21260625,0.0457789,0.25838515
1576,0.2460903,4.063549,0.21210605,0.04609408,0.25820014
1577,0.24551004,4.073153,0.21160579,0.046398528,0.2580043
1578,0.24492973,4.0828037,0.21110553,0.04669202,0.25779754
1579,0.24434948,4.092499,0.21060526,0.046974324,0.2575796
1580,0.24376923,4.1022406,0.210105,0.0472452,0.2573502
1581,0.24318898,4.1120286,0.2096048,0.047504444,0.25710925
1582,0.24260873,4.1218634,0.20910454,0.047751844,0.25685638
1583,0.24202847,4.1317453,0.20860428,0.0479872,0.25659147
1584,0.24144816,4.141676,0.20810401,0.048210327,0.25631434
1585,0.24086791,4.151653,0.20760375,0.048421036,0.25602478
1586,0.24028766,4.1616783,0.20710355,0.04861916,0.2557227
1587,0.23970741,4.1717525,0.20660329,0.048804533,0.2554078
1588,0.23912716,4.181875,0.20610303,0.048977006,0.25508004
1589,0.23854691,4.1920476,0.20560277,0.04913644,0.2547392
1590,0.23796666,4.2022696,0.2051025,0.0492827,0.2543852
1591,0.23738635,4.212542,0.2046023,0.04941567,0.25401798
1592,0.2368061,4.222864,0.20410204,0.049535237,0.25363728
1593,0.23622584,4.2332373,0.20360178,0.049641296,0.2532431
1594,0.23564559,4.243661,0.20310152,0.04973377,0.25283527
1595,0.23506534,4.254136,0.20260125,0.049812578,0.25241384
1596,0.23448509,4.2646637,0.20210105,0.049877655,0.2519787
1597,0.23390484,4.275243,0.20160079,0.04992894,0.25152972
1598,0.23332453,4.285876,0.20110053,0.0499664,0.25106692
1599,0.23274428,4.2965612,0.20060027,0.04999,0.25059026
1600,0.23216403,4.3072996,0.2001,0.04999972,0.25009972
1601,0.23158377,4.318092,0.19959974,0.049995556,0.2495953
1602,0.23100352,4.3289385,0.19909954,0.049977504,0.24907705
1603,0.23042327,4.3398395,0.19859928,0.04994558,0.24854486
1604,0.22984296,4.3507967,0.19809902,0.04989982,0.24799883
1605,0.22926271,4.3618083,0.19759876,0.049840253,0.24743901
1606,0.22868246,4.3728757,0.1970985,0.049766928,0.24686542
1607,0.2281022,4.384,0.19659829,0.049679913,0.2462782
1608,0.22752196,4.39518,0.19609803,0.049579274,0.2456773
1609,0.2269417,4.406418,0.19559777,0.049465097,0.24506286
1610,0.22636145,4.417713,0.1950975,0.049337476,0.24443498
1611,0.22578114,4.4290676,0.19459724,0.04919652,0.24379376
1612,0.22520089,4.4404798,0.19409704,0.049042337,0.24313939
1613,0.22462064,4.4519506,0.19359678,0.04887506,0.24247184
1614,0.22404039,4.463481,0.19309652,0.04869483,0.24179135
1615,0.22346014,4.475071,0.19259626,0.048501786,0.24109805
1616,0.22287989,4.4867215,0.192096,0.04829609,0.24039209
1617,0.22229964,4.498433,0.1915958,0.048077907,0.2396737
1618,0.22171932,4.5102067,0.19109553,0.047847416,0.23894295
1619,0.22113907,4.5220413,0.19059527,0.047604814,0.23820008
1620,0.22055882,4.533938,0.190095,0.04735028,0.2374453
1621,0.21997857,4.5458975,0.18959475,0.04708403,0.23667878
1622,0.21939832,4.55792,0.18909454,0.04680627,0.23590082
1623,0.21881807,4.5700064,0.18859428,0.046517227,0.2351115
1624,0.21823782,4.582157,0.18809402,0.046217125,0.23431115
1625,0.2176575,4.594374,0.18759376,0.045906212,0.23349997
1626,0.21707726,4.606655,0.1870935,0.045584723,0.23267822
1627,0.216497,4.6190014,0.1865933,0.045252915,0.23184621
1628,0.21591675,4.6314144,0.18609303,0.044911046,0.23100407
1629,0.2153365,4.6438947,0.18559277,0.04455938,0.23015215
1630,0.21475625,4.6564417,0.18509251,0.04419818,0.2292907
1631,0.21417594,4.6690583,0.18459225,0.043827742,0.22841999
1632,0.21359569,4.6817427,0.18409204,0.04344834,0.22754039
1633,0.21301544,4.6944957,0.18359178,0.043060254,0.22665204
1634,0.21243519,4.7073183,0.18309152,0.04266378,0.2257553
1635,0.21185493,4.720211,0.18259126,0.042259216,0.22485048
1636,0.21127468,4.733175,0.182091,0.041846868,0.22393787
1637,0.21069443,4.74621,0.1815908,0.041427035,0.22301783
1638,0.21011412,4.7593184,0.18109053,0.04100002,0.22209056
1639,0.20953387,4.772498,0.18059027,0.040566135,0.2211564
1640,0.20895362,4.785751,0.18009001,0.040125694,0.22021571
1641,0.20837337,4.799078,0.17958975,0.039679013,0.21926877
1642,0.20779312,4.812479,0.17908955,0.03922641,0.21831596
1643,0.20721287,4.8259554,0.17858928,0.0387682,0.21735749
1644,0.20663261,4.839507,0.17808902,0.038304698,0.21639372
1645,0.2060523,4.8531365,0.17758876,0.03783622,0.21542498
1646,0.20547205,4.866842,0.1770885,0.037363097,0.2144516
1647,0.2048918,4.880625,0.17658824,0.036885645,0.21347389
1648,0.20431155,4.894486,0.17608804,0.036404174,0.21249221
1649,0.2037313,4.908426,0.17558777,0.035919014,0.21150678
1650,0.20315105,4.922446,0.17508751,0.035430476,0.21051799
1651,0.20257074,4.9365473,0.17458725,0.034938876,0.20952612
1652,0.20199049,4.9507284,0.17408699,0.03444453,0.20853151
1653,0.20141023,4.964991,0.17358679,0.033947743,0.20753452
1654,0.20082998,4.9793363,0.17308652,0.033448827,0.20653535
1655,0.20024973,4.9937644,0.17258626,0.03294809,0.20553435
1656,0.19966948,5.0082765,0.172086,0.032445844,0.20453185
1657,0.19908923,5.0228734,0.17158574,0.03194237,0.2035281
1658,0.19850892,5.037557,0.17108554,0.03143798,0.20252351
1659,0.19792867,5.0523252,0.17058527,0.030932957,0.20151824
1660,0.19734842,5.06718,0.17008501,0.030427596,0.2005126
1661,0.19676816,5.082123,0.16958475,0.029922178,0.19950692
1662,0.19618791,5.097154,0.16908449,0.029416984,0.19850147
1663,0.19560766,5.112274,0.16858429,0.028912289,0.19749658
1664,0.19502741,5.1274843,0.16808403,0.028408354,0.19649237
1665,0.1944471,5.142787,0.16758376,0.027905455,0.19548921
1666,0.19386685,5.1581793,0.1670835,0.02740384,0.19448735
1667,0.1932866,5.1736646,0.16658324,0.026903773,0.19348702
1668,0.19270635,5.189243,0.16608304,0.026405493,0.19248854
1669,0.1921261,5.204915,0.16558278,0.025909245,0.19149202
1670,0.19154584,5.220682,0.16508251,0.025415262,0.19049777
1671,0.19096553,5.236547,0.16458225,0.024923773,0.18950602
1672,0.19038528,5.2525067,0.16408199,0.024435002,0.18851699
1673,0.18980503,5.268564,0.16358179,0.023949157,0.18753095
1674,0.18922478,5.28472,0.16308153,0.023466455,0.18654798
1675,0.18864453,5.3009753,0.16258126,0.022987098,0.18556836
1676,0.18806428,5.317331,0.162081,0.02251128,0.18459228
1677,0.18748403,5.333788,0.16158074,0.022039184,0.18361993
1678,0.18690372,5.3503485,0.16108054,0.021571001,0.18265153
1679,0.18632346,5.3670106,0.16058028,0.021106897,0.18168718
1680,0.18574321,5.3837767,0.16008002,0.020647041,0.18072706
1681,0.18516296,5.400648,0.15957975,0.020191593,0.17977135
1682,0.18458271,5.4176254,0.15907949,0.01974071,0.17882021
1683,0.18400246,5.43471,0.15857929,0.019294536,0.17787382
1684,0.18342221,5.4519024,0.15807903,0.018853208,0.17693223
1685,0.1828419,5.469206,0.15757877,0.018416855,0.17599562
1686,0.18226165,5.486618,0.1570785,0.017985608,0.17506412
1687,0.1816814,5.504141,0.15657824,0.017559579,0.17413782
1688,0.18110114,5.521776,0.15607798,0.01713888,0.17321686
1689,0.18052089,5.539525,0.15557778,0.016723614,0.1723014
1690,0.17994064,5.5573883,0.15507752,0.016313879,0.1713914
1691,0.17936033,5.575369,0.15457726,0.015909761,0.17048702
1692,0.17878008,5.5934644,0.154077,0.015511346,0.16958834
1693,0.17819983,5.6116776,0.15357673,0.01511871,0.16869543
1694,0.17761958,5.63001,0.15307653,0.014731916,0.16780844
1695,0.17703933,5.648463,0.15257627,0.014351032,0.1669273
1696,0.17645907,5.6670365,0.152076,0.013976111,0.16605212
1697,0.17587882,5.685733,0.15157574,0.013607206,0.16518295
1698,0.17529851,5.704555,0.15107548,0.01324436,0.16431984
1699,0.17471826,5.7235003,0.15057528,0.012887607,0.16346289
1700,0.17413801,5.742572,0.15007502,0.012536982,0.162612
1701,0.17355776,5.7617707,0.14957476,0.012192509,0.16176726
1702,0.1729775,5.7810984,0.1490745,0.011854207,0.1609287
1703,0.17239726,5.800556,0.14857423,0.011522088,0.16009632
1704,0.171817,5.8201456,0.14807403,0.011196168,0.1592702
1705,0.1712367,5.83987,0.14757377,0.010876443,0.15845022
1706,0.17065644,5.859726,0.1470735,0.010562914,0.15763642
1707,0.17007619,5.879718,0.14657325,0.010255576,0.15682882
1708,0.16949594,5.8998466,0.14607298,0.009954413,0.15602739
1709,0.16891569,5.920113,0.14557278,0.009659411,0.15523219
1710,0.16833544,5.94052,0.14507252,0.00937055,0.15444307
1711,0.16775519,5.9610677,0.14457226,0.009087796,0.15366006
1712,0.16717488,5.98176,0.144072,0.008811131,0.15288313
1713,0.16659462,6.0025945,0.14357173,0.008540517,0.15211225
1714,0.16601437,6.023575,0.14307153,0.008275912,0.15134744
1715,0.16543412,6.044702,0.14257127,0.00801728,0.15058856
1716,0.16485387,6.065978,0.14207101,0.0077645737,0.14983559
1717,0.16427362,6.0874047,0.14157075,0.007517744,0.14908849
1718,0.16369331,6.1089854,0.14107049,0.007276736,0.14834723
1719,0.16311306,6.130717,0.14057028,0.0070415004,0.14761178
1720,0.1625328,6.152604,0.14007002,0.0068119774,0.146882
1721,0.16195256,6.174648,0.13956976,0.0065881065,0.14615786
1722,0.1613723,6.1968503,0.1390695,0.0063698194,0.14543931
1723,0.16079205,6.219213,0.13856924,0.0061570564,0.14472629
1724,0.1602118,6.2417374,0.13806903,0.0059497473,0.14401878
1725,0.15963149,6.264428,0.13756877,0.005747823,0.1433166
1726,0.1590513,6.2872796,0.13706851,0.0055512073,0.14261971
1727,0.15847099,6.310303,0.13656825,0.00535983,0.14192808
1728,0.15789068,6.333496,0.13606799,0.005173614,0.1412416
1729,0.15731049,6.3568554,0.13556778,0.0049924776,0.14056027
1730,0.15673018,6.380392,0.13506752,0.0048163454,0.13988386
1731,0.15614998,6.4040995,0.13456726,0.0046451385,0.1392124
1732,0.15556967,6.427988,0.134067,0.004478773,0.13854577
1733,0.15498948,6.4520507,0.13356674,0.004317166,0.1378839
1734,0.15440917,6.4762993,0.13306648,0.0041602342,0.13722672
1735,0.15382886,6.500731,0.13256627,0.0040078936,0.13657416
1736,0.15324867,6.525342,0.13206601,0.003860059,0.13592607
1737,0.15266836,6.5501456,0.13156575,0.0037166432,0.1352824
1738,0.15208817,6.575134,0.13106549,0.0035775637,0.13464305
1739,0.15150785,6.600318,0.13056523,0.0034427324,0.13400796
1740,0.15092766,6.6256905,0.13006502,0.0033120622,0.13337709
1741,0.15034735,6.6512647,0.12956476,0.003185466,0.13275023
1742,0.14976704,6.6770363,0.1290645,0.003062859,0.13212736
1743,0.14918685,6.703004,0.12856424,0.0029441528,0.1315084
1744,0.14860654,6.729179,0.12806398,0.002829261,0.13089323
1745,0.14802635,6.755554,0.12756377,0.0027180973,0.13028187
1746,0.14744604,6.782142,0.12706351,0.002610576,0.12967409
1747,0.14686584,6.808935,0.12656325,0.0025066123,0.12906986
1748,0.14628553,6.835946,0.12606299,0.00240612,0.12846911
1749,0.14570522,6.863172,0.12556273,0.0023090157,0.12787174
1750,0.14512503,6.89061,0.12506253,0.0022152138,0.12727773
1751,0.14454472,6.918274,0.12456226,0.0021246325,0.1266869
1752,0.14396453,6.9461555,0.124062,0.0020371887,0.12609918
1753,0.14338422,6.9742684,0.12356174,0.0019528021,0.12551454
1754,0.14280403,7.0026035,0.12306148,0.0018713905,0.12493287
1755,0.14222372,7.031176,0.122561276,0.0017928751,0.124354154
1756,0.1416434,7.059983,0.122061014,0.0017171775,0.123778194
1757,0.14106321,7.0890203,0.12156075,0.0016442183,0.12320497
1758,0.1404829,7.118304,0.12106049,0.0015739223,0.12263441
1759,0.13990271,7.1478243,0.12056023,0.001506213,0.12206644
1760,0.1393224,7.1775966,0.12006003,0.0014410162,0.12150104
1761,0.13874221,7.207612,0.119559765,0.0013782588,0.120938025
1762,0.1381619,7.2378855,0.1190595,0.0013178679,0.12037737
1763,0.13758159,7.2684145,0.11855924,0.0012597735,0.119819015
1764,0.1370014,7.299196,0.11805898,0.0012039056,0.11926288
1765,0.13642108,7.330245,0.11755878,0.0011501957,0.118708976
1766,0.1358409,7.3615537,0.117058516,0.0010985768,0.11815709
1767,0.13526058,7.393137,0.116558254,0.0010489821,0.117607236
1768,0.13468027,7.4249926,0.11605799,0.0010013491,0.11705934
1769,0.13410008,7.457117,0.11555773,0.00095561345,0.11651334
1770,0.13351977,7.4895277,0.11505753,0.0009117134,0.11596924
1771,0.13293958,7.5222144,0.114557266,0.0008695884,0.11542685
1772,0.13235927,7.5551944,0.114057004,0.0008291797,0.11488619
1773,0.13177907,7.588458,0.11355674,0.000790429,0.114347175
1774,0.13119876,7.622023,0.11305648,0.0007532798,0.113809764
1775,0.13061845,7.655886,0.11255622,0.00071767735,0.1132739
1776,0.13003826,7.6900444,0.11205602,0.0006835679,0.112739585
1777,0.12945795,7.724516,0.111555755,0.0006508986,0.11220665
1778,0.12887776,7.7592907,0.11105549,0.0006196184,0.11167511
1779,0.12829745,7.7943873,0.11055523,0.00058967766,0.11114491
1780,0.12771726,7.8297954,0.11005497,0.0005610278,0.110616
1781,0.12713695,7.8655343,0.10955477,0.00053362147,0.110088386
1782,0.12655663,7.901601,0.109054506,0.00050741294,0.10956192
1783,0.12597644,7.937992,0.108554244,0.00048235795,0.1090366
1784,0.12539613,7.9747276,0.10805398,0.00045841266,0.108512394
1785,0.12481594,8.011797,0.10755372,0.00043553518,0.10798926
1786,0.12423563,8.049221,0.10705352,0.00041368426,0.107467204
1787,0.12365544,8.0869875,0.10655326,0.00039282074,0.10694608
1788,0.12307513,8.125118,0.106052995,0.00037290572,0.106425904
1789,0.12249482,8.16361,0.10555273,0.00035390194,0.105906636
1790,0.121914625,8.202461,0.10505247,0.00033577342,0.10538825
1791,0.121334314,8.241692,0.10455227,0.00031848517,0.10487075
1792,0.12075412,8.281291,0.10405201,0.00030200306,0.10435401
1793,0.12017381,8.3212805,0.103551745,0.00028629423,0.10383804
1794,0.11959362,8.36165,0.10305148,0.00027132727,0.10332281
1795,0.11901331,8.402422,0.10255122,0.0002570713,0.1028083
1796,0.118433,8.443593,0.10205102,0.00024349666,0.10229452
1797,0.11785281,8.485161,0.10155076,0.00023057473,0.10178133
1798,0.117272496,8.527148,0.101050496,0.00021827806,0.101268776
1799,0.116692305,8.569546,0.100550234,0.00020657964,0.10075682
1800,0.116111994,8.612374,0.10004997,0.00019545402,0.10024542
1801,0.1155318,8.655625,0.09954977,0.00018487619,0.09973465
1802,0.11495149,8.699322,0.09904951,0.00017482231,0.09922433
1803,0.11437118,8.743462,0.09854925,0.00016526923,0.098714516
1804,0.11379099,8.788042,0.098048985,0.00015619466,0.09820518
1805,0.11321068,8.833089,0.09754872,0.00014757746,0.097696304
1806,0.11263049,8.878591,0.09704852,0.00013939691,0.09718792
1807,0.112050176,8.924573,0.09654826,0.0001316333,0.096679896
1808,0.111469984,8.9710245,0.096048,0.00012426752,0.096172266
1809,0.11088967,9.017972,0.095547736,0.00011728136,0.095665015
1810,0.11030936,9.065413,0.095047474,0.00011065719,0.09515813
1811,0.10972917,9.113347,0.09454727,0.00010437813,0.09465165
1812,0.10914886,9.161799,0.09404701,9.842795e-05,0.09414544
1813,0.10856867,9.21076,0.09354675,9.279126e-05,0.09363954
1814,0.10798836,9.260258,0.09304649,8.7453096e-05,0.09313394
1815,0.10740805,9.310289,0.092546225,8.239916e-05,0.09262862
1816,0.106827855,9.360854,0.09204596,7.761567e-05,0.092123576
1817,0.106247544,9.411983,0.09154576,7.308963e-05,0.09161885
1818,0.10566735,9.463661,0.0910455,6.880838e-05,0.091114305
1819,0.10508704,9.515921,0.09054524,6.4759864e-05,0.09061
1820,0.10450685,9.56875,0.090044975,6.093268e-05,0.090105906
1821,0.10392654,9.622181,0.08954471,5.731574e-05,0.08960203
1822,0.10334623,9.676211,0.08904451,5.3898515e-05,0.08909841
1823,0.10276604,9.730842,0.08854425,5.0670988e-05,0.08859492
1824,0.102185726,9.786102,0.08804399,4.7623456e-05,0.08809161
1825,0.101605535,9.841984,0.087543726,4.47468e-05,0.087588474
1826,0.101025224,9.898518,0.087043464,4.203223e-05,0.08708549
1827,0.10044503,9.955694,0.08654326,3.947133e-05,0.086582735
1828,0.09986472,10.013546,0.086043,3.70562e-05,0.08608006
1829,0.09928441,10.072075,0.08554274,3.477919e-05,0.08557752
1830,0.09870422,10.131279,0.08504248,3.2633023e-05,0.08507511
1831,0.09812391,10.191196,0.084542215,3.0610794e-05,0.08457283
1832,0.09754372,10.251814,0.08404201,2.8705903e-05,0.08407072
1833,0.096963406,10.3131695,0.08354175,2.691208e-05,0.08356866
1834,0.096383214,10.375251,0.08304149,2.5223339e-05,0.08306671
1835,0.0958029,10.438097,0.08254123,2.3633997e-05,0.08256486
1836,0.09522259,10.50171,0.082040966,2.2138656e-05,0.0820631
1837,0.0946424,10.566089,0.08154076,2.0732161e-05,0.0815615
1838,0.09406209,10.631275,0.0810405,1.9409626e-05,0.08105991
1839,0.0934819,10.697258,0.08054024,1.8166427e-05,0.080558404
1840,0.09290159,10.764079,0.08003998,1.6998125e-05,0.08005697
1841,0.092321396,10.831725,0.079539716,1.5900516e-05,0.079555616
1842,0.091741085,10.900242,0.079039514,1.4869699e-05,0.079054385
1843,0.091160774,10.96963,0.07853925,1.3901808e-05,0.078553155
1844,0.09058058,11.039894,0.07803899,1.2993327e-05,0.078051984
1845,0.09000027,11.111077,0.07753873,1.2140832e-05,0.07755087
1846,0.08942008,11.18317,0.07703847,1.1341132e-05,0.07704981
1847,0.08883977,11.25622,0.076538265,1.0591149e-05,0.07654886
1848,0.08825958,11.330215,0.076038,9.8880355e-06,0.07604789
1849,0.08767927,11.405205,0.07553774,9.22902e-06,0.07554697
1850,0.087098956,11.481194,0.07503748,8.611528e-06,0.07504609
1851,0.086518764,11.558187,0.07453722,8.0331365e-06,0.07454525
1852,0.08593845,11.636234,0.074037015,7.4914933e-06,0.0740445
1853,0.08535826,11.715327,0.07353675,6.984451e-06,0.073543735
1854,0.08477795,11.79552,0.07303649,6.509901e-06,0.073043
1855,0.08419764,11.876818,0.07253623,6.0659163e-06,0.072542295
1856,0.08361745,11.959227,0.07203597,5.6506383e-06,0.072041616
1857,0.08303714,12.042805,0.07153571,5.2623345e-06,0.07154097
1858,0.08245695,12.127541,0.071035504,4.8993456e-06,0.07104041
1859,0.081876636,12.213496,0.07053524,4.560138e-06,0.0705398
1860,0.081296444,12.300661,0.07003498,4.2432257e-06,0.07003923
1861,0.08071613,12.389097,0.06953472,3.94725e-06,0.06953867
1862,0.08013582,12.478814,0.06903446,3.6708932e-06,0.06903813
1863,0.07955563,12.56982,0.068534255,3.4129441e-06,0.06853767
1864,0.07897532,12.662184,0.06803399,3.1722338e-06,0.06803717
1865,0.07839513,12.755895,0.06753373,2.9476769e-06,0.06753668
1866,0.07781482,12.851023,0.06703347,2.7382664e-06,0.06703621
1867,0.077234626,12.94756,0.06653321,2.5430174e-06,0.06653575
1868,0.076654315,13.04558,0.066033006,2.3610398e-06,0.06603537
1869,0.076074004,13.145095,0.065532744,2.191472e-06,0.065534934
1870,0.07549381,13.246119,0.06503248,2.0335235e-06,0.065034516
1871,0.0749135,13.348728,0.06453222,1.8864287e-06,0.064534105
1872,0.07433331,13.452919,0.06403196,1.7494915e-06,0.06403371
1873,0.073753,13.55877,0.06353176,1.6220413e-06,0.06353338
1874,0.07317281,13.666279,0.063031495,1.50346e-06,0.063033
1875,0.0725925,13.775528,0.06253123,1.3931597e-06,0.062532626
1876,0.072012186,13.8865385,0.06203097,1.2905946e-06,0.06203226
1877,0.071431994,13.99933,0.06153071,1.1952451e-06,0.061531905
1878,0.07085168,14.113991,0.061030507,1.1066372e-06,0.061031613
1879,0.07027149,14.230522,0.060530245,1.024309e-06,0.06053127
1880,0.06969118,14.349018,0.060029984,9.4784326e-07,0.06003093
1881,0.06911099,14.469479,0.05952972,8.768441e-07,0.059530597
1882,0.06853068,14.592005,0.05902946,8.1093594e-07,0.059030272
1883,0.06795037,14.716623,0.058529258,7.497757e-07,0.058530007
1884,0.06737018,14.843363,0.058028996,6.930338e-07,0.05802969
1885,0.066789865,14.972331,0.057528734,6.40409e-07,0.057529375
1886,0.066209674,15.103533,0.057028472,5.9161533e-07,0.057029065
1887,0.06562936,15.2370825,0.05652821,5.463882e-07,0.05652876
1888,0.06504917,15.372986,0.05602801,5.0447755e-07,0.05602851
1889,0.06446886,15.511365,0.055527747,4.6565287e-07,0.055528212
1890,0.06388855,15.652257,0.055027485,4.296965e-07,0.055027913
1891,0.06330836,15.795703,0.054527223,3.9640688e-07,0.054527618
1892,0.06272805,15.941833,0.05402696,3.6559416e-07,0.054027326
1893,0.062147856,16.09066,0.05352676,3.3708326e-07,0.053527094
1894,0.061567545,16.242323,0.053026497,3.1070923e-07,0.053026807
1895,0.060987353,16.396843,0.052526236,2.8631874e-07,0.052526522
1896,0.060407043,16.554361,0.052025974,2.6377046e-07,0.05202624
1897,0.05982673,16.714935,0.051525712,2.4292976e-07,0.051525954
1898,0.05924654,16.878622,0.05102551,2.2367426e-07,0.051025733
1899,0.05866623,17.045582,0.050525248,2.0588709e-07,0.050525453
1900,0.058086038,17.215841,0.050024986,1.8946237e-07,0.050025176
1901,0.057505727,17.389572,0.049524724,1.7429906e-07,0.0495249
1902,0.056925416,17.566845,0.049024463,1.6030529e-07,0.049024623
1903,0.056345224,17.747732,0.0485242,1.4739355e-07,0.04852435
1904,0.055764914,17.932423,0.048024,1.3548456e-07,0.048024133
1905,0.055184722,18.120958,0.047523737,1.2450286e-07,0.04752386
1906,0.05460441,18.31354,0.047023475,1.1437987e-07,0.04702359
1907,0.05402422,18.510216,0.046523213,1.05050404e-07,0.046523318
1908,0.05344391,18.711206,0.04602295,9.64553e-08,0.04602305
1909,0.052863598,18.916609,0.04552275,8.85387e-08,0.04552284
1910,0.052283406,19.126528,0.045022488,8.1249304e-08,0.04502257
1911,0.051703095,19.341202,0.044522226,7.45395e-08,0.0445223
1912,0.051122904,19.560703,0.044021964,6.8364635e-08,0.04402203
1913,0.050542593,19.785294,0.043521702,6.268409e-08,0.043521766
1914,0.0499624,20.01505,0.0430215,5.745937e-08,0.043021556
1915,0.04938209,20.250256,0.04252124,5.2655675e-08,0.04252129
1916,0.04880178,20.491056,0.042020977,4.824005e-08,0.042021025
1917,0.048221588,20.7376,0.041520715,4.4182524e-08,0.04152076
1918,0.047641277,20.990202,0.041020453,4.045498e-08,0.041020494
1919,0.047061086,21.248978,0.04052025,3.703168e-08,0.040520288
1920,0.046480775,21.51427,0.04001999,3.3888583e-08,0.040020023
1921,0.045900583,21.786215,0.039519727,3.1003747e-08,0.039519757
1922,0.045320272,22.06518,0.039019465,2.8356508e-08,0.039019495
1923,0.04473996,22.351383,0.038519204,2.5928154e-08,0.03851923
1924,0.04415977,22.645046,0.038019,2.3701155e-08,0.038019024
1925,0.04357946,22.94659,0.03751874,2.1659382e-08,0.037518762
1926,0.042999268,23.25621,0.037018478,1.9788066e-08,0.037018497
1927,0.042418957,23.574366,0.036518216,1.8073342e-08,0.036518235
1928,0.041838765,23.90128,0.036017954,1.6502687e-08,0.03601797
1929,0.041258454,24.237457,0.035517752,1.5064307e-08,0.035517767
1930,0.040678144,24.583225,0.03501749,1.3747507e-08,0.035017505
1931,0.040097952,24.93893,0.03451723,1.2542282e-08,0.03451724
1932,0.03951764,25.305155,0.034016967,1.1439574e-08,0.034016978
1933,0.03893745,25.682217,0.033516705,1.04309015e-08,0.033516716
1934,0.03835714,26.070766,0.033016503,9.508545e-09,0.033016514
1935,0.037776947,26.47117,0.03251624,8.665319e-09,0.03251625
1936,0.037196636,26.884151,0.03201598,7.894695e-09,0.032015987
1937,0.036616325,27.310223,0.031515718,7.1905872e-09,0.031515725
1938,0.036036134,27.749926,0.031015456,6.5474794e-09,0.031015463
1939,0.035455823,28.204111,0.030515254,5.9602114e-09,0.03051526
1940,0.03487563,28.673317,0.030014992,5.4241176e-09,0.030014997
1941,0.03429532,29.158497,0.02951473,4.9348734e-09,0.029514736
1942,0.03371501,29.66038,0.029014468,4.488517e-09,0.029014472
1943,0.033134818,30.179733,0.028514206,4.081396e-09,0.02851421
1944,0.032554507,30.717712,0.028013945,3.7101688e-09,0.028013948
1945,0.031974316,31.275103,0.027513742,3.3717744e-09,0.027513746
1946,0.031394005,31.853216,0.02701348,3.063391e-09,0.027013484
1947,0.030813813,32.452976,0.026513219,2.7824423e-09,0.02651322
1948,0.030233502,33.07589,0.026012957,2.5265516e-09,0.026012959
1949,0.029653192,33.723183,0.025512695,2.2935642e-09,0.025512697
1950,0.029073,34.396175,0.025012493,2.0814743e-09,0.025012495
1951,0.02849269,35.09672,0.024512231,1.8884811e-09,0.024512233
1952,0.027912498,35.826244,0.02401197,1.7129024e-09,0.024011971
1953,0.027332187,36.5869,0.023511708,1.553218e-09,0.02351171
1954,0.026751995,37.38039,0.023011446,1.4080278e-09,0.023011448
1955,0.026171684,38.209232,0.022511244,1.2760519e-09,0.022511246
1956,0.025591373,39.07567,0.022010982,1.1561309e-09,0.022010984
1957,0.025011182,39.982117,0.02151072,1.047184e-09,0.021510722
1958,0.024430871,40.93182,0.021010458,9.482433e-10,0.02101046
1959,0.02385068,41.92753,0.020510197,8.5841156e-10,0.020510197
1960,0.023270369,42.973106,0.020009995,7.768738e-10,0.020009995
1961,0.022690177,44.071934,0.019509733,7.028866e-10,0.019509733
1962,0.022109866,45.228676,0.019009471,6.3576855e-10,0.019009471
1963,0.021529555,46.447777,0.01850921,5.748995e-10,0.01850921
1964,0.020949364,47.734146,0.018008947,5.197134e-10,0.018008947
1965,0.020369053,49.094086,0.017508745,4.696948e-10,0.017508745
1966,0.019788861,50.533478,0.017008483,4.2437273e-10,0.017008483
1967,0.01920855,52.06015,0.016508222,3.8331646e-10,0.016508222
1968,0.018628359,53.681595,0.01600796,3.461364e-10,0.01600796
1969,0.018048048,55.407654,0.015507698,3.1247566e-10,0.015507698
1970,0.017467737,57.248398,0.015007496,2.820103e-10,0.015007496
1971,0.016887546,59.215237,0.014507234,2.5444435e-10,0.014507234
1972,0.016307235,61.322475,0.014006972,2.2950904e-10,0.014006972
1973,0.015727043,63.584743,0.0135067105,2.0696048e-10,0.0135067105
1974,0.015146732,66.02084,0.013006449,1.8657494e-10,0.013006449
1975,0.014566541,68.65048,0.012506247,1.6815084e-10,0.012506247
1976,0.01398623,71.49889,0.012005985,1.5150363e-10,0.012005985
1977,0.013405919,74.59392,0.011505723,1.364673e-10,0.011505723
1978,0.012825727,77.968285,0.011005461,1.2288835e-10,0.011005461
1979,0.012245417,81.66321,0.010505199,1.1063036e-10,0.010505199
1980,0.011665225,85.72488,0.010004997,9.956718e-11,0.010004997
1981,0.011084914,90.2127,0.0095047355,8.9585554e-11,0.0095047355
1982,0.010504723,95.19528,0.009004474,8.0582145e-11,0.009004474
1983,0.009924412,100.76164,0.008504212,7.246355e-11,0.008504212
1984,0.009344101,107.019394,0.00800395,6.5144744e-11,0.00800395
1985,0.008763909,114.10433,0.007503748,5.8548714e-11,0.007503748
1986,0.0081835985,122.19563,0.007003486,5.2606104e-11,0.007003486
1987,0.007603407,131.51999,0.0065032244,4.7253403e-11,0.0065032244
1988,0.007023096,142.38734,0.0060029626,4.2433772e-11,0.0060029626
1989,0.0064427853,155.21237,0.005502701,3.809496e-11,0.005502701
1990,0.0058625937,170.57297,0.005002439,3.41904e-11,0.005002439
1991,0.005282283,189.31209,0.004502237,3.0677436e-11,0.004502237
1992,0.004702091,212.67133,0.004001975,2.7517807e-11,0.004001975
1993,0.0041217804,242.6136,0.0035017133,2.4676733e-11,0.0035017133
1994,0.0035415888,282.35916,0.0030014515,2.2122864e-11,0.0030014515
1995,0.002961278,337.69205,0.0025011897,1.9827744e-11,0.0025011897
1996,0.0023809671,419.9974,0.0020009875,1.7765884e-11,0.0020009875
1997,0.0018007755,555.3163,0.0015007257,1.5913909e-11,0.0015007257
1998,0.0012204647,819.36005,0.001000464,1.4251103e-11,0.001000464
1999,0.0006402731,1561.8335,0.0005002022,1.27584375e-11,0.0005002022
2000,6e-05,16666.668,0.0,1.1418977e-11,0.0
