graph_name,optimizer,grad_type,outer_rep,step,global_step,beta,gamma,free_energy_mean,free_energy_min,free_energy_max,expected_cut_mean,expected_cut_max,expected_cut_min,hard_cut_mean,hard_cut_max,hard_cut_min,best_cut_so_far,best_known_cut,gap_so_far,gap_percent_so_far,accuracy_percent_so_far,best_replica_in_batch,best_replica_so_far,best_outer_rep_so_far,best_step_so_far,entropy_mean,entropy_min,entropy_max,R_mean,R_min,R_max,rx_abs_mean,rz_abs_mean,grad_norm_before_clip,grad_norm_after_clip,rep_elapsed_sec,elapsed_sec
G19,adam,auto,0,0,0,2.0,1.0,-228.7388458251953,-228.74002075195312,-228.7374267578125,-56.5,-56.5,-56.5,-71.70359802246094,60.0,-201.0,60.0,906.0,846.0,93.37748344370861,6.622516556291391,4139,4139,0,0,554.4769287109375,554.4769287109375,554.4769287109375,0.010099497623741627,0.010047965683043003,0.010151270776987076,0.010099136270582676,8.469787280773744e-05,27.861465454101562,1.0,0.17050909996032715,0.17051219940185547
G19,adam,auto,0,1,1,2.0010008811950684,0.9995002746582031,-228.675048828125,-228.67625427246094,-228.673583984375,-56.5,-56.5,-56.5,-71.76629638671875,56.0,-216.0,60.0,906.0,846.0,93.37748344370861,6.622516556291391,4322,4139,0,0,554.47607421875,554.47607421875,554.4761352539062,0.010199961252510548,0.010147921741008759,0.010252243839204311,0.010199939832091331,1.959903420356568e-05,28.120376586914062,0.9999999403953552,0.37232327461242676,0.37232518196105957
G19,adam,auto,0,2,2,2.002002716064453,0.9990004897117615,-228.6125030517578,-228.6136932373047,-228.61099243164062,-56.5,-56.5,-56.5,-72.489501953125,56.0,-201.0,60.0,906.0,846.0,93.37748344370861,6.622516556291391,7042,4139,0,0,554.4752197265625,554.4752197265625,554.475341796875,0.01030141394585371,0.010248863138258457,0.010354211553931236,0.010301308706402779,4.631398769561201e-05,28.381561279296875,0.9999999403953552,0.5667562484741211,0.5667581558227539
G19,adam,auto,0,3,3,2.0030055046081543,0.9985007643699646,-228.55035400390625,-228.55152893066406,-228.54885864257812,-56.5,-56.5,-56.5,-72.55470275878906,71.0,-212.0,71.0,906.0,835.0,92.16335540838853,7.836644591611479,7042,7042,0,3,554.4744262695312,554.474365234375,554.4744873046875,0.01040386501699686,0.010350796394050121,0.010457182303071022,0.01040364895015955,6.644528184551746e-05,28.645126342773438,0.9999998807907104,0.7621681690216064,0.7621700763702393
G19,adam,auto,0,4,4,2.004009485244751,0.998000979423523,-228.48880004882812,-228.49000549316406,-228.4873046875,-56.5,-56.5,-56.5,-72.65760040283203,74.0,-220.0,74.0,906.0,832.0,91.83222958057395,8.167770419426049,7042,7042,0,4,554.4735107421875,554.4735107421875,554.4736328125,0.01050732471048832,0.010453733615577221,0.01056116633117199,0.010507197119295597,5.1018960220972076e-05,28.911056518554688,0.9999999403953552,0.9551591873168945,0.9551610946655273
G19,adam,auto,0,5,5,2.005014181137085,0.9975012540817261,-228.4281768798828,-228.42941284179688,-228.42669677734375,-56.5,-56.5,-56.5,-73.6438980102539,63.0,-195.0,74.0,906.0,832.0,91.83222958057395,8.167770419426049,4322,7042,0,4,554.47265625,554.47265625,554.47265625,0.010611801408231258,0.010557684116065502,0.010666172951459885,0.010611782781779766,1.9596804122556932e-05,29.179363250732422,0.9999998211860657,1.1439969539642334,1.1440000534057617
G19,adam,auto,0,6,6,2.0060200691223145,0.9970015287399292,-228.36830139160156,-228.36953735351562,-228.3667449951172,-56.5,-56.5,-56.5,-75.247802734375,69.0,-212.0,74.0,906.0,832.0,91.83222958057395,8.167770419426049,7042,7042,0,4,554.4718017578125,554.4718017578125,554.4718017578125,0.010717306286096573,0.010662656277418137,0.010772212408483028,0.01071728765964508,1.8838343748939224e-05,29.4500732421875,0.9999999403953552,1.3552401065826416,1.3552420139312744
G19,adam,auto,0,7,7,2.0070269107818604,0.9965017437934875,-228.30909729003906,-228.31036376953125,-228.30752563476562,-56.5,-56.5,-56.5,-74.1084976196289,58.0,-216.0,74.0,906.0,832.0,91.83222958057395,8.167770419426049,7042,7042,0,4,554.4708251953125,554.4708251953125,554.4708251953125,0.010823848657310009,0.01076866127550602,0.010879294946789742,0.01082376018166542,4.3504151108209044e-05,29.723215103149414,0.9999998807907104,1.5431082248687744,1.5431110858917236
G19,adam,auto,0,8,8,2.0080349445343018,0.9960020184516907,-228.25050354003906,-228.2517547607422,-228.2489013671875,-56.5,-56.5,-56.5,-74.3595962524414,70.0,-220.0,74.0,906.0,832.0,91.83222958057395,8.167770419426049,7042,7042,0,4,554.469970703125,554.4698486328125,554.469970703125,0.010931437835097313,0.010875708423554897,0.010987428948283195,0.010931323282420635,4.9550228141015396e-05,29.998811721801758,0.9999998807907104,1.7366220951080322,1.736624002456665
G19,adam,auto,0,9,9,2.0090436935424805,0.995502233505249,-228.19271850585938,-228.1939697265625,-228.19113159179688,-56.5,-56.5,-56.5,-73.32389831542969,52.0,-212.0,74.0,906.0,832.0,91.83222958057395,8.167770419426049,1582,7042,0,4,554.468994140625,554.468994140625,554.468994140625,0.011040085926651955,0.010983807034790516,0.01109662652015686,0.011040013283491135,3.868748535751365e-05,30.27686882019043,0.9999999403953552,1.9263551235198975,1.9263570308685303
G19,adam,auto,0,10,10,2.0100536346435547,0.9950025081634521,-228.13575744628906,-228.1370391845703,-228.13412475585938,-56.5,-56.5,-56.5,-61.08190155029297,71.0,-183.0,74.0,906.0,832.0,91.83222958057395,8.167770419426049,2486,7042,0,4,554.468017578125,554.468017578125,554.468017578125,0.011149800382554531,0.01109297014772892,0.011206896975636482,0.011149784550070763,1.80194965651026e-05,30.557409286499023,0.9999999403953552,2.117356061935425,2.1173579692840576
G19,adam,auto,0,11,11,2.0110645294189453,0.9945027232170105,-228.07949829101562,-228.080810546875,-228.077880859375,-56.5,-56.5,-56.5,-75.943603515625,58.0,-219.0,74.0,906.0,832.0,91.83222958057395,8.167770419426049,7042,7042,0,4,554.4669799804688,554.4669189453125,554.467041015625,0.011260592378675938,0.011203204281628132,0.011318249627947807,0.011260585859417915,9.678858077677432e-06,30.840456008911133,0.9999999403953552,2.3082990646362305,2.308302164077759
G19,adam,auto,0,12,12,2.0120766162872314,0.9940029978752136,-228.0239715576172,-228.0253143310547,-228.02235412597656,-56.5,-56.5,-56.5,-76.08560180664062,67.0,-218.0,74.0,906.0,832.0,91.83222958057395,8.167770419426049,7042,7042,0,4,554.4658813476562,554.4659423828125,554.466064453125,0.011372474953532219,0.011314521543681622,0.01143069751560688,0.011372435837984085,2.9436485419864766e-05,31.126035690307617,1.0,2.499523162841797,2.4995250701904297
G19,adam,auto,0,13,13,2.013089418411255,0.9935032725334167,-227.9691925048828,-227.9705352783203,-227.9676055908203,-56.5,-56.5,-56.5,-73.92569732666016,56.0,-224.0,74.0,906.0,832.0,91.83222958057395,8.167770419426049,7042,7042,0,4,554.4649658203125,554.4649658203125,554.4649658203125,0.011485454626381397,0.01142693217843771,0.011544249020516872,0.0114853885024786,3.814019146375358e-05,31.414167404174805,0.9999999403953552,2.6920461654663086,2.6920480728149414
G19,adam,auto,0,14,14,2.014103412628174,0.9930034875869751,-227.91522216796875,-227.91656494140625,-227.91354370117188,-56.5,-56.5,-56.5,-67.76260375976562,63.0,-196.0,74.0,906.0,832.0,91.83222958057395,8.167770419426049,5261,7042,0,4,554.4639282226562,554.4638671875,554.4639892578125,0.011599542573094368,0.011540447361767292,0.01165891531854868,0.01159948855638504,3.4580574720166624e-05,31.70486831665039,1.0,2.8809239864349365,2.8809258937835693
G19,adam,auto,0,15,15,2.0151185989379883,0.9925037622451782,-227.86199951171875,-227.86337280273438,-227.86032104492188,-56.5,-56.5,-56.5,-64.74559783935547,68.0,-194.0,74.0,906.0,832.0,91.83222958057395,8.167770419426049,4322,7042,0,4,554.4628295898438,554.4627685546875,554.462890625,0.011714751832187176,0.01165507547557354,0.011774706654250622,0.01171472854912281,2.1826363081345335e-05,31.998159408569336,0.9999998807907104,3.073146104812622,3.073148012161255
G19,adam,auto,0,16,16,2.01613450050354,0.9920039772987366,-227.8096466064453,-227.81100463867188,-227.8079833984375,-56.5,-56.5,-56.5,-49.87419891357422,88.0,-189.0,88.0,906.0,818.0,90.28697571743929,9.713024282560706,1724,1724,0,16,554.461669921875,554.461669921875,554.4617919921875,0.011831089854240417,0.011770829558372498,0.01189163327217102,0.011831087991595268,8.067881026363466e-06,32.29405975341797,1.0,3.264845132827759,3.264847993850708
G19,adam,auto,0,17,17,2.0171515941619873,0.9915042519569397,-227.758056640625,-227.7593994140625,-227.75636291503906,-56.5,-56.5,-56.5,-75.40979766845703,56.0,-216.0,88.0,906.0,818.0,90.28697571743929,9.713024282560706,5831,1724,0,16,554.4605712890625,554.4605712890625,554.460693359375,0.011948572471737862,0.011887718923389912,0.012009709142148495,0.011948559433221817,1.6460930055473e-05,32.59259796142578,1.0,3.4558982849121094,3.455900192260742
G19,adam,auto,0,18,18,2.018169641494751,0.9910045266151428,-227.7072296142578,-227.70863342285156,-227.70556640625,-56.5,-56.5,-56.5,-69.74500274658203,55.0,-219.0,88.0,906.0,818.0,90.28697571743929,9.713024282560706,7042,1724,0,16,554.45947265625,554.45947265625,554.45947265625,0.012067205272614956,0.012005754746496677,0.012128942646086216,0.01206717174500227,2.7512785891303793e-05,32.89379119873047,0.9999999403953552,3.644986152648926,3.6449880599975586
G19,adam,auto,0,19,19,2.01918888092041,0.9905047416687012,-227.6572265625,-227.65863037109375,-227.6554718017578,-56.5,-56.5,-56.5,-70.74870300292969,51.0,-191.0,88.0,906.0,818.0,90.28697571743929,9.713024282560706,4139,1724,0,16,554.458251953125,554.458251953125,554.4583740234375,0.01218700222671032,0.012124949134886265,0.012249344028532505,0.012186964973807335,2.9493674446712248e-05,33.197662353515625,0.9999998807907104,3.837569236755371,3.837571144104004
G19,adam,auto,0,20,20,2.0202088356018066,0.9900050163269043,-227.60804748535156,-227.6094512939453,-227.6063232421875,-56.5,-56.5,-56.5,-67.94170379638672,68.0,-197.0,88.0,906.0,818.0,90.28697571743929,9.713024282560706,4322,1724,0,16,554.4571533203125,554.4570922851562,554.4571533203125,0.012307972647249699,0.01224531140178442,0.012370925396680832,0.012307949364185333,2.2846079446026124e-05,33.50423049926758,1.0,4.027606010437012,4.0276079177856445
G19,adam,auto,0,21,21,2.0212302207946777,0.9895052313804626,-227.5596923828125,-227.56114196777344,-227.55792236328125,-56.5,-56.5,-56.5,-58.636199951171875,78.0,-190.0,88.0,906.0,818.0,90.28697571743929,9.713024282560706,6986,1724,0,16,554.4559326171875,554.4559326171875,554.4559326171875,0.012430128641426563,0.012366853654384613,0.012493699789047241,0.012430121190845966,1.1910923603863921e-05,33.81351852416992,1.0,4.219602108001709,4.219604969024658
G19,adam,auto,0,22,22,2.022252321243286,0.9890055060386658,-227.51220703125,-227.51364135742188,-227.51039123535156,-56.5,-56.5,-56.5,-43.20690155029297,75.0,-171.0,88.0,906.0,818.0,90.28697571743929,9.713024282560706,5131,1724,0,16,554.4547119140625,554.4547119140625,554.4547119140625,0.012553482316434383,0.01248958706855774,0.012617675587534904,0.012553478591144085,7.228552931337617e-06,34.12554931640625,1.0,4.410511255264282,4.410513162612915
G19,adam,auto,0,23,23,2.02327561378479,0.9885057806968689,-227.4654998779297,-227.46694946289062,-227.46368408203125,-56.5,-56.5,-56.5,-73.49620056152344,52.0,-198.0,88.0,906.0,818.0,90.28697571743929,9.713024282560706,7042,1724,0,16,554.4534301757812,554.453369140625,554.4534912109375,0.01267804391682148,0.012613524682819843,0.012742865830659866,0.012678030878305435,1.841202174546197e-05,34.44034957885742,0.9999999403953552,4.60176420211792,4.601766109466553
G19,adam,auto,0,24,24,2.0242998600006104,0.9880059957504272,-227.4196319580078,-227.42108154296875,-227.41783142089844,-56.5,-56.5,-56.5,-72.44860076904297,68.0,-192.0,88.0,906.0,818.0,90.28697571743929,9.713024282560706,7042,1724,0,16,554.4521484375,554.4521484375,554.4521484375,0.012803826481103897,0.012738673947751522,0.012869282625615597,0.012803805060684681,2.336744910280686e-05,34.7579345703125,1.0,4.792977333068848,4.7929792404174805
G19,adam,auto,0,25,25,2.025325298309326,0.9875062704086304,-227.37461853027344,-227.37611389160156,-227.37277221679688,-56.5,-56.5,-56.5,-74.26470184326172,69.0,-196.0,88.0,906.0,818.0,90.28697571743929,9.713024282560706,2472,1724,0,16,554.4508056640625,554.4508056640625,554.4508666992188,0.012930840253829956,0.012865048833191395,0.012996938079595566,0.012930821627378464,2.093208604492247e-05,35.078330993652344,1.0000001192092896,4.983037948608398,4.983039855957031
G19,adam,auto,0,26,26,2.0263514518737793,0.9870064854621887,-227.33050537109375,-227.33201599121094,-227.32867431640625,-56.5,-56.5,-56.5,-67.09020233154297,72.0,-190.0,88.0,906.0,818.0,90.28697571743929,9.713024282560706,8648,1724,0,16,554.4495239257812,554.449462890625,554.4495849609375,0.013059095479547977,0.012992661446332932,0.01312583964318037,0.01305908802896738,1.3487232536135707e-05,35.40155792236328,1.0,5.175487995147705,5.175491094589233
G19,adam,auto,0,27,27,2.027378797531128,0.9865067601203918,-227.28724670410156,-227.2887725830078,-227.285400390625,-56.5,-56.5,-56.5,-48.684200286865234,75.0,-194.0,88.0,906.0,818.0,90.28697571743929,9.713024282560706,3288,1724,0,16,554.4481201171875,554.4481201171875,554.4481811523438,0.01318860799074173,0.013121523894369602,0.013256005011498928,0.01318860612809658,6.787257916585077e-06,35.72764587402344,1.0,5.366434097290039,5.366437196731567
G19,adam,auto,0,28,28,2.028407335281372,0.9860069751739502,-227.24484252929688,-227.24639892578125,-227.24295043945312,-56.5,-56.5,-56.5,-76.45469665527344,55.0,-202.0,88.0,906.0,818.0,90.28697571743929,9.713024282560706,4322,1724,0,16,554.44677734375,554.4467163085938,554.44677734375,0.013319387100636959,0.013251647353172302,0.01338744442909956,0.013319381512701511,1.1762829672079533e-05,36.05660629272461,1.0,5.557140111923218,5.557142019271851
G19,adam,auto,0,29,29,2.0294368267059326,0.9855072498321533,-227.20335388183594,-227.20489501953125,-227.20143127441406,-56.5,-56.5,-56.5,-79.8427963256836,52.0,-204.0,88.0,906.0,818.0,90.28697571743929,9.713024282560706,7042,1724,0,16,554.4453125,554.4453125,554.4453735351562,0.013451444916427135,0.013383042067289352,0.013520168140530586,0.01345143374055624,1.7696223949315026e-05,36.38846969604492,0.9999999403953552,5.747589111328125,5.747591018676758
G19,adam,auto,0,30,30,2.0304672718048096,0.9850075244903564,-227.16275024414062,-227.164306640625,-227.16079711914062,-56.5,-56.5,-56.5,-80.0927963256836,58.0,-203.0,88.0,906.0,818.0,90.28697571743929,9.713024282560706,2472,1724,0,16,554.44384765625,554.44384765625,554.4439697265625,0.013584794476628304,0.013515722006559372,0.013654188252985477,0.013584782369434834,1.772742507455405e-05,36.72325897216797,1.0,5.938945055007935,5.938946962356567
G19,adam,auto,0,31,31,2.031498908996582,0.9845077395439148,-227.1230010986328,-227.1245574951172,-227.12109375,-56.5,-56.5,-56.5,-69.88819885253906,62.0,-211.0,88.0,906.0,818.0,90.28697571743929,9.713024282560706,361,1724,0,16,554.4423828125,554.4423828125,554.4425048828125,0.013719446957111359,0.013649700209498405,0.013789518736302853,0.013719440437853336,1.2987503396288957e-05,37.06099319458008,1.0,6.129766941070557,6.129770040512085
G19,adam,auto,0,32,32,2.032531499862671,0.9840080142021179,-227.08416748046875,-227.0857696533203,-227.08224487304688,-56.5,-56.5,-56.5,-50.15760040283203,80.0,-186.0,88.0,906.0,818.0,90.28697571743929,9.713024282560706,1724,1724,0,16,554.44091796875,554.44091796875,554.4409790039062,0.013855417259037495,0.013784986920654774,0.013926173560321331,0.01385541446506977,7.176980943768285e-06,37.40170669555664,0.9999998807907104,6.319375276565552,6.319377183914185
G19,adam,auto,0,33,33,2.0335652828216553,0.9835082292556763,-227.04627990722656,-227.04788208007812,-227.0443115234375,-56.5,-56.5,-56.5,-87.0863037109375,54.0,-215.0,88.0,906.0,818.0,90.28697571743929,9.713024282560706,7042,1724,0,16,554.439453125,554.4393310546875,554.439453125,0.013992713764309883,0.01392159704118967,0.014064162038266659,0.01399271097034216,7.608217401866568e-06,37.74540710449219,1.0,6.510156154632568,6.510159015655518
G19,adam,auto,0,34,34,2.034600019454956,0.9830085039138794,-227.0093231201172,-227.01089477539062,-227.00732421875,-56.5,-56.5,-56.5,-84.63040161132812,46.0,-216.0,88.0,906.0,818.0,90.28697571743929,9.713024282560706,2472,1724,0,16,554.4379272460938,554.4378051757812,554.4378662109375,0.014131353236734867,0.014059541746973991,0.014203498139977455,0.01413134578615427,1.3385185411607381e-05,38.09212875366211,1.0,6.702630281448364,6.702632188796997
G19,adam,auto,0,35,35,2.0356357097625732,0.9825087785720825,-226.97329711914062,-226.97494506835938,-226.9712677001953,-56.5,-56.5,-56.5,-82.23370361328125,60.0,-204.0,88.0,906.0,818.0,90.28697571743929,9.713024282560706,4322,1724,0,16,554.436279296875,554.4361572265625,554.436279296875,0.014271344058215618,0.014198831282556057,0.014344194903969765,0.014271336607635021,1.4459998965321574e-05,38.44189453125,1.0,6.892486333847046,6.892488241195679
G19,adam,auto,0,36,36,2.036672592163086,0.9820089936256409,-226.93817138671875,-226.9398193359375,-226.9361114501953,-56.5,-56.5,-56.5,-68.76170349121094,55.0,-211.0,88.0,906.0,818.0,90.28697571743929,9.713024282560706,361,1724,0,16,554.4345703125,554.4345703125,554.4346923828125,0.01441270299255848,0.01433948241174221,0.014486264437437057,0.014412698335945606,1.1354638445482124e-05,38.79472732543945,1.0,7.083858966827393,7.083860874176025
G19,adam,auto,0,37,37,2.037710428237915,0.981509268283844,-226.90402221679688,-226.90565490722656,-226.9019775390625,-56.5,-56.5,-56.5,-46.65060043334961,90.0,-166.0,90.0,906.0,816.0,90.06622516556291,9.933774834437086,4843,4843,0,37,554.4329833984375,554.4329833984375,554.4329833984375,0.014555441215634346,0.014481505379080772,0.014629718847572803,0.014555439352989197,6.773138011340052e-06,39.15065002441406,0.9999999403953552,7.276307106018066,7.276309013366699
G19,adam,auto,0,38,38,2.0387494564056396,0.9810094833374023,-226.8708038330078,-226.87246704101562,-226.8686981201172,-56.5,-56.5,-56.5,-113.80049896240234,4.0,-235.0,90.0,906.0,816.0,90.06622516556291,9.933774834437086,4618,4843,0,37,554.4312744140625,554.4312744140625,554.4313354492188,0.014699571765959263,0.014624916948378086,0.014774573966860771,0.014699569903314114,5.583645815931959e-06,39.50968551635742,1.0,7.4667840003967285,7.466785907745361
G19,adam,auto,0,39,39,2.0397894382476807,0.9805097579956055,-226.8385467529297,-226.8402557373047,-226.83648681640625,-56.5,-56.5,-56.5,-87.62789916992188,42.0,-211.0,90.0,906.0,816.0,90.06622516556291,9.933774834437086,4322,4843,0,37,554.4296264648438,554.4295654296875,554.4295654296875,0.014845108613371849,0.014769724570214748,0.01492084376513958,0.01484510488808155,1.042845360643696e-05,39.871864318847656,0.9999999403953552,7.657888174057007,7.657891035079956
G19,adam,auto,0,40,40,2.040830373764038,0.9800100326538086,-226.80728149414062,-226.8090057373047,-226.80516052246094,-56.5,-56.5,-56.5,-80.21440124511719,51.0,-205.0,90.0,906.0,816.0,90.06622516556291,9.933774834437086,4322,4843,0,37,554.4278564453125,554.427734375,554.4278564453125,0.014992063865065575,0.014915945008397102,0.015068537555634975,0.014992058277130127,1.1613048627623357e-05,40.237205505371094,0.9999999403953552,7.849483013153076,7.849484920501709
G19,adam,auto,0,41,41,2.04187273979187,0.9795102477073669,-226.7769775390625,-226.77865600585938,-226.77484130859375,-56.5,-56.5,-56.5,-64.56770324707031,69.0,-217.0,90.0,906.0,816.0,90.06622516556291,9.933774834437086,6986,4843,0,37,554.426025390625,554.426025390625,554.426025390625,0.015140451490879059,0.015063591301441193,0.015217670239508152,0.01514044962823391,9.381089512316976e-06,40.605735778808594,1.0,8.04154920578003,8.041551113128662
G19,adam,auto,0,42,42,2.0429158210754395,0.9790105223655701,-226.7476806640625,-226.74942016601562,-226.74551391601562,-56.5,-56.5,-56.5,-43.52040100097656,77.0,-160.0,90.0,906.0,816.0,90.06622516556291,9.933774834437086,1988,4843,0,37,554.4241943359375,554.4241943359375,554.4241943359375,0.015290285460650921,0.01521267555654049,0.015368254855275154,0.015290284529328346,5.846351996297017e-06,40.97748565673828,0.9999999403953552,8.230733156204224,8.230735063552856
G19,adam,auto,0,43,43,2.0439600944519043,0.9785107374191284,-226.71934509277344,-226.72113037109375,-226.71717834472656,-56.5,-56.5,-56.5,-116.84110260009766,5.0,-256.0,90.0,906.0,816.0,90.06622516556291,9.933774834437086,4069,4843,0,37,554.42236328125,554.4223022460938,554.42236328125,0.01544157788157463,0.015363212674856186,0.015520308166742325,0.015441576950252056,4.739400083053624e-06,41.35246658325195,1.0,8.422975063323975,8.422976970672607
G19,adam,auto,0,44,44,2.0450053215026855,0.9780110120773315,-226.6920928955078,-226.69387817382812,-226.6898956298828,-56.5,-56.5,-56.5,-87.05480194091797,56.0,-214.0,90.0,906.0,816.0,90.06622516556291,9.933774834437086,4849,4843,0,37,554.42041015625,554.42041015625,554.4205322265625,0.015594345517456532,0.015515217557549477,0.015673840418457985,0.015594343654811382,8.461129255010746e-06,41.730712890625,1.0,8.61410117149353,8.614103078842163
G19,adam,auto,0,45,45,2.0460517406463623,0.9775112867355347,-226.665771484375,-226.66757202148438,-226.66357421875,-56.5,-56.5,-56.5,-80.28209686279297,40.0,-212.0,90.0,906.0,816.0,90.06622516556291,9.933774834437086,694,4843,0,37,554.41845703125,554.41845703125,554.4185791015625,0.01574859954416752,0.015668699517846107,0.01582886092364788,0.01574859581887722,9.307818800152745e-06,42.11225509643555,1.0,8.805015087127686,8.805016994476318
G19,adam,auto,0,46,46,2.0470993518829346,0.977011501789093,-226.6405029296875,-226.6422882080078,-226.6383056640625,-56.5,-56.5,-56.5,-60.53689956665039,59.0,-203.0,90.0,906.0,816.0,90.06622516556291,9.933774834437086,6986,4843,0,37,554.41650390625,554.41650390625,554.4166259765625,0.01590435393154621,0.01582367718219757,0.015985390171408653,0.015904352068901062,7.447280495398445e-06,42.497100830078125,1.0,8.994405269622803,8.994407176971436
G19,adam,auto,0,47,47,2.0481479167938232,0.9765117764472961,-226.6162567138672,-226.61807250976562,-226.61404418945312,-56.5,-56.5,-56.5,-39.22019958496094,82.0,-202.0,90.0,906.0,816.0,90.06622516556291,9.933774834437086,7805,4843,0,37,554.41455078125,554.4144897460938,554.41455078125,0.016061624512076378,0.01598016358911991,0.016143441200256348,0.016061624512076378,4.7058824748091865e-06,42.88529586791992,0.9999999403953552,9.18502926826477,9.185031175613403
G19,adam,auto,0,48,48,2.0491974353790283,0.9760119915008545,-226.5930938720703,-226.59490966796875,-226.5908203125,-56.5,-56.5,-56.5,-142.14239501953125,2.0,-261.0,90.0,906.0,816.0,90.06622516556291,9.933774834437086,7042,4843,0,37,554.4124755859375,554.4124755859375,554.4124755859375,0.016220424324274063,0.01613817736506462,0.01630302704870701,0.016220424324274063,4.3317500058037695e-06,43.276851654052734,0.9999998807907104,9.377182006835938,9.377185106277466
G19,adam,auto,0,49,49,2.050248146057129,0.9755122661590576,-226.57095336914062,-226.57281494140625,-226.5686492919922,-56.5,-56.5,-56.5,-92.0353012084961,32.0,-219.0,90.0,906.0,816.0,90.06622516556291,9.933774834437086,5587,4843,0,37,554.410400390625,554.4103393554688,554.4104614257812,0.01638076826930046,0.016297729685902596,0.016464166343212128,0.01638076640665531,7.116003871487919e-06,43.67180252075195,1.0,9.56934404373169,9.569345951080322
G19,adam,auto,0,50,50,2.051300048828125,0.975012481212616,-226.5498504638672,-226.55174255371094,-226.5475616455078,-56.5,-56.5,-56.5,-79.26969909667969,33.0,-215.0,90.0,906.0,816.0,90.06622516556291,9.933774834437086,8648,4843,0,37,554.408203125,554.408203125,554.4083251953125,0.016542669385671616,0.01645883172750473,0.01662687212228775,0.016542667523026466,7.398317393381149e-06,44.070167541503906,1.0,9.760082006454468,9.7600839138031
G19,adam,auto,0,51,51,2.0523529052734375,0.9745127558708191,-226.5298309326172,-226.5316925048828,-226.5274658203125,-56.5,-56.5,-56.5,-52.073001861572266,68.0,-192.0,90.0,906.0,816.0,90.06622516556291,9.933774834437086,9402,4843,0,37,554.4061279296875,554.406005859375,554.4061279296875,0.01670614443719387,0.016621500253677368,0.01679115742444992,0.01670614257454872,5.676462478731992e-06,44.471981048583984,0.9999999403953552,9.954777240753174,9.954780101776123
G19,adam,auto,0,52,52,2.0534067153930664,0.9740130305290222,-226.51095581054688,-226.51278686523438,-226.50857543945312,-56.5,-56.5,-56.5,-37.624900817871094,85.0,-166.0,90.0,906.0,816.0,90.06622516556291,9.933774834437086,3387,4843,0,37,554.40380859375,554.40380859375,554.4039306640625,0.01687120646238327,0.016785748302936554,0.016957037150859833,0.01687120646238327,3.6434573758015176e-06,44.877262115478516,1.0,10.156507968902588,10.156510829925537
G19,adam,auto,0,53,53,2.054461717605591,0.9735132455825806,-226.49305725097656,-226.4949493408203,-226.49069213867188,-56.5,-56.5,-56.5,-116.00420379638672,30.0,-235.0,90.0,906.0,816.0,90.06622516556291,9.933774834437086,4322,4843,0,37,554.401611328125,554.4015502929688,554.401611328125,0.01703787036240101,0.01695159263908863,0.01712452806532383,0.01703787036240101,4.254859049979132e-06,45.28603744506836,0.9999999403953552,10.347381114959717,10.34738302230835
G19,adam,auto,0,54,54,2.0555179119110107,0.9730135202407837,-226.47630310058594,-226.47824096679688,-226.473876953125,-56.5,-56.5,-56.5,-94.9834976196289,40.0,-230.0,90.0,906.0,816.0,90.06622516556291,9.933774834437086,4322,4843,0,37,554.3992919921875,554.3992919921875,554.3993530273438,0.017206156626343727,0.017119046300649643,0.017293643206357956,0.017206156626343727,6.0324200603645295e-06,45.69833755493164,0.9999999403953552,10.53787612915039,10.53787899017334
G19,adam,auto,0,55,55,2.056575059890747,0.972513735294342,-226.4606475830078,-226.4626007080078,-226.4582061767578,-56.5,-56.5,-56.5,-67.99949645996094,54.0,-207.0,90.0,906.0,816.0,90.06622516556291,9.933774834437086,8800,4843,0,37,554.39697265625,554.3968505859375,554.39697265625,0.017376070842146873,0.017288126051425934,0.017464399337768555,0.017376070842146873,5.752322977059521e-06,46.11418151855469,0.9999998807907104,10.727863073348999,10.727866172790527
G19,adam,auto,0,56,56,2.057633399963379,0.9720140099525452,-226.44610595703125,-226.4480438232422,-226.44363403320312,-56.5,-56.5,-56.5,-34.250701904296875,87.0,-159.0,90.0,906.0,816.0,90.06622516556291,9.933774834437086,2332,4843,0,37,554.3944702148438,554.39453125,554.3945922851562,0.017547637224197388,0.0174588430672884,0.01763681136071682,0.017547637224197388,4.150765107624466e-06,46.533607482910156,1.0,10.917799949645996,10.917801856994629
G19,adam,auto,0,57,57,2.058692693710327,0.9715142846107483,-226.4326934814453,-226.4346923828125,-226.43023681640625,-56.5,-56.5,-56.5,-62.70140075683594,104.0,-181.0,104.0,906.0,802.0,88.52097130242825,11.479028697571744,4551,4551,0,57,554.39208984375,554.39208984375,554.3921508789062,0.017720863223075867,0.01763121969997883,0.017810894176363945,0.017720863223075867,2.8406473120412556e-06,46.956634521484375,1.0,11.110319137573242,11.110321044921875
G19,adam,auto,0,58,58,2.059753179550171,0.9710144996643066,-226.42039489746094,-226.42242431640625,-226.4179229736328,-56.5,-56.5,-56.5,-109.63710021972656,25.0,-257.0,104.0,906.0,802.0,88.52097130242825,11.479028697571744,4322,4551,0,57,554.3896484375,554.3895263671875,554.3896484375,0.017895769327878952,0.01780526340007782,0.017986664548516273,0.017895769327878952,4.182074462732999e-06,47.38328552246094,1.0,11.302102088928223,11.302103996276855
G19,adam,auto,0,59,59,2.060814619064331,0.9705147743225098,-226.40927124023438,-226.4112548828125,-226.40675354003906,-56.5,-56.5,-56.5,-81.28019714355469,42.0,-215.0,104.0,906.0,802.0,88.52097130242825,11.479028697571744,8648,4551,0,57,554.3870849609375,554.3870239257812,554.3870849609375,0.01807236857712269,0.017980996519327164,0.018164137378335,0.01807236671447754,5.016784598410595e-06,47.813602447509766,1.0000001192092896,11.4933922290802,11.493394136428833
G19,adam,auto,0,60,60,2.061877489089966,0.9700149893760681,-226.3992462158203,-226.40130615234375,-226.39669799804688,-56.5,-56.5,-56.5,-43.11750030517578,75.0,-178.0,104.0,906.0,802.0,88.52097130242825,11.479028697571744,5970,4551,0,57,554.384521484375,554.3843994140625,554.384521484375,0.018250679597258568,0.018158432096242905,0.018343327566981316,0.018250679597258568,4.28689963882789e-06,48.24759292602539,1.0,11.682291984558105,11.682293891906738
G19,adam,auto,0,61,61,2.062941074371338,0.9695152640342712,-226.3904571533203,-226.39247131347656,-226.38787841796875,-56.5,-56.5,-56.5,-22.753000259399414,103.0,-142.0,104.0,906.0,802.0,88.52097130242825,11.479028697571744,6657,4551,0,57,554.3818359375,554.3817749023438,554.3818359375,0.018430717289447784,0.018337585031986237,0.018524253740906715,0.018430717289447784,2.91375067718036e-06,48.685302734375,0.9999998211860657,11.873274326324463,11.873276233673096
G19,adam,auto,0,62,62,2.0640060901641846,0.9690154790878296,-226.38279724121094,-226.38487243652344,-226.38018798828125,-56.5,-56.5,-56.5,-172.0738983154297,-33.0,-301.0,104.0,906.0,802.0,88.52097130242825,11.479028697571744,9698,4551,0,57,554.379150390625,554.3790893554688,554.379150390625,0.018612496554851532,0.018518472090363503,0.018706928938627243,0.018612496554851532,2.578863586677471e-06,49.126747131347656,1.0,12.064089298248291,12.064091205596924
G19,adam,auto,0,63,63,2.0650718212127686,0.9685157537460327,-226.3763427734375,-226.37844848632812,-226.37371826171875,-56.5,-56.5,-56.5,-93.1167984008789,27.0,-217.0,104.0,906.0,802.0,88.52097130242825,11.479028697571744,6598,4551,0,57,554.3763427734375,554.3763427734375,554.37646484375,0.018796036019921303,0.018701108172535896,0.01889137178659439,0.018796036019921303,3.908512553607579e-06,49.57196044921875,1.0,12.255895137786865,12.255897045135498
G19,adam,auto,0,64,64,2.066138982772827,0.9680160284042358,-226.3710174560547,-226.37313842773438,-226.36842346191406,-56.5,-56.5,-56.5,-54.13330078125,66.0,-179.0,104.0,906.0,802.0,88.52097130242825,11.479028697571744,6609,4551,0,57,554.37353515625,554.37353515625,554.3736572265625,0.018981346860527992,0.01888551190495491,0.019077597185969353,0.018981346860527992,3.960803951486014e-06,50.02096939086914,1.0,12.44692611694336,12.446929216384888
G19,adam,auto,0,65,65,2.067207098007202,0.9675162434577942,-226.36697387695312,-226.3690948486328,-226.3643341064453,-56.5,-56.5,-56.5,-19.623300552368164,95.0,-137.0,104.0,906.0,802.0,88.52097130242825,11.479028697571744,9523,4551,0,57,554.3707275390625,554.3707275390625,554.3707885742188,0.01916845142841339,0.019071700051426888,0.01926562376320362,0.01916845142841339,3.0068642900005216e-06,50.473793029785156,0.9999999403953552,12.637022018432617,12.63702392578125
G19,adam,auto,0,66,66,2.0682761669158936,0.9670165181159973,-226.36412048339844,-226.3662872314453,-226.3614501953125,-56.5,-56.5,-56.5,-56.322898864746094,81.0,-179.0,104.0,906.0,802.0,88.52097130242825,11.479028697571744,3673,4551,0,57,554.3677978515625,554.3677978515625,554.367919921875,0.019357362762093544,0.019259687513113022,0.01945546455681324,0.019357362762093544,2.0920290353387827e-06,50.93046951293945,1.0,12.826939344406128,12.82694125175476
G19,adam,auto,0,67,67,2.0693466663360596,0.9665167331695557,-226.36245727539062,-226.36463928222656,-226.3597869873047,-56.5,-56.5,-56.5,-112.910400390625,7.0,-232.0,104.0,906.0,802.0,88.52097130242825,11.479028697571744,9661,4551,0,57,554.3648681640625,554.3648071289062,554.3649291992188,0.019548099488019943,0.019449489191174507,0.01964714005589485,0.019548099488019943,2.7931166641792515e-06,51.391021728515625,1.0,13.01803708076477,13.018038988113403
G19,adam,auto,0,68,68,2.070418119430542,0.9660170078277588,-226.36207580566406,-226.36428833007812,-226.35935974121094,-56.5,-56.5,-56.5,-66.95590209960938,51.0,-185.0,104.0,906.0,802.0,88.52097130242825,11.479028697571744,8648,4551,0,57,554.36181640625,554.36181640625,554.3619384765625,0.019740678369998932,0.019641123712062836,0.01984066516160965,0.019740678369998932,3.3669505228317576e-06,51.85548400878906,1.0,13.209408044815063,13.209409952163696
G19,adam,auto,0,69,69,2.07149076461792,0.9655172824859619,-226.36285400390625,-226.36509704589844,-226.36016845703125,-56.5,-56.5,-56.5,-26.1427001953125,89.0,-146.0,104.0,906.0,802.0,88.52097130242825,11.479028697571744,5566,4551,0,57,554.3588256835938,554.358642578125,554.3588256835938,0.019935118034482002,0.0198346097022295,0.020036056637763977,0.019935114309191704,2.8901959012728184e-06,52.323875427246094,1.0,13.400939226150513,13.400941133499146
G19,adam,auto,0,70,70,2.0725643634796143,0.9650174975395203,-226.36500549316406,-226.36721801757812,-226.36224365234375,-56.5,-56.5,-56.5,-18.183500289916992,109.0,-129.0,109.0,906.0,797.0,87.96909492273731,12.030905077262693,8011,8011,0,70,554.3555908203125,554.3555297851562,554.3556518554688,0.02013142965734005,0.020029962062835693,0.020233334973454475,0.02013142965734005,2.013044650084339e-06,52.796234130859375,0.9999999403953552,13.592923164367676,13.592925071716309
G19,adam,auto,0,71,71,2.073639154434204,0.9645177721977234,-226.36834716796875,-226.37062072753906,-226.36557006835938,-56.5,-56.5,-56.5,-174.0106964111328,-30.0,-293.0,109.0,906.0,797.0,87.96909492273731,12.030905077262693,6567,8011,0,70,554.3524169921875,554.352294921875,554.3524169921875,0.020329631865024567,0.020227201282978058,0.02043251320719719,0.020329631865024567,1.9261801753600594e-06,53.272579193115234,1.0,13.780983209609985,13.780986070632935
G19,adam,auto,0,72,72,2.0747151374816895,0.9640179872512817,-226.37295532226562,-226.37521362304688,-226.3701171875,-56.5,-56.5,-56.5,-82.19560241699219,46.0,-199.0,109.0,906.0,797.0,87.96909492273731,12.030905077262693,5901,8011,0,70,554.34912109375,554.3490600585938,554.3491821289062,0.020529750734567642,0.020426340401172638,0.020633608102798462,0.020529750734567642,2.7013479666493367e-06,53.75294494628906,1.0,13.974091053009033,13.974092960357666
G19,adam,auto,0,73,73,2.0757923126220703,0.9635182619094849,-226.37884521484375,-226.38116455078125,-226.3760223388672,-56.5,-56.5,-56.5,-35.402400970458984,84.0,-159.0,109.0,906.0,797.0,87.96909492273731,12.030905077262693,4965,8011,0,70,554.3458251953125,554.345703125,554.3458251953125,0.020731795579195023,0.020627398043870926,0.020836636424064636,0.020731795579195023,2.606795305837295e-06,54.23735809326172,1.0,14.165061235427856,14.16506314277649
G19,adam,auto,0,74,74,2.0768704414367676,0.963018536567688,-226.38607788085938,-226.3883514404297,-226.3831787109375,-56.5,-56.5,-56.5,-6.494200229644775,122.0,-122.0,122.0,906.0,784.0,86.53421633554083,13.465783664459162,1168,1168,0,74,554.3424072265625,554.34228515625,554.3424682617188,0.0209357850253582,0.020830392837524414,0.021041622385382652,0.0209357850253582,1.9359727048140485e-06,54.72584915161133,1.0,14.356425046920776,14.35642695426941
G19,adam,auto,0,75,75,2.0779497623443604,0.9625187516212463,-226.3946075439453,-226.3968963623047,-226.3917236328125,-56.5,-56.5,-56.5,-118.56600189208984,14.0,-249.0,122.0,906.0,784.0,86.53421633554083,13.465783664459162,6384,1168,0,74,554.3389282226562,554.3388671875,554.3389892578125,0.021141737699508667,0.021035347133874893,0.021248580887913704,0.021141737699508667,1.4972198414398008e-06,55.21844482421875,1.0,14.547035932540894,14.547037839889526
G19,adam,auto,0,76,76,2.0790300369262695,0.9620190262794495,-226.40444946289062,-226.40679931640625,-226.40150451660156,-56.5,-56.5,-56.5,-101.07119750976562,27.0,-215.0,122.0,906.0,784.0,86.53421633554083,13.465783664459162,5901,1168,0,74,554.3353271484375,554.3353271484375,554.33544921875,0.021349675953388214,0.021242275834083557,0.021457528695464134,0.021349675953388214,2.0914835658913944e-06,55.71517562866211,1.0,14.738296270370483,14.738299131393433
G19,adam,auto,0,77,77,2.080111503601074,0.9615192413330078,-226.4156036376953,-226.41796875,-226.41265869140625,-56.5,-56.5,-56.5,-42.925899505615234,78.0,-171.0,122.0,906.0,784.0,86.53421633554083,13.465783664459162,4965,1168,0,74,554.331787109375,554.3316650390625,554.3318481445312,0.021559609100222588,0.02145119197666645,0.021668490022420883,0.021559609100222588,2.2473716398963006e-06,56.21607208251953,0.9999999403953552,14.928054094314575,14.928056001663208
G19,adam,auto,0,78,78,2.0811941623687744,0.9610195159912109,-226.42813110351562,-226.43051147460938,-226.42514038085938,-56.5,-56.5,-56.5,-2.3150999546051025,118.0,-130.0,122.0,906.0,784.0,86.53421633554083,13.465783664459162,1630,1168,0,74,554.328125,554.3280029296875,554.3281860351562,0.021771566942334175,0.021662121638655663,0.021881476044654846,0.021771566942334175,1.7958647049454157e-06,56.72115707397461,1.0,15.118854999542236,15.118857860565186
G19,adam,auto,0,79,79,2.08227801322937,0.9605197906494141,-226.44195556640625,-226.4443359375,-226.43893432617188,-56.5,-56.5,-56.5,-57.576499938964844,76.0,-190.0,122.0,906.0,784.0,86.53421633554083,13.465783664459162,4116,1168,0,74,554.3242797851562,554.3243408203125,554.324462890625,0.021985558792948723,0.021875077858567238,0.022096505388617516,0.021985558792948723,1.3040290696153534e-06,57.23046875,1.0,15.310229063034058,15.31023097038269
G19,adam,auto,0,80,80,2.0833628177642822,0.9600200057029724,-226.45716857910156,-226.45965576171875,-226.45416259765625,-56.5,-56.5,-56.5,-128.7332000732422,11.0,-254.0,122.0,906.0,784.0,86.53421633554083,13.465783664459162,5901,1168,0,74,554.320556640625,554.3204345703125,554.3206176757812,0.022201605141162872,0.02209007926285267,0.02231360413134098,0.022201605141162872,1.5989746771083446e-06,57.7440299987793,0.9999999403953552,15.500761270523071,15.50076413154602
G19,adam,auto,0,81,81,2.08444881439209,0.9595202803611755,-226.47377014160156,-226.47625732421875,-226.47071838378906,-56.5,-56.5,-56.5,-48.94029998779297,75.0,-164.0,122.0,906.0,784.0,86.53421633554083,13.465783664459162,9402,1168,0,74,554.316650390625,554.3165893554688,554.3167724609375,0.022419726476073265,0.022307144477963448,0.022532785311341286,0.022419726476073265,1.8824333665179438e-06,58.26186752319336,1.0,15.69193410873413,15.691936016082764
G19,adam,auto,0,82,82,2.085536003112793,0.9590204954147339,-226.4917449951172,-226.4942626953125,-226.48870849609375,-56.5,-56.5,-56.5,-1.3432999849319458,112.0,-120.0,122.0,906.0,784.0,86.53421633554083,13.465783664459162,8322,1168,0,74,554.3126220703125,554.3126220703125,554.312744140625,0.022639941424131393,0.022526297718286514,0.022754069417715073,0.022639941424131393,1.6083083664852893e-06,58.784019470214844,1.0,15.882312059402466,15.882313966751099
G19,adam,auto,0,83,83,2.0866243839263916,0.958520770072937,-226.51112365722656,-226.5136260986328,-226.50802612304688,-56.5,-56.5,-56.5,-26.768699645996094,105.0,-153.0,122.0,906.0,784.0,86.53421633554083,13.465783664459162,9620,1168,0,74,554.30859375,554.30859375,554.3087158203125,0.0228622667491436,0.022747548297047615,0.022977475076913834,0.0228622667491436,1.1681687510645133e-06,59.31051254272461,1.0,16.073698043823242,16.073699951171875
G19,adam,auto,0,84,84,2.0877137184143066,0.9580209851264954,-226.5319061279297,-226.534423828125,-226.52877807617188,-56.5,-56.5,-56.5,-157.75889587402344,-40.0,-279.0,122.0,906.0,784.0,86.53421633554083,13.465783664459162,5901,1168,0,74,554.3045043945312,554.304443359375,554.3045654296875,0.023086728528141975,0.022970926016569138,0.02320302277803421,0.023086728528141975,1.240967776539037e-06,59.84136962890625,1.0,16.264575004577637,16.26457691192627
G19,adam,auto,0,85,85,2.088804244995117,0.9575212597846985,-226.55409240722656,-226.55665588378906,-226.5509490966797,-56.5,-56.5,-56.5,-54.835201263427734,57.0,-173.0,122.0,906.0,784.0,86.53421633554083,13.465783664459162,5109,1168,0,74,554.30029296875,554.3001708984375,554.3004150390625,0.023313336074352264,0.023196443915367126,0.023430733010172844,0.023313336074352264,1.5527822370131616e-06,60.37663269042969,1.0,16.45465922355652,16.45466113090515
G19,adam,auto,0,86,86,2.0898962020874023,0.9570215344429016,-226.57772827148438,-226.580322265625,-226.57452392578125,-56.5,-56.5,-56.5,-2.378999948501587,117.0,-110.0,122.0,906.0,784.0,86.53421633554083,13.465783664459162,9041,1168,0,74,554.2960205078125,554.2958984375,554.2960815429688,0.023542117327451706,0.023424120619893074,0.02366061508655548,0.023542117327451706,1.402169004904863e-06,60.916324615478516,1.0,16.647655963897705,16.647657871246338
G19,adam,auto,0,87,87,2.090988874435425,0.95652174949646,-226.6028289794922,-226.60537719726562,-226.59959411621094,-56.5,-56.5,-56.5,-11.98550033569336,104.0,-129.0,122.0,906.0,784.0,86.53421633554083,13.465783664459162,7042,1168,0,74,554.2916259765625,554.2915649414062,554.291748046875,0.023773087188601494,0.02365398034453392,0.02389269880950451,0.023773087188601494,1.039318817674939e-06,61.460472106933594,1.0,16.83608913421631,16.83609104156494
G19,adam,auto,0,88,88,2.092082977294922,0.9560220241546631,-226.62930297851562,-226.6319580078125,-226.62608337402344,-56.5,-56.5,-56.5,-165.110595703125,-58.0,-298.0,122.0,906.0,784.0,86.53421633554083,13.465783664459162,4471,1168,0,74,554.2871704101562,554.287109375,554.2872314453125,0.024006269872188568,0.023886043578386307,0.02412700094282627,0.024006269872188568,9.969257916964125e-07,62.00910949707031,1.0,17.027470111846924,17.027472019195557
G19,adam,auto,0,89,89,2.0931780338287354,0.9555222392082214,-226.6573486328125,-226.65997314453125,-226.654052734375,-56.5,-56.5,-56.5,-62.74150085449219,48.0,-176.0,122.0,906.0,784.0,86.53421633554083,13.465783664459162,494,1168,0,74,554.2825927734375,554.2825927734375,554.28271484375,0.02424168400466442,0.024120328947901726,0.024363547563552856,0.02424168400466442,1.275095428354689e-06,62.56226348876953,1.0,17.218828201293945,17.218830108642578
G19,adam,auto,0,90,90,2.0942745208740234,0.9550225138664246,-226.68675231933594,-226.689453125,-226.6834716796875,-56.5,-56.5,-56.5,-4.314700126647949,105.0,-118.0,122.0,906.0,784.0,86.53421633554083,13.465783664459162,602,1168,0,74,554.2779541015625,554.2779541015625,554.278076171875,0.024479344487190247,0.02435685321688652,0.02460234984755516,0.024479344487190247,1.1995274462606176e-06,63.119972229003906,1.0,17.40909695625305,17.40910005569458
G19,adam,auto,0,91,91,2.095371961593628,0.9545227885246277,-226.7177276611328,-226.72042846679688,-226.7144012451172,-56.5,-56.5,-56.5,-4.453499794006348,125.0,-126.0,125.0,906.0,781.0,86.20309050772627,13.79690949227373,3906,3906,0,91,554.2733154296875,554.273193359375,554.2733764648438,0.024719279259443283,0.02459564246237278,0.02484343759715557,0.024719279259443283,9.101848377213173e-07,63.68225860595703,1.0,17.601402282714844,17.601404190063477
G19,adam,auto,0,92,92,2.096470355987549,0.954023003578186,-226.750244140625,-226.75294494628906,-226.74684143066406,-56.5,-56.5,-56.5,-156.25169372558594,-18.0,-284.0,125.0,906.0,781.0,86.20309050772627,13.79690949227373,9402,3906,0,91,554.2684326171875,554.2684326171875,554.2685546875,0.024961503222584724,0.02483670972287655,0.02508682571351528,0.024961503222584724,8.268334568128921e-07,64.2491455078125,1.0000001192092896,17.792690992355347,17.79269289970398
G19,adam,auto,0,93,93,2.0975701808929443,0.9535232782363892,-226.7842254638672,-226.78695678710938,-226.78082275390625,-56.5,-56.5,-56.5,-70.21959686279297,41.0,-181.0,125.0,906.0,781.0,86.20309050772627,13.79690949227373,494,3906,0,91,554.2635498046875,554.263427734375,554.263671875,0.02520604059100151,0.025080081075429916,0.025332534685730934,0.02520604059100151,1.050107016453694e-06,64.82068634033203,1.0,17.98312211036682,17.983124017715454
G19,adam,auto,0,94,94,2.0986709594726562,0.9530234932899475,-226.81971740722656,-226.82244873046875,-226.81629943847656,-56.5,-56.5,-56.5,-5.0696001052856445,110.0,-150.0,125.0,906.0,781.0,86.20309050772627,13.79690949227373,3951,3906,0,91,554.258544921875,554.2584228515625,554.2586669921875,0.025452911853790283,0.025325771421194077,0.025580590590834618,0.025452911853790283,1.013371957014897e-06,65.39688873291016,1.0,18.17493510246277,18.1749370098114
G19,adam,auto,0,95,95,2.0997731685638428,0.9525237679481506,-226.85675048828125,-226.8594970703125,-226.8533172607422,-56.5,-56.5,-56.5,-1.0154000520706177,122.0,-115.0,125.0,906.0,781.0,86.20309050772627,13.79690949227373,8233,3906,0,91,554.25341796875,554.2533569335938,554.2535400390625,0.025702137500047684,0.025573808699846268,0.025831008329987526,0.025702137500047684,7.847208394196059e-07,65.97779846191406,1.0,18.365479946136475,18.365481853485107
G19,adam,auto,0,96,96,2.1008763313293457,0.952023983001709,-226.89535522460938,-226.89816284179688,-226.89187622070312,-56.5,-56.5,-56.5,-146.3704071044922,-30.0,-284.0,125.0,906.0,781.0,86.20309050772627,13.79690949227373,9402,3906,0,91,554.248291015625,554.2481689453125,554.2483520507812,0.025953734293580055,0.025824211537837982,0.0260838083922863,0.025953734293580055,6.99409099524928e-07,66.56343078613281,1.0,18.556101322174072,18.556103229522705
G19,adam,auto,0,97,97,2.101980686187744,0.9515242576599121,-226.93553161621094,-226.9383544921875,-226.9320068359375,-56.5,-56.5,-56.5,-73.7313003540039,36.0,-187.0,125.0,906.0,781.0,86.20309050772627,13.79690949227373,3184,3906,0,91,554.242919921875,554.2428588867188,554.2430419921875,0.026207730174064636,0.026076998561620712,0.02633901871740818,0.026207730174064636,8.710059091754374e-07,67.1538314819336,1.0,18.747281312942505,18.747283220291138
G19,adam,auto,0,98,98,2.103086233139038,0.9510245323181152,-226.9772491455078,-226.98013305664062,-226.97372436523438,-56.5,-56.5,-56.5,-3.3501999378204346,110.0,-144.0,125.0,906.0,781.0,86.20309050772627,13.79690949227373,602,3906,0,91,554.237548828125,554.2374267578125,554.2376708984375,0.026464145630598068,0.026332193985581398,0.02659665048122406,0.026464145630598068,8.491741141369857e-07,67.7490234375,0.9999999403953552,18.9378182888031,18.937820196151733
G19,adam,auto,0,99,99,2.1041929721832275,0.9505247473716736,-227.02059936523438,-227.0234375,-227.01702880859375,-56.5,-56.5,-56.5,-0.9523000121116638,137.0,-116.0,137.0,906.0,769.0,84.87858719646799,15.121412803532008,5142,5142,0,99,554.2320556640625,554.23193359375,554.232177734375,0.026722999289631844,0.02658982388675213,0.026856735348701477,0.026722999289631844,6.675711006209895e-07,68.34902954101562,1.0,19.12862229347229,19.128624200820923
G19,adam,auto,0,100,100,2.1053009033203125,0.9500250220298767,-227.06552124023438,-227.06842041015625,-227.06192016601562,-56.5,-56.5,-56.5,-138.95689392089844,-10.0,-295.0,137.0,906.0,769.0,84.87858719646799,15.121412803532008,3444,5142,0,99,554.2264404296875,554.226318359375,554.2265625,0.0269843190908432,0.026849905028939247,0.027119290083646774,0.0269843190908432,5.982774382573552e-07,68.95390319824219,1.0000001192092896,19.320682048797607,19.320684909820557
G19,adam,auto,0,101,101,2.106410026550293,0.9495252370834351,-227.11204528808594,-227.11495971679688,-227.1084442138672,-56.5,-56.5,-56.5,-71.7520980834961,41.0,-204.0,137.0,906.0,769.0,84.87858719646799,15.121412803532008,3184,5142,0,99,554.220703125,554.2205810546875,554.2208251953125,0.027248119935393333,0.027112459763884544,0.02738434076309204,0.027248119935393333,7.28222460111283e-07,69.56364440917969,1.0,19.515166997909546,19.51516890525818
G19,adam,auto,0,102,102,2.10752010345459,0.9490255117416382,-227.1602325439453,-227.16317749023438,-227.1565704345703,-56.5,-56.5,-56.5,-1.21589994430542,113.0,-117.0,137.0,906.0,769.0,84.87858719646799,15.121412803532008,425,5142,0,99,554.21484375,554.2147216796875,554.2149658203125,0.027514424175024033,0.027377508580684662,0.027651909738779068,0.027514424175024033,7.073213055264205e-07,70.17830657958984,1.0,19.710272073745728,19.71027398109436
G19,adam,auto,0,103,103,2.1086316108703613,0.9485257863998413,-227.21002197265625,-227.2130126953125,-227.20632934570312,-56.5,-56.5,-56.5,-5.202099800109863,120.0,-127.0,137.0,906.0,769.0,84.87858719646799,15.121412803532008,7694,5142,0,99,554.2089233398438,554.2088623046875,554.208984375,0.027783257886767387,0.02764507755637169,0.027922015637159348,0.027783257886767387,5.623700758405903e-07,70.79792022705078,0.9999999403953552,19.904869318008423,19.904871225357056
G19,adam,auto,0,104,104,2.109744071960449,0.9480260014533997,-227.2615203857422,-227.2645263671875,-227.25778198242188,-56.5,-56.5,-56.5,-134.89199829101562,-17.0,-275.0,137.0,906.0,769.0,84.87858719646799,15.121412803532008,4950,5142,0,99,554.202880859375,554.2027587890625,554.2029418945312,0.028054645285010338,0.02791518345475197,0.028194688260555267,0.028054645285010338,5.154634550308401e-07,71.42250061035156,1.0000001192092896,20.097440004348755,20.097441911697388
G19,adam,auto,0,105,105,2.1108577251434326,0.9475262761116028,-227.31468200683594,-227.31768798828125,-227.3109130859375,-56.5,-56.5,-56.5,-65.98930358886719,38.0,-168.0,137.0,906.0,769.0,84.87858719646799,15.121412803532008,8505,5142,0,99,554.1967163085938,554.196533203125,554.19677734375,0.028328601270914078,0.02818785421550274,0.028469938784837723,0.028328601270914078,6.124816991359694e-07,72.05209350585938,0.9999999403953552,20.288790225982666,20.2887921333313
G19,adam,auto,0,106,106,2.1119725704193115,0.9470264911651611,-227.3695068359375,-227.3725128173828,-227.36569213867188,-56.5,-56.5,-56.5,0.3215000033378601,113.0,-118.0,137.0,906.0,769.0,84.87858719646799,15.121412803532008,4891,5142,0,99,554.1904296875,554.1903076171875,554.1904907226562,0.028605157509446144,0.028463108465075493,0.02874780260026455,0.028605157509446144,5.863649903403712e-07,72.68671417236328,1.0,20.47855520248413,20.478557109832764
G19,adam,auto,0,107,107,2.113088607788086,0.9465267658233643,-227.42599487304688,-227.42909240722656,-227.42218017578125,-56.5,-56.5,-56.5,-13.805100440979004,116.0,-142.0,137.0,906.0,769.0,84.87858719646799,15.121412803532008,6325,5142,0,99,554.1840209960938,554.183837890625,554.18408203125,0.02888433262705803,0.02874097228050232,0.029028289020061493,0.02888433262705803,4.7076201781237614e-07,73.32640838623047,1.0,20.67036008834839,20.67036199569702
G19,adam,auto,0,108,108,2.114206075668335,0.9460270404815674,-227.4842071533203,-227.48727416992188,-227.4803466796875,-56.5,-56.5,-56.5,-131.86509704589844,-5.0,-260.0,137.0,906.0,769.0,84.87858719646799,15.121412803532008,1245,5142,0,99,554.1773681640625,554.1773071289062,554.177490234375,0.029166152700781822,0.02902146987617016,0.02931142784655094,0.029166152700781822,4.465705103484652e-07,73.97120666503906,1.0,20.86042022705078,20.86042308807373
G19,adam,auto,0,109,109,2.1153242588043213,0.9455272555351257,-227.5441436767578,-227.54730224609375,-227.54026794433594,-56.5,-56.5,-56.5,-58.10089874267578,55.0,-166.0,137.0,906.0,769.0,84.87858719646799,15.121412803532008,1515,5142,0,99,554.1707763671875,554.170654296875,554.1708984375,0.029450634494423866,0.02930462546646595,0.029597247019410133,0.029450634494423866,5.168109282749356e-07,74.6211166381836,1.0,21.05245018005371,21.052452087402344
G19,adam,auto,0,110,110,2.1164441108703613,0.9450275301933289,-227.60580444335938,-227.60894775390625,-227.60189819335938,-56.5,-56.5,-56.5,1.2764999866485596,120.0,-124.0,137.0,906.0,769.0,84.87858719646799,15.121412803532008,5261,5142,0,99,554.1639404296875,554.163818359375,554.1640625,0.02973780781030655,0.029590461403131485,0.02988576516509056,0.02973780781030655,4.839086500396661e-07,75.27620697021484,0.9999999403953552,21.243016004562378,21.24301791191101
G19,adam,auto,0,111,111,2.1175646781921387,0.9445277452468872,-227.66925048828125,-227.6724090576172,-227.665283203125,-56.5,-56.5,-56.5,-27.347200393676758,99.0,-151.0,137.0,906.0,769.0,84.87858719646799,15.121412803532008,9893,5142,0,99,554.156982421875,554.1568603515625,554.1571044921875,0.03002769686281681,0.029879000037908554,0.030177010223269463,0.03002769686281681,3.930272498564591e-07,75.93647003173828,1.0,21.434906244277954,21.434908151626587
G19,adam,auto,0,112,112,2.1186869144439697,0.9440280199050903,-227.73440551757812,-227.73760986328125,-227.7303924560547,-56.5,-56.5,-56.5,-126.03340148925781,-8.0,-252.0,137.0,906.0,769.0,84.87858719646799,15.121412803532008,7060,5142,0,99,554.14990234375,554.1497802734375,554.1500244140625,0.030320322141051292,0.030170265585184097,0.03047100454568863,0.030320322141051292,3.889173285642755e-07,76.60195922851562,1.0,21.62663197517395,21.626633882522583
G19,adam,auto,0,113,113,2.119810104370117,0.9435282945632935,-227.8013458251953,-227.80459594726562,-227.79733276367188,-56.5,-56.5,-56.5,-47.74549865722656,78.0,-154.0,137.0,906.0,769.0,84.87858719646799,15.121412803532008,5309,5142,0,99,554.1427001953125,554.1426391601562,554.142822265625,0.030615711584687233,0.030464276671409607,0.030767768621444702,0.030615711584687233,4.35992490110948e-07,77.272705078125,1.0000001192092896,21.821286916732788,21.82128882408142
G19,adam,auto,0,114,114,2.12093448638916,0.9430285096168518,-227.87010192871094,-227.87335205078125,-227.86602783203125,-56.5,-56.5,-56.5,1.8752000331878662,130.0,-120.0,137.0,906.0,769.0,84.87858719646799,15.121412803532008,5261,5142,0,99,554.1353759765625,554.13525390625,554.135498046875,0.030913881957530975,0.03076106309890747,0.031067335978150368,0.030913881957530975,3.973793241129897e-07,77.94872283935547,0.9999999403953552,22.007639169692993,22.007641077041626
G19,adam,auto,0,115,115,2.1220600605010986,0.9425287842750549,-227.94064331054688,-227.94390869140625,-227.93655395507812,-56.5,-56.5,-56.5,-45.930198669433594,89.0,-169.0,137.0,906.0,769.0,84.87858719646799,15.121412803532008,1979,5142,0,99,554.1279296875,554.1278076171875,554.1280517578125,0.031214864924550056,0.031060650944709778,0.031369712203741074,0.031214864924550056,3.291315238129755e-07,78.63005828857422,1.0,22.200077056884766,22.2000789642334
G19,adam,auto,0,116,116,2.1231868267059326,0.9420289993286133,-228.01300048828125,-228.01632690429688,-228.00888061523438,-56.5,-56.5,-56.5,-113.99230194091797,2.0,-240.0,137.0,906.0,769.0,84.87858719646799,15.121412803532008,9329,5142,0,99,554.1201782226562,554.1201782226562,554.1204223632812,0.03151868283748627,0.03136306256055832,0.03167494013905525,0.03151868283748627,3.3989459780059406e-07,79.31673431396484,0.9999999403953552,22.39058828353882,22.39059019088745
G19,adam,auto,0,117,117,2.124314785003662,0.9415292739868164,-228.08721923828125,-228.09060668945312,-228.08303833007812,-56.5,-56.5,-56.5,-34.710899353027344,69.0,-150.0,137.0,906.0,769.0,84.87858719646799,15.121412803532008,7333,5142,0,99,554.112548828125,554.1124267578125,554.1126708984375,0.031825363636016846,0.031668320298194885,0.031983036547899246,0.031825363636016846,3.663061249881139e-07,80.0087890625,0.9999999403953552,22.581919193267822,22.581921100616455
G19,adam,auto,0,118,118,2.125443696975708,0.9410295486450195,-228.16326904296875,-228.16665649414062,-228.15908813476562,-56.5,-56.5,-56.5,-0.10409999638795853,114.0,-149.0,137.0,906.0,769.0,84.87858719646799,15.121412803532008,9344,5142,0,99,554.1046142578125,554.1044921875,554.104736328125,0.032134924083948135,0.03197646141052246,0.032294031232595444,0.032134924083948135,3.249745645916846e-07,80.70623779296875,1.0,22.773877143859863,22.773880004882812
G19,adam,auto,0,119,119,2.1265742778778076,0.9405297636985779,-228.24114990234375,-228.2445526123047,-228.23690795898438,-56.5,-56.5,-56.5,-68.1520004272461,58.0,-216.0,137.0,906.0,769.0,84.87858719646799,15.121412803532008,4472,5142,0,99,554.0966186523438,554.096435546875,554.0966796875,0.03244739770889282,0.03228749707341194,0.032607946544885635,0.03244739770889282,2.7826595783153607e-07,81.40912628173828,1.0,22.96391725540161,22.963919162750244
G19,adam,auto,0,120,120,2.1277058124542236,0.940030038356781,-228.3209228515625,-228.3243865966797,-228.316650390625,-56.5,-56.5,-56.5,-95.73030090332031,23.0,-207.0,137.0,906.0,769.0,84.87858719646799,15.121412803532008,303,5142,0,99,554.0883178710938,554.088134765625,554.0884399414062,0.0327628068625927,0.032601457089185715,0.03292481228709221,0.0327628068625927,2.9688894187529513e-07,82.11747741699219,1.0,23.153422117233276,23.15342402458191
G19,adam,auto,0,121,121,2.128838539123535,0.9395302534103394,-228.40260314941406,-228.40602111816406,-228.39828491210938,-56.5,-56.5,-56.5,-23.00029945373535,81.0,-156.0,137.0,906.0,769.0,84.87858719646799,15.121412803532008,1447,5142,0,99,554.0798950195312,554.0797729492188,554.080078125,0.03308118134737015,0.03291836753487587,0.033244650810956955,0.03308118134737015,3.0545947993232403e-07,82.8313217163086,0.9999999403953552,23.343939065933228,23.34394097328186
G19,adam,auto,0,122,122,2.129972457885742,0.9390305280685425,-228.48614501953125,-228.48963928222656,-228.48184204101562,-56.5,-56.5,-56.5,-8.260700225830078,105.0,-142.0,137.0,906.0,769.0,84.87858719646799,15.121412803532008,2011,5142,0,99,554.0712890625,554.0712280273438,554.071533203125,0.033402539789676666,0.033238254487514496,0.033567484468221664,0.033402539789676666,2.653741262292897e-07,83.55068969726562,1.0,23.535421133041382,23.535423040390015
G19,adam,auto,0,123,123,2.131107807159424,0.9385307431221008,-228.57162475585938,-228.57518005371094,-228.56724548339844,-56.5,-56.5,-56.5,-87.37470245361328,48.0,-227.0,137.0,906.0,769.0,84.87858719646799,15.121412803532008,1562,5142,0,99,554.0626220703125,554.0625,554.0628051757812,0.033726904541254044,0.033561136573553085,0.033893339335918427,0.033726904541254044,2.387674555848207e-07,84.27560424804688,1.0,23.725529193878174,23.725532054901123
G19,adam,auto,0,124,124,2.132244110107422,0.938031017780304,-228.65902709960938,-228.66256713867188,-228.65463256835938,-56.5,-56.5,-56.5,-75.22209930419922,38.0,-184.0,137.0,906.0,769.0,84.87858719646799,15.121412803532008,545,5142,0,99,554.0537109375,554.0535888671875,554.053955078125,0.03405431658029556,0.033887047320604324,0.03422224521636963,0.03405431658029556,2.576167617007741e-07,85.00611877441406,1.0000001192092896,23.917250156402588,23.91725206375122
G19,adam,auto,0,125,125,2.1333818435668945,0.9375312924385071,-228.74835205078125,-228.751953125,-228.7439422607422,-56.5,-56.5,-56.5,-14.27299976348877,103.0,-140.0,137.0,906.0,769.0,84.87858719646799,15.121412803532008,8468,5142,0,99,554.044677734375,554.0445556640625,554.044921875,0.03438479080796242,0.0342160202562809,0.03455422818660736,0.03438479080796242,2.5228732170035073e-07,85.74224090576172,1.0,24.108742237091064,24.108744144439697
G19,adam,auto,0,126,126,2.1345205307006836,0.9370315074920654,-228.83970642089844,-228.8433074951172,-228.83526611328125,-56.5,-56.5,-56.5,-24.481000900268555,105.0,-156.0,137.0,906.0,769.0,84.87858719646799,15.121412803532008,8714,5142,0,99,554.0355224609375,554.0353393554688,554.03564453125,0.0347183533012867,0.034548070281744,0.03488931432366371,0.0347183533012867,2.1778905079372635e-07,86.48400115966797,1.0,24.299771308898926,24.29977321624756
G19,adam,auto,0,127,127,2.1356606483459473,0.9365317821502686,-228.93299865722656,-228.9366455078125,-228.92848205566406,-56.5,-56.5,-56.5,-95.67919921875,22.0,-228.0,137.0,906.0,769.0,84.87858719646799,15.121412803532008,7559,5142,0,99,554.026123046875,554.0259399414062,554.0262451171875,0.03505503758788109,0.03488323092460632,0.03522752970457077,0.03505503758788109,2.0773146047758928e-07,87.23143768310547,1.0,24.490946054458618,24.49094796180725
G19,adam,auto,0,128,128,2.1368017196655273,0.9360319972038269,-229.02830505371094,-229.031982421875,-229.0237274169922,-56.5,-56.5,-56.5,-54.46540069580078,45.0,-156.0,137.0,906.0,769.0,84.87858719646799,15.121412803532008,1300,5142,0,99,554.0164794921875,554.016357421875,554.0166625976562,0.03539486601948738,0.03522152081131935,0.03556890785694122,0.03539486601948738,2.2086911144469923e-07,87.98457336425781,1.0,24.68183398246765,24.681835889816284
G19,adam,auto,0,129,129,2.137944459915161,0.93553227186203,-229.12554931640625,-229.1292724609375,-229.12094116210938,-56.5,-56.5,-56.5,-10.911399841308594,115.0,-132.0,137.0,906.0,769.0,84.87858719646799,15.121412803532008,8636,5142,0,99,554.0067138671875,554.006591796875,554.0069580078125,0.03573787212371826,0.03556297346949577,0.03591346740722656,0.03573787212371826,2.067383491066721e-07,88.74344635009766,1.0,24.872594118118286,24.87259602546692
G19,adam,auto,0,130,130,2.1390879154205322,0.9350324869155884,-229.2248992919922,-229.22862243652344,-229.2202606201172,-56.5,-56.5,-56.5,-46.649200439453125,86.0,-178.0,137.0,906.0,769.0,84.87858719646799,15.121412803532008,1040,5142,0,99,553.996826171875,553.9966430664062,553.9969482421875,0.03608407452702522,0.03590760752558708,0.03626123443245888,0.03608407452702522,1.811078789160092e-07,89.50807189941406,0.9999999403953552,25.06381320953369,25.063815116882324
G19,adam,auto,0,131,131,2.140233039855957,0.9345327615737915,-229.3262481689453,-229.32997131347656,-229.32151794433594,-56.5,-56.5,-56.5,-88.54879760742188,32.0,-202.0,137.0,906.0,769.0,84.87858719646799,15.121412803532008,4452,5142,0,99,553.9866943359375,553.9864501953125,553.98681640625,0.03643349930644035,0.03625546023249626,0.03661223500967026,0.03643349930644035,1.8181670213834877e-07,90.27848815917969,1.0,25.254372119903564,25.254374027252197
G19,adam,auto,0,132,132,2.1413791179656982,0.9340330362319946,-229.42959594726562,-229.43338012695312,-229.42491149902344,-56.5,-56.5,-56.5,-36.242000579833984,67.0,-145.0,137.0,906.0,769.0,84.87858719646799,15.121412803532008,1092,5142,0,99,553.976318359375,553.9761962890625,553.9765014648438,0.03678618371486664,0.0366065576672554,0.03696650639176369,0.03678618371486664,1.8653867073226138e-07,91.05473327636719,0.9999999403953552,25.44577717781067,25.4457790851593
G19,adam,auto,0,133,133,2.142526388168335,0.933533251285553,-229.53509521484375,-229.53892517089844,-229.5303497314453,-56.5,-56.5,-56.5,-15.839400291442871,103.0,-140.0,137.0,906.0,769.0,84.87858719646799,15.121412803532008,9345,5142,0,99,553.9658203125,553.965576171875,553.9659423828125,0.03714215010404587,0.03696093335747719,0.037324074655771255,0.03714215010404587,1.688955393319702e-07,91.8368148803711,0.9999999403953552,25.63722014427185,25.637222051620483
G19,adam,auto,0,134,134,2.1436750888824463,0.9330335259437561,-229.64259338378906,-229.64645385742188,-229.6378173828125,-56.5,-56.5,-56.5,-67.53510284423828,62.0,-200.0,137.0,906.0,769.0,84.87858719646799,15.121412803532008,6904,5142,0,99,553.955078125,553.9548950195312,553.9552001953125,0.03750142455101013,0.037318602204322815,0.03768496587872505,0.03750142455101013,1.535968578991742e-07,92.6247787475586,1.0,25.826341152191162,25.826343059539795
G19,adam,auto,0,135,135,2.144824981689453,0.9325337409973145,-229.7522430419922,-229.7561798095703,-229.7473907470703,-56.5,-56.5,-56.5,-70.90499877929688,30.0,-182.0,137.0,906.0,769.0,84.87858719646799,15.121412803532008,242,5142,0,99,553.944091796875,553.9439697265625,553.9443359375,0.037864040583372116,0.03767959773540497,0.038049206137657166,0.037864040583372116,1.58339375389005e-07,93.41864013671875,1.0,26.01903796195984,26.01903986930847
G19,adam,auto,0,136,136,2.1459760665893555,0.9320340156555176,-229.86399841308594,-229.867919921875,-229.85914611816406,-56.5,-56.5,-56.5,-23.91080093383789,82.0,-128.0,137.0,906.0,769.0,84.87858719646799,15.121412803532008,1873,5142,0,99,553.9329833984375,553.9327392578125,553.9331665039062,0.03823002427816391,0.038043949753046036,0.03841683268547058,0.03823002427816391,1.5515098539253813e-07,94.21844482421875,1.0,26.209967136383057,26.20996904373169
G19,adam,auto,0,137,137,2.1471283435821533,0.9315342903137207,-229.97787475585938,-229.98184204101562,-229.9729766845703,-56.5,-56.5,-56.5,-29.823400497436523,85.0,-148.0,137.0,906.0,769.0,84.87858719646799,15.121412803532008,8286,5142,0,99,553.9215698242188,553.9214477539062,553.921875,0.038599397987127304,0.03841168060898781,0.038787852972745895,0.038599397987127304,1.3875666127205477e-07,95.02420806884766,0.9999999403953552,26.400002241134644,26.400004148483276
G19,adam,auto,0,138,138,2.1482818126678467,0.931034505367279,-230.09390258789062,-230.09791564941406,-230.08900451660156,-56.5,-56.5,-56.5,-76.81729888916016,65.0,-204.0,137.0,906.0,769.0,84.87858719646799,15.121412803532008,404,5142,0,99,553.9100341796875,553.909912109375,553.9102783203125,0.03897220268845558,0.03878282010555267,0.03916231170296669,0.03897220268845558,1.326705643123205e-07,95.83595275878906,0.9999999403953552,26.590479135513306,26.59048104286194
G19,adam,auto,0,139,139,2.1494367122650146,0.9305347800254822,-230.21209716796875,-230.21612548828125,-230.2071075439453,-56.5,-56.5,-56.5,-50.765899658203125,64.0,-161.0,137.0,906.0,769.0,84.87858719646799,15.121412803532008,388,5142,0,99,553.898193359375,553.8980712890625,553.8984985351562,0.039348457008600235,0.03915741294622421,0.039540234953165054,0.039348457008600235,1.35919748345259e-07,96.65371704101562,1.0,26.783138275146484,26.783141136169434
G19,adam,auto,0,140,140,2.150592803955078,0.9300349950790405,-230.3324432373047,-230.3364715576172,-230.32740783691406,-56.5,-56.5,-56.5,-20.993499755859375,104.0,-132.0,137.0,906.0,769.0,84.87858719646799,15.121412803532008,5747,5142,0,99,553.88623046875,553.8860473632812,553.8864135742188,0.03972819447517395,0.03953547030687332,0.039921656250953674,0.03972819447517395,1.2767613100095332e-07,97.47752380371094,1.0,26.975579977035522,26.97558283805847
G19,adam,auto,0,141,141,2.151749849319458,0.9295352697372437,-230.4550018310547,-230.45912170410156,-230.44992065429688,-56.5,-56.5,-56.5,-49.095001220703125,96.0,-181.0,137.0,906.0,769.0,84.87858719646799,15.121412803532008,9634,5142,0,99,553.8740234375,553.873779296875,553.8742065429688,0.040111444890499115,0.03991703316569328,0.04030660167336464,0.040111444890499115,1.1588320347755143e-07,98.30740356445312,1.0000001192092896,27.163536310195923,27.163539171218872
G19,adam,auto,0,142,142,2.1529085636138916,0.9290355443954468,-230.57972717285156,-230.5838165283203,-230.5746307373047,-56.5,-56.5,-56.5,-70.57599639892578,45.0,-178.0,137.0,906.0,769.0,84.87858719646799,15.121412803532008,6324,5142,0,99,553.8614501953125,553.861328125,553.8617553710938,0.04049823433160782,0.04030212014913559,0.040695104748010635,0.04049823433160782,1.1538468669414215e-07,99.14339447021484,1.0000001192092896,27.356271266937256,27.35627317428589
G19,adam,auto,0,143,143,2.1540682315826416,0.9285357594490051,-230.70669555664062,-230.71084594726562,-230.7015838623047,-56.5,-56.5,-56.5,-34.39789962768555,72.0,-142.0,137.0,906.0,769.0,84.87858719646799,15.121412803532008,227,5142,0,99,553.8487548828125,553.8486328125,553.8489990234375,0.04088859260082245,0.04069076478481293,0.04108717665076256,0.04088859260082245,1.1450142523017348e-07,99.98548889160156,1.0,27.54717707633972,27.547178983688354
G19,adam,auto,0,144,144,2.155229330062866,0.9280360341072083,-230.83592224121094,-230.84010314941406,-230.8307342529297,-56.5,-56.5,-56.5,-27.73349952697754,92.0,-172.0,137.0,906.0,769.0,84.87858719646799,15.121412803532008,2150,5142,0,99,553.8358154296875,553.8356323242188,553.8360595703125,0.04128255695104599,0.04108300805091858,0.04148286581039429,0.04128255695104599,1.0496994917730262e-07,100.833740234375,0.9999999403953552,27.73676109313965,27.73676300048828
G19,adam,auto,0,145,145,2.1563916206359863,0.9275362491607666,-230.9674072265625,-230.97161865234375,-230.96214294433594,-56.5,-56.5,-56.5,-63.18299865722656,64.0,-188.0,137.0,906.0,769.0,84.87858719646799,15.121412803532008,8518,5142,0,99,553.8226318359375,553.8223876953125,553.8228759765625,0.04168014973402023,0.04147886857390404,0.04188220202922821,0.04168014973402023,9.882992202392415e-08,101.68817138671875,0.9999999403953552,27.926945209503174,27.926947116851807
G19,adam,auto,0,146,146,2.157555103302002,0.9270365238189697,-231.1011505126953,-231.10533142089844,-231.09585571289062,-56.5,-56.5,-56.5,-54.147499084472656,66.0,-161.0,137.0,906.0,769.0,84.87858719646799,15.121412803532008,8233,5142,0,99,553.8092041015625,553.8089599609375,553.8094482421875,0.042081400752067566,0.04187837243080139,0.04228520765900612,0.042081400752067566,9.946025869567166e-08,102.5488052368164,0.9999999403953552,28.120222091674805,28.120224952697754
G19,adam,auto,0,147,147,2.158720016479492,0.9265367984771729,-231.23712158203125,-231.2414093017578,-231.23184204101562,-56.5,-56.5,-56.5,-27.1072998046875,84.0,-143.0,137.0,906.0,769.0,84.87858719646799,15.121412803532008,8894,5142,0,99,553.79541015625,553.7952880859375,553.7957763671875,0.04248634725809097,0.042281560599803925,0.042691919952631,0.04248634725809097,9.506487685939646e-08,103.4156723022461,1.0,28.308910131454468,28.3089120388031
G19,adam,auto,0,148,148,2.159885883331299,0.9260370135307312,-231.37547302246094,-231.3798065185547,-231.37014770507812,-56.5,-56.5,-56.5,-42.12409973144531,85.0,-165.0,137.0,906.0,769.0,84.87858719646799,15.121412803532008,3622,5142,0,99,553.781494140625,553.78125,553.78173828125,0.04289501532912254,0.04268845170736313,0.04310235753655434,0.04289501532912254,8.732901335406495e-08,104.28878021240234,1.0000001192092896,28.500237226486206,28.500240087509155
G19,adam,auto,0,149,149,2.16105318069458,0.9255372881889343,-231.51612854003906,-231.5204315185547,-231.51072692871094,-56.5,-56.5,-56.5,-62.68899917602539,52.0,-184.0,137.0,906.0,769.0,84.87858719646799,15.121412803532008,597,5142,0,99,553.7672729492188,553.76708984375,553.767578125,0.04330743849277496,0.04309908673167229,0.04351656883955002,0.04330743849277496,8.532811790473716e-08,105.1681900024414,1.0,28.691522121429443,28.691524028778076
G19,adam,auto,0,150,150,2.162221670150757,0.9250375032424927,-231.65911865234375,-231.6634979248047,-231.6536865234375,-56.5,-56.5,-56.5,-38.836299896240234,69.0,-143.0,137.0,906.0,769.0,84.87858719646799,15.121412803532008,2701,5142,0,99,553.7528076171875,553.7525634765625,553.7530517578125,0.043723639100790024,0.043513499200344086,0.043934568762779236,0.043723639100790024,8.430683351434709e-08,106.05387878417969,1.0000001192092896,28.881210327148438,28.881213188171387
G19,adam,auto,0,151,151,2.163391590118408,0.9245377779006958,-231.804443359375,-231.808837890625,-231.7989501953125,-56.5,-56.5,-56.5,-29.726499557495117,89.0,-155.0,137.0,906.0,769.0,84.87858719646799,15.121412803532008,8077,5142,0,99,553.7379760742188,553.73779296875,553.73828125,0.044143661856651306,0.043931715190410614,0.04435640573501587,0.044143661856651306,7.855690142832827e-08,106.9459228515625,0.9999998807907104,29.076693058013916,29.07669496536255
G19,adam,auto,0,152,152,2.164562702178955,0.9240380525588989,-231.9521484375,-231.95657348632812,-231.94662475585938,-56.5,-56.5,-56.5,-54.31340026855469,72.0,-177.0,137.0,906.0,769.0,84.87858719646799,15.121412803532008,8332,5142,0,99,553.722900390625,553.7227783203125,553.7232666015625,0.044567521661520004,0.04435376822948456,0.04478209465742111,0.044567521661520004,7.404586455095341e-08,107.84430694580078,1.0,29.273678302764893,29.273680210113525
G19,adam,auto,0,153,153,2.1657352447509766,0.9235382676124573,-232.10220336914062,-232.10670471191406,-232.09664916992188,-56.5,-56.5,-56.5,-51.372798919677734,72.0,-163.0,137.0,906.0,769.0,84.87858719646799,15.121412803532008,3090,5142,0,99,553.7075805664062,553.7073974609375,553.7078857421875,0.044995274394750595,0.04477967694401741,0.04521167650818825,0.044995274394750595,7.33734495383942e-08,108.74906158447266,1.0000001192092896,29.466163158416748,29.46616506576538
G19,adam,auto,0,154,154,2.1669087409973145,0.9230385422706604,-232.25473022460938,-232.25921630859375,-232.24908447265625,-56.5,-56.5,-56.5,-30.79330062866211,97.0,-179.0,137.0,906.0,769.0,84.87858719646799,15.121412803532008,8389,5142,0,99,553.6920166015625,553.6917724609375,553.6922607421875,0.045426931232213974,0.04520948603749275,0.045645177364349365,0.045426931232213974,7.039778182615919e-08,109.66022491455078,1.0,29.656898260116577,29.65690016746521
G19,adam,auto,0,155,155,2.168083667755127,0.9225387573242188,-232.40960693359375,-232.41415405273438,-232.40394592285156,-56.5,-56.5,-56.5,-39.83430099487305,101.0,-167.0,137.0,906.0,769.0,84.87858719646799,15.121412803532008,4061,5142,0,99,553.676025390625,553.6758422851562,553.6763916015625,0.04586252197623253,0.045643240213394165,0.04608263447880745,0.04586252197623253,6.548401643158286e-08,110.57780456542969,0.9999999403953552,29.851831197738647,29.85183310508728
G19,adam,auto,0,156,156,2.169259786605835,0.9220390319824219,-232.56695556640625,-232.57156372070312,-232.56126403808594,-56.5,-56.5,-56.5,-54.45690155029297,59.0,-178.0,137.0,906.0,769.0,84.87858719646799,15.121412803532008,8703,5142,0,99,553.659912109375,553.6596069335938,553.66015625,0.04630209878087044,0.04608094319701195,0.04652407765388489,0.04630209878087044,6.3562062280198e-08,111.50183868408203,1.0,30.043362140655518,30.04336404800415
G19,adam,auto,0,157,157,2.1704373359680176,0.921539306640625,-232.72674560546875,-232.73138427734375,-232.72100830078125,-56.5,-56.5,-56.5,-38.86149978637695,87.0,-153.0,137.0,906.0,769.0,84.87858719646799,15.121412803532008,8958,5142,0,99,553.643310546875,553.64306640625,553.6436767578125,0.046745672821998596,0.04652264714241028,0.046969540417194366,0.046745672821998596,6.223849879916088e-08,112.4323501586914,1.0,30.240944147109985,30.240946054458618
G19,adam,auto,0,158,158,2.1716160774230957,0.9210395216941833,-232.88900756835938,-232.89364624023438,-232.88323974609375,-56.5,-56.5,-56.5,-32.284698486328125,89.0,-155.0,137.0,906.0,769.0,84.87858719646799,15.121412803532008,2928,5142,0,99,553.6265258789062,553.626220703125,553.6268310546875,0.04719329625368118,0.04696837440133095,0.047419045120477676,0.04719329625368118,5.84616373089375e-08,113.36933135986328,0.9999999403953552,30.430835962295532,30.43083906173706
G19,adam,auto,0,159,159,2.1727960109710693,0.9205397963523865,-233.05377197265625,-233.0584259033203,-233.04794311523438,-56.5,-56.5,-56.5,-48.96879959106445,85.0,-181.0,137.0,906.0,769.0,84.87858719646799,15.121412803532008,8647,5142,0,99,553.609375,553.609130859375,553.609619140625,0.04764498397707939,0.04741816222667694,0.0478726364672184,0.04764498397707939,5.5493885042778857e-08,114.31283569335938,1.0,30.6215341091156,30.621536016464233
G19,adam,auto,0,160,160,2.1739773750305176,0.9200400114059448,-233.2209930419922,-233.22573852539062,-233.21510314941406,-56.5,-56.5,-56.5,-46.534400939941406,95.0,-173.0,137.0,906.0,769.0,84.87858719646799,15.121412803532008,2505,5142,0,99,553.5919189453125,553.5916748046875,553.5921630859375,0.048100776970386505,0.04787204787135124,0.04833034798502922,0.048100776970386505,5.4432646834357e-08,115.26287078857422,1.0,30.81157422065735,30.81157612800598
G19,adam,auto,0,161,161,2.1751599311828613,0.919540286064148,-233.39077758789062,-233.3955535888672,-233.3848419189453,-56.5,-56.5,-56.5,-32.27909851074219,83.0,-155.0,137.0,906.0,769.0,84.87858719646799,15.121412803532008,1620,5142,0,99,553.5740966796875,553.5738525390625,553.574462890625,0.04856071248650551,0.04833006113767624,0.04879220575094223,0.04856071248650551,5.2074874190566334e-08,116.21946716308594,0.9999999403953552,31.002856016159058,31.00285792350769
G19,adam,auto,0,162,162,2.1763439178466797,0.9190405011177063,-233.56304931640625,-233.56787109375,-233.55712890625,-56.5,-56.5,-56.5,-40.24700164794922,79.0,-169.0,137.0,906.0,769.0,84.87858719646799,15.121412803532008,1634,5142,0,99,553.555908203125,553.5556640625,553.5562744140625,0.04902481287717819,0.04879222810268402,0.04925825446844101,0.04902481287717819,4.8975607569445856e-08,117.18263244628906,1.0,31.193910121917725,31.193912029266357
G19,adam,auto,0,163,163,2.1775288581848145,0.9185407757759094,-233.73794555664062,-233.74276733398438,-233.73193359375,-56.5,-56.5,-56.5,-48.567901611328125,73.0,-166.0,137.0,906.0,769.0,84.87858719646799,15.121412803532008,9820,5142,0,99,553.5374755859375,553.5372314453125,553.537841796875,0.04949311912059784,0.04925858974456787,0.04972851276397705,0.04949311912059784,4.747789006387393e-08,118.15239715576172,0.9999999403953552,31.386300325393677,31.386302947998047
G19,adam,auto,0,164,164,2.178715467453003,0.9180410504341125,-233.91534423828125,-233.9202423095703,-233.9093017578125,-56.5,-56.5,-56.5,-36.5458984375,76.0,-157.0,137.0,906.0,769.0,84.87858719646799,15.121412803532008,8048,5142,0,99,553.5186767578125,553.5184326171875,553.51904296875,0.04996567219495773,0.04972917214035988,0.05020301416516304,0.04996567219495773,4.6043101775694595e-08,119.12876892089844,0.9999999403953552,31.576378107070923,31.576380014419556
G19,adam,auto,0,165,165,2.179903268814087,0.9175412654876709,-234.09535217285156,-234.1002960205078,-234.0892791748047,-56.5,-56.5,-56.5,-34.694801330566406,100.0,-155.0,137.0,906.0,769.0,84.87858719646799,15.121412803532008,4698,5142,0,99,553.49951171875,553.499267578125,553.4998779296875,0.050442490726709366,0.05020402744412422,0.05068180710077286,0.050442490726709366,4.347796789261338e-08,120.11177062988281,1.0,31.76604390144348,31.766045808792114
G19,adam,auto,0,166,166,2.1810922622680664,0.917041540145874,-234.2779998779297,-234.28294372558594,-234.2718505859375,-56.5,-56.5,-56.5,-45.35559844970703,71.0,-175.0,137.0,906.0,769.0,84.87858719646799,15.121412803532008,5864,5142,0,99,553.47998046875,553.479736328125,553.4803466796875,0.05092361569404602,0.05068317428231239,0.05116491764783859,0.05092361569404602,4.158253474884077e-08,121.10143280029297,1.0,31.959869146347046,31.959872007369995
G19,adam,auto,0,167,167,2.1822826862335205,0.9165417551994324,-234.46322631835938,-234.46823120117188,-234.45703125,-56.5,-56.5,-56.5,-40.466800689697266,74.0,-162.0,137.0,906.0,769.0,84.87858719646799,15.121412803532008,1256,5142,0,99,553.4600830078125,553.4598388671875,553.46044921875,0.05140908062458038,0.05116664618253708,0.051652390509843826,0.05140908062458038,4.045890378279182e-08,122.09776306152344,1.0,32.151599168777466,32.1516010761261
G19,adam,auto,0,168,168,2.18347430229187,0.9160420298576355,-234.65109252929688,-234.65614318847656,-234.64486694335938,-56.5,-56.5,-56.5,-32.68360137939453,88.0,-145.0,137.0,906.0,769.0,84.87858719646799,15.121412803532008,8148,5142,0,99,553.4398193359375,553.4395751953125,553.440185546875,0.05189892277121544,0.05165448039770126,0.052144233137369156,0.05189892277121544,3.859434016817431e-08,123.10077667236328,1.0,32.34116220474243,32.341164112091064
G19,adam,auto,0,169,169,2.1846671104431152,0.9155422449111938,-234.84164428710938,-234.84674072265625,-234.8353729248047,-56.5,-56.5,-56.5,-40.200801849365234,73.0,-154.0,137.0,906.0,769.0,84.87858719646799,15.121412803532008,655,5142,0,99,553.419189453125,553.4188842773438,553.4195556640625,0.05239317566156387,0.05214672163128853,0.05264050513505936,0.05239317566156387,3.66371359916684e-08,124.11048889160156,0.9999999403953552,32.532926082611084,32.53292798995972
G19,adam,auto,0,170,170,2.185861349105835,0.915042519569397,-235.03489685058594,-235.03997802734375,-235.02853393554688,-56.5,-56.5,-56.5,-42.38610076904297,69.0,-169.0,137.0,906.0,769.0,84.87858719646799,15.121412803532008,649,5142,0,99,553.398193359375,553.3978271484375,553.3985595703125,0.052891869097948074,0.052643388509750366,0.05314123257994652,0.052891869097948074,3.548881366555179e-08,125.1269302368164,1.0,32.72492599487305,32.724929094314575
G19,adam,auto,0,171,171,2.1870570182800293,0.9145427942276001,-235.23077392578125,-235.2358856201172,-235.22438049316406,-56.5,-56.5,-56.5,-33.75600051879883,81.0,-159.0,137.0,906.0,769.0,84.87858719646799,15.121412803532008,4957,5142,0,99,553.3767700195312,553.37646484375,553.377197265625,0.053395044058561325,0.05314452946186066,0.053646452724933624,0.053395044058561325,3.4150339445204736e-08,126.15010833740234,0.9999999403953552,32.916399240493774,32.916402101516724
G19,adam,auto,0,172,172,2.188253879547119,0.9140430092811584,-235.42938232421875,-235.43455505371094,-235.4229736328125,-56.5,-56.5,-56.5,-35.35380172729492,82.0,-156.0,137.0,906.0,769.0,84.87858719646799,15.121412803532008,2904,5142,0,99,553.35498046875,553.3546142578125,553.3553466796875,0.05390273407101631,0.05365016683936119,0.054156187921762466,0.05390273407101631,3.2417048601018905e-08,127.1800308227539,0.9999999403953552,33.10729718208313,33.10730004310608
G19,adam,auto,0,173,173,2.1894519329071045,0.9135432839393616,-235.63072204589844,-235.63592529296875,-235.62425231933594,-56.5,-56.5,-56.5,-41.67290115356445,79.0,-154.0,137.0,906.0,769.0,84.87858719646799,15.121412803532008,2021,5142,0,99,553.3328247070312,553.3323974609375,553.3331298828125,0.05441497266292572,0.054160356521606445,0.054670486599206924,0.05441497266292572,3.117765601245992e-08,128.2167205810547,1.0,33.297802209854126,33.29780411720276
G19,adam,auto,0,174,174,2.1906514167785645,0.9130434989929199,-235.8347930908203,-235.8400421142578,-235.82827758789062,-56.5,-56.5,-56.5,-36.1796989440918,71.0,-179.0,137.0,906.0,769.0,84.87858719646799,15.121412803532008,1807,5142,0,99,553.31005859375,553.3097534179688,553.310546875,0.054931797087192535,0.054675109684467316,0.05518938973546028,0.054931797087192535,3.012623750464627e-08,129.2601776123047,1.0,33.490363359451294,33.49036526679993
G19,adam,auto,0,175,175,2.191852331161499,0.912543773651123,-236.04165649414062,-236.04693603515625,-236.03506469726562,-56.5,-56.5,-56.5,-33.294498443603516,78.0,-159.0,137.0,906.0,769.0,84.87858719646799,15.121412803532008,803,5142,0,99,553.287109375,553.2867431640625,553.2874755859375,0.05545324087142944,0.05519447475671768,0.05571291968226433,0.05545324087142944,2.8721872880055344e-08,130.31045532226562,1.0,33.68029499053955,33.680296897888184
G19,adam,auto,0,176,176,2.193054437637329,0.9120440483093262,-236.25125122070312,-236.25657653808594,-236.24462890625,-56.5,-56.5,-56.5,-38.547298431396484,66.0,-150.0,137.0,906.0,769.0,84.87858719646799,15.121412803532008,6748,5142,0,99,553.2636108398438,553.2632446289062,553.2640380859375,0.05597934499382973,0.05571848154067993,0.05624111369252205,0.05597934499382973,2.747865224250745e-08,131.36752319335938,1.0,33.87116503715515,33.871166944503784
G19,adam,auto,0,177,177,2.194257974624634,0.9115442633628845,-236.46365356445312,-236.46905517578125,-236.45701599121094,-56.5,-56.5,-56.5,-37.132999420166016,79.0,-161.0,137.0,906.0,769.0,84.87858719646799,15.121412803532008,106,5142,0,99,553.2396240234375,553.2393798828125,553.2401123046875,0.056510135531425476,0.056247174739837646,0.05677400901913643,0.056510135531425476,2.6550162957050816e-08,132.43141174316406,0.9999999403953552,34.06147909164429,34.06148099899292
G19,adam,auto,0,178,178,2.195462703704834,0.9110445380210876,-236.67889404296875,-236.68431091308594,-236.67218017578125,-56.5,-56.5,-56.5,-32.72269821166992,96.0,-138.0,137.0,906.0,769.0,84.87858719646799,15.121412803532008,2889,5142,0,99,553.2152709960938,553.2149658203125,553.2157592773438,0.05704565718770027,0.05678058788180351,0.05731165036559105,0.05704565718770027,2.5441140749649094e-08,133.50213623046875,1.0,34.2536301612854,34.25363206863403
G19,adam,auto,0,179,179,2.196668863296509,0.910544753074646,-236.89695739746094,-236.90237426757812,-236.89016723632812,-56.5,-56.5,-56.5,-35.485599517822266,79.0,-150.0,137.0,906.0,769.0,84.87858719646799,15.121412803532008,1914,5142,0,99,553.1905517578125,553.190185546875,553.1910400390625,0.0575859434902668,0.057318754494190216,0.05785407871007919,0.0575859434902668,2.4298644873965713e-08,134.5796661376953,1.0000001192092896,34.443376302719116,34.44337821006775
G19,adam,auto,0,180,180,2.197876214981079,0.9100450277328491,-237.1178436279297,-237.1233367919922,-237.111083984375,-56.5,-56.5,-56.5,-36.88930130004883,71.0,-158.0,137.0,906.0,769.0,84.87858719646799,15.121412803532008,4324,5142,0,99,553.165283203125,553.1649169921875,553.165771484375,0.05813103914260864,0.057861700654029846,0.05840129777789116,0.05813103914260864,2.3420252404093844e-08,135.66409301757812,1.0000001192092896,34.63477420806885,34.6347770690918
G19,adam,auto,0,181,181,2.199084997177124,0.9095453023910522,-237.3416290283203,-237.34713745117188,-237.3347930908203,-56.5,-56.5,-56.5,-33.029300689697266,87.0,-152.0,137.0,906.0,769.0,84.87858719646799,15.121412803532008,7466,5142,0,99,553.1395263671875,553.13916015625,553.1400146484375,0.05868097022175789,0.05840948596596718,0.05895337089896202,0.05868097022175789,2.2527462562038636e-08,136.75535583496094,1.0,34.8306941986084,34.83069610595703
G19,adam,auto,0,182,182,2.2002949714660645,0.9090455174446106,-237.56829833984375,-237.5738525390625,-237.56138610839844,-56.5,-56.5,-56.5,-33.08440017700195,76.0,-148.0,137.0,906.0,769.0,84.87858719646799,15.121412803532008,6780,5142,0,99,553.1134033203125,553.1129760742188,553.1138916015625,0.05923577398061752,0.0589621476829052,0.05951033905148506,0.05923577398061752,2.1537109873293048e-08,137.85348510742188,1.0,35.02059602737427,35.0205979347229
G19,adam,auto,0,183,183,2.2015063762664795,0.9085457921028137,-237.7978515625,-237.803466796875,-237.79092407226562,-56.5,-56.5,-56.5,-36.35820007324219,71.0,-153.0,137.0,906.0,769.0,84.87858719646799,15.121412803532008,3158,5142,0,99,553.086669921875,553.0863037109375,553.087158203125,0.05979548767209053,0.0595196895301342,0.06007221341133118,0.05979548767209053,2.0710857029371255e-08,138.95851135253906,0.9999999403953552,35.209959983825684,35.209961891174316
G19,adam,auto,0,184,184,2.202719211578369,0.9080460071563721,-238.0303497314453,-238.0359649658203,-238.0233154296875,-56.5,-56.5,-56.5,-33.46139907836914,75.0,-138.0,137.0,906.0,769.0,84.87858719646799,15.121412803532008,1412,5142,0,99,553.0594482421875,553.05908203125,553.06005859375,0.060360152274370193,0.060082174837589264,0.06063905358314514,0.060360152274370193,1.9958083186111253e-08,140.07040405273438,1.0000001192092896,35.401018142700195,35.40102005004883
G19,adam,auto,0,185,185,2.203933000564575,0.9075462818145752,-238.26577758789062,-238.2714385986328,-238.2587432861328,-56.5,-56.5,-56.5,-31.547700881958008,96.0,-150.0,137.0,906.0,769.0,84.87858719646799,15.121412803532008,2245,5142,0,99,553.0318603515625,553.0314331054688,553.0323486328125,0.0609298050403595,0.060649655759334564,0.06121090054512024,0.0609298050403595,1.912522762381741e-08,141.18919372558594,1.0,35.59271502494812,35.59271812438965
G19,adam,auto,0,186,186,2.205148696899414,0.9070465564727783,-238.5041046142578,-238.50982666015625,-238.49700927734375,-56.5,-56.5,-56.5,-34.51190185546875,80.0,-148.0,137.0,906.0,769.0,84.87858719646799,15.121412803532008,6654,5142,0,99,553.0037231445312,553.0032348632812,553.004150390625,0.06150447949767113,0.0612221360206604,0.061787769198417664,0.06150447949767113,1.8376644206341552e-08,142.31488037109375,0.9999999403953552,35.78512001037598,35.78512191772461
G19,adam,auto,0,187,187,2.2063653469085693,0.9065467715263367,-238.74545288085938,-238.75120544433594,-238.73829650878906,-56.5,-56.5,-56.5,-32.89289855957031,81.0,-148.0,137.0,906.0,769.0,84.87858719646799,15.121412803532008,2479,5142,0,99,552.9749755859375,552.9745483398438,552.9754638671875,0.06208421289920807,0.06179965287446976,0.062369707971811295,0.06208421289920807,1.771456403787397e-08,143.4474639892578,1.0,35.97519612312317,35.9751980304718
G19,adam,auto,0,188,188,2.207583427429199,0.9060470461845398,-238.98980712890625,-238.99559020996094,-238.98257446289062,-56.5,-56.5,-56.5,-30.479000091552734,92.0,-136.0,137.0,906.0,769.0,84.87858719646799,15.121412803532008,3008,5142,0,99,552.9456787109375,552.9453125,552.9462280273438,0.0626690536737442,0.0623822957277298,0.06295676529407501,0.0626690536737442,1.7024262888298836e-08,144.58694458007812,1.0000001192092896,36.16635012626648,36.16635322570801
G19,adam,auto,0,189,189,2.2088029384613037,0.9055472612380981,-239.23712158203125,-239.24295043945312,-239.22984313964844,-56.5,-56.5,-56.5,-32.8390007019043,80.0,-158.0,137.0,906.0,769.0,84.87858719646799,15.121412803532008,8911,5142,0,99,552.916015625,552.91552734375,552.91650390625,0.06325902789831161,0.06297004222869873,0.0635489672422409,0.06325902789831161,1.636488278222714e-08,145.73333740234375,1.0,36.35766315460205,36.357665061950684
G19,adam,auto,0,190,190,2.2100236415863037,0.9050475358963013,-239.4875030517578,-239.4933624267578,-239.4801788330078,-56.5,-56.5,-56.5,-32.81340026855469,89.0,-150.0,137.0,906.0,769.0,84.87858719646799,15.121412803532008,4414,5142,0,99,552.8856201171875,552.88525390625,552.8861694335938,0.06385418027639389,0.06356296688318253,0.06414636224508286,0.06385418027639389,1.577717512191157e-08,146.88665771484375,1.0,36.54990220069885,36.5499050617218
G19,adam,auto,0,191,191,2.2112457752227783,0.9045478105545044,-239.74090576171875,-239.746826171875,-239.7335205078125,-56.5,-56.5,-56.5,-30.213499069213867,83.0,-141.0,137.0,906.0,769.0,84.87858719646799,15.121412803532008,3745,5142,0,99,552.8549194335938,552.8543701171875,552.8553466796875,0.06445454061031342,0.06416107714176178,0.06474896520376205,0.06445454061031342,1.520035475266468e-08,148.04689025878906,1.0,36.73887634277344,36.73887825012207
G19,adam,auto,0,192,192,2.2124693393707275,0.9040480256080627,-239.99734497070312,-240.00331115722656,-239.98992919921875,-56.5,-56.5,-56.5,-31.30270004272461,87.0,-155.0,137.0,906.0,769.0,84.87858719646799,15.121412803532008,8938,5142,0,99,552.8233642578125,552.822998046875,552.8239135742188,0.06506016105413437,0.06476444751024246,0.06535684317350388,0.06506016105413437,1.4634982115069306e-08,149.21401977539062,1.0,36.93019509315491,36.93019700050354
G19,adam,auto,0,193,193,2.2136940956115723,0.9035483002662659,-240.25689697265625,-240.26292419433594,-240.24942016601562,-56.5,-56.5,-56.5,-31.403200149536133,89.0,-134.0,137.0,906.0,769.0,84.87858719646799,15.121412803532008,3073,5142,0,99,552.7913818359375,552.7909545898438,552.7919311523438,0.06567106395959854,0.06537310034036636,0.06597001850605011,0.06567106395959854,1.4117653712730771e-08,150.38807678222656,1.0,37.12137818336487,37.12138104438782
G19,adam,auto,0,194,194,2.2149205207824707,0.9030485153198242,-240.51950073242188,-240.52554321289062,-240.51197814941406,-56.5,-56.5,-56.5,-29.82309913635254,87.0,-170.0,137.0,906.0,769.0,84.87858719646799,15.121412803532008,242,5142,0,99,552.7587890625,552.7584228515625,552.7593994140625,0.06628730148077011,0.06598706543445587,0.06658852100372314,0.06628730148077011,1.362720869479972e-08,151.56903076171875,1.0,37.31240129470825,37.312403202056885
G19,adam,auto,0,195,195,2.2161478996276855,0.9025487899780273,-240.78529357910156,-240.7913818359375,-240.7777099609375,-56.5,-56.5,-56.5,-29.495800018310547,92.0,-156.0,137.0,906.0,769.0,84.87858719646799,15.121412803532008,5180,5142,0,99,552.7257080078125,552.7251586914062,552.7262573242188,0.06690891087055206,0.06660639494657516,0.06721241027116776,0.06690891087055206,1.3149469957340898e-08,152.7569122314453,1.0,37.50232410430908,37.502326011657715
G19,adam,auto,0,196,196,2.217376708984375,0.9020490050315857,-241.05416870117188,-241.06027221679688,-241.0465545654297,-56.5,-56.5,-56.5,-29.364099502563477,109.0,-146.0,137.0,906.0,769.0,84.87858719646799,15.121412803532008,4724,5142,0,99,552.69189453125,552.69140625,552.6924438476562,0.06753592193126678,0.06723112612962723,0.06784171611070633,0.06753592193126678,1.2700930973608138e-08,153.95169067382812,1.0,37.697824001312256,37.69782590866089
G19,adam,auto,0,197,197,2.218607187271118,0.9015492796897888,-241.32620239257812,-241.33233642578125,-241.31849670410156,-56.5,-56.5,-56.5,-28.585100173950195,85.0,-146.0,137.0,906.0,769.0,84.87858719646799,15.121412803532008,9392,5142,0,99,552.657470703125,552.6570434570312,552.6581420898438,0.06816838681697845,0.06786128878593445,0.06847646832466125,0.06816838681697845,1.2284217199010072e-08,155.15338134765625,1.0,37.88778233528137,37.887784242630005
G19,adam,auto,0,198,198,2.219838857650757,0.9010495543479919,-241.60137939453125,-241.6075897216797,-241.59365844726562,-56.5,-56.5,-56.5,-28.44070053100586,78.0,-137.0,137.0,906.0,769.0,84.87858719646799,15.121412803532008,2817,5142,0,99,552.6224975585938,552.6220092773438,552.6231079101562,0.06880633533000946,0.068496935069561,0.06911671906709671,0.06880633533000946,1.1881304828875727e-08,156.36196899414062,1.0000001192092896,38.07708406448364,38.077085971832275
G19,adam,auto,0,199,199,2.22107195854187,0.9005497694015503,-241.87973022460938,-241.88597106933594,-241.87196350097656,-56.5,-56.5,-56.5,-28.062299728393555,90.0,-157.0,137.0,906.0,769.0,84.87858719646799,15.121412803532008,9225,5142,0,99,552.5869140625,552.5863647460938,552.5874633789062,0.06944980472326279,0.06913810223340988,0.06976250559091568,0.06944980472326279,1.149371264830279e-08,157.5774383544922,0.9999999403953552,38.26962113380432,38.269623041152954
G19,adam,auto,0,200,200,2.222306251525879,0.9000500440597534,-242.1613311767578,-242.16761779785156,-242.1534881591797,-56.5,-56.5,-56.5,-27.992000579833984,80.0,-155.0,137.0,906.0,769.0,84.87858719646799,15.121412803532008,447,5142,0,99,552.550537109375,552.550048828125,552.5512084960938,0.07009884715080261,0.06978481262922287,0.07041385024785995,0.07009884715080261,1.1139815292438016e-08,158.7998046875,0.9999999403953552,38.46004819869995,38.460050106048584
G19,adam,auto,0,201,201,2.2235419750213623,0.8995502591133118,-242.4461212158203,-242.4524383544922,-242.43824768066406,-56.5,-56.5,-56.5,-27.70840072631836,92.0,-151.0,137.0,906.0,769.0,84.87858719646799,15.121412803532008,3319,5142,0,99,552.513671875,552.5131225585938,552.5142822265625,0.07075348496437073,0.07043714076280594,0.07107082009315491,0.07075348496437073,1.0799819705198388e-08,160.02903747558594,0.9999999403953552,38.6574501991272,38.65745210647583
G19,adam,auto,0,202,202,2.2247791290283203,0.8990505337715149,-242.73414611816406,-242.74050903320312,-242.72622680664062,-56.5,-56.5,-56.5,-28.309799194335938,92.0,-142.0,137.0,906.0,769.0,84.87858719646799,15.121412803532008,1666,5142,0,99,552.4760131835938,552.4754638671875,552.4766845703125,0.07141376286745071,0.07109509408473969,0.07173344492912292,0.07141376286745071,1.0470964539877059e-08,161.26515197753906,1.0,38.852699279785156,38.85270118713379
G19,adam,auto,0,203,203,2.226017713546753,0.8985507488250732,-243.02542114257812,-243.03182983398438,-243.0174560546875,-56.5,-56.5,-56.5,-28.979299545288086,84.0,-141.0,137.0,906.0,769.0,84.87858719646799,15.121412803532008,8823,5142,0,99,552.437744140625,552.4371948242188,552.4383544921875,0.07207973301410675,0.07175871729850769,0.0724017471075058,0.07207973301410675,1.0168406561206211e-08,162.50811767578125,1.0,39.04357409477234,39.04357600212097
G19,adam,auto,0,204,204,2.227257490158081,0.8980510234832764,-243.32000732421875,-243.32644653320312,-243.31195068359375,-56.5,-56.5,-56.5,-29.645000457763672,95.0,-135.0,137.0,906.0,769.0,84.87858719646799,15.121412803532008,1223,5142,0,99,552.398681640625,552.398193359375,552.3994140625,0.07275142520666122,0.07242807000875473,0.0730757787823677,0.07275142520666122,9.880153584163054e-09,163.7579345703125,1.0,39.23577809333801,39.23578119277954
G19,adam,auto,0,205,205,2.228498935699463,0.8975512981414795,-243.6177978515625,-243.62428283691406,-243.60972595214844,-56.5,-56.5,-56.5,-30.13610076904297,80.0,-161.0,137.0,906.0,769.0,84.87858719646799,15.121412803532008,5496,5142,0,99,552.3590087890625,552.3584594726562,552.3597412109375,0.07342887669801712,0.0731031745672226,0.07375559210777283,0.07342887669801712,9.603715156458748e-09,165.01458740234375,1.0,39.42674994468689,39.42675185203552
G19,adam,auto,0,206,206,2.2297415733337402,0.8970515131950378,-243.9189453125,-243.9254608154297,-243.91082763671875,-56.5,-56.5,-56.5,-32.38719940185547,84.0,-143.0,137.0,906.0,769.0,84.87858719646799,15.121412803532008,2040,5142,0,99,552.318603515625,552.318115234375,552.3193359375,0.07411213964223862,0.07378407567739487,0.07444121688604355,0.07411213964223862,9.34748012326736e-09,166.27806091308594,1.0,39.618916273117065,39.6189181804657
G19,adam,auto,0,207,207,2.230985641479492,0.896551787853241,-244.22340393066406,-244.22998046875,-244.21522521972656,-56.5,-56.5,-56.5,-33.50630187988281,82.0,-150.0,137.0,906.0,769.0,84.87858719646799,15.121412803532008,4845,5142,0,99,552.277587890625,552.2769775390625,552.2782592773438,0.0748012512922287,0.07447081804275513,0.07513268291950226,0.0748012512922287,9.106008391768228e-09,167.54835510253906,1.0,39.80993103981018,39.80993294715881
G19,adam,auto,0,208,208,2.2322309017181396,0.8960520029067993,-244.53125,-244.537841796875,-244.52301025390625,-56.5,-56.5,-56.5,-35.37670135498047,82.0,-166.0,137.0,906.0,769.0,84.87858719646799,15.121412803532008,3903,5142,0,99,552.2357177734375,552.235107421875,552.2364501953125,0.07549624145030975,0.07516343891620636,0.07583004981279373,0.07549624145030975,8.876234858234966e-09,168.82540893554688,1.0,40.00199913978577,40.0020010471344
G19,adam,auto,0,209,209,2.233477830886841,0.8955522775650024,-244.84237670898438,-244.84902954101562,-244.83412170410156,-56.5,-56.5,-56.5,-38.029300689697266,82.0,-169.0,137.0,906.0,769.0,84.87858719646799,15.121412803532008,5485,5142,0,99,552.193115234375,552.1924438476562,552.19384765625,0.07619715481996536,0.07586196810007095,0.07653333991765976,0.07619715481996536,8.663517903073625e-09,170.10926818847656,1.0,40.19634222984314,40.19634413719177
G19,adam,auto,0,210,210,2.2347259521484375,0.8950525522232056,-245.1569061279297,-245.16358947753906,-245.14859008789062,-56.5,-56.5,-56.5,-40.72010040283203,86.0,-147.0,137.0,906.0,769.0,84.87858719646799,15.121412803532008,3135,5142,0,99,552.1497192382812,552.1490478515625,552.1504516601562,0.07690402865409851,0.07656648010015488,0.07724260538816452,0.07690402865409851,8.466486178804189e-09,171.39987182617188,1.0,40.3932249546051,40.39322805404663
G19,adam,auto,0,211,211,2.235975503921509,0.8945527672767639,-245.474853515625,-245.48153686523438,-245.46646118164062,-56.5,-56.5,-56.5,-43.62519836425781,86.0,-180.0,137.0,906.0,769.0,84.87858719646799,15.121412803532008,6333,5142,0,99,552.1055908203125,552.1049194335938,552.1063232421875,0.07761692255735397,0.07727697491645813,0.0779578909277916,0.07761692255735397,8.281650032415655e-09,172.6972198486328,1.0,40.605019330978394,40.605021238327026
G19,adam,auto,0,212,212,2.237226724624634,0.894053041934967,-245.796142578125,-245.80291748046875,-245.7877197265625,-56.5,-56.5,-56.5,-47.3838005065918,89.0,-181.0,137.0,906.0,769.0,84.87858719646799,15.121412803532008,2141,5142,0,99,552.060546875,552.0599975585938,552.0614013671875,0.07833585888147354,0.07799351215362549,0.07867921888828278,0.07833585888147354,8.10996958477972e-09,174.00128173828125,1.0,40.7919340133667,40.79193687438965
G19,adam,auto,0,213,213,2.2384791374206543,0.8935532569885254,-246.12088012695312,-246.12771606445312,-246.11239624023438,-56.5,-56.5,-56.5,-51.19670104980469,75.0,-175.0,137.0,906.0,769.0,84.87858719646799,15.121412803532008,4855,5142,0,99,552.014892578125,552.0142211914062,552.015625,0.0790608823299408,0.07871614396572113,0.07940664142370224,0.0790608823299408,7.959235048815572e-09,175.31202697753906,1.0,40.98477005958557,40.984771966934204
G19,adam,auto,0,214,214,2.2397329807281494,0.8930535316467285,-246.4490509033203,-246.45591735839844,-246.4405059814453,-56.5,-56.5,-56.5,-55.113399505615234,65.0,-181.0,137.0,906.0,769.0,84.87858719646799,15.121412803532008,9389,5142,0,99,551.9683227539062,551.9676513671875,551.9691162109375,0.07979203015565872,0.07944488525390625,0.08014021068811417,0.07979203015565872,7.814900726543783e-09,176.6294708251953,1.0,41.185405015945435,41.18540692329407
G19,adam,auto,0,215,215,2.240988254547119,0.8925538063049316,-246.78070068359375,-246.78762817382812,-246.77212524414062,-56.5,-56.5,-56.5,-59.406700134277344,61.0,-179.0,137.0,906.0,769.0,84.87858719646799,15.121412803532008,1427,5142,0,99,551.9208984375,551.9202270507812,551.9217529296875,0.0805293619632721,0.08017979562282562,0.08087993413209915,0.0805293619632721,7.688036873787496e-09,177.95355224609375,1.0,41.368369340896606,41.36837124824524
G19,adam,auto,0,216,216,2.2422449588775635,0.89205402135849,-247.1157989501953,-247.12274169921875,-247.10716247558594,-56.5,-56.5,-56.5,-64.05650329589844,46.0,-179.0,137.0,906.0,769.0,84.87858719646799,15.121412803532008,3356,5142,0,99,551.8726806640625,551.8720092773438,551.87353515625,0.08127289265394211,0.08092092722654343,0.08162589371204376,0.08127289265394211,7.577299676597704e-09,179.2842559814453,1.0,41.565457344055176,41.56545925140381
G19,adam,auto,0,217,217,2.2435028553009033,0.8915542960166931,-247.4544219970703,-247.46141052246094,-247.44573974609375,-56.5,-56.5,-56.5,-69.3010025024414,50.0,-220.0,137.0,906.0,769.0,84.87858719646799,15.121412803532008,6526,5142,0,99,551.8236083984375,551.8229370117188,551.824462890625,0.08202268928289413,0.08166829496622086,0.082378089427948,0.08202268928289413,7.47693551517159e-09,180.62155151367188,1.0,41.75093626976013,41.750938177108765
G19,adam,auto,0,218,218,2.244762420654297,0.8910545110702515,-247.79649353027344,-247.8035430908203,-247.78778076171875,-56.5,-56.5,-56.5,-73.9801025390625,52.0,-189.0,137.0,906.0,769.0,84.87858719646799,15.121412803532008,7002,5142,0,99,551.773681640625,551.77294921875,551.7745361328125,0.08277876675128937,0.08242196589708328,0.08313658833503723,0.08277876675128937,7.392903178526922e-09,181.9654083251953,1.0000001192092896,41.94218111038208,41.94218301773071
G19,adam,auto,0,219,219,2.246023178100586,0.8905547857284546,-248.14215087890625,-248.1492156982422,-248.13339233398438,-56.5,-56.5,-56.5,-79.2468032836914,64.0,-202.0,137.0,906.0,769.0,84.87858719646799,15.121412803532008,8603,5142,0,99,551.7227783203125,551.7221069335938,551.7236938476562,0.08354117721319199,0.0831819623708725,0.08390142768621445,0.08354117721319199,7.325087647558348e-09,183.31581115722656,1.0,42.1332471370697,42.133249044418335
G19,adam,auto,0,220,220,2.2472856044769287,0.8900550603866577,-248.49130249023438,-248.4984130859375,-248.48248291015625,-56.5,-56.5,-56.5,-84.57820129394531,31.0,-221.0,137.0,906.0,769.0,84.87858719646799,15.121412803532008,5944,5142,0,99,551.6710205078125,551.6703491210938,551.6719970703125,0.08430997282266617,0.08394832164049149,0.08467264473438263,0.08430997282266617,7.267250357045896e-09,184.6727294921875,1.0,42.325796127319336,42.32579803466797
G19,adam,auto,0,221,221,2.248549222946167,0.8895552754402161,-248.84405517578125,-248.8511962890625,-248.8351593017578,-56.5,-56.5,-56.5,-89.92430114746094,30.0,-214.0,137.0,906.0,769.0,84.87858719646799,15.121412803532008,4837,5142,0,99,551.618408203125,551.61767578125,551.6193237304688,0.0850851908326149,0.08472111076116562,0.08545029163360596,0.0850851908326149,7.222596742906262e-09,186.03610229492188,0.9999999403953552,42.51391625404358,42.51391887664795
G19,adam,auto,0,222,222,2.24981427192688,0.8890555500984192,-249.20034790039062,-249.20753479003906,-249.19140625,-56.5,-56.5,-56.5,-95.28710174560547,32.0,-220.0,137.0,906.0,769.0,84.87858719646799,15.121412803532008,1481,5142,0,99,551.5648803710938,551.5640869140625,551.5657348632812,0.08586686104536057,0.08550034463405609,0.08623439073562622,0.08586686104536057,7.192094031438501e-09,187.4059295654297,1.0,42.70760917663574,42.707611083984375
G19,adam,auto,0,223,223,2.2510809898376465,0.8885557651519775,-249.56019592285156,-249.56744384765625,-249.55120849609375,-56.5,-56.5,-56.5,-100.42510223388672,20.0,-216.0,137.0,906.0,769.0,84.87858719646799,15.121412803532008,9219,5142,0,99,551.5103149414062,551.5095825195312,551.51123046875,0.08665502816438675,0.08628609776496887,0.087024986743927,0.08665502816438675,7.173114102698719e-09,188.78213500976562,1.0,42.89851713180542,42.89851903915405
G19,adam,auto,0,224,224,2.2523488998413086,0.8880560398101807,-249.9237060546875,-249.9309539794922,-249.9146270751953,-56.5,-56.5,-56.5,-105.21379852294922,23.0,-217.0,137.0,906.0,769.0,84.87858719646799,15.121412803532008,9656,5142,0,99,551.4547729492188,551.4540405273438,551.455810546875,0.08744975179433823,0.08707837760448456,0.08782213181257248,0.08744975179433823,7.161994108884073e-09,190.16473388671875,1.0,43.08965301513672,43.08965492248535
G19,adam,auto,0,225,225,2.2536182403564453,0.8875563144683838,-250.29080200195312,-250.298095703125,-250.28170776367188,-56.5,-56.5,-56.5,-110.08329772949219,10.0,-237.0,137.0,906.0,769.0,84.87858719646799,15.121412803532008,6116,5142,0,99,551.3983764648438,551.3975830078125,551.3993530273438,0.08825104683637619,0.08787723630666733,0.08862587064504623,0.08825104683637619,7.169832283437927e-09,191.5536651611328,1.0,43.28102517127991,43.28102707862854
G19,adam,auto,0,226,226,2.2548890113830566,0.8870565295219421,-250.66152954101562,-250.6688690185547,-250.65240478515625,-56.5,-56.5,-56.5,-115.14779663085938,6.0,-242.0,137.0,906.0,769.0,84.87858719646799,15.121412803532008,6152,5142,0,99,551.3408813476562,551.3401489257812,551.3418579101562,0.08905896544456482,0.08868273347616196,0.08943622559309006,0.08905896544456482,7.1835377646323195e-09,192.94886779785156,1.0,43.473406076431274,43.47340798377991
G19,adam,auto,0,227,227,2.2561614513397217,0.8865568041801453,-251.03587341308594,-251.0432891845703,-251.02667236328125,-56.5,-56.5,-56.5,-120.1688003540039,33.0,-249.0,137.0,906.0,769.0,84.87858719646799,15.121412803532008,852,5142,0,99,551.282470703125,551.2816772460938,551.283447265625,0.08987355977296829,0.08949488401412964,0.09025324136018753,0.08987355977296829,7.206299112993975e-09,194.35032653808594,1.0,43.66377401351929,43.66377592086792
G19,adam,auto,0,228,228,2.2574350833892822,0.8860570192337036,-251.41395568847656,-251.42137145996094,-251.40467834472656,-56.5,-56.5,-56.5,-124.72460174560547,-4.0,-255.0,137.0,906.0,769.0,84.87858719646799,15.121412803532008,547,5142,0,99,551.2230224609375,551.2221069335938,551.2239379882812,0.0906948670744896,0.09031375497579575,0.09107697755098343,0.0906948670744896,7.244567168385174e-09,195.7579803466797,1.0,43.854894161224365,43.854896068573
G19,adam,auto,0,229,229,2.2587103843688965,0.8855572938919067,-251.79562377929688,-251.80307006835938,-251.7863006591797,-56.5,-56.5,-56.5,-128.78379821777344,-1.0,-280.0,137.0,906.0,769.0,84.87858719646799,15.121412803532008,8169,5142,0,99,551.1624755859375,551.1615600585938,551.1635131835938,0.09152292460203171,0.09113937616348267,0.09190747886896133,0.09152292460203171,7.283324165996419e-09,197.17181396484375,0.9999999403953552,44.044785261154175,44.04478716850281
G19,adam,auto,0,230,230,2.2599868774414062,0.8850575685501099,-252.18104553222656,-252.18853759765625,-252.17172241210938,-56.5,-56.5,-56.5,-132.52890014648438,3.0,-284.0,137.0,906.0,769.0,84.87858719646799,15.121412803532008,6334,5142,0,99,551.100830078125,551.1000366210938,551.1018676757812,0.09235776215791702,0.09197176992893219,0.09274475276470184,0.09235776215791702,7.339094665326229e-09,198.5917510986328,1.0,44.23539614677429,44.235398054122925
G19,adam,auto,0,231,231,2.2612650394439697,0.8845577836036682,-252.5701446533203,-252.57769775390625,-252.56072998046875,-56.5,-56.5,-56.5,-136.1291961669922,7.0,-267.0,137.0,906.0,769.0,84.87858719646799,15.121412803532008,6238,5142,0,99,551.0382080078125,551.037353515625,551.0392456054688,0.09319944679737091,0.09281101822853088,0.09358887374401093,0.09319944679737091,7.401072199542114e-09,200.0177459716797,1.0,44.42723894119263,44.42724084854126
G19,adam,auto,0,232,232,2.2625443935394287,0.8840580582618713,-252.96299743652344,-252.9705810546875,-252.9535369873047,-56.5,-56.5,-56.5,-139.67669677734375,-21.0,-262.0,137.0,906.0,769.0,84.87858719646799,15.121412803532008,6444,5142,0,99,550.9744873046875,550.9735717773438,550.9755249023438,0.09404800087213516,0.09365713596343994,0.09443984925746918,0.09404800087213516,7.467881424361167e-09,201.44976806640625,1.0,44.619715213775635,44.61971712112427
G19,adam,auto,0,233,233,2.2638254165649414,0.8835582733154297,-253.3595428466797,-253.36717224121094,-253.3500518798828,-56.5,-56.5,-56.5,-141.8975067138672,-17.0,-271.0,137.0,906.0,769.0,84.87858719646799,15.121412803532008,7151,5142,0,99,550.9097290039062,550.9087524414062,550.9107055664062,0.09490346908569336,0.09451018273830414,0.09529774636030197,0.09490346908569336,7.546534952496131e-09,202.8877410888672,0.9999999403953552,44.80954599380493,44.809547901153564
G19,adam,auto,0,234,234,2.2651078701019287,0.8830585479736328,-253.75987243652344,-253.76754760742188,-253.75030517578125,-56.5,-56.5,-56.5,-145.19309997558594,-17.0,-268.0,137.0,906.0,769.0,84.87858719646799,15.121412803532008,5171,5142,0,99,550.8436279296875,550.8427734375,550.8447265625,0.09576588869094849,0.09537016600370407,0.09616260230541229,0.09576588869094849,7.6278396932139e-09,204.33163452148438,1.0,44.999974966049194,44.99997806549072
G19,adam,auto,0,235,235,2.2663917541503906,0.8825587630271912,-254.16395568847656,-254.17169189453125,-254.15435791015625,-56.5,-56.5,-56.5,-147.1042938232422,-10.0,-260.0,137.0,906.0,769.0,84.87858719646799,15.121412803532008,1727,5142,0,99,550.7764892578125,550.775634765625,550.7776489257812,0.09663532674312592,0.0962371826171875,0.09703444689512253,0.09663532674312592,7.713921057472817e-09,205.78138732910156,1.0,45.19252109527588,45.19252300262451
G19,adam,auto,0,236,236,2.267676830291748,0.8820590376853943,-254.5718536376953,-254.57962036132812,-254.56219482421875,-56.5,-56.5,-56.5,-148.80259704589844,-28.0,-271.0,137.0,906.0,769.0,84.87858719646799,15.121412803532008,1153,5142,0,99,550.708251953125,550.7073364257812,550.7093505859375,0.09751179814338684,0.09711123257875443,0.09791336208581924,0.09751179814338684,7.812920976846272e-09,207.23695373535156,0.9999999403953552,45.38333225250244,45.383334159851074
G19,adam,auto,0,237,237,2.268963575363159,0.8815592527389526,-254.98350524902344,-254.99130249023438,-254.97378540039062,-56.5,-56.5,-56.5,-149.79539489746094,-14.0,-281.0,137.0,906.0,769.0,84.87858719646799,15.121412803532008,6334,5142,0,99,550.6387939453125,550.6378173828125,550.6399536132812,0.09839536249637604,0.09799235314130783,0.09879933297634125,0.09839536249637604,7.908822041713393e-09,208.69825744628906,1.0,45.576396226882935,45.57639813423157
G19,adam,auto,0,238,238,2.270251989364624,0.8810595273971558,-255.39895629882812,-255.40676879882812,-255.38922119140625,-56.5,-56.5,-56.5,-150.88299560546875,-21.0,-260.0,137.0,906.0,769.0,84.87858719646799,15.121412803532008,6394,5142,0,99,550.568115234375,550.567138671875,550.5693359375,0.0992860347032547,0.09888061881065369,0.09969242662191391,0.0992860347032547,8.012419172587215e-09,210.1652374267578,1.0,45.76751208305359,45.76751399040222
G19,adam,auto,0,239,239,2.2715415954589844,0.8805598020553589,-255.81825256347656,-255.82611083984375,-255.8084716796875,-56.5,-56.5,-56.5,-151.55020141601562,-29.0,-287.0,137.0,906.0,769.0,84.87858719646799,15.121412803532008,7060,5142,0,99,550.4962158203125,550.4953002929688,550.4974365234375,0.1001838892698288,0.09977605193853378,0.10059268027544022,0.1001838892698288,8.118240302223967e-09,211.63784790039062,1.0,45.95809316635132,45.95809602737427
G19,adam,auto,0,240,240,2.2728326320648193,0.8800600171089172,-256.24139404296875,-256.2492980957031,-256.2315368652344,-56.5,-56.5,-56.5,-151.59320068359375,-22.0,-275.0,137.0,906.0,769.0,84.87858719646799,15.121412803532008,1149,5142,0,99,550.423095703125,550.4221801757812,550.42431640625,0.10108893364667892,0.1006786972284317,0.10150014609098434,0.10108893364667892,8.225526926253224e-09,213.1160125732422,1.0,46.15047216415405,46.150474071502686
G19,adam,auto,0,241,241,2.274125337600708,0.8795602917671204,-256.6683349609375,-256.6763000488281,-256.658447265625,-56.5,-56.5,-56.5,-152.0782012939453,-32.0,-276.0,137.0,906.0,769.0,84.87858719646799,15.121412803532008,6377,5142,0,99,550.3487548828125,550.3477783203125,550.3499755859375,0.10200124233961105,0.10158859193325043,0.10241483896970749,0.10200124233961105,8.33977420455767e-09,214.5996856689453,1.0,46.34178423881531,46.34178614616394
G19,adam,auto,0,242,242,2.2754194736480713,0.8790605068206787,-257.0991516113281,-257.1071472167969,-257.0892028808594,-56.5,-56.5,-56.5,-151.67039489746094,-38.0,-269.0,137.0,906.0,769.0,84.87858719646799,15.121412803532008,1046,5142,0,99,550.2730712890625,550.2720947265625,550.2744140625,0.10292084515094757,0.10250579565763474,0.10333684086799622,0.10292084515094757,8.452254895985334e-09,216.08877563476562,1.0,46.531875133514404,46.53187704086304
G19,adam,auto,0,243,243,2.276715040206909,0.8785607814788818,-257.53387451171875,-257.5418701171875,-257.5238952636719,-56.5,-56.5,-56.5,-151.46969604492188,-29.0,-265.0,137.0,906.0,769.0,84.87858719646799,15.121412803532008,9843,5142,0,99,550.1962280273438,550.1951904296875,550.1974487304688,0.10384776443243027,0.10343032330274582,0.10426615178585052,0.10384776443243027,8.567022646843725e-09,217.583251953125,1.0000001192092896,46.72445797920227,46.7244598865509
G19,adam,auto,0,244,244,2.2780120372772217,0.878061056137085,-257.9724426269531,-257.98052978515625,-257.96240234375,-56.5,-56.5,-56.5,-150.71620178222656,-20.0,-294.0,137.0,906.0,769.0,84.87858719646799,15.121412803532008,7698,5142,0,99,550.117919921875,550.116943359375,550.1192016601562,0.10478206723928452,0.10436225682497025,0.10520283132791519,0.10478206723928452,8.68423821742681e-09,219.08299255371094,1.0,46.916293144226074,46.91629505157471
G19,adam,auto,0,245,245,2.279310464859009,0.8775612711906433,-258.4149475097656,-258.4230651855469,-258.40484619140625,-56.5,-56.5,-56.5,-149.72850036621094,-26.0,-257.0,137.0,906.0,769.0,84.87858719646799,15.121412803532008,9103,5142,0,99,550.038330078125,550.0372924804688,550.0396728515625,0.1057237833738327,0.10530158132314682,0.1061469167470932,0.1057237833738327,8.799252881885877e-09,220.5879364013672,0.9999999403953552,47.107545137405396,47.10754704475403
G19,adam,auto,0,246,246,2.2806105613708496,0.8770615458488464,-258.8612976074219,-258.86944580078125,-258.8511962890625,-56.5,-56.5,-56.5,-149.05450439453125,-39.0,-276.0,137.0,906.0,769.0,84.87858719646799,15.121412803532008,4559,5142,0,99,549.9573974609375,549.9563598632812,549.958740234375,0.10667295008897781,0.1062483936548233,0.10709845274686813,0.10667295008897781,8.91540974379268e-09,222.09805297851562,0.9999999403953552,47.298516035079956,47.29851794242859
G19,adam,auto,0,247,247,2.281912088394165,0.8765617609024048,-259.3116149902344,-259.31982421875,-259.30145263671875,-56.5,-56.5,-56.5,-148.2230987548828,-21.0,-264.0,137.0,906.0,769.0,84.87858719646799,15.121412803532008,8679,5142,0,99,549.8751220703125,549.8740234375,549.87646484375,0.10762962698936462,0.1072026938199997,0.10805746167898178,0.10762962698936462,9.033972681038449e-09,223.6132049560547,1.0000001192092896,47.49019908905029,47.490200996398926
G19,adam,auto,0,248,248,2.283214807510376,0.8760620355606079,-259.7658996582031,-259.77410888671875,-259.75567626953125,-56.5,-56.5,-56.5,-146.3408966064453,-30.0,-275.0,137.0,906.0,769.0,84.87858719646799,15.121412803532008,6391,5142,0,99,549.7913818359375,549.790283203125,549.792724609375,0.10859382897615433,0.10816454887390137,0.10902401804924011,0.10859382897615433,9.143326096250348e-09,225.1333770751953,0.9999999403953552,47.68217134475708,47.68217325210571
G19,adam,auto,0,249,249,2.2845194339752197,0.875562310218811,-260.22406005859375,-260.2322998046875,-260.21380615234375,-56.5,-56.5,-56.5,-144.9239959716797,-31.0,-277.0,137.0,906.0,769.0,84.87858719646799,15.121412803532008,9335,5142,0,99,549.7061767578125,549.705078125,549.7075805664062,0.1095656007528305,0.10913398116827011,0.10999812185764313,0.1095656007528305,9.262084432748452e-09,226.65846252441406,0.9999999403953552,47.87147498130798,47.871476888656616
G19,adam,auto,0,250,250,2.285825490951538,0.8750625252723694,-260.6861877441406,-260.6944580078125,-260.67584228515625,-56.5,-56.5,-56.5,-143.80479431152344,-30.0,-258.0,137.0,906.0,769.0,84.87858719646799,15.121412803532008,2218,5142,0,99,549.61962890625,549.6185302734375,549.6210327148438,0.11054500192403793,0.1101110503077507,0.1109798476099968,0.11054500192403793,9.37466726469438e-09,228.1883544921875,0.9999999403953552,48.06337308883667,48.0633749961853
G19,adam,auto,0,251,251,2.287132740020752,0.8745627999305725,-261.1523132324219,-261.1606140136719,-261.1419372558594,-56.5,-56.5,-56.5,-141.7886962890625,-23.0,-261.0,137.0,906.0,769.0,84.87858719646799,15.121412803532008,9768,5142,0,99,549.5316162109375,549.5304565429688,549.5330200195312,0.111532062292099,0.11109578609466553,0.11196921020746231,0.111532062292099,9.484098839607213e-09,229.72299194335938,1.0,48.25899600982666,48.25899791717529
G19,adam,auto,0,252,252,2.2884416580200195,0.8740630149841309,-261.62237548828125,-261.6307373046875,-261.6119689941406,-56.5,-56.5,-56.5,-140.54930114746094,-33.0,-250.0,137.0,906.0,769.0,84.87858719646799,15.121412803532008,8390,5142,0,99,549.4420166015625,549.44091796875,549.4434814453125,0.11252681165933609,0.11208823323249817,0.11296627670526505,0.11252681165933609,9.59772439301787e-09,231.26229858398438,1.0,48.45598530769348,48.455987215042114
G19,adam,auto,0,253,253,2.289752244949341,0.873563289642334,-262.096435546875,-262.1048278808594,-262.0859680175781,-56.5,-56.5,-56.5,-138.63870239257812,-27.0,-257.0,137.0,906.0,769.0,84.87858719646799,15.121412803532008,8869,5142,0,99,549.35107421875,549.349853515625,549.3524780273438,0.11352930217981339,0.11308842152357101,0.1139710545539856,0.11352930217981339,9.702030290270613e-09,232.80618286132812,0.9999999403953552,48.64751601219177,48.647517919540405
G19,adam,auto,0,254,254,2.2910640239715576,0.8730635643005371,-262.5744934082031,-262.58294677734375,-262.56402587890625,-56.5,-56.5,-56.5,-137.09750366210938,-11.0,-255.0,137.0,906.0,769.0,84.87858719646799,15.121412803532008,147,5142,0,99,549.2584228515625,549.25732421875,549.2599487304688,0.11453957855701447,0.11409641057252884,0.11498361080884933,0.11453957855701447,9.80671277517331e-09,234.3545379638672,1.0,48.83725428581238,48.83725619316101
G19,adam,auto,0,255,255,2.2923777103424072,0.8725637793540955,-263.0565490722656,-263.0650329589844,-263.0460205078125,-56.5,-56.5,-56.5,-135.2830047607422,-18.0,-261.0,137.0,906.0,769.0,84.87858719646799,15.121412803532008,9219,5142,0,99,549.164306640625,549.1631469726562,549.1658325195312,0.11555767059326172,0.11511220782995224,0.11600395292043686,0.11555767059326172,9.910977816218747e-09,235.9072723388672,1.0,49.02749490737915,49.02749681472778
G19,adam,auto,0,256,256,2.2936925888061523,0.8720640540122986,-263.54266357421875,-263.5511779785156,-263.53204345703125,-56.5,-56.5,-56.5,-134.156494140625,-17.0,-257.0,137.0,906.0,769.0,84.87858719646799,15.121412803532008,3764,5142,0,99,549.068603515625,549.0673828125,549.0701904296875,0.11658360809087753,0.11613590270280838,0.11703217774629593,0.11658360809087753,1.0011678597265927e-08,237.4643096923828,0.9999999403953552,49.219886302948,49.21988821029663
G19,adam,auto,0,257,257,2.295009136199951,0.8715642690658569,-264.0327453613281,-264.041259765625,-264.0221252441406,-56.5,-56.5,-56.5,-131.8563995361328,-14.0,-241.0,137.0,906.0,769.0,84.87858719646799,15.121412803532008,6677,5142,0,99,548.9713134765625,548.9700927734375,548.972900390625,0.11761745810508728,0.11716749519109726,0.11806824058294296,0.11761745810508728,1.0109426185067605e-08,239.02554321289062,1.0,49.40935206413269,49.40935492515564
G19,adam,auto,0,258,258,2.2963268756866455,0.8710645437240601,-264.5268859863281,-264.53546142578125,-264.5162658691406,-56.5,-56.5,-56.5,-130.88429260253906,-6.0,-246.0,137.0,906.0,769.0,84.87858719646799,15.121412803532008,1638,5142,0,99,548.8724365234375,548.8712158203125,548.8740234375,0.11865923553705215,0.11820705235004425,0.11911226809024811,0.11865923553705215,1.0209720180398563e-08,240.59088134765625,1.0,49.60210728645325,49.60210919380188
G19,adam,auto,0,259,259,2.2976465225219727,0.8705648183822632,-265.02508544921875,-265.03369140625,-265.0143737792969,-56.5,-56.5,-56.5,-128.77349853515625,2.0,-243.0,137.0,906.0,769.0,84.87858719646799,15.121412803532008,1922,5142,0,99,548.7718505859375,548.7706298828125,548.7734375,0.11970899999141693,0.11925455927848816,0.12016423046588898,0.11970899999141693,1.0304615827294583e-08,242.16021728515625,1.0,49.79275822639465,49.792760133743286
G19,adam,auto,0,260,260,2.2989673614501953,0.8700650334358215,-265.5273132324219,-265.53594970703125,-265.5166015625,-56.5,-56.5,-56.5,-127.02120208740234,10.0,-246.0,137.0,906.0,769.0,84.87858719646799,15.121412803532008,5680,5142,0,99,548.6696166992188,548.6683349609375,548.6712646484375,0.1207667663693428,0.12031013518571854,0.12122420221567154,0.1207667663693428,1.0398630401198261e-08,243.7334442138672,1.0,49.98385810852051,49.98386001586914
G19,adam,auto,0,261,261,2.300290107727051,0.8695653080940247,-266.0335998535156,-266.0422668457031,-266.0228271484375,-56.5,-56.5,-56.5,-125.341796875,-12.0,-245.0,137.0,906.0,769.0,84.87858719646799,15.121412803532008,1233,5142,0,99,548.565673828125,548.5643920898438,548.5672607421875,0.12183259427547455,0.121373750269413,0.12229221314191818,0.12183259427547455,1.0490817103914196e-08,245.31048583984375,1.0,50.178739070892334,50.17874097824097
G19,adam,auto,0,262,262,2.3016140460968018,0.869065523147583,-266.5439453125,-266.55267333984375,-266.53314208984375,-56.5,-56.5,-56.5,-124.84410095214844,-12.0,-232.0,137.0,906.0,769.0,84.87858719646799,15.121412803532008,9139,5142,0,99,548.4600219726562,548.458740234375,548.461669921875,0.12290651351213455,0.1224455013871193,0.12336830049753189,0.12290651351213455,1.0583173448708294e-08,246.8911895751953,1.0,50.36980199813843,50.36980390548706
G19,adam,auto,0,263,263,2.3029394149780273,0.8685657978057861,-267.05841064453125,-267.0671691894531,-267.0475769042969,-56.5,-56.5,-56.5,-123.0905990600586,-10.0,-244.0,137.0,906.0,769.0,84.87858719646799,15.121412803532008,171,5142,0,99,548.3526000976562,548.351318359375,548.354248046875,0.1239885538816452,0.12352540343999863,0.12445249408483505,0.1239885538816452,1.0668353311871215e-08,248.47547912597656,1.0,50.5598783493042,50.55988025665283
G19,adam,auto,0,264,264,2.3042666912078857,0.8680660724639893,-267.5769348144531,-267.585693359375,-267.5660400390625,-56.5,-56.5,-56.5,-121.62969970703125,-7.0,-237.0,137.0,906.0,769.0,84.87858719646799,15.121412803532008,6515,5142,0,99,548.243408203125,548.2420654296875,548.2451171875,0.12507876753807068,0.12461347132921219,0.12554484605789185,0.12507876753807068,1.0759371171786825e-08,250.06326293945312,0.9999999403953552,50.752846240997314,50.75284814834595
G19,adam,auto,0,265,265,2.3055953979492188,0.8675662875175476,-268.0994873046875,-268.1083068847656,-268.0885925292969,-56.5,-56.5,-56.5,-120.12310028076172,12.0,-245.0,137.0,906.0,769.0,84.87858719646799,15.121412803532008,8455,5142,0,99,548.1324462890625,548.131103515625,548.1341552734375,0.12617717683315277,0.12570977210998535,0.12664538621902466,0.12617717683315277,1.0845392139913201e-08,251.6543731689453,0.9999999403953552,50.943281173706055,50.943284034729004
G19,adam,auto,0,266,266,2.3069255352020264,0.8670665621757507,-268.6261901855469,-268.63507080078125,-268.615234375,-56.5,-56.5,-56.5,-119.24459838867188,3.0,-245.0,137.0,906.0,769.0,84.87858719646799,15.121412803532008,432,5142,0,99,548.0196533203125,548.0182495117188,548.0213623046875,0.12728384137153625,0.1268143206834793,0.1277541220188141,0.12728384137153625,1.0929641192092276e-08,253.2487335205078,1.0,51.1332061290741,51.133208990097046
G19,adam,auto,0,267,267,2.3082571029663086,0.8665667772293091,-269.1570129394531,-269.1658935546875,-269.1460266113281,-56.5,-56.5,-56.5,-117.48609924316406,5.0,-245.0,137.0,906.0,769.0,84.87858719646799,15.121412803532008,1195,5142,0,99,547.905029296875,547.903564453125,547.90673828125,0.12839877605438232,0.12792718410491943,0.1288711428642273,0.12839877605438232,1.1016694223542345e-08,254.84620666503906,1.0,51.32506608963013,51.32506799697876
G19,adam,auto,0,268,268,2.3095903396606445,0.8660670518875122,-269.69195556640625,-269.7008056640625,-269.680908203125,-56.5,-56.5,-56.5,-116.62000274658203,8.0,-289.0,137.0,906.0,769.0,84.87858719646799,15.121412803532008,1629,5142,0,99,547.7884521484375,547.7869873046875,547.7902221679688,0.12952205538749695,0.12904837727546692,0.12999644875526428,0.12952205538749695,1.1102907038207377e-08,256.4466857910156,1.0,51.517922163009644,51.517924070358276
G19,adam,auto,0,269,269,2.310925245285034,0.8655673265457153,-270.23095703125,-270.2398376464844,-270.2198791503906,-56.5,-56.5,-56.5,-114.80919647216797,24.0,-257.0,137.0,906.0,769.0,84.87858719646799,15.121412803532008,7872,5142,0,99,547.6699829101562,547.6685791015625,547.6718139648438,0.13065364956855774,0.13017794489860535,0.13113009929656982,0.13065364956855774,1.1189525750410212e-08,258.0500793457031,0.9999999403953552,51.70790505409241,51.70790696144104
G19,adam,auto,0,270,270,2.3122615814208984,0.8650675415992737,-270.77410888671875,-270.78302001953125,-270.7629699707031,-56.5,-56.5,-56.5,-114.09860229492188,-2.0,-364.0,137.0,906.0,769.0,84.87858719646799,15.121412803532008,565,5142,0,99,547.5496215820312,547.5482177734375,547.5514526367188,0.13179366290569305,0.1313159316778183,0.13227210938930511,0.13179366290569305,1.1270290478648803e-08,259.65618896484375,1.0,51.89976406097412,51.89976692199707
G19,adam,auto,0,271,271,2.3135993480682373,0.864567756652832,-271.32135009765625,-271.330322265625,-271.3102111816406,-56.5,-56.5,-56.5,-111.92250061035156,22.0,-417.0,137.0,906.0,769.0,84.87858719646799,15.121412803532008,8726,5142,0,99,547.4273071289062,547.42578125,547.4291381835938,0.1329420953989029,0.13246235251426697,0.13342252373695374,0.1329420953989029,1.136436722504186e-08,261.26495361328125,1.0,52.09135413169861,52.09135603904724
G19,adam,auto,0,272,272,2.31493878364563,0.8640680313110352,-271.87274169921875,-271.8817138671875,-271.861572265625,-56.5,-56.5,-56.5,-110.0833969116211,49.0,-524.0,137.0,906.0,769.0,84.87858719646799,15.121412803532008,3772,5142,0,99,547.302978515625,547.301513671875,547.3048706054688,0.13409896194934845,0.13361725211143494,0.13458137214183807,0.13409896194934845,1.1453109571846198e-08,262.876220703125,1.0,52.28128623962402,52.281288146972656
G19,adam,auto,0,273,273,2.316279649734497,0.8635683059692383,-272.4282531738281,-272.4372863769531,-272.41705322265625,-56.5,-56.5,-56.5,-107.36319732666016,15.0,-542.0,137.0,906.0,769.0,84.87858719646799,15.121412803532008,263,5142,0,99,547.1766357421875,547.1751098632812,547.1785888671875,0.1352643370628357,0.13478069007396698,0.1357487142086029,0.1352643370628357,1.1549841971714159e-08,264.4898681640625,1.0,52.47326707839966,52.47326993942261
G19,adam,auto,0,274,274,2.317622184753418,0.8630685210227966,-272.9879150390625,-272.9969482421875,-272.9766845703125,-56.5,-56.5,-56.5,-103.67019653320312,66.0,-599.0,137.0,906.0,769.0,84.87858719646799,15.121412803532008,2560,5142,0,99,547.0482788085938,547.0467529296875,547.0501708984375,0.1364382803440094,0.13595269620418549,0.13692453503608704,0.1364382803440094,1.1657835585765497e-08,266.1057434082031,1.0,52.663395166397095,52.66339707374573
G19,adam,auto,0,275,275,2.3189663887023926,0.8625687956809998,-273.55169677734375,-273.5607604980469,-273.5404052734375,-56.5,-56.5,-56.5,-99.01439666748047,50.0,-631.0,137.0,906.0,769.0,84.87858719646799,15.121412803532008,5524,5142,0,99,546.9178466796875,546.916259765625,546.9197998046875,0.13762076199054718,0.13713328540325165,0.13810889422893524,0.13762076199054718,1.178764286180467e-08,267.7237243652344,1.0,52.85479712486267,52.854799032211304
G19,adam,auto,0,276,276,2.320312023162842,0.8620690107345581,-274.11962890625,-274.1286926269531,-274.10833740234375,-56.5,-56.5,-56.5,-93.10820007324219,71.0,-633.0,137.0,906.0,769.0,84.87858719646799,15.121412803532008,3690,5142,0,99,546.7852783203125,546.78369140625,546.7872314453125,0.1388118416070938,0.13832248747348785,0.1393018364906311,0.1388118416070938,1.1959716772480533e-08,269.34368896484375,0.9999999403953552,53.04474925994873,53.04475116729736
G19,adam,auto,0,277,277,2.3216590881347656,0.8615692853927612,-274.69171142578125,-274.7008056640625,-274.68035888671875,-56.5,-56.5,-56.5,-83.88939666748047,85.0,-634.0,137.0,906.0,769.0,84.87858719646799,15.121412803532008,5524,5142,0,99,546.6505737304688,546.6489868164062,546.652587890625,0.14001156389713287,0.13952036201953888,0.1405034065246582,0.14001156389713287,1.2201764043595631e-08,270.9654541015625,1.0,53.236753940582275,53.23675584793091
G19,adam,auto,0,278,278,2.323007822036743,0.8610695600509644,-275.2679138183594,-275.27703857421875,-275.2565612792969,-56.5,-56.5,-56.5,-71.86530303955078,136.0,-641.0,137.0,906.0,769.0,84.87858719646799,15.121412803532008,9383,5142,0,99,546.5137939453125,546.5121459960938,546.5157470703125,0.14121997356414795,0.14072690904140472,0.14171358942985535,0.14121997356414795,1.2581482522477927e-08,272.5889587402344,1.0,53.427019119262695,53.42702102661133
G19,adam,auto,0,279,279,2.3243582248687744,0.8605697751045227,-275.8482666015625,-275.857421875,-275.8368835449219,-56.5,-56.5,-56.5,-54.09360122680664,155.0,-643.0,155.0,906.0,751.0,82.89183222958057,17.108167770419428,7253,7253,0,279,546.374755859375,546.3731079101562,546.3767700195312,0.14243704080581665,0.14194220304489136,0.1429324746131897,0.14243704080581665,1.3100941664845323e-08,274.2139587402344,1.0,53.620854139328,53.62085700035095
G19,adam,auto,0,280,280,2.3257100582122803,0.8600700497627258,-276.43280029296875,-276.4420166015625,-276.42138671875,-56.5,-56.5,-56.5,-30.300899505615234,203.0,-648.0,203.0,906.0,703.0,77.59381898454747,22.40618101545254,7253,7253,0,280,546.2335205078125,546.2318115234375,546.235595703125,0.14366286993026733,0.14316627383232117,0.14416006207466125,0.14366286993026733,1.3618750571708915e-08,275.84039306640625,1.0,53.81044816970825,53.810450077056885
G19,adam,auto,0,281,281,2.327063798904419,0.8595702648162842,-277.02142333984375,-277.0306396484375,-277.010009765625,-56.5,-56.5,-56.5,2.390899896621704,266.0,-691.0,266.0,906.0,640.0,70.6401766004415,29.3598233995585,6335,6335,0,281,546.0899658203125,546.0882568359375,546.092041015625,0.1448974609375,0.14439913630485535,0.14539635181427002,0.1448974609375,1.4004363002584341e-08,277.46807861328125,0.9999999403953552,54.00044226646423,54.000444173812866
G19,adam,auto,0,282,282,2.328418731689453,0.8590705394744873,-277.6142578125,-277.62347412109375,-277.602783203125,-56.5,-56.5,-56.5,43.37120056152344,353.0,-630.0,353.0,906.0,553.0,61.037527593818986,38.962472406181014,6339,6339,0,282,545.9442138671875,545.9425048828125,545.9462890625,0.14614085853099823,0.14564082026481628,0.14664144814014435,0.14614085853099823,1.5322244806270646e-08,279.09686279296875,1.0000001192092896,54.19429111480713,54.19429397583008
G19,adam,auto,0,283,283,2.329775333404541,0.8585708141326904,-278.2112121582031,-278.2204895019531,-278.19970703125,-56.5,-56.5,-56.5,93.05660247802734,415.0,-651.0,415.0,906.0,491.0,54.19426048565121,45.80573951434879,6339,6339,0,283,545.7960815429688,545.7943115234375,545.7982177734375,0.14739306271076202,0.14689137041568756,0.14789532124996185,0.14739306271076202,1.7068195745650883e-08,280.7265930175781,1.0,54.38526701927185,54.38526892662048
G19,adam,auto,0,284,284,2.3311336040496826,0.8580710291862488,-278.8122863769531,-278.8215637207031,-278.80078125,-56.5,-56.5,-56.5,150.44859313964844,472.0,-636.0,472.0,906.0,434.0,47.90286975717439,52.09713024282561,6339,6339,0,284,545.6456298828125,545.6439208984375,545.6478271484375,0.14865416288375854,0.14815080165863037,0.1491580307483673,0.14865416288375854,1.991695519620862e-08,282.3570861816406,1.0,54.57694220542908,54.57694411277771
G19,adam,auto,0,285,285,2.332493543624878,0.8575713038444519,-279.41754150390625,-279.4268493652344,-279.406005859375,-56.5,-56.5,-56.5,214.1790008544922,476.0,-641.0,476.0,906.0,430.0,47.46136865342164,52.53863134657836,6604,6604,0,285,545.4927978515625,545.4910888671875,545.4950561523438,0.1499241441488266,0.1494191586971283,0.1504296064376831,0.1499241441488266,2.4710356427704028e-08,283.98828125,1.0,54.76760411262512,54.76760697364807
G19,adam,auto,0,286,286,2.3338546752929688,0.8570715188980103,-280.0270080566406,-280.0362854003906,-280.01544189453125,-56.5,-56.5,-56.5,277.8269958496094,511.0,-644.0,511.0,906.0,395.0,43.59823399558499,56.40176600441501,8850,8850,0,286,545.3375854492188,545.3358154296875,545.33984375,0.15120303630828857,0.1506965011358261,0.15171007812023163,0.15120303630828857,3.272139181831335e-08,285.619873046875,1.0,54.95929026603699,54.95929217338562
G19,adam,auto,0,287,287,2.3352177143096924,0.8565717935562134,-280.64056396484375,-280.64984130859375,-280.6289367675781,-56.5,-56.5,-56.5,336.85430908203125,523.0,-638.0,523.0,906.0,383.0,42.27373068432671,57.72626931567329,6335,6335,0,287,545.1798706054688,545.1781005859375,545.1821899414062,0.15249086916446686,0.15198279917240143,0.15299944579601288,0.15249086916446686,4.6449844859353107e-08,287.2518615722656,1.0,55.15026617050171,55.15026807785034
G19,adam,auto,0,288,288,2.3365824222564697,0.8560720682144165,-281.2582092285156,-281.26751708984375,-281.24658203125,-56.5,-56.5,-56.5,385.493408203125,524.0,-659.0,524.0,906.0,382.0,42.16335540838852,57.83664459161148,5661,5661,0,288,545.019775390625,545.0179443359375,545.0220947265625,0.15378771722316742,0.15327812731266022,0.15429776906967163,0.15378771722316742,6.957811393704105e-08,288.8839416503906,1.0,55.342726945877075,55.34272885322571
G19,adam,auto,0,289,289,2.3379483222961426,0.8555722832679749,-281.8800354003906,-281.8893737792969,-281.8684387207031,-56.5,-56.5,-56.5,423.26300048828125,529.0,-656.0,529.0,906.0,377.0,41.61147902869757,58.38852097130243,5282,5282,0,289,544.857177734375,544.8553466796875,544.8594970703125,0.15509356558322906,0.15458250045776367,0.15560507774353027,0.15509356558322906,1.0757197088651083e-07,290.5160217285156,1.0,55.53442406654358,55.53442597389221
G19,adam,auto,0,290,290,2.3393163681030273,0.855072557926178,-282.5060119628906,-282.5153503417969,-282.4943542480469,-56.5,-56.5,-56.5,450.8774108886719,532.0,-644.0,532.0,906.0,374.0,41.280353200883,58.719646799117,4768,4768,0,290,544.6920166015625,544.6900634765625,544.6943359375,0.15640844404697418,0.15589596331119537,0.15692138671875,0.15640844404697418,1.711484856059542e-07,292.14794921875,0.9999999403953552,55.724597215652466,55.7245991230011
G19,adam,auto,0,291,291,2.3406856060028076,0.8545727729797363,-283.1361083984375,-283.14544677734375,-283.1244201660156,-56.5,-56.5,-56.5,469.7206115722656,535.0,-656.0,535.0,906.0,371.0,40.94922737306843,59.05077262693157,6685,6685,0,291,544.524169921875,544.5223388671875,544.526611328125,0.15773239731788635,0.15721851587295532,0.158246710896492,0.15773239731788635,2.82392477402027e-07,293.77947998046875,1.0,55.91673707962036,55.916738986968994
G19,adam,auto,0,292,292,2.3420565128326416,0.8540730476379395,-283.7702941894531,-283.77972412109375,-283.7586669921875,-56.5,-56.5,-56.5,481.9559020996094,532.0,-659.0,535.0,906.0,371.0,40.94922737306843,59.05077262693157,4127,6685,0,291,544.3538818359375,544.3519287109375,544.3562622070312,0.15906544029712677,0.1585502028465271,0.15958109498023987,0.15906544029712677,4.7124427737799124e-07,295.4105224609375,1.0,56.1077880859375,56.10778999328613
G19,adam,auto,0,293,293,2.3434290885925293,0.8535733222961426,-284.4086608886719,-284.4180603027344,-284.39697265625,-56.5,-56.499996185302734,-56.500003814697266,490.11590576171875,533.0,-672.0,535.0,906.0,371.0,40.94922737306843,59.05077262693157,1127,6685,0,291,544.180908203125,544.178955078125,544.183349609375,0.16040758788585663,0.1598910391330719,0.16092455387115479,0.16040758788585663,7.982760052982485e-07,297.0408630371094,0.9999999403953552,56.29711699485779,56.29711890220642
G19,adam,auto,0,294,294,2.3448033332824707,0.8530735373497009,-285.05108642578125,-285.060546875,-285.0394592285156,-56.5,-56.49999237060547,-56.5,495.03240966796875,541.0,-657.0,541.0,906.0,365.0,40.28697571743929,59.71302428256071,2747,2747,0,294,544.0051879882812,544.003173828125,544.0076904296875,0.1617588996887207,0.1612410545349121,0.16227713227272034,0.1617588996887207,1.376630052618566e-06,298.6702880859375,0.9999999403953552,56.490063190460205,56.49006509780884
G19,adam,auto,0,295,295,2.3461790084838867,0.852573812007904,-285.6977233886719,-285.70709228515625,-285.6860046386719,-56.5,-56.49997329711914,-56.5,497.989990234375,556.0,-648.0,556.0,906.0,350.0,38.63134657836645,61.36865342163355,1128,1128,0,295,543.8268432617188,543.8248291015625,543.8292236328125,0.1631193906068802,0.1626003086566925,0.16363884508609772,0.1631193906068802,2.4064820536295883e-06,300.2987060546875,1.0,56.684205055236816,56.684208154678345
G19,adam,auto,0,296,296,2.3475565910339355,0.8520740270614624,-286.348388671875,-286.3577880859375,-286.33660888671875,-56.5,-56.499916076660156,-56.5,500.0660095214844,551.0,-636.0,556.0,906.0,350.0,38.63134657836645,61.36865342163355,5798,1128,0,295,543.645751953125,543.6436767578125,543.648193359375,0.16448906064033508,0.1639687865972519,0.16500969231128693,0.16448906064033508,4.272385467629647e-06,301.9258117675781,1.0000001192092896,56.87235903739929,56.872360944747925
G19,adam,auto,0,297,297,2.348935604095459,0.8515743017196655,-287.0031433105469,-287.0125732421875,-286.99139404296875,-56.5,-56.4997444152832,-56.5,501.0039978027344,549.0,-651.0,556.0,906.0,350.0,38.63134657836645,61.36865342163355,9563,1128,0,295,543.4617919921875,543.4597778320312,543.46435546875,0.16586795449256897,0.16534653306007385,0.16638973355293274,0.16586795449256897,7.697277396800928e-06,303.55157470703125,1.0,57.06348919868469,57.06349205970764
G19,adam,auto,0,298,298,2.350316286087036,0.8510745763778687,-287.66204833984375,-287.6714782714844,-287.6502685546875,-56.5,-56.49925231933594,-56.5,501.7344970703125,557.0,-650.0,557.0,906.0,349.0,38.52097130242826,61.47902869757174,9582,9582,0,298,543.275146484375,543.2730712890625,543.2776489257812,0.16725610196590424,0.16673356294631958,0.16777898371219635,0.16725610196590424,1.4069511053094175e-05,305.17572021484375,1.0,57.2550573348999,57.255059242248535
G19,adam,auto,0,299,299,2.351698637008667,0.850574791431427,-288.3249816894531,-288.3344421386719,-288.3132019042969,-56.4999885559082,-56.498050689697266,-56.500003814697266,502.2455139160156,562.0,-650.0,562.0,906.0,344.0,37.969094922737305,62.030905077262695,4773,4773,0,299,543.0855712890625,543.08349609375,543.088134765625,0.16865353286266327,0.16812992095947266,0.16917744278907776,0.16865351796150208,2.604241672088392e-05,306.79803466796875,1.0,57.44580411911011,57.44580602645874
G19,adam,auto,0,300,300,2.3530824184417725,0.8500750660896301,-288.9920349121094,-289.0014953613281,-288.9802551269531,-56.499961853027344,-56.49553680419922,-56.500003814697266,502.54058837890625,559.0,-642.0,562.0,906.0,344.0,37.969094922737305,62.030905077262695,3664,4773,0,299,542.8931274414062,542.8909912109375,542.895751953125,0.17006021738052368,0.16953560709953308,0.17058517038822174,0.1700601875782013,4.872068893746473e-05,308.41845703125,0.9999999403953552,57.63646411895752,57.63646602630615
G19,adam,auto,0,301,301,2.3544678688049316,0.8495752811431885,-289.66314697265625,-289.6725769042969,-289.6513671875,-56.499874114990234,-56.49099349975586,-56.5,503.0707092285156,567.0,-543.0,567.0,906.0,339.0,37.41721854304636,62.58278145695364,4032,4032,0,301,542.69775390625,542.6956176757812,542.7003784179688,0.17147624492645264,0.17095062136650085,0.1720021516084671,0.1714760959148407,9.156647138297558e-05,310.0367431640625,0.9999998807907104,57.83291816711426,57.83292007446289
G19,adam,auto,0,302,302,2.3558552265167236,0.8490755558013916,-290.33831787109375,-290.34771728515625,-290.3265075683594,-56.49960708618164,-56.483543395996094,-56.5,504.1325988769531,563.0,-615.0,567.0,906.0,339.0,37.41721854304636,62.58278145695364,5771,4032,0,301,542.4993896484375,542.497314453125,542.5020751953125,0.17290160059928894,0.17237503826618195,0.17342841625213623,0.17290115356445312,0.0001706423790892586,311.6529235839844,0.9999999403953552,58.02639317512512,58.026395082473755
G19,adam,auto,0,303,303,2.3572440147399902,0.8485758304595947,-291.0176086425781,-291.0270080566406,-291.0057067871094,-56.49889373779297,-56.47208023071289,-56.5,506.3573913574219,566.0,-439.0,567.0,906.0,339.0,37.41721854304636,62.58278145695364,2546,4032,0,301,542.298095703125,542.2959594726562,542.30078125,0.17433631420135498,0.17380884289741516,0.17486396431922913,0.17433509230613708,0.00030873497598804533,313.2673034667969,1.0,58.219923973083496,58.21992588043213
G19,adam,auto,0,304,304,2.3586342334747314,0.8480760455131531,-291.7010498046875,-291.7103271484375,-291.68896484375,-56.49726867675781,-56.45528030395508,-56.5,510.7742919921875,580.0,119.0,580.0,906.0,326.0,35.98233995584989,64.0176600441501,7749,7749,0,304,542.09375,542.0916137695312,542.0964965820312,0.17578037083148956,0.17525209486484528,0.17630887031555176,0.1757773607969284,0.0005293195135891438,314.8808898925781,0.9999999403953552,58.41120529174805,58.41120719909668
G19,adam,auto,0,305,305,2.3600265979766846,0.8475762605667114,-292.3886413574219,-292.3978576660156,-292.3763122558594,-56.49402618408203,-56.4317741394043,-56.5,518.3629150390625,594.0,334.0,594.0,906.0,312.0,34.437086092715234,65.56291390728477,7749,7749,0,305,541.8863525390625,541.8841552734375,541.8890991210938,0.17723384499549866,0.1767047792673111,0.17776311933994293,0.17722715437412262,0.000846977171022445,316.4956970214844,0.9999999403953552,58.60181212425232,58.60181403160095
G19,adam,auto,0,306,306,2.361420154571533,0.8470765352249146,-293.08074951171875,-293.0919494628906,-293.06787109375,-56.488224029541016,-56.40022277832031,-56.5,528.5344848632812,601.0,411.0,601.0,906.0,305.0,33.6644591611479,66.3355408388521,5874,5874,0,306,541.6758422851562,541.673583984375,541.6785888671875,0.17869675159454346,0.17816689610481262,0.17922671139240265,0.17868340015411377,0.0012658864725381136,318.1148376464844,1.0,58.79296517372131,58.792967081069946
G19,adam,auto,0,307,307,2.3628156185150146,0.8465768098831177,-293.7773132324219,-293.79351806640625,-293.7637023925781,-56.47869873046875,-56.35932159423828,-56.5,544.1021118164062,613.0,439.0,613.0,906.0,293.0,32.33995584988963,67.66004415011038,2335,2335,0,307,541.4622192382812,541.4599609375,541.4649658203125,0.18016904592514038,0.17963849008083344,0.1806996464729309,0.18014474213123322,0.0017867624992504716,319.7421569824219,1.0,58.98438215255737,58.984384059906006
G19,adam,auto,0,308,308,2.3642125129699707,0.846077024936676,-294.47869873046875,-294.5008544921875,-294.4641418457031,-56.46402359008789,-56.30776596069336,-56.5,565.8154296875,617.0,443.0,617.0,906.0,289.0,31.898454746136867,68.10154525386314,5417,5417,0,308,541.2454223632812,541.2431030273438,541.2481689453125,0.1816508024930954,0.18111954629421234,0.1821819692850113,0.18160945177078247,0.0024116053245961666,321.3826599121094,0.9999998807907104,59.17603516578674,59.17603802680969
G19,adam,auto,0,309,309,2.3656113147735596,0.8455772995948792,-295.1850891113281,-295.2142028808594,-295.1692810058594,-56.44259262084961,-56.244258880615234,-56.5,585.0968017578125,619.0,439.0,619.0,906.0,287.0,31.677704194260485,68.32229580573951,8529,8529,0,309,541.0253295898438,541.0230102539062,541.0281982421875,0.18314200639724731,0.18261004984378815,0.18367360532283783,0.18307557702064514,0.00314176338724792,323.04241943359375,1.0,59.3658812046051,59.365883111953735
G19,adam,auto,0,310,310,2.367011547088623,0.8450775146484375,-295.89678955078125,-295.9338684082031,-295.87835693359375,-56.41270446777344,-56.167545318603516,-56.49999237060547,597.544189453125,621.0,448.0,621.0,906.0,285.0,31.456953642384107,68.54304635761589,6816,6816,0,310,540.802001953125,540.7996826171875,540.804931640625,0.18464265763759613,0.18410997092723846,0.18518182635307312,0.18454106152057648,0.003974482882767916,324.7285461425781,1.0,59.56018900871277,59.5601909160614
G19,adam,auto,0,311,311,2.3684136867523193,0.8445777893066406,-296.6140441894531,-296.6601257324219,-296.58990478515625,-56.37263870239258,-56.076480865478516,-56.499977111816406,605.1787109375,626.0,450.0,626.0,906.0,280.0,30.90507726269316,69.09492273730685,6747,6747,0,311,540.5753784179688,540.5730590820312,540.578369140625,0.18615278601646423,0.1856193095445633,0.1868225783109665,0.18600377440452576,0.004902960266917944,326.44873046875,1.0000001192092896,59.75140929222107,59.7514111995697
G19,adam,auto,0,312,312,2.3698172569274902,0.8440780639648438,-297.3371887207031,-297.3932189941406,-297.305908203125,-56.320682525634766,-55.969993591308594,-56.499908447265625,610.156005859375,634.0,473.0,634.0,906.0,272.0,30.02207505518764,69.97792494481236,3743,3743,0,312,540.3455200195312,540.3431396484375,540.3485107421875,0.18767234683036804,0.18713796138763428,0.18853794038295746,0.18746168911457062,0.005920148454606533,328.2107238769531,1.0,59.947044134140015,59.94704604148865
G19,adam,auto,0,313,313,2.371222734451294,0.8435782790184021,-298.0664978027344,-298.1333312988281,-298.0255126953125,-56.25516128540039,-55.84702682495117,-56.4996452331543,617.2348022460938,643.0,468.0,643.0,906.0,263.0,29.02869757174393,70.97130242825607,4700,4700,0,313,540.1121826171875,540.10986328125,540.115234375,0.18920136988162994,0.18866591155529022,0.19034206867218018,0.18891271948814392,0.007021417375653982,330.02215576171875,1.0,60.1385452747345,60.13854789733887
G19,adam,auto,0,314,314,2.3726296424865723,0.8430785536766052,-298.80230712890625,-298.8807373046875,-298.74945068359375,-56.17448043823242,-55.70649337768555,-56.49868392944336,626.78857421875,645.0,503.0,645.0,906.0,261.0,28.807947019867548,71.19205298013244,8169,8169,0,314,539.87548828125,539.8731689453125,539.878662109375,0.19073982536792755,0.19020305573940277,0.19221681356430054,0.19035498797893524,0.008202838711440563,331.8907165527344,0.9999999403953552,60.333373069763184,60.333374977111816
G19,adam,auto,0,315,315,2.3740382194519043,0.8425787687301636,-299.54486083984375,-299.63568115234375,-299.4767761230469,-56.077125549316406,-55.547386169433594,-56.495731353759766,632.7329711914062,650.0,518.0,650.0,906.0,256.0,28.2560706401766,71.7439293598234,2886,2886,0,315,539.6353759765625,539.6328125,539.638671875,0.19228771328926086,0.1917492300271988,0.1941702663898468,0.19178663194179535,0.00945813674479723,333.82379150390625,1.0,60.524511098861694,60.524513959884644
G19,adam,auto,0,316,316,2.37544846534729,0.8420790433883667,-300.2944641113281,-300.3982238769531,-300.2076416015625,-55.96165084838867,-55.36888885498047,-56.4886474609375,636.0380859375,658.0,533.0,658.0,906.0,248.0,27.373068432671083,72.62693156732892,4803,4803,0,316,539.3917846679688,539.3890991210938,539.3951416015625,0.1938449740409851,0.19330435991287231,0.19621077179908752,0.19320587813854218,0.010780549608170986,335.8285217285156,0.9999999403953552,60.7169349193573,60.71693682670593
G19,adam,auto,0,317,317,2.3768606185913086,0.8415793180465698,-301.0513610839844,-301.16851806640625,-300.9424133300781,-55.82671356201172,-55.17044448852539,-56.475101470947266,639.2476196289062,660.0,549.0,660.0,906.0,246.0,27.1523178807947,72.8476821192053,5122,5122,0,317,539.1447143554688,539.1416625976562,539.1482543945312,0.1954115927219391,0.1948682814836502,0.19834691286087036,0.1946110874414444,0.012165369465947151,337.9115295410156,0.9999999403953552,60.906835079193115,60.90683698654175
G19,adam,auto,0,318,318,2.3782742023468018,0.8410795331001282,-301.8157958984375,-301.94677734375,-301.68194580078125,-55.67109298706055,-54.9516716003418,-56.452980041503906,642.8779296875,664.0,571.0,664.0,906.0,242.0,26.71081677704194,73.28918322295806,9078,9078,0,318,538.8941040039062,538.8904418945312,538.8978271484375,0.19698749482631683,0.19644078612327576,0.200587198138237,0.19600072503089905,0.01361009944230318,340.0790100097656,1.0,61.09877824783325,61.098780155181885
G19,adam,auto,0,319,319,2.3796894550323486,0.8405798077583313,-302.58795166015625,-302.73291015625,-302.42657470703125,-55.49372482299805,-54.71236038208008,-56.420127868652344,648.418212890625,674.0,586.0,674.0,906.0,232.0,25.607064017660043,74.39293598233995,1932,1932,0,319,538.6399536132812,538.6354370117188,538.643798828125,0.19857265055179596,0.19802168011665344,0.20294004678726196,0.1973734349012375,0.015112497843801975,342.3369140625,0.9999999403953552,61.28934025764465,61.289342164993286
G19,adam,auto,0,320,320,2.3811066150665283,0.8400800228118896,-303.3680114746094,-303.52703857421875,-303.176513671875,-55.29380798339844,-54.452640533447266,-56.37400436401367,656.2681884765625,680.0,612.0,680.0,906.0,226.0,24.944812362030905,75.0551876379691,456,456,0,320,538.3822021484375,538.376708984375,538.38671875,0.20016701519489288,0.19961071014404297,0.20541366934776306,0.19872818887233734,0.016668708994984627,344.6902770996094,1.0000001192092896,61.48147010803223,61.48147201538086
G19,adam,auto,0,321,321,2.3825254440307617,0.8395802974700928,-304.1560363769531,-304.3291015625,-303.93231201171875,-55.0708122253418,-54.17311096191406,-56.31193161010742,663.6123046875,682.0,613.0,682.0,906.0,224.0,24.724061810154524,75.27593818984548,377,377,0,321,538.120849609375,538.1141357421875,538.126220703125,0.20177046954631805,0.20120765268802643,0.20801591873168945,0.2000643014907837,0.018274951726198196,347.1427917480469,1.0,61.67124319076538,61.671245098114014
G19,adam,auto,0,322,322,2.383945941925049,0.8390805721282959,-304.95220947265625,-305.1390380859375,-304.6942138671875,-54.82441329956055,-53.8747673034668,-56.23152542114258,667.6890258789062,682.0,619.0,682.0,906.0,224.0,24.724061810154524,75.27593818984548,229,377,0,321,537.8558349609375,537.847900390625,537.8623046875,0.2033829540014267,0.20281222462654114,0.21075430512428284,0.20138128101825714,0.01992594636976719,349.6967468261719,1.0,61.863813161849976,61.86381506919861
G19,adam,auto,0,323,323,2.3853678703308105,0.8385807871818542,-305.7564697265625,-305.95684814453125,-305.46270751953125,-54.55453872680664,-53.558921813964844,-56.13064956665039,670.2044067382812,685.0,619.0,685.0,906.0,221.0,24.392935982339957,75.60706401766005,5297,5297,0,323,537.5872192382812,537.577880859375,537.5950927734375,0.20500437915325165,0.20442409813404083,0.2136356085538864,0.20267899334430695,0.021616170182824135,352.3536682128906,1.0,62.057220220565796,62.05722212791443
G19,adam,auto,0,324,324,2.386791944503784,0.8380810618400574,-306.5688171386719,-306.7823791503906,-306.23809814453125,-54.26142501831055,-53.226959228515625,-56.00712203979492,671.917724609375,691.0,620.0,691.0,906.0,215.0,23.73068432671082,76.26931567328919,5771,5771,0,324,537.3148803710938,537.303955078125,537.324462890625,0.20663461089134216,0.20604293048381805,0.21666592359542847,0.2039577215909958,0.02333899214863777,355.11474609375,0.9999998807907104,62.24771213531494,62.247714042663574
G19,adam,auto,0,325,325,2.3882174491882324,0.8375812768936157,-307.3892517089844,-307.6155090332031,-307.02069091796875,-53.94573211669922,-52.88002395629883,-55.85860061645508,673.7462158203125,694.0,623.0,694.0,906.0,212.0,23.399558498896248,76.60044150110376,5771,5771,0,325,537.038818359375,537.0262451171875,537.0504760742188,0.20827358961105347,0.2076684683561325,0.21985061466693878,0.20521825551986694,0.025086935609579086,357.9796142578125,1.0,62.43788123130798,62.437883138656616
G19,adam,auto,0,326,326,2.3896443843841553,0.8370815515518188,-308.21771240234375,-308.45611572265625,-307.8109130859375,-53.608524322509766,-52.518917083740234,-55.6827278137207,674.5155029296875,694.0,630.0,694.0,906.0,212.0,23.399558498896248,76.60044150110376,4023,5771,0,325,536.7590942382812,536.74462890625,536.7730712890625,0.20992115139961243,0.20930032432079315,0.22319424152374268,0.20646201074123383,0.026852596551179886,360.94659423828125,1.0,62.62914514541626,62.62914824485779
G19,adam,auto,0,327,327,2.39107346534729,0.836581826210022,-309.053955078125,-309.30401611328125,-308.6090087890625,-53.25123596191406,-52.144161224365234,-55.47733688354492,675.9655151367188,697.0,623.0,697.0,906.0,209.0,23.068432671081677,76.93156732891832,4032,4032,0,327,536.4755859375,536.4591064453125,536.4923095703125,0.21157719194889069,0.21093811094760895,0.22670048475265503,0.20769087970256805,0.028628649190068245,364.0121154785156,1.0,62.821699142456055,62.821702003479004
G19,adam,auto,0,328,328,2.3925042152404785,0.8360820412635803,-309.89788818359375,-310.1590576171875,-309.4151611328125,-52.87553024291992,-51.756134033203125,-55.24058151245117,678.3911743164062,711.0,629.0,711.0,906.0,195.0,21.52317880794702,78.47682119205298,6833,6833,0,328,536.1884155273438,536.169677734375,536.208251953125,0.21324151754379272,0.21258150041103363,0.23037239909172058,0.20890706777572632,0.030407924205064774,367.171630859375,1.0,63.01129198074341,63.01129484176636
G19,adam,auto,0,329,329,2.3939366340637207,0.8355823159217834,-310.7493896484375,-311.02105712890625,-310.22967529296875,-52.483131408691406,-51.35529708862305,-54.97130584716797,680.7224731445312,712.0,642.0,712.0,906.0,194.0,21.41280353200883,78.58719646799118,4023,4023,0,329,535.8973999023438,535.8765258789062,535.9207763671875,0.21491402387619019,0.21423010528087616,0.23421210050582886,0.21011286973953247,0.03218385949730873,370.4198303222656,1.0,63.20265817642212,63.20266103744507
G19,adam,auto,0,330,330,2.3953704833984375,0.8350825309753418,-311.6083068847656,-311.89007568359375,-311.05267333984375,-52.0755729675293,-50.94233322143555,-54.66920471191406,682.882080078125,716.0,641.0,716.0,906.0,190.0,20.97130242825607,79.02869757174393,1128,1128,0,330,535.6026000976562,535.579345703125,535.6299438476562,0.21659456193447113,0.21588359773159027,0.23822101950645447,0.21131037175655365,0.03395136818289757,373.751708984375,1.0,63.394283056259155,63.39428496360779
G19,adam,auto,0,331,331,2.396806478500366,0.8345828056335449,-312.4743347167969,-312.76580810546875,-311.8841247558594,-51.654075622558594,-50.51814270019531,-54.334529876708984,685.005615234375,717.0,641.0,717.0,906.0,189.0,20.86092715231788,79.13907284768212,673,673,0,331,535.3040771484375,535.2782592773438,535.335693359375,0.21828298270702362,0.21754160523414612,0.24239949882030487,0.21250103414058685,0.0357074998319149,377.16357421875,1.0,63.5852952003479,63.58529710769653
G19,adam,auto,0,332,332,2.3982439041137695,0.834083080291748,-313.347412109375,-313.6482849121094,-312.72412109375,-51.21946334838867,-50.08375549316406,-53.96787643432617,687.3743896484375,722.0,646.0,722.0,906.0,184.0,20.309050772626932,79.69094922737307,3606,3606,0,332,535.001708984375,534.9732666015625,535.0379638671875,0.21997903287410736,0.21920374035835266,0.24674728512763977,0.21368587017059326,0.03745189681649208,380.653564453125,1.0,63.77680802345276,63.77680993080139
G19,adam,auto,0,333,333,2.3996832370758057,0.8335832953453064,-314.2273254394531,-314.53741455078125,-313.56878662109375,-50.772281646728516,-49.6402473449707,-53.570186614990234,690.2479858398438,731.0,648.0,731.0,906.0,175.0,19.315673289183223,80.68432671081678,7361,7361,0,333,534.6956176757812,534.6644287109375,534.73681640625,0.2216825932264328,0.22086969017982483,0.2512631416320801,0.21486540138721466,0.0391855463385582,384.2219543457031,1.0,63.96756315231323,63.96756601333618
G19,adam,auto,0,334,334,2.4011240005493164,0.8330835700035095,-315.1138916015625,-315.43341064453125,-314.4186096191406,-50.31291580200195,-49.18840026855469,-53.142822265625,693.3840942382812,727.0,651.0,731.0,906.0,175.0,19.315673289183223,80.68432671081678,673,7361,0,333,534.3856201171875,534.3516235351562,534.4322509765625,0.22339345514774323,0.22253911197185516,0.25594502687454224,0.2160400152206421,0.040909212082624435,387.87042236328125,1.0,64.15860319137573,64.15860605239868
G19,adam,auto,0,335,335,2.402566909790039,0.8325837850570679,-316.0069885253906,-316.336181640625,-315.275390625,-49.84177780151367,-48.7283935546875,-52.68758010864258,696.7296142578125,727.0,652.0,731.0,906.0,175.0,19.315673289183223,80.68432671081678,673,7361,0,333,534.0718383789062,534.034912109375,534.124267578125,0.22511141002178192,0.224211648106575,0.26079025864601135,0.21721015870571136,0.04262307658791542,391.6012268066406,0.9999999403953552,64.34980821609497,64.3498101234436
G19,adam,auto,0,336,336,2.4040112495422363,0.832084059715271,-316.90655517578125,-317.2460021972656,-316.13909912109375,-49.35939407348633,-48.259761810302734,-52.20662307739258,701.2603149414062,733.0,654.0,733.0,906.0,173.0,19.09492273730684,80.90507726269315,7069,7069,0,336,533.7542724609375,533.7142333984375,533.812744140625,0.2268362194299698,0.2258869707584381,0.26579564809799194,0.21837659180164337,0.044327665120363235,395.4163818359375,0.9999999403953552,64.5427451133728,64.54274702072144
G19,adam,auto,0,337,337,2.4054574966430664,0.8315843343734741,-317.8125,-318.1629638671875,-317.0094299316406,-48.86641311645508,-47.78173065185547,-51.70235824584961,704.5059204101562,731.0,660.0,733.0,906.0,173.0,19.09492273730684,80.90507726269315,7069,7069,0,336,533.4329223632812,533.3897705078125,533.4977416992188,0.2285676896572113,0.2275647222995758,0.27095744013786316,0.21954022347927094,0.04602348059415817,399.3172912597656,0.9999999403953552,64.73294520378113,64.73294711112976
G19,adam,auto,0,338,338,2.40690541267395,0.8310845494270325,-318.72479248046875,-319.08740234375,-317.8860168457031,-48.36353302001953,-47.29347229003906,-51.17721939086914,706.7373046875,734.0,662.0,734.0,906.0,172.0,18.984547461368653,81.01545253863135,3238,3238,0,338,533.1077270507812,533.0614013671875,533.17919921875,0.23030556738376617,0.22924411296844482,0.2762715518474579,0.2207021862268448,0.04771002009510994,403.3044738769531,1.0,64.92531323432922,64.92531609535217
G19,adam,auto,0,339,339,2.408355236053467,0.8305848240852356,-319.6435852050781,-320.01953125,-318.76861572265625,-47.8513298034668,-46.794273376464844,-50.63365173339844,708.5546264648438,734.0,666.0,734.0,906.0,172.0,18.984547461368653,81.01545253863135,3238,3238,0,338,532.77880859375,532.7291870117188,532.857177734375,0.2320495992898941,0.23092277348041534,0.28173354268074036,0.2218634933233261,0.049387335777282715,407.37823486328125,1.0,65.11595916748047,65.1159610748291
G19,adam,auto,0,340,340,2.409806489944458,0.830085039138794,-320.56890869140625,-320.9596252441406,-319.656982421875,-47.33010482788086,-46.283668518066406,-50.07421875,710.3004760742188,732.0,667.0,734.0,906.0,172.0,18.984547461368653,81.01545253863135,3238,3238,0,338,532.446044921875,532.3931274414062,532.5315551757812,0.2337995320558548,0.23260270059108734,0.2873387336730957,0.22302484512329102,0.05105612799525261,411.53887939453125,1.0,65.30725622177124,65.30725908279419
G19,adam,auto,0,341,341,2.411259651184082,0.8295853137969971,-321.5009460449219,-321.9080505371094,-320.5507507324219,-46.79989242553711,-45.76136779785156,-49.51786422729492,712.197509765625,738.0,667.0,738.0,906.0,168.0,18.543046357615893,81.45695364238411,2187,2187,0,341,532.1094970703125,532.05322265625,532.202392578125,0.23555509746074677,0.2342836856842041,0.2930823564529419,0.22418653964996338,0.052718184888362885,415.78759765625,1.0,65.49904108047485,65.49904298782349
G19,adam,auto,0,342,342,2.4127144813537598,0.8290855884552002,-322.4399108886719,-322.8651123046875,-321.4495544433594,-46.26042175292969,-45.22706985473633,-48.97224044799805,714.037109375,740.0,658.0,740.0,906.0,166.0,18.322295805739515,81.67770419426049,5672,5672,0,342,531.769287109375,531.70947265625,531.8696899414062,0.23731599748134613,0.23596405982971191,0.2989593744277954,0.225348562002182,0.05437547713518143,420.1260070800781,1.0,65.69007015228271,65.69007205963135
G19,adam,auto,0,343,343,2.4141712188720703,0.8285858035087585,-323.385986328125,-323.83111572265625,-322.3531799316406,-45.7111930847168,-44.68012237548828,-48.416534423828125,715.8253173828125,741.0,658.0,741.0,906.0,165.0,18.211920529801326,81.78807947019868,9050,9050,0,343,531.42529296875,531.3619384765625,531.533447265625,0.2390819936990738,0.23764260113239288,0.30496475100517273,0.22651052474975586,0.05603041499853134,424.5560607910156,1.0,65.88179731369019,65.88180017471313
G19,adam,auto,0,344,344,2.4156296253204346,0.8280860185623169,-324.3395080566406,-324.8062744140625,-323.2613525390625,-45.15144348144531,-44.11936569213867,-47.85187530517578,718.1975708007812,740.0,658.0,741.0,906.0,165.0,18.211920529801326,81.78807947019868,5393,9050,0,343,531.0775756835938,531.0106811523438,531.193603515625,0.2408527433872223,0.2393205314874649,0.3110934793949127,0.2276717871427536,0.0576857253909111,429.0799865722656,0.9999999403953552,66.07068395614624,66.07068586349487
G19,adam,auto,0,345,345,2.4170897006988525,0.82758629322052,-325.30078125,-325.7908935546875,-324.1740417480469,-44.58016586303711,-43.54334259033203,-47.27971649169922,721.2935791015625,744.0,656.0,744.0,906.0,162.0,17.880794701986755,82.11920529801324,2187,2187,0,345,530.7261962890625,530.6556396484375,530.8502807617188,0.24262796342372894,0.24099743366241455,0.3173403739929199,0.22883126139640808,0.05934472382068634,433.7003479003906,1.0,66.26167821884155,66.26168012619019
G19,adam,auto,0,346,346,2.4185519218444824,0.8270865678787231,-326.2701110839844,-326.7850341796875,-325.0911560058594,-43.996150970458984,-42.95066833496094,-46.701690673828125,722.5883178710938,742.0,662.0,744.0,906.0,162.0,17.880794701986755,82.11920529801324,2187,2187,0,345,530.37109375,530.296875,530.50341796875,0.24440740048885345,0.24267306923866272,0.3237004280090332,0.22998768091201782,0.06100980192422867,438.4199523925781,1.0,66.45326805114746,66.45327091217041
G19,adam,auto,0,347,347,2.420015573501587,0.8265867829322815,-327.2478942871094,-327.78875732421875,-326.0128173828125,-43.398101806640625,-42.34028625488281,-46.11947250366211,723.3355712890625,745.0,662.0,745.0,906.0,161.0,17.770419426048566,82.22958057395144,9050,9050,0,347,530.0125122070312,529.9344482421875,530.1529541015625,0.24619072675704956,0.24434693157672882,0.33016857504844666,0.23113951086997986,0.06268366426229477,443.2414855957031,1.0,66.64346218109131,66.64346408843994
G19,adam,auto,0,348,348,2.421481132507324,0.8260870575904846,-328.23443603515625,-328.80206298828125,-326.93914794921875,-42.78474426269531,-41.711524963378906,-45.53443908691406,724.1203002929688,747.0,661.0,747.0,906.0,159.0,17.549668874172184,82.45033112582782,3211,3211,0,348,529.6502075195312,529.568359375,529.799072265625,0.2479776293039322,0.24601873755455017,0.33673959970474243,0.2322853058576584,0.06436939537525177,448.1672668457031,1.0,66.8368272781372,66.83682918548584
G19,adam,auto,0,349,349,2.4229483604431152,0.825587272644043,-329.2300720214844,-329.8249206542969,-327.87054443359375,-42.15493392944336,-41.06389236450195,-44.94709777832031,725.0640869140625,748.0,667.0,748.0,906.0,158.0,17.439293598233995,82.560706401766,4807,4807,0,349,529.2843627929688,529.1986083984375,529.4417114257812,0.24976778030395508,0.24768811464309692,0.34340837597846985,0.23342365026474,0.06606963276863098,453.1984558105469,0.9999999403953552,67.02693009376526,67.02693295478821
G19,adam,auto,0,350,350,2.424417495727539,0.8250875473022461,-330.23504638671875,-330.8571472167969,-328.8073425292969,-41.507686614990234,-40.39670181274414,-44.35670852661133,726.5465698242188,752.0,667.0,752.0,906.0,154.0,16.997792494481235,83.00220750551877,9050,9050,0,350,528.9149169921875,528.8251953125,529.0809326171875,0.25156092643737793,0.24935480952262878,0.35016947984695435,0.23455330729484558,0.06778635829687119,458.3356628417969,1.0,67.21793723106384,67.21793913841248
G19,adam,auto,0,351,351,2.4258882999420166,0.8245878219604492,-331.24951171875,-331.898681640625,-329.75,-40.8422737121582,-39.709022521972656,-43.76133728027344,728.2579956054688,752.0,670.0,752.0,906.0,154.0,16.997792494481235,83.00220750551877,9050,9050,0,350,528.5420532226562,528.4482421875,528.7167358398438,0.2533567547798157,0.2510184049606323,0.357017457485199,0.23567330837249756,0.06952068209648132,463.57879638671875,1.0,67.41060829162598,67.41061019897461
G19,adam,auto,0,352,352,2.427360773086548,0.8240880370140076,-332.273681640625,-332.9494323730469,-330.6988525390625,-40.15825653076172,-38.99983215332031,-43.15845489501953,729.9384765625,753.0,665.0,753.0,906.0,153.0,16.887417218543046,83.11258278145695,4807,4807,0,352,528.1657104492188,528.0677490234375,528.3491821289062,0.25515496730804443,0.2526785731315613,0.3639465868473053,0.23678305745124817,0.07127276808023453,468.9269714355469,1.0,67.60820412635803,67.60820603370667
G19,adam,auto,0,353,353,2.428835153579712,0.8235883116722107,-333.3074951171875,-334.00933837890625,-331.6545104980469,-39.45545959472656,-38.26836013793945,-42.545799255371094,731.7509765625,753.0,667.0,753.0,906.0,153.0,16.887417218543046,83.11258278145695,107,4807,0,352,527.7858276367188,527.6837768554688,527.978271484375,0.25695526599884033,0.2543350160121918,0.3709510862827301,0.23788216710090637,0.07304109632968903,474.3786315917969,1.0,67.79911208152771,67.79911398887634
G19,adam,auto,0,354,354,2.430311679840088,0.823088526725769,-334.3509521484375,-335.07843017578125,-332.6171875,-38.73383712768555,-37.51435470581055,-41.921791076660156,733.33740234375,756.0,664.0,756.0,906.0,150.0,16.556291390728475,83.44370860927152,340,340,0,354,527.402587890625,527.2962646484375,527.6040649414062,0.2587573826313019,0.2559874653816223,0.3780249059200287,0.23897050321102142,0.07482398301362991,479.9314880371094,0.9999999403953552,67.99120903015137,67.9912109375
G19,adam,auto,0,355,355,2.4317893981933594,0.8225888013839722,-335.40411376953125,-336.15673828125,-333.58734130859375,-37.99330139160156,-36.738067626953125,-41.28541564941406,734.7819213867188,757.0,666.0,757.0,906.0,149.0,16.445916114790286,83.5540838852097,32,32,0,355,527.0159301757812,526.9053955078125,527.227294921875,0.2605610489845276,0.25763553380966187,0.38516199588775635,0.24004769325256348,0.07661985605955124,485.5830993652344,1.0,68.18286800384521,68.18286991119385
G19,adam,auto,0,356,356,2.4332692623138428,0.8220890760421753,-336.4667663574219,-337.24444580078125,-334.56512451171875,-37.233619689941406,-35.93992233276367,-40.635955810546875,736.4699096679688,759.0,668.0,759.0,906.0,147.0,16.225165562913908,83.7748344370861,5,5,0,356,526.6259765625,526.510986328125,526.8478393554688,0.2623659372329712,0.2592790424823761,0.39235618710517883,0.24111312627792358,0.07842801511287689,491.3318176269531,1.0,68.37376427650452,68.37376618385315
G19,adam,auto,0,357,357,2.43475079536438,0.8215892910957336,-337.538818359375,-338.34161376953125,-335.55072021484375,-36.45441436767578,-35.12016677856445,-39.97295379638672,737.658203125,761.0,663.0,761.0,906.0,145.0,16.004415011037526,83.99558498896248,4035,4035,0,357,526.2327270507812,526.1132202148438,526.46533203125,0.26417186856269836,0.26091766357421875,0.3996013104915619,0.24216605722904205,0.08024828135967255,497.1768493652344,0.9999999403953552,68.56546521186829,68.56546711921692
G19,adam,auto,0,358,358,2.43623423576355,0.8210895657539368,-338.6201477050781,-339.44842529296875,-336.5442199707031,-35.655242919921875,-34.27864074707031,-39.2961540222168,738.719482421875,762.0,662.0,762.0,906.0,144.0,15.894039735099337,84.10596026490066,4035,4035,0,358,525.836181640625,525.712158203125,526.0797119140625,0.2659785747528076,0.26255112886428833,0.4068910777568817,0.24320556223392487,0.08208052068948746,503.1184387207031,0.9999999403953552,68.75831317901611,68.75831508636475
G19,adam,auto,0,359,359,2.4377195835113525,0.8205897808074951,-339.71063232421875,-340.5650329589844,-337.54559326171875,-34.835655212402344,-33.41471481323242,-38.6052360534668,739.9583740234375,764.0,679.0,764.0,906.0,142.0,15.673289183222957,84.32671081677704,331,331,0,359,525.4365234375,525.3077392578125,525.6912841796875,0.2677856981754303,0.2641792297363281,0.41421952843666077,0.24423077702522278,0.08392517268657684,509.1568298339844,1.0,68.94844317436218,68.94844603538513
G19,adam,auto,0,360,360,2.439206600189209,0.8200900554656982,-340.8102111816406,-341.691650390625,-338.55499267578125,-33.99519348144531,-32.52759552001953,-37.89944076538086,741.6478881835938,765.0,681.0,765.0,906.0,141.0,15.562913907284768,84.43708609271523,198,198,0,360,525.0335693359375,524.9000244140625,525.2998657226562,0.26959308981895447,0.26580166816711426,0.4215804636478424,0.24524086713790894,0.08578276634216309,515.2919921875,0.9999998807907104,69.14059615135193,69.14059805870056
G19,adam,auto,0,361,361,2.4406955242156982,0.8195903301239014,-341.9187927246094,-342.828369140625,-339.57232666015625,-33.13331985473633,-31.61673355102539,-37.17744064331055,742.2396240234375,765.0,685.0,765.0,906.0,141.0,15.562913907284768,84.43708609271523,0,198,0,360,524.62744140625,524.489013671875,524.9056396484375,0.271400511264801,0.2674182653427124,0.42896798253059387,0.24623499810695648,0.08765360713005066,521.5232543945312,1.0,69.33002614974976,69.33002805709839
G19,adam,auto,0,362,362,2.442186117172241,0.8190905451774597,-343.03643798828125,-343.97515869140625,-340.59759521484375,-32.24943923950195,-30.68206024169922,-36.4374885559082,743.0040283203125,765.0,681.0,765.0,906.0,141.0,15.562913907284768,84.43708609271523,42,198,0,360,524.2182006835938,524.0748901367188,524.508544921875,0.2732076942920685,0.26902875304222107,0.43637615442276,0.247212216258049,0.08953853696584702,527.8493041992188,1.0,69.52481627464294,69.52481818199158
G19,adam,auto,0,363,363,2.443678617477417,0.8185908198356628,-344.1632080078125,-345.1321105957031,-341.63067626953125,-31.342918395996094,-29.724040985107422,-35.677852630615234,744.1796875,769.0,687.0,769.0,906.0,137.0,15.121412803532008,84.87858719646799,1424,1424,0,363,523.805908203125,523.6575927734375,524.108642578125,0.2750144302845001,0.27063295245170593,0.4437989890575409,0.2481716275215149,0.09143854677677155,534.268310546875,1.0,69.71623110771179,69.71623301506042
G19,adam,auto,0,364,364,2.4451727867126465,0.8180910348892212,-345.2990417480469,-346.29913330078125,-342.6715087890625,-30.41318702697754,-28.743412017822266,-34.89714431762695,745.8613891601562,768.0,687.0,769.0,906.0,137.0,15.121412803532008,84.87858719646799,96,1424,0,363,523.3905029296875,523.237060546875,523.7060546875,0.2768205404281616,0.2722305655479431,0.4512307047843933,0.24911244213581085,0.09335386008024216,540.777099609375,0.9999998807907104,69.90663313865662,69.90663504600525
G19,adam,auto,0,365,365,2.446669101715088,0.8175913095474243,-346.44415283203125,-347.47607421875,-343.72003173828125,-29.459850311279297,-27.740894317626953,-34.094276428222656,748.4295043945312,770.0,691.0,770.0,906.0,136.0,15.01103752759382,84.98896247240619,95,95,0,365,522.9721069335938,522.8134155273438,523.30078125,0.2786257565021515,0.27382147312164307,0.4586653709411621,0.2500341236591339,0.09528448432683945,547.3709716796875,1.0,70.09673810005188,70.09674000740051
G19,adam,auto,0,366,366,2.448166847229004,0.8170915842056274,-347.5986022949219,-348.6626892089844,-344.77618408203125,-28.482769012451172,-26.71700096130371,-33.2682991027832,750.5009155273438,770.0,694.0,770.0,906.0,136.0,15.01103752759382,84.98896247240619,95,95,0,365,522.5507202148438,522.38671875,522.8928833007812,0.280429869890213,0.2754053771495819,0.46609705686569214,0.2509365677833557,0.09722960740327835,554.0435791015625,1.0,70.29281902313232,70.29282188415527
G19,adam,auto,0,367,367,2.449666738510132,0.8165917992591858,-348.762451171875,-349.8588562011719,-345.83990478515625,-27.482070922851562,-25.672033309936523,-32.41825866699219,752.3436279296875,770.0,703.0,770.0,906.0,136.0,15.01103752759382,84.98896247240619,80,95,0,365,522.1264038085938,521.95703125,522.4822998046875,0.2822328209877014,0.2769821882247925,0.4735201895236969,0.2518199682235718,0.099188432097435,560.7869262695312,1.0,70.4825291633606,70.48253202438354
G19,adam,auto,0,368,368,2.4511685371398926,0.8160920739173889,-349.9357604980469,-351.064453125,-346.9111022949219,-26.45817756652832,-24.60620880126953,-31.54318618774414,753.4658203125,771.0,708.0,771.0,906.0,135.0,14.900662251655628,85.09933774834437,189,189,0,368,521.6990966796875,521.5242309570312,522.069091796875,0.2840343117713928,0.2785516381263733,0.48092877864837646,0.25268492102622986,0.10115942358970642,567.5918579101562,1.0,70.67495608329773,70.67495799064636
G19,adam,auto,0,369,369,2.452672004699707,0.8155922889709473,-351.1185607910156,-352.279296875,-347.98980712890625,-25.41170310974121,-23.519866943359375,-30.642255783081055,754.1220092773438,773.0,708.0,773.0,906.0,133.0,14.67991169977925,85.32008830022075,3174,3174,0,369,521.2689819335938,521.0884399414062,521.6533203125,0.28583428263664246,0.2801136374473572,0.48831743001937866,0.2535322904586792,0.1031404361128807,574.4482421875,1.0,70.86435508728027,70.8643581867218
G19,adam,auto,0,370,370,2.4541773796081543,0.8150925636291504,-352.3108215332031,-353.50335693359375,-349.075927734375,-24.34339141845703,-22.413578033447266,-29.715044021606445,754.5780029296875,773.0,712.0,773.0,906.0,133.0,14.67991169977925,85.32008830022075,3174,3174,0,369,520.8359375,520.6497802734375,521.235107421875,0.2876325249671936,0.2816680073738098,0.49568042159080505,0.2543630599975586,0.1051296517252922,581.3458862304688,1.0000001192092896,71.05665111541748,71.05665397644043
G19,adam,auto,0,371,371,2.4556844234466553,0.8145928382873535,-353.5124816894531,-354.7366638183594,-350.16961669921875,-23.254047393798828,-21.28811264038086,-28.761667251586914,755.0291748046875,775.0,713.0,775.0,906.0,131.0,14.45916114790287,85.54083885209712,2401,2401,0,371,520.4000854492188,520.2081909179688,520.814208984375,0.2894289791584015,0.2832146883010864,0.503012478351593,0.2551782429218292,0.1071254089474678,588.2744750976562,1.0000001192092896,71.24860334396362,71.24860525131226
G19,adam,auto,0,372,372,2.457193613052368,0.8140930533409119,-354.723388671875,-355.9791259765625,-351.27069091796875,-22.14449119567871,-20.144248962402344,-27.78276824951172,755.461669921875,775.0,713.0,775.0,906.0,131.0,14.45916114790287,85.54083885209712,1186,2401,0,371,519.96142578125,519.7636108398438,520.3909301757812,0.2912234961986542,0.2847535312175751,0.5103082060813904,0.25597885251045227,0.10912635177373886,595.22412109375,0.9999999403953552,71.43874406814575,71.43874597549438
G19,adam,auto,0,373,373,2.4587042331695557,0.813593327999115,-355.9434509277344,-357.2308349609375,-352.37933349609375,-21.015531539916992,-18.982547760009766,-26.77942657470703,755.6676025390625,775.0,713.0,775.0,906.0,131.0,14.45916114790287,85.54083885209712,1045,2401,0,371,519.5198974609375,519.316162109375,519.9650268554688,0.2930159866809845,0.2862810790538788,0.5175626277923584,0.25676587224006653,0.11113128066062927,602.1854248046875,1.0,71.62990522384644,71.62990713119507
G19,adam,auto,0,374,374,2.460217237472534,0.8130935430526733,-357.1724853515625,-358.4916687011719,-353.495361328125,-19.86793327331543,-17.803268432617188,-25.753032684326172,755.8142700195312,775.0,716.0,775.0,906.0,131.0,14.45916114790287,85.54083885209712,1045,2401,0,371,519.0756225585938,518.8659057617188,519.5367431640625,0.29480645060539246,0.2877970337867737,0.5247707366943359,0.2575402557849884,0.11313920468091965,609.1494140625,1.0,71.82093119621277,71.82093405723572
G19,adam,auto,0,375,375,2.4617316722869873,0.8125938177108765,-358.41046142578125,-359.7618103027344,-354.61895751953125,-18.702375411987305,-16.606521606445312,-24.705242156982422,755.873291015625,775.0,716.0,775.0,906.0,131.0,14.45916114790287,85.54083885209712,1186,2401,0,371,518.6285400390625,518.4127197265625,519.1058959960938,0.29659467935562134,0.28930455446243286,0.5319279432296753,0.25830283761024475,0.11514944583177567,616.107177734375,0.9999999403953552,72.01262211799622,72.01262402534485
G19,adam,auto,0,376,376,2.4632482528686523,0.8120940923690796,-359.6571960449219,-361.04107666015625,-355.75006103515625,-17.519399642944336,-15.392387390136719,-23.637897491455078,756.0820922851562,775.0,716.0,775.0,906.0,131.0,14.45916114790287,85.54083885209712,4220,2401,0,371,518.1787109375,517.956787109375,518.6725463867188,0.2983808219432831,0.2908036708831787,0.539029598236084,0.25905439257621765,0.11716154962778091,623.050048828125,0.9999999403953552,72.20214509963989,72.20214700698853
G19,adam,auto,0,377,377,2.464766502380371,0.8115943074226379,-360.91265869140625,-362.3294677734375,-356.88885498046875,-16.319385528564453,-14.161022186279297,-22.55282974243164,756.4019775390625,774.0,716.0,775.0,906.0,131.0,14.45916114790287,85.54083885209712,1045,2401,0,371,517.72607421875,517.4979248046875,518.2366943359375,0.30016472935676575,0.29229438304901123,0.5460715293884277,0.2597954273223877,0.11917521059513092,629.96923828125,1.0,72.39171004295349,72.39171195030212
G19,adam,auto,0,378,378,2.4662866592407227,0.8110945224761963,-362.17681884765625,-363.6268005371094,-358.035400390625,-15.102559089660645,-12.912612915039062,-21.451629638671875,756.7061157226562,774.0,716.0,775.0,906.0,131.0,14.45916114790287,85.54083885209712,1045,2401,0,371,517.2706909179688,517.0363159179688,517.79833984375,0.3019464313983917,0.2937766909599304,0.5530496835708618,0.26052621006965637,0.1211903989315033,636.8562622070312,1.0,72.58444118499756,72.58444309234619
G19,adam,auto,0,379,379,2.467808961868286,0.8105947971343994,-363.44964599609375,-364.9330749511719,-359.189697265625,-13.869065284729004,-11.647407531738281,-20.33538818359375,756.9157104492188,774.0,714.0,775.0,906.0,131.0,14.45916114790287,85.54083885209712,1045,2401,0,371,516.8125,516.5718994140625,517.3574829101562,0.303725928068161,0.2952505946159363,0.5599603652954102,0.2612469792366028,0.12320707738399506,643.7028198242188,0.9999999403953552,72.77246332168579,72.77246522903442
G19,adam,auto,0,380,380,2.4693329334259033,0.8100950717926025,-364.731201171875,-366.24810791015625,-360.35198974609375,-12.619013786315918,-10.365592956542969,-19.204757690429688,757.1027221679688,774.0,714.0,775.0,906.0,131.0,14.45916114790287,85.54083885209712,1045,2401,0,371,516.3516235351562,516.1045532226562,516.9140625,0.3055032789707184,0.29671618342399597,0.5667999982833862,0.26195794343948364,0.12522558867931366,650.5006713867188,1.0,72.96519207954407,72.96519494056702
G19,adam,auto,0,381,381,2.4708588123321533,0.8095952868461609,-366.0215148925781,-367.57171630859375,-361.52215576171875,-11.352523803710938,-9.067237854003906,-18.060001373291016,757.2380981445312,774.0,714.0,775.0,906.0,131.0,14.45916114790287,85.54083885209712,1045,2401,0,371,515.8878784179688,515.6343994140625,516.468017578125,0.30727842450141907,0.2981735169887543,0.5735653638839722,0.2626592814922333,0.1272457093000412,657.242431640625,1.0,73.15652513504028,73.15652704238892
G19,adam,auto,0,382,382,2.472386360168457,0.809095561504364,-367.320556640625,-368.90399169921875,-362.7003479003906,-10.069746017456055,-7.752208709716797,-16.90108871459961,757.3707885742188,774.0,714.0,775.0,906.0,131.0,14.45916114790287,85.54083885209712,1045,2401,0,371,515.4213256835938,515.1614379882812,516.01953125,0.3090515732765198,0.29962262511253357,0.580253541469574,0.263351172208786,0.12926718592643738,663.9213256835938,1.0,73.34913420677185,73.3491370677948
G19,adam,auto,0,383,383,2.4739160537719727,0.8085957765579224,-368.6282653808594,-370.2447509765625,-363.886474609375,-8.770830154418945,-6.4202423095703125,-15.727825164794922,757.9215698242188,774.0,714.0,775.0,906.0,131.0,14.45916114790287,85.54083885209712,1045,2401,0,371,514.9520263671875,514.685546875,515.5682983398438,0.31082266569137573,0.3010636866092682,0.5868617296218872,0.2640339434146881,0.13128997385501862,670.53173828125,1.0,73.53749918937683,73.53750109672546
G19,adam,auto,0,384,384,2.475447654724121,0.8080960512161255,-369.9447937011719,-371.59405517578125,-365.0804748535156,-7.455902576446533,-5.0709686279296875,-14.540111541748047,758.6275024414062,775.0,715.0,775.0,906.0,131.0,14.45916114790287,85.54083885209712,1978,2401,0,371,514.4797973632812,514.2068481445312,515.114501953125,0.3125918209552765,0.3024967312812805,0.5933876037597656,0.2647075951099396,0.13331452012062073,677.0691528320312,0.9999999403953552,73.72983813285828,73.72984004020691
G19,adam,auto,0,385,385,2.4769811630249023,0.8075963258743286,-371.2699890136719,-372.951904296875,-366.28240966796875,-6.125055313110352,-3.704010009765625,-13.33807373046875,759.3088989257812,775.0,717.0,775.0,906.0,131.0,14.45916114790287,85.54083885209712,1978,2401,0,371,514.0048217773438,513.7252197265625,514.6580200195312,0.3143591284751892,0.3039218783378601,0.5998556017875671,0.26537227630615234,0.13534021377563477,683.5307006835938,1.0,73.91967535018921,73.91967725753784
G19,adam,auto,0,386,386,2.4785163402557373,0.807096540927887,-372.6038513183594,-374.3182373046875,-367.49212646484375,-4.778336524963379,-2.319019317626953,-12.12200927734375,760.6098022460938,775.0,716.0,775.0,906.0,131.0,14.45916114790287,85.54083885209712,1978,2401,0,371,513.5269165039062,513.24072265625,514.1988525390625,0.31612467765808105,0.30533933639526367,0.6063169836997986,0.2660279870033264,0.13736702501773834,689.9146728515625,0.9999999403953552,74.11006116867065,74.11006307601929
G19,adam,auto,0,387,387,2.480053663253784,0.8065968155860901,-373.94635009765625,-375.69317626953125,-368.7096252441406,-3.415766716003418,-0.9157638549804688,-10.892326354980469,762.0938110351562,775.0,716.0,775.0,906.0,131.0,14.45916114790287,85.54083885209712,1672,2401,0,371,513.0460815429688,512.753173828125,513.7369384765625,0.31788861751556396,0.3067491054534912,0.6126872897148132,0.2666747272014618,0.13939544558525085,696.2200317382812,1.0000001192092896,74.30150413513184,74.30150699615479
G19,adam,auto,0,388,388,2.4815926551818848,0.8060970306396484,-375.2974548339844,-377.0766296386719,-369.9349060058594,-2.037336826324463,0.5056991577148438,-9.649467468261719,762.6975708007812,777.0,718.0,777.0,906.0,129.0,14.23841059602649,85.76158940397352,5683,5683,0,388,512.5623779296875,512.2626953125,513.2723388671875,0.3196510672569275,0.3081514239311218,0.6189650297164917,0.2673123776912689,0.14142554998397827,702.446533203125,1.0000001192092896,74.49341106414795,74.49341297149658
G19,adam,auto,0,389,389,2.4831337928771973,0.8055973052978516,-376.6571044921875,-378.4686279296875,-371.1680908203125,-0.6430127024650574,1.9449348449707031,-8.393852233886719,763.0352783203125,778.0,719.0,778.0,906.0,128.0,14.1280353200883,85.8719646799117,1672,1672,0,389,512.0756225585938,511.76922607421875,512.8048706054688,0.321412056684494,0.30954644083976746,0.6251488924026489,0.2679409384727478,0.1434570997953415,708.5938110351562,1.0,74.68552923202515,74.6855320930481
G19,adam,auto,0,390,390,2.4846768379211426,0.8050975799560547,-378.0252990722656,-379.869140625,-372.40911865234375,0.767271101474762,3.4010848999023438,-7.125774383544922,763.3104248046875,778.0,719.0,778.0,906.0,128.0,14.1280353200883,85.8719646799117,1163,1672,0,389,511.5859069824219,511.27276611328125,512.3345336914062,0.32317185401916504,0.3109342157840729,0.6312379240989685,0.2685603201389313,0.1454901397228241,714.6615600585938,1.0,74.87546515464783,74.87546706199646
G19,adam,auto,0,391,391,2.4862217903137207,0.804597795009613,-379.402099609375,-381.27813720703125,-373.65814208984375,2.1936044692993164,4.8730621337890625,-5.845252990722656,763.5770263671875,779.0,719.0,779.0,906.0,127.0,14.01766004415011,85.9823399558499,385,385,0,391,511.0931091308594,510.77313232421875,511.861328125,0.32493045926094055,0.3123149871826172,0.6372312903404236,0.2691703140735626,0.14752471446990967,720.649169921875,1.0,75.06567215919495,75.06567406654358
G19,adam,auto,0,392,392,2.4877684116363525,0.8040980696678162,-380.7874755859375,-382.695556640625,-374.9153137207031,3.636061668395996,6.359733581542969,-4.551902770996094,763.8228149414062,779.0,719.0,779.0,906.0,127.0,14.01766004415011,85.9823399558499,217,385,0,391,510.5972900390625,510.2704162597656,511.38525390625,0.32668808102607727,0.31368887424468994,0.6431283950805664,0.26977086067199707,0.149560809135437,726.5559692382812,0.9999999403953552,75.25791692733765,75.25792002677917
G19,adam,auto,0,393,393,2.4893171787261963,0.8035982847213745,-382.181396484375,-384.12139892578125,-376.18072509765625,5.094679832458496,7.860076904296875,-3.2450027465820312,764.1004028320312,782.0,721.0,782.0,906.0,124.0,13.686534216335541,86.31346578366445,8021,8021,0,393,510.0983581542969,509.7645263671875,510.90618896484375,0.32844486832618713,0.31505605578422546,0.6489288806915283,0.2703620195388794,0.15159840881824493,732.3809204101562,1.0,75.44922518730164,75.44922804832458
G19,adam,auto,0,394,394,2.490867853164673,0.8030985593795776,-383.5839538574219,-385.5556335449219,-377.4545593261719,6.569420337677002,9.373397827148438,-1.923736572265625,764.4114990234375,782.0,721.0,782.0,906.0,124.0,13.686534216335541,86.31346578366445,8766,8021,0,393,509.59625244140625,509.2554931640625,510.4241027832031,0.3302009105682373,0.3164166510105133,0.6546323299407959,0.270943820476532,0.15363740921020508,738.1231079101562,1.0,75.63966917991638,75.63967108726501
G19,adam,auto,0,395,395,2.4924206733703613,0.8025988340377808,-384.9951171875,-386.9982604980469,-378.73687744140625,8.06016731262207,10.89935302734375,-0.5874481201171875,764.9846801757812,782.0,721.0,782.0,906.0,124.0,13.686534216335541,86.31346578366445,7355,8021,0,393,509.0909423828125,508.74322509765625,509.9389953613281,0.33195629715919495,0.31777089834213257,0.6602388024330139,0.27151644229888916,0.15567773580551147,743.7813720703125,0.9999999403953552,75.82948517799377,75.82948708534241
G19,adam,auto,0,396,396,2.4939751625061035,0.8020990490913391,-386.4149475097656,-388.4493103027344,-380.0277404785156,9.56673526763916,12.438018798828125,0.7642822265625,766.7593994140625,782.0,723.0,782.0,906.0,124.0,13.686534216335541,86.31346578366445,2476,8021,0,393,508.5823974609375,508.2276611328125,509.4508056640625,0.3337113559246063,0.3191188871860504,0.6657482981681824,0.2720801532268524,0.15771956741809845,749.3544921875,0.9999998807907104,76.02090120315552,76.02090311050415
G19,adam,auto,0,397,397,2.4955315589904785,0.8015993237495422,-387.8433532714844,-389.9088134765625,-381.3272705078125,11.088854789733887,13.989692687988281,2.131500244140625,767.4586791992188,785.0,723.0,785.0,906.0,121.0,13.35540838852097,86.64459161147903,380,380,0,397,508.0705871582031,507.7088623046875,508.95947265625,0.33546602725982666,0.32046082615852356,0.6711609363555908,0.2726353704929352,0.15976299345493317,754.841552734375,1.0,76.21182107925415,76.21182298660278
G19,adam,auto,0,398,398,2.4970901012420654,0.8010995388031006,-389.2803955078125,-391.376708984375,-382.63543701171875,12.626212120056152,15.554824829101562,3.5140151977539062,767.7402954101562,785.0,723.0,785.0,906.0,121.0,13.35540838852097,86.64459161147903,2,380,0,397,507.5554504394531,507.1866455078125,508.4649658203125,0.33722054958343506,0.32179680466651917,0.6764770746231079,0.2731826603412628,0.1618073433637619,760.2416381835938,1.0,76.40230298042297,76.4023048877716
G19,adam,auto,0,399,399,2.498650312423706,0.8005998134613037,-390.7260437011719,-392.85296630859375,-383.95233154296875,14.178443908691406,17.1337890625,4.911502838134766,768.147216796875,785.0,730.0,785.0,906.0,121.0,13.35540838852097,86.64459161147903,2,380,0,397,507.0369873046875,506.66107177734375,507.96722412109375,0.33897510170936584,0.32312706112861633,0.6816971302032471,0.27372249960899353,0.16385243833065033,765.553955078125,0.9999998807907104,76.5933141708374,76.59331607818604
G19,adam,auto,0,400,400,2.5002126693725586,0.8001000881195068,-392.1802978515625,-394.33770751953125,-385.27789306640625,15.745163917541504,18.726806640625,6.323688507080078,769.0289916992188,785.0,730.0,785.0,906.0,121.0,13.35540838852097,86.64459161147903,2,380,0,397,506.5151062011719,506.1320495605469,507.4662170410156,0.3407297432422638,0.324451744556427,0.6868217587471008,0.27425551414489746,0.1658986210823059,770.7774658203125,1.0,76.78529906272888,76.78530097007751
G19,adam,auto,0,401,401,2.501776933670044,0.7996003031730652,-393.6430969238281,-395.830810546875,-386.61224365234375,17.325992584228516,20.333816528320312,7.750373840332031,769.623779296875,786.0,730.0,786.0,906.0,120.0,13.245033112582782,86.75496688741723,9815,9815,0,401,505.98980712890625,505.5995788574219,506.9619140625,0.34248459339141846,0.3257710039615631,0.6918514966964722,0.2747822403907776,0.16794568300247192,775.9110107421875,1.0,76.9803261756897,76.98032808303833
G19,adam,auto,0,402,402,2.503343105316162,0.7991005778312683,-395.114501953125,-397.33233642578125,-387.955322265625,18.92055320739746,21.95465850830078,9.191375732421875,770.265380859375,786.0,730.0,786.0,906.0,120.0,13.245033112582782,86.75496688741723,1995,9815,0,401,505.4609375,505.0635681152344,506.4542236328125,0.34423989057540894,0.3270849883556366,0.6967871785163879,0.27530336380004883,0.16999328136444092,780.9537963867188,1.0000001192092896,77.17632627487183,77.17632818222046
G19,adam,auto,0,403,403,2.504911422729492,0.7986007928848267,-396.594482421875,-398.84222412109375,-389.3070983886719,20.528505325317383,23.589111328125,10.646492004394531,771.2459716796875,787.0,731.0,787.0,906.0,119.0,13.13465783664459,86.86534216335541,3174,3174,0,403,504.9285888671875,504.5240478515625,505.943115234375,0.3459957540035248,0.3283930718898773,0.701629638671875,0.2758193612098694,0.1720414012670517,785.9046020507812,1.0,77.37025213241577,77.37025499343872
G19,adam,auto,0,404,404,2.506481409072876,0.7981010675430298,-398.0830383300781,-400.3604736328125,-390.66766357421875,22.14956283569336,25.237144470214844,12.115478515625,772.7359008789062,790.0,731.0,790.0,906.0,116.0,12.803532008830022,87.19646799116998,5612,5612,0,404,504.3926086425781,503.9808654785156,505.42852783203125,0.3477522134780884,0.3296956419944763,0.706379771232605,0.2763307988643646,0.17409025132656097,790.7625122070312,1.0,77.56026601791382,77.56026792526245
G19,adam,auto,0,405,405,2.5080535411834717,0.7976013422012329,-399.5802307128906,-401.8870849609375,-392.0370788574219,23.78348731994629,26.898818969726562,13.598068237304688,773.79052734375,790.0,731.0,790.0,906.0,116.0,12.803532008830022,87.19646799116998,5612,5612,0,404,503.8530578613281,503.43408203125,504.91046142578125,0.3495095372200012,0.3309933841228485,0.7110386490821838,0.2768380343914032,0.17613984644412994,795.5267944335938,0.9999999403953552,77.75079107284546,77.75079298019409
G19,adam,auto,0,406,406,2.5096278190612793,0.7971015572547913,-401.0859375,-403.42205810546875,-393.4152526855469,25.430131912231445,28.574317932128906,15.094100952148438,775.0385131835938,790.0,735.0,790.0,906.0,116.0,12.803532008830022,87.19646799116998,87,5612,0,404,503.309814453125,502.8835754394531,504.3887939453125,0.3512677550315857,0.33228638768196106,0.7156074047088623,0.2773412764072418,0.178190216422081,800.197265625,1.0,77.94224524497986,77.94224715232849
G19,adam,auto,0,407,407,2.5112037658691406,0.7966018319129944,-402.6003112792969,-404.9654235839844,-394.8022766113281,27.089399337768555,30.263710021972656,16.603500366210938,776.047119140625,792.0,736.0,792.0,906.0,114.0,12.582781456953642,87.41721854304636,5612,5612,0,407,502.7627868652344,502.3293762207031,503.8635559082031,0.3530270755290985,0.33357492089271545,0.7200870513916016,0.2778407633304596,0.18024148046970367,804.7744140625,1.0,78.13350105285645,78.1335039138794
G19,adam,auto,0,408,408,2.512781858444214,0.7961020469665527,-404.12322998046875,-406.5171813964844,-396.19818115234375,28.76126480102539,31.967025756835938,18.126243591308594,776.9097900390625,792.0,736.0,792.0,906.0,114.0,12.582781456953642,87.41721854304636,87,5612,0,407,502.21209716796875,501.7713623046875,503.33465576171875,0.35478758811950684,0.33485907316207886,0.7244788408279419,0.27833643555641174,0.18229368329048157,809.2591552734375,1.0,78.32466411590576,78.3246660232544
G19,adam,auto,0,409,409,2.51436185836792,0.7956023216247559,-405.6547546386719,-408.07733154296875,-397.6029052734375,30.445762634277344,33.684112548828125,19.662307739257812,777.98291015625,792.0,739.0,792.0,906.0,114.0,12.582781456953642,87.41721854304636,87,5612,0,407,501.6575012207031,501.20953369140625,502.802001953125,0.3565494418144226,0.3361389636993408,0.7287840843200684,0.27882838249206543,0.18434715270996094,813.6527709960938,1.0000001192092896,78.51570200920105,78.51570391654968
G19,adam,auto,0,410,410,2.515944004058838,0.795102596282959,-407.1948547363281,-409.6458435058594,-399.0165100097656,32.14296340942383,35.41474914550781,21.2115478515625,779.0220947265625,794.0,739.0,794.0,906.0,112.0,12.362030905077262,87.63796909492274,87,87,0,410,501.0990905761719,500.643798828125,502.265625,0.3583127558231354,0.33741480112075806,0.733004093170166,0.27931639552116394,0.18640224635601044,817.9573364257812,1.0,78.70694518089294,78.70694708824158
G19,adam,auto,0,411,411,2.5175280570983887,0.7946028113365173,-408.7435607910156,-411.22271728515625,-400.43902587890625,33.852989196777344,37.1585693359375,22.773826599121094,780.1185302734375,794.0,738.0,794.0,906.0,112.0,12.362030905077262,87.63796909492274,5,87,0,410,500.5367431640625,500.07415771484375,501.7254333496094,0.36007755994796753,0.3386867046356201,0.7371401190757751,0.2798003852367401,0.18845926225185394,822.174560546875,1.0,78.89665412902832,78.89665603637695
G19,adam,auto,0,412,412,2.5191140174865723,0.7941030263900757,-410.3008117675781,-412.8079528808594,-401.8704833984375,35.5759391784668,38.9151611328125,24.349136352539062,781.4161987304688,797.0,738.0,797.0,906.0,109.0,12.030905077262693,87.96909492273731,331,331,0,412,499.9704895019531,499.5006103515625,501.181396484375,0.36184412240982056,0.33995485305786133,0.7411935925483704,0.28028008341789246,0.19051867723464966,826.3068237304688,1.0,79.08892512321472,79.08892703056335
G19,adam,auto,0,413,413,2.5207021236419678,0.7936033010482788,-411.86663818359375,-414.401611328125,-403.3109130859375,37.311912536621094,40.684112548828125,25.937522888183594,782.622802734375,797.0,736.0,797.0,906.0,109.0,12.030905077262693,87.96909492273731,1,331,0,412,499.40020751953125,498.92303466796875,500.6334228515625,0.36361247301101685,0.34121930599212646,0.7451658844947815,0.2807554304599762,0.19258056581020355,830.35595703125,1.0,79.27991199493408,79.27991509437561
G19,adam,auto,0,414,414,2.522292137145996,0.7931035757064819,-413.4410095214844,-416.0036315917969,-404.76025390625,39.06098175048828,42.465065002441406,27.539093017578125,783.5764770507812,799.0,736.0,799.0,906.0,107.0,11.810154525386313,88.18984547461369,2401,2401,0,414,498.8258972167969,498.3413391113281,500.08154296875,0.36538270115852356,0.34248027205467224,0.7490583658218384,0.2812262773513794,0.1946450024843216,834.3236694335938,0.9999999403953552,79.47074794769287,79.4707498550415
G19,adam,auto,0,415,415,2.5238842964172363,0.7926038503646851,-415.0239562988281,-417.61395263671875,-406.21856689453125,40.82316970825195,44.25782775878906,29.15386962890625,784.0831298828125,799.0,736.0,799.0,906.0,107.0,11.810154525386313,88.18984547461369,2401,2401,0,414,498.24749755859375,497.755615234375,499.525634765625,0.36715495586395264,0.3437378406524658,0.75287264585495,0.28169262409210205,0.19671155512332916,838.2113647460938,1.0000001192092896,79.66008114814758,79.66008305549622
G19,adam,auto,0,416,416,2.5254781246185303,0.7921040654182434,-416.6154479980469,-419.232666015625,-407.6859130859375,42.59845733642578,46.062339782714844,30.781768798828125,784.3596801757812,799.0,736.0,799.0,906.0,107.0,11.810154525386313,88.18984547461369,1714,2401,0,414,497.6649475097656,497.16571044921875,498.9656982421875,0.36892935633659363,0.34499219059944153,0.7566099762916565,0.2821544408798218,0.19877956807613373,842.0205078125,1.0000001192092896,79.85266733169556,79.85266923904419
G19,adam,auto,0,417,417,2.5270743370056152,0.7916042804718018,-418.2154541015625,-420.8597106933594,-409.1622009277344,44.38673782348633,47.87854766845703,32.42256164550781,784.581787109375,800.0,737.0,800.0,906.0,106.0,11.699779249448124,88.30022075055187,3174,3174,0,417,497.07830810546875,496.5716552734375,498.40167236328125,0.3707059323787689,0.34624341130256653,0.7602719664573669,0.2826119363307953,0.200848788022995,845.7521362304688,0.9999999403953552,80.04297804832458,80.04297995567322
G19,adam,auto,0,418,418,2.528672218322754,0.7911045551300049,-419.8240051269531,-422.4951171875,-410.64752197265625,46.187835693359375,49.70647430419922,34.07605743408203,784.8804931640625,800.0,737.0,800.0,906.0,106.0,11.699779249448124,88.30022075055187,31,3174,0,417,496.4873962402344,495.9733581542969,497.83349609375,0.37248480319976807,0.34749165177345276,0.7638599872589111,0.2830653190612793,0.20291924476623535,849.4070434570312,0.9999999403953552,80.23761510848999,80.23761820793152
G19,adam,auto,0,419,419,2.5302722454071045,0.790604829788208,-421.4410095214844,-424.1388244628906,-412.141845703125,48.001564025878906,51.546112060546875,35.742027282714844,785.8240966796875,800.0,737.0,800.0,906.0,106.0,11.699779249448124,88.30022075055187,31,3174,0,417,495.8922424316406,495.37078857421875,497.26116943359375,0.3742660880088806,0.3487369418144226,0.7673754692077637,0.28351494669914246,0.2049914002418518,852.9860229492188,0.9999999403953552,80.42730712890625,80.42730903625488
G19,adam,auto,0,420,420,2.531874656677246,0.7901050448417664,-423.0664978027344,-425.79083251953125,-413.6451110839844,49.82764434814453,53.397735595703125,37.42033386230469,786.365478515625,800.0,739.0,800.0,906.0,106.0,11.699779249448124,88.30022075055187,31,3174,0,417,495.29278564453125,494.7639465332031,496.68463134765625,0.37604987621307373,0.34997954964637756,0.7708200812339783,0.28396111726760864,0.20706553757190704,856.4898071289062,1.0,80.62321209907532,80.62321496009827
G19,adam,auto,0,421,421,2.5334787368774414,0.7896053194999695,-424.70050048828125,-427.45111083984375,-415.15740966796875,51.66585159301758,55.26103210449219,39.11083984375,786.7880249023438,801.0,739.0,801.0,906.0,105.0,11.589403973509933,88.41059602649007,4012,4012,0,421,494.6889953613281,494.1527404785156,496.10382080078125,0.3778361976146698,0.35121944546699524,0.7741949558258057,0.2844042479991913,0.2091410756111145,859.9189453125,1.0,80.81381106376648,80.81381297111511
G19,adam,auto,0,422,422,2.5350849628448486,0.7891055345535278,-426.3428955078125,-429.11962890625,-416.6785888671875,53.515907287597656,57.13697814941406,40.813507080078125,787.2265014648438,803.0,739.0,803.0,906.0,103.0,11.368653421633555,88.63134657836645,36,36,0,422,494.080810546875,493.53717041015625,495.5186767578125,0.3796251118183136,0.35245683789253235,0.7775017619132996,0.2848447561264038,0.21121759712696075,863.2740478515625,0.9999999403953552,81.00328207015991,81.00328397750854
G19,adam,auto,0,423,423,2.5366930961608887,0.788605809211731,-427.99371337890625,-430.79638671875,-418.2087707519531,55.37753677368164,59.02342224121094,42.528228759765625,787.6962890625,803.0,739.0,803.0,906.0,103.0,11.368653421633555,88.63134657836645,36,36,0,422,493.4682922363281,492.91717529296875,494.92926025390625,0.38141676783561707,0.35369178652763367,0.7807419300079346,0.28528299927711487,0.21329481899738312,866.5557861328125,0.9999999403953552,81.19313716888428,81.19314002990723
G19,adam,auto,0,424,424,2.5383033752441406,0.7881060838699341,-429.6528625488281,-432.4813232421875,-419.74786376953125,57.25054931640625,60.92475891113281,44.254974365234375,788.293212890625,803.0,743.0,803.0,906.0,103.0,11.368653421633555,88.63134657836645,18,36,0,422,492.8512878417969,492.292724609375,494.3354187011719,0.38321125507354736,0.35492441058158875,0.7839167714118958,0.28571921586990356,0.21537280082702637,869.764404296875,1.0,81.38547897338867,81.3854808807373
G19,adam,auto,0,425,425,2.5399155616760254,0.7876062989234924,-431.3203430175781,-434.1744384765625,-421.2943115234375,59.13475036621094,62.83348083496094,45.99372863769531,789.003173828125,804.0,743.0,804.0,906.0,102.0,11.258278145695364,88.74172185430463,1978,1978,0,425,492.229736328125,491.66375732421875,493.7371826171875,0.3850085437297821,0.35615479946136475,0.7870278358459473,0.28615376353263855,0.21745170652866364,872.9007568359375,1.0,81.57648801803589,81.57648992538452
G19,adam,auto,0,426,426,2.541530132293701,0.7871065735816956,-432.99609375,-435.87567138671875,-422.84674072265625,61.030025482177734,64.75713348388672,47.74439239501953,789.9744873046875,805.0,747.0,805.0,906.0,101.0,11.147902869757175,88.85209713024283,2401,2401,0,426,491.6037902832031,491.03033447265625,493.13446044921875,0.38680869340896606,0.3573830723762512,0.7900764346122742,0.286586731672287,0.2195320427417755,875.96533203125,1.0,81.76695728302002,81.76695919036865
G19,adam,auto,0,427,427,2.5431463718414307,0.7866067886352539,-434.68023681640625,-437.5850830078125,-424.407958984375,62.93626403808594,66.69332885742188,49.50689697265625,791.052001953125,805.0,747.0,805.0,906.0,101.0,11.147902869757175,88.85209713024283,2401,2401,0,426,490.97320556640625,490.3923034667969,492.52728271484375,0.3886118233203888,0.35860931873321533,0.7930639982223511,0.2870182394981384,0.22161425650119781,878.9591674804688,0.9999999403953552,81.95719504356384,81.95719695091248
G19,adam,auto,0,428,428,2.544764995574951,0.786107063293457,-436.37249755859375,-439.302490234375,-425.97796630859375,64.85337829589844,68.63693237304688,51.28118133544922,791.9302978515625,806.0,749.0,806.0,906.0,100.0,11.037527593818984,88.96247240618102,2401,2401,0,428,490.3380432128906,489.74969482421875,491.9155578613281,0.39041799306869507,0.35983362793922424,0.7959917783737183,0.28744837641716003,0.22369809448719025,881.8828735351562,1.0,82.15201902389526,82.1520209312439
G19,adam,auto,0,429,429,2.5463855266571045,0.7856073379516602,-438.072998046875,-441.0279846191406,-427.5567626953125,66.78136444091797,70.593017578125,53.06724548339844,792.5465087890625,808.0,749.0,808.0,906.0,98.0,10.816777041942604,89.1832229580574,2401,2401,0,429,489.69830322265625,489.1024475097656,491.29925537109375,0.3922271728515625,0.3610561192035675,0.7988613247871399,0.2878771126270294,0.2257833033800125,884.7376098632812,1.0,82.3419861793518,82.34198808670044
G19,adam,auto,0,430,430,2.5480079650878906,0.7851075530052185,-439.7816467285156,-442.76141357421875,-429.1442565917969,68.72020721435547,72.56033325195312,54.86515808105469,792.9586181640625,808.0,750.0,808.0,906.0,98.0,10.816777041942604,89.1832229580574,2401,2401,0,429,489.05389404296875,488.4505615234375,490.6783752441406,0.3940395712852478,0.3622768223285675,0.8016737103462219,0.2883044481277466,0.22786946594715118,887.5244140625,1.0,82.53324913978577,82.53325200080872
G19,adam,auto,0,431,431,2.5496327877044678,0.7846078276634216,-441.4984130859375,-444.5028381347656,-430.740478515625,70.66988372802734,74.54017639160156,56.67485809326172,793.459716796875,808.0,750.0,808.0,906.0,98.0,10.816777041942604,89.1832229580574,2401,2401,0,429,488.4047546386719,487.7939758300781,490.0528564453125,0.39585500955581665,0.3634958863258362,0.8044304251670837,0.288730263710022,0.22995637357234955,890.2443237304688,1.0,82.72381615638733,82.72381806373596
G19,adam,auto,0,432,432,2.5512595176696777,0.78410804271698,-443.22320556640625,-446.25213623046875,-432.3453674316406,72.63040161132812,76.525634765625,58.49629211425781,794.22119140625,809.0,752.0,809.0,906.0,97.0,10.706401766004415,89.29359823399558,2401,2401,0,432,487.7509460449219,487.1326599121094,489.42266845703125,0.39767369627952576,0.3647133409976959,0.8071327209472656,0.2891545295715332,0.23204436898231506,892.8984985351562,1.0,82.91602206230164,82.91602396965027
G19,adam,auto,0,433,433,2.5528883934020996,0.7836083173751831,-444.9559631347656,-448.00927734375,-433.95892333984375,74.6017074584961,78.52334594726562,60.32923126220703,795.3242797851562,809.0,752.0,809.0,906.0,97.0,10.706401766004415,89.29359823399558,1186,2401,0,432,487.0924072265625,486.46661376953125,488.78778076171875,0.39949560165405273,0.3659292757511139,0.8097817897796631,0.2895772457122803,0.23413428664207458,895.4876708984375,1.0,83.10707521438599,83.10707712173462
G19,adam,auto,0,434,434,2.5545191764831543,0.7831085920333862,-446.6968078613281,-449.77423095703125,-435.5810852050781,76.5838394165039,80.53453063964844,62.173309326171875,796.1423950195312,809.0,752.0,809.0,906.0,97.0,10.706401766004415,89.29359823399558,1186,2401,0,432,486.4290466308594,485.7958068847656,488.148193359375,0.4013207256793976,0.367143839597702,0.8123789429664612,0.289998322725296,0.23622572422027588,898.0128173828125,1.0000001192092896,83.2985270023346,83.29852890968323
G19,adam,auto,0,435,435,2.55615234375,0.7826088070869446,-448.4454040527344,-451.54693603515625,-437.2117614746094,78.57659912109375,82.55204772949219,64.02818298339844,796.519287109375,809.0,752.0,809.0,906.0,97.0,10.706401766004415,89.29359823399558,1186,2401,0,432,485.7608947753906,485.12017822265625,487.5037841796875,0.40314918756484985,0.3683570325374603,0.8149253129959106,0.29041793942451477,0.23831818997859955,900.474853515625,1.0000001192092896,83.48977613449097,83.4897780418396
G19,adam,auto,0,436,436,2.5577874183654785,0.7821090817451477,-450.201904296875,-453.3273620605469,-438.85101318359375,80.58002471923828,84.57940673828125,65.89349365234375,796.7991943359375,809.0,752.0,809.0,906.0,97.0,10.706401766004415,89.29359823399558,6,2401,0,432,485.0880126953125,484.43975830078125,486.8546142578125,0.40498092770576477,0.36956891417503357,0.8174222707748413,0.2908359467983246,0.24041137099266052,902.874267578125,0.9999999403953552,83.6797981262207,83.67980098724365
G19,adam,auto,0,437,437,2.559424638748169,0.781609296798706,-451.9661865234375,-455.1153869628906,-440.49871826171875,82.59394073486328,86.6192626953125,67.76910400390625,797.7230834960938,810.0,753.0,810.0,906.0,96.0,10.596026490066226,89.40397350993378,1131,1131,0,437,484.4101867675781,483.7544250488281,486.20062255859375,0.4068160355091095,0.3707796335220337,0.8198707699775696,0.29125261306762695,0.24250605702400208,905.2117919921875,1.0,83.87157917022705,83.87158107757568
G19,adam,auto,0,438,438,2.561063766479492,0.7811095714569092,-453.7381896972656,-456.91107177734375,-442.1549072265625,84.6181640625,88.66873168945312,69.6547622680664,798.9779052734375,810.0,752.0,810.0,906.0,96.0,10.596026490066226,89.40397350993378,49,1131,0,437,483.7274475097656,483.06427001953125,485.5417785644531,0.40865448117256165,0.3719891905784607,0.8222721219062805,0.2916680574417114,0.2446027547121048,907.488037109375,0.9999999403953552,84.0629870891571,84.06298899650574
G19,adam,auto,0,439,439,2.5627052783966064,0.7806098461151123,-455.5179138183594,-458.7142333984375,-443.8194274902344,86.65258026123047,90.728759765625,71.55087280273438,799.9191284179688,810.0,752.0,810.0,906.0,96.0,10.596026490066226,89.40397350993378,16,1131,0,437,483.0398864746094,482.36920166015625,484.87811279296875,0.410496324300766,0.3731977045536041,0.8246273398399353,0.29208236932754517,0.24670103192329407,909.703369140625,1.0,84.25338125228882,84.25338315963745
G19,adam,auto,0,440,440,2.5643486976623535,0.7801100611686707,-457.3052062988281,-460.5248107910156,-445.4922790527344,88.69709014892578,92.7957763671875,73.45689392089844,800.223388671875,810.0,752.0,810.0,906.0,96.0,10.596026490066226,89.40397350993378,16,1131,0,437,482.347412109375,481.669189453125,484.20947265625,0.41234150528907776,0.3744052052497864,0.8269374966621399,0.2924956977367401,0.24880018830299377,911.8583984375,1.0,84.4431540966034,84.44315600395203
G19,adam,auto,0,441,441,2.5659942626953125,0.7796103358268738,-459.1000061035156,-462.3427429199219,-447.1734619140625,90.75143432617188,94.87774658203125,75.37423706054688,800.680419921875,811.0,752.0,811.0,906.0,95.0,10.485651214128035,89.51434878587196,3722,3722,0,441,481.64990234375,480.9642639160156,483.53594970703125,0.4141900837421417,0.3756117820739746,0.8292039036750793,0.2929082214832306,0.25090011954307556,913.9536743164062,1.0000001192092896,84.63779830932617,84.6378002166748
G19,adam,auto,0,442,442,2.5676419734954834,0.7791105508804321,-460.9023132324219,-464.1680908203125,-448.86279296875,92.81549835205078,96.96563720703125,77.30021667480469,800.9210815429688,812.0,753.0,812.0,906.0,94.0,10.375275938189846,89.62472406181016,7053,7053,0,442,480.947509765625,480.25439453125,482.8575134277344,0.41604211926460266,0.3768174648284912,0.831427276134491,0.29332005977630615,0.2530005872249603,915.989501953125,0.9999999403953552,84.82713031768799,84.82713222503662
G19,adam,auto,0,443,443,2.569291830062866,0.7786108255386353,-462.7119140625,-466.0006103515625,-450.56036376953125,94.88919830322266,99.06643676757812,79.239990234375,801.2293701171875,812.0,751.0,812.0,906.0,94.0,10.375275938189846,89.62472406181016,380,7053,0,442,480.2401123046875,479.5395202636719,482.1741027832031,0.4178975224494934,0.37802237272262573,0.8336088061332703,0.29373130202293396,0.2551017701625824,917.9664306640625,1.0000001192092896,85.01699995994568,85.01700186729431
G19,adam,auto,0,444,444,2.570943593978882,0.7781111001968384,-464.5289611816406,-467.8403625488281,-452.26605224609375,96.97234344482422,101.17083740234375,81.18511962890625,801.664794921875,813.0,751.0,813.0,906.0,93.0,10.264900662251655,89.73509933774834,7128,7128,0,444,479.5277099609375,478.8196105957031,481.48565673828125,0.41975638270378113,0.3792264461517334,0.8357494473457336,0.29414212703704834,0.25720345973968506,919.8848876953125,0.9999999403953552,85.20954298973083,85.20954585075378
G19,adam,auto,0,445,445,2.5725977420806885,0.7776113152503967,-466.35321044921875,-469.6871337890625,-453.97979736328125,99.06484985351562,103.29244995117188,83.14501953125,802.0457763671875,815.0,754.0,815.0,906.0,91.0,10.044150110375275,89.95584988962473,2,2,0,445,478.81024169921875,478.0947265625,480.792236328125,0.42161861062049866,0.38042986392974854,0.8378503322601318,0.2945525050163269,0.25930556654930115,921.745361328125,1.0000001192092896,85.40032005310059,85.40032315254211
G19,adam,auto,0,446,446,2.574254035949707,0.7771115899085999,-468.1846008300781,-471.54095458984375,-455.70147705078125,101.16667175292969,105.41908264160156,85.11445617675781,803.1735229492188,815.0,754.0,815.0,906.0,91.0,10.044150110375275,89.95584988962473,2,2,0,445,478.0877380371094,477.36480712890625,480.0937805175781,0.42348426580429077,0.38163259625434875,0.8399121761322021,0.29496240615844727,0.2614082098007202,923.5484619140625,0.9999999403953552,85.59242296218872,85.59242486953735
G19,adam,auto,0,447,447,2.5759124755859375,0.7766118049621582,-470.0231018066406,-473.4017333984375,-457.43115234375,103.27757263183594,107.55287170410156,87.09085083007812,803.7064819335938,817.0,754.0,817.0,906.0,89.0,9.823399558498897,90.17660044150111,2,2,0,447,477.3601989746094,476.62982177734375,479.3902587890625,0.4253532886505127,0.38283392786979675,0.8419360518455505,0.2953720688819885,0.26351308822631836,925.294677734375,1.0000001192092896,85.78333330154419,85.78333520889282
G19,adam,auto,0,448,448,2.577572822570801,0.7761120796203613,-471.86859130859375,-475.2694091796875,-459.16864013671875,105.39775085449219,109.69990539550781,89.08016967773438,804.2164916992188,817.0,754.0,817.0,906.0,89.0,9.823399558498897,90.17660044150111,2,2,0,447,476.6275939941406,475.8898010253906,478.68170166015625,0.4272257387638092,0.3840346336364746,0.8439227342605591,0.29578107595443726,0.26562023162841797,926.9840698242188,1.0,85.97400212287903,85.97400498390198
G19,adam,auto,0,449,449,2.579235315322876,0.7756123542785645,-473.7210998535156,-477.14385986328125,-460.91400146484375,107.52677154541016,111.85609436035156,91.08096313476562,804.12841796875,817.0,754.0,817.0,906.0,89.0,9.823399558498897,90.17660044150111,2,2,0,447,475.889892578125,475.1446838378906,477.968017578125,0.4291015863418579,0.3852348029613495,0.845873236656189,0.2961899936199188,0.26773011684417725,928.6179809570312,0.9999999403953552,86.16601705551147,86.16601896286011
G19,adam,auto,0,450,450,2.580900192260742,0.7751125693321228,-475.5804138183594,-479.0249328613281,-462.6671142578125,109.66484832763672,114.01376342773438,93.08816528320312,804.2033081054688,817.0,754.0,817.0,906.0,89.0,9.823399558498897,90.17660044150111,2,2,0,447,475.1470947265625,474.39447021484375,477.249267578125,0.4309808015823364,0.38643452525138855,0.8477884531021118,0.29659831523895264,0.26984161138534546,930.1959228515625,0.9999999403953552,86.35719037055969,86.35719299316406
G19,adam,auto,0,451,451,2.582566976547241,0.7746127843856812,-477.4464416503906,-480.91265869140625,-464.4278259277344,111.81189727783203,116.18975830078125,95.10589599609375,804.3048095703125,817.0,755.0,817.0,906.0,89.0,9.823399558498897,90.17660044150111,2,2,0,447,474.39910888671875,473.63916015625,476.525390625,0.43286338448524475,0.38763388991355896,0.8496690988540649,0.29700613021850586,0.2719552516937256,931.7191772460938,1.0,86.55238723754883,86.55238914489746
G19,adam,auto,0,452,452,2.5842361450195312,0.7741130590438843,-479.31915283203125,-482.806884765625,-466.1961669921875,113.9675521850586,118.36915588378906,97.13629150390625,804.6447143554688,817.0,755.0,817.0,906.0,89.0,9.823399558498897,90.17660044150111,2,2,0,447,473.6460876464844,472.87872314453125,475.79632568359375,0.4347492456436157,0.38883283734321594,0.8515159487724304,0.29741370677948,0.27407094836235046,933.1881103515625,1.0,86.74727201461792,86.74727392196655
G19,adam,auto,0,453,453,2.585907220840454,0.7736133337020874,-481.198486328125,-484.70758056640625,-467.9720458984375,116.13207244873047,120.5545654296875,99.17405700683594,804.8699951171875,817.0,755.0,817.0,906.0,89.0,9.823399558498897,90.17660044150111,2,2,0,447,472.8879089355469,472.1131591796875,475.0621643066406,0.4366385042667389,0.39003151655197144,0.8533299565315247,0.29782065749168396,0.27618810534477234,934.6025390625,0.9999999403953552,86.93948221206665,86.93948411941528
G19,adam,auto,0,454,454,2.587580680847168,0.7731135487556458,-483.0843505859375,-486.6146240234375,-469.75531005859375,118.30512237548828,122.75657653808594,101.21978759765625,804.9669189453125,817.0,756.0,817.0,906.0,89.0,9.823399558498897,90.17660044150111,2,2,0,447,472.12451171875,471.3424987792969,474.3228454589844,0.4385310709476471,0.39122992753982544,0.855111837387085,0.29822733998298645,0.27830588817596436,935.9636840820312,1.0,87.13312220573425,87.13312411308289
G19,adam,auto,0,455,455,2.5892560482025146,0.7726138234138489,-484.9765930175781,-488.5279235839844,-471.5460205078125,120.48670196533203,124.9595947265625,103.27755737304688,805.0358276367188,817.0,756.0,817.0,906.0,89.0,9.823399558498897,90.17660044150111,2,2,0,447,471.3559875488281,470.566650390625,473.57830810546875,0.44042688608169556,0.39242810010910034,0.8568623065948486,0.2986335754394531,0.2804238796234131,937.2713623046875,0.9999999403953552,87.3260931968689,87.32609510421753
G19,adam,auto,0,456,456,2.5909340381622314,0.7721140384674072,-486.8751525878906,-490.44732666015625,-473.3439636230469,122.67668914794922,127.17097473144531,105.34437561035156,805.6724853515625,818.0,756.0,818.0,906.0,88.0,9.713024282560706,90.28697571743929,54,54,0,456,470.5823059082031,469.78570556640625,472.82861328125,0.4423259496688843,0.3936260938644409,0.858582079410553,0.299039363861084,0.282542884349823,938.5261840820312,1.0,87.52266025543213,87.52266216278076
G19,adam,auto,0,457,457,2.592613697052002,0.7716143131256104,-488.7799987792969,-492.3729248046875,-475.149169921875,124.8747787475586,129.39559936523438,107.41899108886719,806.475830078125,818.0,756.0,818.0,906.0,88.0,9.713024282560706,90.28697571743929,2,54,0,456,469.8033447265625,468.99957275390625,472.0736999511719,0.44422829151153564,0.39482393860816956,0.8602719306945801,0.29944512248039246,0.2846645414829254,939.7284545898438,1.0,87.71695113182068,87.71695303916931
G19,adam,auto,0,458,458,2.5942959785461426,0.7711145877838135,-490.6908874511719,-494.30438232421875,-476.96148681640625,127.08118438720703,131.62742614746094,109.50238037109375,806.8878784179688,818.0,756.0,818.0,906.0,88.0,9.713024282560706,90.28697571743929,67,54,0,456,469.019287109375,468.208251953125,471.3135986328125,0.4461337924003601,0.3960217833518982,0.8619325757026672,0.29985037446022034,0.2867881953716278,940.8782348632812,0.9999999403953552,87.9082670211792,87.90826892852783
G19,adam,auto,0,459,459,2.595980167388916,0.7706148028373718,-492.60784912109375,-496.2417297363281,-478.78082275390625,129.2954864501953,133.85989379882812,111.59695434570312,807.2703857421875,818.0,756.0,818.0,906.0,88.0,9.713024282560706,90.28697571743929,6,54,0,456,468.23004150390625,467.41180419921875,470.54827880859375,0.44804248213768005,0.3972195088863373,0.8635647296905518,0.30025556683540344,0.28891292214393616,941.976318359375,1.0,88.09971308708191,88.09971499443054
G19,adam,auto,0,460,460,2.5976665019989014,0.770115077495575,-494.5307922363281,-498.18487548828125,-480.60723876953125,131.5176544189453,136.10853576660156,113.69802856445312,808.6865844726562,820.0,757.0,820.0,906.0,86.0,9.492273730684326,90.50772626931567,481,481,0,460,467.435546875,466.61016845703125,469.7776794433594,0.4499543011188507,0.39841726422309875,0.8651688694953918,0.30066055059432983,0.29103875160217285,943.0225830078125,1.0,88.29200005531311,88.29200196266174
G19,adam,auto,0,461,461,2.5993552207946777,0.7696152925491333,-496.4595031738281,-500.1336669921875,-482.44036865234375,133.74777221679688,138.3648223876953,115.80799865722656,809.0819702148438,820.0,758.0,820.0,906.0,86.0,9.492273730684326,90.50772626931567,198,481,0,460,466.6358642578125,465.8033447265625,469.00189208984375,0.45186924934387207,0.3996150493621826,0.8667457699775696,0.3010651767253876,0.2931656241416931,944.0173950195312,1.0,88.48148107528687,88.4814829826355
G19,adam,auto,0,462,462,2.601046085357666,0.7691155672073364,-498.39404296875,-502.08807373046875,-484.2804260253906,135.9854278564453,140.6210174560547,117.92741394042969,809.3436889648438,820.0,758.0,820.0,906.0,86.0,9.492273730684326,90.50772626931567,0,481,0,460,465.83099365234375,464.9913330078125,468.2208251953125,0.453787237405777,0.40081292390823364,0.8682960271835327,0.3014698028564453,0.2952921688556671,944.9615478515625,0.9999999403953552,88.6719970703125,88.67199897766113
G19,adam,auto,0,463,463,2.602739095687866,0.7686158418655396,-500.3341979980469,-504.0479431152344,-486.1271667480469,138.2307586669922,142.89236450195312,120.051513671875,809.7048950195312,822.0,756.0,822.0,906.0,84.0,9.271523178807946,90.72847682119205,994,994,0,463,465.0209045410156,464.1741638183594,467.43450927734375,0.4557083249092102,0.4020109474658966,0.8698202967643738,0.30187419056892395,0.2974180281162262,945.854736328125,0.9999998807907104,88.86395335197449,88.86395525932312
G19,adam,auto,0,464,464,2.6044342517852783,0.7681160569190979,-502.2799377441406,-506.01324462890625,-487.98046875,140.4837646484375,145.17022705078125,122.19161987304688,810.7443237304688,822.0,756.0,822.0,906.0,84.0,9.271523178807946,90.72847682119205,21,994,0,463,464.2055358886719,463.351806640625,466.6429443359375,0.4576323628425598,0.40320906043052673,0.8713191151618958,0.3022780120372772,0.2995443046092987,946.6975708007812,0.9999999403953552,89.0533881187439,89.05339097976685
G19,adam,auto,0,465,465,2.6061317920684814,0.767616331577301,-504.2311096191406,-507.9837646484375,-489.84033203125,142.74415588378906,147.45498657226562,124.33343505859375,811.8914794921875,823.0,756.0,823.0,906.0,83.0,9.161147902869757,90.83885209713024,2401,2401,0,465,463.385009765625,462.52423095703125,465.8461608886719,0.4595593810081482,0.40440744161605835,0.8727930784225464,0.30268171429634094,0.3016730546951294,947.49072265625,1.0,89.2444281578064,89.24443006515503
G19,adam,auto,0,466,466,2.6078314781188965,0.7671165466308594,-506.1876525878906,-509.9595031738281,-491.70660400390625,145.0121612548828,149.74075317382812,126.47967529296875,812.7053833007812,823.0,756.0,823.0,906.0,83.0,9.161147902869757,90.83885209713024,1186,2401,0,465,462.55926513671875,461.6915283203125,465.0516052246094,0.46148931980133057,0.40560606122016907,0.8742427229881287,0.3030846416950226,0.30380335450172424,948.2341918945312,1.0,89.43798422813416,89.4379870891571
G19,adam,auto,0,467,467,2.6095333099365234,0.7666168212890625,-508.1495056152344,-511.94036865234375,-493.57928466796875,147.28768920898438,152.0470428466797,128.64944458007812,813.4077758789062,824.0,757.0,824.0,906.0,82.0,9.050772626931566,90.94922737306844,1672,1672,0,467,461.7282409667969,460.85357666015625,464.25189208984375,0.46342217922210693,0.4068048894405365,0.8756686449050903,0.30348697304725647,0.30593350529670715,948.9288940429688,1.0,89.63036608695984,89.63036799430847
G19,adam,auto,0,468,468,2.6112372875213623,0.7661170959472656,-510.1164855957031,-513.92626953125,-495.4581298828125,149.5707550048828,154.35220336914062,130.81097412109375,814.1995849609375,825.0,757.0,825.0,906.0,81.0,8.940397350993377,91.05960264900662,525,525,0,468,460.8919982910156,460.010498046875,463.4471435546875,0.46535781025886536,0.4080040752887726,0.8770713806152344,0.30388832092285156,0.3080633878707886,949.5750732421875,1.0,89.82380819320679,89.82381010055542
G19,adam,auto,0,469,469,2.6129438877105713,0.765617311000824,-512.0885009765625,-515.9171142578125,-497.3431396484375,151.8616180419922,156.6619415283203,132.98519897460938,814.593017578125,827.0,758.0,827.0,906.0,79.0,8.719646799116997,91.280353200883,1320,1320,0,469,460.05059814453125,459.1622314453125,462.63726806640625,0.4672962427139282,0.40920358896255493,0.8784513473510742,0.3042882978916168,0.31019309163093567,950.1734619140625,1.0,90.01900601387024,90.01900792121887
G19,adam,auto,0,470,470,2.614652395248413,0.7651175856590271,-514.0656127929688,-517.912841796875,-499.2341613769531,154.16004943847656,158.99179077148438,135.17604064941406,815.6246948242188,827.0,760.0,827.0,906.0,79.0,8.719646799116997,91.280353200883,36,1320,0,469,459.2038879394531,458.3087463378906,461.8222961425781,0.4692375063896179,0.4104034900665283,0.8798091411590576,0.3046870529651642,0.3123253881931305,950.7250366210938,1.0,90.21085500717163,90.21085691452026
G19,adam,auto,0,471,471,2.616363048553467,0.7646178007125854,-516.0477294921875,-519.9133911132812,-501.1312255859375,156.46617126464844,161.32032775878906,137.3628692626953,816.4826049804688,829.0,760.0,829.0,906.0,77.0,8.498896247240618,91.50110375275938,73,73,0,471,458.35211181640625,457.4500732421875,461.002197265625,0.4711814224720001,0.4116038382053375,0.881145179271698,0.3050842583179474,0.3144630491733551,951.2299194335938,0.9999999403953552,90.40599727630615,90.4060001373291
G19,adam,auto,0,472,472,2.6180760860443115,0.7641180753707886,-518.0345458984375,-521.918701171875,-503.03399658203125,158.77964782714844,163.6594696044922,139.56158447265625,817.082275390625,830.0,761.0,830.0,906.0,76.0,8.388520971302428,91.61147902869757,371,371,0,472,457.4949951171875,456.5863037109375,460.177001953125,0.47312799096107483,0.41280460357666016,0.8824600577354431,0.3054802417755127,0.31660985946655273,951.6889038085938,1.0,90.59486532211304,90.59486722946167
G19,adam,auto,0,473,473,2.6197915077209473,0.7636183500289917,-520.0261840820312,-523.9288330078125,-504.942626953125,161.10032653808594,166.0086212158203,141.7746124267578,817.7061157226562,831.0,767.0,831.0,906.0,75.0,8.278145695364238,91.72185430463576,18,18,0,473,456.6326599121094,455.71728515625,459.3466796875,0.47507724165916443,0.414005845785141,0.8837541937828064,0.30587518215179443,0.3187638819217682,952.1018676757812,0.9999999403953552,90.78654909133911,90.78655099868774
G19,adam,auto,0,474,474,2.621509075164795,0.76311856508255,-522.0225219726562,-525.9434814453125,-506.8568115234375,163.4281005859375,168.36376953125,143.98239135742188,818.1790161132812,834.0,767.0,834.0,906.0,72.0,7.947019867549669,92.05298013245033,2401,2401,0,474,455.76519775390625,454.8431396484375,458.51123046875,0.4770289957523346,0.4152076542377472,0.8850279450416565,0.3062691390514374,0.32092082500457764,952.4689331054688,1.0,90.97819924354553,90.97820115089417
G19,adam,auto,0,475,475,2.6232287883758545,0.7626188397407532,-524.0234375,-527.9627685546875,-508.77655029296875,165.76292419433594,170.72698974609375,146.20846557617188,819.043212890625,834.0,767.0,834.0,906.0,72.0,7.947019867549669,92.05298013245033,2401,2401,0,474,454.89239501953125,453.9638366699219,457.670654296875,0.4789833128452301,0.416409969329834,0.8862818479537964,0.3066619038581848,0.323079913854599,952.79052734375,0.9999999403953552,91.1685950756073,91.16859698295593
G19,adam,auto,0,476,476,2.624950885772705,0.7621190547943115,-526.0288696289062,-529.986572265625,-510.70172119140625,168.1047821044922,173.09426879882812,148.4356689453125,819.7449951171875,836.0,768.0,836.0,906.0,70.0,7.72626931567329,92.27373068432671,994,994,0,476,454.0145568847656,453.079345703125,456.82501220703125,0.4809401035308838,0.41761285066604614,0.8875163197517395,0.30705344676971436,0.3252403140068054,953.0670776367188,0.9999999403953552,91.35948419570923,91.35948610305786
G19,adam,auto,0,477,477,2.6266751289367676,0.7616193294525146,-528.0386352539062,-532.0147094726562,-512.6321411132812,170.4535675048828,175.4761199951172,150.67494201660156,820.9329223632812,840.0,768.0,840.0,906.0,66.0,7.28476821192053,92.71523178807946,2401,2401,0,477,453.13140869140625,452.1897277832031,455.9742126464844,0.4828993082046509,0.4188164174556732,0.8887317180633545,0.30744367837905884,0.32740169763565063,953.2991333007812,1.0,91.55518317222595,91.55518507957458
G19,adam,auto,0,478,478,2.628401756286621,0.7611196041107178,-530.0527954101562,-534.0473022460938,-514.5678100585938,172.809326171875,177.85791015625,152.91261291503906,823.4072875976562,840.0,769.0,840.0,906.0,66.0,7.28476821192053,92.71523178807946,2401,2401,0,477,452.24310302734375,451.294921875,455.1183166503906,0.4848608672618866,0.42002058029174805,0.8899285197257996,0.3078324794769287,0.32957443594932556,953.4868774414062,1.0,91.74352693557739,91.74352884292603
G19,adam,auto,0,479,479,2.6301305294036865,0.7606198191642761,-532.0711059570312,-536.0841064453125,-516.508544921875,175.1718292236328,180.2519989013672,155.16624450683594,824.3734741210938,840.0,771.0,840.0,906.0,66.0,7.28476821192053,92.71523178807946,1186,2401,0,477,451.3497009277344,450.3950500488281,454.25732421875,0.48682478070259094,0.4212253987789154,0.8911071419715881,0.30821987986564636,0.331753134727478,953.630859375,1.0,91.93409514427185,91.93409705162048
G19,adam,auto,0,480,480,2.631861686706543,0.7601200938224792,-534.093505859375,-538.1250610351562,-518.4541625976562,177.54078674316406,182.65216064453125,157.42459106445312,825.4827880859375,840.0,771.0,840.0,906.0,66.0,7.28476821192053,92.71523178807946,1045,2401,0,477,450.45098876953125,449.489990234375,453.39117431640625,0.48879092931747437,0.42243096232414246,0.8922678232192993,0.30860620737075806,0.3339329957962036,953.7310791015625,1.0,92.12545418739319,92.12545609474182
G19,adam,auto,0,481,481,2.6335949897766113,0.7596203088760376,-536.1199951171875,-540.1700439453125,-520.4046630859375,179.91622924804688,185.05865478515625,159.68450927734375,825.9963989257812,842.0,771.0,842.0,906.0,64.0,7.06401766004415,92.93598233995586,3260,3260,0,481,449.5472106933594,448.579833984375,452.51995849609375,0.49075931310653687,0.4236372411251068,0.8934110403060913,0.30899131298065186,0.3361121118068695,953.7875366210938,1.0,92.31712794303894,92.31713104248047
G19,adam,auto,0,482,482,2.63533091545105,0.7591205835342407,-538.1503295898438,-542.218994140625,-522.3599243164062,182.29769897460938,187.4709930419922,161.95596313476562,826.4752197265625,843.0,771.0,843.0,906.0,63.0,6.953642384105961,93.04635761589404,189,189,0,482,448.6383056640625,447.66455078125,451.64361572265625,0.49272987246513367,0.42484426498413086,0.8945372700691223,0.30937546491622925,0.3382895588874817,953.8006591796875,1.0000001192092896,92.50973415374756,92.50973701477051
G19,adam,auto,0,483,483,2.637068748474121,0.7586208581924438,-540.184326171875,-544.271728515625,-524.31982421875,184.68545532226562,189.89285278320312,164.23724365234375,827.3294067382812,843.0,770.0,843.0,906.0,63.0,6.953642384105961,93.04635761589404,80,189,0,482,447.7242126464844,446.744140625,450.76220703125,0.4947025179862976,0.42605218291282654,0.8956466913223267,0.3097582459449768,0.34046685695648193,953.7700805664062,1.0,92.70053815841675,92.70054006576538
G19,adam,auto,0,484,484,2.6388092041015625,0.7581210732460022,-542.221923828125,-546.3280029296875,-526.2840576171875,187.0792999267578,192.3182373046875,166.51902770996094,828.3231201171875,844.0,770.0,844.0,906.0,62.0,6.843267108167771,93.15673289183223,2401,2401,0,484,446.80499267578125,445.8186950683594,449.87567138671875,0.4966772198677063,0.4272609055042267,0.8967396020889282,0.31013959646224976,0.3426486849784851,953.6963500976562,1.0,92.89228129386902,92.89228320121765
G19,adam,auto,0,485,485,2.6405515670776367,0.7576212882995605,-544.262939453125,-548.3878784179688,-528.2528076171875,189.47885131835938,194.74996948242188,168.81024169921875,829.0642700195312,846.0,770.0,846.0,906.0,60.0,6.622516556291391,93.37748344370861,1186,1186,0,485,445.8806457519531,444.88812255859375,448.98406982421875,0.4986538589000702,0.4284704327583313,0.8978322148323059,0.3105199337005615,0.3448318541049957,953.57958984375,1.0,93.08301424980164,93.083016872406
G19,adam,auto,0,486,486,2.642296314239502,0.7571215629577637,-546.307373046875,-550.450927734375,-530.2257690429688,191.88389587402344,197.19451904296875,171.116943359375,829.9945068359375,846.0,770.0,846.0,906.0,60.0,6.622516556291391,93.37748344370861,1045,1186,0,485,444.9512023925781,443.95245361328125,448.08740234375,0.5006325244903564,0.4296809136867523,0.8989099860191345,0.31089937686920166,0.34701427817344666,953.41943359375,0.9999999403953552,93.27461314201355,93.27461504936218
G19,adam,auto,0,487,487,2.6440436840057373,0.7566218376159668,-548.3548583984375,-552.5172119140625,-532.2028198242188,194.29396057128906,199.63247680664062,173.41909790039062,830.6693725585938,846.0,772.0,846.0,906.0,60.0,6.622516556291391,93.37748344370861,340,1186,0,485,444.0166931152344,443.0117492675781,447.1856689453125,0.5026130080223083,0.4308893084526062,0.8999717831611633,0.311278373003006,0.34919610619544983,953.2157592773438,0.9999999403953552,93.46679830551147,93.46680021286011
G19,adam,auto,0,488,488,2.6457931995391846,0.7561220526695251,-550.4053955078125,-554.58642578125,-534.183837890625,196.70880126953125,202.08670043945312,175.7352294921875,831.1768798828125,846.0,775.0,846.0,906.0,60.0,6.622516556291391,93.37748344370861,5,1186,0,485,443.07708740234375,442.06597900390625,446.27886962890625,0.5045953989028931,0.43209847807884216,0.9010177850723267,0.3116571307182312,0.3513753116130829,952.9681396484375,1.0,93.65708017349243,93.65708208084106
G19,adam,auto,0,489,489,2.647545099258423,0.7556223273277283,-552.4588012695312,-556.6583862304688,-536.166748046875,199.12782287597656,204.53875732421875,178.055908203125,832.2058715820312,846.0,775.0,846.0,906.0,60.0,6.622516556291391,93.37748344370861,5,1186,0,485,442.13238525390625,441.1152038574219,445.3669738769531,0.5065794587135315,0.433308482170105,0.9020484685897827,0.3120363652706146,0.3535548150539398,952.6765747070312,1.0,93.84620118141174,93.84620308876038
G19,adam,auto,0,490,490,2.649299144744873,0.7551225423812866,-554.5149536132812,-558.7329711914062,-538.147705078125,201.5508270263672,206.99261474609375,180.38238525390625,832.72021484375,847.0,775.0,847.0,906.0,59.0,6.512141280353201,93.4878587196468,1777,1777,0,490,441.1827087402344,440.159423828125,444.4500427246094,0.5085652470588684,0.4345194399356842,0.9030641317367554,0.3124161958694458,0.35573482513427734,952.34033203125,1.0,94.03936910629272,94.03937196731567
G19,adam,auto,0,491,491,2.6510555744171143,0.7546228170394897,-556.57373046875,-560.8101196289062,-540.13232421875,203.9774932861328,209.45611572265625,182.7133026123047,832.9468994140625,847.0,775.0,847.0,906.0,59.0,6.512141280353201,93.4878587196468,95,1777,0,490,440.2279968261719,439.1986083984375,443.528076171875,0.5105526447296143,0.43573129177093506,0.9040651321411133,0.31279680132865906,0.3579122722148895,951.9594116210938,0.9999999403953552,94.22963619232178,94.22963809967041
G19,adam,auto,0,492,492,2.6528143882751465,0.7541230916976929,-558.6348876953125,-562.8895874023438,-542.12060546875,206.4075927734375,211.9173583984375,185.05606079101562,833.551513671875,848.0,775.0,848.0,906.0,58.0,6.401766004415011,93.59823399558499,454,454,0,492,439.2681884765625,438.2327880859375,442.6011047363281,0.5125415921211243,0.43694403767585754,0.905051589012146,0.3131783604621887,0.3600868880748749,951.5337524414062,1.0,94.42306518554688,94.42306709289551
G19,adam,auto,0,493,493,2.6545755863189697,0.7536233067512512,-560.6983032226562,-564.97119140625,-544.1123046875,208.84124755859375,214.37640380859375,187.39682006835938,833.8751220703125,848.0,777.0,848.0,906.0,58.0,6.401766004415011,93.59823399558499,40,454,0,492,438.3034973144531,437.26202392578125,441.6690979003906,0.5145320892333984,0.43815770745277405,0.9060239195823669,0.3135603368282318,0.36226069927215576,951.0632934570312,1.0,94.61444997787476,94.61445188522339
G19,adam,auto,0,494,494,2.656338930130005,0.7531235814094543,-562.7638549804688,-567.0548095703125,-546.1075439453125,211.2781524658203,216.85052490234375,189.75477600097656,833.9111938476562,848.0,779.0,848.0,906.0,58.0,6.401766004415011,93.59823399558499,16,454,0,492,437.33380126953125,436.28631591796875,440.7320556640625,0.5165240168571472,0.4393724501132965,0.9069889187812805,0.3139430582523346,0.3644319474697113,950.5487670898438,1.0,94.80554604530334,94.80554795265198
G19,adam,auto,0,495,495,2.65810489654541,0.7526237964630127,-564.831298828125,-569.1402587890625,-548.10595703125,213.71835327148438,219.31793212890625,192.10977172851562,833.9859008789062,848.0,783.0,848.0,906.0,58.0,6.401766004415011,93.59823399558499,16,454,0,492,436.3591003417969,435.3056640625,439.7900390625,0.5185173153877258,0.4405881464481354,0.907942533493042,0.31432604789733887,0.3666001856327057,949.9901733398438,1.0,94.9959192276001,94.99592113494873
G19,adam,auto,0,496,496,2.6598727703094482,0.7521240711212158,-566.9006958007812,-571.2272338867188,-550.1077270507812,216.16165161132812,221.78692626953125,194.47677612304688,834.465576171875,851.0,789.0,851.0,906.0,55.0,6.070640176600442,93.92935982339957,289,289,0,496,435.3794860839844,434.320068359375,438.843017578125,0.5205119252204895,0.44180479645729065,0.9088823795318604,0.31470948457717896,0.36876603960990906,949.3882446289062,0.9999999403953552,95.18656706809998,95.18656897544861
G19,adam,auto,0,497,497,2.6616432666778564,0.751624345779419,-568.9716796875,-573.315673828125,-552.112548828125,218.6079559326172,224.2669677734375,196.84808349609375,834.7412719726562,851.0,789.0,851.0,906.0,55.0,6.070640176600442,93.92935982339957,16,289,0,496,434.39495849609375,433.32965087890625,437.8909912109375,0.5225077867507935,0.44302257895469666,0.9098086953163147,0.31509318947792053,0.37093013525009155,948.7430419921875,1.0,95.37653422355652,95.37653708457947
G19,adam,auto,0,498,498,2.6634163856506348,0.7511245608329773,-571.0443115234375,-575.4053955078125,-554.120361328125,221.0572967529297,226.74383544921875,199.2247314453125,835.2631225585938,852.0,789.0,852.0,906.0,54.0,5.960264900662252,94.03973509933775,16,16,0,498,433.4056091308594,432.3343505859375,436.9340515136719,0.5245048403739929,0.444241464138031,0.9107215404510498,0.31547701358795166,0.37309324741363525,948.0550537109375,0.9999999403953552,95.56870412826538,95.56870603561401
G19,adam,auto,0,499,499,2.665191650390625,0.7506248354911804,-573.1182250976562,-577.4962768554688,-556.131103515625,223.5092010498047,229.22216796875,201.61102294921875,836.59228515625,852.0,793.0,852.0,906.0,54.0,5.960264900662252,94.03973509933775,0,16,0,498,432.4112854003906,431.33416748046875,435.97210693359375,0.5265029072761536,0.4454613924026489,0.9116215109825134,0.31586137413978577,0.3752579391002655,947.32470703125,1.0,95.75877714157104,95.75877904891968
G19,adam,auto,0,500,500,2.666969060897827,0.7501250505447388,-575.1934814453125,-579.5881958007812,-558.14453125,225.96380615234375,231.70565795898438,203.99658203125,837.677490234375,854.0,793.0,854.0,906.0,52.0,5.739514348785872,94.26048565121413,2,2,0,500,431.412109375,430.3292236328125,435.00518798828125,0.5285020470619202,0.4466816484928131,0.9125085473060608,0.31624606251716614,0.3774251937866211,946.5517578125,1.0,95.95048809051514,95.95048999786377
G19,adam,auto,0,501,501,2.6687490940093994,0.7496253252029419,-577.27001953125,-581.6810913085938,-560.1604614257812,228.42074584960938,234.19754028320312,206.39358520507812,839.5103149414062,856.0,795.0,856.0,906.0,50.0,5.518763796909492,94.4812362030905,0,0,0,501,430.408203125,429.3194580078125,434.03338623046875,0.5305021405220032,0.44790127873420715,0.9133830070495605,0.3166314363479614,0.37959298491477966,945.7367553710938,1.0,96.14496517181396,96.1449670791626
G19,adam,auto,0,502,502,2.6705315113067627,0.749125599861145,-579.3475952148438,-583.7749633789062,-562.178955078125,230.8798065185547,236.6732177734375,208.79629516601562,839.8983154296875,856.0,795.0,856.0,906.0,50.0,5.518763796909492,94.4812362030905,0,0,0,501,429.3994445800781,428.3049011230469,433.0566101074219,0.5325031876564026,0.4491221308708191,0.9142451882362366,0.3170176148414612,0.38176044821739197,944.8795166015625,1.0,96.34067106246948,96.34067392349243
G19,adam,auto,0,503,503,2.672316312789917,0.7486258149147034,-581.4262084960938,-585.86962890625,-564.19970703125,233.34088134765625,239.1708984375,211.19613647460938,840.0631713867188,856.0,795.0,856.0,906.0,50.0,5.518763796909492,94.4812362030905,0,0,0,501,428.3858947753906,427.28564453125,432.074951171875,0.5345050096511841,0.4503442943096161,0.9150952696800232,0.31740468740463257,0.3839249312877655,943.9799194335938,1.0,96.53290295600891,96.53290486335754
G19,adam,auto,0,504,504,2.674103260040283,0.7481260895729065,-583.5057983398438,-587.9651489257812,-566.2225952148438,235.80364990234375,241.66119384765625,213.61553955078125,840.6473999023438,856.0,796.0,856.0,906.0,50.0,5.518763796909492,94.4812362030905,0,0,0,501,427.3677062988281,426.2616271972656,431.08831787109375,0.5365075469017029,0.45156770944595337,0.9159336090087891,0.3177929222583771,0.38608700037002563,943.0382690429688,0.9999999403953552,96.72488212585449,96.72488498687744
G19,adam,auto,0,505,505,2.6758928298950195,0.7476263046264648,-585.5863037109375,-590.0614013671875,-568.2474365234375,238.2678985595703,244.14483642578125,216.03021240234375,840.942626953125,856.0,797.0,856.0,906.0,50.0,5.518763796909492,94.4812362030905,0,0,0,501,426.3446350097656,425.2329406738281,430.09686279296875,0.538510799407959,0.4527924060821533,0.9167602062225342,0.3181825876235962,0.38824689388275146,942.0541381835938,1.0,96.91580510139465,96.91580700874329
G19,adam,auto,0,506,506,2.677684783935547,0.747126579284668,-587.6674194335938,-592.1582641601562,-570.274169921875,240.73342895507812,246.6434326171875,218.45147705078125,841.7280883789062,856.0,797.0,856.0,906.0,50.0,5.518763796909492,94.4812362030905,0,0,0,501,425.3169860839844,424.1995849609375,429.10052490234375,0.5405146479606628,0.4540184736251831,0.9175755977630615,0.3185737729072571,0.3904038071632385,941.0277709960938,1.0,97.10703802108765,97.10703992843628
G19,adam,auto,0,507,507,2.679478883743286,0.7466268539428711,-589.7493286132812,-594.2557983398438,-572.302734375,243.20004272460938,249.1361083984375,220.88986206054688,842.8347778320312,856.0,797.0,856.0,906.0,50.0,5.518763796909492,94.4812362030905,0,0,0,501,424.2846374511719,423.16162109375,428.0993347167969,0.5425190329551697,0.4552459120750427,0.9183798432350159,0.3189666271209717,0.3925585448741913,939.959228515625,1.0,97.29878616333008,97.29878807067871
G19,adam,auto,0,508,508,2.6812756061553955,0.7461270689964294,-591.8316040039062,-596.353759765625,-574.3328857421875,245.6678009033203,251.62127685546875,223.3203125,842.5302124023438,856.0,799.0,856.0,906.0,50.0,5.518763796909492,94.4812362030905,0,0,0,501,423.2476501464844,422.1190490722656,427.0932922363281,0.5445238947868347,0.45647478103637695,0.9191731810569763,0.31936079263687134,0.3947121500968933,938.8484497070312,0.9999999403953552,97.4897632598877,97.48976516723633
G19,adam,auto,0,509,509,2.683074951171875,0.7456272840499878,-593.914306640625,-598.4521484375,-576.364501953125,248.13644409179688,254.1181640625,225.76202392578125,842.33447265625,856.0,799.0,856.0,906.0,50.0,5.518763796909492,94.4812362030905,0,0,0,501,422.2060852050781,421.0718688964844,426.0823974609375,0.5465291142463684,0.457705020904541,0.9199557304382324,0.3197564482688904,0.3968641757965088,937.696044921875,1.0000001192092896,97.68698620796204,97.68698811531067
G19,adam,auto,0,510,510,2.6848764419555664,0.7451275587081909,-595.9973754882812,-600.5508422851562,-578.3973999023438,250.60597229003906,256.61187744140625,228.21157836914062,842.3082275390625,856.0,799.0,856.0,906.0,50.0,5.518763796909492,94.4812362030905,2,0,0,501,421.159912109375,420.0201416015625,425.06671142578125,0.5485346913337708,0.45893678069114685,0.9207278490066528,0.32015344500541687,0.39901357889175415,936.502197265625,1.0,97.87576723098755,97.87576913833618
G19,adam,auto,0,511,511,2.686680316925049,0.744627833366394,-598.08056640625,-602.6495971679688,-580.4314575195312,253.07644653320312,259.0955810546875,230.65740966796875,842.4105834960938,856.0,802.0,856.0,906.0,50.0,5.518763796909492,94.4812362030905,2,0,0,501,420.10919189453125,418.9639587402344,424.0462341308594,0.5505405068397522,0.4601699709892273,0.9214897751808167,0.3205513060092926,0.4011603593826294,935.2673950195312,0.9999999403953552,98.06549620628357,98.0654981136322
G19,adam,auto,0,512,512,2.6884865760803223,0.7441281080245972,-600.163818359375,-604.7484130859375,-582.466552734375,255.5478515625,261.5948181152344,233.11227416992188,842.580810546875,856.0,802.0,856.0,906.0,50.0,5.518763796909492,94.4812362030905,2,0,0,501,419.0539245605469,417.9032287597656,423.0209655761719,0.5525464415550232,0.4614046514034271,0.9222415685653687,0.3209499418735504,0.4033043086528778,933.9923095703125,1.0,98.2578182220459,98.25782012939453
G19,adam,auto,0,513,513,2.690295696258545,0.7436283230781555,-602.246826171875,-606.846923828125,-584.50244140625,258.02032470703125,264.08807373046875,235.56796264648438,842.7073974609375,856.0,804.0,856.0,906.0,50.0,5.518763796909492,94.4812362030905,2,0,0,501,417.99420166015625,416.83807373046875,421.9909362792969,0.5545524954795837,0.4626409709453583,0.9229833483695984,0.32134875655174255,0.40544581413269043,932.6775512695312,1.0000001192092896,98.44914412498474,98.44914603233337
G19,adam,auto,0,514,514,2.6921069622039795,0.7431285381317139,-604.32958984375,-608.9451293945312,-586.5390625,260.4939880371094,266.57257080078125,238.03466796875,842.94873046875,856.0,804.0,856.0,906.0,50.0,5.518763796909492,94.4812362030905,2,0,0,501,416.9299621582031,415.76849365234375,420.95611572265625,0.5565585494041443,0.4638788104057312,0.9237155318260193,0.321747362613678,0.4075847566127777,931.3241577148438,1.0,98.64172911643982,98.64173102378845
G19,adam,auto,0,515,515,2.693920612335205,0.742628812789917,-606.412109375,-611.0429077148438,-588.5762939453125,262.9688415527344,269.0775146484375,240.49285888671875,843.2083129882812,856.0,805.0,856.0,906.0,50.0,5.518763796909492,94.4812362030905,2,0,0,501,415.861328125,414.69451904296875,419.9166259765625,0.5585646033287048,0.46511831879615784,0.9244380593299866,0.3221455514431,0.40972256660461426,929.9328002929688,1.0,98.83343601226807,98.8334379196167
G19,adam,auto,0,516,516,2.6957366466522217,0.7421290874481201,-608.4940185546875,-613.1400146484375,-590.6139526367188,265.4448547363281,271.571533203125,242.96661376953125,843.3884887695312,856.0,806.0,856.0,906.0,50.0,5.518763796909492,94.4812362030905,2,0,0,501,414.7882995605469,413.6162109375,418.87237548828125,0.560570478439331,0.466359406709671,0.9251512289047241,0.3225431740283966,0.41185811161994934,928.5040893554688,1.0,99.02465724945068,99.02465915679932
G19,adam,auto,0,517,517,2.6975553035736084,0.7416293621063232,-610.5753784179688,-615.2362670898438,-592.65185546875,267.92193603515625,274.0606384277344,245.43923950195312,843.6387939453125,856.0,806.0,856.0,906.0,50.0,5.518763796909492,94.4812362030905,2,0,0,501,413.7109375,412.5335693359375,417.82342529296875,0.5625762343406677,0.4676022231578827,0.925855278968811,0.3229401111602783,0.4139918088912964,927.0385131835938,1.0,99.21638512611389,99.21638703346252
G19,adam,auto,0,518,518,2.6993765830993652,0.7411295771598816,-612.656005859375,-617.3316650390625,-594.68994140625,270.4002990722656,276.56988525390625,247.89984130859375,843.642578125,856.0,806.0,856.0,906.0,50.0,5.518763796909492,94.4812362030905,6,0,0,501,412.62921142578125,411.4466552734375,416.76983642578125,0.5645816922187805,0.46884676814079285,0.9265501499176025,0.3233358860015869,0.4161240756511688,925.5364379882812,0.9999999403953552,99.40777134895325,99.40777325630188
G19,adam,auto,0,519,519,2.701199769973755,0.7406297922134399,-614.7357788085938,-619.4260864257812,-596.7281494140625,272.8794250488281,279.0672607421875,250.37832641601562,843.5607299804688,857.0,808.0,857.0,906.0,49.0,5.408388520971302,94.5916114790287,6580,6580,0,519,411.543212890625,410.35546875,415.71160888671875,0.5665867328643799,0.4700929820537567,0.9272362589836121,0.3237309753894806,0.41825488209724426,923.9987182617188,1.0000001192092896,99.60089015960693,99.60089206695557
G19,adam,auto,0,520,520,2.7030258178710938,0.7401300668716431,-616.8145751953125,-621.5194702148438,-598.7664794921875,275.3594970703125,281.5606689453125,252.84832763671875,843.46142578125,859.0,808.0,859.0,906.0,47.0,5.187637969094923,94.81236203090508,6580,6580,0,520,410.4529113769531,409.26007080078125,414.648681640625,0.5685914754867554,0.47134101390838623,0.9279136061668396,0.3241250216960907,0.420384019613266,922.4251098632812,0.9999999403953552,99.79219627380371,99.79219913482666
G19,adam,auto,0,521,521,2.7048542499542236,0.7396303415298462,-618.8924560546875,-623.6116943359375,-600.8046875,277.8404846191406,284.074462890625,255.30731201171875,844.3828125,859.0,809.0,859.0,906.0,47.0,5.187637969094923,94.81236203090508,1995,6580,0,520,409.3583679199219,408.16046142578125,413.5811462402344,0.5705957412719727,0.472589910030365,0.928582489490509,0.32451778650283813,0.4225125312805176,920.8162841796875,0.9999998807907104,99.98265504837036,99.982656955719
G19,adam,auto,0,522,522,2.7066850662231445,0.7391306161880493,-620.9691162109375,-625.7025146484375,-602.8428344726562,280.32183837890625,286.5718078613281,257.78582763671875,844.7183837890625,859.0,809.0,859.0,906.0,47.0,5.187637969094923,94.81236203090508,1995,6580,0,520,408.2596435546875,407.05670166015625,412.5090637207031,0.5725993514060974,0.473838746547699,0.9292428493499756,0.32490992546081543,0.42464229464530945,919.1725463867188,1.0000001192092896,100.1738612651825,100.17386317253113
G19,adam,auto,0,523,523,2.7085185050964355,0.7386308312416077,-623.0443725585938,-627.7920532226562,-604.8807983398438,282.803955078125,289.07257080078125,260.2492980957031,844.6804809570312,859.0,809.0,859.0,906.0,47.0,5.187637969094923,94.81236203090508,1995,6580,0,520,407.15679931640625,405.9488220214844,411.432373046875,0.5746023654937744,0.47508907318115234,0.9298951029777527,0.3253008723258972,0.4267704486846924,917.4937744140625,1.0,100.37038898468018,100.37039089202881
G19,adam,auto,0,524,524,2.7103545665740967,0.738131046295166,-625.1183471679688,-629.8800659179688,-606.91845703125,285.2861633300781,291.58782958984375,262.7073974609375,844.618896484375,861.0,811.0,861.0,906.0,45.0,4.966887417218543,95.03311258278146,9498,9498,0,524,406.0497741699219,404.83685302734375,410.35113525390625,0.5766047239303589,0.4763411581516266,0.9305393099784851,0.3256910741329193,0.42889639735221863,915.7805786132812,1.0,100.56000018119812,100.56000304222107
G19,adam,auto,0,525,525,2.712193012237549,0.7376313209533691,-627.1907958984375,-631.966552734375,-608.955810546875,287.7685852050781,294.07684326171875,265.1864013671875,844.5484008789062,861.0,811.0,861.0,906.0,45.0,4.966887417218543,95.03311258278146,6580,9498,0,524,404.9386901855469,403.7208557128906,409.26531982421875,0.5786063075065613,0.4775947630405426,0.9311754703521729,0.32608044147491455,0.43101999163627625,914.0328369140625,0.9999999403953552,100.75012731552124,100.75012922286987
G19,adam,auto,0,526,526,2.714033603668213,0.7371315956115723,-629.26171875,-634.0513916015625,-610.9925537109375,290.25079345703125,296.5970458984375,267.64459228515625,844.4852905273438,861.0,811.0,861.0,906.0,45.0,4.966887417218543,95.03311258278146,9498,9498,0,524,403.82354736328125,402.600830078125,408.1750793457031,0.580606997013092,0.47885003685951233,0.9318038821220398,0.3264692723751068,0.4331406056880951,912.2507934570312,1.0,100.94254422187805,100.94254612922668
G19,adam,auto,0,527,527,2.715877056121826,0.7366318702697754,-631.3308715820312,-636.1343994140625,-613.0286254882812,292.7331237792969,299.0905456542969,270.11248779296875,844.442626953125,860.0,811.0,861.0,906.0,45.0,4.966887417218543,95.03311258278146,6,9498,0,524,402.7043762207031,401.4768371582031,407.0802917480469,0.582606852054596,0.48010697960853577,0.9324245452880859,0.32685694098472595,0.43525880575180054,910.4346313476562,1.0,101.1331090927124,101.13311100006104
G19,adam,auto,0,528,528,2.7177228927612305,0.7361320853233337,-633.398193359375,-638.2154541015625,-615.063720703125,295.2150573730469,301.5960388183594,272.5858154296875,844.4412231445312,860.0,811.0,861.0,906.0,45.0,4.966887417218543,95.03311258278146,6,9498,0,524,401.5812072753906,400.348876953125,405.9810485839844,0.5846057534217834,0.4813655912876129,0.9330376982688904,0.32724401354789734,0.43737390637397766,908.5850830078125,0.9999998807907104,101.32526516914368,101.32526803016663
G19,adam,auto,0,529,529,2.719571590423584,0.7356323003768921,-635.4634399414062,-640.29443359375,-617.097900390625,297.696533203125,304.10888671875,275.04693603515625,844.5012817382812,860.0,811.0,861.0,906.0,45.0,4.966887417218543,95.03311258278146,2,9498,0,524,400.45416259765625,399.217041015625,404.8774108886719,0.586603581905365,0.48262593150138855,0.9336434602737427,0.32763031125068665,0.4394865036010742,906.7020874023438,0.9999999403953552,101.51635718345642,101.51635909080505
G19,adam,auto,0,530,530,2.7214221954345703,0.7351325750350952,-637.5266723632812,-642.3713989257812,-619.130859375,300.1776123046875,306.595947265625,277.513916015625,844.5714111328125,860.0,811.0,861.0,906.0,45.0,4.966887417218543,95.03311258278146,2,9498,0,524,399.3231506347656,398.081298828125,403.7693176269531,0.5886001586914062,0.4838879406452179,0.9342418313026428,0.3280155062675476,0.4415963590145111,904.7860107421875,0.9999999403953552,101.71356391906738,101.71356582641602
G19,adam,auto,0,531,531,2.723275661468506,0.7346328496932983,-639.5878295898438,-644.4459838867188,-621.1622924804688,302.6578369140625,309.1182861328125,279.98736572265625,844.781005859375,860.0,813.0,861.0,906.0,45.0,4.966887417218543,95.03311258278146,2,9498,0,524,398.1882629394531,396.9417724609375,402.6568603515625,0.5905956029891968,0.4851516783237457,0.9348332285881042,0.3284003734588623,0.4437035024166107,902.8374633789062,0.9999999403953552,101.90232014656067,101.9023220539093
G19,adam,auto,0,532,532,2.7251317501068115,0.7341331243515015,-641.6466064453125,-646.5181884765625,-623.192138671875,305.13726806640625,311.6029052734375,282.43780517578125,845.28759765625,860.0,813.0,861.0,906.0,45.0,4.966887417218543,95.03311258278146,6,9498,0,524,397.049560546875,395.79840087890625,401.54010009765625,0.5925898551940918,0.48641714453697205,0.9354174733161926,0.328784316778183,0.44580891728401184,900.856201171875,1.0,102.09281635284424,102.09281826019287
G19,adam,auto,0,533,533,2.726989984512329,0.7336333394050598,-643.702880859375,-648.5879516601562,-625.2203369140625,307.6155090332031,314.11724853515625,284.9070739746094,846.105712890625,860.0,813.0,861.0,906.0,45.0,4.966887417218543,95.03311258278146,2,9498,0,524,395.90704345703125,394.6512756347656,400.4189453125,0.594582736492157,0.4876840114593506,0.9359948039054871,0.3291679322719574,0.447913259267807,898.8427734375,1.0,102.28319430351257,102.2831962108612
G19,adam,auto,0,534,534,2.728851079940796,0.7331335544586182,-645.7567138671875,-650.655029296875,-627.24658203125,310.0925598144531,316.61041259765625,287.3669128417969,846.8563232421875,860.0,815.0,861.0,906.0,45.0,4.966887417218543,95.03311258278146,1,9498,0,524,394.7608337402344,393.50042724609375,399.2935791015625,0.5965742468833923,0.4889526069164276,0.9365653395652771,0.32955101132392883,0.45001861453056335,896.797119140625,0.9999999403953552,102.47532916069031,102.47533106803894
G19,adam,auto,0,535,535,2.7307145595550537,0.7326338291168213,-647.8079223632812,-652.7194213867188,-629.2708740234375,312.5680236816406,319.10601806640625,289.8118896484375,847.0192260742188,860.0,815.0,861.0,906.0,45.0,4.966887417218543,95.03311258278146,0,9498,0,524,393.6108703613281,392.345947265625,398.1639099121094,0.5985642671585083,0.4902230203151703,0.9371291995048523,0.3299339711666107,0.45212194323539734,894.7196044921875,1.0,102.66774201393127,102.66774392127991
G19,adam,auto,0,536,536,2.7325809001922607,0.7321341037750244,-649.8563842773438,-654.781005859375,-631.2931518554688,315.04193115234375,321.6133728027344,292.27227783203125,847.08837890625,860.0,817.0,861.0,906.0,45.0,4.966887417218543,95.03311258278146,0,9498,0,524,392.4572448730469,391.187744140625,397.030029296875,0.6005526185035706,0.49149519205093384,0.9376865029335022,0.3303166329860687,0.4542218744754791,892.6100463867188,0.9999999403953552,102.85841107368469,102.85841298103333
G19,adam,auto,0,537,537,2.7344493865966797,0.7316343188285828,-651.9020385742188,-656.839599609375,-633.313232421875,317.5140380859375,324.09326171875,294.7294616699219,847.1278076171875,860.0,817.0,861.0,906.0,45.0,4.966887417218543,95.03311258278146,0,9498,0,524,391.29998779296875,390.0260009765625,395.8919677734375,0.6025394797325134,0.49276918172836304,0.9382373094558716,0.3306991159915924,0.4563186764717102,890.4688110351562,1.0,103.04991817474365,103.04992008209229
G19,adam,auto,0,538,538,2.7363204956054688,0.7311345934867859,-653.9447021484375,-658.895263671875,-635.2964477539062,319.9841613769531,326.5931396484375,297.1661376953125,847.1567993164062,860.0,817.0,861.0,906.0,45.0,4.966887417218543,95.03311258278146,0,9498,0,524,390.13916015625,388.86065673828125,394.749755859375,0.6045247316360474,0.4940450191497803,0.93878173828125,0.3310815691947937,0.4584127366542816,888.2962646484375,1.0,103.24168825149536,103.241690158844
G19,adam,auto,0,539,539,2.738194465637207,0.7306348085403442,-655.984375,-660.9478149414062,-637.2700805664062,322.4523010253906,329.086669921875,299.6287536621094,847.3256225585938,860.0,817.0,861.0,906.0,45.0,4.966887417218543,95.03311258278146,0,9498,0,524,388.9747619628906,387.69183349609375,393.60345458984375,0.6065080761909485,0.4953227639198303,0.9393199682235718,0.3314637839794159,0.4605034291744232,886.0923461914062,1.0,103.43166708946228,103.43166899681091
G19,adam,auto,0,540,540,2.7400710582733154,0.7301350831985474,-658.0208740234375,-662.9971313476562,-639.2420043945312,324.9183044433594,331.55499267578125,302.05322265625,847.9520263671875,862.0,817.0,862.0,906.0,44.0,4.856512141280353,95.14348785871965,1104,1104,0,540,387.8068542480469,386.51953125,392.45306396484375,0.6084896922111511,0.49660229682922363,0.9398520588874817,0.33184581995010376,0.4625920057296753,883.8577880859375,0.9999999403953552,103.62354826927185,103.62355017662048
G19,adam,auto,0,541,541,2.7419497966766357,0.7296353578567505,-660.0540771484375,-665.043212890625,-641.2122802734375,327.3821105957031,334.0650329589844,304.46630859375,848.0126953125,862.0,817.0,862.0,906.0,44.0,4.856512141280353,95.14348785871965,325,1104,0,540,386.635498046875,385.34375,391.2986145019531,0.610469400882721,0.4978838562965393,0.9403780102729797,0.3322274684906006,0.46467769145965576,881.5926513671875,1.0,103.81505799293518,103.81505990028381
G19,adam,auto,0,542,542,2.743831157684326,0.7291355729103088,-662.0840454101562,-667.0859375,-643.1806640625,329.84368896484375,336.52508544921875,306.8570251464844,848.0903930664062,862.0,819.0,862.0,906.0,44.0,4.856512141280353,95.14348785871965,119,1104,0,540,385.460693359375,384.1645812988281,390.1402587890625,0.6124470829963684,0.49916717410087585,0.9408980011940002,0.33260875940322876,0.4667600095272064,879.2974243164062,1.0,104.00625324249268,104.00625514984131
G19,adam,auto,0,543,543,2.745715379714966,0.728635847568512,-664.1104736328125,-669.125,-645.1472778320312,332.3030090332031,339.01104736328125,309.26788330078125,848.20947265625,862.0,819.0,862.0,906.0,44.0,4.856512141280353,95.14348785871965,67,1104,0,540,384.2825622558594,382.9820556640625,388.97784423828125,0.6144227385520935,0.50045245885849,0.9414122104644775,0.332989364862442,0.46883901953697205,876.9727783203125,1.0,104.19629216194153,104.19629406929016
G19,adam,auto,0,544,544,2.7476022243499756,0.7281360626220703,-666.13330078125,-671.1604614257812,-647.11181640625,334.7599792480469,341.4976501464844,311.6662292480469,848.5413208007812,862.0,819.0,862.0,906.0,44.0,4.856512141280353,95.14348785871965,6,1104,0,540,383.10101318359375,381.79620361328125,387.8116455078125,0.6163963079452515,0.5017386674880981,0.9419205784797668,0.3333693742752075,0.4709146320819855,874.6190185546875,1.0,104.42690801620483,104.42690992355347
G19,adam,auto,0,545,545,2.7494912147521973,0.7276363372802734,-668.1525268554688,-673.1922607421875,-649.0743408203125,337.2146301269531,343.9539794921875,314.05047607421875,849.37890625,862.0,819.0,862.0,906.0,44.0,4.856512141280353,95.14348785871965,1500,1104,0,540,381.916259765625,380.60711669921875,386.6415100097656,0.6183677315711975,0.5030263662338257,0.9424232244491577,0.3337484300136566,0.47298938035964966,872.2366333007812,0.9999998807907104,104.66915106773376,104.66915392875671
G19,adam,auto,0,546,546,2.751383066177368,0.7271366119384766,-670.1680297851562,-675.22021484375,-651.0345458984375,339.66644287109375,346.43951416015625,316.4603271484375,849.660888671875,861.0,819.0,862.0,906.0,44.0,4.856512141280353,95.14348785871965,6,1104,0,540,380.72821044921875,379.414794921875,385.46759033203125,0.6203368902206421,0.5043160915374756,0.9429203867912292,0.3341272175312042,0.4750610589981079,869.8261108398438,1.0,104.89588403701782,104.89588594436646
G19,adam,auto,0,547,547,2.7532777786254883,0.7266368269920349,-672.1795654296875,-677.2443237304688,-652.9923706054688,342.1160888671875,348.9058532714844,318.84539794921875,849.78759765625,861.0,819.0,862.0,906.0,44.0,4.856512141280353,95.14348785871965,6,1104,0,540,379.5369567871094,378.21929931640625,384.2898864746094,0.6223037242889404,0.5056077241897583,0.9434118866920471,0.3345044255256653,0.4771295487880707,867.3875122070312,1.0,105.08819818496704,105.08820009231567
G19,adam,auto,0,548,548,2.7551746368408203,0.7261370420455933,-674.1871337890625,-679.264404296875,-654.9476318359375,344.562744140625,351.3668518066406,321.23175048828125,849.8187866210938,861.0,819.0,862.0,906.0,44.0,4.856512141280353,95.14348785871965,6,1104,0,540,378.3425598144531,377.02069091796875,383.10845947265625,0.6242682337760925,0.5069013237953186,0.94389808177948,0.3348812460899353,0.4791937470436096,864.9218139648438,1.0000001192092896,105.2942521572113,105.29425501823425
G19,adam,auto,0,549,549,2.7570743560791016,0.7256373167037964,-676.190673828125,-681.2803344726562,-656.9002685546875,347.0065612792969,353.8392333984375,323.63250732421875,849.8308715820312,861.0,819.0,862.0,906.0,44.0,4.856512141280353,95.14348785871965,6,1104,0,540,377.1450500488281,375.81890869140625,381.9233703613281,0.6262302398681641,0.5081968903541565,0.9443792104721069,0.33525723218917847,0.4812535345554352,862.4287109375,1.0,105.49838900566101,105.49839091300964
G19,adam,auto,0,550,550,2.758976697921753,0.7251375913619995,-678.1901245117188,-683.2920532226562,-658.85009765625,349.4478759765625,356.2926025390625,326.01129150390625,849.840576171875,861.0,819.0,862.0,906.0,44.0,4.856512141280353,95.14348785871965,6,1104,0,540,375.9444580078125,374.6141357421875,380.734619140625,0.628189742565155,0.509494423866272,0.9448559880256653,0.33563169836997986,0.48330894112586975,859.90869140625,1.0,105.69498300552368,105.69498586654663
G19,adam,auto,0,551,551,2.7608819007873535,0.7246378660202026,-680.1852416992188,-685.2994384765625,-660.7969360351562,351.8857116699219,358.75543212890625,328.40185546875,849.8463134765625,861.0,820.0,862.0,906.0,44.0,4.856512141280353,95.14348785871965,6,1104,0,540,374.7408447265625,373.4063720703125,379.54229736328125,0.6301466822624207,0.5107939839363098,0.9453274607658386,0.33600589632987976,0.4853595495223999,857.362548828125,1.0000001192092896,105.88970923423767,105.8897111415863
G19,adam,auto,0,552,552,2.762789249420166,0.724138081073761,-682.176025390625,-687.3024291992188,-662.7408447265625,354.32073974609375,361.20196533203125,330.7912292480469,849.8538208007812,861.0,820.0,862.0,906.0,44.0,4.856512141280353,95.14348785871965,1097,1104,0,540,373.53424072265625,372.19561767578125,378.346435546875,0.6321009993553162,0.5120954513549805,0.945793867111206,0.33637863397598267,0.4874055087566376,854.7897338867188,0.9999999403953552,106.09314322471619,106.09314608573914
G19,adam,auto,0,553,553,2.7646994590759277,0.7236382961273193,-684.1624145507812,-689.301025390625,-664.681640625,356.7525634765625,363.66607666015625,333.1702880859375,849.8635864257812,861.0,822.0,862.0,906.0,44.0,4.856512141280353,95.14348785871965,1097,1104,0,540,372.3247375488281,370.9819641113281,377.1470642089844,0.6340526342391968,0.5133990049362183,0.9462552070617676,0.33675041794776917,0.48944681882858276,852.1915283203125,1.0,106.28127813339233,106.28128004074097
G19,adam,auto,0,554,554,2.7666122913360596,0.7231385707855225,-686.1442260742188,-691.2950439453125,-666.6192626953125,359.1808776855469,366.1040954589844,335.5633850097656,849.8748168945312,861.0,822.0,862.0,906.0,44.0,4.856512141280353,95.14348785871965,1097,1104,0,540,371.1123352050781,369.76544189453125,375.9442443847656,0.6360013484954834,0.5147045254707336,0.9467114806175232,0.33712148666381836,0.4914829432964325,849.5677490234375,1.0,106.4743549823761,106.47435688972473
G19,adam,auto,0,555,555,2.7685279846191406,0.7226388454437256,-688.1213989257812,-693.284423828125,-668.5537109375,361.6058349609375,368.548095703125,337.941650390625,849.890380859375,861.0,822.0,862.0,906.0,44.0,4.856512141280353,95.14348785871965,1995,1104,0,540,369.8970947265625,368.5461120605469,374.738037109375,0.6379473209381104,0.5160121321678162,0.9471628069877625,0.3374914228916168,0.49351420998573303,846.918701171875,1.0,106.66589021682739,106.66589212417603
G19,adam,auto,0,556,556,2.7704460620880127,0.7221391201019287,-690.0938720703125,-695.2689819335938,-670.4846801757812,364.02740478515625,371.0007019042969,340.3253173828125,849.8320922851562,861.0,823.0,862.0,906.0,44.0,4.856512141280353,95.14348785871965,1995,1104,0,540,368.6790466308594,367.3240051269531,373.5284423828125,0.6398903727531433,0.517321765422821,0.9476093053817749,0.3378601372241974,0.4955407977104187,844.2449340820312,1.0,106.85841012001038,106.85841202735901
G19,adam,auto,0,557,557,2.772366762161255,0.7216393351554871,-692.0614624023438,-697.2486572265625,-672.412353515625,366.44488525390625,373.4294128417969,342.7121276855469,849.6170043945312,861.0,823.0,862.0,906.0,44.0,4.856512141280353,95.14348785871965,2,1104,0,540,367.45831298828125,366.09918212890625,372.3155822753906,0.6418304443359375,0.5186334252357483,0.9480509757995605,0.3382285535335541,0.4975626468658447,841.5468139648438,0.9999999403953552,107.05008697509766,107.0500898361206
G19,adam,auto,0,558,558,2.7742903232574463,0.7211395502090454,-694.024169921875,-699.2234497070312,-674.33642578125,368.8588562011719,375.85748291015625,345.08819580078125,849.80908203125,862.0,824.0,862.0,906.0,44.0,4.856512141280353,95.14348785871965,9815,1104,0,540,366.2348327636719,364.87164306640625,371.09942626953125,0.6437674164772034,0.5199471116065979,0.9484877586364746,0.33859559893608093,0.4995810091495514,838.8241577148438,0.9999998807907104,107.24094796180725,107.24095106124878
G19,adam,auto,0,559,559,2.776216506958008,0.7206398248672485,-695.9818725585938,-701.1932983398438,-676.257080078125,371.26861572265625,378.305419921875,347.4656066894531,850.1380004882812,862.0,824.0,862.0,906.0,44.0,4.856512141280353,95.14348785871965,1995,1104,0,540,365.0086975097656,363.6415100097656,369.8800354003906,0.6457013487815857,0.5212628841400146,0.9489198327064514,0.3389620780944824,0.5015966892242432,836.0777587890625,1.0,107.4325110912323,107.43251299858093
G19,adam,auto,0,560,560,2.7781450748443604,0.7201400995254517,-697.9345092773438,-703.1578979492188,-678.1741333007812,373.67425537109375,380.7144470214844,349.855712890625,850.1475830078125,862.0,824.0,862.0,906.0,44.0,4.856512141280353,95.14348785871965,1995,1104,0,540,363.7799987792969,362.40875244140625,368.6575012207031,0.6476321220397949,0.5225807428359985,0.9493473768234253,0.339327871799469,0.5036080479621887,833.3075561523438,0.9999999403953552,107.62339305877686,107.62339615821838
G19,adam,auto,0,561,561,2.780076742172241,0.7196403741836548,-699.8820190429688,-705.1173095703125,-680.0872802734375,376.0757141113281,383.13629150390625,352.21136474609375,850.1627807617188,862.0,824.0,862.0,906.0,44.0,4.856512141280353,95.14348785871965,1995,1104,0,540,362.5487365722656,361.1734924316406,367.43182373046875,0.6495595574378967,0.5239006280899048,0.9497702121734619,0.3396928906440735,0.505614697933197,830.5139770507812,0.9999999403953552,107.81490015983582,107.81490206718445
G19,adam,auto,0,562,562,2.7820112705230713,0.7191405892372131,-701.8240966796875,-707.0714111328125,-681.9967041015625,378.4728088378906,385.5667724609375,354.60736083984375,850.2529296875,861.0,824.0,862.0,906.0,44.0,4.856512141280353,95.14348785871965,5,1104,0,540,361.31494140625,359.93572998046875,366.20306396484375,0.6514838337898254,0.525222659111023,0.9501885771751404,0.34005704522132874,0.5076175332069397,827.6971435546875,0.9999999403953552,108.00591516494751,108.00591802597046
G19,adam,auto,0,563,563,2.7839479446411133,0.7186408042907715,-703.760986328125,-709.0201416015625,-683.9021606445312,380.8653564453125,387.963623046875,356.9627685546875,850.54931640625,861.0,824.0,862.0,906.0,44.0,4.856512141280353,95.14348785871965,1,1104,0,540,360.0787353515625,358.695556640625,364.9712829589844,0.6534046530723572,0.5265467166900635,0.9506024122238159,0.3404206931591034,0.5096168518066406,824.857666015625,1.0,108.19588112831116,108.19588303565979
G19,adam,auto,0,564,564,2.7858874797821045,0.7181410789489746,-705.6923828125,-710.9635009765625,-685.8035888671875,383.2533874511719,390.3713073730469,359.3338928222656,850.935302734375,861.0,824.0,862.0,906.0,44.0,4.856512141280353,95.14348785871965,0,1104,0,540,358.840087890625,357.45294189453125,363.73651123046875,0.6553220748901367,0.5278728604316711,0.9510118961334229,0.3407834470272064,0.511613130569458,821.99560546875,0.9999999403953552,108.39144396781921,108.39144587516785
G19,adam,auto,0,565,565,2.787829875946045,0.7176413536071777,-707.6182250976562,-712.9012451171875,-687.7008056640625,385.63690185546875,392.787109375,361.7109375,851.128173828125,861.0,824.0,862.0,906.0,44.0,4.856512141280353,95.14348785871965,0,1104,0,540,357.5990905761719,356.2080078125,362.498779296875,0.6572359204292297,0.5292011499404907,0.9514170289039612,0.34114524722099304,0.5136066675186157,819.1115112304688,1.0,108.58062601089478,108.58062791824341
G19,adam,auto,0,566,566,2.7897751331329346,0.7171416282653809,-709.53857421875,-714.8333740234375,-689.5938110351562,388.01568603515625,395.16864013671875,364.0520324707031,851.4100952148438,861.0,824.0,862.0,906.0,44.0,4.856512141280353,95.14348785871965,0,1104,0,540,356.3558044433594,354.9607849121094,361.2581787109375,0.6591463685035706,0.5305315852165222,0.9518178701400757,0.3415062427520752,0.5155971050262451,816.2059936523438,0.9999999403953552,108.77298617362976,108.7729880809784
G19,adam,auto,0,567,567,2.791722536087036,0.7166418433189392,-711.4531860351562,-716.7598876953125,-691.482421875,390.3896484375,397.568603515625,366.4262390136719,851.5394897460938,861.0,825.0,862.0,906.0,44.0,4.856512141280353,95.14348785871965,0,1104,0,540,355.1102600097656,353.7113037109375,360.01470947265625,0.6610531210899353,0.5318640470504761,0.9522145390510559,0.34186649322509766,0.5175829529762268,813.2789916992188,1.0,108.96466112136841,108.96466302871704
G19,adam,auto,0,568,568,2.793673038482666,0.7161420583724976,-713.3619384765625,-718.680419921875,-693.3665161132812,392.75897216796875,399.9547119140625,368.7812194824219,851.5565185546875,861.0,825.0,862.0,906.0,44.0,4.856512141280353,95.14348785871965,0,1104,0,540,353.8625183105469,352.45965576171875,358.7684631347656,0.662956178188324,0.5331987142562866,0.9526069164276123,0.3422253131866455,0.5195643305778503,810.3311157226562,1.0,109.15533208847046,109.15533399581909
G19,adam,auto,0,569,569,2.795626401901245,0.7156423330307007,-715.264892578125,-720.59521484375,-695.2461547851562,395.123046875,402.3382568359375,371.1111145019531,851.4240112304688,861.0,825.0,862.0,906.0,44.0,4.856512141280353,95.14348785871965,0,1104,0,540,352.61260986328125,351.205810546875,357.51947021484375,0.6648555994033813,0.5345354676246643,0.952995240688324,0.3425838053226471,0.5215398073196411,807.363037109375,0.9999998807907104,109.34599208831787,109.34599494934082
G19,adam,auto,0,570,570,2.7975823879241943,0.7151426076889038,-717.1619262695312,-722.50390625,-697.1212158203125,397.4823913574219,404.71075439453125,373.48687744140625,851.3455200195312,861.0,825.0,862.0,906.0,44.0,4.856512141280353,95.14348785871965,0,1104,0,540,351.3605651855469,349.9499206542969,356.2677917480469,0.6667511463165283,0.5358743667602539,0.9533796310424805,0.34294065833091736,0.5235106945037842,804.37451171875,1.0,109.53800296783447,109.5380048751831
G19,adam,auto,0,571,571,2.7995409965515137,0.7146428227424622,-719.052978515625,-724.4066772460938,-698.9915771484375,399.8364562988281,407.0887451171875,375.81036376953125,851.4658203125,861.0,825.0,862.0,906.0,44.0,4.856512141280353,95.14348785871965,0,1104,0,540,350.1064758300781,348.6919860839844,355.01348876953125,0.6686428189277649,0.5372154116630554,0.9537598490715027,0.3432968556880951,0.5254759788513184,801.3663940429688,0.9999999403953552,109.74972009658813,109.74972200393677
G19,adam,auto,0,572,572,2.801502227783203,0.7141430974006653,-720.9379272460938,-726.3033447265625,-700.857177734375,402.1854553222656,409.450927734375,378.148193359375,851.5482177734375,861.0,825.0,862.0,906.0,44.0,4.856512141280353,95.14348785871965,0,1104,0,540,348.8504333496094,347.43206787109375,353.756591796875,0.6705306172370911,0.5385585427284241,0.954136312007904,0.34365174174308777,0.5274361968040466,798.3388671875,1.0,109.9409773349762,109.94097924232483
G19,adam,auto,0,573,573,2.803466558456421,0.7136433124542236,-722.8167114257812,-728.19384765625,-702.7179565429688,404.52911376953125,411.8137512207031,380.4949951171875,851.5717163085938,861.0,825.0,862.0,906.0,44.0,4.856512141280353,95.14348785871965,0,1104,0,540,347.59234619140625,346.170166015625,352.49713134765625,0.6724143624305725,0.5399038195610046,0.954508900642395,0.3440057039260864,0.5293915271759033,795.2921752929688,1.0,110.13127827644348,110.13128018379211
G19,adam,auto,0,574,574,2.8054332733154297,0.7131435871124268,-724.6892700195312,-730.0780639648438,-704.5737915039062,406.8674011230469,414.172119140625,382.81134033203125,851.5095825195312,861.0,826.0,862.0,906.0,44.0,4.856512141280353,95.14348785871965,1,1104,0,540,346.33245849609375,344.9064025878906,351.2352294921875,0.6742941737174988,0.5412513017654419,0.9548775553703308,0.34435853362083435,0.5313423871994019,792.2268676757812,1.0,110.3296172618866,110.32961916923523
G19,adam,auto,0,575,575,2.8074028491973877,0.7126438617706299,-726.555419921875,-731.9558715820312,-706.4246826171875,409.2002868652344,416.51416015625,385.13861083984375,851.5841064453125,862.0,825.0,862.0,906.0,44.0,4.856512141280353,95.14348785871965,19,1104,0,540,345.0706481933594,343.64080810546875,349.97088623046875,0.6761698722839355,0.5426008701324463,0.9552426934242249,0.34471020102500916,0.5332897305488586,789.1431884765625,0.9999999403953552,110.52021622657776,110.52021908760071
G19,adam,auto,0,576,576,2.809375286102295,0.7121440768241882,-728.4152221679688,-733.8272705078125,-708.2703857421875,411.527587890625,418.86798095703125,387.46875,852.0756225585938,864.0,825.0,864.0,906.0,42.0,4.635761589403973,95.36423841059603,1045,1045,0,576,343.8070373535156,342.3734130859375,348.70416259765625,0.6780414581298828,0.5439525842666626,0.9556039571762085,0.3450608253479004,0.535236120223999,786.0415649414062,0.9999999403953552,110.71324706077576,110.71324896812439
G19,adam,auto,0,577,577,2.8113505840301514,0.7116443514823914,-730.2685546875,-735.6921997070312,-710.1109619140625,413.84918212890625,421.203857421875,389.7665100097656,852.1041259765625,864.0,827.0,864.0,906.0,42.0,4.635761589403973,95.36423841059603,340,1045,0,576,342.54168701171875,341.104248046875,347.43511962890625,0.6799087524414062,0.5453064441680908,0.9559618234634399,0.3454104959964752,0.5371767282485962,782.9222412109375,1.0,110.90644812583923,110.90645003318787
G19,adam,auto,0,578,578,2.813328504562378,0.7111445665359497,-732.1153564453125,-737.550537109375,-711.9461669921875,416.1651611328125,423.5324401855469,392.0920715332031,852.5343017578125,864.0,827.0,864.0,906.0,42.0,4.635761589403973,95.36423841059603,5,1045,0,576,341.274658203125,339.8334655761719,346.163818359375,0.6817718744277954,0.5466625094413757,0.9563159942626953,0.3457587659358978,0.5391117334365845,779.7855224609375,1.0000001192092896,111.09685516357422,111.09685707092285
G19,adam,auto,0,579,579,2.8153092861175537,0.7106448411941528,-733.9556274414062,-739.4022827148438,-713.7760620117188,418.47503662109375,425.8655700683594,394.39141845703125,853.636474609375,864.0,827.0,864.0,906.0,42.0,4.635761589403973,95.36423841059603,0,1045,0,576,340.0059509277344,338.56103515625,344.89031982421875,0.683630645275116,0.5480206608772278,0.956666886806488,0.34610655903816223,0.5410423278808594,776.6320190429688,0.9999999403953552,111.28674006462097,111.2867419719696
G19,adam,auto,0,580,580,2.8172929286956787,0.710145115852356,-735.7891235351562,-741.247314453125,-715.6004638671875,420.77911376953125,428.1844177246094,396.69195556640625,853.8563842773438,864.0,827.0,864.0,906.0,42.0,4.635761589403973,95.36423841059603,0,1045,0,576,338.7356872558594,337.2869873046875,343.6146240234375,0.6854850053787231,0.5493810772895813,0.957014262676239,0.34645307064056396,0.5429678559303284,773.4615478515625,1.0,111.47959017753601,111.47959208488464
G19,adam,auto,0,581,581,2.819279432296753,0.7096453309059143,-737.6158447265625,-743.0855712890625,-717.4193725585938,423.0771484375,430.4974670410156,398.9969482421875,854.017578125,864.0,827.0,864.0,906.0,42.0,4.635761589403973,95.36423841059603,0,1045,0,576,337.4638366699219,336.01141357421875,342.33685302734375,0.6873348951339722,0.5507435202598572,0.9573583006858826,0.3467983603477478,0.5448875427246094,770.2748413085938,1.0,111.67296123504639,111.67296314239502
G19,adam,auto,0,582,582,2.8212685585021973,0.7091455459594727,-739.435791015625,-744.9169921875,-719.232666015625,425.3688049316406,432.8052978515625,401.27984619140625,854.0435791015625,864.0,827.0,864.0,906.0,42.0,4.635761589403973,95.36423841059603,0,1045,0,576,336.1905517578125,334.7344055175781,341.05706787109375,0.6891803741455078,0.5521081686019897,0.9576990008354187,0.34714314341545105,0.546800971031189,767.0720825195312,1.0,111.86744213104248,111.86744403839111
G19,adam,auto,0,583,583,2.8232603073120117,0.7086458206176758,-741.2489013671875,-746.741455078125,-721.0403442382812,427.6545104980469,435.1136779785156,403.57818603515625,854.0634765625,864.0,827.0,864.0,906.0,42.0,4.635761589403973,95.36423841059603,0,1045,0,576,334.915771484375,333.4559326171875,339.7752990722656,0.6910213232040405,0.5534749627113342,0.9580508470535278,0.3474864661693573,0.548707902431488,763.8535766601562,0.9999999403953552,112.07563614845276,112.07563805580139
G19,adam,auto,0,584,584,2.8252551555633545,0.7081460952758789,-743.0549926757812,-748.5590209960938,-722.84228515625,429.9338073730469,437.40185546875,405.8560485839844,854.0847778320312,864.0,827.0,864.0,906.0,42.0,4.635761589403973,95.36423841059603,0,1045,0,576,333.6396179199219,332.1761474609375,338.4915771484375,0.6928576231002808,0.5548439025878906,0.9584081172943115,0.3478289246559143,0.55060875415802,760.619873046875,1.0,112.25643229484558,112.25643420219421
G19,adam,auto,0,585,585,2.8272526264190674,0.707646369934082,-744.8541259765625,-750.3695068359375,-724.6383666992188,432.20660400390625,439.69049072265625,408.1414794921875,854.1096801757812,864.0,827.0,864.0,906.0,42.0,4.635761589403973,95.36423841059603,0,1045,0,576,332.3621520996094,330.8949890136719,337.20599365234375,0.6946893930435181,0.5562150478363037,0.9587618112564087,0.3481704592704773,0.5525035262107849,757.3711547851562,1.0000001192092896,112.45764112472534,112.45764303207397
G19,adam,auto,0,586,586,2.8292529582977295,0.7071465849876404,-746.6461181640625,-752.1729125976562,-726.4287109375,434.4732360839844,441.9858703613281,410.4122619628906,854.1445922851562,864.0,827.0,864.0,906.0,42.0,4.635761589403973,95.36423841059603,0,1045,0,576,331.0834045410156,329.61260986328125,335.9185791015625,0.6965163946151733,0.5575882792472839,0.9591119289398193,0.34851041436195374,0.554392397403717,754.1078491210938,1.0,112.65079092979431,112.65079402923584
G19,adam,auto,0,587,587,2.83125638961792,0.7066468000411987,-748.4310302734375,-753.9691162109375,-728.2130126953125,436.7330627441406,444.2447204589844,412.690185546875,854.1895141601562,864.0,827.0,864.0,906.0,42.0,4.635761589403973,95.36423841059603,0,1045,0,576,329.80340576171875,328.3289794921875,334.62945556640625,0.6983386278152466,0.5589635968208313,0.959458589553833,0.34884992241859436,0.5562744736671448,750.8304443359375,0.9999999403953552,112.8422040939331,112.84220600128174
G19,adam,auto,0,588,588,2.8332626819610596,0.7061470746994019,-750.2086791992188,-755.7582397460938,-729.9913330078125,438.9866943359375,446.51544189453125,414.9549560546875,854.267578125,864.0,827.0,864.0,906.0,42.0,4.635761589403973,95.36423841059603,0,1045,0,576,328.522216796875,327.044189453125,333.33856201171875,0.7001559734344482,0.5603411197662354,0.9598019123077393,0.3491875231266022,0.5581510066986084,747.5391235351562,1.0,113.03362512588501,113.03362703323364
G19,adam,auto,0,589,589,2.8352715969085693,0.705647349357605,-751.97900390625,-757.5398559570312,-731.7636108398438,441.2333068847656,448.8030090332031,417.2142639160156,854.4365234375,864.0,827.0,864.0,906.0,42.0,4.635761589403973,95.36423841059603,0,1045,0,576,327.2398986816406,325.7582702636719,332.0460205078125,0.7019686102867126,0.5617207884788513,0.960141658782959,0.34952470660209656,0.5600206255912781,744.2344360351562,1.0,113.22497797012329,113.22498106956482
G19,adam,auto,0,590,590,2.837283134460449,0.7051476240158081,-753.7421264648438,-759.314208984375,-733.5296630859375,443.47344970703125,451.01873779296875,419.4820556640625,854.802978515625,864.0,828.0,864.0,906.0,42.0,4.635761589403973,95.36423841059603,0,1045,0,576,325.95654296875,324.4713439941406,330.75189208984375,0.7037762999534607,0.5631026029586792,0.9604781866073608,0.34986016154289246,0.5618855953216553,740.91650390625,1.0000001192092896,113.41583514213562,113.41583704948425
G19,adam,auto,0,591,591,2.8392980098724365,0.7046478390693665,-755.4978637695312,-761.0811767578125,-735.28955078125,445.7067565917969,453.296875,421.7307434082031,855.11328125,864.0,828.0,864.0,906.0,42.0,4.635761589403973,95.36423841059603,0,1045,0,576,324.6721496582031,323.18341064453125,329.45623779296875,0.7055790424346924,0.5644865036010742,0.9608113765716553,0.3501945436000824,0.5637452602386475,737.5859985351562,0.9999998807907104,113.60770893096924,113.60771083831787
G19,adam,auto,0,592,592,2.841315746307373,0.7041480541229248,-757.24609375,-762.840576171875,-737.0430908203125,447.9331359863281,455.53289794921875,423.9798583984375,855.224609375,864.0,828.0,864.0,906.0,42.0,4.635761589403973,95.36423841059603,0,1045,0,576,323.3868103027344,321.89453125,328.1590881347656,0.7073767185211182,0.5658725500106812,0.9611414670944214,0.35052788257598877,0.5655991435050964,734.2430419921875,0.9999998807907104,113.7986581325531,113.79866003990173
G19,adam,auto,0,593,593,2.8433358669281006,0.7036483287811279,-758.98681640625,-764.5924682617188,-738.7903442382812,450.1527099609375,457.75872802734375,426.2327880859375,855.2484130859375,864.0,830.0,864.0,906.0,42.0,4.635761589403973,95.36423841059603,0,1045,0,576,322.1004943847656,320.604736328125,326.86053466796875,0.7091695070266724,0.5672606825828552,0.9614681601524353,0.3508598506450653,0.5674470067024231,730.8878784179688,1.0,113.9899411201477,113.98994302749634
G19,adam,auto,0,594,594,2.8453590869903564,0.703148603439331,-760.719970703125,-766.3369140625,-740.5311279296875,452.36529541015625,459.995361328125,428.47296142578125,855.2525024414062,864.0,830.0,864.0,906.0,42.0,4.635761589403973,95.36423841059603,0,1045,0,576,320.8133544921875,319.3141174316406,325.56060791015625,0.7109569907188416,0.5686509609222412,0.9617917537689209,0.3511904776096344,0.5692873597145081,727.5211791992188,0.9999999403953552,114.18041610717773,114.18041896820068
G19,adam,auto,0,595,595,2.8473854064941406,0.7026488780975342,-762.4456787109375,-768.0735473632812,-742.2653198242188,454.5704040527344,462.21453857421875,430.6967468261719,855.251220703125,864.0,830.0,864.0,906.0,42.0,4.635761589403973,95.36423841059603,0,1045,0,576,319.525390625,318.022705078125,324.2593078613281,0.7127394080162048,0.5700433254241943,0.9621121883392334,0.3515205681324005,0.5711214542388916,724.1432495117188,0.9999999403953552,114.37177610397339,114.37177896499634
G19,adam,auto,0,596,596,2.849414587020874,0.7021490931510925,-764.1635131835938,-769.8026123046875,-743.992919921875,456.7690124511719,464.4197998046875,432.94561767578125,855.2501220703125,864.0,830.0,864.0,906.0,42.0,4.635761589403973,95.36423841059603,0,1045,0,576,318.2366638183594,316.73052978515625,322.956787109375,0.7145166993141174,0.5714378356933594,0.9624295234680176,0.35184845328330994,0.5729493498802185,720.7539672851562,0.9999998807907104,114.56338620185852,114.56338810920715
G19,adam,auto,0,597,597,2.8514463901519775,0.7016493082046509,-765.8737182617188,-771.523681640625,-745.7135620117188,458.9598083496094,466.63677978515625,435.15362548828125,855.2479858398438,864.0,830.0,864.0,906.0,42.0,4.635761589403973,95.36423841059603,0,1045,0,576,316.9472351074219,315.4377136230469,321.65301513671875,0.716288685798645,0.5728343725204468,0.962743878364563,0.3521760106086731,0.5747703909873962,717.3544311523438,1.0,114.75406527519226,114.7540671825409
G19,adam,auto,0,598,598,2.8534810543060303,0.701149582862854,-767.5761108398438,-773.2371215820312,-747.427490234375,461.1434020996094,468.828857421875,437.36962890625,855.2462768554688,864.0,831.0,864.0,906.0,42.0,4.635761589403973,95.36423841059603,0,1045,0,576,315.6571960449219,314.144287109375,320.34814453125,0.7180553674697876,0.5742330551147461,0.9630551338195801,0.3525022566318512,0.5765842199325562,713.9443359375,1.0,114.94593524932861,114.94593715667725
G19,adam,auto,0,599,599,2.8555188179016113,0.7006498575210571,-769.2708129882812,-774.9427490234375,-749.1346435546875,463.31988525390625,471.01922607421875,439.5801696777344,855.3795776367188,864.0,831.0,864.0,906.0,42.0,4.635761589403973,95.36423841059603,0,1045,0,576,314.3664855957031,312.8502197265625,319.0421447753906,0.7198167443275452,0.5756337642669678,0.9633634686470032,0.352826863527298,0.5783910155296326,710.5242309570312,1.0,115.13682222366333,115.13682508468628
G19,adam,auto,0,600,600,2.8575594425201416,0.7001501321792603,-770.95751953125,-776.6403198242188,-750.8348388671875,465.4884948730469,473.2039794921875,441.7807922363281,855.9981079101562,864.0,831.0,864.0,906.0,42.0,4.635761589403973,95.36423841059603,0,1045,0,576,313.0752868652344,311.5556945800781,317.7351379394531,0.7215728163719177,0.5770365595817566,0.963668942451477,0.35315099358558655,0.5801938772201538,707.0946655273438,1.0,115.327388048172,115.32738995552063
G19,adam,auto,0,601,601,2.859602928161621,0.6996503472328186,-772.6362915039062,-778.330078125,-752.5281982421875,467.65008544921875,475.38494873046875,443.9549865722656,855.99560546875,865.0,831.0,865.0,906.0,41.0,4.525386313465783,95.47461368653421,1995,1995,0,601,311.7835388183594,310.26068115234375,316.4271240234375,0.7233233451843262,0.5784413814544678,0.9639713764190674,0.3534732162952423,0.5819904804229736,703.6556396484375,1.0,115.52378225326538,115.52378416061401
G19,adam,auto,0,602,602,2.861649513244629,0.699150562286377,-774.3073120117188,-780.01171875,-754.214599609375,469.8037109375,477.5408935546875,446.14892578125,855.9913940429688,865.0,831.0,865.0,906.0,41.0,4.525386313465783,95.47461368653421,706,1995,0,601,310.4913635253906,308.9652404785156,315.1182556152344,0.7250685095787048,0.5798482894897461,0.9642711281776428,0.35379478335380554,0.583779513835907,700.2080078125,0.9999999403953552,115.72164607048035,115.72164797782898
G19,adam,auto,0,603,603,2.863699197769165,0.6986508369445801,-775.9701538085938,-781.6853637695312,-755.8939819335938,471.94989013671875,479.709228515625,448.3175354003906,855.9959716796875,865.0,831.0,865.0,906.0,41.0,4.525386313465783,95.47461368653421,6,1995,0,601,309.19879150390625,307.66943359375,313.80853271484375,0.7268081307411194,0.581257164478302,0.9645678997039795,0.354114830493927,0.5855611562728882,696.7515258789062,0.9999998807907104,115.91190099716187,115.9119029045105
G19,adam,auto,0,604,604,2.865751266479492,0.6981511116027832,-777.625,-783.3509521484375,-757.56591796875,474.08843994140625,481.8656005859375,450.4789733886719,855.9653930664062,865.0,831.0,865.0,906.0,41.0,4.525386313465783,95.47461368653421,2,1995,0,601,307.9059143066406,306.37335205078125,312.49798583984375,0.7285422086715698,0.582668125629425,0.9648619294166565,0.35443368554115295,0.5873356461524963,693.287109375,1.0,116.10462021827698,116.10462212562561
G19,adam,auto,0,605,605,2.8678064346313477,0.6976513862609863,-779.2717895507812,-785.0083618164062,-759.2306518554688,476.21929931640625,483.99755859375,452.6510009765625,855.7651977539062,865.0,831.0,865.0,906.0,41.0,4.525386313465783,95.47461368653421,2,1995,0,601,306.6127624511719,305.0769958496094,311.186767578125,0.7302706241607666,0.5840805172920227,0.9651532173156738,0.35475125908851624,0.5891048908233643,689.8148193359375,0.9999998807907104,116.29310011863708,116.29310202598572
G19,adam,auto,0,606,606,2.8698649406433105,0.6971516013145447,-780.9102783203125,-786.6575317382812,-760.8881225585938,478.3422546386719,486.1463623046875,454.79351806640625,855.951171875,865.0,831.0,865.0,906.0,41.0,4.525386313465783,95.47461368653421,0,1995,0,601,305.3193054199219,303.78045654296875,309.8748779296875,0.7319934964179993,0.5854948163032532,0.9654418230056763,0.3550676107406616,0.5908681154251099,686.335205078125,1.0,116.48480010032654,116.48480200767517
G19,adam,auto,0,607,607,2.8719263076782227,0.696651816368103,-782.540771484375,-788.298583984375,-762.5382080078125,480.4575500488281,488.274169921875,456.94769287109375,856.2990112304688,865.0,831.0,865.0,906.0,41.0,4.525386313465783,95.47461368653421,0,1995,0,601,304.02569580078125,302.4837341308594,308.5624084472656,0.7337106466293335,0.5869110226631165,0.965727686882019,0.3553825318813324,0.5926262736320496,682.848388671875,1.0,116.67559099197388,116.67559385299683
G19,adam,auto,0,608,608,2.873990297317505,0.6961520910263062,-784.1630249023438,-789.9313354492188,-764.1807250976562,482.5647888183594,490.381103515625,459.100830078125,856.3640747070312,866.0,831.0,866.0,906.0,40.0,4.415011037527594,95.58498896247241,1995,1995,0,608,302.73193359375,301.18695068359375,307.2494201660156,0.7354221343994141,0.5883292555809021,0.9660109281539917,0.35569632053375244,0.5943777561187744,679.3550415039062,0.9999999403953552,116.8675651550293,116.86756706237793
G19,adam,auto,0,609,609,2.8760573863983154,0.6956523656845093,-785.7769775390625,-791.5556640625,-765.81591796875,484.6642150878906,492.51214599609375,461.22686767578125,856.4160766601562,866.0,831.0,866.0,906.0,40.0,4.415011037527594,95.58498896247241,6,1995,0,608,301.4381103515625,299.8901062011719,305.9359436035156,0.7371277809143066,0.5897493958473206,0.9662915468215942,0.3560087978839874,0.596122145652771,675.8552856445312,1.0,117.05811715126038,117.05811905860901
G19,adam,auto,0,610,610,2.8781275749206543,0.6951525807380676,-787.3826293945312,-793.171630859375,-767.4434814453125,486.7556457519531,494.60833740234375,463.36285400390625,856.4329833984375,866.0,831.0,866.0,906.0,40.0,4.415011037527594,95.58498896247241,2,1995,0,608,300.1442565917969,298.59326171875,304.6220397949219,0.7388277649879456,0.5911715030670166,0.9665696024894714,0.3563198745250702,0.5978605151176453,672.349609375,1.0,117.25002312660217,117.2500250339508
G19,adam,auto,0,611,611,2.8802006244659424,0.6946528553962708,-788.9800415039062,-794.779296875,-769.0634155273438,488.83905029296875,496.69659423828125,465.50177001953125,856.7548217773438,866.0,831.0,866.0,906.0,40.0,4.415011037527594,95.58498896247241,1,1995,0,608,298.8504638671875,297.2965087890625,303.3078308105469,0.7405217289924622,0.5925955772399902,0.9668450951576233,0.3566296100616455,0.5995952486991882,668.8382568359375,0.9999999403953552,117.4401752948761,117.44017815589905
G19,adam,auto,0,612,612,2.8822765350341797,0.6941530704498291,-790.5689697265625,-796.3784790039062,-770.6757202148438,490.914306640625,498.8037109375,467.60235595703125,857.3052978515625,867.0,831.0,867.0,906.0,39.0,4.304635761589404,95.69536423841059,3,3,0,612,297.5566711425781,295.9998474121094,301.9932861328125,0.7422100901603699,0.5940215587615967,0.9671180844306946,0.35693830251693726,0.6013290882110596,665.3217163085938,1.0,117.6324942111969,117.63249707221985
G19,adam,auto,0,613,613,2.8843557834625244,0.6936533451080322,-792.1497192382812,-797.9692993164062,-772.2801513671875,492.9814147949219,500.8660888671875,469.7216796875,857.3890991210938,867.0,831.0,867.0,906.0,39.0,4.304635761589404,95.69536423841059,40,3,0,612,296.2630615234375,294.703369140625,300.67852783203125,0.7438923120498657,0.5954493880271912,0.9673885107040405,0.3572455048561096,0.6030592322349548,661.8001708984375,1.0,117.8236391544342,117.82364106178284
G19,adam,auto,0,614,614,2.8864378929138184,0.6931536197662354,-793.721923828125,-799.5514526367188,-773.8770141601562,495.0404357910156,502.9417724609375,471.8316650390625,857.4277954101562,867.0,831.0,867.0,906.0,39.0,4.304635761589404,95.69536423841059,16,3,0,612,294.9696044921875,293.4071350097656,299.36358642578125,0.7455686926841736,0.5968791842460632,0.9676565527915955,0.35755130648612976,0.6047830581665039,658.274169921875,0.9999998807907104,118.01326704025269,118.01326894760132
G19,adam,auto,0,615,615,2.8885231018066406,0.6926538348197937,-795.2857055664062,-801.1251831054688,-775.4657592773438,497.091064453125,505.0181884765625,473.91876220703125,857.4605712890625,867.0,831.0,867.0,906.0,39.0,4.304635761589404,95.69536423841059,18,3,0,612,293.6763916015625,292.11114501953125,298.04852294921875,0.7472390532493591,0.5983107686042786,0.9679222106933594,0.3578561544418335,0.6064997315406799,654.7440185546875,0.9999999403953552,118.20444822311401,118.20445013046265
G19,adam,auto,0,616,616,2.890610933303833,0.692154049873352,-796.8409423828125,-802.6904907226562,-777.0468139648438,499.13360595703125,507.0484619140625,475.99322509765625,857.4937744140625,867.0,834.0,867.0,906.0,39.0,4.304635761589404,95.69536423841059,18,3,0,612,292.3834228515625,290.81549072265625,296.7334289550781,0.7489035129547119,0.5997442007064819,0.9681853652000427,0.35815930366516113,0.6082094311714172,651.2100219726562,0.9999998807907104,118.39608716964722,118.39608907699585
G19,adam,auto,0,617,617,2.892702341079712,0.6916543245315552,-798.3878173828125,-804.2471313476562,-778.6199340820312,501.1676940917969,509.12091064453125,478.0892333984375,857.5142822265625,867.0,834.0,867.0,906.0,39.0,4.304635761589404,95.69536423841059,2,3,0,612,291.0908203125,289.5202331542969,295.4183044433594,0.7505618333816528,0.6011794805526733,0.9684462547302246,0.35846132040023804,0.6099118590354919,647.6726684570312,1.0000001192092896,118.58668804168701,118.58669114112854
G19,adam,auto,0,618,618,2.89479660987854,0.6911545991897583,-799.926025390625,-805.7950439453125,-780.1849365234375,503.193359375,511.145263671875,480.1409912109375,857.5156860351562,867.0,834.0,867.0,906.0,39.0,4.304635761589404,95.69536423841059,2,3,0,612,289.7986145019531,288.2253723144531,294.1033020019531,0.7522140741348267,0.6026166081428528,0.9687047004699707,0.3587622046470642,0.6116068959236145,644.1322021484375,1.0,118.77710604667664,118.77710795402527
G19,adam,auto,0,619,619,2.8968935012817383,0.6906548738479614,-801.4557495117188,-807.334228515625,-781.741943359375,505.2110900878906,513.17041015625,482.2017822265625,857.5070190429688,867.0,834.0,867.0,906.0,39.0,4.304635761589404,95.69536423841059,2,3,0,612,288.50677490234375,286.9310302734375,292.78839111328125,0.7538601756095886,0.6040554642677307,0.9689608216285706,0.35906097292900085,0.613294243812561,640.5889892578125,1.0,118.96814608573914,118.96814799308777
G19,adam,auto,0,620,620,2.898993730545044,0.6901550889015198,-802.9769287109375,-808.8648681640625,-783.2908325195312,507.21990966796875,515.2068481445312,484.25701904296875,857.4996948242188,867.0,834.0,867.0,906.0,39.0,4.304635761589404,95.69536423841059,2,3,0,612,287.2154541015625,285.63720703125,291.47369384765625,0.7555001378059387,0.6054960489273071,0.9692147374153137,0.3593592047691345,0.614973783493042,637.0437622070312,0.9999998807907104,119.15930914878845,119.1593120098114
G19,adam,auto,0,621,621,2.901097059249878,0.6896553039550781,-804.4893798828125,-810.3868408203125,-784.8314819335938,509.2206115722656,517.2032470703125,486.30291748046875,857.4901123046875,867.0,834.0,867.0,906.0,39.0,4.304635761589404,95.69536423841059,2,3,0,612,285.9247131347656,284.343994140625,290.15924072265625,0.7571340203285217,0.6069384217262268,0.9694664478302002,0.3596554696559906,0.6166456341743469,633.496337890625,1.0,119.35129308700562,119.35129499435425
G19,adam,auto,0,622,622,2.9032037258148193,0.6891555786132812,-805.9932861328125,-811.8999633789062,-786.3639526367188,511.2127380371094,519.2137451171875,488.3382568359375,857.4871215820312,867.0,834.0,867.0,906.0,39.0,4.304635761589404,95.69536423841059,2,3,0,612,284.6344909667969,283.0513916015625,288.8451232910156,0.7587616443634033,0.6083825826644897,0.9697157740592957,0.35995039343833923,0.6183093786239624,629.947509765625,1.0,119.5422899723053,119.54229307174683
G19,adam,auto,0,623,623,2.905313014984131,0.6886558532714844,-807.4886474609375,-813.4041748046875,-787.88818359375,513.1963500976562,521.2149658203125,490.363525390625,857.6066284179688,867.0,834.0,867.0,906.0,39.0,4.304635761589404,95.69536423841059,2,3,0,612,283.3449401855469,281.75946044921875,287.5313720703125,0.7603829503059387,0.6098284125328064,0.969963014125824,0.3602440655231476,0.6199661493301392,626.3975219726562,1.0,119.735111951828,119.73511385917664
G19,adam,auto,0,624,624,2.9074251651763916,0.6881561279296875,-808.9752807617188,-814.899658203125,-789.404296875,515.1715087890625,523.1829223632812,492.406005859375,857.7890014648438,867.0,834.0,867.0,906.0,39.0,4.304635761589404,95.69536423841059,2,3,0,612,282.0560607910156,280.46832275390625,286.21807861328125,0.7619980573654175,0.611275851726532,0.9702080488204956,0.3605361878871918,0.6216166615486145,622.8466796875,1.0,119.9334180355072,119.93341994285583
G19,adam,auto,0,625,625,2.909540891647339,0.6876563429832458,-810.4531860351562,-816.3865356445312,-790.9118041992188,517.13818359375,525.1806030273438,494.3975830078125,857.7957153320312,867.0,834.0,867.0,906.0,39.0,4.304635761589404,95.69536423841059,6,3,0,612,280.7679138183594,279.177978515625,284.9052429199219,0.7636067867279053,0.6127249598503113,0.9704508185386658,0.36082661151885986,0.6232608556747437,619.2955322265625,1.0000001192092896,120.12181305885315,120.1218159198761
G19,adam,auto,0,626,626,2.9116594791412354,0.6871565580368042,-811.9224853515625,-817.8644409179688,-792.4109497070312,519.09619140625,527.1416015625,496.42047119140625,857.780517578125,867.0,834.0,867.0,906.0,39.0,4.304635761589404,95.69536423841059,6,3,0,612,279.4805603027344,277.8884582519531,283.5929870605469,0.7652092576026917,0.6141757369041443,0.9706915616989136,0.36111587285995483,0.6248966455459595,615.7443237304688,1.0,120.31732511520386,120.31732702255249
G19,adam,auto,0,627,627,2.913780927658081,0.6866568326950073,-813.3831176757812,-819.3335571289062,-793.9016723632812,521.045654296875,529.0887451171875,498.42236328125,857.7651977539062,867.0,834.0,867.0,906.0,39.0,4.304635761589404,95.69536423841059,6,3,0,612,278.19403076171875,276.5998229980469,282.2813415527344,0.7668053507804871,0.6156280636787415,0.9709302186965942,0.36140355467796326,0.6265249848365784,612.1935424804688,0.9999999403953552,120.50829124450684,120.50829315185547
G19,adam,auto,0,628,628,2.9159059524536133,0.6861571073532104,-814.8350219726562,-820.793701171875,-795.384033203125,522.98681640625,531.0730590820312,500.3896484375,857.751220703125,867.0,834.0,867.0,906.0,39.0,4.304635761589404,95.69536423841059,6,3,0,612,276.9083557128906,275.3121337890625,280.9703674316406,0.7683950066566467,0.6170819997787476,0.971166729927063,0.3616892397403717,0.6281458139419556,608.6434936523438,1.0,120.70004916191101,120.70005106925964
G19,adam,auto,0,629,629,2.918034076690674,0.6856573820114136,-816.2782592773438,-822.2449951171875,-796.857666015625,524.9190063476562,532.9765625,502.39910888671875,857.736572265625,867.0,835.0,867.0,906.0,39.0,4.304635761589404,95.69536423841059,6,3,0,612,275.6236572265625,274.0254821777344,279.66015625,0.7699782848358154,0.618537425994873,0.9714013338088989,0.3619740605354309,0.6297596096992493,605.0948486328125,0.9999999403953552,120.8907060623169,120.89070796966553
G19,adam,auto,0,630,630,2.9201648235321045,0.6851575970649719,-817.7127685546875,-823.6873168945312,-798.3229370117188,526.8428955078125,534.92919921875,504.3511962890625,857.5866088867188,867.0,835.0,867.0,906.0,39.0,4.304635761589404,95.69536423841059,1097,3,0,612,274.33990478515625,272.7398681640625,278.3507080078125,0.7715551257133484,0.6199943423271179,0.971633791923523,0.3622566759586334,0.6313686370849609,601.547607421875,0.9999999403953552,121.08186507225037,121.081866979599
G19,adam,auto,0,631,631,2.9222989082336426,0.6846578121185303,-819.1384887695312,-825.1207275390625,-799.7794189453125,528.7581787109375,536.8619384765625,506.30072021484375,857.3410034179688,867.0,836.0,867.0,906.0,39.0,4.304635761589404,95.69536423841059,1097,3,0,612,273.05718994140625,271.4553527832031,277.0421142578125,0.7731254696846008,0.6214528679847717,0.9718642234802246,0.3625376224517822,0.6329718828201294,598.0025634765625,1.0,121.27330803871155,121.2733108997345
G19,adam,auto,0,632,632,2.924436330795288,0.6841580867767334,-820.555419921875,-826.5451049804688,-801.2274169921875,530.6646728515625,538.756103515625,508.28936767578125,857.2249755859375,867.0,836.0,867.0,906.0,39.0,4.304635761589404,95.69536423841059,1995,3,0,612,271.77557373046875,270.1719970703125,275.73443603515625,0.7746893167495728,0.6229127645492554,0.9720926880836487,0.3628171980381012,0.6345691680908203,594.4600219726562,1.0000001192092896,121.46459126472473,121.46459412574768
G19,adam,auto,0,633,633,2.926576852798462,0.6836583614349365,-821.9638061523438,-827.9606323242188,-802.6666259765625,532.562744140625,540.6747436523438,510.20428466796875,857.162109375,867.0,836.0,867.0,906.0,39.0,4.304635761589404,95.69536423841059,1995,3,0,612,270.4950866699219,268.88983154296875,274.4277648925781,0.7762466669082642,0.6243740916252136,0.9723191857337952,0.36309483647346497,0.6361606121063232,590.9203491210938,1.0000001192092896,121.65612506866455,121.65612697601318
G19,adam,auto,0,634,634,2.928720235824585,0.6831586360931396,-823.3633422851562,-829.3671875,-804.09716796875,534.4525146484375,542.5771484375,512.1392822265625,857.126220703125,867.0,836.0,867.0,906.0,39.0,4.304635761589404,95.69536423841059,1995,3,0,612,269.21575927734375,267.60894775390625,273.12213134765625,0.777797520160675,0.6258367300033569,0.9725437164306641,0.36337023973464966,0.6377449631690979,587.3839111328125,1.0,121.8469672203064,121.84696912765503
G19,adam,auto,0,635,635,2.9308667182922363,0.682658851146698,-824.754150390625,-830.7645874023438,-805.51904296875,536.3331909179688,544.4517211914062,514.1049194335938,857.0947265625,867.0,836.0,867.0,906.0,39.0,4.304635761589404,95.69536423841059,1995,3,0,612,267.9376525878906,266.329345703125,271.81756591796875,0.7793416976928711,0.6273007988929749,0.9727664589881897,0.3636445701122284,0.6393224000930786,583.8511962890625,1.0,122.03892111778259,122.03892302513123
G19,adam,auto,0,636,636,2.933016538619995,0.6821590662002563,-826.13623046875,-832.1530151367188,-806.93212890625,538.2058715820312,546.3352661132812,515.9854736328125,857.0659790039062,867.0,836.0,867.0,906.0,39.0,4.304635761589404,95.69536423841059,1995,3,0,612,266.66082763671875,265.05108642578125,270.5141906738281,0.7808792591094971,0.6287661194801331,0.9729872941970825,0.3639162480831146,0.6408922672271729,580.322509765625,0.9999999403953552,122.23088908195496,122.23089098930359
G19,adam,auto,0,637,637,2.9351694583892822,0.6816593408584595,-827.5095825195312,-833.5325317382812,-808.33642578125,540.06982421875,548.2155151367188,517.9148559570312,857.0394897460938,867.0,836.0,867.0,906.0,39.0,4.304635761589404,95.69536423841059,1995,3,0,612,265.38531494140625,263.77423095703125,269.2120666503906,0.7824102640151978,0.6302328109741211,0.9732061624526978,0.36418619751930237,0.6424556374549866,576.79833984375,1.0,122.4210262298584,122.42102813720703
G19,adam,auto,0,638,638,2.9373254776000977,0.6811596155166626,-828.8743286132812,-834.90283203125,-809.7318115234375,541.9249877929688,550.0660400390625,519.8280029296875,857.0211791992188,867.0,836.0,867.0,906.0,39.0,4.304635761589404,95.69536423841059,1995,3,0,612,264.1111755371094,262.4989013671875,267.9111328125,0.7839346528053284,0.6317007541656494,0.9734232425689697,0.3644545376300812,0.6440121531486511,573.27880859375,1.0,122.61075711250305,122.61075901985168
G19,adam,auto,0,639,639,2.9394848346710205,0.6806598901748657,-830.230224609375,-836.2642211914062,-811.118408203125,543.7720947265625,551.9104614257812,521.7015991210938,857.01171875,867.0,836.0,867.0,906.0,39.0,4.304635761589404,95.69536423841059,1995,3,0,612,262.83843994140625,261.2250061035156,266.6116027832031,0.7854523062705994,0.6331698894500732,0.9736384749412537,0.3647201657295227,0.6455618739128113,569.76416015625,0.9999999403953552,122.80310297012329,122.80310606956482
G19,adam,auto,0,640,640,2.941647529602051,0.6801601052284241,-831.5772705078125,-837.616455078125,-812.4960327148438,545.6104736328125,553.7754516601562,523.5928344726562,857.0073852539062,867.0,836.0,867.0,906.0,39.0,4.304635761589404,95.69536423841059,1995,3,0,612,261.56719970703125,259.95269775390625,265.31341552734375,0.7869632244110107,0.634640097618103,0.9738518595695496,0.3649838864803314,0.6471041440963745,566.255126953125,0.9999999403953552,122.99405312538147,122.9940550327301
G19,adam,auto,0,641,641,2.9438130855560303,0.6796603202819824,-832.915771484375,-838.9596557617188,-813.8648071289062,547.4403686523438,555.5987548828125,525.4738159179688,857.0090942382812,867.0,836.0,867.0,906.0,39.0,4.304635761589404,95.69536423841059,1995,3,0,612,260.2974853515625,258.6820068359375,264.0167236328125,0.7884675860404968,0.6361115574836731,0.9740635752677917,0.3652456998825073,0.6486387848854065,562.75146484375,1.0,123.18497323989868,123.18497610092163
G19,adam,auto,0,642,642,2.945981740951538,0.6791605949401855,-834.2455444335938,-840.2938842773438,-815.2245483398438,549.261962890625,557.403076171875,527.3255615234375,857.0198974609375,867.0,836.0,867.0,906.0,39.0,4.304635761589404,95.69536423841059,1995,3,0,612,259.02923583984375,257.4129638671875,262.7215270996094,0.7899651527404785,0.6375840306282043,0.9742733836174011,0.3655048608779907,0.6501663327217102,559.253662109375,1.0,123.37544512748718,123.37544703483582
G19,adam,auto,0,643,643,2.9481539726257324,0.6786608695983887,-835.5665283203125,-841.618896484375,-816.5752563476562,551.0750122070312,559.254638671875,529.1914672851562,857.0441284179688,867.0,836.0,867.0,906.0,39.0,4.304635761589404,95.69536423841059,6580,3,0,612,257.7626953125,256.1456298828125,261.42791748046875,0.791455864906311,0.6390575766563416,0.9744815230369568,0.3657621145248413,0.6516859531402588,555.7620239257812,1.0,123.56773519515991,123.56773805618286
G19,adam,auto,0,644,644,2.950329303741455,0.678161084651947,-836.8789672851562,-842.934814453125,-817.9171142578125,552.8796997070312,561.0348510742188,531.0350952148438,857.1768188476562,866.0,837.0,867.0,906.0,39.0,4.304635761589404,95.69536423841059,1995,3,0,612,256.49774169921875,254.88003540039062,260.13592529296875,0.7929400205612183,0.6405321955680847,0.974687933921814,0.366016685962677,0.6531988978385925,552.2764282226562,0.9999999403953552,123.75840520858765,123.75840711593628
G19,adam,auto,0,645,645,2.952507734298706,0.6776613593101501,-838.1826171875,-844.24169921875,-819.2498779296875,554.67578125,562.8314208984375,532.875732421875,857.42041015625,866.0,837.0,867.0,906.0,39.0,4.304635761589404,95.69536423841059,1995,3,0,612,255.23452758789062,253.6162567138672,258.84564208984375,0.7944172620773315,0.6420076489448547,0.9748924970626831,0.3662692904472351,0.6547057628631592,548.7975463867188,0.9999998807907104,123.94996523857117,123.9499671459198
G19,adam,auto,0,646,646,2.9546892642974854,0.6771615743637085,-839.4774780273438,-845.5394897460938,-820.5736083984375,556.4639282226562,564.642578125,534.7090454101562,857.60888671875,866.0,837.0,867.0,906.0,39.0,4.304635761589404,95.69536423841059,6580,3,0,612,253.97300720214844,252.35433959960938,257.55706787109375,0.7958876490592957,0.6434841156005859,0.9750955700874329,0.36651888489723206,0.6562074422836304,545.324951171875,0.9999999403953552,124.14135408401489,124.14135599136353
G19,adam,auto,0,647,647,2.956874370574951,0.6766618490219116,-840.763671875,-846.8282470703125,-821.8882446289062,558.243408203125,566.39013671875,536.5166015625,857.7274169921875,866.0,837.0,867.0,906.0,39.0,4.304635761589404,95.69536423841059,6580,3,0,612,252.7133026123047,251.09432983398438,256.27032470703125,0.7973512411117554,0.644961416721344,0.9752968549728394,0.3667662441730499,0.6577025055885315,541.8594360351562,0.9999999403953552,124.33148121833801,124.33148312568665
G19,adam,auto,0,648,648,2.9590625762939453,0.6761621236801147,-842.0413818359375,-848.1078491210938,-823.1937866210938,560.0143432617188,568.1792602539062,538.3495483398438,857.8012084960938,866.0,837.0,867.0,906.0,39.0,4.304635761589404,95.69536423841059,6580,3,0,612,251.45542907714844,249.83627319335938,254.99557495117188,0.7988079786300659,0.6464395523071289,0.9754965305328369,0.3670114278793335,0.659190833568573,538.4007568359375,1.0,124.5238311290741,124.52383399009705
G19,adam,auto,0,649,649,2.9612538814544678,0.6756623387336731,-843.3101806640625,-849.3782958984375,-824.490234375,561.7776489257812,569.9390869140625,540.1303100585938,857.8485107421875,866.0,837.0,867.0,906.0,39.0,4.304635761589404,95.69536423841059,9498,3,0,612,250.19943237304688,248.5802001953125,253.7245330810547,0.8002579212188721,0.6479184627532959,0.9756945371627808,0.3672528862953186,0.6606723666191101,534.948974609375,1.0000001192092896,124.71658134460449,124.71658420562744
G19,adam,auto,0,650,650,2.9634482860565186,0.6751626133918762,-844.5703735351562,-850.6396484375,-825.7775268554688,563.5316772460938,571.6722412109375,541.927978515625,857.884521484375,866.0,837.0,867.0,906.0,39.0,4.304635761589404,95.69536423841059,9498,3,0,612,248.94534301757812,247.32618713378906,252.45530700683594,0.801701009273529,0.649398148059845,0.9758909344673157,0.36749324202537537,0.6621465682983398,531.5048217773438,1.0,124.90747332572937,124.907475233078
G19,adam,auto,0,651,651,2.965646266937256,0.6746628284454346,-845.822021484375,-851.89208984375,-827.0557861328125,565.278076171875,573.4361572265625,543.72265625,857.9157104492188,866.0,837.0,867.0,906.0,39.0,4.304635761589404,95.69536423841059,9498,3,0,612,247.69320678710938,246.0742645263672,251.18792724609375,0.8031371235847473,0.6508784890174866,0.9760857820510864,0.3677298426628113,0.6636148691177368,528.0677490234375,0.9999999403953552,125.10192513465881,125.10192704200745
G19,adam,auto,0,652,652,2.9678473472595215,0.6741631031036377,-847.0648193359375,-853.1351318359375,-828.3247680664062,567.0160522460938,575.1533813476562,545.4681396484375,857.9464721679688,866.0,837.0,867.0,906.0,39.0,4.304635761589404,95.69536423841059,9498,3,0,612,246.44309997558594,244.82449340820312,249.92245483398438,0.804566502571106,0.6523594260215759,0.9762790203094482,0.3679638206958771,0.6650769710540771,524.6384887695312,1.0,125.29862809181213,125.29863119125366
G19,adam,auto,0,653,653,2.9700517654418945,0.6736633777618408,-848.299072265625,-854.3692016601562,-829.584716796875,568.7453002929688,576.876953125,547.25732421875,857.9791259765625,866.0,837.0,867.0,906.0,39.0,4.304635761589404,95.69536423841059,9498,3,0,612,245.1950225830078,243.576904296875,248.658935546875,0.8059888482093811,0.653840959072113,0.9764705896377563,0.3681957721710205,0.6665336489677429,521.2169189453125,1.0,125.49001121520996,125.4900131225586
G19,adam,auto,0,654,654,2.972259521484375,0.6731635928153992,-849.5245971679688,-855.59423828125,-830.83544921875,570.4666748046875,578.599365234375,549.007568359375,858.0151977539062,865.0,837.0,867.0,906.0,39.0,4.304635761589404,95.69536423841059,0,3,0,612,243.9490509033203,242.33152770996094,247.39739990234375,0.8074042201042175,0.6553230285644531,0.9766606688499451,0.3684243857860565,0.6679834723472595,517.8030395507812,1.0,125.68212628364563,125.68212819099426
G19,adam,auto,0,655,655,2.974470615386963,0.6726638078689575,-850.7415161132812,-856.81005859375,-832.076904296875,572.1798095703125,580.28955078125,550.732421875,858.0496215820312,865.0,838.0,867.0,906.0,39.0,4.304635761589404,95.69536423841059,0,3,0,612,242.7052001953125,241.0884552001953,246.1378936767578,0.8088127374649048,0.6568056344985962,0.9768492579460144,0.368649959564209,0.6694274544715881,514.3973999023438,1.0000001192092896,125.87324810028076,125.87325096130371
G19,adam,auto,0,656,656,2.976684808731079,0.6721640825271606,-851.9498291015625,-858.0169067382812,-833.309326171875,573.8839721679688,582.0001220703125,552.4912109375,858.0955200195312,865.0,838.0,867.0,906.0,39.0,4.304635761589404,95.69536423841059,0,3,0,612,241.4635009765625,239.8477020263672,244.88047790527344,0.8102144002914429,0.6582886576652527,0.9770362973213196,0.3688737154006958,0.6708636283874512,510.9999084472656,0.9999999403953552,126.0639660358429,126.06396794319153
G19,adam,auto,0,657,657,2.9789021015167236,0.6716643571853638,-853.1494140625,-859.2147216796875,-834.532470703125,575.5805053710938,583.675048828125,554.21240234375,858.13720703125,865.0,838.0,867.0,906.0,39.0,4.304635761589404,95.69536423841059,0,3,0,612,240.2240447998047,238.60931396484375,243.62521362304688,0.8116090893745422,0.6597720384597778,0.9772218465805054,0.36909374594688416,0.6722932457923889,507.61077880859375,0.9999999403953552,126.25486016273499,126.25486207008362
G19,adam,auto,0,658,658,2.981123208999634,0.6711646318435669,-854.3403930664062,-860.4033203125,-835.7464599609375,577.2686157226562,585.3541259765625,555.9126586914062,858.177001953125,865.0,838.0,867.0,906.0,39.0,4.304635761589404,95.69536423841059,0,3,0,612,238.98683166503906,237.3733367919922,242.37210083007812,0.8129966855049133,0.6612557172775269,0.977405846118927,0.3693111538887024,0.673715353012085,504.2301025390625,0.9999999403953552,126.44605708122253,126.44605898857117
G19,adam,auto,0,659,659,2.9833476543426514,0.6706648468971252,-855.522705078125,-861.5829467773438,-836.951416015625,578.9480590820312,587.0133666992188,557.6435546875,858.22509765625,865.0,839.0,867.0,906.0,39.0,4.304635761589404,95.69536423841059,0,3,0,612,237.7519073486328,236.13980102539062,241.12120056152344,0.8143773674964905,0.6627396941184998,0.9775882959365845,0.3695262372493744,0.6751302480697632,500.8580017089844,0.9999999403953552,126.63672208786011,126.63672399520874
G19,adam,auto,0,660,660,2.985574960708618,0.6701650619506836,-856.6964111328125,-862.7535400390625,-838.1463012695312,580.61962890625,588.695556640625,559.32421875,858.2711791992188,866.0,839.0,867.0,906.0,39.0,4.304635761589404,95.69536423841059,1479,3,0,612,236.51931762695312,234.90878295898438,239.87255859375,0.8157511353492737,0.6642239689826965,0.9777694940567017,0.36973780393600464,0.6765379309654236,497.49462890625,0.9999999403953552,126.82851099967957,126.8285129070282
G19,adam,auto,0,661,661,2.9878056049346924,0.6696653366088867,-857.861572265625,-863.9151000976562,-839.3309326171875,582.2825927734375,590.3126831054688,561.0182495117188,858.313720703125,866.0,839.0,867.0,906.0,39.0,4.304635761589404,95.69536423841059,1479,3,0,612,235.28909301757812,233.6802978515625,238.626220703125,0.8171178698539734,0.6657083034515381,0.9779491424560547,0.3699468970298767,0.6779382228851318,494.1400146484375,1.0,127.01927208900452,127.01927399635315
G19,adam,auto,0,662,662,2.9900400638580322,0.6691656112670898,-859.0181884765625,-865.067626953125,-840.5068969726562,583.9370727539062,591.9686889648438,562.6921997070312,858.3792724609375,867.0,839.0,867.0,906.0,39.0,4.304635761589404,95.69536423841059,1479,3,0,612,234.061279296875,232.4543914794922,237.3822021484375,0.8184776306152344,0.6671927571296692,0.9781272411346436,0.3701535165309906,0.6793306469917297,490.79437255859375,0.9999999403953552,127.21233797073364,127.21233987808228
G19,adam,auto,0,663,663,2.9922773838043213,0.668665885925293,-860.166015625,-866.2111206054688,-841.6740112304688,585.5836181640625,593.6080322265625,564.3623657226562,858.488525390625,867.0,839.0,867.0,906.0,39.0,4.304635761589404,95.69536423841059,1479,3,0,612,232.83590698242188,231.23110961914062,236.14056396484375,0.8198303580284119,0.6686772704124451,0.9783040285110474,0.3703564703464508,0.6807164549827576,487.4576416015625,1.0,127.40152716636658,127.40152907371521
G19,adam,auto,0,664,664,2.9945180416107178,0.6681661009788513,-861.305419921875,-867.345703125,-842.8324584960938,587.2212524414062,595.2083740234375,566.0279541015625,858.5925903320312,867.0,838.0,867.0,906.0,39.0,4.304635761589404,95.69536423841059,1479,3,0,612,231.61302185058594,230.01048278808594,234.90133666992188,0.8211761116981506,0.670161783695221,0.9784794449806213,0.37055763602256775,0.6820950508117676,484.1301574707031,1.0,127.593013048172,127.59301495552063
G19,adam,auto,0,665,665,2.99676251411438,0.6676663160324097,-862.4359741210938,-868.4713745117188,-843.982177734375,588.8510131835938,596.8281860351562,567.6582641601562,858.6755981445312,867.0,838.0,867.0,906.0,39.0,4.304635761589404,95.69536423841059,1479,3,0,612,230.3926544189453,228.79257202148438,233.66456604003906,0.8225149512290955,0.6716462969779968,0.9786534309387207,0.3707551658153534,0.6834663152694702,480.8116149902344,0.9999999403953552,127.78475332260132,127.78475594520569
G19,adam,auto,0,666,666,2.9990103244781494,0.6671665906906128,-863.5582275390625,-869.5880126953125,-845.1231079101562,590.471923828125,598.4451293945312,569.3294677734375,858.77001953125,867.0,840.0,867.0,906.0,39.0,4.304635761589404,95.69536423841059,1479,3,0,612,229.1748809814453,227.577392578125,232.43026733398438,0.8238467574119568,0.6731305718421936,0.978826105594635,0.3709505498409271,0.6848308444023132,477.50238037109375,1.0,127.97432708740234,127.97432899475098
G19,adam,auto,0,667,667,3.001260995864868,0.6666668653488159,-864.6718139648438,-870.69580078125,-846.2552490234375,592.08447265625,600.013671875,570.928955078125,858.9049072265625,867.0,841.0,867.0,906.0,39.0,4.304635761589404,95.69536423841059,1479,3,0,612,227.95965576171875,226.364990234375,231.19850158691406,0.8251714110374451,0.6746147274971008,0.9789972901344299,0.37114304304122925,0.6861876249313354,474.20208740234375,1.0,128.1656551361084,128.16565799713135
G19,adam,auto,0,668,668,3.0035152435302734,0.666167140007019,-865.7767944335938,-871.7946166992188,-847.3785400390625,593.688720703125,601.618896484375,572.564697265625,859.0283813476562,867.0,841.0,867.0,906.0,39.0,4.304635761589404,95.69536423841059,1479,3,0,612,226.7470703125,225.1553955078125,229.96926879882812,0.8264892101287842,0.6760982871055603,0.9791672229766846,0.37133267521858215,0.6875377297401428,470.91119384765625,1.0,128.35741209983826,128.3574140071869
G19,adam,auto,0,669,669,3.0057733058929443,0.6656673550605774,-866.8732299804688,-872.8844604492188,-848.493408203125,595.2841796875,603.184814453125,574.1818237304688,859.103515625,867.0,841.0,867.0,906.0,39.0,4.304635761589404,95.69536423841059,1479,3,0,612,225.53717041015625,223.9486846923828,228.74266052246094,0.8277998566627502,0.6775808334350586,0.9793358445167542,0.37152013182640076,0.6888803839683533,467.6293640136719,0.9999999403953552,128.54877710342407,128.54877996444702
G19,adam,auto,0,670,670,3.0080344676971436,0.6651675701141357,-867.9609985351562,-873.9655151367188,-849.5982055664062,596.8712158203125,604.7525634765625,575.76806640625,859.172119140625,867.0,841.0,867.0,906.0,39.0,4.304635761589404,95.69536423841059,1479,3,0,612,224.3299560546875,222.74484252929688,227.5186767578125,0.8291036486625671,0.679063081741333,0.9795030355453491,0.37170493602752686,0.6902151107788086,464.3565979003906,1.0,128.74042510986328,128.7404270172119
G19,adam,auto,0,671,671,3.01029896736145,0.6646678447723389,-869.0402221679688,-875.0377197265625,-850.6930541992188,598.4495849609375,606.3063354492188,577.3678588867188,859.3955078125,867.0,841.0,867.0,906.0,39.0,4.304635761589404,95.69536423841059,1479,3,0,612,223.12550354003906,221.54393005371094,226.29736328125,0.8304002285003662,0.680544912815094,0.9796690344810486,0.37188711762428284,0.6915434002876282,461.0931701660156,0.9999999403953552,128.9323751926422,128.93237805366516
G19,adam,auto,0,672,672,3.0125668048858643,0.664168119430542,-870.1110229492188,-876.10107421875,-851.77880859375,600.019287109375,607.861572265625,578.955322265625,859.764892578125,867.0,841.0,867.0,906.0,39.0,4.304635761589404,95.69536423841059,1479,3,0,612,221.9237518310547,220.3459930419922,225.07876586914062,0.8316899538040161,0.682026207447052,0.9798336625099182,0.37206709384918213,0.6928667426109314,457.8388366699219,1.0,129.12330508232117,129.1233069896698
G19,adam,auto,0,673,673,3.014838218688965,0.6636683940887451,-871.173095703125,-877.155517578125,-852.8554077148438,601.5802001953125,609.3961791992188,580.5194091796875,859.8878173828125,867.0,841.0,867.0,906.0,39.0,4.304635761589404,95.69536423841059,1479,3,0,612,220.724853515625,219.1510467529297,223.86297607421875,0.8329725861549377,0.6835070252418518,0.9799970388412476,0.37224501371383667,0.6941842436790466,454.59368896484375,0.9999999403953552,129.31420230865479,129.31420421600342
G19,adam,auto,0,674,674,3.017113208770752,0.6631686091423035,-872.226806640625,-878.2012939453125,-853.9229125976562,603.1326293945312,610.92041015625,582.0834350585938,860.06591796875,867.0,841.0,867.0,906.0,39.0,4.304635761589404,95.69536423841059,1479,3,0,612,219.52879333496094,217.95913696289062,222.64996337890625,0.8342481851577759,0.6849873065948486,0.9801590442657471,0.37241992354393005,0.6954950094223022,451.35784912109375,1.0,129.50583624839783,129.50583815574646
G19,adam,auto,0,675,675,3.0193912982940674,0.6626688241958618,-873.2717895507812,-879.2384033203125,-854.9814453125,604.6760864257812,612.4518432617188,583.6482543945312,860.2000122070312,867.0,841.0,867.0,906.0,39.0,4.304635761589404,95.69536423841059,1479,3,0,612,218.33560180664062,216.770263671875,221.43984985351562,0.8355167508125305,0.6864669322967529,0.9803198575973511,0.37259310483932495,0.6967993974685669,448.1314392089844,1.0,129.6983060836792,129.69830918312073
G19,adam,auto,0,676,676,3.0216727256774902,0.6621690988540649,-874.3084106445312,-880.2666015625,-856.031005859375,606.2105712890625,613.9594116210938,585.1848754882812,860.2446899414062,867.0,841.0,867.0,906.0,39.0,4.304635761589404,95.69536423841059,1479,3,0,612,217.14529418945312,215.58450317382812,220.232666015625,0.8367784023284912,0.6879458427429199,0.9804794788360596,0.3727644681930542,0.6980957984924316,444.9142761230469,1.0,129.89010620117188,129.8901081085205
G19,adam,auto,0,677,677,3.023958206176758,0.6616693735122681,-875.33642578125,-881.2863159179688,-857.0714721679688,607.73681640625,615.4501953125,586.7091674804688,860.2896118164062,867.0,841.0,867.0,906.0,39.0,4.304635761589404,95.69536423841059,1479,3,0,612,215.95794677734375,214.40187072753906,219.02841186523438,0.8380329012870789,0.6894240379333496,0.980637788772583,0.3729326128959656,0.6993850469589233,441.7066650390625,1.0,130.07936310768127,130.0793650150299
G19,adam,auto,0,678,678,3.0262465476989746,0.6611696481704712,-876.3557739257812,-882.2972412109375,-858.1030883789062,609.2536010742188,616.9700927734375,588.265625,860.3353271484375,867.0,841.0,867.0,906.0,39.0,4.304635761589404,95.69536423841059,1479,3,0,612,214.77354431152344,213.22239685058594,217.8271484375,0.839280366897583,0.6909013986587524,0.9807949662208557,0.3730998635292053,0.7006654739379883,438.5088806152344,1.0,130.27147126197815,130.2714741230011
G19,adam,auto,0,679,679,3.028538465499878,0.6606698632240295,-877.3668212890625,-883.2994384765625,-859.1256713867188,610.76171875,618.4300537109375,589.7485961914062,860.3756103515625,867.0,841.0,867.0,906.0,39.0,4.304635761589404,95.69536423841059,1479,3,0,612,213.59217834472656,212.04611206054688,216.62896728515625,0.8405208587646484,0.6923779845237732,0.9809508323669434,0.37326470017433167,0.7019384503364563,435.3205871582031,1.0000001192092896,130.46712613105774,130.4671289920807
G19,adam,auto,0,680,680,3.030834197998047,0.6601700782775879,-878.3692016601562,-884.2931518554688,-860.1393432617188,612.2610473632812,619.911865234375,591.2713623046875,860.415283203125,867.0,841.0,867.0,906.0,39.0,4.304635761589404,95.69536423841059,1479,3,0,612,212.41380310058594,210.87303161621094,215.43380737304688,0.8417543768882751,0.6938536167144775,0.9811055064201355,0.373427152633667,0.7032033801078796,432.1423645019531,1.0,130.65810823440552,130.65811014175415
G19,adam,auto,0,681,681,3.0331332683563232,0.659670352935791,-879.36328125,-885.2783203125,-861.1441040039062,613.7509765625,621.3980102539062,592.7813720703125,860.4625244140625,867.0,840.0,867.0,906.0,39.0,4.304635761589404,95.69536423841059,1479,3,0,612,211.23849487304688,209.7032012939453,214.24176025390625,0.8429808616638184,0.6953283548355103,0.9812590479850769,0.3735887408256531,0.7044594883918762,428.974365234375,1.0,130.8484091758728,130.84841108322144
G19,adam,auto,0,682,682,3.035435676574707,0.6591706275939941,-880.3488159179688,-886.2548828125,-862.14013671875,615.232421875,622.835205078125,594.235595703125,860.5385131835938,867.0,841.0,867.0,906.0,39.0,4.304635761589404,95.69536423841059,1479,3,0,612,210.06629943847656,208.53665161132812,213.0528564453125,0.8442003726959229,0.696802020072937,0.9814113974571228,0.3737475872039795,0.7057083249092102,425.8164978027344,1.0,131.04066109657288,131.0406630039215
G19,adam,auto,0,683,683,3.0377416610717773,0.6586708426475525,-881.3258056640625,-887.2230834960938,-863.127197265625,616.7047119140625,624.283447265625,595.7491455078125,860.6199951171875,868.0,840.0,868.0,906.0,38.0,4.194260485651214,95.80573951434879,6780,6780,0,683,208.897216796875,207.3734130859375,211.86709594726562,0.8454127311706543,0.6982746720314026,0.9815624952316284,0.3739049434661865,0.7069486379623413,422.669189453125,0.9999999403953552,131.23228907585144,131.23229098320007
G19,adam,auto,0,684,684,3.040051221847534,0.6581711173057556,-882.2943725585938,-888.1826171875,-864.1055297851562,618.16796875,625.7565307617188,597.2063598632812,860.6644897460938,868.0,840.0,868.0,906.0,38.0,4.194260485651214,95.80573951434879,1479,6780,0,683,207.73129272460938,206.21348571777344,210.6845703125,0.8466181755065918,0.6997461915016174,0.9817125201225281,0.37406057119369507,0.7081810235977173,419.5325622558594,0.9999998807907104,131.42328023910522,131.42328310012817
G19,adam,auto,0,685,685,3.0423643589019775,0.657671332359314,-883.2546997070312,-889.1337890625,-865.0750732421875,619.6221923828125,627.15673828125,598.65234375,860.9052124023438,868.0,840.0,868.0,906.0,38.0,4.194260485651214,95.80573951434879,1479,6780,0,683,206.56854248046875,205.05694580078125,209.50526428222656,0.8478166460990906,0.7012165784835815,0.9818613529205322,0.3742145001888275,0.7094056606292725,416.4067687988281,1.0000001192092896,131.61616206169128,131.61616396903992
G19,adam,auto,0,686,686,3.0446808338165283,0.6571716070175171,-884.2064208984375,-890.0765380859375,-866.035888671875,621.0678100585938,628.587890625,600.1287841796875,861.2833862304688,868.0,840.0,868.0,906.0,38.0,4.194260485651214,95.80573951434879,1479,6780,0,683,205.40902709960938,203.90374755859375,208.3292236328125,0.8490080833435059,0.7026856541633606,0.9820090532302856,0.3743661046028137,0.7106252312660217,413.2919616699219,0.9999999403953552,131.8074700832367,131.80747318267822
G19,adam,auto,0,687,687,3.0470008850097656,0.6566718816757202,-885.14990234375,-891.010986328125,-866.9879150390625,622.5040283203125,630.013916015625,601.5552978515625,861.3895263671875,868.0,841.0,868.0,906.0,38.0,4.194260485651214,95.80573951434879,1479,6780,0,683,204.25277709960938,202.75396728515625,207.156494140625,0.8501924276351929,0.7041534781455994,0.9821556210517883,0.3745167553424835,0.7118392586708069,410.1884765625,1.0,131.99957013130188,131.9995720386505
G19,adam,auto,0,688,688,3.0493245124816895,0.6561720967292786,-886.0850219726562,-891.93701171875,-867.9312744140625,623.9315795898438,631.41162109375,602.9883422851562,861.4251098632812,868.0,843.0,868.0,906.0,38.0,4.194260485651214,95.80573951434879,1479,6780,0,683,203.0997772216797,201.60765075683594,205.98712158203125,0.8513699173927307,0.7056199908256531,0.9823011159896851,0.37466496229171753,0.7130473852157593,407.0964050292969,1.0,132.18991899490356,132.1899220943451
G19,adam,auto,0,689,689,3.051651954650879,0.6556723117828369,-887.0115966796875,-892.854736328125,-868.8660278320312,625.3502197265625,632.81494140625,604.4244384765625,861.4556274414062,868.0,842.0,868.0,906.0,38.0,4.194260485651214,95.80573951434879,1479,6780,0,683,201.95008850097656,200.46478271484375,204.82110595703125,0.8525403738021851,0.7070850729942322,0.982445478439331,0.37481167912483215,0.7142490148544312,404.0159912109375,1.0000001192092896,132.38107228279114,132.38107419013977
G19,adam,auto,0,690,690,3.0539822578430176,0.65517258644104,-887.9299926757812,-893.76416015625,-869.792236328125,626.759765625,634.1939086914062,605.8218994140625,861.4912719726562,868.0,842.0,868.0,906.0,38.0,4.194260485651214,95.80573951434879,1479,6780,0,683,200.80372619628906,199.32537841796875,203.6585235595703,0.8537037372589111,0.7085487842559814,0.9825887680053711,0.37495672702789307,0.715442955493927,400.94720458984375,1.0,132.57132697105408,132.5713288784027
G19,adam,auto,0,691,691,3.056316614151001,0.6546728610992432,-888.8402099609375,-894.6654052734375,-870.7098388671875,628.1605834960938,635.5758056640625,607.2402954101562,861.5260009765625,868.0,842.0,868.0,906.0,38.0,4.194260485651214,95.80573951434879,1479,6780,0,683,199.6607666015625,198.1894989013672,202.49937438964844,0.854860246181488,0.7100110054016113,0.9827309250831604,0.3750998079776764,0.7166301012039185,397.8904724121094,0.9999999403953552,132.76406812667847,132.76407122612
G19,adam,auto,0,692,692,3.058654546737671,0.6541731357574463,-889.7421264648438,-895.5584106445312,-871.618896484375,629.5524291992188,636.9371337890625,608.6422729492188,861.5607299804688,868.0,842.0,868.0,906.0,38.0,4.194260485651214,95.80573951434879,1479,6780,0,683,198.52117919921875,197.05714416503906,201.3436737060547,0.8560097217559814,0.711471676826477,0.9828721284866333,0.3752412497997284,0.7178095579147339,394.84564208984375,1.0,132.9546639919281,132.95466709136963
G19,adam,auto,0,693,693,3.0609958171844482,0.6536733508110046,-890.6356811523438,-896.4431762695312,-872.51953125,630.9354248046875,638.3181762695312,610.0048828125,861.5900268554688,868.0,842.0,868.0,906.0,38.0,4.194260485651214,95.80573951434879,1479,6780,0,683,197.38502502441406,195.9283447265625,200.19146728515625,0.8571522235870361,0.7129307389259338,0.9830120205879211,0.3753809928894043,0.7189821004867554,391.81317138671875,1.0,133.14561796188354,133.14561986923218
G19,adam,auto,0,694,694,3.063340902328491,0.653173565864563,-891.5211791992188,-897.3198852539062,-873.41162109375,632.3096313476562,639.6533203125,611.408935546875,861.619873046875,868.0,842.0,868.0,906.0,38.0,4.194260485651214,95.80573951434879,1479,6780,0,683,196.2523193359375,194.8031463623047,199.04281616210938,0.8582877516746521,0.7143881320953369,0.9831510782241821,0.37551891803741455,0.720146894454956,388.79278564453125,1.0,133.3363242149353,133.33632612228394
G19,adam,auto,0,695,695,3.0656895637512207,0.6526738405227661,-892.3983764648438,-898.1883544921875,-874.2952880859375,633.6751098632812,640.9974975585938,612.7744140625,861.6506958007812,868.0,842.0,868.0,906.0,38.0,4.194260485651214,95.80573951434879,1479,6780,0,683,195.12310791015625,193.68154907226562,197.89767456054688,0.8594163656234741,0.7158437371253967,0.9832890629768372,0.3756548762321472,0.7213043570518494,385.7847900390625,0.9999999403953552,133.52616500854492,133.52616691589355
G19,adam,auto,0,696,696,3.0680418014526367,0.6521741151809692,-893.267578125,-899.0488891601562,-875.1705322265625,635.03125,642.3519897460938,614.1194458007812,861.6931762695312,869.0,842.0,869.0,906.0,37.0,4.083885209713024,95.91611479028697,1479,1479,0,696,193.99740600585938,192.56356811523438,196.75611877441406,0.8605379462242126,0.7172977328300476,0.9834258556365967,0.37579017877578735,0.7224543690681458,382.7891845703125,1.0,133.7244222164154,133.72442412376404
G19,adam,auto,0,697,697,3.0703976154327393,0.6516743898391724,-894.1286010742188,-899.9014892578125,-876.0374755859375,636.3795166015625,643.6651611328125,615.4866333007812,861.78271484375,869.0,842.0,869.0,906.0,37.0,4.083885209713024,95.91611479028697,1479,1479,0,696,192.875244140625,191.44921875,195.61817932128906,0.8616526126861572,0.7187498211860657,0.9835618138313293,0.37592199444770813,0.7235985994338989,379.8059387207031,1.0,133.91257619857788,133.9125781059265
G19,adam,auto,0,698,698,3.0727570056915283,0.6511746048927307,-894.9816284179688,-900.7459106445312,-876.896240234375,637.71826171875,644.9873046875,616.83740234375,861.8753051757812,869.0,842.0,869.0,906.0,37.0,4.083885209713024,95.91611479028697,1479,1479,0,696,191.75665283203125,190.33856201171875,194.48387145996094,0.8627603054046631,0.7202000617980957,0.9836966395378113,0.3760536313056946,0.724736750125885,376.8355712890625,0.9999999403953552,134.1048240661621,134.10482716560364
G19,adam,auto,0,699,699,3.075120210647583,0.6506748199462891,-895.8264770507812,-901.5824584960938,-877.74658203125,639.0482788085938,646.3013916015625,618.1463012695312,861.99169921875,869.0,842.0,869.0,906.0,37.0,4.083885209713024,95.91611479028697,1479,1479,0,696,190.64166259765625,189.23159790039062,193.3532257080078,0.8638611435890198,0.7216483354568481,0.9838305115699768,0.37618327140808105,0.7258670330047607,373.87762451171875,1.0,134.29348731040955,134.29348921775818
G19,adam,auto,0,700,700,3.077486991882324,0.6501750946044922,-896.6635131835938,-902.4111328125,-878.5887451171875,640.3701782226562,647.6051025390625,619.49658203125,862.7401733398438,869.0,844.0,869.0,906.0,37.0,4.083885209713024,95.91611479028697,1479,1479,0,696,189.5302734375,188.12835693359375,192.22625732421875,0.8649550080299377,0.7230947017669678,0.9839633107185364,0.3763103783130646,0.7269941568374634,370.9327392578125,1.0,134.4855260848999,134.48552799224854
G19,adam,auto,0,701,701,3.079857349395752,0.6496753692626953,-897.4924926757812,-903.23193359375,-879.4227294921875,641.6829223632812,648.9002075195312,620.803955078125,863.0745239257812,870.0,844.0,870.0,906.0,36.0,3.9735099337748343,96.02649006622516,6780,6780,0,701,188.42254638671875,187.02882385253906,191.10302734375,0.866041898727417,0.724539041519165,0.9840951561927795,0.3764367699623108,0.7281237244606018,368.0008850097656,1.0,134.6820192337036,134.68202114105225
G19,adam,auto,0,702,702,3.082231044769287,0.6491756439208984,-898.3135986328125,-904.0449829101562,-880.24853515625,642.9871215820312,650.177490234375,622.1138305664062,863.189208984375,870.0,844.0,870.0,906.0,36.0,3.9735099337748343,96.02649006622516,6540,6780,0,701,187.3184814453125,185.93304443359375,189.9835205078125,0.8671219348907471,0.7259812951087952,0.9842259287834167,0.37656113505363464,0.7292481064796448,365.08209228515625,1.0,134.87625813484192,134.87626004219055
G19,adam,auto,0,703,703,3.084609031677246,0.6486758589744568,-899.1267700195312,-904.8499755859375,-881.066162109375,644.2827758789062,651.4608154296875,623.4117431640625,863.2758178710938,870.0,844.0,870.0,906.0,36.0,3.9735099337748343,96.02649006622516,1479,6780,0,701,186.2181396484375,184.841064453125,188.8677520751953,0.8681950569152832,0.7274214625358582,0.9843558669090271,0.3766835629940033,0.7303689122200012,362.1767883300781,1.0,135.06935501098633,135.06935811042786
G19,adam,auto,0,704,704,3.0869901180267334,0.6481760740280151,-899.93212890625,-905.6473388671875,-881.8758544921875,645.56982421875,652.73779296875,624.7080078125,863.3295288085938,870.0,844.0,870.0,906.0,36.0,3.9735099337748343,96.02649006622516,1479,6780,0,701,185.1215057373047,183.75286865234375,187.7557830810547,0.8692613244056702,0.7288593649864197,0.9844847917556763,0.37680429220199585,0.7314839363098145,359.2850341796875,1.0,135.259033203125,135.25903511047363
G19,adam,auto,0,705,705,3.0893750190734863,0.6476763486862183,-900.7296142578125,-906.43701171875,-882.6775512695312,646.8480224609375,653.9913330078125,625.9974365234375,863.7802124023438,870.0,844.0,870.0,906.0,36.0,3.9735099337748343,96.02649006622516,1479,6780,0,701,184.02862548828125,182.66848754882812,186.65171813964844,0.8703206777572632,0.7302950620651245,0.9846127033233643,0.37692394852638245,0.7325941920280457,356.4071044921875,1.0,135.4507372379303,135.45073914527893
G19,adam,auto,0,706,706,3.091763973236084,0.6471766233444214,-901.519287109375,-907.218994140625,-883.4712524414062,648.1181640625,655.2451782226562,627.244384765625,863.9368896484375,870.0,844.0,870.0,906.0,36.0,3.9735099337748343,96.02649006622516,1479,6780,0,701,182.9395294189453,181.58792114257812,185.5586395263672,0.871373176574707,0.7317284941673279,0.9847397804260254,0.37704113125801086,0.7337010502815247,353.54290771484375,0.9999999403953552,135.64241528511047,135.6424171924591
G19,adam,auto,0,707,707,3.094156503677368,0.6466768980026245,-902.3013916015625,-907.993408203125,-884.2569580078125,649.3795776367188,656.49755859375,628.5479736328125,864.0142822265625,870.0,844.0,870.0,906.0,36.0,3.9735099337748343,96.02649006622516,1479,6780,0,701,181.85421752929688,180.51123046875,184.46920776367188,0.8724187612533569,0.7331595420837402,0.9848657846450806,0.3771568834781647,0.7348012328147888,350.69287109375,0.9999999403953552,135.83329725265503,135.8332998752594
G19,adam,auto,0,708,708,3.096552610397339,0.6461771130561829,-903.07568359375,-908.7600708007812,-885.0347900390625,650.6326904296875,657.7285766601562,629.7821655273438,864.0390014648438,870.0,844.0,870.0,906.0,36.0,3.9735099337748343,96.02649006622516,1479,6780,0,701,180.77272033691406,179.43841552734375,183.38345336914062,0.8734576106071472,0.7345870137214661,0.9849908947944641,0.3772708773612976,0.7358928918838501,347.8569030761719,0.9999999403953552,136.0247061252594,136.02470803260803
G19,adam,auto,0,709,709,3.098952293395996,0.6456773281097412,-903.8424072265625,-909.519287109375,-885.804931640625,651.8773193359375,658.9584350585938,631.0289306640625,864.0479125976562,870.0,844.0,870.0,906.0,36.0,3.9735099337748343,96.02649006622516,1479,6780,0,701,179.695068359375,178.36947631835938,182.30136108398438,0.8744895458221436,0.736011266708374,0.9851149916648865,0.3773830533027649,0.7369766235351562,345.03533935546875,1.0,136.21663308143616,136.2166349887848
G19,adam,auto,0,710,710,3.101356029510498,0.6451776027679443,-904.6013793945312,-910.2708129882812,-886.567138671875,653.1136474609375,660.1881713867188,632.2852783203125,864.055419921875,870.0,844.0,870.0,906.0,36.0,3.9735099337748343,96.02649006622516,1479,6780,0,701,178.62130737304688,177.30442810058594,181.2230224609375,0.8755146265029907,0.7374328970909119,0.9852383732795715,0.37749338150024414,0.7380512952804565,342.2280578613281,1.0,136.4076111316681,136.40761423110962
G19,adam,auto,0,711,711,3.1037633419036865,0.6446778774261475,-905.352783203125,-911.0149536132812,-887.321533203125,654.3416137695312,661.398193359375,633.5137939453125,864.0582885742188,870.0,844.0,870.0,906.0,36.0,3.9735099337748343,96.02649006622516,1479,6780,0,701,177.55142211914062,176.24331665039062,180.14837646484375,0.8765329718589783,0.73885178565979,0.9853606820106506,0.37760210037231445,0.7391175627708435,339.4355163574219,1.0,136.59882807731628,136.59882998466492
G19,adam,auto,0,712,712,3.1061742305755615,0.6441781520843506,-906.0968017578125,-911.7515869140625,-888.0682373046875,655.561279296875,662.6033935546875,634.7194213867188,864.0596923828125,870.0,844.0,870.0,906.0,36.0,3.9735099337748343,96.02649006622516,1479,6780,0,701,176.48544311523438,175.1861572265625,179.0775146484375,0.8775445818901062,0.7402680516242981,0.9854820966720581,0.37770894169807434,0.7401750087738037,336.6575622558594,1.0,136.7912540435791,136.79125595092773
G19,adam,auto,0,713,713,3.108588933944702,0.6436783671379089,-906.8331909179688,-912.4808349609375,-888.8072509765625,656.7726440429688,663.799072265625,635.9608154296875,864.0610961914062,870.0,844.0,870.0,906.0,36.0,3.9735099337748343,96.02649006622516,1479,6780,0,701,175.4234161376953,174.13296508789062,178.01040649414062,0.8785493969917297,0.7416813969612122,0.985602617263794,0.3778141736984253,0.7412233352661133,333.8942565917969,0.9999999403953552,136.9819462299347,136.98194813728333
G19,adam,auto,0,714,714,3.1110076904296875,0.6431785821914673,-907.5621948242188,-913.2026977539062,-889.5386962890625,657.975830078125,664.9871826171875,637.1583251953125,864.0618286132812,870.0,844.0,870.0,906.0,36.0,3.9735099337748343,96.02649006622516,1479,6780,0,701,174.36534118652344,173.083740234375,176.94708251953125,0.8795474171638489,0.7430920004844666,0.9857223033905029,0.3779175579547882,0.7422630190849304,331.1457214355469,1.0,137.17390608787537,137.173907995224
G19,adam,auto,0,715,715,3.1134300231933594,0.6426788568496704,-908.2838134765625,-913.9173583984375,-890.2623901367188,659.1707763671875,666.1685791015625,638.3467407226562,864.0628051757812,870.0,844.0,870.0,906.0,36.0,3.9735099337748343,96.02649006622516,1479,6780,0,701,173.31121826171875,172.0384979248047,175.88755798339844,0.8805387616157532,0.7444996237754822,0.9858410358428955,0.37801918387413025,0.7432934641838074,328.412109375,1.0,137.36382412910461,137.36382603645325
G19,adam,auto,0,716,716,3.1158556938171387,0.6421791315078735,-908.9979858398438,-914.6246948242188,-890.9788208007812,660.3575439453125,667.3423461914062,639.5537719726562,864.3883056640625,870.0,844.0,870.0,906.0,36.0,3.9735099337748343,96.02649006622516,0,6780,0,701,172.26109313964844,170.99728393554688,174.8318634033203,0.8815232515335083,0.745904266834259,0.9859588742256165,0.37811920046806335,0.7443151473999023,325.69342041015625,0.9999999403953552,137.555566072464,137.55556797981262
G19,adam,auto,0,717,717,3.118285655975342,0.6416793465614319,-909.7047729492188,-915.3248901367188,-891.6876220703125,661.5364990234375,668.5048217773438,640.73876953125,864.6829223632812,870.0,844.0,870.0,906.0,36.0,3.9735099337748343,96.02649006622516,0,6780,0,701,171.2150115966797,169.94566345214844,173.77999877929688,0.8825011253356934,0.7473058700561523,0.9860758185386658,0.3782167434692383,0.7453357577323914,322.98992919921875,1.0,137.7463002204895,137.74630212783813
G19,adam,auto,0,718,718,3.1207194328308105,0.641179621219635,-910.4044189453125,-916.017578125,-892.3889770507812,662.7073974609375,669.665283203125,641.892822265625,864.6840209960938,870.0,844.0,870.0,906.0,36.0,3.9735099337748343,96.02649006622516,0,6780,0,701,170.17294311523438,168.89236450195312,172.73199462890625,0.8834723234176636,0.7487044334411621,0.986191987991333,0.3783126473426819,0.7463477253913879,320.3020324707031,1.0,137.93698406219482,137.93698716163635
G19,adam,auto,0,719,719,3.123156785964966,0.6406798362731934,-911.0968017578125,-916.703125,-893.0828247070312,663.8701782226562,670.8162231445312,643.0850830078125,864.6842041015625,870.0,844.0,870.0,906.0,36.0,3.9735099337748343,96.02649006622516,0,6780,0,701,169.13491821289062,167.8434600830078,171.68783569335938,0.8844367265701294,0.7500998377799988,0.9863072037696838,0.3784067630767822,0.7473522424697876,317.6299743652344,1.0,138.1264352798462,138.12643814086914
G19,adam,auto,0,720,720,3.1255979537963867,0.6401801109313965,-911.7819213867188,-917.3818969726562,-893.7693481445312,665.0256958007812,671.950439453125,644.229248046875,864.684326171875,870.0,844.0,870.0,906.0,36.0,3.9735099337748343,96.02649006622516,0,6780,0,701,168.10096740722656,166.79898071289062,170.64761352539062,0.8853946328163147,0.7514920234680176,0.9864217042922974,0.3784979283809662,0.7483505010604858,314.97412109375,1.0,138.31846523284912,138.31846714019775
G19,adam,auto,0,721,721,3.1280431747436523,0.6396803855895996,-912.4597778320312,-918.0534057617188,-894.4485473632812,666.1729736328125,673.0894165039062,645.3840942382812,864.6845703125,870.0,844.0,870.0,906.0,36.0,3.9735099337748343,96.02649006622516,0,6780,0,701,167.0711212158203,165.75897216796875,169.61123657226562,0.8863457441329956,0.752880871295929,0.9865352511405945,0.37858787178993225,0.7493423819541931,312.3348388671875,1.0,138.50824117660522,138.50824308395386
G19,adam,auto,0,722,722,3.1304922103881836,0.639180600643158,-913.1307983398438,-918.7176513671875,-895.120361328125,667.3123779296875,674.2113037109375,646.52001953125,864.6849975585938,870.0,844.0,870.0,906.0,36.0,3.9735099337748343,96.02649006622516,0,6780,0,701,166.04537963867188,164.723388671875,168.57879638671875,0.887290358543396,0.7542665004730225,0.98664790391922,0.3786759078502655,0.7503267526626587,309.7121887207031,1.0,138.70115995407104,138.70116186141968
G19,adam,auto,0,723,723,3.1329448223114014,0.6386808753013611,-913.7946166992188,-919.3750610351562,-895.7849731445312,668.4446411132812,675.330810546875,647.6724853515625,864.6846923828125,870.0,844.0,870.0,906.0,36.0,3.9735099337748343,96.02649006622516,0,6780,0,701,165.02374267578125,163.6922607421875,167.55027770996094,0.8882283568382263,0.755648672580719,0.9867598414421082,0.3787609934806824,0.7513025999069214,307.1068115234375,0.9999999403953552,138.89134120941162,138.89134407043457
G19,adam,auto,0,724,724,3.1354012489318848,0.6381810903549194,-914.4514770507812,-920.0255126953125,-896.4424438476562,669.568359375,676.4514770507812,648.77587890625,864.6818237304688,870.0,844.0,870.0,906.0,36.0,3.9735099337748343,96.02649006622516,0,6780,0,701,164.00625610351562,162.66563415527344,166.52569580078125,0.8891597390174866,0.7570274472236633,0.9868708848953247,0.37884581089019775,0.7522687315940857,304.5184326171875,0.9999998807907104,139.0825011730194,139.08250308036804
G19,adam,auto,0,725,725,3.137861967086792,0.6376813650131226,-915.1016235351562,-920.6688232421875,-897.0927734375,670.6849975585938,677.5506591796875,649.9095458984375,864.6776123046875,870.0,844.0,870.0,906.0,36.0,3.9735099337748343,96.02649006622516,0,6780,0,701,162.99295043945312,161.64349365234375,165.5050811767578,0.8900846838951111,0.7584027051925659,0.9869810938835144,0.37892773747444153,0.7532271146774292,301.9470520019531,1.0000001192092896,139.27323007583618,139.27323198318481
G19,adam,auto,0,726,726,3.140326499938965,0.6371816396713257,-915.7448120117188,-921.3053588867188,-897.7359008789062,671.7941284179688,678.6446533203125,651.0281982421875,864.6663208007812,870.0,844.0,870.0,906.0,36.0,3.9735099337748343,96.02649006622516,0,6780,0,701,161.98379516601562,160.6258544921875,164.48841857910156,0.891002893447876,0.759774386882782,0.987090528011322,0.3790076971054077,0.7541777491569519,299.3934631347656,0.9999999403953552,139.46477699279785,139.46478009223938
G19,adam,auto,0,727,727,3.142794609069824,0.636681854724884,-916.3812255859375,-921.9349975585938,-898.3720703125,672.8953857421875,679.7303466796875,652.1065673828125,864.6469116210938,870.0,844.0,870.0,906.0,36.0,3.9735099337748343,96.02649006622516,0,6780,0,701,160.97885131835938,159.61276245117188,163.47573852539062,0.8919147253036499,0.761142373085022,0.9871991276741028,0.3790861666202545,0.7551226019859314,296.8581237792969,1.0,139.6563379764557,139.65633988380432
G19,adam,auto,0,728,728,3.145266532897949,0.6361820697784424,-917.010986328125,-922.557861328125,-899.0010986328125,673.9896850585938,680.8170166015625,653.220703125,864.62890625,870.0,844.0,870.0,906.0,36.0,3.9735099337748343,96.02649006622516,0,6780,0,701,159.97811889648438,158.6042022705078,162.46710205078125,0.8928200006484985,0.7625067234039307,0.9873069524765015,0.37916192412376404,0.7560642957687378,294.3412780761719,1.0,139.8494143486023,139.84941697120667
G19,adam,auto,0,729,729,3.147742509841919,0.6356823444366455,-917.6342163085938,-923.1738891601562,-899.623046875,675.0767211914062,681.8802490234375,654.3196411132812,864.6539916992188,870.0,844.0,870.0,906.0,36.0,3.9735099337748343,96.02649006622516,0,6780,0,701,158.98162841796875,157.60018920898438,161.4624481201172,0.8937187194824219,0.7638673782348633,0.9874140024185181,0.3792356550693512,0.7570023536682129,291.84295654296875,1.0,140.03776693344116,140.0377688407898
G19,adam,auto,0,730,730,3.1502223014831543,0.6351826190948486,-918.2506103515625,-923.783203125,-900.2381591796875,676.1566772460938,682.950927734375,655.358642578125,864.6857299804688,870.0,844.0,870.0,906.0,36.0,3.9735099337748343,96.02649006622516,0,6780,0,701,157.98936462402344,156.60073852539062,160.46182250976562,0.894611120223999,0.7652240991592407,0.9875202178955078,0.3793070316314697,0.7579371333122253,289.3640441894531,1.0,140.22899103164673,140.22899293899536
G19,adam,auto,0,731,731,3.1527059078216553,0.6346828937530518,-918.8607177734375,-924.3857421875,-900.846435546875,677.229736328125,684.0067138671875,656.473388671875,864.7393188476562,870.0,844.0,870.0,906.0,36.0,3.9735099337748343,96.02649006622516,0,6780,0,701,157.00137329101562,155.6058807373047,159.4652557373047,0.8954970240592957,0.7665770053863525,0.9876255393028259,0.3793753683567047,0.758868396282196,286.90411376953125,1.0000001192092896,140.42468214035034,140.4246850013733
G19,adam,auto,0,732,732,3.15519380569458,0.6341831088066101,-919.4641723632812,-924.9815673828125,-901.4478759765625,678.2962036132812,685.0582275390625,657.52587890625,864.7736206054688,870.0,844.0,870.0,906.0,36.0,3.9735099337748343,96.02649006622516,0,6780,0,701,156.01766967773438,154.6156005859375,158.47274780273438,0.8963764905929565,0.7679260969161987,0.9877302050590515,0.3794407546520233,0.7597960233688354,284.4631652832031,1.0,140.6153600215912,140.61536312103271
G19,adam,auto,0,733,733,3.1576855182647705,0.6336833238601685,-920.0612182617188,-925.5707397460938,-902.0422973632812,679.355712890625,686.1044311523438,658.5618896484375,864.7919921875,870.0,844.0,870.0,906.0,36.0,3.9735099337748343,96.02649006622516,0,6780,0,701,155.03826904296875,153.62994384765625,157.4843292236328,0.8972495198249817,0.7692710161209106,0.987834095954895,0.37950339913368225,0.7607181072235107,282.04144287109375,1.0,140.807147026062,140.80714893341064
G19,adam,auto,0,734,734,3.1601810455322266,0.6331835985183716,-920.6519775390625,-926.1533203125,-902.6300659179688,680.40869140625,687.1343994140625,659.645263671875,864.8021850585938,870.0,844.0,870.0,906.0,36.0,3.9735099337748343,96.02649006622516,0,6780,0,701,154.0631866455078,152.64889526367188,156.5,0.8981161713600159,0.7706118822097778,0.9879371523857117,0.3795628249645233,0.761634349822998,279.63848876953125,1.0,140.99795722961426,140.9979591369629
G19,adam,auto,0,735,735,3.1626803874969482,0.6326838731765747,-921.2362060546875,-926.7293701171875,-903.2109985351562,681.4550170898438,688.1685791015625,660.6639404296875,864.8305053710938,870.0,844.0,870.0,906.0,36.0,3.9735099337748343,96.02649006622516,0,6780,0,701,153.09243774414062,151.67251586914062,155.51979064941406,0.8989763855934143,0.7719485759735107,0.9880394339561462,0.37961941957473755,0.7625438570976257,277.2531433105469,1.0,141.1896162033081,141.18961811065674
G19,adam,auto,0,736,736,3.1651840209960938,0.6321841478347778,-921.814208984375,-927.2988891601562,-903.7852172851562,682.4945068359375,689.1915893554688,661.7074584960938,864.8837280273438,870.0,844.0,870.0,906.0,36.0,3.9735099337748343,96.02649006622516,0,6780,0,701,152.1260528564453,150.7007598876953,154.543701171875,0.8998304009437561,0.7732812166213989,0.9881409406661987,0.37967345118522644,0.7634481191635132,274.8841247558594,1.0,141.37908220291138,141.37908506393433
G19,adam,auto,0,737,737,3.167691469192505,0.6316843628883362,-922.3858032226562,-927.8617553710938,-904.352783203125,683.5274047851562,690.2166748046875,662.7388916015625,864.9000854492188,870.0,844.0,870.0,906.0,36.0,3.9735099337748343,96.02649006622516,0,6780,0,701,151.1640167236328,149.7336883544922,153.57177734375,0.9006779193878174,0.7746095061302185,0.9882417321205139,0.3797241747379303,0.764346718788147,272.5293273925781,1.0000001192092896,141.57127404212952,141.57127594947815
G19,adam,auto,0,738,738,3.1702029705047607,0.6311845779418945,-922.9509887695312,-928.4183349609375,-904.9137573242188,684.5532836914062,691.2227783203125,663.745849609375,864.9078979492188,870.0,844.0,870.0,906.0,36.0,3.9735099337748343,96.02649006622516,0,6780,0,701,150.2063446044922,148.7712860107422,152.60398864746094,0.901519238948822,0.7759335041046143,0.988341748714447,0.3797728717327118,0.765238344669342,270.18768310546875,1.0,141.76480531692505,141.764808177948
G19,adam,auto,0,739,739,3.172718048095703,0.6306848526000977,-923.510009765625,-928.968505859375,-905.468017578125,685.572265625,692.2032470703125,664.771728515625,864.9243774414062,870.0,844.0,870.0,906.0,36.0,3.9735099337748343,96.02649006622516,0,6780,0,701,149.25308227539062,147.81356811523438,151.640380859375,0.9023542404174805,0.7772531509399414,0.988440990447998,0.3798190951347351,0.766123354434967,267.8580627441406,0.9999998807907104,141.95295119285583,141.95295310020447
G19,adam,auto,0,740,740,3.1752376556396484,0.6301851272583008,-924.0626220703125,-929.5121459960938,-906.0156860351562,686.5847778320312,693.21728515625,665.7670288085938,864.9616088867188,870.0,844.0,870.0,906.0,36.0,3.9735099337748343,96.02649006622516,0,6780,0,701,148.30416870117188,146.86053466796875,150.68093872070312,0.9031829833984375,0.7785683870315552,0.9885395169258118,0.3798620402812958,0.7670019268989563,265.5384216308594,1.0,142.1439070701599,142.14390897750854
G19,adam,auto,0,741,741,3.1777613162994385,0.6296854019165039,-924.6090087890625,-930.0496215820312,-906.5570068359375,687.589599609375,694.1885375976562,666.767822265625,865.0797119140625,871.0,845.0,871.0,906.0,35.0,3.863134657836645,96.13686534216336,8,8,0,741,147.35968017578125,145.91220092773438,149.72567749023438,0.9040055274963379,0.779879093170166,0.9886372685432434,0.37990397214889526,0.7678751349449158,263.22784423828125,1.0,142.33474612236023,142.33474802970886
G19,adam,auto,0,742,742,3.180288076400757,0.6291856169700623,-925.1489868164062,-930.5809936523438,-907.0917358398438,688.5879516601562,695.1739501953125,667.7562255859375,865.68359375,871.0,845.0,871.0,906.0,35.0,3.863134657836645,96.13686534216336,0,8,0,741,146.41958618164062,144.96853637695312,148.77459716796875,0.9048218727111816,0.7811853289604187,0.988734245300293,0.37994271516799927,0.7687486410140991,260.9248352050781,1.0,142.52613306045532,142.52613592147827
G19,adam,auto,0,743,743,3.1828198432922363,0.6286858320236206,-925.6828002929688,-931.1060791015625,-907.6200561523438,689.5792236328125,696.1392211914062,668.7432250976562,865.7177734375,871.0,845.0,871.0,906.0,35.0,3.863134657836645,96.13686534216336,0,8,0,741,145.48387145996094,144.02957153320312,147.82769775390625,0.9056321382522583,0.7824870944023132,0.9888306260108948,0.3799792528152466,0.7696180939674377,258.6288146972656,1.0,142.71958303451538,142.719584941864
G19,adam,auto,0,744,744,3.1853554248809814,0.6281861066818237,-926.210205078125,-931.6248779296875,-908.1420288085938,690.562744140625,697.1034545898438,669.718017578125,865.7266845703125,871.0,845.0,871.0,906.0,35.0,3.863134657836645,96.13686534216336,0,8,0,741,144.55255126953125,143.09527587890625,146.88497924804688,0.9064362049102783,0.7837842106819153,0.9889260530471802,0.38001522421836853,0.7704805135726929,256.3399963378906,1.0,142.909606218338,142.90960884094238
G19,adam,auto,0,745,745,3.187894821166992,0.6276863813400269,-926.731201171875,-932.1375732421875,-908.6577758789062,691.5402221679688,698.060791015625,670.679931640625,865.7286987304688,871.0,845.0,871.0,906.0,35.0,3.863134657836645,96.13686534216336,0,8,0,741,143.6256103515625,142.1656494140625,145.9464111328125,0.907234251499176,0.7850766777992249,0.9890210032463074,0.3800468146800995,0.7713354229927063,254.0582733154297,1.0,143.10063695907593,143.10064005851746
G19,adam,auto,0,746,746,3.1904382705688477,0.62718665599823,-927.2459106445312,-932.644287109375,-909.1670532226562,692.5093994140625,699.0126953125,671.6575317382812,865.7291870117188,871.0,846.0,871.0,906.0,35.0,3.863134657836645,96.13686534216336,0,8,0,741,142.70306396484375,141.2406768798828,145.0120086669922,0.9080260992050171,0.7863646149635315,0.9891151189804077,0.3800785541534424,0.7721828818321228,251.78463745117188,0.9999999403953552,143.29161500930786,143.2916169166565
G19,adam,auto,0,747,747,3.192986011505127,0.6266868710517883,-927.7542114257812,-933.1447143554688,-909.6701049804688,693.4721069335938,699.9609375,672.59326171875,865.7293090820312,871.0,845.0,871.0,906.0,35.0,3.863134657836645,96.13686534216336,0,8,0,741,141.7848663330078,140.3203582763672,144.0817108154297,0.9088121056556702,0.7876477837562561,0.9892085194587708,0.38010725378990173,0.7730234265327454,249.52037048339844,1.0,143.48429918289185,143.48430109024048
G19,adam,auto,0,748,748,3.195537805557251,0.6261870861053467,-928.2564086914062,-933.6392822265625,-910.167236328125,694.427978515625,700.8914794921875,673.5490112304688,865.7294921875,871.0,846.0,871.0,906.0,35.0,3.863134657836645,96.13686534216336,0,8,0,741,140.8710174560547,139.4046630859375,143.15554809570312,0.9095921516418457,0.788926362991333,0.9893012642860413,0.38013318181037903,0.7738575339317322,247.26771545410156,1.0,143.67522621154785,143.67522811889648
G19,adam,auto,0,749,749,3.1980934143066406,0.6256873607635498,-928.7520141601562,-934.1278076171875,-910.6581420898438,695.3760375976562,701.8245849609375,674.4981689453125,865.7296752929688,871.0,846.0,871.0,906.0,35.0,3.863134657836645,96.13686534216336,0,8,0,741,139.96153259277344,138.49359130859375,142.23345947265625,0.9103661179542542,0.7902001142501831,0.9893933534622192,0.3801586925983429,0.7746866941452026,245.0284881591797,0.9999999403953552,143.8654341697693,143.86543607711792
G19,adam,auto,0,750,750,3.200653314590454,0.6251876354217529,-929.2415161132812,-934.6103515625,-911.14306640625,696.317626953125,702.7498168945312,675.416259765625,865.7453002929688,871.0,846.0,871.0,906.0,35.0,3.863134657836645,96.13686534216336,0,8,0,741,139.056396484375,137.58712768554688,141.31541442871094,0.9111343026161194,0.7914692163467407,0.9894847273826599,0.38018104434013367,0.7755127549171448,242.80477905273438,0.9999999403953552,144.05735111236572,144.05735301971436
G19,adam,auto,0,751,751,3.2032172679901123,0.6246878504753113,-929.724609375,-935.0872192382812,-911.6221923828125,697.251953125,703.6594848632812,676.3527221679688,865.985107421875,871.0,846.0,871.0,906.0,35.0,3.863134657836645,96.13686534216336,0,8,0,741,138.1555938720703,136.68527221679688,140.40142822265625,0.9118966460227966,0.7927335500717163,0.9895752668380737,0.3802018165588379,0.7763343453407288,240.59884643554688,0.9999999403953552,144.25455021858215,144.2545521259308
G19,adam,auto,0,752,752,3.2057855129241943,0.6241881251335144,-930.2015991210938,-935.5582275390625,-912.0950927734375,698.1793212890625,704.5767822265625,677.2716064453125,866.00341796875,871.0,846.0,871.0,906.0,35.0,3.863134657836645,96.13686534216336,0,8,0,741,137.25912475585938,135.78799438476562,139.491455078125,0.9126531481742859,0.7939930558204651,0.9896657466888428,0.3802207410335541,0.7771515846252441,238.41212463378906,0.9999999403953552,144.44959425926208,144.44959616661072
G19,adam,auto,0,753,753,3.208357572555542,0.6236883401870728,-930.6724243164062,-936.0234375,-912.5621337890625,699.09912109375,705.4755859375,678.1893920898438,866.0034790039062,871.0,846.0,871.0,906.0,35.0,3.863134657836645,96.13686534216336,0,8,0,741,136.3670196533203,134.8953094482422,138.58547973632812,0.9134038686752319,0.7952476739883423,0.9897588491439819,0.38023900985717773,0.7779610753059387,236.24569702148438,0.9999998807907104,144.6410391330719,144.64104104042053
G19,adam,auto,0,754,754,3.2109339237213135,0.6231886148452759,-931.13720703125,-936.4829711914062,-913.0233154296875,700.0121459960938,706.3719482421875,679.0887451171875,866.0034790039062,871.0,846.0,871.0,906.0,35.0,3.863134657836645,96.13686534216336,0,8,0,741,135.47921752929688,134.00718688964844,137.68345642089844,0.91414874792099,0.7964974641799927,0.9898511171340942,0.3802552819252014,0.7787636518478394,234.09994506835938,0.9999999403953552,144.83740210533142,144.83740401268005
G19,adam,auto,0,755,755,3.213514566421509,0.622688889503479,-931.5960083007812,-936.9368286132812,-913.4788208007812,700.9179077148438,707.2671508789062,679.9822998046875,866.0880737304688,871.0,846.0,871.0,906.0,35.0,3.863134657836645,96.13686534216336,0,8,0,741,134.59579467773438,133.1236572265625,136.78543090820312,0.9148880243301392,0.7977424263954163,0.9899426698684692,0.38027068972587585,0.7795588970184326,231.9747772216797,0.9999999403953552,145.02766799926758,145.0276699066162
G19,adam,auto,0,756,756,3.2160990238189697,0.6221891045570374,-932.048828125,-937.3849487304688,-913.9285888671875,701.8162231445312,708.157958984375,680.9036254882812,866.109619140625,871.0,846.0,871.0,906.0,35.0,3.863134657836645,96.13686534216336,0,8,0,741,133.71670532226562,132.24472045898438,135.89134216308594,0.9156213998794556,0.7989823818206787,0.9900335669517517,0.38028594851493835,0.7803472280502319,229.8695831298828,1.0,145.21893215179443,145.21893405914307
G19,adam,auto,0,757,757,3.2186875343322754,0.6216893792152405,-932.4957885742188,-937.8275146484375,-914.3727416992188,702.7078857421875,709.0316772460938,681.7703857421875,866.1099243164062,871.0,846.0,871.0,906.0,35.0,3.863134657836645,96.13686534216336,0,8,0,741,132.84194946289062,131.37033081054688,135.00119018554688,0.9163491129875183,0.80021733045578,0.9901236891746521,0.38029924035072327,0.7811285257339478,227.78343200683594,1.0,145.40953612327576,145.4095380306244
G19,adam,auto,0,758,758,3.221280813217163,0.6211895942687988,-932.9371948242188,-938.2650146484375,-914.8110961914062,703.5924072265625,709.899658203125,682.6383056640625,866.1099243164062,871.0,846.0,871.0,906.0,35.0,3.863134657836645,96.13686534216336,0,8,0,741,131.97158813476562,130.50054931640625,134.11502075195312,0.9170712828636169,0.801447331905365,0.9902129769325256,0.3803120255470276,0.7819021344184875,225.71591186523438,1.0,145.60141324996948,145.60141515731812
G19,adam,auto,0,759,759,3.2238781452178955,0.620689868927002,-933.3726806640625,-938.6969604492188,-915.243896484375,704.4700927734375,710.7752075195312,683.5543823242188,866.110107421875,871.0,846.0,871.0,906.0,35.0,3.863134657836645,96.13686534216336,0,8,0,741,131.10557556152344,129.63536071777344,133.23277282714844,0.9177877306938171,0.8026721477508545,0.9903016686439514,0.3803236484527588,0.7826681137084961,223.66600036621094,1.0,145.79130220413208,145.79130482673645
G19,adam,auto,0,760,760,3.2264792919158936,0.6201901435852051,-933.8026733398438,-939.1234130859375,-915.671142578125,705.3414916992188,711.6257934570312,684.3963012695312,866.1102905273438,871.0,846.0,871.0,906.0,35.0,3.863134657836645,96.13686534216336,0,8,0,741,130.2439727783203,128.77474975585938,132.3544921875,0.9184985756874084,0.8038918972015381,0.9903896450996399,0.3803332448005676,0.7834275960922241,221.63243103027344,1.0,145.98310017585754,145.98310208320618
G19,adam,auto,0,761,761,3.2290844917297363,0.6196903586387634,-934.2271728515625,-939.5443115234375,-916.0926513671875,706.2064208984375,712.483154296875,685.2424926757812,866.1107177734375,871.0,846.0,871.0,906.0,35.0,3.863134657836645,96.13686534216336,0,8,0,741,129.38671875,127.91871643066406,131.4801788330078,0.9192038774490356,0.8051064610481262,0.9904768466949463,0.38034138083457947,0.7841795086860657,219.61441040039062,1.0,146.1737983226776,146.17380023002625
G19,adam,auto,0,762,762,3.231694459915161,0.6191905736923218,-934.6461791992188,-939.9600219726562,-916.5086059570312,707.0653686523438,713.332275390625,686.1366577148438,866.1107788085938,871.0,846.0,871.0,906.0,35.0,3.863134657836645,96.13686534216336,0,8,0,741,128.5338897705078,127.06727600097656,130.60983276367188,0.9199035167694092,0.8063158988952637,0.9905632734298706,0.3803471326828003,0.7849249243736267,217.61180114746094,1.0,146.3649332523346,146.36493515968323
G19,adam,auto,0,763,763,3.2343087196350098,0.6186908483505249,-935.059814453125,-940.3704223632812,-916.91943359375,707.9183959960938,714.16845703125,686.97021484375,866.1107788085938,871.0,846.0,871.0,906.0,35.0,3.863134657836645,96.13686534216336,0,8,0,741,127.6854248046875,126.22041320800781,129.74346923828125,0.9205976128578186,0.8075200319290161,0.9906491637229919,0.38035035133361816,0.7856627702713013,215.6238250732422,1.0000001192092896,146.55601620674133,146.55601811408997
G19,adam,auto,0,764,764,3.236926794052124,0.618191123008728,-935.4682006835938,-940.7755737304688,-917.3247680664062,708.7653198242188,715.003662109375,687.78271484375,866.1112060546875,871.0,846.0,871.0,906.0,35.0,3.863134657836645,96.13686534216336,0,8,0,741,126.84136199951172,125.37814331054688,128.881103515625,0.9212861657142639,0.8087188601493835,0.9907342195510864,0.380351722240448,0.7863940000534058,213.64991760253906,0.9999999403953552,146.74831700325012,146.74831891059875
G19,adam,auto,0,765,765,3.239548921585083,0.6176913976669312,-935.8712768554688,-941.1753540039062,-917.7246704101562,709.6069946289062,715.83447265625,688.6796875,866.1533813476562,871.0,846.0,871.0,906.0,35.0,3.863134657836645,96.13686534216336,0,8,0,741,126.00170135498047,124.54045867919922,128.02276611328125,0.9219692945480347,0.8099124431610107,0.9908186793327332,0.38034936785697937,0.787119448184967,211.68984985351562,1.0,146.94057607650757,146.9405779838562
G19,adam,auto,0,766,766,3.242175817489624,0.6171916127204895,-936.2691040039062,-941.5700073242188,-918.1190795898438,710.4429931640625,716.656005859375,689.4686279296875,866.216796875,871.0,846.0,871.0,906.0,35.0,3.863134657836645,96.13686534216336,0,8,0,741,125.16642761230469,123.70733642578125,127.16845703125,0.9226469993591309,0.8111007213592529,0.9909023642539978,0.3803446590900421,0.7878507375717163,209.74395751953125,1.0,147.13173508644104,147.13173699378967
G19,adam,auto,0,767,767,3.244807004928589,0.6166918277740479,-936.6616821289062,-941.9593505859375,-918.5083618164062,711.273193359375,717.4813232421875,690.2992553710938,866.223388671875,871.0,846.0,871.0,906.0,35.0,3.863134657836645,96.13686534216336,0,8,0,741,124.33552551269531,122.87879943847656,126.31817626953125,0.9233191609382629,0.8122835159301758,0.9909853935241699,0.38033753633499146,0.7885778546333313,207.81175231933594,1.0,147.32159519195557,147.3215970993042
G19,adam,auto,0,768,768,3.2474420070648193,0.616192102432251,-937.0491943359375,-942.3436889648438,-918.892333984375,712.098876953125,718.2869262695312,691.1429443359375,866.331787109375,871.0,846.0,871.0,906.0,35.0,3.863134657836645,96.13686534216336,0,8,0,741,123.50902557373047,122.05482482910156,125.47196960449219,0.92398601770401,0.8134610652923584,0.9910678267478943,0.3803257942199707,0.7893083095550537,205.89329528808594,1.0,147.5144772529602,147.51447916030884
G19,adam,auto,0,769,769,3.2500813007354736,0.6156923770904541,-937.4317016601562,-942.722900390625,-919.2711791992188,712.918212890625,719.0926513671875,691.9304809570312,866.4249267578125,871.0,846.0,871.0,906.0,35.0,3.863134657836645,96.13686534216336,0,8,0,741,122.68689727783203,121.23539733886719,124.62983703613281,0.9246475696563721,0.8146330714225769,0.9911494255065918,0.3803130090236664,0.7900506258010864,203.98944091796875,1.0,147.70454621315002,147.70454812049866
G19,adam,auto,0,770,770,3.25272536277771,0.6151926517486572,-937.8090209960938,-943.0969848632812,-919.6448364257812,713.7332153320312,719.89599609375,692.75439453125,866.464599609375,871.0,846.0,871.0,906.0,35.0,3.863134657836645,96.13686534216336,0,8,0,741,121.869140625,120.42054748535156,123.79179382324219,0.9253036379814148,0.8157995939254761,0.9912304878234863,0.3802953064441681,0.7907983660697937,202.10023498535156,1.0,147.89561414718628,147.89561700820923
G19,adam,auto,0,771,771,3.255373239517212,0.6146928668022156,-938.181396484375,-943.46630859375,-920.0133666992188,714.543212890625,720.6963500976562,693.5543212890625,866.4782104492188,871.0,846.0,871.0,906.0,35.0,3.863134657836645,96.13686534216336,0,8,0,741,121.05574035644531,119.6102294921875,122.9578857421875,0.9259545803070068,0.8169606924057007,0.9913108348846436,0.38027405738830566,0.7915446162223816,200.22657775878906,1.0,148.0863881111145,148.08639001846313
G19,adam,auto,0,772,772,3.258025646209717,0.6141930818557739,-938.548828125,-943.8309326171875,-920.3768920898438,715.347900390625,721.48779296875,694.3514404296875,866.4813232421875,871.0,846.0,871.0,906.0,35.0,3.863134657836645,96.13686534216336,0,8,0,741,120.24669647216797,118.80445861816406,122.12814331054688,0.9266000986099243,0.818116307258606,0.9913904666900635,0.3802501857280731,0.7922842502593994,198.3699951171875,1.0,148.27710127830505,148.2771031856537
G19,adam,auto,0,773,773,3.2606825828552246,0.613693356513977,-938.9111938476562,-944.1910400390625,-920.7354736328125,716.1492919921875,722.2806396484375,695.1461181640625,866.4813842773438,871.0,846.0,871.0,906.0,35.0,3.863134657836645,96.13686534216336,0,8,0,741,119.44200134277344,118.00321960449219,121.30257415771484,0.9272404909133911,0.8192663788795471,0.9914695620536804,0.38021957874298096,0.7930172085762024,196.5315399169922,1.0,148.4672691822052,148.46727204322815
G19,adam,auto,0,774,774,3.2633438110351562,0.6131936311721802,-939.2689819335938,-944.546630859375,-921.0888061523438,716.9463500976562,723.0626220703125,695.9266357421875,866.4815063476562,871.0,846.0,871.0,906.0,35.0,3.863134657836645,96.13686534216336,0,8,0,741,118.64163970947266,117.20652770996094,120.48123168945312,0.9278757572174072,0.8204108476638794,0.9915478825569153,0.3801848888397217,0.7937399744987488,194.71347045898438,0.9999999403953552,148.65918612480164,148.65918803215027
G19,adam,auto,0,775,775,3.2660090923309326,0.6126939058303833,-939.6220092773438,-944.8980712890625,-921.4371948242188,717.7391357421875,723.8511962890625,696.7181396484375,866.4815063476562,871.0,846.0,871.0,906.0,35.0,3.863134657836645,96.13686534216336,0,8,0,741,117.84559631347656,116.41436767578125,119.66415405273438,0.9285057187080383,0.821549654006958,0.9916257262229919,0.3801460862159729,0.794450581073761,192.91868591308594,0.9999999403953552,148.8504912853241,148.85049319267273
G19,adam,auto,0,776,776,3.268678665161133,0.6121941208839417,-939.9705810546875,-945.2454833984375,-921.781005859375,718.527099609375,724.63818359375,697.489501953125,866.4815063476562,871.0,846.0,871.0,906.0,35.0,3.863134657836645,96.13686534216336,0,8,0,741,117.05390930175781,115.62673950195312,118.85137939453125,0.9291307330131531,0.8226829171180725,0.9917027354240417,0.3801048696041107,0.795146107673645,191.15008544921875,0.9999999403953552,149.0399250984192,149.03992795944214
G19,adam,auto,0,777,777,3.271353006362915,0.6116943359375,-940.3148803710938,-945.5891723632812,-922.11962890625,719.3082885742188,725.410400390625,698.2542114257812,866.4815063476562,871.0,846.0,871.0,906.0,35.0,3.863134657836645,96.13686534216336,0,8,0,741,116.26654815673828,114.84364318847656,118.04297637939453,0.9297506213188171,0.8238104581832886,0.9917791485786438,0.38006505370140076,0.7958234548568726,189.40771484375,1.0,149.23182010650635,149.23182201385498
G19,adam,auto,0,778,778,3.2740318775177,0.6111946105957031,-940.6550903320312,-945.9292602539062,-922.4534912109375,720.0853271484375,726.193603515625,699.02685546875,866.4815063476562,871.0,846.0,871.0,906.0,35.0,3.863134657836645,96.13686534216336,0,8,0,741,115.4834976196289,114.0650863647461,117.23900604248047,0.9303653240203857,0.8249322175979614,0.9918550252914429,0.38002222776412964,0.7964857220649719,187.6929931640625,1.0,149.42418718338013,149.42419028282166
G19,adam,auto,0,779,779,3.276714563369751,0.6106948852539062,-940.9910888671875,-946.2662353515625,-922.7826538085938,720.8588256835938,726.9686279296875,699.7890625,866.4815063476562,871.0,846.0,871.0,906.0,35.0,3.863134657836645,96.13686534216336,0,8,0,741,114.704833984375,113.29109191894531,116.43951416015625,0.9309750199317932,0.8260481953620911,0.9919300675392151,0.379974901676178,0.7971334457397461,186.01573181152344,1.0,149.61291122436523,149.61291313171387
G19,adam,auto,0,780,780,3.2794017791748047,0.6101951599121094,-941.3233032226562,-946.5997924804688,-923.1068115234375,721.6270751953125,727.75048828125,700.518798828125,866.4816284179688,871.0,847.0,871.0,906.0,35.0,3.863134657836645,96.13686534216336,0,8,0,741,113.93054962158203,112.5217056274414,115.64459228515625,0.9315797686576843,0.8271583318710327,0.9920046925544739,0.3799271881580353,0.7977641224861145,184.38563537597656,0.9999999403953552,149.80613112449646,149.8061330318451
G19,adam,auto,0,781,781,3.2820937633514404,0.6096953749656677,-941.651611328125,-946.9305419921875,-923.42626953125,722.390380859375,728.5225830078125,701.2904663085938,866.4816284179688,871.0,847.0,871.0,906.0,35.0,3.863134657836645,96.13686534216336,0,8,0,741,113.16065979003906,111.7569580078125,114.85430908203125,0.93217933177948,0.8282625079154968,0.9920784831047058,0.37987828254699707,0.7983847260475159,182.8042449951172,1.0,150.00334906578064,150.0033519268036
G19,adam,auto,0,782,782,3.284789562225342,0.6091955900192261,-941.9763793945312,-947.2584228515625,-923.7408447265625,723.150390625,729.2977294921875,702.0266723632812,866.4816284179688,871.0,847.0,871.0,906.0,35.0,3.863134657836645,96.13686534216336,0,8,0,741,112.3952407836914,110.99688720703125,114.06875610351562,0.9327738881111145,0.8293606638908386,0.9921518564224243,0.3798253834247589,0.7990478873252869,181.26766967773438,1.0,150.19246912002563,150.19247102737427
G19,adam,auto,0,783,783,3.287490129470825,0.6086958646774292,-942.297607421875,-947.5835571289062,-924.0507202148438,723.90966796875,730.072509765625,702.73291015625,866.4816284179688,871.0,847.0,871.0,906.0,35.0,3.863134657836645,96.13686534216336,0,8,0,741,111.63432312011719,110.2415542602539,113.2879867553711,0.9333633780479431,0.8304526209831238,0.9922243356704712,0.379763126373291,0.7997130751609802,179.78086853027344,1.0,150.38834309577942,150.38834500312805
G19,adam,auto,0,784,784,3.2901952266693115,0.6081961393356323,-942.6154174804688,-947.9061889648438,-924.3558959960938,724.66748046875,730.8405151367188,703.5010986328125,866.4816284179688,871.0,847.0,871.0,906.0,35.0,3.863134657836645,96.13686534216336,0,8,0,741,110.87797546386719,109.49101257324219,112.51212310791016,0.933947741985321,0.8315382599830627,0.9922963976860046,0.379692941904068,0.8003718256950378,178.356201171875,1.0,150.5788071155548,150.57880997657776
G19,adam,auto,0,785,785,3.29290509223938,0.6076964139938354,-942.9296875,-948.226318359375,-924.6563110351562,725.422607421875,731.6221923828125,704.19384765625,866.4816284179688,871.0,847.0,871.0,906.0,35.0,3.863134657836645,96.13686534216336,0,8,0,741,110.12627410888672,108.745361328125,111.74125671386719,0.9345269799232483,0.8326175212860107,0.992367684841156,0.3796174228191376,0.8010225892066956,176.9949188232422,0.9999998807907104,150.76947903633118,150.7694809436798
G19,adam,auto,0,786,786,3.295618772506714,0.6071966290473938,-943.240478515625,-948.543701171875,-924.9518432617188,726.1754760742188,732.3863525390625,704.9144287109375,866.4816284179688,871.0,847.0,871.0,906.0,35.0,3.863134657836645,96.13686534216336,0,8,0,741,109.37930297851562,108.00466918945312,110.97547912597656,0.9351011514663696,0.8336901664733887,0.9924383759498596,0.3795354962348938,0.8016653656959534,175.68692016601562,0.9999999403953552,150.96007823944092,150.96008110046387
G19,adam,auto,0,787,787,3.29833722114563,0.6066968441009521,-943.5477905273438,-948.8584594726562,-925.2425537109375,726.9266357421875,733.1551513671875,705.6294555664062,867.5778198242188,874.0,847.0,874.0,906.0,32.0,3.532008830022075,96.46799116997792,11,11,0,787,108.63710021972656,107.26900482177734,110.21488189697266,0.9356700778007507,0.834756076335907,0.9925083518028259,0.3794460594654083,0.8023109436035156,174.427734375,0.9999999403953552,151.15304017066956,151.1530420780182
G19,adam,auto,0,788,788,3.301060199737549,0.6061971187591553,-943.851806640625,-949.1705322265625,-925.5284423828125,727.6753540039062,733.9452514648438,706.3323364257812,868.3389892578125,874.0,847.0,874.0,906.0,32.0,3.532008830022075,96.46799116997792,0,11,0,787,107.8998031616211,106.53848266601562,109.45957946777344,0.9362337589263916,0.8358150720596313,0.9925777316093445,0.3793502151966095,0.8030205965042114,173.21560668945312,1.0,151.34181714057922,151.34181904792786
G19,adam,auto,0,789,789,3.3037877082824707,0.6056973934173584,-944.1519775390625,-949.4795532226562,-925.8094482421875,728.4208374023438,734.6776123046875,707.0340576171875,868.3425903320312,874.0,847.0,874.0,906.0,32.0,3.532008830022075,96.46799116997792,0,11,0,787,107.16747283935547,105.81317138671875,108.71378326416016,0.936792254447937,0.8368670344352722,0.9926464557647705,0.3792491853237152,0.803731381893158,172.03579711914062,1.0,151.5324432849884,151.53244519233704
G19,adam,auto,0,790,790,3.3065195083618164,0.6051976084709167,-944.4484252929688,-949.7854614257812,-926.0857543945312,729.1642456054688,735.4688720703125,707.71240234375,868.3444213867188,874.0,847.0,874.0,906.0,32.0,3.532008830022075,96.46799116997792,0,11,0,787,106.44017791748047,105.09315490722656,107.98117065429688,0.9373454451560974,0.83791184425354,0.9927144646644592,0.3791404962539673,0.8044335842132568,170.87294006347656,0.9999998807907104,151.72523403167725,151.72523593902588
G19,adam,auto,0,791,791,3.309255838394165,0.6046978831291199,-944.7410278320312,-950.0879516601562,-926.3572387695312,729.904296875,736.2265014648438,708.426513671875,868.3458251953125,874.0,847.0,874.0,906.0,32.0,3.532008830022075,96.46799116997792,0,11,0,787,105.71794891357422,104.37847900390625,107.25384521484375,0.9378933310508728,0.8389493823051453,0.9927817583084106,0.37902623414993286,0.8051260113716125,169.71817016601562,1.0,151.91746425628662,151.91746616363525
G19,adam,auto,0,792,792,3.311997175216675,0.6041980981826782,-945.0296020507812,-950.3869018554688,-926.623779296875,730.6380004882812,736.9750366210938,709.09375,868.3463745117188,874.0,847.0,874.0,906.0,32.0,3.532008830022075,96.46799116997792,0,11,0,787,105.00084686279297,103.66918182373047,106.53181457519531,0.938435971736908,0.8399794697761536,0.9928485155105591,0.37891215085983276,0.8058062195777893,168.54800415039062,0.9999999403953552,152.10865807533264,152.10865998268127
G19,adam,auto,0,793,793,3.3147428035736084,0.6036983728408813,-945.3137817382812,-950.6817016601562,-926.885498046875,731.3670043945312,737.742919921875,709.757080078125,868.3466186523438,874.0,847.0,874.0,906.0,32.0,3.532008830022075,96.46799116997792,0,11,0,787,104.28886413574219,102.96527099609375,105.81513214111328,0.9389733076095581,0.8410021662712097,0.9929144382476807,0.37879472970962524,0.8064767718315125,167.3378448486328,1.0,152.299987077713,152.29998898506165
G19,adam,auto,0,794,794,3.317492723464966,0.6031986474990845,-945.5938110351562,-950.9722900390625,-927.142333984375,732.09130859375,738.4873046875,710.4610595703125,868.8543701171875,875.0,846.0,875.0,906.0,31.0,3.4216335540838854,96.57836644591612,0,0,0,794,103.58198547363281,102.2667465209961,105.103759765625,0.9395055174827576,0.8420175313949585,0.9929798245429993,0.3786735236644745,0.8071536421775818,166.07774353027344,1.0,152.4915792942047,152.49158215522766
G19,adam,auto,0,795,795,3.320247173309326,0.6026988625526428,-945.8692016601562,-951.258544921875,-927.3943481445312,732.8086547851562,739.222900390625,711.0895385742188,868.9658813476562,875.0,846.0,875.0,906.0,31.0,3.4216335540838854,96.57836644591612,0,0,0,794,102.88018035888672,101.57353210449219,104.39762878417969,0.9400324821472168,0.8430254459381104,0.9930445551872253,0.37855300307273865,0.807866096496582,164.7490997314453,1.0,152.68257427215576,152.6825761795044
G19,adam,auto,0,796,796,3.3230066299438477,0.6021990776062012,-946.1400146484375,-951.5398559570312,-927.6417236328125,733.5184936523438,739.9710083007812,711.7603759765625,868.9658813476562,875.0,846.0,875.0,906.0,31.0,3.4216335540838854,96.57836644591612,0,0,0,794,102.1833267211914,100.88553619384766,103.69668579101562,0.9405543804168701,0.8440260887145996,0.9931086301803589,0.37843436002731323,0.8085656762123108,163.32408142089844,0.9999999403953552,152.8745720386505,152.87457394599915
G19,adam,auto,0,797,797,3.325770378112793,0.6016993522644043,-946.4061889648438,-951.8165893554688,-927.88427734375,734.221923828125,740.6958618164062,712.416015625,868.9658813476562,875.0,846.0,875.0,906.0,31.0,3.4216335540838854,96.57836644591612,0,0,0,794,101.49128723144531,100.20262145996094,103.0007553100586,0.9410714507102966,0.8450196385383606,0.9931720495223999,0.3783154785633087,0.8092515468597412,161.79473876953125,0.9999999403953552,153.06468415260315,153.0646870136261
G19,adam,auto,0,798,798,3.328538656234741,0.6011996269226074,-946.667724609375,-952.08837890625,-928.1223754882812,734.9163818359375,741.39501953125,713.0499267578125,868.9658813476562,875.0,846.0,875.0,906.0,31.0,3.4216335540838854,96.57836644591612,0,0,0,794,100.80392456054688,99.52461242675781,102.30970001220703,0.9415836930274963,0.8460063338279724,0.9932349324226379,0.37820127606391907,0.8099223971366882,160.1641845703125,1.0,153.25616121292114,153.25616312026978
G19,adam,auto,0,799,799,3.3313119411468506,0.6006999015808105,-946.9243774414062,-952.3548583984375,-928.3562622070312,735.6041259765625,742.1237182617188,713.6932373046875,868.9658813476562,875.0,846.0,875.0,906.0,31.0,3.4216335540838854,96.57836644591612,0,0,0,794,100.12101745605469,98.851318359375,101.62329864501953,0.9420912265777588,0.8469864726066589,0.9932971596717834,0.37808793783187866,0.8105819821357727,158.4327392578125,1.0,153.4477961063385,153.44779801368713
G19,adam,auto,0,800,800,3.334089756011963,0.6002001166343689,-947.1762084960938,-952.615966796875,-928.585693359375,736.285400390625,742.8241577148438,714.3323974609375,868.9658813476562,875.0,846.0,875.0,906.0,31.0,3.4216335540838854,96.57836644591612,0,0,0,794,99.44237518310547,98.1825180053711,100.94133758544922,0.9425944089889526,0.8479602336883545,0.9933589100837708,0.3779738247394562,0.8112314343452454,156.62127685546875,1.0,153.63999915122986,153.6400010585785
G19,adam,auto,0,801,801,3.336871862411499,0.5997003316879272,-947.4232788085938,-952.8717041015625,-928.8112182617188,736.959716796875,743.5008544921875,714.9664306640625,868.9660034179688,875.0,847.0,875.0,906.0,31.0,3.4216335540838854,96.57836644591612,0,0,0,794,98.76776885986328,97.51797485351562,100.26360321044922,0.9430933594703674,0.8489280939102173,0.9934199452400208,0.3778609037399292,0.8118699193000793,154.76368713378906,1.0,153.835431098938,153.83543300628662
G19,adam,auto,0,802,802,3.339658737182617,0.5992006063461304,-947.66552734375,-953.1217651367188,-929.03271484375,737.62744140625,744.1885986328125,715.5721435546875,868.9660034179688,875.0,847.0,875.0,906.0,31.0,3.4216335540838854,96.57836644591612,0,0,0,794,98.09699249267578,96.85748291015625,99.58985137939453,0.9435882568359375,0.8498902320861816,0.9934806823730469,0.3777482509613037,0.8124993443489075,152.88587951660156,1.0,154.03125309944153,154.03125500679016
G19,adam,auto,0,803,803,3.3424503803253174,0.5987008810043335,-947.9027709960938,-953.3662719726562,-929.2506713867188,738.2894897460938,744.8817138671875,716.2166137695312,868.9660034179688,875.0,847.0,875.0,906.0,31.0,3.4216335540838854,96.57836644591612,0,0,0,794,97.42986297607422,96.20083618164062,98.91990661621094,0.9440791010856628,0.8508469462394714,0.9935408234596252,0.3776342570781708,0.8131217360496521,151.01382446289062,1.0,154.2226161956787,154.22261810302734
G19,adam,auto,0,804,804,3.3452467918395996,0.5982011556625366,-948.1353759765625,-953.605224609375,-929.465087890625,738.94580078125,745.5521240234375,716.83642578125,868.9660034179688,875.0,847.0,875.0,906.0,31.0,3.4216335540838854,96.57836644591612,0,0,0,794,96.76619720458984,95.54786682128906,98.25357055664062,0.9445662498474121,0.8517985343933105,0.9936004877090454,0.3775193989276886,0.8137378692626953,149.1722412109375,0.9999999403953552,154.41332411766052,154.41332697868347
G19,adam,auto,0,805,805,3.3480477333068848,0.597701370716095,-948.3632202148438,-953.8384399414062,-929.676025390625,739.597412109375,746.21240234375,717.419921875,868.9660034179688,875.0,847.0,875.0,906.0,31.0,3.4216335540838854,96.57836644591612,0,0,0,794,96.10590362548828,94.89842224121094,97.59072875976562,0.9450497627258301,0.852744996547699,0.9936597943305969,0.3774018883705139,0.8143478035926819,147.3757781982422,1.0,154.60461497306824,154.60461688041687
G19,adam,auto,0,806,806,3.350853204727173,0.5972015857696533,-948.58642578125,-954.066650390625,-929.8834228515625,740.2431640625,746.87353515625,718.0700073242188,868.9660034179688,875.0,847.0,875.0,906.0,31.0,3.4216335540838854,96.57836644591612,0,0,0,794,95.4488525390625,94.25240325927734,96.93124389648438,0.9455296397209167,0.8536867499351501,0.9937185049057007,0.3772841989994049,0.814950704574585,145.63766479492188,0.9999999403953552,154.79606199264526,154.7960638999939
G19,adam,auto,0,807,807,3.353663682937622,0.5967018604278564,-948.8051147460938,-954.2896118164062,-930.0875244140625,740.8839721679688,747.52294921875,718.6524658203125,868.9660034179688,875.0,847.0,875.0,906.0,31.0,3.4216335540838854,96.57836644591612,0,0,0,794,94.79499053955078,93.6097412109375,96.27505493164062,0.9460058808326721,0.8546237349510193,0.993776798248291,0.37716490030288696,0.8155471086502075,143.96719360351562,1.0,154.98697924613953,154.98698115348816
G19,adam,auto,0,808,808,3.356478691101074,0.5962021350860596,-949.0195922851562,-954.507568359375,-930.2884521484375,741.5189819335938,748.193359375,719.2354736328125,868.9660034179688,875.0,847.0,875.0,906.0,31.0,3.4216335540838854,96.57836644591612,0,0,0,794,94.1443099975586,92.97037506103516,95.62211608886719,0.9464786648750305,0.8555559515953064,0.9938347339630127,0.3770459294319153,0.8161360025405884,142.3684844970703,1.0000001192092896,155.1777741909027,155.17777609825134
G19,adam,auto,0,809,809,3.3592982292175293,0.5957024097442627,-949.2296752929688,-954.7208251953125,-930.4862670898438,742.1487426757812,748.8411865234375,719.8748779296875,868.9660034179688,875.0,847.0,875.0,906.0,31.0,3.4216335540838854,96.57836644591612,0,0,0,794,93.49677276611328,92.33430480957031,94.97242736816406,0.9469481110572815,0.8564834594726562,0.9938921928405762,0.37692657113075256,0.8167186975479126,140.8437042236328,1.0,155.36740112304688,155.3674030303955
G19,adam,auto,0,810,810,3.3621230125427246,0.595202624797821,-949.435791015625,-954.9296264648438,-930.6812133789062,742.7725219726562,749.4860229492188,720.4326171875,868.9660034179688,875.0,847.0,875.0,906.0,31.0,3.4216335540838854,96.57836644591612,0,0,0,794,92.85244750976562,91.7015380859375,94.32601928710938,0.9474138617515564,0.8574062585830688,0.993949294090271,0.37680867314338684,0.8172923922538757,139.39109802246094,0.9999999403953552,155.55835008621216,155.5583519935608
G19,adam,auto,0,811,811,3.364952564239502,0.5947028398513794,-949.6378784179688,-955.134033203125,-930.8729858398438,743.3908081054688,750.1242065429688,721.0242919921875,868.9660034179688,875.0,847.0,875.0,906.0,31.0,3.4216335540838854,96.57836644591612,0,0,0,794,92.21135711669922,91.07212829589844,93.68291473388672,0.9478762745857239,0.8583242297172546,0.9940059185028076,0.3766915202140808,0.8178576827049255,138.0072021484375,1.0,155.75065517425537,155.750657081604
G19,adam,auto,0,812,812,3.367786407470703,0.5942031145095825,-949.836181640625,-955.3345336914062,-931.0613403320312,744.0028686523438,750.7706298828125,721.634033203125,868.9660034179688,875.0,847.0,875.0,906.0,31.0,3.4216335540838854,96.57836644591612,0,0,0,794,91.5735855102539,90.44612121582031,93.0431900024414,0.9483350515365601,0.8592372536659241,0.9940620064735413,0.3765769302845001,0.818413257598877,136.68438720703125,1.0,155.94160223007202,155.94160413742065
G19,adam,auto,0,813,813,3.3706252574920654,0.5937033891677856,-950.031005859375,-955.5314331054688,-931.246826171875,744.6090698242188,751.3837280273438,722.18994140625,868.9661254882812,876.0,847.0,876.0,906.0,30.0,3.3112582781456954,96.6887417218543,8899,8899,0,813,90.93922424316406,89.82359313964844,92.40690612792969,0.9487902522087097,0.8601452708244324,0.9941178560256958,0.3764644265174866,0.8189597129821777,135.4112091064453,1.0,156.13302612304688,156.13302898406982
G19,adam,auto,0,814,814,3.3734688758850098,0.5932036638259888,-950.2222290039062,-955.724853515625,-931.4292602539062,745.2092895507812,752.0060424804688,722.7679443359375,868.9771118164062,876.0,847.0,876.0,906.0,30.0,3.3112582781456954,96.6887417218543,9,8899,0,813,90.30833435058594,89.20458984375,91.77412414550781,0.9492418169975281,0.8610481023788452,0.9941731095314026,0.376354455947876,0.8194966316223145,134.17630004882812,1.0,156.32475328445435,156.32475519180298
G19,adam,auto,0,815,815,3.3763177394866943,0.5927038788795471,-950.4102783203125,-955.9151611328125,-931.6084594726562,745.8045043945312,752.619140625,723.36865234375,869.0123291015625,876.0,847.0,876.0,906.0,30.0,3.3112582781456954,96.6887417218543,2,8899,0,813,89.68099975585938,88.58921813964844,91.14495849609375,0.9496897459030151,0.8619457483291626,0.9942278861999512,0.376245379447937,0.8200276494026184,132.96737670898438,0.9999999403953552,156.51565504074097,156.51565790176392
G19,adam,auto,0,816,816,3.3791706562042236,0.5922040939331055,-950.5950927734375,-956.1026000976562,-931.7844848632812,746.3939819335938,753.214111328125,723.9200439453125,869.0426025390625,876.0,847.0,876.0,906.0,30.0,3.3112582781456954,96.6887417218543,2,8899,0,813,89.05729675292969,87.97750854492188,90.51942443847656,0.9501338601112366,0.8628380298614502,0.9942823648452759,0.3761385381221771,0.820551872253418,131.77081298828125,1.0,156.70644617080688,156.70644903182983
G19,adam,auto,0,817,817,3.382028579711914,0.5917043685913086,-950.7767944335938,-956.2870483398438,-931.9571533203125,746.9783935546875,753.78662109375,724.46484375,869.0723266601562,876.0,847.0,876.0,906.0,30.0,3.3112582781456954,96.6887417218543,2,8899,0,813,88.4372787475586,87.36952209472656,89.89761352539062,0.9505743980407715,0.8637248277664185,0.9943363070487976,0.37603291869163513,0.8210698962211609,130.5768585205078,0.9999999403953552,156.89843821525574,156.8984408378601
G19,adam,auto,0,818,818,3.3848917484283447,0.5912046432495117,-950.9553833007812,-956.4686279296875,-932.1265869140625,747.5584106445312,754.3826904296875,725.07275390625,869.121826171875,876.0,847.0,876.0,906.0,30.0,3.3112582781456954,96.6887417218543,0,8899,0,813,87.82098388671875,86.76527404785156,89.27952575683594,0.9510111212730408,0.8646062016487122,0.9943897128105164,0.37592700123786926,0.8215833306312561,129.37852478027344,0.9999999403953552,157.09037232398987,157.0903742313385
G19,adam,auto,0,819,819,3.3877596855163574,0.5907049179077148,-951.1309814453125,-956.6474609375,-932.2930297851562,748.1329956054688,754.940185546875,725.5950927734375,869.1939697265625,876.0,847.0,876.0,906.0,30.0,3.3112582781456954,96.6887417218543,0,8899,0,813,87.20845031738281,86.16480255126953,88.66520690917969,0.951444149017334,0.8654819130897522,0.9944427609443665,0.3758228123188019,0.822094202041626,128.16622924804688,1.0,157.2811143398285,157.28111624717712
G19,adam,auto,0,820,820,3.390632152557373,0.5902051329612732,-951.3035888671875,-956.8235473632812,-932.4561767578125,748.7025756835938,755.5106811523438,726.1459350585938,869.307373046875,876.0,847.0,876.0,906.0,30.0,3.3112582781456954,96.6887417218543,0,8899,0,813,86.59966278076172,85.56809997558594,88.05464935302734,0.9518733024597168,0.8663520812988281,0.9944953322410583,0.37571996450424194,0.8226056098937988,126.93817901611328,1.0,157.47310328483582,157.47310519218445
G19,adam,auto,0,821,821,3.39350962638855,0.5897053480148315,-951.4730224609375,-956.9967041015625,-932.6161499023438,749.267822265625,756.087158203125,726.7198486328125,869.4404296875,876.0,847.0,876.0,906.0,30.0,3.3112582781456954,96.6887417218543,0,8899,0,813,85.99463653564453,84.97515869140625,87.44786071777344,0.9522988796234131,0.8672167062759399,0.9945474863052368,0.3756163716316223,0.8231220245361328,125.69569396972656,1.0,157.67219305038452,157.67219495773315
G19,adam,auto,0,822,822,3.3963921070098877,0.5892056226730347,-951.639404296875,-957.1666870117188,-932.7728881835938,749.8270874023438,756.632080078125,727.2444458007812,869.5469970703125,876.0,847.0,876.0,906.0,30.0,3.3112582781456954,96.6887417218543,0,8899,0,813,85.39334869384766,84.38595581054688,86.84480285644531,0.9527208209037781,0.8680757880210876,0.9945992231369019,0.3755159378051758,0.8236405253410339,124.4383316040039,0.9999998807907104,157.85895824432373,157.85896110534668
G19,adam,auto,0,823,823,3.3992793560028076,0.5887058973312378,-951.8027954101562,-957.3336791992188,-932.9266357421875,750.3798828125,757.1708374023438,727.7864990234375,869.5819091796875,876.0,847.0,876.0,906.0,30.0,3.3112582781456954,96.6887417218543,0,8899,0,813,84.79576873779297,83.80043029785156,86.24544525146484,0.9531391263008118,0.868929386138916,0.9946504235267639,0.375419557094574,0.8241537809371948,123.17050170898438,1.0,158.05231428146362,158.05231618881226
G19,adam,auto,0,824,824,3.4021713733673096,0.5882061123847961,-951.9631958007812,-957.4973754882812,-933.0770874023438,750.9271240234375,757.723388671875,728.3406982421875,869.5850830078125,876.0,847.0,876.0,906.0,30.0,3.3112582781456954,96.6887417218543,0,8899,0,813,84.20187377929688,83.21858978271484,85.64974212646484,0.9535537362098694,0.8697775602340698,0.9947012662887573,0.37532538175582886,0.8246559500694275,121.89811706542969,1.0,158.24363112449646,158.2436330318451
G19,adam,auto,0,825,825,3.4050686359405518,0.5877063870429993,-952.1204223632812,-957.6577758789062,-933.2247924804688,751.4675903320312,758.2542724609375,728.8448486328125,869.585205078125,876.0,847.0,876.0,906.0,30.0,3.3112582781456954,96.6887417218543,0,8899,0,813,83.61162567138672,82.64035034179688,85.05767059326172,0.95396488904953,0.8706203103065491,0.9947516322135925,0.3752361238002777,0.8251444101333618,120.62748718261719,0.9999999403953552,158.43140316009521,158.43140506744385
G19,adam,auto,0,826,826,3.407970905303955,0.5872066020965576,-952.2745971679688,-957.8150634765625,-933.3693237304688,752.0010986328125,758.7994995117188,729.402587890625,869.585205078125,876.0,847.0,876.0,906.0,30.0,3.3112582781456954,96.6887417218543,0,8899,0,813,83.0250015258789,82.06570434570312,84.46919250488281,0.9543724060058594,0.8714577555656433,0.9948015213012695,0.3751520812511444,0.8256202340126038,119.36384582519531,1.0,158.62511110305786,158.6251139640808
G19,adam,auto,0,827,827,3.4108777046203613,0.5867068767547607,-952.42578125,-957.9691772460938,-933.5108642578125,752.5296020507812,759.3177490234375,729.9090576171875,869.585205078125,876.0,847.0,876.0,906.0,30.0,3.3112582781456954,96.6887417218543,0,8899,0,813,82.44197845458984,81.49458312988281,83.8842544555664,0.9547765254974365,0.8722898364067078,0.9948510527610779,0.37506920099258423,0.8260868787765503,118.11231994628906,1.0,158.8158540725708,158.81585597991943
G19,adam,auto,0,828,828,3.413789749145508,0.5862071514129639,-952.5737915039062,-958.1204833984375,-933.6495971679688,753.0527954101562,759.8443603515625,730.4384765625,869.585205078125,876.0,847.0,876.0,906.0,30.0,3.3112582781456954,96.6887417218543,0,8899,0,813,81.86253356933594,80.92699432373047,83.30284118652344,0.9551770687103271,0.873116672039032,0.9949001669883728,0.3749881386756897,0.8265454173088074,116.87818145751953,1.0,159.00729823112488,159.0073001384735
G19,adam,auto,0,829,829,3.4167068004608154,0.5857073664665222,-952.7188720703125,-958.2684936523438,-933.785400390625,753.5709838867188,760.35009765625,730.9503173828125,869.585205078125,876.0,847.0,876.0,906.0,30.0,3.3112582781456954,96.6887417218543,0,8899,0,813,81.28663635253906,80.36288452148438,82.72492218017578,0.9555742740631104,0.873938262462616,0.9949488639831543,0.37490808963775635,0.8269994258880615,115.66544342041016,1.0,159.19807815551758,159.1980800628662
G19,adam,auto,0,830,830,3.419628858566284,0.5852076411247253,-952.8609008789062,-958.4135131835938,-933.9183959960938,754.0855712890625,760.865966796875,731.4703369140625,869.585205078125,876.0,847.0,876.0,906.0,30.0,3.3112582781456954,96.6887417218543,0,8899,0,813,80.71432495117188,79.80223846435547,82.15048217773438,0.9559680223464966,0.8747544884681702,0.9949971437454224,0.3748263716697693,0.8274496793746948,114.47599792480469,1.0,159.3898310661316,159.38983392715454
G19,adam,auto,0,831,831,3.422555685043335,0.5847078561782837,-952.9998168945312,-958.5553588867188,-934.0484619140625,754.597412109375,761.3816528320312,731.98095703125,869.585205078125,876.0,847.0,876.0,906.0,30.0,3.3112582781456954,96.6887417218543,0,8899,0,813,80.14556121826172,79.24504089355469,81.57952880859375,0.9563583731651306,0.8755656480789185,0.9950450658798218,0.37474119663238525,0.8279001116752625,113.3125991821289,0.9999999403953552,159.58171916007996,159.5817210674286
G19,adam,auto,0,832,832,3.425487518310547,0.5842081308364868,-953.1356811523438,-958.6941528320312,-934.17578125,755.1060791015625,761.8973388671875,732.46923828125,869.585205078125,876.0,847.0,876.0,906.0,30.0,3.3112582781456954,96.6887417218543,0,8899,0,813,79.58036041259766,78.69131469726562,81.01203918457031,0.9567452669143677,0.8763715028762817,0.995092511177063,0.37465330958366394,0.8283503651618958,112.1744384765625,0.9999999403953552,159.77354216575623,159.77354407310486
G19,adam,auto,0,833,833,3.428424835205078,0.5837084054946899,-953.2686157226562,-958.8296508789062,-934.3003540039062,755.6126098632812,762.4159545898438,733.0028076171875,869.585205078125,876.0,847.0,876.0,906.0,30.0,3.3112582781456954,96.6887417218543,0,8899,0,813,79.01874542236328,78.14103698730469,80.44802856445312,0.9571290016174316,0.87717205286026,0.9951395988464355,0.3745606243610382,0.8288021087646484,111.05909729003906,1.0,159.9647262096405,159.96472811698914
G19,adam,auto,0,834,834,3.4313666820526123,0.5832086205482483,-953.3984985351562,-958.9620971679688,-934.4223022460938,756.1171264648438,762.915283203125,733.478759765625,869.585205078125,876.0,847.0,876.0,906.0,30.0,3.3112582781456954,96.6887417218543,0,8899,0,813,78.46070861816406,77.59422302246094,79.88750457763672,0.9575091004371643,0.8779674172401428,0.9951862692832947,0.3744629919528961,0.8292552828788757,109.96488189697266,1.0,160.15673804283142,160.15673995018005
G19,adam,auto,0,835,835,3.4343135356903076,0.5827088356018066,-953.5255737304688,-959.0916748046875,-934.5416259765625,756.6189575195312,763.4156494140625,733.966064453125,869.585205078125,876.0,847.0,876.0,906.0,30.0,3.3112582781456954,96.6887417218543,0,8899,0,813,77.90625762939453,77.05087280273438,79.33045196533203,0.9578858613967896,0.8787574172019958,0.9952325224876404,0.3743622303009033,0.8297097682952881,108.88931274414062,1.0,160.34792613983154,160.34792804718018
G19,adam,auto,0,836,836,3.4372658729553223,0.5822091102600098,-953.6497802734375,-959.2182006835938,-934.6585693359375,757.1187133789062,763.9119873046875,734.486083984375,869.585205078125,876.0,847.0,876.0,906.0,30.0,3.3112582781456954,96.6887417218543,0,8899,0,813,77.35541534423828,76.510986328125,78.77691650390625,0.9582593441009521,0.8795422911643982,0.9952783584594727,0.37425675988197327,0.8301636576652527,107.82878112792969,1.0,160.54186820983887,160.54187107086182
G19,adam,auto,0,837,837,3.440223455429077,0.5817093849182129,-953.7711791992188,-959.3421020507812,-934.7730712890625,757.6154174804688,764.40283203125,734.953857421875,869.585205078125,876.0,847.0,876.0,906.0,30.0,3.3112582781456954,96.6887417218543,0,8899,0,813,76.80815887451172,75.97457885742188,78.22686767578125,0.9586294889450073,0.8803216814994812,0.9953238368034363,0.3741489350795746,0.8306170701980591,106.78254699707031,1.0,160.73301935195923,160.73302125930786
G19,adam,auto,0,838,838,3.443185567855835,0.581209659576416,-953.889892578125,-959.46337890625,-934.885498046875,758.109375,764.892822265625,735.426513671875,869.585205078125,876.0,847.0,876.0,906.0,30.0,3.3112582781456954,96.6887417218543,0,8899,0,813,76.26453399658203,75.44164276123047,77.68032836914062,0.9589963555335999,0.8810957670211792,0.9953688979148865,0.37403783202171326,0.8310678005218506,105.74960327148438,1.0,160.9245481491089,160.92455005645752
G19,adam,auto,0,839,839,3.446152925491333,0.5807098746299744,-954.0057983398438,-959.581787109375,-934.9961547851562,758.5999145507812,765.385009765625,735.9378662109375,869.585205078125,876.0,847.0,876.0,906.0,30.0,3.3112582781456954,96.6887417218543,0,8899,0,813,75.72452545166016,74.91219329833984,77.13728332519531,0.9593598246574402,0.8818645477294922,0.995413601398468,0.3739255666732788,0.8315158486366272,104.72918701171875,1.0,161.11477994918823,161.11478185653687
G19,adam,auto,0,840,840,3.4491255283355713,0.5802100896835327,-954.1187744140625,-959.6973266601562,-935.1048583984375,759.0869750976562,765.8688354492188,736.410400390625,869.585205078125,876.0,847.0,876.0,906.0,30.0,3.3112582781456954,96.6887417218543,0,8899,0,813,75.1881332397461,74.38619232177734,76.5977554321289,0.9597199559211731,0.8826280236244202,0.9954578876495361,0.37381160259246826,0.8319592475891113,103.720458984375,0.9999999403953552,161.3060963153839,161.30609822273254
G19,adam,auto,0,841,841,3.45210337638855,0.5797103643417358,-954.2293090820312,-959.810302734375,-935.2120971679688,759.5704345703125,766.3568115234375,736.8593139648438,869.585205078125,876.0,847.0,876.0,906.0,30.0,3.3112582781456954,96.6887417218543,0,8899,0,813,74.65534973144531,73.86366271972656,76.06172180175781,0.9600768685340881,0.8833860158920288,0.995501697063446,0.373696506023407,0.8323988914489746,102.7184066772461,1.0,161.49706602096558,161.4970679283142
G19,adam,auto,0,842,842,3.4550862312316895,0.579210638999939,-954.3369750976562,-959.9205322265625,-935.3179931640625,760.0499877929688,766.8265991210938,737.3844604492188,869.585205078125,876.0,847.0,876.0,906.0,30.0,3.3112582781456954,96.6887417218543,0,8899,0,813,74.12618255615234,73.34455871582031,75.5291748046875,0.9604305028915405,0.8841387033462524,0.9955451488494873,0.37358126044273376,0.832832396030426,101.72298431396484,1.0,161.68775510787964,161.68775701522827
G19,adam,auto,0,843,843,3.4580740928649902,0.5787109136581421,-954.4420776367188,-960.0280151367188,-935.4228515625,760.5262451171875,767.3079833984375,737.8384399414062,869.585205078125,876.0,847.0,876.0,906.0,30.0,3.3112582781456954,96.6887417218543,0,8899,0,813,73.60061645507812,72.8288803100586,75.00010681152344,0.9607808589935303,0.8848860263824463,0.9955883026123047,0.3734643757343292,0.8332616686820984,100.73011779785156,1.0000001192092896,161.8788571357727,161.87885904312134
G19,adam,auto,0,844,844,3.4610674381256104,0.5782111287117004,-954.5446166992188,-960.1327514648438,-935.52685546875,760.9982299804688,767.7777099609375,738.3020629882812,869.585205078125,876.0,847.0,876.0,906.0,30.0,3.3112582781456954,96.6887417218543,0,8899,0,813,73.07864379882812,72.31658935546875,74.4744873046875,0.9611280560493469,0.8856279850006104,0.9956309795379639,0.37334802746772766,0.8336852192878723,99.73343658447266,1.0,162.07080912590027,162.0708110332489
G19,adam,auto,0,845,845,3.4640660285949707,0.5777113437652588,-954.6444091796875,-960.2350463867188,-935.63037109375,761.4674072265625,768.2571411132812,738.8033447265625,869.585205078125,876.0,847.0,876.0,906.0,30.0,3.3112582781456954,96.6887417218543,0,8899,0,813,72.56023406982422,71.80763244628906,73.9522705078125,0.9614720940589905,0.8863646388053894,0.9956733584403992,0.37322917580604553,0.8341050148010254,98.73421478271484,0.9999999403953552,162.27269315719604,162.27269506454468
G19,adam,auto,0,846,846,3.467069387435913,0.5772116184234619,-954.7415771484375,-960.33447265625,-935.7334594726562,761.9321899414062,768.7145385742188,739.2717895507812,869.585205078125,876.0,847.0,876.0,906.0,30.0,3.3112582781456954,96.6887417218543,0,8899,0,813,72.04534912109375,71.30198669433594,73.43346405029297,0.9618129134178162,0.8870960474014282,0.995715320110321,0.37311112880706787,0.8345199823379517,97.73858642578125,1.0,162.45477628707886,162.4547781944275
G19,adam,auto,0,847,847,3.4700779914855957,0.576711893081665,-954.836181640625,-960.431396484375,-935.83642578125,762.394287109375,769.177978515625,739.7449340820312,869.5850830078125,876.0,846.0,876.0,906.0,30.0,3.3112582781456954,96.6887417218543,0,8899,0,813,71.53399658203125,70.79962158203125,72.91799926757812,0.9621506333351135,0.8878220319747925,0.9957568049430847,0.3729903995990753,0.8349323868751526,96.75437927246094,0.9999998807907104,162.64773607254028,162.64773797988892
G19,adam,auto,0,848,848,3.4730920791625977,0.5762121677398682,-954.9282836914062,-960.5256958007812,-935.9392700195312,762.8530883789062,769.647705078125,740.223876953125,869.5850830078125,876.0,846.0,876.0,906.0,30.0,3.3112582781456954,96.6887417218543,0,8899,0,813,71.02613067626953,70.30049133300781,72.40585327148438,0.9624852538108826,0.8885429501533508,0.9957980513572693,0.3728685677051544,0.8353415131568909,95.7770767211914,1.0,162.8389072418213,162.83891010284424
G19,adam,auto,0,849,849,3.4761111736297607,0.5757123827934265,-955.017822265625,-960.617431640625,-936.0425415039062,763.30859375,770.0977172851562,740.7119140625,869.5850830078125,876.0,846.0,876.0,906.0,30.0,3.3112582781456954,96.6887417218543,0,8899,0,813,70.52173614501953,69.8045425415039,71.89698791503906,0.9628168940544128,0.889258623123169,0.9958388805389404,0.3727453052997589,0.835748553276062,94.81222534179688,0.9999999403953552,163.02943325042725,163.02943515777588
G19,adam,auto,0,850,850,3.479135513305664,0.5752125978469849,-955.1047973632812,-960.7066040039062,-936.1459350585938,763.7611083984375,770.555908203125,741.1881103515625,869.5850830078125,876.0,846.0,876.0,906.0,30.0,3.3112582781456954,96.6887417218543,0,8899,0,813,70.02080535888672,69.31175231933594,71.39138793945312,0.9631453156471252,0.8899691700935364,0.9958792924880981,0.3726203739643097,0.8361538648605347,93.86544799804688,0.9999999403953552,163.2223482131958,163.22235107421875
G19,adam,auto,0,851,851,3.482165575027466,0.574712872505188,-955.1893920898438,-960.7932739257812,-936.2494506835938,764.2105712890625,771.01025390625,741.6644287109375,869.5853271484375,876.0,848.0,876.0,906.0,30.0,3.3112582781456954,96.6887417218543,0,8899,0,813,69.5233154296875,68.82209014892578,70.88900756835938,0.9634708166122437,0.8906745314598083,0.995919406414032,0.3724936842918396,0.8365573883056641,92.93182373046875,1.0,163.4164490699768,163.41645097732544
G19,adam,auto,0,852,852,3.4852006435394287,0.5742131471633911,-955.2714233398438,-960.8773803710938,-936.3531494140625,764.6566162109375,771.451171875,742.158935546875,869.5853271484375,876.0,848.0,876.0,906.0,30.0,3.3112582781456954,96.6887417218543,0,8899,0,813,69.02925109863281,68.33552551269531,70.38984680175781,0.9637933969497681,0.8913747072219849,0.9959591031074524,0.372366338968277,0.8369583487510681,92.01403045654297,1.0,163.61249423027039,163.61249613761902
G19,adam,auto,0,853,853,3.488240957260132,0.5737134218215942,-955.3510131835938,-960.9591064453125,-936.45751953125,765.099365234375,771.9044799804688,742.6283569335938,869.5853271484375,876.0,848.0,876.0,906.0,30.0,3.3112582781456954,96.6887417218543,0,8899,0,813,68.5385971069336,67.8520278930664,69.89386749267578,0.9641128778457642,0.8920696973800659,0.9959985017776489,0.3722379505634308,0.8373574018478394,91.11030578613281,1.0,163.80347609519958,163.80347800254822
G19,adam,auto,0,854,854,3.491286277770996,0.5732136368751526,-955.42822265625,-961.0383911132812,-936.56201171875,765.5390014648438,772.3404541015625,743.1297607421875,869.5853271484375,876.0,848.0,876.0,906.0,30.0,3.3112582781456954,96.6887417218543,0,8899,0,813,68.0513687133789,67.36814880371094,69.40105438232422,0.9644294381141663,0.8927595615386963,0.996037483215332,0.3721081614494324,0.8377540111541748,90.21929168701172,1.0,163.9936261177063,163.99362802505493
G19,adam,auto,0,855,855,3.494337558746338,0.5727138519287109,-955.5029296875,-961.1151733398438,-936.6663208007812,765.974853515625,772.774658203125,743.6092529296875,869.5861206054688,876.0,848.0,876.0,906.0,30.0,3.3112582781456954,96.6887417218543,0,8899,0,813,67.56753540039062,66.88648223876953,68.91139221191406,0.9647431373596191,0.8934443593025208,0.9960761666297913,0.3719785809516907,0.8381466865539551,89.34017944335938,1.0,164.18610835075378,164.18611025810242
G19,adam,auto,0,856,856,3.49739408493042,0.5722141265869141,-955.5753784179688,-961.1895141601562,-936.770751953125,766.4074096679688,773.214599609375,744.0828857421875,869.5861206054688,876.0,848.0,876.0,906.0,30.0,3.3112582781456954,96.6887417218543,0,8899,0,813,67.08709716796875,66.408203125,68.42485046386719,0.9650538563728333,0.8941240310668945,0.9961143732070923,0.37184837460517883,0.8385370969772339,88.46855926513672,1.0,164.3761441707611,164.37614727020264
G19,adam,auto,0,857,857,3.500455617904663,0.5717144012451172,-955.6453857421875,-961.2615966796875,-936.8753051757812,766.8365478515625,773.6492919921875,744.6087646484375,869.5861206054688,876.0,848.0,876.0,906.0,30.0,3.3112582781456954,96.6887417218543,0,8899,0,813,66.61003875732422,65.93330383300781,67.94141387939453,0.9653617143630981,0.8947985768318176,0.9961523413658142,0.3717174232006073,0.8389235138893127,87.6043701171875,0.9999998807907104,164.5658209323883,164.56582283973694
G19,adam,auto,0,858,858,3.5035223960876465,0.5712146162986755,-955.7131958007812,-961.3313598632812,-936.9794921875,767.2620239257812,774.0614013671875,745.055908203125,869.5861206054688,876.0,848.0,876.0,906.0,30.0,3.3112582781456954,96.6887417218543,0,8899,0,813,66.1363525390625,65.46177673339844,67.4610595703125,0.9656667113304138,0.89546799659729,0.9961899518966675,0.37158694863319397,0.8393058776855469,86.74320983886719,1.0,164.7576870918274,164.75768899917603
G19,adam,auto,0,859,859,3.5065948963165283,0.5707148909568787,-955.7786865234375,-961.3987426757812,-937.0830078125,767.6841430664062,774.495849609375,745.5604858398438,869.585693359375,876.0,848.0,876.0,906.0,30.0,3.3112582781456954,96.6887417218543,0,8899,0,813,65.66600036621094,64.99358367919922,66.98374938964844,0.9659687876701355,0.8961324691772461,0.9962272644042969,0.37145572900772095,0.8396849632263184,85.89083862304688,0.9999999403953552,164.94898915290833,164.94899106025696
G19,adam,auto,0,860,860,3.5096726417541504,0.570215106010437,-955.841796875,-961.4639892578125,-937.1854248046875,768.1024780273438,774.9069213867188,746.0753173828125,869.585693359375,876.0,848.0,876.0,906.0,30.0,3.3112582781456954,96.6887417218543,0,8899,0,813,65.1989974975586,64.52873229980469,66.50949096679688,0.9662681221961975,0.8967917561531067,0.9962641596794128,0.3713251054286957,0.8400599360466003,85.04533386230469,0.9999999403953552,165.14136028289795,165.14136219024658
G19,adam,auto,0,861,861,3.5127556324005127,0.5697153806686401,-955.9028930664062,-961.5266723632812,-937.2865600585938,768.5174560546875,775.3260498046875,746.5195922851562,869.585693359375,876.0,848.0,876.0,906.0,30.0,3.3112582781456954,96.6887417218543,0,8899,0,813,64.73530578613281,64.06719970703125,66.03822326660156,0.9665645956993103,0.8974460959434509,0.9963006973266602,0.3711943030357361,0.8404308557510376,84.19584655761719,1.0,165.33173990249634,165.33174300193787
G19,adam,auto,0,862,862,3.5158443450927734,0.5692156553268433,-955.9616088867188,-961.587158203125,-937.3858032226562,768.9290771484375,775.738037109375,747.0451049804688,869.585693359375,876.0,848.0,876.0,906.0,30.0,3.3112582781456954,96.6887417218543,0,8899,0,813,64.27490234375,63.608917236328125,65.56993103027344,0.9668583869934082,0.898095428943634,0.9963369369506836,0.3710632920265198,0.8407989740371704,83.35094451904297,0.9999999403953552,165.52381920814514,165.52382111549377
G19,adam,auto,0,863,863,3.5189387798309326,0.5687158703804016,-956.0181884765625,-961.6455688476562,-937.482666015625,769.3373413085938,776.138671875,747.528564453125,869.585693359375,876.0,848.0,876.0,906.0,30.0,3.3112582781456954,96.6887417218543,0,8899,0,813,63.8177490234375,63.15385437011719,65.10458374023438,0.9671493768692017,0.8987398147583008,0.9963728189468384,0.3709319233894348,0.841163694858551,82.50967407226562,0.9999999403953552,165.7124481201172,165.71245002746582
G19,adam,auto,0,864,864,3.522037982940674,0.5682161450386047,-956.0725708007812,-961.7018432617188,-937.5767211914062,769.7422485351562,776.543701171875,748.0108032226562,869.585693359375,876.0,848.0,876.0,906.0,30.0,3.3112582781456954,96.6887417218543,0,8899,0,813,63.36384963989258,62.70201873779297,64.64216613769531,0.967437744140625,0.899379312992096,0.9964082837104797,0.37080061435699463,0.8415254950523376,81.67581939697266,1.0,165.90612316131592,165.90612602233887
G19,adam,auto,0,865,865,3.5251429080963135,0.5677163600921631,-956.1246948242188,-961.7559204101562,-937.6672973632812,770.1447143554688,776.9559326171875,748.5046997070312,869.585693359375,876.0,848.0,876.0,906.0,30.0,3.3112582781456954,96.6887417218543,0,8899,0,813,62.91316223144531,62.25340270996094,64.18265533447266,0.9677232503890991,0.9000138640403748,0.9964435696601868,0.37066730856895447,0.8418853878974915,80.84980773925781,1.0,166.09658217430115,166.09658408164978
G19,adam,auto,0,866,866,3.5282535552978516,0.5672166347503662,-956.1748046875,-961.8076782226562,-937.75439453125,770.5440063476562,777.3453369140625,748.99853515625,869.5864868164062,876.0,848.0,876.0,906.0,30.0,3.3112582781456954,96.6887417218543,0,8899,0,813,62.46564865112305,61.80796813964844,63.726016998291016,0.9680062532424927,0.9006435871124268,0.9964784979820251,0.37053361535072327,0.842243492603302,80.02753448486328,1.0,166.28729510307312,166.28729701042175
G19,adam,auto,0,867,867,3.531369686126709,0.5667169094085693,-956.222900390625,-961.8575439453125,-937.8377685546875,770.9406127929688,777.735595703125,749.4644775390625,869.5864868164062,876.0,848.0,876.0,906.0,30.0,3.3112582781456954,96.6887417218543,0,8899,0,813,62.021305084228516,61.365684509277344,63.272247314453125,0.9682866334915161,0.9012686014175415,0.9965130686759949,0.37039849162101746,0.842599093914032,79.21488189697266,1.0,166.47821021080017,166.47821307182312
G19,adam,auto,0,868,868,3.5344910621643066,0.5662171244621277,-956.268798828125,-961.9050903320312,-937.9168701171875,771.3350219726562,778.1433715820312,749.948486328125,869.5864868164062,876.0,848.0,876.0,906.0,30.0,3.3112582781456954,96.6887417218543,0,8899,0,813,61.580101013183594,60.926536560058594,62.82134246826172,0.9685643911361694,0.9018887281417847,0.996547281742096,0.37026119232177734,0.842953622341156,78.4119644165039,1.0,166.67184209823608,166.67184400558472
G19,adam,auto,0,869,869,3.5376176834106445,0.565717339515686,-956.3128051757812,-961.9505004882812,-937.991943359375,771.72607421875,778.52880859375,750.4191284179688,869.5866088867188,876.0,848.0,876.0,906.0,30.0,3.3112582781456954,96.6887417218543,0,8899,0,813,61.14201354980469,60.49050521850586,62.37328338623047,0.9688395261764526,0.9025041460990906,0.9965812563896179,0.3701239228248596,0.8433054089546204,77.61266326904297,1.0,166.86299920082092,166.86300206184387
G19,adam,auto,0,870,870,3.540750503540039,0.5652176141738892,-956.3546752929688,-961.9940185546875,-938.0626220703125,772.1148071289062,778.921142578125,750.8616943359375,869.5866088867188,876.0,848.0,876.0,906.0,30.0,3.3112582781456954,96.6887417218543,0,8899,0,813,60.70702362060547,60.05754089355469,61.928077697753906,0.9691121578216553,0.903114914894104,0.9966148734092712,0.3699849247932434,0.8436546921730042,76.82386016845703,0.9999999403953552,167.05483603477478,167.05483889579773
G19,adam,auto,0,871,871,3.543888807296753,0.5647178888320923,-956.3945922851562,-962.035888671875,-938.1285400390625,772.5007934570312,779.296875,751.3271484375,869.5866088867188,876.0,848.0,876.0,906.0,30.0,3.3112582781456954,96.6887417218543,0,8899,0,813,60.275089263916016,59.627662658691406,61.4857177734375,0.9693822860717773,0.9037208557128906,0.9966481328010559,0.3698449730873108,0.844001829624176,76.04649353027344,1.0000001192092896,167.2451479434967,167.24514985084534
G19,adam,auto,0,872,872,3.547032356262207,0.5642181634902954,-956.4326171875,-962.0755004882812,-938.1893920898438,772.8836059570312,779.6859130859375,751.7677001953125,869.5866088867188,876.0,848.0,876.0,906.0,30.0,3.3112582781456954,96.6887417218543,0,8899,0,813,59.84621810913086,59.20081329345703,61.046226501464844,0.9696499109268188,0.9043222665786743,0.9966811537742615,0.36970511078834534,0.8443456292152405,75.27543640136719,1.0,167.43693017959595,167.43693208694458
G19,adam,auto,0,873,873,3.5501813888549805,0.5637183785438538,-956.468505859375,-962.1129760742188,-938.2447509765625,773.2639770507812,780.0626831054688,752.1875610351562,869.5866088867188,876.0,848.0,876.0,906.0,30.0,3.3112582781456954,96.6887417218543,0,8899,0,813,59.420387268066406,58.777000427246094,60.60958480834961,0.9699150323867798,0.9049189686775208,0.9967138767242432,0.3695637583732605,0.8446868658065796,74.51398468017578,1.0,167.62622714042664,167.62622904777527
G19,adam,auto,0,874,874,3.5533363819122314,0.5632185935974121,-956.5026245117188,-962.148681640625,-938.2946166992188,773.6416625976562,780.43994140625,752.634521484375,869.5866088867188,876.0,848.0,876.0,906.0,30.0,3.3112582781456954,96.6887417218543,0,8899,0,813,58.997554779052734,58.3561897277832,60.17583084106445,0.9701777696609497,0.9055111408233643,0.9967461824417114,0.36942151188850403,0.845025897026062,73.75638580322266,0.9999999403953552,167.81781721115112,167.81781911849976
G19,adam,auto,0,875,875,3.5564966201782227,0.5627188682556152,-956.5347290039062,-962.1824340820312,-938.3388061523438,774.0161743164062,780.816650390625,753.0512084960938,869.5866088867188,876.0,848.0,876.0,906.0,30.0,3.3112582781456954,96.6887417218543,0,8899,0,813,58.57772445678711,57.938377380371094,59.74494934082031,0.9704380035400391,0.9060986638069153,0.9967783093452454,0.3692796230316162,0.8453619480133057,73.01009368896484,0.9999999403953552,168.00833320617676,168.0083360671997
G19,adam,auto,0,876,876,3.559662342071533,0.5622191429138184,-956.5650024414062,-962.2144165039062,-938.377197265625,774.3887939453125,781.1829223632812,753.4521484375,869.5866088867188,876.0,848.0,876.0,906.0,30.0,3.3112582781456954,96.6887417218543,0,8899,0,813,58.16086959838867,57.523529052734375,59.31697082519531,0.9706958532333374,0.9066815972328186,0.9968101382255554,0.36913514137268066,0.8456959128379822,72.27142333984375,1.0,168.19931507110596,168.1993169784546
G19,adam,auto,0,877,877,3.5628342628479004,0.5617194175720215,-956.5933837890625,-962.2445068359375,-938.4107666015625,774.7586669921875,781.5540771484375,753.8781127929688,869.5866088867188,876.0,848.0,876.0,906.0,30.0,3.3112582781456954,96.6887417218543,0,8899,0,813,57.74697494506836,57.11161804199219,58.89189529418945,0.9709513783454895,0.9072601199150085,0.9968416690826416,0.36899012327194214,0.8460286259651184,71.53862762451172,0.9999998807907104,168.41267824172974,168.4126808643341
G19,adam,auto,0,878,878,3.566011905670166,0.5612196326255798,-956.6199951171875,-962.2725830078125,-938.43994140625,775.1259155273438,781.92919921875,754.2781372070312,869.5866088867188,876.0,848.0,876.0,906.0,30.0,3.3112582781456954,96.6887417218543,0,8899,0,813,57.33602523803711,56.702659606933594,58.46974182128906,0.9712045192718506,0.9078340530395508,0.9968728423118591,0.3688444197177887,0.8463583588600159,70.81491088867188,1.0,168.6064510345459,168.60645294189453
G19,adam,auto,0,879,879,3.569194793701172,0.5607198476791382,-956.644775390625,-962.2987670898438,-938.465087890625,775.4912719726562,782.2891845703125,754.6572875976562,869.5866088867188,876.0,848.0,876.0,906.0,30.0,3.3112582781456954,96.6887417218543,0,8899,0,813,56.928001403808594,56.29660415649414,58.05052185058594,0.9714552760124207,0.9084035158157349,0.9969037175178528,0.36869630217552185,0.846687376499176,70.0942611694336,0.9999999403953552,168.798593044281,168.79859614372253
G19,adam,auto,0,880,880,3.572383403778076,0.5602201223373413,-956.667724609375,-962.3232421875,-938.4874877929688,775.8539428710938,782.6578979492188,755.0549926757812,869.5866088867188,876.0,848.0,876.0,906.0,30.0,3.3112582781456954,96.6887417218543,0,8899,0,813,56.52287673950195,55.890621185302734,57.634239196777344,0.9717037081718445,0.9089685678482056,0.9969344139099121,0.36854761838912964,0.8470141291618347,69.38414764404297,0.9999998807907104,168.98936414718628,168.98936700820923
G19,adam,auto,0,881,881,3.575577974319458,0.5597203969955444,-956.6887817382812,-962.345947265625,-938.5075073242188,776.2139892578125,783.017822265625,755.4405517578125,869.5866088867188,876.0,848.0,876.0,906.0,30.0,3.3112582781456954,96.6887417218543,0,8899,0,813,56.120635986328125,55.48704147338867,57.22090148925781,0.9719498753547668,0.9095292091369629,0.9969647526741028,0.36839836835861206,0.8473384976387024,68.68122100830078,0.9999999403953552,169.18108320236206,169.18108582496643
G19,adam,auto,0,882,882,3.5787782669067383,0.5592206716537476,-956.7083129882812,-962.366943359375,-938.5259399414062,776.5718994140625,783.3695678710938,755.7939453125,869.5866088867188,876.0,848.0,876.0,906.0,30.0,3.3112582781456954,96.6887417218543,0,8899,0,813,55.721275329589844,55.086326599121094,56.81052780151367,0.972193717956543,0.9100853800773621,0.9969947338104248,0.3682475686073303,0.8476613759994507,67.98393249511719,1.0000001192092896,169.3752040863037,169.37520718574524
G19,adam,auto,0,883,883,3.581984043121338,0.5587208867073059,-956.7260131835938,-962.38623046875,-938.543212890625,776.9273071289062,783.7213134765625,756.1768798828125,869.5866088867188,876.0,848.0,876.0,906.0,30.0,3.3112582781456954,96.6887417218543,0,8899,0,813,55.32475662231445,54.688480377197266,56.40312194824219,0.9724352955818176,0.9106371998786926,0.9970245957374573,0.3680959939956665,0.8479818105697632,67.29662322998047,1.0000001192092896,169.56245112419128,169.56245303153992
G19,adam,auto,0,884,884,3.585195541381836,0.5582211017608643,-956.7420043945312,-962.4037475585938,-938.5596313476562,777.27978515625,784.0821533203125,756.544189453125,869.5866088867188,876.0,848.0,876.0,906.0,30.0,3.3112582781456954,96.6887417218543,0,8899,0,813,54.931087493896484,54.29352569580078,55.99868392944336,0.9726747274398804,0.9111847281455994,0.9970541000366211,0.3679446280002594,0.848299503326416,66.61632537841797,0.9999998807907104,169.75556993484497,169.7555718421936
G19,adam,auto,0,885,885,3.5884130001068115,0.5577213764190674,-956.7562255859375,-962.4193115234375,-938.5750122070312,777.6298217773438,784.42041015625,756.8825073242188,869.5866088867188,876.0,848.0,876.0,906.0,30.0,3.3112582781456954,96.6887417218543,0,8899,0,813,54.54023742675781,53.901458740234375,55.59722900390625,0.9729119539260864,0.9117278456687927,0.9970832467079163,0.36779242753982544,0.8486151099205017,65.94454956054688,0.9999999403953552,169.94817900657654,169.9481818675995
G19,adam,auto,0,886,886,3.5916364192962646,0.5572216510772705,-956.7686767578125,-962.4334106445312,-938.58935546875,777.9778442382812,784.769775390625,757.24951171875,869.5866088867188,876.0,848.0,876.0,906.0,30.0,3.3112582781456954,96.6887417218543,0,8899,0,813,54.15219497680664,53.512290954589844,55.198760986328125,0.9731468558311462,0.912266731262207,0.9971122741699219,0.3676386773586273,0.848928689956665,65.2796401977539,1.0,170.1387801170349,170.13878202438354
G19,adam,auto,0,887,887,3.594864845275879,0.5567219257354736,-956.7796020507812,-962.4459228515625,-938.60302734375,778.3225708007812,785.1134033203125,757.6080322265625,869.5866088867188,876.0,848.0,876.0,906.0,30.0,3.3112582781456954,96.6887417218543,0,8899,0,813,53.76694869995117,53.126033782958984,54.803260803222656,0.9733796119689941,0.9128011465072632,0.9971408843994141,0.3674861192703247,0.8492394089698792,64.62344360351562,1.0000001192092896,170.32793021202087,170.3279321193695
G19,adam,auto,0,888,888,3.598099708557129,0.556222140789032,-956.7888793945312,-962.45654296875,-938.6151123046875,778.6657104492188,785.4599609375,757.921875,869.5866088867188,876.0,848.0,876.0,906.0,30.0,3.3112582781456954,96.6887417218543,0,8899,0,813,53.38448715209961,52.7426643371582,54.410743713378906,0.9736102223396301,0.9133314490318298,0.9971693158149719,0.36733099818229675,0.849548876285553,63.97398376464844,0.9999999403953552,170.52473402023315,170.5247368812561
G19,adam,auto,0,889,889,3.6013405323028564,0.5557223558425903,-956.7965087890625,-962.4655151367188,-938.6258544921875,779.0060424804688,785.804443359375,758.2769775390625,869.5866088867188,876.0,848.0,876.0,906.0,30.0,3.3112582781456954,96.6887417218543,0,8899,0,813,53.00478744506836,52.362213134765625,54.02120590209961,0.973838746547699,0.9138575196266174,0.9971973896026611,0.3671761155128479,0.8498557209968567,63.33176040649414,1.0,170.71631002426147,170.7163119316101
G19,adam,auto,0,890,890,3.6045868396759033,0.5552226305007935,-956.8024291992188,-962.4730224609375,-938.635498046875,779.3438720703125,786.1414184570312,758.624267578125,869.5866088867188,876.0,848.0,876.0,906.0,30.0,3.3112582781456954,96.6887417218543,0,8899,0,813,52.627838134765625,51.98466491699219,53.63463592529297,0.9740650653839111,0.9143792986869812,0.9972254037857056,0.3670208156108856,0.8501609563827515,62.69704818725586,1.0,170.90841913223267,170.9084222316742
G19,adam,auto,0,891,891,3.6078388690948486,0.5547229051589966,-956.806884765625,-962.478759765625,-938.64306640625,779.6798095703125,786.4781494140625,758.9246215820312,869.5866088867188,876.0,848.0,876.0,906.0,30.0,3.3112582781456954,96.6887417218543,0,8899,0,813,52.25362777709961,51.610023498535156,53.251033782958984,0.9742892384529114,0.9148969650268555,0.997252881526947,0.3668639361858368,0.8504641652107239,62.069725036621094,0.9999999403953552,171.09845995903015,171.09846186637878
G19,adam,auto,0,892,892,3.6110973358154297,0.5542231798171997,-956.8095703125,-962.4829711914062,-938.6491088867188,780.0130004882812,786.81396484375,759.26171875,869.5866088867188,876.0,848.0,876.0,906.0,30.0,3.3112582781456954,96.6887417218543,0,8899,0,813,51.88214874267578,51.238285064697266,52.87038040161133,0.9745115041732788,0.9154103398323059,0.9972802400588989,0.36670711636543274,0.8507651090621948,61.4488410949707,1.0,171.29051232337952,171.29051423072815
G19,adam,auto,0,893,893,3.614361524581909,0.5537233948707581,-956.8109741210938,-962.4855346679688,-938.6531982421875,780.3438110351562,787.1406860351562,759.6073608398438,869.5866088867188,876.0,848.0,876.0,906.0,30.0,3.3112582781456954,96.6887417218543,0,8899,0,813,51.51338195800781,50.86943054199219,52.492671966552734,0.9747315049171448,0.9159196019172668,0.997307300567627,0.36654993891716003,0.8510642647743225,60.835662841796875,0.9999999403953552,171.48182725906372,171.48182916641235
G19,adam,auto,0,894,894,3.617631435394287,0.5532236099243164,-956.8106079101562,-962.4865112304688,-938.6553955078125,780.6729736328125,787.4713745117188,759.903564453125,869.5866088867188,876.0,848.0,876.0,906.0,30.0,3.3112582781456954,96.6887417218543,0,8899,0,813,51.14731216430664,50.50346374511719,52.117897033691406,0.9749494791030884,0.9164246916770935,0.9973342418670654,0.36639052629470825,0.8513617515563965,60.230628967285156,0.9999999403953552,171.67423629760742,171.67423820495605
G19,adam,auto,0,895,895,3.6209070682525635,0.5527238845825195,-956.8087768554688,-962.486083984375,-938.6557006835938,780.998779296875,787.79638671875,760.2327880859375,869.5866088867188,876.0,848.0,876.0,906.0,30.0,3.3112582781456954,96.6887417218543,0,8899,0,813,50.783931732177734,50.140380859375,51.74603271484375,0.9751654267311096,0.9169257283210754,0.9973607659339905,0.36623281240463257,0.8516563773155212,59.6302375793457,1.0,171.8647780418396,171.86477994918823
G19,adam,auto,0,896,896,3.6241891384124756,0.5522241592407227,-956.805419921875,-962.4840698242188,-938.6537475585938,781.3231201171875,788.12060546875,760.563232421875,869.5866088867188,876.0,848.0,876.0,906.0,30.0,3.3112582781456954,96.6887417218543,0,8899,0,813,50.42323303222656,49.7801513671875,51.377079010009766,0.9753793478012085,0.9174226522445679,0.9973869919776917,0.36607277393341064,0.8519497513771057,59.03892517089844,1.0,172.05570912361145,172.05571103096008
G19,adam,auto,0,897,897,3.6274771690368652,0.551724374294281,-956.8004760742188,-962.4805908203125,-938.64990234375,781.6453247070312,788.4378662109375,760.871826171875,869.5866088867188,876.0,848.0,876.0,906.0,30.0,3.3112582781456954,96.6887417218543,0,8899,0,813,50.065189361572266,49.42277145385742,51.011009216308594,0.975591242313385,0.9179154634475708,0.9974130988121033,0.3659118711948395,0.8522413969039917,58.45502471923828,1.0,172.247239112854,172.24724102020264
G19,adam,auto,0,898,898,3.630770683288574,0.5512246489524841,-956.794189453125,-962.4755859375,-938.6441040039062,781.9644775390625,788.7603759765625,761.1958618164062,869.5866088867188,876.0,848.0,876.0,906.0,30.0,3.3112582781456954,96.6887417218543,0,8899,0,813,49.70979309082031,49.0682373046875,50.647796630859375,0.9758011698722839,0.9184041619300842,0.997438907623291,0.3657519817352295,0.8525301814079285,57.874732971191406,0.9999999403953552,172.43802404403687,172.43802690505981
G19,adam,auto,0,899,899,3.6340701580047607,0.5507248640060425,-956.7861938476562,-962.468994140625,-938.636474609375,782.2822875976562,789.0696411132812,761.5022583007812,869.5866088867188,876.0,848.0,876.0,906.0,30.0,3.3112582781456954,96.6887417218543,0,8899,0,813,49.35703659057617,48.716522216796875,50.28744125366211,0.9760091304779053,0.9188888669013977,0.9974644184112549,0.36558958888053894,0.852817952632904,57.303462982177734,0.9999999403953552,172.62841606140137,172.62841796875
G19,adam,auto,0,900,900,3.637376308441162,0.5502251386642456,-956.7769775390625,-962.4608764648438,-938.6270141601562,782.5977783203125,789.38916015625,761.8283081054688,869.5866088867188,876.0,848.0,876.0,906.0,30.0,3.3112582781456954,96.6887417218543,0,8899,0,813,49.00691223144531,48.36761474609375,49.92991638183594,0.9762150049209595,0.9193695187568665,0.9974896907806396,0.3654268682003021,0.853103756904602,56.74012756347656,1.0,172.82217717170715,172.8221790790558
G19,adam,auto,0,901,901,3.6406877040863037,0.5497254133224487,-956.7661743164062,-962.4514770507812,-938.6157836914062,782.91064453125,789.6987915039062,762.15380859375,869.5866088867188,876.0,848.0,876.0,906.0,30.0,3.3112582781456954,96.6887417218543,0,8899,0,813,48.659400939941406,48.021507263183594,49.5751953125,0.9764189720153809,0.9198461771011353,0.9975148439407349,0.36526456475257874,0.8533872365951538,56.18169403076172,0.9999999403953552,173.01692700386047,173.0169289112091
G19,adam,auto,0,902,902,3.644005537033081,0.5492256283760071,-956.7540893554688,-962.4407348632812,-938.602783203125,783.2222290039062,790.0177001953125,762.4341430664062,869.5866088867188,876.0,848.0,876.0,906.0,30.0,3.3112582781456954,96.6887417218543,0,8899,0,813,48.314483642578125,47.67817687988281,49.22327423095703,0.976621150970459,0.9203188419342041,0.9975396394729614,0.36509969830513,0.8536698818206787,55.629920959472656,1.0,173.21267199516296,173.2126739025116
G19,adam,auto,0,903,903,3.647329568862915,0.5487258434295654,-956.7404174804688,-962.4285278320312,-938.5884399414062,783.5311889648438,790.3228149414062,762.7840576171875,869.5866088867188,876.0,848.0,876.0,906.0,30.0,3.3112582781456954,96.6887417218543,0,8899,0,813,47.972164154052734,47.33760070800781,48.87413024902344,0.97682124376297,0.920787513256073,0.9975641965866089,0.3649350106716156,0.853950023651123,55.08384323120117,1.0,173.40449619293213,173.40449810028076
G19,adam,auto,0,904,904,3.6506595611572266,0.5482261180877686,-956.7254028320312,-962.4149169921875,-938.5726928710938,783.8381958007812,790.6341552734375,763.0908203125,869.5866088867188,876.0,848.0,876.0,906.0,30.0,3.3112582781456954,96.6887417218543,0,8899,0,813,47.63241195678711,46.999759674072266,48.5277214050293,0.9770194888114929,0.9212522506713867,0.9975885152816772,0.3647696375846863,0.8542288541793823,54.542816162109375,1.0,173.59465503692627,173.5946569442749
G19,adam,auto,0,905,905,3.6539955139160156,0.5477263927459717,-956.708984375,-962.3997802734375,-938.5552978515625,784.1432495117188,790.9273071289062,763.375244140625,869.5866088867188,876.0,848.0,876.0,906.0,30.0,3.3112582781456954,96.6887417218543,0,8899,0,813,47.295223236083984,46.66465759277344,48.184059143066406,0.9772158265113831,0.92171311378479,0.9976125955581665,0.3646031320095062,0.8545058369636536,54.00802993774414,1.0,173.78590416908264,173.78590607643127
G19,adam,auto,0,906,906,3.6573374271392822,0.5472266674041748,-956.6912231445312,-962.3833618164062,-938.5364379882812,784.4464721679688,791.2341918945312,763.7083740234375,869.5866088867188,876.0,848.0,876.0,906.0,30.0,3.3112582781456954,96.6887417218543,0,8899,0,813,46.96058654785156,46.332244873046875,47.843109130859375,0.9774103760719299,0.922170102596283,0.9976364374160767,0.36443549394607544,0.8547813892364502,53.480445861816406,1.0,173.97659516334534,173.97659707069397
G19,adam,auto,0,907,907,3.6606857776641846,0.5467268824577332,-956.6721801757812,-962.3655395507812,-938.5164184570312,784.7471923828125,791.5317993164062,764.0185546875,869.5866088867188,876.0,848.0,876.0,906.0,30.0,3.3112582781456954,96.6887417218543,0,8899,0,813,46.628482818603516,46.002525329589844,47.506927490234375,0.977603018283844,0.9226231575012207,0.9976600408554077,0.3642681837081909,0.8550549745559692,52.95826721191406,0.9999999403953552,174.16819310188293,174.16819500923157
G19,adam,auto,0,908,908,3.6640403270721436,0.5462270975112915,-956.651611328125,-962.346435546875,-938.4949951171875,785.0463256835938,791.8260498046875,764.290283203125,869.5866088867188,876.0,848.0,876.0,906.0,30.0,3.3112582781456954,96.6887417218543,0,8899,0,813,46.29890441894531,45.67546844482422,47.175018310546875,0.9777937531471252,0.923072338104248,0.9976835250854492,0.36409929394721985,0.8553265333175659,52.440277099609375,1.0,174.35846209526062,174.35846400260925
G19,adam,auto,0,909,909,3.66740083694458,0.5457273721694946,-956.6298828125,-962.3258666992188,-938.4722900390625,785.3433837890625,792.1246948242188,764.6232299804688,869.5866088867188,876.0,848.0,876.0,906.0,30.0,3.3112582781456954,96.6887417218543,0,8899,0,813,45.971832275390625,45.35105895996094,46.84564208984375,0.977982759475708,0.9235177040100098,0.9977066516876221,0.36392974853515625,0.8555973768234253,51.92816162109375,1.0,174.54966711997986,174.5496690273285
G19,adam,auto,0,910,910,3.670767307281494,0.5452276468276978,-956.6068115234375,-962.303955078125,-938.4483032226562,785.6381225585938,792.4175415039062,764.9193115234375,869.5866088867188,876.0,848.0,876.0,906.0,30.0,3.3112582781456954,96.6887417218543,0,8899,0,813,45.64725112915039,45.029273986816406,46.518775939941406,0.978169858455658,0.9239591956138611,0.9977295994758606,0.363760381937027,0.8558651804924011,51.42211151123047,1.0,174.7420470714569,174.74204897880554
G19,adam,auto,0,911,911,3.674140453338623,0.5447279214859009,-956.5823974609375,-962.2808227539062,-938.4229125976562,785.9312744140625,792.7152099609375,765.1925048828125,869.5866088867188,876.0,848.0,876.0,906.0,30.0,3.3112582781456954,96.6887417218543,0,8899,0,813,45.32514953613281,44.7100944519043,46.194427490234375,0.9783552289009094,0.9243969917297363,0.9977522492408752,0.3635893762111664,0.8561323881149292,50.92459487915039,1.0,174.93474102020264,174.93474411964417
G19,adam,auto,0,912,912,3.6775195598602295,0.5442281365394592,-956.5565795898438,-962.2564086914062,-938.396240234375,786.2224731445312,793.0126953125,765.5134887695312,869.5866088867188,876.0,848.0,876.0,906.0,30.0,3.3112582781456954,96.6887417218543,0,8899,0,813,45.00551986694336,44.39350128173828,45.872554779052734,0.9785388708114624,0.924830973148346,0.9977747797966003,0.3634178042411804,0.8563981056213379,50.429542541503906,0.9999999403953552,175.12458300590515,175.12458491325378
G19,adam,auto,0,913,913,3.6809043884277344,0.5437283515930176,-956.5296020507812,-962.2305908203125,-938.3682250976562,786.511474609375,793.2979125976562,765.8070068359375,869.5866088867188,876.0,848.0,876.0,906.0,30.0,3.3112582781456954,96.6887417218543,0,8899,0,813,44.68833923339844,44.0794677734375,45.55315399169922,0.9787206053733826,0.9252611398696899,0.9977970123291016,0.3632461130619049,0.8566609621047974,49.93894958496094,1.0,175.3167130947113,175.31671500205994
G19,adam,auto,0,914,914,3.684296131134033,0.5432286262512207,-956.5014038085938,-962.2036743164062,-938.3388671875,786.798583984375,793.5744018554688,766.0711669921875,869.5866088867188,876.0,848.0,876.0,906.0,30.0,3.3112582781456954,96.6887417218543,0,8899,0,813,44.37359619140625,43.767982482910156,45.2362174987793,0.9789007306098938,0.9256877303123474,0.9978190660476685,0.3630736172199249,0.8569234609603882,49.457759857177734,0.9999999403953552,175.5080382823944,175.50804018974304
G19,adam,auto,0,915,915,3.6876940727233887,0.5427289009094238,-956.4719848632812,-962.1754150390625,-938.3080444335938,787.084228515625,793.8580932617188,766.3834228515625,869.5866088867188,876.0,848.0,876.0,906.0,30.0,3.3112582781456954,96.6887417218543,0,8899,0,813,44.061275482177734,43.459022521972656,44.921722412109375,0.979079008102417,0.9261103868484497,0.9978408813476562,0.3628995716571808,0.8571842312812805,48.97756576538086,1.0,175.6983871459961,175.69838905334473
G19,adam,auto,0,916,916,3.6910979747772217,0.542229175567627,-956.4412231445312,-962.1458740234375,-938.27587890625,787.3673095703125,794.1521606445312,766.6828002929688,869.5866088867188,876.0,848.0,876.0,906.0,30.0,3.3112582781456954,96.6887417218543,0,8899,0,813,43.75136947631836,43.15256118774414,44.609642028808594,0.9792556166648865,0.926529586315155,0.9978623986244202,0.362726628780365,0.857442319393158,48.502838134765625,1.0,175.89029812812805,175.89030122756958
G19,adam,auto,0,917,917,3.6945080757141113,0.5417293906211853,-956.4093017578125,-962.1151123046875,-938.2424926757812,787.6489868164062,794.42578125,766.9224243164062,869.5866088867188,876.0,848.0,876.0,906.0,30.0,3.3112582781456954,96.6887417218543,0,8899,0,813,43.443851470947266,42.84858703613281,44.29997253417969,0.9794304966926575,0.9269450306892395,0.9978838562965393,0.3625516891479492,0.857699990272522,48.03413009643555,0.9999999403953552,176.08125805854797,176.0812599658966
G19,adam,auto,0,918,918,3.697925090789795,0.5412296056747437,-956.3760986328125,-962.0830078125,-938.2076416015625,787.9287719726562,794.7003173828125,767.2550659179688,869.5866088867188,876.0,848.0,876.0,906.0,30.0,3.3112582781456954,96.6887417218543,0,8899,0,813,43.13872146606445,42.54706573486328,43.992671966552734,0.9796038866043091,0.9273567795753479,0.9979050159454346,0.3623763918876648,0.857955813407898,47.56914138793945,0.9999999403953552,176.27254605293274,176.27254796028137
G19,adam,auto,0,919,919,3.701348304748535,0.5407298803329468,-956.341796875,-962.0499267578125,-938.1716918945312,788.206298828125,794.981689453125,767.5198974609375,869.5866088867188,876.0,848.0,876.0,906.0,30.0,3.3112582781456954,96.6887417218543,0,8899,0,813,42.83594512939453,42.247989654541016,43.68773651123047,0.9797753691673279,0.9277650117874146,0.997925877571106,0.36220142245292664,0.8582093715667725,47.10568618774414,1.0,176.4617669582367,176.46176886558533
G19,adam,auto,0,920,920,3.704777479171753,0.5402301549911499,-956.3062744140625,-962.015625,-938.1343383789062,788.4824829101562,795.255615234375,767.7816162109375,869.5866088867188,876.0,848.0,876.0,906.0,30.0,3.3112582781456954,96.6887417218543,0,8899,0,813,42.53551483154297,41.951332092285156,43.38511657714844,0.9799452424049377,0.9281696677207947,0.9979466795921326,0.36202460527420044,0.8584622740745544,46.644134521484375,1.0,176.6544132232666,176.65441513061523
G19,adam,auto,0,921,921,3.7082128524780273,0.539730429649353,-956.2697143554688,-961.9801635742188,-938.095703125,788.756591796875,795.533447265625,768.0991821289062,869.5866088867188,876.0,848.0,876.0,906.0,30.0,3.3112582781456954,96.6887417218543,0,8899,0,813,42.23741149902344,41.65706253051758,43.08479690551758,0.9801135063171387,0.9285706877708435,0.9979671835899353,0.36184799671173096,0.8587132692337036,46.19668197631836,1.0,176.8477861881256,176.84778809547424
G19,adam,auto,0,922,922,3.7116551399230957,0.5392306447029114,-956.2318115234375,-961.9435424804688,-938.0559692382812,789.0288696289062,795.8003540039062,768.3389892578125,869.5866088867188,876.0,848.0,876.0,906.0,30.0,3.3112582781456954,96.6887417218543,0,8899,0,813,41.94162368774414,41.36517333984375,42.786766052246094,0.9802801609039307,0.9289681911468506,0.9979875087738037,0.361670583486557,0.8589627146720886,45.75190353393555,1.0,177.0380380153656,177.03803992271423
G19,adam,auto,0,923,923,3.7151038646698,0.5387308597564697,-956.19287109375,-961.9058227539062,-938.0150146484375,789.2996826171875,796.0709228515625,768.630859375,869.5866088867188,876.0,848.0,876.0,906.0,30.0,3.3112582781456954,96.6887417218543,0,8899,0,813,41.648136138916016,41.07563781738281,42.49095153808594,0.9804452061653137,0.9293622970581055,0.9980077147483826,0.3614920675754547,0.8592111468315125,45.30194091796875,1.0,177.22844123840332,177.22844314575195
G19,adam,auto,0,924,924,3.7185585498809814,0.5382311344146729,-956.1527709960938,-961.8670043945312,-937.972900390625,789.5684814453125,796.335205078125,768.9115600585938,869.5866088867188,876.0,848.0,876.0,906.0,30.0,3.3112582781456954,96.6887417218543,0,8899,0,813,41.35691833496094,40.788429260253906,42.197357177734375,0.9806086421012878,0.929752767086029,0.998027503490448,0.3613135516643524,0.8594576120376587,44.86366653442383,1.0,177.42094111442566,177.4209430217743
G19,adam,auto,0,925,925,3.722019672393799,0.537731409072876,-956.111572265625,-961.8269653320312,-937.9296264648438,789.8355712890625,796.608154296875,769.151123046875,869.5866088867188,876.0,848.0,876.0,906.0,30.0,3.3112582781456954,96.6887417218543,0,8899,0,813,41.067970275878906,40.503543853759766,41.90593719482422,0.980770468711853,0.9301398992538452,0.9980472326278687,0.3611343801021576,0.8597027659416199,44.43147277832031,1.0,177.61007523536682,177.61007714271545
G19,adam,auto,0,926,926,3.72548770904541,0.5372316837310791,-956.0693969726562,-961.785888671875,-937.88525390625,790.1011962890625,796.8661499023438,769.4579467773438,869.5866088867188,876.0,848.0,876.0,906.0,30.0,3.3112582781456954,96.6887417218543,0,8899,0,813,40.78126907348633,40.220947265625,41.616668701171875,0.9809308648109436,0.9305236339569092,0.9980668425559998,0.3609541356563568,0.8599467277526855,44.00087356567383,0.9999999403953552,177.80073404312134,177.80073595046997
G19,adam,auto,0,927,927,3.728961706161499,0.5367318987846375,-956.0260009765625,-961.7437744140625,-937.8399047851562,790.3650512695312,797.1417846679688,769.6959838867188,869.5866088867188,876.0,848.0,876.0,906.0,30.0,3.3112582781456954,96.6887417218543,0,8899,0,813,40.496795654296875,39.94062805175781,41.329505920410156,0.9810894727706909,0.9309038519859314,0.9980862140655518,0.36077332496643066,0.8601891398429871,43.57694625854492,1.0,177.9917871952057,177.99178910255432
G19,adam,auto,0,928,928,3.7324423789978027,0.5362321138381958,-955.9816284179688,-961.700439453125,-937.7933959960938,790.6268920898438,797.3931884765625,769.9632568359375,869.5866088867188,876.0,848.0,876.0,906.0,30.0,3.3112582781456954,96.6887417218543,0,8899,0,813,40.21453857421875,39.66255569458008,41.04441833496094,0.981246829032898,0.9312807321548462,0.9981052875518799,0.36059287190437317,0.8604300022125244,43.15143585205078,1.0,178.18176913261414,178.18177103996277
G19,adam,auto,0,929,929,3.7359297275543213,0.5357323884963989,-955.9362182617188,-961.6561889648438,-937.7457275390625,790.8878173828125,797.652099609375,770.2351684570312,869.5866088867188,876.0,848.0,876.0,906.0,30.0,3.3112582781456954,96.6887417218543,0,8899,0,813,39.93447494506836,39.386722564697266,40.761375427246094,0.9814025163650513,0.9316542148590088,0.9981241822242737,0.36041000485420227,0.8606697916984558,42.72997283935547,1.0000001192092896,178.37379217147827,178.37379503250122
G19,adam,auto,0,930,930,3.7394237518310547,0.535232663154602,-955.8897094726562,-961.6110229492188,-937.6971435546875,791.1463012695312,797.91357421875,770.4877319335938,869.5866088867188,876.0,848.0,876.0,906.0,30.0,3.3112582781456954,96.6887417218543,0,8899,0,813,39.656585693359375,39.113101959228516,40.48033142089844,0.98155677318573,0.9320244789123535,0.9981429576873779,0.3602283000946045,0.8609079718589783,42.31764602661133,1.0,178.56474804878235,178.56474995613098
G19,adam,auto,0,931,931,3.7429237365722656,0.5347328782081604,-955.8421020507812,-961.564697265625,-937.6474609375,791.4036254882812,798.1714477539062,770.7388305664062,869.5866088867188,876.0,848.0,876.0,906.0,30.0,3.3112582781456954,96.6887417218543,0,8899,0,813,39.38086700439453,38.84165573120117,40.20127868652344,0.9817094802856445,0.9323914051055908,0.9981614947319031,0.3600448668003082,0.86114501953125,41.90802001953125,1.0,178.7553780078888,178.75537991523743
G19,adam,auto,0,932,932,3.7464303970336914,0.5342331528663635,-955.7935791015625,-961.517333984375,-937.5967407226562,791.6593017578125,798.4266967773438,771.0052490234375,869.5866088867188,876.0,848.0,876.0,906.0,30.0,3.3112582781456954,96.6887417218543,0,8899,0,813,39.10729217529297,38.569644927978516,39.924163818359375,0.9818607568740845,0.9327549934387207,0.9981799125671387,0.35986125469207764,0.8613806366920471,41.50226593017578,1.0,178.94885301589966,178.9488561153412
G19,adam,auto,0,933,933,3.749943971633911,0.5337333679199219,-955.7440185546875,-961.4688720703125,-937.5450439453125,791.913330078125,798.681396484375,771.2515869140625,869.5867919921875,876.0,849.0,876.0,906.0,30.0,3.3112582781456954,96.6887417218543,0,8899,0,813,38.83584976196289,38.299766540527344,39.64896774291992,0.982010543346405,0.9331153631210327,0.9981980919837952,0.3596769869327545,0.8616151213645935,41.09877014160156,0.9999998807907104,179.13991808891296,179.1399211883545
G19,adam,auto,0,934,934,3.7534642219543457,0.533233642578125,-955.6934814453125,-961.41943359375,-937.4923095703125,792.1657104492188,798.9371337890625,771.5123291015625,869.5869140625,876.0,849.0,876.0,906.0,30.0,3.3112582781456954,96.6887417218543,0,8899,0,813,38.5665168762207,38.031986236572266,39.37566375732422,0.9821589589118958,0.9334725141525269,0.9982160925865173,0.35949230194091797,0.8618477582931519,40.69969177246094,1.0,179.33136534690857,179.3313672542572
G19,adam,auto,0,935,935,3.756990671157837,0.5327339172363281,-955.6420288085938,-961.3690795898438,-937.4383544921875,792.4166870117188,799.1771240234375,771.7459716796875,869.5869140625,876.0,849.0,876.0,906.0,30.0,3.3112582781456954,96.6887417218543,0,8899,0,813,38.299285888671875,37.76630401611328,39.104217529296875,0.9823058843612671,0.9338265657424927,0.9982339143753052,0.3593067526817322,0.8620797991752625,40.309268951416016,1.0,179.52273631095886,179.5227382183075
G19,adam,auto,0,936,936,3.760523796081543,0.5322341322898865,-955.5894775390625,-961.3177490234375,-937.383544921875,792.666015625,799.4223022460938,772.013916015625,869.5869140625,876.0,849.0,876.0,906.0,30.0,3.3112582781456954,96.6887417218543,0,8899,0,813,38.03413772583008,37.50269317626953,38.834617614746094,0.9824514389038086,0.9341773390769958,0.9982514977455139,0.3591209053993225,0.8623100519180298,39.918418884277344,1.0,179.71377897262573,179.71378087997437
G19,adam,auto,0,937,937,3.764064073562622,0.5317344069480896,-955.5360107421875,-961.2655029296875,-937.3280029296875,792.9137573242188,799.6788330078125,772.253173828125,869.5869140625,876.0,849.0,876.0,906.0,30.0,3.3112582781456954,96.6887417218543,0,8899,0,813,37.77104949951172,37.24114990234375,38.56681823730469,0.9825955033302307,0.9345249533653259,0.9982689619064331,0.3589344322681427,0.8625392317771912,39.53262710571289,0.9999999403953552,179.91169810295105,179.91170001029968
G19,adam,auto,0,938,938,3.767610788345337,0.531234622001648,-955.481689453125,-961.2122192382812,-937.2713012695312,793.1600952148438,799.9315185546875,772.494873046875,869.5869140625,876.0,849.0,876.0,906.0,30.0,3.3112582781456954,96.6887417218543,0,8899,0,813,37.5100212097168,36.98164367675781,38.30084228515625,0.9827382564544678,0.9348694682121277,0.9982863068580627,0.35874736309051514,0.862767219543457,39.15475845336914,1.0,180.10253715515137,180.1025390625
G19,adam,auto,0,939,939,3.7711634635925293,0.5307348966598511,-955.4263916015625,-961.1580810546875,-937.21337890625,793.4048461914062,800.162353515625,772.748779296875,869.5869140625,876.0,849.0,876.0,906.0,30.0,3.3112582781456954,96.6887417218543,0,8899,0,813,37.251033782958984,36.72417068481445,38.036643981933594,0.9828797578811646,0.9352108836174011,0.9983034133911133,0.35855981707572937,0.862993597984314,38.77931594848633,1.0,180.29329633712769,180.29329824447632
G19,adam,auto,0,940,940,3.774723768234253,0.5302351713180542,-955.3701782226562,-961.1029663085938,-937.1548461914062,793.6480712890625,800.4058837890625,772.9845581054688,869.5869140625,876.0,849.0,876.0,906.0,30.0,3.3112582781456954,96.6887417218543,0,8899,0,813,36.99407196044922,36.468719482421875,37.77422332763672,0.9830197095870972,0.9355491399765015,0.9983202815055847,0.3583718240261078,0.8632192611694336,38.40652847290039,1.0,180.48843026161194,180.4884331226349
G19,adam,auto,0,941,941,3.7782905101776123,0.5297353863716125,-955.3131103515625,-961.0470581054688,-937.0953369140625,793.889892578125,800.6542358398438,773.2337646484375,869.5869140625,876.0,849.0,876.0,906.0,30.0,3.3112582781456954,96.6887417218543,0,8899,0,813,36.739112854003906,36.215274810791016,37.51356506347656,0.9831584095954895,0.9358845353126526,0.9983370304107666,0.3581830561161041,0.8634431958198547,38.03641891479492,1.0,180.67867398262024,180.6786768436432
G19,adam,auto,0,942,942,3.7818639278411865,0.5292356014251709,-955.255126953125,-960.989990234375,-937.0348510742188,794.1301879882812,800.8895263671875,773.4705810546875,869.5869140625,876.0,849.0,876.0,906.0,30.0,3.3112582781456954,96.6887417218543,0,8899,0,813,36.48616027832031,35.96381759643555,37.25467300415039,0.983295738697052,0.9362166523933411,0.9983537197113037,0.3579939901828766,0.8636662364006042,37.674110412597656,1.0,180.87120628356934,180.87120819091797
G19,adam,auto,0,943,943,3.7854437828063965,0.528735876083374,-955.1962280273438,-960.9321899414062,-936.9735107421875,794.3690795898438,801.1259765625,773.7080078125,869.5869140625,876.0,849.0,876.0,906.0,30.0,3.3112582781456954,96.6887417218543,0,8899,0,813,36.23518371582031,35.714332580566406,36.99751663208008,0.9834318161010742,0.9365459084510803,0.9983701109886169,0.3578042984008789,0.8638880252838135,37.315494537353516,1.0,181.06191205978394,181.06191396713257
G19,adam,auto,0,944,944,3.7890310287475586,0.5282361507415771,-955.1364135742188,-960.8734741210938,-936.9113159179688,794.6065063476562,801.3627319335938,773.9548950195312,869.5869140625,876.0,849.0,876.0,906.0,30.0,3.3112582781456954,96.6887417218543,0,8899,0,813,35.98617935180664,35.466819763183594,36.74211883544922,0.9835665225982666,0.9368720650672913,0.9983863830566406,0.3576141595840454,0.8641085028648376,36.95936965942383,1.0,181.25170612335205,181.25170803070068
G19,adam,auto,0,945,945,3.7926251888275146,0.5277364253997803,-955.0758056640625,-960.81396484375,-936.8482055664062,794.842529296875,801.595703125,774.185302734375,869.5869140625,876.0,849.0,876.0,906.0,30.0,3.3112582781456954,96.6887417218543,0,8899,0,813,35.739131927490234,35.22124481201172,36.48847198486328,0.9836999177932739,0.9371952414512634,0.9984024167060852,0.3574233651161194,0.8643278479576111,36.60536575317383,1.0000001192092896,181.4414050579071,181.44140791893005
G19,adam,auto,0,946,946,3.7962255477905273,0.5272366404533386,-955.0142822265625,-960.7536010742188,-936.7843627929688,795.0770874023438,801.828857421875,774.4208984375,869.5869140625,876.0,849.0,876.0,906.0,30.0,3.3112582781456954,96.6887417218543,0,8899,0,813,35.49402618408203,34.97760772705078,36.23658752441406,0.983832061290741,0.9375155568122864,0.9984183311462402,0.3572322130203247,0.8645461201667786,36.2566032409668,1.0,181.63393425941467,181.63393712043762
G19,adam,auto,0,947,947,3.799832820892334,0.526736855506897,-954.951904296875,-960.6923828125,-936.719482421875,795.3104248046875,802.0587158203125,774.668701171875,869.5869140625,876.0,849.0,876.0,906.0,30.0,3.3112582781456954,96.6887417218543,0,8899,0,813,35.250850677490234,34.73588562011719,35.98645782470703,0.983962893486023,0.9378329515457153,0.9984341263771057,0.35704031586647034,0.8647632598876953,35.915714263916016,0.9999999403953552,181.82449412345886,181.8244972229004
G19,adam,auto,0,948,948,3.8034474849700928,0.5262371301651001,-954.8887939453125,-960.63037109375,-936.6537475585938,795.5421752929688,802.2900390625,774.8763427734375,869.5869140625,876.0,849.0,876.0,906.0,30.0,3.3112582781456954,96.6887417218543,0,8899,0,813,35.00959396362305,34.496070861816406,35.73807907104492,0.9840924739837646,0.9381473660469055,0.9984498023986816,0.35684794187545776,0.8649789690971375,35.574710845947266,0.9999999403953552,182.01599431037903,182.01599621772766
G19,adam,auto,0,949,949,3.8070688247680664,0.5257374048233032,-954.8248291015625,-960.5675659179688,-936.5872802734375,795.7725219726562,802.5328369140625,775.134521484375,869.5869140625,876.0,849.0,876.0,906.0,30.0,3.3112582781456954,96.6887417218543,0,8899,0,813,34.770233154296875,34.258148193359375,35.491477966308594,0.9842208623886108,0.9384588599205017,0.9984652996063232,0.3566555082798004,0.8651941418647766,35.234710693359375,0.9999999403953552,182.20692920684814,182.20693111419678
G19,adam,auto,0,950,950,3.810696840286255,0.5252376794815063,-954.760009765625,-960.5037841796875,-936.5199584960938,796.0017700195312,802.7516479492188,775.36181640625,869.5869140625,876.0,849.0,876.0,906.0,30.0,3.3112582781456954,96.6887417218543,0,8899,0,813,34.53276824951172,34.022117614746094,35.24665832519531,0.9843480587005615,0.9387675523757935,0.998480498790741,0.35646167397499084,0.8654073476791382,34.90381622314453,1.0,182.39959931373596,182.3996012210846
G19,adam,auto,0,951,951,3.8143317699432373,0.5247378945350647,-954.6943969726562,-960.4391479492188,-936.4517211914062,796.2296142578125,802.9761352539062,775.56396484375,869.5869140625,876.0,849.0,876.0,906.0,30.0,3.3112582781456954,96.6887417218543,0,8899,0,813,34.297183990478516,33.78795623779297,35.003631591796875,0.9844739437103271,0.939073383808136,0.9984956979751587,0.35626786947250366,0.8656203746795654,34.577999114990234,1.0,182.59377312660217,182.5937750339508
G19,adam,auto,0,952,952,3.8179738521575928,0.524238109588623,-954.6279907226562,-960.3737182617188,-936.3828125,796.4558715820312,803.2061767578125,775.8267211914062,869.5869140625,876.0,849.0,876.0,906.0,30.0,3.3112582781456954,96.6887417218543,0,8899,0,813,34.06346893310547,33.555667877197266,34.76618576049805,0.9845986366271973,0.9393762946128845,0.9985106587409973,0.356073796749115,0.8658315539360046,34.256492614746094,0.9999999403953552,182.78964924812317,182.78965187072754
G19,adam,auto,0,953,953,3.821622610092163,0.5237383842468262,-954.5609130859375,-960.3077392578125,-936.3131713867188,796.6810913085938,803.4266967773438,776.044189453125,869.5869140625,876.0,849.0,876.0,906.0,30.0,3.3112582781456954,96.6887417218543,0,8899,0,813,33.83161163330078,33.325225830078125,34.531898498535156,0.9847221374511719,0.9396764039993286,0.9985254406929016,0.35587865114212036,0.8660420775413513,33.93778991699219,1.0,182.9813392162323,182.98134112358093
G19,adam,auto,0,954,954,3.8252785205841064,0.5232386589050293,-954.492919921875,-960.240966796875,-936.24267578125,796.9049682617188,803.6448974609375,776.2421875,869.5869140625,876.0,849.0,876.0,906.0,30.0,3.3112582781456954,96.6887417218543,0,8899,0,813,33.60160446166992,33.09662628173828,34.29948425292969,0.9848443865776062,0.939973771572113,0.9985401630401611,0.35568317770957947,0.8662513494491577,33.620086669921875,1.0,183.17264699935913,183.17264890670776
G19,adam,auto,0,955,955,3.828941583633423,0.5227389335632324,-954.4241943359375,-960.173095703125,-936.1713256835938,797.127197265625,803.867919921875,776.5076904296875,869.5869140625,876.0,849.0,876.0,906.0,30.0,3.3112582781456954,96.6887417218543,0,8899,0,813,33.3734245300293,32.869850158691406,34.06895446777344,0.984965443611145,0.940268337726593,0.9985546469688416,0.35548779368400574,0.8664594888687134,33.30553436279297,1.0,183.3649559020996,183.36495780944824
G19,adam,auto,0,956,956,3.8326117992401123,0.5222391486167908,-954.3546752929688,-960.1046142578125,-936.0993041992188,797.3486938476562,804.0936279296875,776.6942138671875,869.5869140625,876.0,849.0,876.0,906.0,30.0,3.3112582781456954,96.6887417218543,0,8899,0,813,33.14706802368164,32.6448974609375,33.84026336669922,0.9850853681564331,0.9405601620674133,0.9985690116882324,0.3552909791469574,0.8666669726371765,32.9934196472168,0.9999999403953552,183.55643916130066,183.5564410686493
G19,adam,auto,0,957,957,3.8362886905670166,0.5217393636703491,-954.284423828125,-960.0355834960938,-936.0264282226562,797.568603515625,804.3098754882812,776.9343872070312,869.5869140625,876.0,849.0,876.0,906.0,30.0,3.3112582781456954,96.6887417218543,0,8899,0,813,32.922523498535156,32.42172622680664,33.613433837890625,0.9852041006088257,0.940849244594574,0.9985833168029785,0.3550941050052643,0.8668728470802307,32.68695068359375,1.0,183.74833512306213,183.74833703041077
G19,adam,auto,0,958,958,3.839972496032715,0.5212396383285522,-954.2135009765625,-959.9656372070312,-935.952880859375,797.7870483398438,804.529541015625,777.1484375,869.5869140625,876.0,849.0,876.0,906.0,30.0,3.3112582781456954,96.6887417218543,0,8899,0,813,32.699771881103516,32.20037078857422,33.388427734375,0.9853217005729675,0.941135585308075,0.9985973238945007,0.35489732027053833,0.8670780658721924,32.388275146484375,1.0,183.94064021110535,183.94064211845398
G19,adam,auto,0,959,959,3.8436639308929443,0.5207399129867554,-954.1417846679688,-959.8951416015625,-935.8785400390625,798.0045776367188,804.7442626953125,777.3541259765625,869.5869140625,876.0,849.0,876.0,906.0,30.0,3.3112582781456954,96.6887417218543,0,8899,0,813,32.47881317138672,31.98077964782715,33.165245056152344,0.9854381084442139,0.9414191842079163,0.9986112117767334,0.3546989858150482,0.8672820329666138,32.092803955078125,1.0,184.13124418258667,184.1312460899353
G19,adam,auto,0,960,960,3.8473622798919678,0.5202401876449585,-954.0693969726562,-959.82373046875,-935.8035278320312,798.220703125,804.9542236328125,777.5953979492188,869.5869140625,876.0,849.0,876.0,906.0,30.0,3.3112582781456954,96.6887417218543,0,8899,0,813,32.25963592529297,31.762975692749023,32.943878173828125,0.985553503036499,0.9417002201080322,0.9986250400543213,0.35450100898742676,0.867484986782074,31.79894256591797,1.0,184.32245206832886,184.3224539756775
G19,adam,auto,0,961,961,3.851067543029785,0.5197404026985168,-953.9962158203125,-959.7515869140625,-935.7279663085938,798.4357299804688,805.174560546875,777.7893676757812,869.5869140625,876.0,849.0,876.0,906.0,30.0,3.3112582781456954,96.6887417218543,0,8899,0,813,32.0422248840332,31.546924591064453,32.72431182861328,0.9856677055358887,0.941978394985199,0.9986386895179749,0.3543020486831665,0.8676872253417969,31.508573532104492,1.0,184.51226019859314,184.51226210594177
G19,adam,auto,0,962,962,3.8547797203063965,0.5192406177520752,-953.9224243164062,-959.6788330078125,-935.6513671875,798.6492919921875,805.3848876953125,778.0074462890625,869.5869140625,876.0,849.0,876.0,906.0,30.0,3.3112582781456954,96.6887417218543,0,8899,0,813,31.826568603515625,31.332622528076172,32.50653076171875,0.9857807755470276,0.9422540664672852,0.9986522793769836,0.3541029393672943,0.8678879141807556,31.217256546020508,0.9999999403953552,184.70509433746338,184.705096244812
G19,adam,auto,0,963,963,3.858499765396118,0.5187408924102783,-953.847900390625,-959.6054077148438,-935.57421875,798.8616943359375,805.5989990234375,778.2283325195312,869.5869140625,876.0,849.0,876.0,906.0,30.0,3.3112582781456954,96.6887417218543,0,8899,0,813,31.612655639648438,31.120058059692383,32.29051971435547,0.9858927726745605,0.9425269961357117,0.9986655712127686,0.3539034426212311,0.8680881857872009,30.930814743041992,0.9999998807907104,184.895681142807,184.89568305015564
G19,adam,auto,0,964,964,3.862226724624634,0.5182411670684814,-953.772705078125,-959.5313110351562,-935.4962158203125,799.0731811523438,805.8087158203125,778.4359130859375,869.5869140625,876.0,849.0,876.0,906.0,30.0,3.3112582781456954,96.6887417218543,0,8899,0,813,31.400474548339844,30.909225463867188,32.07627868652344,0.9860036373138428,0.9427973031997681,0.9986787438392639,0.3537028133869171,0.868287205696106,30.651119232177734,1.0,185.0875222682953,185.08752417564392
G19,adam,auto,0,965,965,3.8659603595733643,0.5177414417266846,-953.69677734375,-959.4564819335938,-935.4177856445312,799.2830200195312,806.0186157226562,778.636962890625,869.5869140625,876.0,849.0,876.0,906.0,30.0,3.3112582781456954,96.6887417218543,0,8899,0,813,31.190011978149414,30.700103759765625,31.863780975341797,0.986113429069519,0.9430650472640991,0.9986918568611145,0.35350292921066284,0.8684850931167603,30.371782302856445,1.0,185.27640914916992,185.27641105651855
G19,adam,auto,0,966,966,3.869701862335205,0.5172416567802429,-953.6201782226562,-959.3809814453125,-935.3385620117188,799.4921264648438,806.228271484375,778.8621215820312,869.5869140625,876.0,849.0,876.0,906.0,30.0,3.3112582781456954,96.6887417218543,0,8899,0,813,30.981266021728516,30.492679595947266,31.65301513671875,0.9862222075462341,0.9433302879333496,0.9987047910690308,0.35330137610435486,0.8686821460723877,30.09589958190918,1.0,185.46958208084106,185.4695839881897
G19,adam,auto,0,967,967,3.873450517654419,0.5167418718338013,-953.5430297851562,-959.3046875,-935.2586059570312,799.6998901367188,806.4307861328125,779.0592041015625,869.5869140625,876.0,849.0,876.0,906.0,30.0,3.3112582781456954,96.6887417218543,0,8899,0,813,30.774211883544922,30.286956787109375,31.44399642944336,0.9863298535346985,0.9435927867889404,0.9987176656723022,0.35309961438179016,0.8688787221908569,29.825639724731445,0.9999998211860657,185.65851020812988,185.65851211547852
G19,adam,auto,0,968,968,3.8772060871124268,0.5162421464920044,-953.465087890625,-959.2279663085938,-935.177978515625,799.9061889648438,806.636474609375,779.269287109375,869.5869140625,876.0,849.0,876.0,906.0,30.0,3.3112582781456954,96.6887417218543,0,8899,0,813,30.5688533782959,30.082916259765625,31.236679077148438,0.9864364266395569,0.9438529014587402,0.9987303614616394,0.3528982996940613,0.8690732717514038,29.557262420654297,0.9999999403953552,185.84982824325562,185.84983015060425
G19,adam,auto,0,969,969,3.8809690475463867,0.5157424211502075,-953.386474609375,-959.1504516601562,-935.0968627929688,800.11181640625,806.8424072265625,779.473876953125,869.5869140625,876.0,849.0,876.0,906.0,30.0,3.3112582781456954,96.6887417218543,0,8899,0,813,30.365161895751953,29.880535125732422,31.03106689453125,0.9865419864654541,0.9441103935241699,0.9987428784370422,0.35269543528556824,0.8692680597305298,29.286283493041992,1.0,186.04031324386597,186.04031610488892
G19,adam,auto,0,970,970,3.884739875793457,0.5152426362037659,-953.307373046875,-959.0723266601562,-935.014892578125,800.3161010742188,807.0524291992188,779.6868896484375,869.5869140625,876.0,849.0,876.0,906.0,30.0,3.3112582781456954,96.6887417218543,0,8899,0,813,30.163137435913086,29.679813385009766,30.827144622802734,0.9866465330123901,0.944365382194519,0.9987553358078003,0.3524925112724304,0.8694609999656677,29.026777267456055,0.9999999403953552,186.23216319084167,186.23216605186462
G19,adam,auto,0,971,971,3.8885178565979004,0.514742910861969,-953.2274780273438,-958.9935302734375,-934.9324951171875,800.5192260742188,807.25244140625,779.8704223632812,869.5869140625,876.0,849.0,876.0,906.0,30.0,3.3112582781456954,96.6887417218543,0,8899,0,813,29.9627742767334,29.480751037597656,30.62490463256836,0.9867500066757202,0.9446178674697876,0.998767614364624,0.3522894084453583,0.8696536421775818,28.776723861694336,0.9999999403953552,186.42255115509033,186.42255306243896
G19,adam,auto,0,972,972,3.8923027515411377,0.5142431259155273,-953.1470947265625,-958.9140014648438,-934.849365234375,800.7212524414062,807.44970703125,780.09765625,869.5869140625,876.0,849.0,876.0,906.0,30.0,3.3112582781456954,96.6887417218543,0,8899,0,813,29.76405906677246,29.283327102661133,30.424341201782227,0.9868525862693787,0.9448679089546204,0.9987797141075134,0.35208550095558167,0.8698449730873108,28.51500701904297,0.9999999403953552,186.61420226097107,186.61420512199402
G19,adam,auto,0,973,973,3.896095037460327,0.5137434005737305,-953.0659790039062,-958.8341064453125,-934.7656860351562,800.9221801757812,807.6488037109375,780.2842407226562,869.5869140625,876.0,849.0,876.0,906.0,30.0,3.3112582781456954,96.6887417218543,0,8899,0,813,29.566974639892578,29.087528228759766,30.225431442260742,0.9869539737701416,0.9451153874397278,0.9987918734550476,0.35188135504722595,0.8700353503227234,28.25615882873535,1.0,186.8050181865692,186.80502009391785
G19,adam,auto,0,974,974,3.899894952774048,0.5132436752319336,-952.984375,-958.7534790039062,-934.6813354492188,801.1220703125,807.8489990234375,780.47998046875,869.5869140625,876.0,849.0,876.0,906.0,30.0,3.3112582781456954,96.6887417218543,0,8899,0,813,29.371505737304688,28.89334487915039,30.028175354003906,0.9870545268058777,0.9453604817390442,0.9988037347793579,0.3516765534877777,0.8702253699302673,28.010643005371094,0.9999998807907104,187.00047898292542,187.00048089027405
G19,adam,auto,0,975,975,3.903702735900879,0.5127438902854919,-952.902099609375,-958.672119140625,-934.596435546875,801.32080078125,808.0515747070312,780.695068359375,869.5869140625,876.0,849.0,876.0,906.0,30.0,3.3112582781456954,96.6887417218543,0,8899,0,813,29.177656173706055,28.700759887695312,29.832544326782227,0.9871540069580078,0.9456031322479248,0.9988155364990234,0.3514716625213623,0.8704138398170471,27.763395309448242,0.9999998807907104,187.18752813339233,187.18753004074097
G19,adam,auto,0,976,976,3.907517194747925,0.5122441053390503,-952.8192138671875,-958.5901489257812,-934.5109252929688,801.5184936523438,808.2445068359375,780.888427734375,869.5869140625,876.0,849.0,876.0,906.0,30.0,3.3112582781456954,96.6887417218543,0,8899,0,813,28.98539924621582,28.509780883789062,29.63854217529297,0.9872524738311768,0.9458434581756592,0.9988271594047546,0.35126587748527527,0.8706019520759583,27.511796951293945,0.9999999403953552,187.3781020641327,187.37810397148132
G19,adam,auto,0,977,977,3.911339044570923,0.5117443799972534,-952.7357788085938,-958.5077514648438,-934.4247436523438,801.7149047851562,808.44140625,781.0631103515625,869.5869140625,876.0,849.0,876.0,906.0,30.0,3.3112582781456954,96.6887417218543,0,8899,0,813,28.79473114013672,28.32036781311035,29.446142196655273,0.9873499870300293,0.9460813403129578,0.9988387227058411,0.3510603606700897,0.8707888722419739,27.263154983520508,1.0,187.56880116462708,187.5688030719757
G19,adam,auto,0,978,978,3.9151690006256104,0.5112446546554565,-952.6517944335938,-958.4248657226562,-934.3381958007812,801.9108276367188,808.6350708007812,781.30126953125,869.5869140625,876.0,849.0,876.0,906.0,30.0,3.3112582781456954,96.6887417218543,0,8899,0,813,28.60562515258789,28.132518768310547,29.255329132080078,0.9874465465545654,0.9463167786598206,0.9988501071929932,0.3508533835411072,0.870975136756897,27.0208797454834,1.0,187.7586522102356,187.75865411758423
G19,adam,auto,0,979,979,3.919006109237671,0.5107449293136597,-952.5671997070312,-958.34130859375,-934.2508544921875,802.1049194335938,808.8380126953125,781.460693359375,869.5869140625,876.0,849.0,876.0,906.0,30.0,3.3112582781456954,96.6887417218543,0,8899,0,813,28.418087005615234,27.946226119995117,29.06610679626465,0.9875422716140747,0.9465498924255371,0.9988614320755005,0.3506472110748291,0.8711602687835693,26.78911590576172,0.9999999403953552,187.95055222511292,187.95055413246155
G19,adam,auto,0,980,980,3.9228506088256836,0.510245144367218,-952.4819946289062,-958.2572021484375,-934.1629638671875,802.2985229492188,809.0172119140625,781.6605224609375,869.5869140625,876.0,849.0,876.0,906.0,30.0,3.3112582781456954,96.6887417218543,0,8899,0,813,28.23210334777832,27.761486053466797,28.878467559814453,0.9876368641853333,0.9467807412147522,0.9988725781440735,0.3504398465156555,0.8713448643684387,26.556974411010742,1.0,188.14160323143005,188.141606092453
G19,adam,auto,0,981,981,3.9267032146453857,0.5097453594207764,-952.3964233398438,-958.1724853515625,-934.07470703125,802.4911499023438,809.21435546875,781.8785400390625,869.5869140625,876.0,849.0,876.0,906.0,30.0,3.3112582781456954,96.6887417218543,0,8899,0,813,28.047657012939453,27.578277587890625,28.692380905151367,0.9877306222915649,0.9470091462135315,0.9988835453987122,0.35023167729377747,0.8715284466743469,26.323787689208984,0.9999998807907104,188.3338303565979,188.33383226394653
G19,adam,auto,0,982,982,3.93056321144104,0.5092456340789795,-952.3101806640625,-958.0872192382812,-933.9857788085938,802.68212890625,809.4107666015625,782.0343017578125,869.5869140625,876.0,849.0,876.0,906.0,30.0,3.3112582781456954,96.6887417218543,0,8899,0,813,27.864744186401367,27.396596908569336,28.507843017578125,0.9878234267234802,0.9472353458404541,0.9988945126533508,0.3500245213508606,0.8717111349105835,26.091594696044922,0.9999999403953552,188.52542805671692,188.52542996406555
G19,adam,auto,0,983,983,3.9344303607940674,0.5087459087371826,-952.2233276367188,-958.0016479492188,-933.8961791992188,802.8726806640625,809.5921630859375,782.2467041015625,869.5869140625,876.0,849.0,876.0,906.0,30.0,3.3112582781456954,96.6887417218543,0,8899,0,813,27.683347702026367,27.216419219970703,28.32485580444336,0.9879153966903687,0.9474592208862305,0.9989053010940552,0.34981563687324524,0.871893048286438,25.861244201660156,1.0,188.7149510383606,188.71495294570923
G19,adam,auto,0,984,984,3.938305377960205,0.5082461833953857,-952.135986328125,-957.915283203125,-933.80615234375,803.0623168945312,809.784912109375,782.44287109375,869.5869140625,876.0,849.0,876.0,906.0,30.0,3.3112582781456954,96.6887417218543,0,8899,0,813,27.503456115722656,27.037744522094727,28.14337921142578,0.9880063533782959,0.9476808309555054,0.9989160299301147,0.349606454372406,0.8720744848251343,25.64035987854004,0.9999999403953552,188.90681505203247,188.9068169593811
G19,adam,auto,0,985,985,3.942188262939453,0.5077463984489441,-952.048095703125,-957.8284912109375,-933.7156982421875,803.2504272460938,809.9703979492188,782.6002807617188,869.5869140625,876.0,849.0,876.0,906.0,30.0,3.3112582781456954,96.6887417218543,0,8899,0,813,27.325061798095703,26.860565185546875,27.96343231201172,0.9880964159965515,0.947900116443634,0.9989266991615295,0.3493979573249817,0.872254490852356,25.418210983276367,0.9999998211860657,189.09763097763062,189.09763288497925
G19,adam,auto,0,986,986,3.9460787773132324,0.5072466135025024,-951.9597778320312,-957.7409057617188,-933.6245727539062,803.43798828125,810.14892578125,782.8271484375,869.5869140625,876.0,849.0,876.0,906.0,30.0,3.3112582781456954,96.6887417218543,0,8899,0,813,27.148157119750977,26.684860229492188,27.78498077392578,0.9881856441497803,0.9481172561645508,0.99893718957901,0.3491877317428589,0.8724342584609985,25.194461822509766,0.9999998807907104,189.2886562347412,189.28865814208984
G19,adam,auto,0,987,987,3.949976682662964,0.5067468881607056,-951.8707885742188,-957.653076171875,-933.532958984375,803.62451171875,810.3414306640625,782.9877319335938,869.5869140625,876.0,849.0,876.0,906.0,30.0,3.3112582781456954,96.6887417218543,0,8899,0,813,26.972721099853516,26.510631561279297,27.608020782470703,0.9882739782333374,0.9483321905136108,0.9989475607872009,0.34897762537002563,0.8726130127906799,24.980745315551758,1.0,189.48004412651062,189.48004603385925
G19,adam,auto,0,988,988,3.9538822174072266,0.5062471628189087,-951.781494140625,-957.564697265625,-933.4407348632812,803.8097534179688,810.5244140625,783.1743774414062,869.5869140625,876.0,849.0,876.0,906.0,30.0,3.3112582781456954,96.6887417218543,0,8899,0,813,26.798755645751953,26.337852478027344,27.432552337646484,0.9883613586425781,0.9485448598861694,0.9989577531814575,0.3487676978111267,0.8727908730506897,24.770448684692383,1.0,189.6726269721985,189.67262887954712
G19,adam,auto,0,989,989,3.957796096801758,0.5057474374771118,-951.6915893554688,-957.4757080078125,-933.3484497070312,803.9944458007812,810.7071533203125,783.37841796875,869.5869140625,876.0,849.0,876.0,906.0,30.0,3.3112582781456954,96.6887417218543,0,8899,0,813,26.626243591308594,26.16653060913086,27.258554458618164,0.9884480237960815,0.9487553238868713,0.9989678859710693,0.34855642914772034,0.8729680180549622,24.55756378173828,0.9999998807907104,189.86291217803955,189.8629150390625
G19,adam,auto,0,990,990,3.9617176055908203,0.5052476525306702,-951.6011962890625,-957.3864135742188,-933.2554931640625,804.1781005859375,810.896240234375,783.5418701171875,869.5869140625,876.0,849.0,876.0,906.0,30.0,3.3112582781456954,96.6887417218543,0,8899,0,813,26.455177307128906,25.99664306640625,27.08601951599121,0.988533616065979,0.9489635229110718,0.9989780187606812,0.3483450412750244,0.8731447458267212,24.347259521484375,0.9999998211860657,190.05445408821106,190.0544559955597
G19,adam,auto,0,991,991,3.965646266937256,0.5047478675842285,-951.5103759765625,-957.29638671875,-933.1618041992188,804.360595703125,811.0742797851562,783.7315673828125,869.5869140625,876.0,849.0,876.0,906.0,30.0,3.3112582781456954,96.6887417218543,0,8899,0,813,26.28554344177246,25.828182220458984,26.914939880371094,0.9886184930801392,0.9491696953773499,0.9989878535270691,0.34813374280929565,0.8733201026916504,24.138355255126953,0.9999999403953552,190.2466549873352,190.24665689468384
G19,adam,auto,0,992,992,3.969583034515381,0.5042481422424316,-951.4190063476562,-957.2059326171875,-933.0678100585938,804.5422973632812,811.2542724609375,783.9189453125,869.5869140625,876.0,849.0,876.0,906.0,30.0,3.3112582781456954,96.6887417218543,0,8899,0,813,26.117338180541992,25.661144256591797,26.745304107666016,0.9887025356292725,0.9493736624717712,0.9989977478981018,0.347921758890152,0.8734949231147766,23.937782287597656,1.0,190.43977808952332,190.43978118896484
G19,adam,auto,0,993,993,3.9735279083251953,0.5037484169006348,-951.3272094726562,-957.1151123046875,-932.9735717773438,804.7233276367188,811.432373046875,784.0917358398438,869.5869140625,876.0,849.0,876.0,906.0,30.0,3.3112582781456954,96.6887417218543,0,8899,0,813,25.950544357299805,25.49551010131836,26.577098846435547,0.9887857437133789,0.9495754837989807,0.999007523059845,0.3477087914943695,0.8736696243286133,23.736886978149414,0.9999998807907104,190.6339840888977,190.63398599624634
G19,adam,auto,0,994,994,3.977480173110962,0.5032486915588379,-951.2349243164062,-957.0237426757812,-932.8784790039062,804.9028930664062,811.6140747070312,784.2803955078125,869.5869140625,876.0,849.0,876.0,906.0,30.0,3.3112582781456954,96.6887417218543,0,8899,0,813,25.785154342651367,25.331275939941406,26.41031265258789,0.9888681173324585,0.9497752785682678,0.9990171194076538,0.34749674797058105,0.8738422393798828,23.535263061523438,0.9999998807907104,190.82417631149292,190.82417821884155
G19,adam,auto,0,995,995,3.981440305709839,0.5027489066123962,-951.14208984375,-956.9319458007812,-932.783203125,805.0819702148438,811.7946166992188,784.4473266601562,869.5869140625,876.0,849.0,876.0,906.0,30.0,3.3112582781456954,96.6887417218543,0,8899,0,813,25.621158599853516,25.168434143066406,26.244935989379883,0.9889495968818665,0.9499729871749878,0.9990266561508179,0.34728318452835083,0.8740155100822449,23.33598518371582,0.9999998807907104,191.01528811454773,191.01529002189636
G19,adam,auto,0,996,996,3.9854087829589844,0.5022491216659546,-951.0490112304688,-956.8397216796875,-932.6873779296875,805.26025390625,811.9721069335938,784.6387329101562,869.5869140625,876.0,849.0,876.0,906.0,30.0,3.3112582781456954,96.6887417218543,0,8899,0,813,25.458538055419922,25.0069522857666,26.080947875976562,0.9890303611755371,0.9501684904098511,0.9990360736846924,0.3470692038536072,0.8741872310638428,23.134136199951172,0.9999998807907104,191.2069730758667,191.20697498321533
G19,adam,auto,0,997,997,3.9893851280212402,0.5017493963241577,-950.9552001953125,-956.7472534179688,-932.5910034179688,805.43701171875,812.1567993164062,784.81298828125,869.5869140625,876.0,849.0,876.0,906.0,30.0,3.3112582781456954,96.6887417218543,0,8899,0,813,25.29728889465332,24.846839904785156,25.91834831237793,0.9891102313995361,0.9503620266914368,0.9990453124046326,0.3468564450740814,0.8743582367897034,22.941017150878906,1.0,191.39759421348572,191.39759612083435
G19,adam,auto,0,998,998,3.9933691024780273,0.5012496709823608,-950.8612060546875,-956.6541748046875,-932.4943237304688,805.6138305664062,812.3153686523438,784.9798583984375,869.5869140625,876.0,849.0,876.0,906.0,30.0,3.3112582781456954,96.6887417218543,0,8899,0,813,25.137399673461914,24.688081741333008,25.757131576538086,0.9891894459724426,0.9505534768104553,0.9990546107292175,0.34664082527160645,0.8745291233062744,22.755029678344727,0.9999999403953552,191.5891342163086,191.58913612365723
G19,adam,auto,0,999,999,3.997360944747925,0.500749945640564,-950.7666015625,-956.5604248046875,-932.3970947265625,805.7888793945312,812.496826171875,785.1648559570312,869.5869140625,876.0,849.0,876.0,906.0,30.0,3.3112582781456954,96.6887417218543,0,8899,0,813,24.978862762451172,24.53067398071289,25.597274780273438,0.9892677664756775,0.9507424831390381,0.9990636706352234,0.3464270830154419,0.8746986389160156,22.562564849853516,0.9999998807907104,191.77859115600586,191.7785940170288
G19,adam,auto,0,1000,1000,4.00136137008667,0.5002501606941223,-950.6716918945312,-956.4664916992188,-932.2993774414062,805.963623046875,812.6676025390625,785.3475952148438,869.5869140625,876.0,849.0,876.0,906.0,30.0,3.3112582781456954,96.6887417218543,0,8899,0,813,24.82166290283203,24.374591827392578,25.43878746032715,0.989345371723175,0.950929582118988,0.9990726709365845,0.34621182084083557,0.8748679161071777,22.37691879272461,1.0,191.97309803962708,191.9730999469757
G19,adam,auto,0,1001,1001,4.005369186401367,0.49975037574768066,-950.5762939453125,-956.3722534179688,-932.2012939453125,806.1375122070312,812.8427734375,785.495849609375,869.5869140625,876.0,849.0,876.0,906.0,30.0,3.3112582781456954,96.6887417218543,0,8899,0,813,24.665796279907227,24.219844818115234,25.281625747680664,0.9894221425056458,0.9511145949363708,0.9990816116333008,0.3459959924221039,0.8750361204147339,22.196577072143555,0.9999998807907104,192.1716012954712,192.17160391807556
G19,adam,auto,0,1002,1002,4.009385585784912,0.4992506504058838,-950.4805297851562,-956.27734375,-932.1028442382812,806.3101196289062,813.0111083984375,785.6971435546875,869.5869140625,876.0,849.0,876.0,906.0,30.0,3.3112582781456954,96.6887417218543,0,8899,0,813,24.511253356933594,24.06639862060547,25.12582015991211,0.9894981384277344,0.9512976408004761,0.9990905523300171,0.3457809388637543,0.8752040266990662,22.01203727722168,0.9999998807907104,192.3650302886963,192.36503291130066
G19,adam,auto,0,1003,1003,4.013409614562988,0.4987509250640869,-950.38427734375,-956.1822509765625,-932.0042724609375,806.4822998046875,813.184326171875,785.854248046875,869.5869140625,876.0,849.0,876.0,906.0,30.0,3.3112582781456954,96.6887417218543,0,8899,0,813,24.358022689819336,23.91427230834961,24.97132110595703,0.9895734190940857,0.9514787793159485,0.9990992546081543,0.34556445479393005,0.8753708004951477,21.83252716064453,1.0,192.5577232837677,192.55772519111633
G19,adam,auto,0,1004,1004,4.017442226409912,0.49825114011764526,-950.28759765625,-956.08642578125,-931.9049682617188,806.6536254882812,813.3538818359375,786.031494140625,869.5869140625,876.0,849.0,876.0,906.0,30.0,3.3112582781456954,96.6887417218543,0,8899,0,813,24.206090927124023,23.7634334564209,24.818153381347656,0.9896478652954102,0.9516578316688538,0.9991078972816467,0.34534767270088196,0.8755375146865845,21.651931762695312,0.9999998807907104,192.74814105033875,192.74814295768738
G19,adam,auto,0,1005,1005,4.021482467651367,0.4977514147758484,-950.1906127929688,-955.9904174804688,-931.8052978515625,806.82373046875,813.5306396484375,786.194091796875,869.5869140625,876.0,849.0,876.0,906.0,30.0,3.3112582781456954,96.6887417218543,0,8899,0,813,24.055450439453125,23.613880157470703,24.66628074645996,0.9897217750549316,0.951835036277771,0.9991164803504944,0.3451315760612488,0.8757027387619019,21.473041534423828,0.9999999403953552,192.93963503837585,192.9396369457245
G19,adam,auto,0,1006,1006,4.02553129196167,0.49725162982940674,-950.0932006835938,-955.89404296875,-931.7054443359375,806.9935913085938,813.6945190429688,786.3778076171875,869.5869140625,876.0,849.0,876.0,906.0,30.0,3.3112582781456954,96.6887417218543,0,8899,0,813,23.906089782714844,23.465600967407227,24.515716552734375,0.9897947311401367,0.9520103931427002,0.9991249442100525,0.34491366147994995,0.8758681416511536,21.301254272460938,0.9999999403953552,193.13044095039368,193.1304428577423
G19,adam,auto,0,1007,1007,4.029587745666504,0.49675190448760986,-949.9954223632812,-955.7969970703125,-931.60498046875,807.1621704101562,813.860595703125,786.53759765625,869.5869140625,876.0,849.0,876.0,906.0,30.0,3.3112582781456954,96.6887417218543,0,8899,0,813,23.758007049560547,23.31859588623047,24.366432189941406,0.9898670315742493,0.9521838426589966,0.999133288860321,0.3446965515613556,0.8760323524475098,21.134164810180664,0.9999999403953552,193.3218560218811,193.32185792922974
G19,adam,auto,0,1008,1008,4.0336527824401855,0.496252179145813,-949.8972778320312,-955.6998291015625,-931.504150390625,807.3301391601562,814.0283203125,786.6973876953125,869.5869140625,876.0,849.0,876.0,906.0,30.0,3.3112582781456954,96.6887417218543,0,8899,0,813,23.611186981201172,23.1728458404541,24.218433380126953,0.9899386167526245,0.9523552656173706,0.9991415739059448,0.34447869658470154,0.8761958479881287,20.965055465698242,1.0,193.51361632347107,193.5136182308197
G19,adam,auto,0,1009,1009,4.037725448608398,0.49575239419937134,-949.7987060546875,-955.6023559570312,-931.4030151367188,807.4973754882812,814.1971435546875,786.89208984375,869.5869140625,876.0,849.0,876.0,906.0,30.0,3.3112582781456954,96.6887417218543,0,8899,0,813,23.46562385559082,23.028348922729492,24.07169532775879,0.9900094866752625,0.9525248408317566,0.9991496801376343,0.3442601263523102,0.8763594627380371,20.792882919311523,0.9999998211860657,193.70408725738525,193.7040901184082
G19,adam,auto,0,1010,1010,4.041807174682617,0.49525266885757446,-949.6998291015625,-955.50439453125,-931.301513671875,807.66357421875,814.35546875,787.027099609375,869.5869140625,876.0,849.0,876.0,906.0,30.0,3.3112582781456954,96.6887417218543,0,8899,0,813,23.32130241394043,22.885089874267578,23.926212310791016,0.9900797009468079,0.9526926279067993,0.9991577863693237,0.34404200315475464,0.8765212893486023,20.626327514648438,1.0,193.89578223228455,193.89578413963318
G19,adam,auto,0,1011,1011,4.045896530151367,0.4947528839111328,-949.6004028320312,-955.4058837890625,-931.1995239257812,807.8294067382812,814.5264282226562,787.2109985351562,869.5869140625,876.0,849.0,876.0,906.0,30.0,3.3112582781456954,96.6887417218543,0,8899,0,813,23.178218841552734,22.743061065673828,23.7819881439209,0.9901491403579712,0.9528585076332092,0.9991658926010132,0.3438226878643036,0.8766834735870361,20.465051651000977,0.9999999403953552,194.08616137504578,194.0861632823944
G19,adam,auto,0,1012,1012,4.049993991851807,0.49425315856933594,-949.5007934570312,-955.30712890625,-931.0972290039062,807.994140625,814.68603515625,787.3780517578125,869.5869140625,876.0,849.0,876.0,906.0,30.0,3.3112582781456954,96.6887417218543,0,8899,0,813,23.036365509033203,22.60224723815918,23.63900375366211,0.9902178645133972,0.9530225992202759,0.9991737008094788,0.34360355138778687,0.8768445253372192,20.304819107055664,0.9999998807907104,194.2771611213684,194.27716398239136
G19,adam,auto,0,1013,1013,4.054100513458252,0.49375343322753906,-949.4008178710938,-955.2080078125,-930.9945068359375,808.1580810546875,814.8514404296875,787.5294189453125,869.5869140625,876.0,849.0,876.0,906.0,30.0,3.3112582781456954,96.6887417218543,0,8899,0,813,22.895729064941406,22.462648391723633,23.49725341796875,0.9902859926223755,0.9531848430633545,0.9991815686225891,0.3433842658996582,0.877004861831665,20.142253875732422,0.9999998807907104,194.4676492214203,194.46765112876892
G19,adam,auto,0,1014,1014,4.0582146644592285,0.4932536482810974,-949.3004150390625,-955.1087036132812,-930.8916015625,808.3215942382812,815.0106201171875,787.701171875,869.5869140625,876.0,849.0,876.0,906.0,30.0,3.3112582781456954,96.6887417218543,0,8899,0,813,22.756296157836914,22.32425308227539,23.356712341308594,0.9903532862663269,0.9533451795578003,0.9991894364356995,0.34316375851631165,0.8771651387214661,19.980518341064453,0.9999998807907104,194.65897917747498,194.6589810848236
G19,adam,auto,0,1015,1015,4.062337875366211,0.49275392293930054,-949.19970703125,-955.0088500976562,-930.7882080078125,808.4840087890625,815.1735229492188,787.86865234375,869.5869140625,876.0,849.0,876.0,906.0,30.0,3.3112582781456954,96.6887417218543,0,8899,0,813,22.618059158325195,22.187053680419922,23.217391967773438,0.9904200434684753,0.9534992575645447,0.9991970658302307,0.34294393658638,0.877324104309082,19.822751998901367,0.9999998211860657,194.84907507896423,194.84907698631287
G19,adam,auto,0,1016,1016,4.066469192504883,0.4922541379928589,-949.0985717773438,-954.90869140625,-930.6845703125,808.6458740234375,815.3384399414062,788.0185546875,869.5869140625,876.0,849.0,876.0,906.0,30.0,3.3112582781456954,96.6887417218543,0,8899,0,813,22.481016159057617,22.05103302001953,23.079259872436523,0.9904861450195312,0.9536436200141907,0.999204695224762,0.3427232801914215,0.8774830102920532,19.672866821289062,0.9999997615814209,195.0411982536316,195.04120016098022
G19,adam,auto,0,1017,1017,4.070609092712402,0.491754412651062,-948.9971923828125,-954.8082885742188,-930.58056640625,808.8070068359375,815.4954833984375,788.1886596679688,869.5869140625,876.0,849.0,876.0,906.0,30.0,3.3112582781456954,96.6887417218543,0,8899,0,813,22.345155715942383,21.916183471679688,22.942344665527344,0.9905514121055603,0.9537867903709412,0.9992121458053589,0.34250226616859436,0.8776410222053528,19.526750564575195,0.9999999403953552,195.2342131137848,195.23421502113342
G19,adam,auto,0,1018,1018,4.074756622314453,0.49125462770462036,-948.8953857421875,-954.7073974609375,-930.4761962890625,808.9673461914062,815.6550903320312,788.3477172851562,869.5869140625,876.0,849.0,876.0,906.0,30.0,3.3112582781456954,96.6887417218543,0,8899,0,813,22.210472106933594,21.78251075744629,22.806598663330078,0.9906161427497864,0.9539284110069275,0.9992196559906006,0.34228092432022095,0.877798855304718,19.37187385559082,1.0,195.42461323738098,195.42461609840393
G19,adam,auto,0,1019,1019,4.078913688659668,0.4907549023628235,-948.7933959960938,-954.606201171875,-930.3714599609375,809.1268920898438,815.8148193359375,788.5087280273438,869.5869140625,876.0,849.0,876.0,906.0,30.0,3.3112582781456954,96.6887417218543,0,8899,0,813,22.076946258544922,21.649995803833008,22.672033309936523,0.9906802177429199,0.9540687203407288,0.9992269277572632,0.3420596718788147,0.8779552578926086,19.21418571472168,0.9999999403953552,195.61441612243652,195.61441802978516
G19,adam,auto,0,1020,1020,4.083078384399414,0.4902551770210266,-948.6909790039062,-954.5048828125,-930.2665405273438,809.2858276367188,815.97509765625,788.6572265625,869.5869140625,876.0,849.0,876.0,906.0,30.0,3.3112582781456954,96.6887417218543,0,8899,0,813,21.94457244873047,21.51862335205078,22.53862953186035,0.9907436370849609,0.954207718372345,0.9992341995239258,0.3418375551700592,0.8781120181083679,19.06694984436035,0.9999998211860657,195.80640316009521,195.80640602111816
G19,adam,auto,0,1021,1021,4.087252140045166,0.48975539207458496,-948.5881958007812,-954.4031982421875,-930.1611938476562,809.4440307617188,816.1317749023438,788.8367919921875,869.5869140625,876.0,849.0,876.0,906.0,30.0,3.3112582781456954,96.6887417218543,0,8899,0,813,21.813343048095703,21.388381958007812,22.4063777923584,0.9908064007759094,0.9543453454971313,0.9992414712905884,0.3416152894496918,0.8782676458358765,18.926185607910156,0.9999999403953552,195.99678707122803,195.99678897857666
G19,adam,auto,0,1022,1022,4.091434001922607,0.4892556667327881,-948.4852905273438,-954.301025390625,-930.0556640625,809.6013793945312,816.2810668945312,788.9742431640625,869.5869140625,876.0,849.0,876.0,906.0,30.0,3.3112582781456954,96.6887417218543,0,8899,0,813,21.683250427246094,21.259279251098633,22.275279998779297,0.9908686280250549,0.9544815421104431,0.9992485642433167,0.34139302372932434,0.878422737121582,18.78309440612793,0.9999998807907104,196.18824815750122,196.18825006484985
G19,adam,auto,0,1023,1023,4.095624923706055,0.48875588178634644,-948.3820190429688,-954.1986694335938,-929.9496459960938,809.75830078125,816.4417724609375,789.1378173828125,869.5869140625,876.0,849.0,876.0,906.0,30.0,3.3112582781456954,96.6887417218543,0,8899,0,813,21.554283142089844,21.131282806396484,22.145313262939453,0.9909300804138184,0.9546164274215698,0.9992555975914001,0.3411698639392853,0.878577470779419,18.633577346801758,0.9999999403953552,196.37877917289734,196.3787820339203
G19,adam,auto,0,1024,1024,4.099823951721191,0.48825615644454956,-948.2783203125,-954.0960083007812,-929.8435668945312,809.914306640625,816.5948486328125,789.3014526367188,869.5869140625,876.0,849.0,876.0,906.0,30.0,3.3112582781456954,96.6887417218543,0,8899,0,813,21.42643165588379,21.004413604736328,22.016489028930664,0.9909909963607788,0.9547500610351562,0.9992625117301941,0.3409469425678253,0.8787314891815186,18.495214462280273,0.9999998807907104,196.57039308547974,196.57039499282837
G19,adam,auto,0,1025,1025,4.104031562805176,0.4877564311027527,-948.1743774414062,-953.9930419921875,-929.7371215820312,810.06982421875,816.7503051757812,789.4515380859375,869.5869140625,876.0,849.0,876.0,906.0,30.0,3.3112582781456954,96.6887417218543,0,8899,0,813,21.29969024658203,20.878643035888672,21.88876724243164,0.9910512566566467,0.9548819065093994,0.999269425868988,0.3407233655452728,0.87888503074646,18.361244201660156,0.9999998211860657,196.76046419143677,196.7604660987854
G19,adam,auto,0,1026,1026,4.108248710632324,0.48725664615631104,-948.0701904296875,-953.8897094726562,-929.6303100585938,810.2245483398438,816.9083862304688,789.5972900390625,869.5869140625,876.0,849.0,876.0,906.0,30.0,3.3112582781456954,96.6887417218543,0,8899,0,813,21.174053192138672,20.75396728515625,21.762170791625977,0.9911109805107117,0.9550125002861023,0.9992762207984924,0.34049955010414124,0.8790379762649536,18.218019485473633,0.9999999403953552,196.9514193534851,196.95142126083374
G19,adam,auto,0,1027,1027,4.112473487854004,0.48675692081451416,-947.9656982421875,-953.7860717773438,-929.5233154296875,810.3785400390625,817.0549926757812,789.7701416015625,869.5869140625,876.0,849.0,876.0,906.0,30.0,3.3112582781456954,96.6887417218543,0,8899,0,813,21.049501419067383,20.630374908447266,21.63666343688965,0.9911699891090393,0.9551417827606201,0.9992830157279968,0.3402755856513977,0.8791902661323547,18.081214904785156,0.9999999403953552,197.14449620246887,197.14449906349182
G19,adam,auto,0,1028,1028,4.116707801818848,0.4862571358680725,-947.8607788085938,-953.6822509765625,-929.4158935546875,810.531982421875,817.2138061523438,789.9197998046875,869.5869140625,876.0,849.0,876.0,906.0,30.0,3.3112582781456954,96.6887417218543,0,8899,0,813,20.926036834716797,20.507862091064453,21.51226234436035,0.9912285208702087,0.9552696943283081,0.9992896318435669,0.34005099534988403,0.8793424963951111,17.94876480102539,0.9999998211860657,197.33265900611877,197.33266186714172
G19,adam,auto,0,1029,1029,4.120950222015381,0.48575741052627563,-947.7557983398438,-953.578125,-929.308349609375,810.6846923828125,817.3665771484375,790.0423583984375,869.5869140625,876.0,849.0,876.0,906.0,30.0,3.3112582781456954,96.6887417218543,0,8899,0,813,20.803646087646484,20.386417388916016,21.388944625854492,0.9912863969802856,0.955396294593811,0.9992963075637817,0.3398265242576599,0.8794934749603271,17.815126419067383,0.9999999403953552,197.5238471031189,197.52384901046753
G19,adam,auto,0,1030,1030,4.12520170211792,0.48525768518447876,-947.650390625,-953.4736938476562,-929.2005004882812,810.8367919921875,817.51513671875,790.254638671875,869.5869140625,876.0,849.0,876.0,906.0,30.0,3.3112582781456954,96.6887417218543,0,8899,0,813,20.68231964111328,20.266029357910156,21.266704559326172,0.9913437366485596,0.9555215835571289,0.9993027448654175,0.33960142731666565,0.8796443939208984,17.68323516845703,0.9999998807907104,197.7146692276001,197.71467113494873
G19,adam,auto,0,1031,1031,4.129461765289307,0.4847579002380371,-947.5447998046875,-953.3690795898438,-929.0923461914062,810.98828125,817.6613159179688,790.34814453125,869.5869140625,876.0,849.0,876.0,906.0,30.0,3.3112582781456954,96.6887417218543,0,8899,0,813,20.562049865722656,20.14670181274414,21.145519256591797,0.991400420665741,0.9556456804275513,0.9993093013763428,0.3393760025501251,0.8797948956489563,17.55293083190918,0.9999998807907104,197.90670800209045,197.90671110153198
G19,adam,auto,0,1032,1032,4.133730888366699,0.48425817489624023,-947.4389038085938,-953.2640991210938,-928.98388671875,811.1389770507812,817.8121337890625,790.5242919921875,869.5869140625,876.0,849.0,876.0,906.0,30.0,3.3112582781456954,96.6887417218543,0,8899,0,813,20.44283103942871,20.028411865234375,21.025413513183594,0.9914566278457642,0.9557684659957886,0.999315619468689,0.33915063738822937,0.8799443244934082,17.427778244018555,0.9999999403953552,198.09717106819153,198.09717392921448
G19,adam,auto,0,1033,1033,4.1380085945129395,0.4837583899497986,-947.3328247070312,-953.1588745117188,-928.8751831054688,811.2891235351562,817.961669921875,790.6880493164062,869.5869140625,876.0,849.0,876.0,906.0,30.0,3.3112582781456954,96.6887417218543,0,8899,0,813,20.324655532836914,19.911155700683594,20.906349182128906,0.9915121793746948,0.9558900594711304,0.9993219375610352,0.3389245569705963,0.8800936937332153,17.302318572998047,0.9999998211860657,198.28936195373535,198.28936505317688
G19,adam,auto,0,1034,1034,4.1422953605651855,0.4832586646080017,-947.2263793945312,-953.0532836914062,-928.7662963867188,811.438720703125,818.1111450195312,790.8080444335938,869.5869140625,876.0,849.0,876.0,906.0,30.0,3.3112582781456954,96.6887417218543,0,8899,0,813,20.20751190185547,19.794939041137695,20.788341522216797,0.9915672540664673,0.9560102224349976,0.9993282556533813,0.3386983871459961,0.8802425265312195,17.17465591430664,0.9999998211860657,198.47889113426208,198.47889304161072
G19,adam,auto,0,1035,1035,4.146590709686279,0.48275887966156006,-947.1196899414062,-952.947509765625,-928.6570434570312,811.5875854492188,818.2601318359375,790.9776000976562,869.5869140625,876.0,849.0,876.0,906.0,30.0,3.3112582781456954,96.6887417218543,0,8899,0,813,20.09139633178711,19.67972755432129,20.671356201171875,0.991621732711792,0.9561291933059692,0.9993343949317932,0.3384719491004944,0.8803905248641968,17.049684524536133,0.9999998807907104,198.6720051765442,198.67200708389282
G19,adam,auto,0,1036,1036,4.150895595550537,0.4822591543197632,-947.0128173828125,-952.841552734375,-928.547607421875,811.7357788085938,818.4081420898438,791.1239624023438,869.5869140625,876.0,849.0,876.0,906.0,30.0,3.3112582781456954,96.6887417218543,0,8899,0,813,19.976289749145508,19.565540313720703,20.555389404296875,0.991675615310669,0.9562469124794006,0.9993404746055603,0.3382452428340912,0.8805383443832397,16.92391014099121,0.9999999403953552,198.86392307281494,198.8639259338379
G19,adam,auto,0,1037,1037,4.155208587646484,0.4817594289779663,-946.9055786132812,-952.7352905273438,-928.4378662109375,811.8836059570312,818.5546875,791.264892578125,869.5869140625,876.0,849.0,876.0,906.0,30.0,3.3112582781456954,96.6887417218543,0,8899,0,813,19.86219024658203,19.45233154296875,20.440446853637695,0.9917290210723877,0.9563634395599365,0.9993465542793274,0.33801794052124023,0.8806856274604797,16.79802894592285,0.9999998211860657,199.05408215522766,199.0540840625763
G19,adam,auto,0,1038,1038,4.1595306396484375,0.48125964403152466,-946.7982788085938,-952.628662109375,-928.3279418945312,812.0305786132812,818.6992797851562,791.4171142578125,869.5869140625,876.0,849.0,876.0,906.0,30.0,3.3112582781456954,96.6887417218543,0,8899,0,813,19.749088287353516,19.340126037597656,20.326515197753906,0.9917818307876587,0.9564787149429321,0.9993525147438049,0.3377908766269684,0.8808322548866272,16.68274688720703,0.9999998211860657,199.24528002738953,199.24528193473816
G19,adam,auto,0,1039,1039,4.163862705230713,0.4807599186897278,-946.6906127929688,-952.5217895507812,-928.2177124023438,812.177001953125,818.8487548828125,791.5620727539062,869.5869140625,876.0,849.0,876.0,906.0,30.0,3.3112582781456954,96.6887417218543,0,8899,0,813,19.636981964111328,19.22890281677246,20.21357536315918,0.9918341040611267,0.9565926790237427,0.9993584752082825,0.33756324648857117,0.8809786438941956,16.5721492767334,0.9999998211860657,199.43482613563538,199.434828042984
G19,adam,auto,0,1040,1040,4.168202877044678,0.48026013374328613,-946.5827026367188,-952.4146728515625,-928.1072998046875,812.3231201171875,818.9925537109375,791.7156982421875,869.5869140625,876.0,849.0,876.0,906.0,30.0,3.3112582781456954,96.6887417218543,0,8899,0,813,19.52585220336914,19.11865997314453,20.10163688659668,0.9918859004974365,0.9567055106163025,0.9993643164634705,0.3373348116874695,0.8811242580413818,16.444578170776367,0.9999998211860657,199.62574529647827,199.6257472038269
G19,adam,auto,0,1041,1041,4.172552585601807,0.47976040840148926,-946.474609375,-952.3075561523438,-927.99658203125,812.4680786132812,819.1314697265625,791.841064453125,869.5869140625,876.0,849.0,876.0,906.0,30.0,3.3112582781456954,96.6887417218543,0,8899,0,813,19.415695190429688,19.009384155273438,19.990673065185547,0.9919371008872986,0.9568170309066772,0.9993701577186584,0.3371073007583618,0.8812695145606995,16.326255798339844,0.9999999403953552,199.81748414039612,199.81748604774475
G19,adam,auto,0,1042,1042,4.176910877227783,0.4792606830596924,-946.3662719726562,-952.2001342773438,-927.8858032226562,812.6129760742188,819.2802734375,792.013427734375,869.5869140625,876.0,849.0,876.0,906.0,30.0,3.3112582781456954,96.6887417218543,0,8899,0,813,19.3065128326416,18.90107536315918,19.880691528320312,0.9919878840446472,0.956927478313446,0.9993758797645569,0.33687856793403625,0.8814143538475037,16.22587013244629,0.9999999403953552,200.00850892066956,200.00851202011108
G19,adam,auto,0,1043,1043,4.181278705596924,0.47876089811325073,-946.2576904296875,-952.0926513671875,-927.7747192382812,812.7572021484375,819.4228515625,792.1395263671875,869.5869140625,876.0,849.0,876.0,906.0,30.0,3.3112582781456954,96.6887417218543,0,8899,0,813,19.198284149169922,18.793716430664062,19.771684646606445,0.9920380711555481,0.9570366144180298,0.999381422996521,0.33664944767951965,0.8815586566925049,16.10367202758789,0.9999999403953552,200.20036625862122,200.20036816596985
G19,adam,auto,0,1044,1044,4.18565559387207,0.47826117277145386,-946.1489868164062,-951.9847412109375,-927.6634521484375,812.9005126953125,819.5641479492188,792.2799072265625,869.5869140625,876.0,849.0,876.0,906.0,30.0,3.3112582781456954,96.6887417218543,0,8899,0,813,19.091001510620117,18.68729591369629,19.66362762451172,0.9920877814292908,0.957144558429718,0.9993871450424194,0.3364211320877075,0.8817026019096375,15.984835624694824,1.0,200.39110827445984,200.39111018180847
G19,adam,auto,0,1045,1045,4.190041542053223,0.4777613878250122,-946.0399780273438,-951.8765258789062,-927.5518798828125,813.043701171875,819.7066650390625,792.445556640625,869.5869140625,876.0,849.0,876.0,906.0,30.0,3.3112582781456954,96.6887417218543,0,8899,0,813,18.984664916992188,18.581817626953125,19.556514739990234,0.9921370148658752,0.9572513699531555,0.9993926286697388,0.33619117736816406,0.8818458914756775,15.883600234985352,0.9999998807907104,200.61694526672363,200.61694717407227
G19,adam,auto,0,1046,1046,4.194436550140381,0.47726166248321533,-945.9307861328125,-951.7683715820312,-927.4401245117188,813.1859741210938,819.8471069335938,792.5626220703125,869.5869140625,876.0,849.0,876.0,906.0,30.0,3.3112582781456954,96.6887417218543,0,8899,0,813,18.87926483154297,18.477264404296875,19.45037269592285,0.9921857118606567,0.957356870174408,0.9993981122970581,0.33596187829971313,0.8819890022277832,15.779085159301758,1.0,200.79197716712952,200.79197907447815
G19,adam,auto,0,1047,1047,4.198841571807861,0.47676193714141846,-945.8214111328125,-951.6598510742188,-927.3283081054688,813.3278198242188,819.991455078125,792.7166748046875,869.5869140625,876.0,849.0,876.0,906.0,30.0,3.3112582781456954,96.6887417218543,0,8899,0,813,18.774799346923828,18.373641967773438,19.345157623291016,0.99223393201828,0.9574613571166992,0.9994035959243774,0.3357320725917816,0.8821312189102173,15.671025276184082,0.9999999403953552,200.98575806617737,200.985759973526
G19,adam,auto,0,1048,1048,4.203254699707031,0.4762621521949768,-945.711669921875,-951.5510864257812,-927.2161254882812,813.4691772460938,820.129638671875,792.8670043945312,869.5869140625,876.0,849.0,876.0,906.0,30.0,3.3112582781456954,96.6887417218543,0,8899,0,813,18.671249389648438,18.27092742919922,19.240861892700195,0.9922816157341003,0.957564651966095,0.9994089603424072,0.33550187945365906,0.8822734951972961,15.553234100341797,1.0,201.1764931678772,201.17649507522583
G19,adam,auto,0,1049,1049,4.207678318023682,0.47576242685317993,-945.6019287109375,-951.4421997070312,-927.103759765625,813.6099853515625,820.2708129882812,792.9855346679688,869.5869140625,876.0,849.0,876.0,906.0,30.0,3.3112582781456954,96.6887417218543,0,8899,0,813,18.568605422973633,18.16912269592285,19.137489318847656,0.9923288822174072,0.9576666355133057,0.9994142055511475,0.3352712392807007,0.8824149966239929,15.448214530944824,1.0,201.3669900894165,201.36699199676514
G19,adam,auto,0,1050,1050,4.2121100425720215,0.4752626419067383,-945.4918823242188,-951.3330688476562,-926.9912109375,813.75,820.412353515625,793.147216796875,869.5869140625,876.0,849.0,876.0,906.0,30.0,3.3112582781456954,96.6887417218543,0,8899,0,813,18.46687126159668,18.068214416503906,19.03502655029297,0.9923756122589111,0.9577676653862,0.9994195699691772,0.3350411355495453,0.882556140422821,15.34949016571045,0.9999999403953552,201.55831623077393,201.55831813812256
G19,adam,auto,0,1051,1051,4.216551780700684,0.4747629165649414,-945.381591796875,-951.2236328125,-926.8784790039062,813.889892578125,820.5468139648438,793.2781982421875,869.5869140625,876.0,849.0,876.0,906.0,30.0,3.3112582781456954,96.6887417218543,0,8899,0,813,18.36602783203125,17.968196868896484,18.93348503112793,0.9924219250679016,0.9578673839569092,0.9994246959686279,0.33480969071388245,0.8826968669891357,15.2398042678833,1.0,201.75397300720215,201.75397491455078
G19,adam,auto,0,1052,1052,4.22100305557251,0.47426313161849976,-945.2713012695312,-951.1141357421875,-926.7656860351562,814.0289916992188,820.6852416992188,793.4154052734375,869.5869140625,876.0,849.0,876.0,906.0,30.0,3.3112582781456954,96.6887417218543,0,8899,0,813,18.26607894897461,17.869060516357422,18.83281898498535,0.9924677610397339,0.9579660892486572,0.9994297623634338,0.33457863330841064,0.8828372359275818,15.143853187561035,0.9999999403953552,201.95177125930786,201.9517731666565
G19,adam,auto,0,1053,1053,4.225462913513184,0.4737634062767029,-945.1607055664062,-951.0044555664062,-926.6527099609375,814.1674194335938,820.8213500976562,793.5608520507812,869.5869140625,876.0,849.0,876.0,906.0,30.0,3.3112582781456954,96.6887417218543,0,8899,0,813,18.167009353637695,17.77080726623535,18.73306655883789,0.992513120174408,0.958063542842865,0.9994348883628845,0.33434760570526123,0.882976770401001,15.044889450073242,0.9999998807907104,202.1470081806183,202.14701008796692
G19,adam,auto,0,1054,1054,4.229933261871338,0.473263680934906,-945.0499877929688,-950.8946533203125,-926.5394287109375,814.3057250976562,820.9632568359375,793.6934204101562,869.5869140625,876.0,849.0,876.0,906.0,30.0,3.3112582781456954,96.6887417218543,0,8899,0,813,18.06881332397461,17.673418045043945,18.63418197631836,0.9925580024719238,0.9581599831581116,0.9994398951530457,0.33411532640457153,0.883116602897644,14.939021110534668,0.9999999403953552,202.33769416809082,202.33769607543945
G19,adam,auto,0,1055,1055,4.23441219329834,0.47276389598846436,-944.9390258789062,-950.7845458984375,-926.4260864257812,814.4431762695312,821.102783203125,793.838134765625,869.5869140625,876.0,849.0,876.0,906.0,30.0,3.3112582781456954,96.6887417218543,0,8899,0,813,17.971487045288086,17.576894760131836,18.536174774169922,0.992602527141571,0.9582551717758179,0.9994449019432068,0.333883672952652,0.8832553625106812,14.848493576049805,0.9999998807907104,202.52843022346497,202.5284321308136
G19,adam,auto,0,1056,1056,4.238901615142822,0.4722641706466675,-944.8278198242188,-950.6742553710938,-926.3125610351562,814.5802001953125,821.2340087890625,793.9642333984375,869.5869140625,876.0,849.0,876.0,906.0,30.0,3.3112582781456954,96.6887417218543,0,8899,0,813,17.87502098083496,17.481229782104492,18.439044952392578,0.9926465153694153,0.958349347114563,0.9994499087333679,0.3336515724658966,0.8833938837051392,14.744576454162598,0.9999998807907104,202.71889305114746,202.7188949584961
G19,adam,auto,0,1057,1057,4.243399620056152,0.47176438570022583,-944.7166137695312,-950.5638427734375,-926.1986694335938,814.7169799804688,821.3671875,794.1160278320312,869.5869140625,876.0,849.0,876.0,906.0,30.0,3.3112582781456954,96.6887417218543,0,8899,0,813,17.779396057128906,17.38640022277832,18.342758178710938,0.9926900267601013,0.9584423899650574,0.99945467710495,0.3334186375141144,0.8835323452949524,14.638114929199219,1.0,202.9096441268921,202.90964603424072
G19,adam,auto,0,1058,1058,4.247907638549805,0.47126466035842896,-944.6051025390625,-950.4532470703125,-926.0847778320312,814.852783203125,821.5043334960938,794.2394409179688,869.5869140625,876.0,849.0,876.0,906.0,30.0,3.3112582781456954,96.6887417218543,0,8899,0,813,17.68461799621582,17.292394638061523,18.247325897216797,0.9927331209182739,0.9585344195365906,0.9994595646858215,0.33318647742271423,0.8836697340011597,14.548205375671387,0.9999999403953552,203.10182929039001,203.10183119773865
G19,adam,auto,0,1059,1059,4.252425193786621,0.4707649350166321,-944.4935302734375,-950.3425903320312,-925.9708251953125,814.9884643554688,821.639892578125,794.3811645507812,869.5869140625,876.0,849.0,876.0,906.0,30.0,3.3112582781456954,96.6887417218543,0,8899,0,813,17.590675354003906,17.199237823486328,18.152746200561523,0.9927757978439331,0.9586251974105835,0.9994643330574036,0.33295315504074097,0.8838073015213013,14.456403732299805,0.9999998807907104,203.29095816612244,203.29096102714539
G19,adam,auto,0,1060,1060,4.256952285766602,0.47026515007019043,-944.3817138671875,-950.231689453125,-925.8565063476562,815.1234741210938,821.7740478515625,794.5185546875,869.5869140625,876.0,849.0,876.0,906.0,30.0,3.3112582781456954,96.6887417218543,0,8899,0,813,17.497562408447266,17.106910705566406,18.058996200561523,0.9928180575370789,0.95871502161026,0.9994691014289856,0.332720011472702,0.8839443922042847,14.368364334106445,0.9999999403953552,203.4838752746582,203.48387813568115
G19,adam,auto,0,1061,1061,4.261488914489746,0.46976542472839355,-944.269775390625,-950.12060546875,-925.7420654296875,815.2581176757812,821.9082641601562,794.6463012695312,869.5869140625,876.0,849.0,876.0,906.0,30.0,3.3112582781456954,96.6887417218543,0,8899,0,813,17.405277252197266,17.0153865814209,17.966081619262695,0.9928598999977112,0.9588037133216858,0.9994737505912781,0.33248648047447205,0.8840807676315308,14.27808666229248,0.9999999403953552,203.67391633987427,203.6739182472229
G19,adam,auto,0,1062,1062,4.266035556793213,0.4692656397819519,-944.1575927734375,-950.0093383789062,-925.6275634765625,815.39208984375,822.0406494140625,794.7899169921875,869.5869140625,876.0,849.0,876.0,906.0,30.0,3.3112582781456954,96.6887417218543,0,8899,0,813,17.313806533813477,16.924684524536133,17.874000549316406,0.9929012656211853,0.9588913917541504,0.999478280544281,0.33225294947624207,0.8842170238494873,14.180079460144043,0.9999998807907104,203.86604022979736,203.866042137146
G19,adam,auto,0,1063,1063,4.270591735839844,0.46876591444015503,-944.04541015625,-949.89794921875,-925.5126953125,815.5257568359375,822.173095703125,794.914794921875,869.5869140625,876.0,849.0,876.0,906.0,30.0,3.3112582781456954,96.6887417218543,0,8899,0,813,17.22314453125,16.834781646728516,17.782718658447266,0.9929422736167908,0.958977997303009,0.9994828701019287,0.3320186734199524,0.8843527436256409,14.089890480041504,1.0,204.05711817741394,204.0571210384369
G19,adam,auto,0,1064,1064,4.275157451629639,0.46826618909835815,-943.9329223632812,-949.7865600585938,-925.3978881835938,815.65869140625,822.3033447265625,795.054443359375,869.5869140625,876.0,849.0,876.0,906.0,30.0,3.3112582781456954,96.6887417218543,0,8899,0,813,17.133283615112305,16.74567413330078,17.69225311279297,0.9929827451705933,0.9590634703636169,0.9994874000549316,0.33178481459617615,0.8844879865646362,14.002410888671875,0.9999999403953552,204.2476532459259,204.24765515327454
G19,adam,auto,0,1065,1065,4.279733180999756,0.4677664041519165,-943.8203735351562,-949.6747436523438,-925.2828369140625,815.79150390625,822.435791015625,795.1870727539062,869.5869140625,876.0,849.0,876.0,906.0,30.0,3.3112582781456954,96.6887417218543,0,8899,0,813,17.04421615600586,16.657360076904297,17.602596282958984,0.9930228590965271,0.9591479301452637,0.999491810798645,0.3315500319004059,0.8846231698989868,13.91592025756836,0.9999999403953552,204.43952107429504,204.43952417373657
G19,adam,auto,0,1066,1066,4.284318447113037,0.46726667881011963,-943.7077026367188,-949.5629272460938,-925.1676635742188,815.923583984375,822.5703125,795.3124389648438,869.5869140625,876.0,849.0,876.0,906.0,30.0,3.3112582781456954,96.6887417218543,0,8899,0,813,16.9559383392334,16.569826126098633,17.513729095458984,0.9930626153945923,0.9592313766479492,0.9994962215423584,0.33131569623947144,0.8847576975822449,13.824475288391113,0.9999999403953552,204.6310169696808,204.63101887702942
G19,adam,auto,0,1067,1067,4.288914203643799,0.466766893863678,-943.5947875976562,-949.4508666992188,-925.05224609375,816.055419921875,822.6981201171875,795.4559936523438,869.5869140625,876.0,849.0,876.0,906.0,30.0,3.3112582781456954,96.6887417218543,0,8899,0,813,16.868432998657227,16.483064651489258,17.425643920898438,0.993101954460144,0.9593138694763184,0.9995006322860718,0.33108043670654297,0.8848918676376343,13.733871459960938,0.9999998807907104,204.82099723815918,204.8209991455078
G19,adam,auto,0,1068,1068,4.293519020080566,0.4662671685218811,-943.4818115234375,-949.3386840820312,-924.936767578125,816.1865844726562,822.8290405273438,795.576904296875,869.5869140625,876.0,849.0,876.0,906.0,30.0,3.3112582781456954,96.6887417218543,0,8899,0,813,16.78170394897461,16.39706039428711,17.33835220336914,0.9931408762931824,0.9593952894210815,0.9995049238204956,0.33084553480148315,0.8850257992744446,13.653843879699707,0.9999999403953552,205.0142641067505,205.01426601409912
G19,adam,auto,0,1069,1069,4.298134803771973,0.46576738357543945,-943.3685913085938,-949.226318359375,-924.8211669921875,816.3175048828125,822.9600830078125,795.71435546875,869.5869140625,876.0,849.0,876.0,906.0,30.0,3.3112582781456954,96.6887417218543,0,8899,0,813,16.695737838745117,16.311824798583984,17.251815795898438,0.993179440498352,0.9594756364822388,0.9995092153549194,0.3306099474430084,0.8851592540740967,13.564963340759277,0.9999999403953552,205.20366430282593,205.20366621017456
G19,adam,auto,0,1070,1070,4.302759170532227,0.4652676582336426,-943.25537109375,-949.1139526367188,-924.7053833007812,816.4478149414062,823.0894165039062,795.8419189453125,869.5869140625,876.0,849.0,876.0,906.0,30.0,3.3112582781456954,96.6887417218543,0,8899,0,813,16.61052703857422,16.22733497619629,17.16605567932129,0.9932176470756531,0.9595550894737244,0.9995135068893433,0.33037447929382324,0.8852923512458801,13.479500770568848,0.9999999403953552,205.39728808403015,205.39728999137878
G19,adam,auto,0,1071,1071,4.307394504547119,0.4647679328918457,-943.1420288085938,-949.0013427734375,-924.5896606445312,816.5776977539062,823.21923828125,795.9729614257812,869.5869140625,876.0,849.0,876.0,906.0,30.0,3.3112582781456954,96.6887417218543,0,8899,0,813,16.52606964111328,16.14361000061035,17.081039428710938,0.9932553768157959,0.959633469581604,0.9995176792144775,0.33013853430747986,0.8854251503944397,13.403481483459473,1.0,205.5876443386078,205.58764624595642
G19,adam,auto,0,1072,1072,4.312039375305176,0.46426814794540405,-943.0286254882812,-948.8886108398438,-924.4736938476562,816.7072143554688,823.3450317382812,796.1082763671875,869.5869140625,876.0,849.0,876.0,906.0,30.0,3.3112582781456954,96.6887417218543,0,8899,0,813,16.442359924316406,16.06060791015625,16.99679183959961,0.9932928085327148,0.9597108364105225,0.9995218515396118,0.329902321100235,0.8855573534965515,13.319899559020996,0.9999999403953552,205.77971816062927,205.7797200679779
G19,adam,auto,0,1073,1073,4.316694736480713,0.4637684226036072,-942.914794921875,-948.7760009765625,-924.3576049804688,816.8361206054688,823.4721069335938,796.221923828125,869.5869140625,876.0,849.0,876.0,906.0,30.0,3.3112582781456954,96.6887417218543,0,8899,0,813,16.359384536743164,15.978343963623047,16.913280487060547,0.9933298230171204,0.9597872495651245,0.9995259046554565,0.32966625690460205,0.8856896162033081,13.234463691711426,0.9999998807907104,205.96998620033264,205.96998810768127
G19,adam,auto,0,1074,1074,4.321359634399414,0.4632686376571655,-942.801025390625,-948.6629638671875,-924.241455078125,816.9647827148438,823.6046142578125,796.3724365234375,869.5869140625,876.0,849.0,876.0,906.0,30.0,3.3112582781456954,96.6887417218543,0,8899,0,813,16.27713966369629,15.896810531616211,16.830507278442383,0.9933664798736572,0.9598627090454102,0.9995299577713013,0.3294294476509094,0.8858211040496826,13.155521392822266,1.0,206.1602771282196,206.16027903556824
G19,adam,auto,0,1075,1075,4.326035022735596,0.46276891231536865,-942.6871948242188,-948.5498657226562,-924.125244140625,817.093017578125,823.7286987304688,796.4849853515625,869.5869140625,876.0,849.0,876.0,906.0,30.0,3.3112582781456954,96.6887417218543,0,8899,0,813,16.19562530517578,15.81597900390625,16.74848175048828,0.9934027194976807,0.9599372148513794,0.999534010887146,0.32919275760650635,0.8859526515007019,13.0824556350708,0.9999998807907104,206.35171508789062,206.35171699523926
G19,adam,auto,0,1076,1076,4.330719947814941,0.4622691869735718,-942.5731811523438,-948.4366455078125,-924.0089111328125,817.220703125,823.8616943359375,796.615966796875,869.5869140625,876.0,849.0,876.0,906.0,30.0,3.3112582781456954,96.6887417218543,0,8899,0,813,16.11482810974121,15.73588752746582,16.66717529296875,0.9934386610984802,0.9600107073783875,0.9995379447937012,0.3289557993412018,0.8860833644866943,13.004182815551758,0.9999998807907104,206.54650115966797,206.5465030670166
G19,adam,auto,0,1077,1077,4.335415363311768,0.4617694020271301,-942.458984375,-948.3233642578125,-923.892333984375,817.3480224609375,823.986572265625,796.7515869140625,869.5869140625,876.0,849.0,876.0,906.0,30.0,3.3112582781456954,96.6887417218543,0,8899,0,813,16.034744262695312,15.656487464904785,16.58658218383789,0.9934742450714111,0.9600831866264343,0.9995418787002563,0.3287184238433838,0.8862143754959106,12.9209623336792,0.9999999403953552,206.7329442501068,206.73294615745544
G19,adam,auto,0,1078,1078,4.340121269226074,0.46126967668533325,-942.3449096679688,-948.2100830078125,-923.7757568359375,817.4749145507812,824.1100463867188,796.8682250976562,869.5869140625,876.0,849.0,876.0,906.0,30.0,3.3112582781456954,96.6887417218543,0,8899,0,813,15.955364227294922,15.577797889709473,16.506698608398438,0.9935093522071838,0.9601548314094543,0.9995457530021667,0.3284810483455658,0.8863442540168762,12.842893600463867,0.9999999403953552,206.9245262145996,206.92452812194824
G19,adam,auto,0,1079,1079,4.344836711883545,0.4607698917388916,-942.2305297851562,-948.0965576171875,-923.6589965820312,817.6013793945312,824.2396240234375,797.00341796875,869.5869140625,876.0,849.0,876.0,906.0,30.0,3.3112582781456954,96.6887417218543,0,8899,0,813,15.876684188842773,15.499800682067871,16.427539825439453,0.9935442209243774,0.960225522518158,0.9995495676994324,0.3282434344291687,0.8864744901657104,12.77364730834961,0.9999999403953552,207.1160273551941,207.11603021621704
G19,adam,auto,0,1080,1080,4.349563121795654,0.4602701663970947,-942.1160278320312,-947.9829711914062,-923.5421142578125,817.7274780273438,824.3579711914062,797.122802734375,869.5869140625,876.0,849.0,876.0,906.0,30.0,3.3112582781456954,96.6887417218543,0,8899,0,813,15.79870319366455,15.42249870300293,16.349079132080078,0.9935786724090576,0.9602953195571899,0.999553382396698,0.3280053436756134,0.8866040110588074,12.702360153198242,0.9999998807907104,207.3073012828827,207.30730319023132
G19,adam,auto,0,1081,1081,4.354299545288086,0.45977044105529785,-942.0015869140625,-947.8693237304688,-923.4251708984375,817.85302734375,824.486083984375,797.2546997070312,869.5869140625,876.0,849.0,876.0,906.0,30.0,3.3112582781456954,96.6887417218543,0,8899,0,813,15.721405982971191,15.345873832702637,16.27129554748535,0.9936128854751587,0.9603641629219055,0.9995571970939636,0.32776761054992676,0.8867332339286804,12.618125915527344,0.9999998807907104,207.49882912635803,207.49883103370667
G19,adam,auto,0,1082,1082,4.359046459197998,0.4592706561088562,-941.8869018554688,-947.75537109375,-923.30810546875,817.978515625,824.6148681640625,797.3797607421875,869.5869140625,876.0,849.0,876.0,906.0,30.0,3.3112582781456954,96.6887417218543,0,8899,0,813,15.644787788391113,15.26992416381836,16.1942138671875,0.9936467409133911,0.9604319930076599,0.9995608925819397,0.32752856612205505,0.8868623375892639,12.5462064743042,0.9999999403953552,207.6890640258789,207.68906593322754
G19,adam,auto,0,1083,1083,4.363803386688232,0.4587709307670593,-941.7720947265625,-947.6414184570312,-923.1910400390625,818.10302734375,824.728759765625,797.4951782226562,869.5869140625,876.0,849.0,876.0,906.0,30.0,3.3112582781456954,96.6887417218543,0,8899,0,813,15.568846702575684,15.194642066955566,16.11780548095703,0.9936801195144653,0.9604990482330322,0.9995645880699158,0.32729092240333557,0.8869907259941101,12.478185653686523,0.9999998807907104,207.8809051513672,207.88090801239014
G19,adam,auto,0,1084,1084,4.3685712814331055,0.4582711458206177,-941.6572265625,-947.5275268554688,-923.0737915039062,818.227783203125,824.8576049804688,797.640625,869.5869140625,876.0,849.0,876.0,906.0,30.0,3.3112582781456954,96.6887417218543,0,8899,0,813,15.493570327758789,15.120023727416992,16.042072296142578,0.9937132596969604,0.9605651497840881,0.9995682835578918,0.3270513415336609,0.8871190547943115,12.40123462677002,0.9999998807907104,208.07305192947388,208.0730538368225
G19,adam,auto,0,1085,1085,4.373348712921143,0.4577714204788208,-941.5424194335938,-947.4134521484375,-922.9563598632812,818.3517456054688,824.9830322265625,797.7400512695312,869.5869140625,876.0,849.0,876.0,906.0,30.0,3.3112582781456954,96.6887417218543,0,8899,0,813,15.418954849243164,15.046052932739258,15.96700382232666,0.9937460422515869,0.9606304168701172,0.9995718598365784,0.3268126845359802,0.8872472643852234,12.328973770141602,0.9999999403953552,208.26278400421143,208.26278710365295
G19,adam,auto,0,1086,1086,4.378137588500977,0.4572716951370239,-941.4273071289062,-947.2992553710938,-922.8389892578125,818.4752807617188,825.1094970703125,797.8838500976562,869.5869140625,876.0,849.0,876.0,906.0,30.0,3.3112582781456954,96.6887417218543,0,8899,0,813,15.344992637634277,14.97274112701416,15.892602920532227,0.9937785267829895,0.9606947898864746,0.9995754361152649,0.32657381892204285,0.8873745799064636,12.255023956298828,1.0,208.45221710205078,208.4522190093994
G19,adam,auto,0,1087,1087,4.382936477661133,0.4567719101905823,-941.3121948242188,-947.1849975585938,-922.7214965820312,818.598876953125,825.226806640625,797.9971923828125,869.5869140625,876.0,849.0,876.0,906.0,30.0,3.3112582781456954,96.6887417218543,0,8899,0,813,15.271677017211914,14.900067329406738,15.81884765625,0.9938107132911682,0.9607581496238708,0.9995788931846619,0.32633358240127563,0.8875023126602173,12.190637588500977,0.9999999403953552,208.6534390449524,208.65344095230103
G19,adam,auto,0,1088,1088,4.3877458572387695,0.4562721848487854,-941.197021484375,-947.0706787109375,-922.6038208007812,818.721435546875,825.3464965820312,798.1248779296875,869.5869140625,876.0,849.0,876.0,906.0,30.0,3.3112582781456954,96.6887417218543,0,8899,0,813,15.19900894165039,14.828043937683105,15.745755195617676,0.9938424825668335,0.960820734500885,0.9995824694633484,0.32609495520591736,0.887628972530365,12.128979682922363,0.9999998807907104,208.8393292427063,208.83933210372925
G19,adam,auto,0,1089,1089,4.392565727233887,0.45577239990234375,-941.0817260742188,-946.9561157226562,-922.4862670898438,818.84423828125,825.4679565429688,798.2431640625,869.5869140625,876.0,849.0,876.0,906.0,30.0,3.3112582781456954,96.6887417218543,0,8899,0,813,15.126982688903809,14.756647109985352,15.673307418823242,0.9938740134239197,0.9608824849128723,0.9995859265327454,0.3258543908596039,0.8877557516098022,12.056639671325684,0.9999999403953552,209.03138303756714,209.03138613700867
G19,adam,auto,0,1090,1090,4.397396087646484,0.4552726745605469,-940.96630859375,-946.8416137695312,-922.368408203125,818.96630859375,825.5923461914062,798.3726806640625,869.5869140625,876.0,849.0,876.0,906.0,30.0,3.3112582781456954,96.6887417218543,0,8899,0,813,15.055585861206055,14.685880661010742,15.60149097442627,0.993905246257782,0.960943341255188,0.9995893836021423,0.3256145715713501,0.88788241147995,11.990410804748535,0.9999998807907104,209.2222752571106,209.22227716445923
G19,adam,auto,0,1091,1091,4.402237415313721,0.4547728896141052,-940.850830078125,-946.7269897460938,-922.2506713867188,819.0880126953125,825.7183837890625,798.4876708984375,869.5869140625,876.0,849.0,876.0,906.0,30.0,3.3112582781456954,96.6887417218543,0,8899,0,813,14.984822273254395,14.615743637084961,15.530314445495605,0.9939360022544861,0.9610034823417664,0.9995927214622498,0.325374573469162,0.8880081176757812,11.927021980285645,0.9999998807907104,209.4146580696106,209.41465997695923
G19,adam,auto,0,1092,1092,4.4070892333984375,0.45427316427230835,-940.7354125976562,-946.6124267578125,-922.1326904296875,819.2095336914062,825.8306884765625,798.614013671875,869.5869140625,876.0,849.0,876.0,906.0,30.0,3.3112582781456954,96.6887417218543,0,8899,0,813,14.914673805236816,14.546215057373047,15.45976448059082,0.9939666390419006,0.9610626101493835,0.9995960593223572,0.32513368129730225,0.8881343603134155,11.852922439575195,0.9999999403953552,209.60497426986694,209.60497617721558
G19,adam,auto,0,1093,1093,4.411952018737793,0.4537734389305115,-940.6196899414062,-946.4976196289062,-922.0147705078125,819.3304443359375,825.9494018554688,798.734130859375,869.5869140625,876.0,849.0,876.0,906.0,30.0,3.3112582781456954,96.6887417218543,0,8899,0,813,14.84514045715332,14.477304458618164,15.389835357666016,0.9939968585968018,0.9611210823059082,0.9995993971824646,0.32489341497421265,0.8882594704627991,11.789239883422852,0.9999997615814209,209.80208110809326,209.8020830154419
G19,adam,auto,0,1094,1094,4.416825294494629,0.4532736539840698,-940.5040283203125,-946.3826293945312,-921.8966674804688,819.451171875,826.0736083984375,798.85302734375,869.5869140625,876.0,849.0,876.0,906.0,30.0,3.3112582781456954,96.6887417218543,0,8899,0,813,14.776215553283691,14.408990859985352,15.320510864257812,0.9940268993377686,0.9611785411834717,0.9996026158332825,0.32465240359306335,0.8883848786354065,11.727822303771973,0.9999999403953552,209.9953989982605,209.99540185928345
G19,adam,auto,0,1095,1095,4.4217095375061035,0.45277392864227295,-940.38818359375,-946.267578125,-921.778564453125,819.571533203125,826.188720703125,798.9803466796875,869.5869140625,876.0,849.0,876.0,906.0,30.0,3.3112582781456954,96.6887417218543,0,8899,0,813,14.707893371582031,14.341279983520508,15.251803398132324,0.9940565228462219,0.9612352848052979,0.9996059536933899,0.32441139221191406,0.8885096311569214,11.659796714782715,0.9999999403953552,210.1853802204132,210.18538212776184
G19,adam,auto,0,1096,1096,4.426604270935059,0.4522741436958313,-940.2723999023438,-946.152587890625,-921.6602783203125,819.6915283203125,826.3107299804688,799.08837890625,869.5869140625,876.0,849.0,876.0,906.0,30.0,3.3112582781456954,96.6887417218543,0,8899,0,813,14.64017391204834,14.27415657043457,15.18370246887207,0.9940858483314514,0.9612912535667419,0.9996091723442078,0.32416996359825134,0.8886343836784363,11.60561466217041,1.0,210.37652826309204,210.37653017044067
G19,adam,auto,0,1097,1097,4.4315104484558105,0.4517744183540344,-940.156494140625,-946.0375366210938,-921.5420532226562,819.8109741210938,826.4325561523438,799.2233276367188,869.5869140625,876.0,849.0,876.0,906.0,30.0,3.3112582781456954,96.6887417218543,0,8899,0,813,14.573043823242188,14.207630157470703,15.116201400756836,0.9941149353981018,0.9613463282585144,0.9996122717857361,0.3239288926124573,0.8887584805488586,11.539382934570312,0.9999998211860657,210.57162809371948,210.57163000106812
G19,adam,auto,0,1098,1098,4.436427116394043,0.45127469301223755,-940.0405883789062,-945.9223022460938,-921.4238891601562,819.930419921875,826.5482788085938,799.3331298828125,869.5869140625,876.0,849.0,876.0,906.0,30.0,3.3112582781456954,96.6887417218543,0,8899,0,813,14.506500244140625,14.141683578491211,15.04928970336914,0.9941437244415283,0.9614006280899048,0.9996154308319092,0.3236868381500244,0.8888827562332153,11.469618797302246,0.9999998807907104,210.76172614097595,210.76172804832458
G19,adam,auto,0,1099,1099,4.441354751586914,0.4507749080657959,-939.9246215820312,-945.80712890625,-921.305419921875,820.0492553710938,826.6634521484375,799.4503173828125,869.5869140625,876.0,849.0,876.0,906.0,30.0,3.3112582781456954,96.6887417218543,0,8899,0,813,14.440537452697754,14.076311111450195,14.982963562011719,0.9941722750663757,0.9614542126655579,0.9996185302734375,0.323445200920105,0.8890062570571899,11.418485641479492,1.0,210.95374011993408,210.95374202728271
G19,adam,auto,0,1100,1100,4.446293354034424,0.450275182723999,-939.8084106445312,-945.69189453125,-921.186767578125,820.167724609375,826.78271484375,799.58203125,869.5869140625,876.0,849.0,876.0,906.0,30.0,3.3112582781456954,96.6887417218543,0,8899,0,813,14.375151634216309,14.011514663696289,14.917220115661621,0.9942004680633545,0.9615069627761841,0.9996216297149658,0.32320332527160645,0.8891299366950989,11.355319023132324,0.9999998807907104,211.14494705200195,211.1449489593506
G19,adam,auto,0,1101,1101,4.451242923736572,0.4497753977775574,-939.6923217773438,-945.5765991210938,-921.068359375,820.2861328125,826.89990234375,799.6849975585938,869.5869140625,876.0,849.0,876.0,906.0,30.0,3.3112582781456954,96.6887417218543,0,8899,0,813,14.310331344604492,13.94726848602295,14.852055549621582,0.9942283630371094,0.961558997631073,0.9996246099472046,0.3229605555534363,0.8892531394958496,11.289356231689453,0.9999999403953552,211.33993911743164,211.33994102478027
G19,adam,auto,0,1102,1102,4.456203460693359,0.4492756724357605,-939.5761108398438,-945.4613037109375,-920.9498291015625,820.40380859375,827.01513671875,799.814208984375,869.5869140625,876.0,849.0,876.0,906.0,30.0,3.3112582781456954,96.6887417218543,0,8899,0,813,14.246078491210938,13.883598327636719,14.787458419799805,0.9942560791969299,0.9616102576255798,0.9996277093887329,0.32271870970726013,0.8893758058547974,11.235124588012695,1.0,211.53749108314514,211.5374939441681
G19,adam,auto,0,1103,1103,4.461174964904785,0.4487759470939636,-939.4598999023438,-945.3458251953125,-920.8311767578125,820.5214233398438,827.13330078125,799.9267578125,869.5869140625,876.0,849.0,876.0,906.0,30.0,3.3112582781456954,96.6887417218543,0,8899,0,813,14.18238639831543,13.820487976074219,14.72341537475586,0.9942833781242371,0.9616607427597046,0.9996306896209717,0.32247576117515564,0.889498770236969,11.17912483215332,0.9999998807907104,211.72795009613037,211.727952003479
G19,adam,auto,0,1104,1104,4.466157913208008,0.448276162147522,-939.343505859375,-945.230224609375,-920.7125244140625,820.638671875,827.2485961914062,800.0472412109375,869.5869140625,876.0,849.0,876.0,906.0,30.0,3.3112582781456954,96.6887417218543,0,8899,0,813,14.119246482849121,13.757920265197754,14.659948348999023,0.9943104982376099,0.9617104530334473,0.9996336698532104,0.3222329616546631,0.8896207213401794,11.118732452392578,0.9999999403953552,211.9204912185669,211.92049312591553
G19,adam,auto,0,1105,1105,4.471151351928711,0.4477764368057251,-939.2271728515625,-945.1146850585938,-920.5938110351562,820.7555541992188,827.36474609375,800.160888671875,869.5869140625,876.0,849.0,876.0,906.0,30.0,3.3112582781456954,96.6887417218543,0,8899,0,813,14.056655883789062,13.695884704589844,14.597023010253906,0.9943373799324036,0.9617594480514526,0.9996365308761597,0.32199007272720337,0.8897431492805481,11.057499885559082,0.9999998807907104,212.11177396774292,212.11177587509155
G19,adam,auto,0,1106,1106,4.476157188415527,0.44727665185928345,-939.1107788085938,-944.9991455078125,-920.4749755859375,820.8720703125,827.4849853515625,800.2823486328125,869.5869140625,876.0,849.0,876.0,906.0,30.0,3.3112582781456954,96.6887417218543,0,8899,0,813,13.994606018066406,13.63440227508545,14.534658432006836,0.9943640232086182,0.9618077278137207,0.9996393918991089,0.32174673676490784,0.8898647427558899,11.003059387207031,0.9999998807907104,212.30196404457092,212.30196595191956
G19,adam,auto,0,1107,1107,4.481173038482666,0.4467769265174866,-938.9943237304688,-944.8834838867188,-920.356201171875,820.98828125,827.5975341796875,800.3966674804688,869.5869140625,876.0,849.0,876.0,906.0,30.0,3.3112582781456954,96.6887417218543,0,8899,0,813,13.933096885681152,13.57344913482666,14.47282600402832,0.9943903684616089,0.9618552327156067,0.9996422529220581,0.3215034306049347,0.889986515045166,10.945192337036133,0.9999999403953552,212.49216532707214,212.49216723442078
G19,adam,auto,0,1108,1108,4.48620080947876,0.4462771415710449,-938.8778076171875,-944.7678833007812,-920.2373657226562,821.1043090820312,827.71337890625,800.5089111328125,869.5869140625,876.0,849.0,876.0,906.0,30.0,3.3112582781456954,96.6887417218543,0,8899,0,813,13.872118949890137,13.513021469116211,14.41153621673584,0.994416356086731,0.9619020223617554,0.9996451139450073,0.3212597370147705,0.8901075124740601,10.89051628112793,1.0,212.6852810382843,212.68528294563293
G19,adam,auto,0,1109,1109,4.491239547729492,0.44577741622924805,-938.76123046875,-944.652099609375,-920.1184692382812,821.2197875976562,827.8260498046875,800.6368408203125,869.5869140625,876.0,849.0,876.0,906.0,30.0,3.3112582781456954,96.6887417218543,0,8899,0,813,13.81167221069336,13.453133583068848,14.350778579711914,0.9944422245025635,0.9619480967521667,0.9996479749679565,0.32101625204086304,0.8902287483215332,10.849034309387207,0.9999999403953552,212.87539219856262,212.87539410591125
G19,adam,auto,0,1110,1110,4.49629020690918,0.44527769088745117,-938.6447143554688,-944.5363159179688,-919.9995727539062,821.3350830078125,827.940185546875,800.7353515625,869.5869140625,876.0,849.0,876.0,906.0,30.0,3.3112582781456954,96.6887417218543,0,8899,0,813,13.751752853393555,13.393758773803711,14.290555953979492,0.9944677352905273,0.9619935750961304,0.9996507167816162,0.32077211141586304,0.8903493285179138,10.785934448242188,0.9999998807907104,213.06602501869202,213.06602811813354
G19,adam,auto,0,1111,1111,4.501351356506348,0.4447779059410095,-938.5280151367188,-944.42041015625,-919.8807373046875,821.4501342773438,828.0546264648438,800.86767578125,869.5869140625,876.0,849.0,876.0,906.0,30.0,3.3112582781456954,96.6887417218543,0,8899,0,813,13.692346572875977,13.334894180297852,14.230846405029297,0.9944930672645569,0.9620382785797119,0.9996534585952759,0.3205277919769287,0.8904699683189392,10.718871116638184,0.9999998807907104,213.25688409805298,213.25688695907593
G19,adam,auto,0,1112,1112,4.506424427032471,0.44427818059921265,-938.411376953125,-944.3045654296875,-919.76171875,821.5645751953125,828.1698608398438,800.9698486328125,869.5869140625,876.0,849.0,876.0,906.0,30.0,3.3112582781456954,96.6887417218543,0,8899,0,813,13.633453369140625,13.276543617248535,14.17166805267334,0.9945181012153625,0.9620822668075562,0.9996562004089355,0.3202840983867645,0.8905901312828064,10.676285743713379,0.9999998807907104,213.44930624961853,213.44930911064148
G19,adam,auto,0,1113,1113,4.511508941650391,0.443778395652771,-938.294677734375,-944.1886596679688,-919.642578125,821.67919921875,828.2840576171875,801.093994140625,869.5869140625,876.0,849.0,876.0,906.0,30.0,3.3112582781456954,96.6887417218543,0,8899,0,813,13.57507038116455,13.218692779541016,14.112993240356445,0.9945428967475891,0.9621256589889526,0.9996589422225952,0.3200388550758362,0.8907102346420288,10.624195098876953,0.9999999403953552,213.6405701637268,213.64057207107544
G19,adam,auto,0,1114,1114,4.516604900360107,0.4432786703109741,-938.1779174804688,-944.0726318359375,-919.5234985351562,821.7930297851562,828.3968505859375,801.1981201171875,869.5869140625,876.0,849.0,876.0,906.0,30.0,3.3112582781456954,96.6887417218543,0,8899,0,813,13.517187118530273,13.161333084106445,14.054824829101562,0.9945674538612366,0.9621683359146118,0.9996615648269653,0.3197947144508362,0.890829861164093,10.567634582519531,0.9999998807907104,213.8320860862732,213.83208799362183
G19,adam,auto,0,1115,1115,4.521712303161621,0.44277894496917725,-938.0612182617188,-943.9567260742188,-919.4044189453125,821.9067993164062,828.5082397460938,801.3262939453125,869.5869140625,876.0,849.0,876.0,906.0,30.0,3.3112582781456954,96.6887417218543,0,8899,0,813,13.45980167388916,13.104485511779785,13.997166633605957,0.9945917725563049,0.9622102975845337,0.9996641874313354,0.3195497989654541,0.8909492492675781,10.518158912658691,0.9999998807907104,214.022381067276,214.02238416671753
G19,adam,auto,0,1116,1116,4.526830673217773,0.4422791600227356,-937.9442749023438,-943.8406982421875,-919.285400390625,822.0203247070312,828.624755859375,801.42431640625,869.5869140625,876.0,849.0,876.0,906.0,30.0,3.3112582781456954,96.6887417218543,0,8899,0,813,13.402912139892578,13.04810905456543,13.939995765686035,0.9946158528327942,0.9622516632080078,0.9996668100357056,0.3193044364452362,0.8910686373710632,10.470280647277832,0.9999998211860657,214.21507000923157,214.2150731086731
G19,adam,auto,0,1117,1117,4.531961917877197,0.4417794346809387,-937.827392578125,-943.7246704101562,-919.1661376953125,822.1333618164062,828.735595703125,801.5496826171875,869.5869140625,876.0,849.0,876.0,906.0,30.0,3.3112582781456954,96.6887417218543,0,8899,0,813,13.346512794494629,12.992234230041504,13.88332748413086,0.9946397542953491,0.9622924327850342,0.9996694326400757,0.3190596103668213,0.8911876082420349,10.413986206054688,0.9999999403953552,214.40550017356873,214.40550208091736
G19,adam,auto,0,1118,1118,4.537103652954102,0.44127964973449707,-937.7105712890625,-943.6085815429688,-919.0469360351562,822.2462768554688,828.8450927734375,801.6608276367188,869.5869140625,876.0,849.0,876.0,906.0,30.0,3.3112582781456954,96.6887417218543,0,8899,0,813,13.290592193603516,12.936838150024414,13.827146530151367,0.9946633577346802,0.9623323678970337,0.9996719360351562,0.31881409883499146,0.8913062214851379,10.360093116760254,0.9999999403953552,214.59710121154785,214.59710311889648
G19,adam,auto,0,1119,1119,4.542257785797119,0.4407799243927002,-937.5936889648438,-943.4924926757812,-918.9278564453125,822.3588256835938,828.9611206054688,801.762939453125,869.5869140625,876.0,849.0,876.0,906.0,30.0,3.3112582781456954,96.6887417218543,0,8899,0,813,13.235153198242188,12.881902694702148,13.77145004272461,0.9946867227554321,0.9623717665672302,0.9996744394302368,0.3185683786869049,0.8914250135421753,10.32448673248291,0.9999998807907104,214.78696417808533,214.78696608543396
G19,adam,auto,0,1120,1120,4.547423362731934,0.4402801990509033,-937.476806640625,-943.3763427734375,-918.8085327148438,822.470947265625,829.068359375,801.8976440429688,869.5869140625,876.0,849.0,876.0,906.0,30.0,3.3112582781456954,96.6887417218543,0,8899,0,813,13.180194854736328,12.827460289001465,13.716231346130371,0.994709849357605,0.9624106287956238,0.9996769428253174,0.3183230757713318,0.8915428519248962,10.271875381469727,0.9999999403953552,214.97876405715942,214.97876596450806
G19,adam,auto,0,1121,1121,4.552601337432861,0.43978041410446167,-937.3598022460938,-943.2603149414062,-918.6892700195312,822.5831298828125,829.1815185546875,801.984130859375,869.5869140625,876.0,849.0,876.0,906.0,30.0,3.3112582781456954,96.6887417218543,0,8899,0,813,13.125699996948242,12.77346420288086,13.661487579345703,0.9947328567504883,0.96244877576828,0.999679446220398,0.31807661056518555,0.8916612267494202,10.211118698120117,0.9999998807907104,215.16881895065308,215.1688208580017
G19,adam,auto,0,1122,1122,4.5577898025512695,0.4392806887626648,-937.2427978515625,-943.1441040039062,-918.5700073242188,822.694580078125,829.2905883789062,802.1158447265625,869.5869140625,876.0,849.0,876.0,906.0,30.0,3.3112582781456954,96.6887417218543,0,8899,0,813,13.071672439575195,12.71994400024414,13.607209205627441,0.9947555661201477,0.9624862670898438,0.9996819496154785,0.3178309500217438,0.891778826713562,10.167536735534668,0.9999998211860657,215.35926914215088,215.3592710494995
G19,adam,auto,0,1123,1123,4.562991619110107,0.43878090381622314,-937.1259155273438,-943.02783203125,-918.4507446289062,822.8060913085938,829.4039306640625,802.2205810546875,869.5869140625,876.0,849.0,876.0,906.0,30.0,3.3112582781456954,96.6887417218543,0,8899,0,813,13.018101692199707,12.666864395141602,13.553407669067383,0.9947780966758728,0.9625231623649597,0.9996843338012695,0.3175845742225647,0.8918964266777039,10.121846199035645,0.9999999403953552,215.55129313468933,215.55129504203796
G19,adam,auto,0,1124,1124,4.568203926086426,0.43828117847442627,-937.0087890625,-942.9115600585938,-918.3314208984375,822.9171752929688,829.5167236328125,802.328125,869.5869140625,876.0,849.0,876.0,906.0,30.0,3.3112582781456954,96.6887417218543,0,8899,0,813,12.964987754821777,12.614248275756836,13.50005054473877,0.9948003888130188,0.9625595211982727,0.9996867179870605,0.3173380494117737,0.8920138478279114,10.07213020324707,0.9999999403953552,215.74167728424072,215.74167919158936
G19,adam,auto,0,1125,1125,4.573429107666016,0.4377813935279846,-936.8917846679688,-942.7952880859375,-918.2120971679688,823.0280151367188,829.6207885742188,802.4468994140625,869.5869140625,876.0,849.0,876.0,906.0,30.0,3.3112582781456954,96.6887417218543,0,8899,0,813,12.91232681274414,12.562082290649414,13.447151184082031,0.9948224425315857,0.9625952839851379,0.9996891021728516,0.31709161400794983,0.8921308517456055,10.026887893676758,0.9999998807907104,215.9338402748108,215.93384313583374
G19,adam,auto,0,1126,1126,4.578665733337402,0.43728166818618774,-936.7747802734375,-942.6790771484375,-918.0927124023438,823.1386108398438,829.737060546875,802.553466796875,869.5869140625,876.0,849.0,876.0,906.0,30.0,3.3112582781456954,96.6887417218543,0,8899,0,813,12.860109329223633,12.510345458984375,13.394710540771484,0.9948443174362183,0.9626304507255554,0.9996914863586426,0.316844642162323,0.8922476768493652,9.980193138122559,0.9999999403953552,216.12450790405273,216.12450981140137
G19,adam,auto,0,1127,1127,4.5839152336120605,0.43678194284439087,-936.65771484375,-942.5628662109375,-917.973388671875,823.248779296875,829.8428344726562,802.6634521484375,869.5869140625,876.0,849.0,876.0,906.0,30.0,3.3112582781456954,96.6887417218543,0,8899,0,813,12.808338165283203,12.459068298339844,13.342714309692383,0.9948659539222717,0.9626650214195251,0.9996938705444336,0.31659793853759766,0.8923643827438354,9.936588287353516,0.9999999403953552,216.31474900245667,216.3147509098053
G19,adam,auto,0,1128,1128,4.589175701141357,0.4362821578979492,-936.5405883789062,-942.446533203125,-917.8538818359375,823.3588256835938,829.953125,802.77685546875,869.5869140625,876.0,849.0,876.0,906.0,30.0,3.3112582781456954,96.6887417218543,0,8899,0,813,12.757000923156738,12.408207893371582,13.291154861450195,0.9948873519897461,0.9626989364624023,0.9996961355209351,0.31635066866874695,0.8924806118011475,9.887446403503418,0.9999998807907104,216.50602293014526,216.5060248374939
G19,adam,auto,0,1129,1129,4.594449043273926,0.43578243255615234,-936.423583984375,-942.3301391601562,-917.734619140625,823.4686279296875,830.06103515625,802.8845825195312,869.5869140625,876.0,849.0,876.0,906.0,30.0,3.3112582781456954,96.6887417218543,0,8899,0,813,12.706100463867188,12.357782363891602,13.240030288696289,0.9949086308479309,0.9627323746681213,0.9996984004974365,0.31610342860221863,0.8925970196723938,9.841435432434082,1.0,216.69631433486938,216.69631624221802
G19,adam,auto,0,1130,1130,4.599733829498291,0.4352826476097107,-936.306396484375,-942.2137451171875,-917.6151123046875,823.5780639648438,830.1676025390625,802.9961547851562,869.5869140625,876.0,849.0,876.0,906.0,30.0,3.3112582781456954,96.6887417218543,0,8899,0,813,12.655628204345703,12.30778694152832,13.189342498779297,0.9949296116828918,0.9627652168273926,0.999700665473938,0.31585609912872314,0.8927128911018372,9.800213813781738,0.9999998807907104,216.88896226882935,216.88896417617798
G19,adam,auto,0,1131,1131,4.605030536651611,0.4347829222679138,-936.1893920898438,-942.0974731445312,-917.4957275390625,823.6873168945312,830.2779541015625,803.102783203125,869.5869140625,876.0,849.0,876.0,906.0,30.0,3.3112582781456954,96.6887417218543,0,8899,0,813,12.605582237243652,12.25821590423584,13.139092445373535,0.9949504733085632,0.9627975821495056,0.9997028708457947,0.31560832262039185,0.8928287029266357,9.752232551574707,0.9999998807907104,217.08097529411316,217.0809772014618
G19,adam,auto,0,1132,1132,4.610340595245361,0.43428319692611694,-936.0722045898438,-941.9811401367188,-917.3764038085938,823.796142578125,830.3865966796875,803.217041015625,869.5869140625,876.0,849.0,876.0,906.0,30.0,3.3112582781456954,96.6887417218543,0,8899,0,813,12.55595588684082,12.20905590057373,13.089263916015625,0.9949710965156555,0.9628292918205261,0.9997051358222961,0.31536081433296204,0.8929440379142761,9.713361740112305,0.9999999403953552,217.27241706848145,217.27241897583008
G19,adam,auto,0,1133,1133,4.615662097930908,0.4337834119796753,-935.9550170898438,-941.86474609375,-917.2568969726562,823.9049072265625,830.4927978515625,803.3212890625,869.5869140625,876.0,849.0,876.0,906.0,30.0,3.3112582781456954,96.6887417218543,0,8899,0,813,12.506752014160156,12.160318374633789,13.03985595703125,0.9949916005134583,0.9628604650497437,0.9997072815895081,0.3151126801967621,0.8930595517158508,9.670882225036621,0.9999999403953552,217.46305513381958,217.4630570411682
G19,adam,auto,0,1134,1134,4.620996475219727,0.4332836866378784,-935.8380126953125,-941.748291015625,-917.1375122070312,824.0133056640625,830.6032104492188,803.430908203125,869.5869140625,876.0,849.0,876.0,906.0,30.0,3.3112582781456954,96.6887417218543,0,8899,0,813,12.457956314086914,12.11197280883789,12.990863800048828,0.9950118064880371,0.9628912210464478,0.99970942735672,0.3148646056652069,0.8931746482849121,9.620001792907715,0.9999998807907104,217.66323614120483,217.66323804855347
G19,adam,auto,0,1135,1135,4.626342296600342,0.43278390169143677,-935.7208251953125,-941.6319580078125,-917.0179443359375,824.1214599609375,830.7075805664062,803.5438232421875,869.5869140625,876.0,849.0,876.0,906.0,30.0,3.3112582781456954,96.6887417218543,0,8899,0,813,12.409566879272461,12.064055442810059,12.942282676696777,0.9950318336486816,0.9629213809967041,0.9997115731239319,0.31461647152900696,0.8932893872261047,9.582600593566895,0.9999999403953552,217.85026121139526,217.8502631187439
G19,adam,auto,0,1136,1136,4.631701469421387,0.4322841763496399,-935.6036987304688,-941.5156860351562,-916.898681640625,824.2293090820312,830.8184814453125,803.6451416015625,869.5869140625,876.0,849.0,876.0,906.0,30.0,3.3112582781456954,96.6887417218543,0,8899,0,813,12.361590385437012,12.016532897949219,12.894110679626465,0.9950516819953918,0.9629510045051575,0.9997137188911438,0.3143681287765503,0.8934041261672974,9.543270111083984,0.9999999403953552,218.04122304916382,218.04122495651245
G19,adam,auto,0,1137,1137,4.637072563171387,0.431784451007843,-935.4865112304688,-941.3992919921875,-916.7791748046875,824.3370971679688,830.922119140625,803.7603759765625,869.5869140625,876.0,849.0,876.0,906.0,30.0,3.3112582781456954,96.6887417218543,0,8899,0,813,12.314005851745605,11.969405174255371,12.846339225769043,0.9950713515281677,0.9629800915718079,0.9997158646583557,0.3141191899776459,0.8935186266899109,9.490604400634766,0.9999999403953552,218.2350730895996,218.23507499694824
G19,adam,auto,0,1138,1138,4.642456531524658,0.43128466606140137,-935.369384765625,-941.282958984375,-916.6597290039062,824.4442749023438,831.0308837890625,803.8597412109375,869.5869140625,876.0,849.0,876.0,906.0,30.0,3.3112582781456954,96.6887417218543,0,8899,0,813,12.266819953918457,11.922658920288086,12.798969268798828,0.995090901851654,0.9630087018013,0.9997180104255676,0.313870906829834,0.8936327695846558,9.45814037322998,0.9999999403953552,218.424458026886,218.42445993423462
G19,adam,auto,0,1139,1139,4.647852420806885,0.4307849407196045,-935.2523193359375,-941.1666259765625,-916.5402221679688,824.551513671875,831.136474609375,803.978759765625,869.5869140625,876.0,849.0,876.0,906.0,30.0,3.3112582781456954,96.6887417218543,0,8899,0,813,12.2200288772583,11.876315116882324,12.751996040344238,0.9951100945472717,0.9630367755889893,0.99972003698349,0.3136218786239624,0.8937468528747559,9.420416831970215,0.9999999403953552,218.61787009239197,218.6178731918335
G19,adam,auto,0,1140,1140,4.653261661529541,0.43028515577316284,-935.1351928710938,-941.05029296875,-916.4208984375,824.6586303710938,831.24365234375,804.0718994140625,869.5869140625,876.0,849.0,876.0,906.0,30.0,3.3112582781456954,96.6887417218543,0,8899,0,813,12.173623085021973,11.830353736877441,12.705404281616211,0.9951292276382446,0.963064432144165,0.9997220635414124,0.313372403383255,0.8938607573509216,9.364694595336914,0.9999998807907104,218.81213903427124,218.81214094161987
G19,adam,auto,0,1141,1141,4.658682823181152,0.42978543043136597,-935.0180053710938,-940.9339599609375,-916.301513671875,824.7650146484375,831.3487548828125,804.193115234375,869.5869140625,876.0,849.0,876.0,906.0,30.0,3.3112582781456954,96.6887417218543,0,8899,0,813,12.127601623535156,11.784770965576172,12.659208297729492,0.9951481819152832,0.9630914926528931,0.9997240900993347,0.3131239414215088,0.893974244594574,9.337345123291016,0.9999998807907104,219.00287413597107,219.0028772354126
G19,adam,auto,0,1142,1142,4.664116859436035,0.4292856454849243,-934.9008178710938,-940.817626953125,-916.1820678710938,824.8715209960938,831.4541015625,804.2887573242188,869.5869140625,876.0,849.0,876.0,906.0,30.0,3.3112582781456954,96.6887417218543,0,8899,0,813,12.081968307495117,11.739572525024414,12.613414764404297,0.9951670169830322,0.9631181359291077,0.9997261166572571,0.31287407875061035,0.8940876126289368,9.302591323852539,0.9999998807907104,219.19410824775696,219.19411087036133
G19,adam,auto,0,1143,1143,4.669563293457031,0.42878592014312744,-934.78369140625,-940.701171875,-916.062744140625,824.9777221679688,831.5570068359375,804.4017333984375,869.5869140625,876.0,849.0,876.0,906.0,30.0,3.3112582781456954,96.6887417218543,0,8899,0,813,12.036706924438477,11.694747924804688,12.567975997924805,0.9951855540275574,0.9631443619728088,0.9997281432151794,0.31262442469596863,0.8942010402679443,9.251026153564453,0.9999999403953552,219.38538718223572,219.38538908958435
G19,adam,auto,0,1144,1144,4.675022602081299,0.42828619480133057,-934.6666259765625,-940.5848388671875,-915.943359375,825.0834350585938,831.6639404296875,804.5064697265625,869.5869140625,876.0,849.0,876.0,906.0,30.0,3.3112582781456954,96.6887417218543,0,8899,0,813,11.99181842803955,11.650291442871094,12.522918701171875,0.995203971862793,0.963170051574707,0.9997300505638123,0.3123754858970642,0.8943137526512146,9.213054656982422,0.9999998211860657,219.57498717308044,219.57498908042908
G19,adam,auto,0,1145,1145,4.680495262145996,0.4277864098548889,-934.5494995117188,-940.468505859375,-915.823974609375,825.189453125,831.768310546875,804.6107788085938,869.5869140625,876.0,849.0,876.0,906.0,30.0,3.3112582781456954,96.6887417218543,0,8899,0,813,11.947297096252441,11.606203079223633,12.478240966796875,0.995222270488739,0.963195264339447,0.9997320771217346,0.31212475895881653,0.8944268822669983,9.174941062927246,0.9999998211860657,219.76743912696838,219.76744103431702
G19,adam,auto,0,1146,1146,4.685979843139648,0.42728668451309204,-934.432373046875,-940.3521728515625,-915.7046508789062,825.294677734375,831.872802734375,804.719970703125,869.5869140625,876.0,849.0,876.0,906.0,30.0,3.3112582781456954,96.6887417218543,0,8899,0,813,11.903145790100098,11.562479972839355,12.433940887451172,0.995240330696106,0.9632200002670288,0.9997339844703674,0.3118755519390106,0.8945392966270447,9.14211654663086,0.9999999403953552,219.95838332176208,219.95838522911072
G19,adam,auto,0,1147,1147,4.691478252410889,0.4267868995666504,-934.3154296875,-940.2357788085938,-915.5852661132812,825.4000244140625,831.980224609375,804.822021484375,869.5869140625,876.0,849.0,876.0,906.0,30.0,3.3112582781456954,96.6887417218543,0,8899,0,813,11.859355926513672,11.519108772277832,12.389982223510742,0.9952582120895386,0.9632443785667419,0.9997358918190002,0.3116248548030853,0.8946518898010254,9.101916313171387,0.9999998211860657,220.15014028549194,220.15014219284058
G19,adam,auto,0,1148,1148,4.696988582611084,0.4262871742248535,-934.1983032226562,-940.1195678710938,-915.4660034179688,825.5048828125,832.0845947265625,804.9297485351562,869.5869140625,876.0,849.0,876.0,906.0,30.0,3.3112582781456954,96.6887417218543,0,8899,0,813,11.815918922424316,11.476091384887695,12.34640121459961,0.9952759146690369,0.9632682204246521,0.9997377991676331,0.3113749623298645,0.8947640061378479,9.055338859558105,0.9999999403953552,220.34064531326294,220.34064722061157
G19,adam,auto,0,1149,1149,4.702512741088867,0.42578744888305664,-934.0811767578125,-940.003173828125,-915.3466796875,825.6096801757812,832.188720703125,805.0359497070312,869.5869140625,876.0,849.0,876.0,906.0,30.0,3.3112582781456954,96.6887417218543,0,8899,0,813,11.772842407226562,11.433435440063477,12.30316162109375,0.9952934980392456,0.9632917046546936,0.9997397065162659,0.31112435460090637,0.8948761224746704,9.03032112121582,0.9999999403953552,220.5351402759552,220.53514218330383
G19,adam,auto,0,1150,1150,4.708049297332764,0.425287663936615,-933.964111328125,-939.8869018554688,-915.2273559570312,825.7141723632812,832.29150390625,805.1353759765625,869.5869140625,876.0,849.0,876.0,906.0,30.0,3.3112582781456954,96.6887417218543,0,8899,0,813,11.730118751525879,11.391119003295898,12.260293006896973,0.9953110218048096,0.9633147120475769,0.9997414946556091,0.31087377667427063,0.894987940788269,8.99204158782959,0.9999998807907104,220.72795510292053,220.72795701026917
G19,adam,auto,0,1151,1151,4.713599681854248,0.4247879385948181,-933.8472290039062,-939.7706298828125,-915.108154296875,825.8184204101562,832.397216796875,805.2482299804688,869.5869140625,876.0,849.0,876.0,906.0,30.0,3.3112582781456954,96.6887417218543,0,8899,0,813,11.687739372253418,11.349145889282227,12.21777057647705,0.9953281879425049,0.963337242603302,0.9997434020042419,0.31062304973602295,0.8950996398925781,8.940911293029785,0.9999998807907104,220.9221670627594,220.92216897010803
G19,adam,auto,0,1152,1152,4.7191619873046875,0.42428815364837646,-933.7301025390625,-939.6542358398438,-914.98876953125,825.9224853515625,832.4983520507812,805.3458251953125,869.5869140625,876.0,849.0,876.0,906.0,30.0,3.3112582781456954,96.6887417218543,0,8899,0,813,11.645699501037598,11.307519912719727,12.175594329833984,0.9953452348709106,0.963359534740448,0.9997451901435852,0.3103722631931305,0.8952111005783081,8.917593955993652,0.9999999403953552,221.1191921234131,221.11919403076172
G19,adam,auto,0,1153,1153,4.724738597869873,0.4237884283065796,-933.6129760742188,-939.5380859375,-914.8694458007812,826.0264282226562,832.6008911132812,805.4525146484375,869.5869140625,876.0,849.0,876.0,906.0,30.0,3.3112582781456954,96.6887417218543,0,8899,0,813,11.604004859924316,11.266242980957031,12.133756637573242,0.9953622221946716,0.9633811712265015,0.9997469782829285,0.3101210594177246,0.8953223824501038,8.884968757629395,0.9999998807907104,221.31140518188477,221.3114070892334
G19,adam,auto,0,1154,1154,4.730327606201172,0.4232887029647827,-933.49609375,-939.4219360351562,-914.7503051757812,826.1298828125,832.708251953125,805.5574951171875,869.5869140625,876.0,849.0,876.0,906.0,30.0,3.3112582781456954,96.6887417218543,0,8899,0,813,11.56264877319336,11.225288391113281,12.092262268066406,0.9953789710998535,0.9634025692939758,0.9997487664222717,0.30987024307250977,0.8954334259033203,8.837970733642578,0.9999998807907104,221.50416898727417,221.5041708946228
G19,adam,auto,0,1155,1155,4.735930442810059,0.42278891801834106,-933.3792114257812,-939.3057250976562,-914.6310424804688,826.2335205078125,832.80517578125,805.660888671875,869.5869140625,876.0,849.0,876.0,906.0,30.0,3.3112582781456954,96.6887417218543,0,8899,0,813,11.521624565124512,11.184659957885742,12.051106452941895,0.9953956604003906,0.9634234309196472,0.999750554561615,0.3096183240413666,0.8955443501472473,8.811948776245117,0.9999998807907104,221.69202423095703,221.69202613830566
G19,adam,auto,0,1156,1156,4.741546154022217,0.4222891926765442,-933.26220703125,-939.1895751953125,-914.511962890625,826.33642578125,832.9095458984375,805.7610473632812,869.5869140625,876.0,849.0,876.0,906.0,30.0,3.3112582781456954,96.6887417218543,0,8899,0,813,11.480937004089355,11.144371032714844,12.010290145874023,0.9954121112823486,0.9634440541267395,0.9997523427009583,0.3093675971031189,0.8956549167633057,8.780628204345703,0.9999998807907104,221.8850293159485,221.88503122329712
G19,adam,auto,0,1157,1157,4.7471747398376465,0.42178940773010254,-933.1452026367188,-939.0733642578125,-914.3927001953125,826.4395751953125,833.0081176757812,805.8719482421875,869.5869140625,876.0,849.0,876.0,906.0,30.0,3.3112582781456954,96.6887417218543,0,8899,0,813,11.440569877624512,11.10440444946289,11.969793319702148,0.9954284429550171,0.9634642004966736,0.999754011631012,0.30911532044410706,0.8957656621932983,8.732698440551758,0.9999999403953552,222.07907629013062,222.07907819747925
G19,adam,auto,0,1158,1158,4.752817630767822,0.42128968238830566,-933.0283813476562,-938.957275390625,-914.2734985351562,826.5421752929688,833.1126708984375,805.9662475585938,869.5869140625,876.0,849.0,876.0,906.0,30.0,3.3112582781456954,96.6887417218543,0,8899,0,813,11.400530815124512,11.064754486083984,11.929624557495117,0.9954445958137512,0.9634838700294495,0.9997557997703552,0.3088638484477997,0.8958759903907776,8.703855514526367,0.9999998807907104,222.27053213119507,222.2705352306366
G19,adam,auto,0,1159,1159,4.7584733963012695,0.420789897441864,-932.911376953125,-938.841064453125,-914.1543579101562,826.6446533203125,833.2152099609375,806.07421875,869.5869140625,876.0,849.0,876.0,906.0,30.0,3.3112582781456954,96.6887417218543,0,8899,0,813,11.36081600189209,11.025426864624023,11.889785766601562,0.9954606294631958,0.9635032415390015,0.9997574687004089,0.3086121380329132,0.8959861397743225,8.67822265625,0.9999998807907104,222.46110701560974,222.46110892295837
G19,adam,auto,0,1160,1160,4.764142990112305,0.42029017210006714,-932.7946166992188,-938.7249755859375,-914.0352783203125,826.7471313476562,833.31689453125,806.1795654296875,869.5869140625,876.0,849.0,876.0,906.0,30.0,3.3112582781456954,96.6887417218543,0,8899,0,813,11.321412086486816,10.98641586303711,11.85025405883789,0.995476484298706,0.9635222554206848,0.9997591376304626,0.3083595633506775,0.8960961699485779,8.631572723388672,0.9999999403953552,222.651917219162,222.65191912651062
G19,adam,auto,0,1161,1161,4.7698259353637695,0.41979044675827026,-932.6777954101562,-938.6089477539062,-913.9161987304688,826.8489990234375,833.4163818359375,806.2711181640625,869.5869140625,876.0,849.0,876.0,906.0,30.0,3.3112582781456954,96.6887417218543,0,8899,0,813,11.28232479095459,10.947713851928711,11.811042785644531,0.9954923987388611,0.9635408520698547,0.9997608065605164,0.30810800194740295,0.8962060809135437,8.603408813476562,0.9999998211860657,222.84266805648804,222.84266996383667
G19,adam,auto,0,1162,1162,4.775522708892822,0.4192906618118286,-932.5609741210938,-938.4927978515625,-913.797119140625,826.9510498046875,833.52001953125,806.3887939453125,869.5869140625,876.0,849.0,876.0,906.0,30.0,3.3112582781456954,96.6887417218543,0,8899,0,813,11.243550300598145,10.90932559967041,11.772150039672852,0.9955078959465027,0.9635591506958008,0.9997624754905701,0.3078552484512329,0.8963155150413513,8.575482368469238,0.9999997615814209,223.03485226631165,223.03485417366028
G19,adam,auto,0,1163,1163,4.7812323570251465,0.41879093647003174,-932.4442749023438,-938.3768310546875,-913.6781005859375,827.0526733398438,833.6205444335938,806.4776611328125,869.5869140625,876.0,849.0,876.0,906.0,30.0,3.3112582781456954,96.6887417218543,0,8899,0,813,11.20508098602295,10.871238708496094,11.733570098876953,0.9955233931541443,0.9635770320892334,0.9997641444206238,0.30760276317596436,0.8964252471923828,8.532493591308594,0.9999998807907104,223.22767424583435,223.22767615318298
G19,adam,auto,0,1164,1164,4.786956787109375,0.4182911515235901,-932.3275146484375,-938.2608642578125,-913.5592651367188,827.154052734375,833.7183837890625,806.58447265625,869.5869140625,876.0,849.0,876.0,906.0,30.0,3.3112582781456954,96.6887417218543,0,8899,0,813,11.166916847229004,10.833452224731445,11.695301055908203,0.9955387115478516,0.9635946750640869,0.9997656941413879,0.3073504865169525,0.896534264087677,8.507543563842773,0.9999998211860657,223.4173502922058,223.41735219955444
G19,adam,auto,0,1165,1165,4.792694091796875,0.4177914261817932,-932.210693359375,-938.1448364257812,-913.4402465820312,827.2554321289062,833.8171997070312,806.69189453125,869.5869140625,876.0,849.0,876.0,906.0,30.0,3.3112582781456954,96.6887417218543,0,8899,0,813,11.129055976867676,10.795965194702148,11.657316207885742,0.9955538511276245,0.9636118412017822,0.9997673630714417,0.30709731578826904,0.8966436386108398,8.473671913146973,0.9999998807907104,223.60866904258728,223.6086709499359
G19,adam,auto,0,1166,1166,4.798445701599121,0.41729170083999634,-932.0941162109375,-938.0288696289062,-913.3211669921875,827.3563232421875,833.9188842773438,806.77978515625,869.5869140625,876.0,849.0,876.0,906.0,30.0,3.3112582781456954,96.6887417218543,0,8899,0,813,11.091496467590332,10.758779525756836,11.619647979736328,0.9955689311027527,0.9636286497116089,0.9997689127922058,0.3068448007106781,0.8967524170875549,8.441106796264648,0.9999998211860657,223.79901123046875,223.79901313781738
G19,adam,auto,0,1167,1167,4.804210662841797,0.4167919158935547,-931.9774169921875,-937.9129638671875,-913.2022705078125,827.457275390625,834.0199584960938,806.8941040039062,869.5869140625,876.0,849.0,876.0,906.0,30.0,3.3112582781456954,96.6887417218543,0,8899,0,813,11.054231643676758,10.721895217895508,11.582279205322266,0.9955838322639465,0.9636452198028564,0.99977046251297,0.3065915107727051,0.89686119556427,8.417819023132324,0.9999998807907104,223.99107813835144,223.99108004570007
G19,adam,auto,0,1168,1168,4.809989929199219,0.4162921905517578,-931.8607788085938,-937.7970581054688,-913.08349609375,827.557861328125,834.1204223632812,806.9904174804688,869.5869140625,876.0,849.0,876.0,906.0,30.0,3.3112582781456954,96.6887417218543,0,8899,0,813,11.017260551452637,10.68528938293457,11.545204162597656,0.9955986142158508,0.9636614322662354,0.9997720122337341,0.30633851885795593,0.896969735622406,8.375540733337402,0.9999999403953552,224.1837351322174,224.18373703956604
G19,adam,auto,0,1169,1169,4.81578254699707,0.41579240560531616,-931.7442016601562,-937.68115234375,-912.9646606445312,827.6583251953125,834.2201538085938,807.0858764648438,869.5869140625,876.0,849.0,876.0,906.0,30.0,3.3112582781456954,96.6887417218543,0,8899,0,813,10.980579376220703,10.64897632598877,11.508411407470703,0.9956132769584656,0.9636772274971008,0.9997735619544983,0.30608493089675903,0.897078275680542,8.34175968170166,0.9999998807907104,224.37326431274414,224.3732671737671
G19,adam,auto,0,1170,1170,4.82158899307251,0.4152926802635193,-931.6276245117188,-937.5653686523438,-912.8458862304688,827.7584838867188,834.320556640625,807.19677734375,869.5869140625,876.0,849.0,876.0,906.0,30.0,3.3112582781456954,96.6887417218543,0,8899,0,813,10.944184303283691,10.612943649291992,11.47191047668457,0.9956278800964355,0.963692843914032,0.9997751116752625,0.3058318495750427,0.8971863985061646,8.319351196289062,1.0,224.564058303833,224.56406021118164
G19,adam,auto,0,1171,1171,4.8274102210998535,0.4147929549217224,-931.5111083984375,-937.4496459960938,-912.7271118164062,827.858642578125,834.418701171875,807.29150390625,869.5869140625,876.0,849.0,876.0,906.0,30.0,3.3112582781456954,96.6887417218543,0,8899,0,813,10.908071517944336,10.577194213867188,11.435697555541992,0.9956422448158264,0.9637071490287781,0.9997766613960266,0.30557796359062195,0.8972946405410767,8.282817840576172,0.9999999403953552,224.75594305992126,224.7559449672699
G19,adam,auto,0,1172,1172,4.833245277404785,0.41429316997528076,-931.3945922851562,-937.3338623046875,-912.6084594726562,827.9584350585938,834.5183715820312,807.3850708007812,869.5869140625,876.0,849.0,876.0,906.0,30.0,3.3112582781456954,96.6887417218543,0,8899,0,813,10.872236251831055,10.541731834411621,11.399770736694336,0.9956565499305725,0.9637195467948914,0.9997782111167908,0.3053243160247803,0.8974025249481201,8.251111030578613,0.9999999403953552,224.9463551044464,224.94635796546936
G19,adam,auto,0,1173,1173,4.839094638824463,0.4137934446334839,-931.278076171875,-937.2180786132812,-912.48974609375,828.0579833984375,834.6182861328125,807.505615234375,869.5869140625,876.0,849.0,876.0,906.0,30.0,3.3112582781456954,96.6887417218543,0,8899,0,813,10.83668327331543,10.506528854370117,11.364115715026855,0.9956706166267395,0.963731586933136,0.9997796416282654,0.3050706386566162,0.8975101709365845,8.232151985168457,0.9999999403953552,225.1385691165924,225.13857102394104
G19,adam,auto,0,1174,1174,4.84495735168457,0.41329365968704224,-931.1616821289062,-937.1024169921875,-912.37109375,828.1575927734375,834.7171020507812,807.576171875,869.5869140625,876.0,849.0,876.0,906.0,30.0,3.3112582781456954,96.6887417218543,0,8899,0,813,10.801407814025879,10.471610069274902,11.328742980957031,0.9956846237182617,0.9637435674667358,0.9997811913490295,0.30481627583503723,0.8976178765296936,8.197429656982422,0.9999999403953552,225.32982516288757,225.3298270702362
G19,adam,auto,0,1175,1175,4.85083532333374,0.41279393434524536,-931.0452880859375,-936.9867553710938,-912.25244140625,828.2566528320312,834.8179931640625,807.7056884765625,869.5869140625,876.0,849.0,876.0,906.0,30.0,3.3112582781456954,96.6887417218543,0,8899,0,813,10.766403198242188,10.436951637268066,11.293645858764648,0.9956985712051392,0.963755190372467,0.9997826218605042,0.3045625686645508,0.8977252840995789,8.161579132080078,0.9999998807907104,225.52068305015564,225.52068495750427
G19,adam,auto,0,1176,1176,4.856727123260498,0.4122942090034485,-930.9290161132812,-936.8711547851562,-912.1338500976562,828.3557739257812,834.9135131835938,807.7818603515625,869.5869140625,876.0,849.0,876.0,906.0,30.0,3.3112582781456954,96.6887417218543,0,8899,0,813,10.731667518615723,10.402578353881836,11.258819580078125,0.995712399482727,0.9637665748596191,0.9997840523719788,0.3043079376220703,0.8978325128555298,8.139435768127441,0.9999998807907104,225.71155405044556,225.7115559577942
G19,adam,auto,0,1177,1177,4.862633228302002,0.41179442405700684,-930.8126831054688,-936.7554931640625,-912.0153198242188,828.4546508789062,835.0126953125,807.8931884765625,869.5869140625,876.0,849.0,876.0,906.0,30.0,3.3112582781456954,96.6887417218543,0,8899,0,813,10.6972017288208,10.368460655212402,11.224259376525879,0.9957259893417358,0.9637777805328369,0.9997854828834534,0.30405375361442566,0.8979397416114807,8.10637092590332,0.9999999403953552,225.90307116508484,225.90307307243347
G19,adam,auto,0,1178,1178,4.868553638458252,0.41129469871520996,-930.6964721679688,-936.6400756835938,-911.8969116210938,828.5532836914062,835.1095581054688,807.9923706054688,869.5869140625,876.0,849.0,876.0,906.0,30.0,3.3112582781456954,96.6887417218543,0,8899,0,813,10.662996292114258,10.33460807800293,11.18996524810791,0.9957395792007446,0.9637887477874756,0.999786913394928,0.30379918217658997,0.8980464935302734,8.074909210205078,0.9999998211860657,226.09398198127747,226.0939838886261
G19,adam,auto,0,1179,1179,4.874488830566406,0.4107949137687683,-930.5802001953125,-936.5245361328125,-911.7784423828125,828.65185546875,835.2056274414062,808.083251953125,869.5869140625,876.0,849.0,876.0,906.0,30.0,3.3112582781456954,96.6887417218543,0,8899,0,813,10.62905216217041,10.301006317138672,11.155929565429688,0.9957529902458191,0.9637993574142456,0.9997883439064026,0.30354443192481995,0.8981534242630005,8.051465034484863,1.0,226.2852590084076,226.28526091575623
G19,adam,auto,0,1180,1180,4.880437850952148,0.41029518842697144,-930.4639892578125,-936.4091186523438,-911.6599731445312,828.7501220703125,835.3034057617188,808.1900634765625,869.5869140625,876.0,849.0,876.0,906.0,30.0,3.3112582781456954,96.6887417218543,0,8899,0,813,10.595365524291992,10.26766300201416,11.122161865234375,0.995766282081604,0.9638099074363708,0.9997897744178772,0.3032898008823395,0.8982600569725037,8.020591735839844,0.9999998807907104,226.47501492500305,226.47501683235168
G19,adam,auto,0,1181,1181,4.886402606964111,0.4097954034805298,-930.3477783203125,-936.2936401367188,-911.5416259765625,828.8482666015625,835.402099609375,808.286865234375,869.5869140625,876.0,849.0,876.0,906.0,30.0,3.3112582781456954,96.6887417218543,0,8899,0,813,10.561938285827637,10.234580993652344,11.08863639831543,0.9957795143127441,0.9638200998306274,0.9997910857200623,0.30303463339805603,0.8983665108680725,7.989412784576416,0.9999999403953552,226.6658971309662,226.66589903831482
G19,adam,auto,0,1182,1182,4.892380714416504,0.4092956781387329,-930.231689453125,-936.1783447265625,-911.4232788085938,828.9461059570312,835.4979858398438,808.3779296875,869.5869140625,876.0,849.0,876.0,906.0,30.0,3.3112582781456954,96.6887417218543,0,8899,0,813,10.528767585754395,10.201743125915527,11.055386543273926,0.9957926273345947,0.9638301730155945,0.9997925162315369,0.30277982354164124,0.8984728455543518,7.965900421142578,0.9999998807907104,226.85662126541138,226.85662317276
G19,adam,auto,0,1183,1183,4.898373603820801,0.40879595279693604,-930.11572265625,-936.0629272460938,-911.3050537109375,829.0438232421875,835.5960693359375,808.490234375,869.5869140625,876.0,849.0,876.0,906.0,30.0,3.3112582781456954,96.6887417218543,0,8899,0,813,10.495843887329102,10.169168472290039,11.022384643554688,0.9958055019378662,0.9638398885726929,0.9997938275337219,0.3025245666503906,0.8985788822174072,7.941699504852295,0.9999998211860657,227.04998207092285,227.04998397827148
G19,adam,auto,0,1184,1184,4.90438175201416,0.4082961678504944,-929.9995727539062,-935.9475708007812,-911.1868896484375,829.1414794921875,835.6942749023438,808.5725708007812,869.5869140625,876.0,849.0,876.0,906.0,30.0,3.3112582781456954,96.6887417218543,0,8899,0,813,10.463170051574707,10.136829376220703,10.989619255065918,0.9958184361457825,0.9638495445251465,0.9997952580451965,0.3022691309452057,0.898685097694397,7.9108734130859375,0.9999998807907104,227.24012804031372,227.24012994766235
G19,adam,auto,0,1185,1185,4.910404205322266,0.4077964425086975,-929.8836059570312,-935.8323974609375,-911.0686645507812,829.23876953125,835.7923583984375,808.6822509765625,869.5869140625,876.0,849.0,876.0,906.0,30.0,3.3112582781456954,96.6887417218543,0,8899,0,813,10.430744171142578,10.104745864868164,10.957115173339844,0.9958311319351196,0.963858962059021,0.9997965693473816,0.3020137846469879,0.8987907767295837,7.880927085876465,0.9999998211860657,227.43019604682922,227.43019890785217
G19,adam,auto,0,1186,1186,4.916441917419434,0.40729665756225586,-929.767822265625,-935.7171630859375,-910.950439453125,829.3359985351562,835.8861694335938,808.77294921875,869.5869140625,876.0,849.0,876.0,906.0,30.0,3.3112582781456954,96.6887417218543,0,8899,0,813,10.398557662963867,10.072887420654297,10.924853324890137,0.9958438277244568,0.9638681411743164,0.9997978806495667,0.30175819993019104,0.8988965153694153,7.858728408813477,0.9999998807907104,227.62303638458252,227.6230390071869
G19,adam,auto,0,1187,1187,4.922493934631348,0.406796932220459,-929.6519165039062,-935.6019897460938,-910.8323974609375,829.4330444335938,835.9826049804688,808.8748168945312,869.5869140625,876.0,849.0,876.0,906.0,30.0,3.3112582781456954,96.6887417218543,0,8899,0,813,10.366616249084473,10.041275024414062,10.89283561706543,0.9958563446998596,0.9638770818710327,0.9997991919517517,0.30150237679481506,0.8990021347999573,7.832369327545166,0.9999997615814209,227.8127031326294,227.81270503997803
G19,adam,auto,0,1188,1188,4.928561687469482,0.4062972068786621,-929.5360107421875,-935.4868774414062,-910.7142944335938,829.52978515625,836.082275390625,808.9669799804688,869.5869140625,876.0,849.0,876.0,906.0,30.0,3.3112582781456954,96.6887417218543,0,8899,0,813,10.334914207458496,10.009912490844727,10.861051559448242,0.9958687424659729,0.9638858437538147,0.9998005032539368,0.3012467622756958,0.8991073966026306,7.8006062507629395,0.9999999403953552,228.0043671131134,228.00436902046204
G19,adam,auto,0,1189,1189,4.934643745422363,0.40579742193222046,-929.4202270507812,-935.371826171875,-910.5963745117188,829.6265258789062,836.1769409179688,809.0685424804688,869.5869140625,876.0,849.0,876.0,906.0,30.0,3.3112582781456954,96.6887417218543,0,8899,0,813,10.303448677062988,9.978769302368164,10.829513549804688,0.9958811402320862,0.9638944864273071,0.9998018145561218,0.3009905219078064,0.8992125988006592,7.777973175048828,0.9999999403953552,228.1943051815033,228.19430708885193
G19,adam,auto,0,1190,1190,4.940741539001465,0.4052976965904236,-929.3045043945312,-935.2568359375,-910.478515625,829.722900390625,836.2703247070312,809.1666259765625,869.5869140625,876.0,849.0,876.0,906.0,30.0,3.3112582781456954,96.6887417218543,0,8899,0,813,10.272216796875,9.94786262512207,10.798202514648438,0.9958933591842651,0.9639028906822205,0.9998030066490173,0.30073460936546326,0.899317741394043,7.753798007965088,0.9999999403953552,228.3855743408203,228.38557624816895
G19,adam,auto,0,1191,1191,4.946853160858154,0.40479791164398193,-929.1887817382812,-935.141845703125,-910.360595703125,829.8192749023438,836.3635864257812,809.25390625,869.5869140625,876.0,849.0,876.0,906.0,30.0,3.3112582781456954,96.6887417218543,0,8899,0,813,10.241212844848633,9.917190551757812,10.767119407653809,0.9959055185317993,0.9639111161231995,0.9998043179512024,0.3004782497882843,0.8994226455688477,7.722379207611084,0.9999998211860657,228.57452917099,228.57453203201294
G19,adam,auto,0,1192,1192,4.952981472015381,0.40429818630218506,-929.0731811523438,-935.0269165039062,-910.2427368164062,829.9154052734375,836.4592895507812,809.36328125,869.5869140625,876.0,849.0,876.0,906.0,30.0,3.3112582781456954,96.6887417218543,0,8899,0,813,10.210443496704102,9.886735916137695,10.736274719238281,0.9959174990653992,0.9639191031455994,0.9998055100440979,0.3002220094203949,0.8995274305343628,7.696527004241943,0.9999998211860657,228.76639699935913,228.76639890670776
G19,adam,auto,0,1193,1193,4.959123611450195,0.4037984609603882,-928.9575805664062,-934.912109375,-910.1249389648438,830.0112915039062,836.5581665039062,809.4527587890625,869.5869140625,876.0,849.0,876.0,906.0,30.0,3.3112582781456954,96.6887417218543,0,8899,0,813,10.179895401000977,9.856504440307617,10.705653190612793,0.9959293603897095,0.9639269709587097,0.999806821346283,0.299965500831604,0.8996320962905884,7.673125743865967,0.9999998807907104,228.95727109909058,228.9572730064392
G19,adam,auto,0,1194,1194,4.965281963348389,0.40329867601394653,-928.8421020507812,-934.7972412109375,-910.00732421875,830.1071166992188,836.6527099609375,809.5436401367188,869.5869140625,876.0,849.0,876.0,906.0,30.0,3.3112582781456954,96.6887417218543,0,8899,0,813,10.149571418762207,9.826509475708008,10.675267219543457,0.9959412217140198,0.9639347195625305,0.9998080134391785,0.2997087836265564,0.8997366428375244,7.6492018699646,0.9999999403953552,229.14946627616882,229.14946818351746
G19,adam,auto,0,1195,1195,4.971455097198486,0.40279895067214966,-928.7266235351562,-934.6824340820312,-909.8895874023438,830.2025756835938,836.7454833984375,809.65478515625,869.5869140625,876.0,849.0,876.0,906.0,30.0,3.3112582781456954,96.6887417218543,0,8899,0,813,10.119476318359375,9.796731948852539,10.645101547241211,0.9959529638290405,0.9639421105384827,0.999809205532074,0.2994523048400879,0.8998408913612366,7.623858451843262,0.9999998807907104,229.34035730361938,229.34035921096802
G19,adam,auto,0,1196,1196,4.977643013000488,0.402299165725708,-928.6112060546875,-934.5678100585938,-909.7719116210938,830.2982177734375,836.8424072265625,809.7349853515625,869.5869140625,876.0,849.0,876.0,906.0,30.0,3.3112582781456954,96.6887417218543,0,8899,0,813,10.08959674835205,9.76716423034668,10.615144729614258,0.9959646463394165,0.9639495611190796,0.9998103976249695,0.2991950511932373,0.8999451398849487,7.597220420837402,0.9999998211860657,229.53099393844604,229.53099703788757
G19,adam,auto,0,1197,1197,4.983847618103027,0.40179944038391113,-928.4957885742188,-934.453125,-909.6543579101562,830.393310546875,836.9392700195312,809.83740234375,869.5869140625,876.0,849.0,876.0,906.0,30.0,3.3112582781456954,96.6887417218543,0,8899,0,813,10.0599365234375,9.73782730102539,10.585417747497559,0.9959761500358582,0.9639566540718079,0.9998117089271545,0.2989386022090912,0.9000491499900818,7.576151371002197,0.9999998211860657,229.72266912460327,229.7226710319519
G19,adam,auto,0,1198,1198,4.990067005157471,0.4012996554374695,-928.38037109375,-934.3385620117188,-909.5368041992188,830.488525390625,837.032958984375,809.9384765625,869.5869140625,876.0,849.0,876.0,906.0,30.0,3.3112582781456954,96.6887417218543,0,8899,0,813,10.030491828918457,9.708706855773926,10.555906295776367,0.9959875345230103,0.9639636278152466,0.9998127818107605,0.2986809015274048,0.9001531600952148,7.553762912750244,0.9999998211860657,229.9141731262207,229.91417503356934
G19,adam,auto,0,1199,1199,4.996302127838135,0.4007999300956726,-928.2651977539062,-934.2240600585938,-909.4193725585938,830.5833129882812,837.1270751953125,810.0196533203125,869.5869140625,876.0,849.0,876.0,906.0,30.0,3.3112582781456954,96.6887417218543,0,8899,0,813,10.001264572143555,9.679774284362793,10.526601791381836,0.9959989190101624,0.9639704823493958,0.999813973903656,0.2984241247177124,0.9002567529678345,7.523224353790283,0.9999998807907104,230.1057412624359,230.10574316978455
G19,adam,auto,0,1200,1200,5.002552509307861,0.40030020475387573,-928.1500244140625,-934.1095581054688,-909.302001953125,830.6781005859375,837.2191162109375,810.1297607421875,869.5869140625,876.0,849.0,876.0,906.0,30.0,3.3112582781456954,96.6887417218543,0,8899,0,813,9.97224235534668,9.65107536315918,10.497514724731445,0.9960101246833801,0.9639772176742554,0.9998151659965515,0.2981666624546051,0.9003603458404541,7.49613618850708,0.9999998211860657,230.29842734336853,230.29843020439148
G19,adam,auto,0,1201,1201,5.008819580078125,0.3998004198074341,-928.0347900390625,-933.9950561523438,-909.1846313476562,830.7728271484375,837.3128662109375,810.21630859375,869.5869140625,876.0,849.0,876.0,906.0,30.0,3.3112582781456954,96.6887417218543,0,8899,0,813,9.94343376159668,9.622562408447266,10.468637466430664,0.9960213899612427,0.9639837741851807,0.999816358089447,0.29790881276130676,0.9004639387130737,7.480958938598633,0.9999999403953552,230.49362015724182,230.49362301826477
G19,adam,auto,0,1202,1202,5.015100955963135,0.3993006944656372,-927.919677734375,-933.8806762695312,-909.0673217773438,830.8670043945312,837.4060668945312,810.3091430664062,869.5869140625,876.0,849.0,876.0,906.0,30.0,3.3112582781456954,96.6887417218543,0,8899,0,813,9.91482925415039,9.594279289245605,10.439973831176758,0.9960323572158813,0.9639900922775269,0.999817430973053,0.297652006149292,0.9005669951438904,7.458632946014404,0.9999998807907104,230.69250893592834,230.69251084327698
G19,adam,auto,0,1203,1203,5.02139949798584,0.39880090951919556,-927.8046264648438,-933.766357421875,-908.9500732421875,830.9616088867188,837.501953125,810.4160766601562,869.5869140625,876.0,849.0,876.0,906.0,30.0,3.3112582781456954,96.6887417218543,0,8899,0,813,9.886432647705078,9.566180229187012,10.411507606506348,0.9960433840751648,0.963996410369873,0.9998186230659485,0.29739323258399963,0.9006706476211548,7.425115585327148,0.9999999403953552,230.88405990600586,230.8840630054474
G19,adam,auto,0,1204,1204,5.027712821960449,0.3983011841773987,-927.6895751953125,-933.6519775390625,-908.8328857421875,831.055419921875,837.593994140625,810.49169921875,869.5869140625,876.0,849.0,876.0,906.0,30.0,3.3112582781456954,96.6887417218543,0,8899,0,813,9.858240127563477,9.538291931152344,10.383244514465332,0.9960542917251587,0.9640024900436401,0.9998196959495544,0.2971363365650177,0.9007731676101685,7.407905578613281,0.9999998807907104,231.07436609268188,231.07436800003052
G19,adam,auto,0,1205,1205,5.034042835235596,0.3978014588356018,-927.57470703125,-933.537841796875,-908.7158813476562,831.1494750976562,837.6873779296875,810.60546875,869.5869140625,876.0,849.0,876.0,906.0,30.0,3.3112582781456954,96.6887417218543,0,8899,0,813,9.830248832702637,9.510597229003906,10.355188369750977,0.9960651397705078,0.9640084505081177,0.99982088804245,0.2968778610229492,0.9008764624595642,7.385666370391846,0.9999997615814209,231.26477026939392,231.26477217674255
G19,adam,auto,0,1206,1206,5.040388107299805,0.39730167388916016,-927.4597778320312,-933.4235229492188,-908.5986938476562,831.2432861328125,837.7827758789062,810.6859130859375,869.5869140625,876.0,849.0,876.0,906.0,30.0,3.3112582781456954,96.6887417218543,0,8899,0,813,9.802452087402344,9.483113288879395,10.327333450317383,0.9960758686065674,0.9640142321586609,0.9998219609260559,0.2966196835041046,0.9009791016578674,7.355874061584473,0.9999998211860657,231.45644903182983,231.45645213127136
G19,adam,auto,0,1207,1207,5.046750068664551,0.3968019485473633,-927.344970703125,-933.3094482421875,-908.4816284179688,831.336669921875,837.873291015625,810.783447265625,869.5869140625,876.0,849.0,876.0,906.0,30.0,3.3112582781456954,96.6887417218543,0,8899,0,813,9.774852752685547,9.455812454223633,10.299671173095703,0.9960864782333374,0.9640198945999146,0.9998230338096619,0.2963620126247406,0.9010815024375916,7.345826148986816,0.9999998807907104,231.6477119922638,231.64771389961243
G19,adam,auto,0,1208,1208,5.053127288818359,0.39630216360092163,-927.230224609375,-933.1953735351562,-908.3646850585938,831.430419921875,837.965576171875,810.8838500976562,869.5869140625,876.0,849.0,876.0,906.0,30.0,3.3112582781456954,96.6887417218543,0,8899,0,813,9.747456550598145,9.428722381591797,10.272205352783203,0.9960970878601074,0.9640254378318787,0.9998241066932678,0.29610294103622437,0.9011843204498291,7.318875789642334,0.9999998807907104,231.83926010131836,231.8392629623413
G19,adam,auto,0,1209,1209,5.059520721435547,0.39580243825912476,-927.1156005859375,-933.0814819335938,-908.247802734375,831.5234985351562,838.0618896484375,810.965087890625,869.5869140625,876.0,849.0,876.0,906.0,30.0,3.3112582781456954,96.6887417218543,0,8899,0,813,9.720246315002441,9.401809692382812,10.244935989379883,0.9961075186729431,0.9640308618545532,0.9998251795768738,0.2958451211452484,0.9012863636016846,7.285129547119141,0.9999998807907104,232.02966213226318,232.02966499328613
G19,adam,auto,0,1210,1210,5.0659308433532715,0.3953027129173279,-927.0009155273438,-932.967529296875,-908.1309814453125,831.61669921875,838.1561279296875,811.0700073242188,869.5869140625,876.0,849.0,876.0,906.0,30.0,3.3112582781456954,96.6887417218543,0,8899,0,813,9.693229675292969,9.375085830688477,10.217864036560059,0.996117889881134,0.9640361666679382,0.9998262524604797,0.2955862581729889,0.9013888835906982,7.277155876159668,0.9999999403953552,232.2227783203125,232.22278022766113
G19,adam,auto,0,1211,1211,5.072356700897217,0.39480292797088623,-926.8862915039062,-932.8536376953125,-908.0140991210938,831.709716796875,838.2450561523438,811.1585693359375,869.5869140625,876.0,849.0,876.0,906.0,30.0,3.3112582781456954,96.6887417218543,0,8899,0,813,9.666402816772461,9.348564147949219,10.190975189208984,0.9961282014846802,0.9640413522720337,0.9998273253440857,0.295327365398407,0.9014907479286194,7.249288082122803,0.9999998807907104,232.44269013404846,232.4426920413971
G19,adam,auto,0,1212,1212,5.078799724578857,0.39430320262908936,-926.7717895507812,-932.7398071289062,-907.8974609375,831.8024291992188,838.3355712890625,811.2486572265625,869.5869140625,876.0,849.0,876.0,906.0,30.0,3.3112582781456954,96.6887417218543,0,8899,0,813,9.639762878417969,9.322209358215332,10.164268493652344,0.9961383938789368,0.9640463590621948,0.9998283386230469,0.29506903886795044,0.9015927314758301,7.2250518798828125,1.0,232.62961411476135,232.62961602210999
G19,adam,auto,0,1213,1213,5.085258483886719,0.3938034176826477,-926.6574096679688,-932.6260986328125,-907.7808227539062,831.895263671875,838.428466796875,811.3492431640625,869.5869140625,876.0,849.0,876.0,906.0,30.0,3.3112582781456954,96.6887417218543,0,8899,0,813,9.613312721252441,9.296058654785156,10.137758255004883,0.9961485266685486,0.964051365852356,0.9998294115066528,0.294809490442276,0.9016945958137512,7.215452194213867,0.9999998211860657,232.82812809944153,232.82813096046448
G19,adam,auto,0,1214,1214,5.091734409332275,0.39330369234085083,-926.5430297851562,-932.5123901367188,-907.6642456054688,831.987548828125,838.519287109375,811.4351806640625,869.5869140625,876.0,849.0,876.0,906.0,30.0,3.3112582781456954,96.6887417218543,0,8899,0,813,9.587045669555664,9.270084381103516,10.11142349243164,0.9961585998535156,0.964056134223938,0.9998304843902588,0.2945508658885956,0.9017962217330933,7.179093360900879,0.9999999403953552,233.01994228363037,233.019944190979
G19,adam,auto,0,1215,1215,5.0982255935668945,0.3928039073944092,-926.4285888671875,-932.3986206054688,-907.5477294921875,832.0798950195312,838.6104736328125,811.5321044921875,869.5869140625,876.0,849.0,876.0,906.0,30.0,3.3112582781456954,96.6887417218543,0,8899,0,813,9.560958862304688,9.244278907775879,10.085285186767578,0.9961685538291931,0.9640607833862305,0.9998314380645752,0.29429152607917786,0.901897668838501,7.158918857574463,0.9999998211860657,233.21362829208374,233.21363019943237
G19,adam,auto,0,1216,1216,5.104734897613525,0.3923041820526123,-926.3143920898438,-932.2852172851562,-907.4312133789062,832.1721801757812,838.701171875,811.6214599609375,869.5869140625,876.0,849.0,876.0,906.0,30.0,3.3112582781456954,96.6887417218543,0,8899,0,813,9.535056114196777,9.218666076660156,10.059322357177734,0.9961785078048706,0.964065432548523,0.9998325109481812,0.29403212666511536,0.9019991755485535,7.144826412200928,0.9999998807907104,233.40448904037476,233.4044909477234
G19,adam,auto,0,1217,1217,5.111259460449219,0.39180445671081543,-926.2001953125,-932.1717529296875,-907.3148803710938,832.26416015625,838.7962646484375,811.71875,869.5869140625,876.0,849.0,876.0,906.0,30.0,3.3112582781456954,96.6887417218543,0,8899,0,813,9.509324073791504,9.19322395324707,10.033519744873047,0.9961884021759033,0.9640698432922363,0.9998334646224976,0.2937731146812439,0.9021003842353821,7.111880302429199,0.9999998807907104,233.59023904800415,233.59024095535278
G19,adam,auto,0,1218,1218,5.117801666259766,0.3913046717643738,-926.0859985351562,-932.0581665039062,-907.1986694335938,832.356201171875,838.884765625,811.8043823242188,869.5869140625,876.0,849.0,876.0,906.0,30.0,3.3112582781456954,96.6887417218543,0,8899,0,813,9.483773231506348,9.16795825958252,10.007906913757324,0.9961981177330017,0.9640743136405945,0.999834418296814,0.2935129404067993,0.9022015929222107,7.10329532623291,0.9999999403953552,233.78314304351807,233.7831449508667
G19,adam,auto,0,1219,1219,5.124360084533691,0.3908049464225769,-925.9719848632812,-931.94482421875,-907.0824584960938,832.4476928710938,838.9764404296875,811.90283203125,869.5869140625,876.0,849.0,876.0,906.0,30.0,3.3112582781456954,96.6887417218543,0,8899,0,813,9.458399772644043,9.142862319946289,9.982476234436035,0.9962078332901001,0.9640784859657288,0.9998354911804199,0.29325398802757263,0.9023025035858154,7.084112644195557,0.9999998807907104,233.974041223526,233.97404313087463
G19,adam,auto,0,1220,1220,5.1309356689453125,0.39030516147613525,-925.85791015625,-931.8314819335938,-906.9662475585938,832.5394287109375,839.0685424804688,811.9921264648438,869.5869140625,876.0,849.0,876.0,906.0,30.0,3.3112582781456954,96.6887417218543,0,8899,0,813,9.433195114135742,9.117959022521973,9.957210540771484,0.9962173700332642,0.9640825986862183,0.9998364448547363,0.2929935157299042,0.9024034738540649,7.051383972167969,0.9999998211860657,234.16424202919006,234.1642439365387
G19,adam,auto,0,1221,1221,5.137527942657471,0.3898054361343384,-925.7440185546875,-931.7182006835938,-906.85009765625,832.6307373046875,839.1582641601562,812.0806884765625,869.5869140625,876.0,849.0,876.0,906.0,30.0,3.3112582781456954,96.6887417218543,0,8899,0,813,9.408164024353027,9.093201637268066,9.932119369506836,0.9962270259857178,0.9640867114067078,0.9998373985290527,0.29273420572280884,0.9025040864944458,7.042042255401611,0.9999998211860657,234.3563950061798,234.35639691352844
G19,adam,auto,0,1222,1222,5.144136905670166,0.3893057107925415,-925.6301879882812,-931.6050415039062,-906.7340698242188,832.72216796875,839.2476806640625,812.1805419921875,869.5869140625,876.0,849.0,876.0,906.0,30.0,3.3112582781456954,96.6887417218543,0,8899,0,813,9.383301734924316,9.068625450134277,9.907203674316406,0.9962363839149475,0.9640907049179077,0.9998383522033691,0.29247382283210754,0.902604877948761,7.018131256103516,0.9999998211860657,234.5461802482605,234.54618215560913
G19,adam,auto,0,1223,1223,5.150763511657715,0.38880592584609985,-925.5162963867188,-931.4918823242188,-906.6182250976562,832.8131713867188,839.3394775390625,812.263671875,869.5869140625,876.0,849.0,876.0,906.0,30.0,3.3112582781456954,96.6887417218543,0,8899,0,813,9.358607292175293,9.044224739074707,9.882894515991211,0.9962457418441772,0.9640945792198181,0.9998393058776855,0.2922138571739197,0.9027052521705627,6.997183799743652,0.9999998807907104,234.73802304267883,234.73802495002747
G19,adam,auto,0,1224,1224,5.157406330108643,0.388306200504303,-925.402587890625,-931.3787841796875,-906.5021362304688,832.9041748046875,839.43408203125,812.3579711914062,869.5869140625,876.0,849.0,876.0,906.0,30.0,3.3112582781456954,96.6887417218543,0,8899,0,813,9.334083557128906,9.019974708557129,9.858896255493164,0.996255099773407,0.964098334312439,0.999840259552002,0.2919536232948303,0.902805507183075,6.9826884269714355,0.9999998211860657,234.9290692806244,234.92907118797302
G19,adam,auto,0,1225,1225,5.164067268371582,0.38780641555786133,-925.288818359375,-931.2659301757812,-906.3863525390625,832.9950561523438,839.521484375,812.4544677734375,869.5869140625,876.0,849.0,876.0,906.0,30.0,3.3112582781456954,96.6887417218543,0,8899,0,813,9.30971908569336,8.995892524719238,9.835062026977539,0.9962643980979919,0.9641019701957703,0.9998412132263184,0.2916930317878723,0.9029058814048767,6.94887113571167,0.9999999403953552,235.12024807929993,235.12024998664856
G19,adam,auto,0,1226,1226,5.170744895935059,0.38730669021606445,-925.17529296875,-931.1528930664062,-906.2705688476562,833.0856323242188,839.6094360351562,812.5343627929688,869.5869140625,876.0,849.0,876.0,906.0,30.0,3.3112582781456954,96.6887417218543,0,8899,0,813,9.2855224609375,8.971968650817871,9.811384201049805,0.9962735176086426,0.9641055464744568,0.9998421669006348,0.2914329171180725,0.903005838394165,6.940270900726318,0.9999998211860657,235.31207728385925,235.31207919120789
G19,adam,auto,0,1227,1227,5.177440166473389,0.3868069648742676,-925.0618286132812,-931.0400390625,-906.1548461914062,833.17626953125,839.698486328125,812.6363525390625,869.5869140625,876.0,849.0,876.0,906.0,30.0,3.3112582781456954,96.6887417218543,0,8899,0,813,9.261490821838379,8.948212623596191,9.787879943847656,0.996282696723938,0.9641090631484985,0.9998431205749512,0.291172057390213,0.9031057357788086,6.925894737243652,0.9999998211860657,235.5027561187744,235.50275802612305
G19,adam,auto,0,1228,1228,5.184152603149414,0.3863071799278259,-924.9481811523438,-930.92724609375,-906.0392456054688,833.2666625976562,839.7894287109375,812.7214965820312,869.5869140625,876.0,849.0,876.0,906.0,30.0,3.3112582781456954,96.6887417218543,0,8899,0,813,9.237617492675781,8.924606323242188,9.764531135559082,0.9962917566299438,0.9641125202178955,0.999843955039978,0.2909112572669983,0.9032057523727417,6.892802715301514,0.9999998807907104,235.6936972141266,235.69370007514954
G19,adam,auto,0,1229,1229,5.190882682800293,0.38580745458602905,-924.8348999023438,-930.8145141601562,-905.9237060546875,833.3568115234375,839.8784790039062,812.8114624023438,869.5869140625,876.0,849.0,876.0,906.0,30.0,3.3112582781456954,96.6887417218543,0,8899,0,813,9.213899612426758,8.901176452636719,9.741329193115234,0.9963006973266602,0.9641158580780029,0.9998449087142944,0.2906508147716522,0.9033051133155823,6.882433891296387,0.9999999403953552,235.8843810558319,235.88438296318054
G19,adam,auto,0,1230,1230,5.197629928588867,0.3853076696395874,-924.7216186523438,-930.701904296875,-905.8082275390625,833.4470825195312,839.96923828125,812.9052734375,869.5869140625,876.0,849.0,876.0,906.0,30.0,3.3112582781456954,96.6887417218543,0,8899,0,813,9.19034194946289,8.87790298461914,9.718291282653809,0.9963096380233765,0.9641190767288208,0.9998457431793213,0.29038941860198975,0.9034050107002258,6.863132476806641,0.9999998807907104,236.0753140449524,236.07531595230103
G19,adam,auto,0,1231,1231,5.204395294189453,0.3848079442977905,-924.6082153320312,-930.5892944335938,-905.69287109375,833.5369262695312,840.0628662109375,812.9951171875,869.5869140625,876.0,849.0,876.0,906.0,30.0,3.3112582781456954,96.6887417218543,0,8899,0,813,9.166943550109863,8.85477066040039,9.695403099060059,0.996318519115448,0.9641222357749939,0.9998466968536377,0.2901286482810974,0.9035043716430664,6.841139793395996,0.9999998211860657,236.26640009880066,236.2664020061493
G19,adam,auto,0,1232,1232,5.211177349090576,0.3843081593513489,-924.4951171875,-930.476806640625,-905.577392578125,833.6267700195312,840.1478271484375,813.0805053710938,869.5869140625,876.0,849.0,876.0,906.0,30.0,3.3112582781456954,96.6887417218543,0,8899,0,813,9.143695831298828,8.831786155700684,9.672666549682617,0.9963272213935852,0.964125394821167,0.9998475313186646,0.2898673415184021,0.9036036133766174,6.82395601272583,0.9999998807907104,236.45745635032654,236.45745825767517
G19,adam,auto,0,1233,1233,5.217978000640869,0.383808434009552,-924.3820190429688,-930.3644409179688,-905.4622192382812,833.7164916992188,840.2354736328125,813.1779174804688,869.5869140625,876.0,849.0,876.0,906.0,30.0,3.3112582781456954,96.6887417218543,0,8899,0,813,9.120600700378418,8.808965682983398,9.650075912475586,0.9963358640670776,0.9641283750534058,0.999848484992981,0.2896060645580292,0.9037028551101685,6.802225589752197,0.9999998211860657,236.6479811668396,236.64798402786255
G19,adam,auto,0,1234,1234,5.224795818328857,0.3833087086677551,-924.2689208984375,-930.2520141601562,-905.3469848632812,833.805908203125,840.3251953125,813.2635498046875,869.5869140625,876.0,849.0,876.0,906.0,30.0,3.3112582781456954,96.6887417218543,0,8899,0,813,9.097658157348633,8.786298751831055,9.627639770507812,0.9963446259498596,0.9641313552856445,0.9998493194580078,0.2893446981906891,0.9038017392158508,6.78694486618042,0.9999998807907104,236.84057116508484,236.84057307243347
G19,adam,auto,0,1235,1235,5.231631278991699,0.3828089237213135,-924.156005859375,-930.1397705078125,-905.23193359375,833.8953247070312,840.4146728515625,813.3509521484375,869.5869140625,876.0,849.0,876.0,906.0,30.0,3.3112582781456954,96.6887417218543,0,8899,0,813,9.074865341186523,8.763779640197754,9.605353355407715,0.9963532090187073,0.9641342163085938,0.9998501539230347,0.2890831232070923,0.9039008617401123,6.766245365142822,0.9999998211860657,237.02825927734375,237.02826118469238
G19,adam,auto,0,1236,1236,5.238485336303711,0.3823091983795166,-924.0430297851562,-930.0275268554688,-905.1168823242188,833.984619140625,840.5031127929688,813.4490966796875,869.5869140625,876.0,849.0,876.0,906.0,30.0,3.3112582781456954,96.6887417218543,0,8899,0,813,9.052223205566406,8.7413969039917,9.583213806152344,0.9963617324829102,0.9641370177268982,0.9998511075973511,0.28882160782814026,0.9039995074272156,6.754404067993164,0.9999998807907104,237.22058010101318,237.22058200836182
G19,adam,auto,0,1237,1237,5.245356559753418,0.38180941343307495,-923.93017578125,-929.9154663085938,-905.0017700195312,834.07373046875,840.593017578125,813.527099609375,869.5869140625,876.0,849.0,876.0,906.0,30.0,3.3112582781456954,96.6887417218543,0,8899,0,813,9.029729843139648,8.719169616699219,9.561214447021484,0.9963701367378235,0.9641397595405579,0.9998519420623779,0.28855958580970764,0.9040982723236084,6.733149528503418,0.9999998807907104,237.4113211631775,237.41132402420044
G19,adam,auto,0,1238,1238,5.252246856689453,0.3813096880912781,-923.8173828125,-929.803466796875,-904.8868408203125,834.16259765625,840.67919921875,813.62744140625,869.5869140625,876.0,849.0,876.0,906.0,30.0,3.3112582781456954,96.6887417218543,0,8899,0,813,9.007376670837402,8.697096824645996,9.539360046386719,0.9963786005973816,0.9641424417495728,0.9998527765274048,0.2882980704307556,0.9041966199874878,6.707592487335205,0.9999998211860657,237.60355830192566,237.6035602092743
G19,adam,auto,0,1239,1239,5.259154796600342,0.3808099627494812,-923.7047119140625,-929.69140625,-904.7720947265625,834.2515258789062,840.767333984375,813.7083129882812,869.5869140625,876.0,849.0,876.0,906.0,30.0,3.3112582781456954,96.6887417218543,0,8899,0,813,8.985175132751465,8.675150871276855,9.517656326293945,0.9963868856430054,0.9641450643539429,0.9998536109924316,0.2880357503890991,0.9042952060699463,6.702815532684326,0.9999998807907104,237.79448199272156,237.7944839000702
G19,adam,auto,0,1240,1240,5.2660813331604,0.38031017780303955,-923.5922241210938,-929.5794677734375,-904.6572875976562,834.3402099609375,840.8550415039062,813.8018798828125,869.5869140625,876.0,849.0,876.0,906.0,30.0,3.3112582781456954,96.6887417218543,0,8899,0,813,8.963109016418457,8.653359413146973,9.496082305908203,0.9963952302932739,0.9641476273536682,0.9998544454574585,0.28777381777763367,0.9043934941291809,6.673445701599121,0.9999999403953552,237.99243021011353,237.99243211746216
G19,adam,auto,0,1241,1241,5.273025035858154,0.3798104524612427,-923.4794921875,-929.4675903320312,-904.5426635742188,834.4287719726562,840.9437866210938,813.89111328125,869.5869140625,876.0,849.0,876.0,906.0,30.0,3.3112582781456954,96.6887417218543,0,8899,0,813,8.941186904907227,8.631702423095703,9.474648475646973,0.9964035153388977,0.964150071144104,0.9998552799224854,0.2875116169452667,0.9044914841651917,6.656998634338379,0.9999998211860657,238.19650793075562,238.19650983810425
G19,adam,auto,0,1242,1242,5.2799882888793945,0.379310667514801,-923.3671264648438,-929.3558349609375,-904.427978515625,834.5172119140625,841.031005859375,813.974365234375,869.5869140625,876.0,849.0,876.0,906.0,30.0,3.3112582781456954,96.6887417218543,0,8899,0,813,8.91940975189209,8.610190391540527,9.453363418579102,0.9964116215705872,0.9641525149345398,0.9998561143875122,0.28724920749664307,0.9045897126197815,6.656239032745361,0.9999998807907104,238.38620400428772,238.38620591163635
G19,adam,auto,0,1243,1243,5.286969184875488,0.37881094217300415,-923.2548217773438,-929.244140625,-904.3135375976562,834.6054077148438,841.11767578125,814.0732421875,869.5869140625,876.0,849.0,876.0,906.0,30.0,3.3112582781456954,96.6887417218543,0,8899,0,813,8.8977689743042,8.588808059692383,9.432207107543945,0.9964197278022766,0.964154839515686,0.9998568296432495,0.2869867980480194,0.9046875238418579,6.616484642028809,0.9999998807907104,238.57711911201477,238.5771210193634
G19,adam,auto,0,1244,1244,5.29396915435791,0.3783112168312073,-923.1423950195312,-929.1325073242188,-904.1990356445312,834.6935424804688,841.2064208984375,814.1482543945312,869.5869140625,876.0,849.0,876.0,906.0,30.0,3.3112582781456954,96.6887417218543,0,8899,0,813,8.876263618469238,8.567562103271484,9.411182403564453,0.9964278340339661,0.9641571640968323,0.9998576641082764,0.2867242395877838,0.9047853946685791,6.603403568267822,0.9999998211860657,238.7667031288147,238.76670503616333
G19,adam,auto,0,1245,1245,5.300987243652344,0.3778114318847656,-923.0302124023438,-929.0208740234375,-904.0846557617188,834.7815551757812,841.296142578125,814.2509155273438,869.5869140625,876.0,849.0,876.0,906.0,30.0,3.3112582781456954,96.6887417218543,0,8899,0,813,8.854900360107422,8.546466827392578,9.39029312133789,0.996435821056366,0.9641594886779785,0.9998584985733032,0.2864616811275482,0.9048830270767212,6.5986504554748535,1.0,238.9582290649414,238.95823192596436
G19,adam,auto,0,1246,1246,5.3080244064331055,0.37731170654296875,-922.9180297851562,-928.9094848632812,-903.9703369140625,834.8695068359375,841.3804931640625,814.3272094726562,869.5869140625,876.0,849.0,876.0,906.0,30.0,3.3112582781456954,96.6887417218543,0,8899,0,813,8.833666801452637,8.525493621826172,9.36954116821289,0.9964436888694763,0.9641616940498352,0.9998592138290405,0.2861987054347992,0.904980480670929,6.568953514099121,0.9999998211860657,239.14948916435242,239.14949107170105
G19,adam,auto,0,1247,1247,5.315079689025879,0.3768119215965271,-922.805908203125,-928.7979125976562,-903.85595703125,834.9572143554688,841.4708862304688,814.4220581054688,869.5869140625,876.0,849.0,876.0,906.0,30.0,3.3112582781456954,96.6887417218543,0,8899,0,813,8.812570571899414,8.504656791687012,9.348926544189453,0.9964516162872314,0.9641638398170471,0.9998600482940674,0.2859359383583069,0.9050779938697815,6.56248140335083,0.9999998211860657,239.340261220932,239.34026312828064
G19,adam,auto,0,1248,1248,5.322153568267822,0.3763121962547302,-922.6939697265625,-928.6865844726562,-903.7418212890625,835.0447387695312,841.5560302734375,814.5090942382812,869.5869140625,876.0,849.0,876.0,906.0,30.0,3.3112582781456954,96.6887417218543,0,8899,0,813,8.791606903076172,8.483951568603516,9.328438758850098,0.9964593648910522,0.9641659259796143,0.9998607635498047,0.2856729328632355,0.9051751494407654,6.53860330581665,0.9999998211860657,239.53133416175842,239.53133606910706
G19,adam,auto,0,1249,1249,5.329246997833252,0.3758124113082886,-922.5819702148438,-928.5753173828125,-903.6277465820312,835.13232421875,841.6421508789062,814.593505859375,869.5869140625,876.0,849.0,876.0,906.0,30.0,3.3112582781456954,96.6887417218543,0,8899,0,813,8.770773887634277,8.463395118713379,9.308069229125977,0.9964671730995178,0.9641678929328918,0.9998615980148315,0.2854095995426178,0.905272364616394,6.51806640625,0.9999997615814209,239.72335124015808,239.7233531475067
G19,adam,auto,0,1250,1250,5.336359024047852,0.3753126859664917,-922.47021484375,-928.4642944335938,-903.5137939453125,835.219482421875,841.7291259765625,814.6866455078125,869.5869140625,876.0,849.0,876.0,906.0,30.0,3.3112582781456954,96.6887417218543,0,8899,0,813,8.750075340270996,8.44294261932373,9.287845611572266,0.9964749217033386,0.9641699194908142,0.9998623132705688,0.28514668345451355,0.9053694009780884,6.517927169799805,0.9999998211860657,239.92240619659424,239.92240810394287
G19,adam,auto,0,1251,1251,5.3434906005859375,0.3748129606246948,-922.3583984375,-928.3530883789062,-903.3998413085938,835.3068237304688,841.8150634765625,814.7689208984375,869.5869140625,876.0,849.0,876.0,906.0,30.0,3.3112582781456954,96.6887417218543,0,8899,0,813,8.72950267791748,8.422626495361328,9.267740249633789,0.9964825510978699,0.9641718864440918,0.9998631477355957,0.2848831117153168,0.9054663777351379,6.486464977264404,0.9999998807907104,240.11857795715332,240.11858105659485
G19,adam,auto,0,1252,1252,5.350640296936035,0.3743131756782532,-922.2467041015625,-928.2420043945312,-903.2860107421875,835.3938598632812,841.9027099609375,814.8605346679688,869.5869140625,876.0,849.0,876.0,906.0,30.0,3.3112582781456954,96.6887417218543,0,8899,0,813,8.709057807922363,8.402442932128906,9.24775505065918,0.9964901804924011,0.9641737937927246,0.999863862991333,0.2846195697784424,0.9055631160736084,6.470734119415283,0.9999997615814209,240.31573009490967,240.3157320022583
G19,adam,auto,0,1253,1253,5.357810020446777,0.3738134503364563,-922.135009765625,-928.131103515625,-903.1724243164062,835.4806518554688,841.99169921875,814.9446411132812,869.5869140625,876.0,849.0,876.0,906.0,30.0,3.3112582781456954,96.6887417218543,0,8899,0,813,8.688738822937012,8.382379531860352,9.22790241241455,0.9964977502822876,0.9641757011413574,0.9998645782470703,0.28435641527175903,0.9056597352027893,6.46425199508667,0.9999998807907104,240.5074622631073,240.50746417045593
G19,adam,auto,0,1254,1254,5.3649983406066895,0.37331366539001465,-922.0234985351562,-928.020263671875,-903.05859375,835.567626953125,842.0755615234375,815.0342407226562,869.5869140625,876.0,849.0,876.0,906.0,30.0,3.3112582781456954,96.6887417218543,0,8899,0,813,8.668547630310059,8.362438201904297,9.208171844482422,0.9965052604675293,0.9641775488853455,0.9998654127120972,0.28409212827682495,0.9057563543319702,6.439496040344238,0.9999998807907104,240.70236492156982,240.70236802101135
G19,adam,auto,0,1255,1255,5.372206687927246,0.3728139400482178,-921.9119873046875,-927.9093627929688,-902.9449462890625,835.6541137695312,842.159912109375,815.119873046875,869.5869140625,876.0,849.0,876.0,906.0,30.0,3.3112582781456954,96.6887417218543,0,8899,0,813,8.648482322692871,8.342636108398438,9.188559532165527,0.996512770652771,0.9641793370246887,0.9998661279678345,0.28382888436317444,0.905852735042572,6.431327819824219,0.9999998211860657,240.89245319366455,240.89245510101318
G19,adam,auto,0,1256,1256,5.379433631896973,0.3723142147064209,-921.8005981445312,-927.7987060546875,-902.8314819335938,835.7407836914062,842.2470703125,815.2061767578125,869.5869140625,876.0,849.0,876.0,906.0,30.0,3.3112582781456954,96.6887417218543,0,8899,0,813,8.628539085388184,8.322942733764648,9.169075012207031,0.9965201020240784,0.9641810059547424,0.9998668432235718,0.2835646867752075,0.9059489369392395,6.414510726928711,1.0,241.08452200889587,241.0845239162445
G19,adam,auto,0,1257,1257,5.386680603027344,0.37181442975997925,-921.6893920898438,-927.6881103515625,-902.718017578125,835.8272094726562,842.33251953125,815.296142578125,869.5869140625,876.0,849.0,876.0,906.0,30.0,3.3112582781456954,96.6887417218543,0,8899,0,813,8.608719825744629,8.30337142944336,9.149709701538086,0.9965274930000305,0.9641827940940857,0.9998675584793091,0.2833005487918854,0.9060453176498413,6.391550540924072,0.9999999403953552,241.27470803260803,241.27471089363098
G19,adam,auto,0,1258,1258,5.393946647644043,0.3713147044181824,-921.5781860351562,-927.5775146484375,-902.604736328125,835.913330078125,842.417724609375,815.3778686523438,869.5869140625,876.0,849.0,876.0,906.0,30.0,3.3112582781456954,96.6887417218543,0,8899,0,813,8.58902359008789,8.283936500549316,9.130460739135742,0.9965347647666931,0.9641844034194946,0.9998682737350464,0.28303688764572144,0.9061411023139954,6.3821306228637695,0.9999998807907104,241.47150921821594,241.47151112556458
G19,adam,auto,0,1259,1259,5.401233196258545,0.3708149194717407,-921.4669799804688,-927.467041015625,-902.491455078125,835.9996948242188,842.5053100585938,815.46923828125,869.5869140625,876.0,849.0,876.0,906.0,30.0,3.3112582781456954,96.6887417218543,0,8899,0,813,8.569446563720703,8.264616012573242,9.11133098602295,0.9965419769287109,0.9641860127449036,0.9998689889907837,0.2827719449996948,0.9062372446060181,6.360949516296387,0.9999998807907104,241.65671300888062,241.65671610832214
G19,adam,auto,0,1260,1260,5.408538341522217,0.37031519412994385,-921.3558959960938,-927.3566284179688,-902.3782958984375,836.0855102539062,842.5933837890625,815.552734375,869.5869140625,876.0,849.0,876.0,906.0,30.0,3.3112582781456954,96.6887417218543,0,8899,0,813,8.54998779296875,8.245412826538086,9.09231948852539,0.9965492486953735,0.9641876220703125,0.999869704246521,0.2825082540512085,0.9063328504562378,6.347428321838379,0.9999998807907104,241.849937915802,241.84993982315063
G19,adam,auto,0,1261,1261,5.415863513946533,0.369815468788147,-921.2449951171875,-927.2462768554688,-902.2650146484375,836.1715087890625,842.6746826171875,815.6384887695312,869.5869140625,876.0,849.0,876.0,906.0,30.0,3.3112582781456954,96.6887417218543,0,8899,0,813,8.530648231506348,8.226318359375,9.073421478271484,0.9965564012527466,0.9641891717910767,0.9998704195022583,0.28224337100982666,0.9064286351203918,6.335999965667725,0.9999998807907104,242.04101014137268,242.0410120487213
G19,adam,auto,0,1262,1262,5.423209190368652,0.3693156838417053,-921.1339721679688,-927.1360473632812,-902.152099609375,836.25732421875,842.7616577148438,815.7285766601562,869.5869140625,876.0,849.0,876.0,906.0,30.0,3.3112582781456954,96.6887417218543,0,8899,0,813,8.511429786682129,8.207355499267578,9.05463695526123,0.9965634942054749,0.964190661907196,0.9998711347579956,0.2819787561893463,0.9065242409706116,6.318994998931885,0.9999997615814209,242.2497591972351,242.24976110458374
G19,adam,auto,0,1263,1263,5.430574417114258,0.36881595849990845,-921.023193359375,-927.0260009765625,-902.0391235351562,836.3427734375,842.844482421875,815.8082885742188,869.5869140625,876.0,849.0,876.0,906.0,30.0,3.3112582781456954,96.6887417218543,0,8899,0,813,8.492324829101562,8.188495635986328,9.035970687866211,0.9965704679489136,0.9641922116279602,0.9998717308044434,0.2817144989967346,0.9066194891929626,6.306102752685547,0.9999997615814209,242.42979836463928,242.42980098724365
G19,adam,auto,0,1264,1264,5.437960147857666,0.3683161735534668,-920.9124145507812,-926.9158325195312,-901.9261474609375,836.4285278320312,842.9298095703125,815.9009399414062,869.5869140625,876.0,849.0,876.0,906.0,30.0,3.3112582781456954,96.6887417218543,0,8899,0,813,8.473332405090332,8.169754981994629,9.01742172241211,0.9965776205062866,0.9641936421394348,0.9998724460601807,0.28144896030426025,0.9067149758338928,6.284978866577148,0.9999998211860657,242.62654614448547,242.6265480518341
G19,adam,auto,0,1265,1265,5.445364952087402,0.3678164482116699,-920.8018188476562,-926.805908203125,-901.8133544921875,836.513671875,843.0191040039062,815.980712890625,869.5869140625,876.0,849.0,876.0,906.0,30.0,3.3112582781456954,96.6887417218543,0,8899,0,813,8.45445442199707,8.151134490966797,8.998971939086914,0.9965845346450806,0.9641950726509094,0.999873161315918,0.2811847925186157,0.9068099856376648,6.276398181915283,0.9999998211860657,242.81544017791748,242.8154420852661
G19,adam,auto,0,1266,1266,5.452791213989258,0.36731672286987305,-920.6912231445312,-926.6959838867188,-901.7007446289062,836.5990600585938,843.1007080078125,816.0703125,869.5869140625,876.0,849.0,876.0,906.0,30.0,3.3112582781456954,96.6887417218543,0,8899,0,813,8.435693740844727,8.132613182067871,8.980643272399902,0.9965915083885193,0.9641963839530945,0.9998737573623657,0.2809193432331085,0.9069052338600159,6.266234874725342,0.9999998807907104,243.00684332847595,243.00684523582458
G19,adam,auto,0,1267,1267,5.460236549377441,0.3668169379234314,-920.580810546875,-926.5861206054688,-901.5880737304688,836.6842041015625,843.1843872070312,816.154296875,869.5869140625,876.0,849.0,876.0,906.0,30.0,3.3112582781456954,96.6887417218543,0,8899,0,813,8.417040824890137,8.114216804504395,8.962427139282227,0.9965983629226685,0.9641978144645691,0.999874472618103,0.28065404295921326,0.9070001840591431,6.235840320587158,0.9999998211860657,243.19773316383362,243.19773507118225
G19,adam,auto,0,1268,1268,5.467703342437744,0.3663172125816345,-920.4703979492188,-926.4763793945312,-901.4755859375,836.7689819335938,843.2685546875,816.2396240234375,869.5869140625,876.0,849.0,876.0,906.0,30.0,3.3112582781456954,96.6887417218543,0,8899,0,813,8.398500442504883,8.095916748046875,8.944313049316406,0.9966052770614624,0.9641991853713989,0.9998751878738403,0.28038933873176575,0.9070949554443359,6.230687618255615,0.9999999403953552,243.38951301574707,243.3895161151886
G19,adam,auto,0,1269,1269,5.475189685821533,0.36581742763519287,-920.3599853515625,-926.3666381835938,-901.3630981445312,836.8541259765625,843.3544311523438,816.3239135742188,869.5869140625,876.0,849.0,876.0,906.0,30.0,3.3112582781456954,96.6887417218543,0,8899,0,813,8.380071640014648,8.077741622924805,8.926301956176758,0.996612012386322,0.9642003774642944,0.9998757839202881,0.2801232635974884,0.9071897268295288,6.216349124908447,0.9999998807907104,243.58089303970337,243.58089590072632
G19,adam,auto,0,1270,1270,5.482697486877441,0.365317702293396,-920.2498168945312,-926.2570190429688,-901.250732421875,836.938720703125,843.4366455078125,816.4134521484375,869.5869140625,876.0,849.0,876.0,906.0,30.0,3.3112582781456954,96.6887417218543,0,8899,0,813,8.361748695373535,8.05966567993164,8.908403396606445,0.9966187477111816,0.9642017483711243,0.9998764991760254,0.279858261346817,0.9072843194007874,6.194621562957764,0.9999999403953552,243.77300095558167,243.7730028629303
G19,adam,auto,0,1271,1271,5.490224838256836,0.36481791734695435,-920.1395874023438,-926.1475219726562,-901.138427734375,837.0233764648438,843.5208129882812,816.48974609375,869.5869140625,876.0,849.0,876.0,906.0,30.0,3.3112582781456954,96.6887417218543,0,8899,0,813,8.343536376953125,8.041704177856445,8.890612602233887,0.9966253638267517,0.9642029404640198,0.9998770952224731,0.27959269285202026,0.907378613948822,6.195434093475342,0.9999999403953552,243.96358036994934,243.9635829925537
G19,adam,auto,0,1272,1272,5.497774124145508,0.36431819200515747,-920.0294799804688,-926.0382080078125,-901.0262451171875,837.1079711914062,843.605712890625,816.5853271484375,869.5869140625,876.0,849.0,876.0,906.0,30.0,3.3112582781456954,96.6887417218543,0,8899,0,813,8.325430870056152,8.023843765258789,8.872917175292969,0.9966320395469666,0.9642041325569153,0.9998778104782104,0.2793264091014862,0.9074732661247253,6.166047096252441,0.9999998211860657,244.1554832458496,244.15548515319824
G19,adam,auto,0,1273,1273,5.505342960357666,0.3638184666633606,-919.9194946289062,-925.9288940429688,-900.9141845703125,837.1920776367188,843.6885986328125,816.6610107421875,869.5869140625,876.0,849.0,876.0,906.0,30.0,3.3112582781456954,96.6887417218543,0,8899,0,813,8.307429313659668,8.006082534790039,8.85533332824707,0.9966385960578918,0.9642053842544556,0.9998784065246582,0.27906155586242676,0.9075671434402466,6.156582355499268,0.9999997615814209,244.35223507881165,244.35223698616028
G19,adam,auto,0,1274,1274,5.512932777404785,0.36331868171691895,-919.8095703125,-925.8197021484375,-900.80224609375,837.2766723632812,843.77197265625,816.7505493164062,869.5869140625,876.0,849.0,876.0,906.0,30.0,3.3112582781456954,96.6887417218543,0,8899,0,813,8.289539337158203,7.98844051361084,8.837852478027344,0.9966452717781067,0.9642065763473511,0.999879002571106,0.27879461646080017,0.907661497592926,6.15610408782959,0.9999997615814209,244.5408971309662,244.54089903831482
G19,adam,auto,0,1275,1275,5.520544528961182,0.36281895637512207,-919.6998291015625,-925.7103881835938,-900.690185546875,837.360595703125,843.8571166992188,816.833984375,869.5869140625,876.0,849.0,876.0,906.0,30.0,3.3112582781456954,96.6887417218543,0,8899,0,813,8.271748542785645,7.970896244049072,8.820476531982422,0.9966517686843872,0.9642077088356018,0.9998797178268433,0.27852922677993774,0.907755434513092,6.123367786407471,0.9999998807907104,244.73940420150757,244.7394061088562
G19,adam,auto,0,1276,1276,5.528176307678223,0.3623191714286804,-919.5900268554688,-925.601318359375,-900.578369140625,837.4446411132812,843.9387817382812,816.9178466796875,869.5869140625,876.0,849.0,876.0,906.0,30.0,3.3112582781456954,96.6887417218543,0,8899,0,813,8.254063606262207,7.953456878662109,8.80319595336914,0.9966582655906677,0.9642088413238525,0.999880313873291,0.2782628536224365,0.907849133014679,6.115856170654297,0.9999998807907104,244.9240210056305,244.92402410507202
G19,adam,auto,0,1277,1277,5.535830020904541,0.36181944608688354,-919.4804077148438,-925.4923095703125,-900.4666137695312,837.5286254882812,844.0231323242188,817.001708984375,869.5869140625,876.0,849.0,876.0,906.0,30.0,3.3112582781456954,96.6887417218543,0,8899,0,813,8.236482620239258,7.93612003326416,8.786019325256348,0.9966647028923035,0.964209794998169,0.9998809099197388,0.2779965102672577,0.9079431295394897,6.104291915893555,0.9999997615814209,245.1180989742279,245.11810207366943
G19,adam,auto,0,1278,1278,5.543504238128662,0.36131972074508667,-919.3709106445312,-925.3834228515625,-900.35498046875,837.6123046875,844.10595703125,817.0878295898438,869.5869140625,876.0,849.0,876.0,906.0,30.0,3.3112582781456954,96.6887417218543,0,8899,0,813,8.219002723693848,7.918889045715332,8.768939971923828,0.9966711401939392,0.9642106890678406,0.9998815059661865,0.2777303159236908,0.908036470413208,6.088710784912109,0.9999998211860657,245.3085720539093,245.30857396125793
G19,adam,auto,0,1279,1279,5.5512003898620605,0.360819935798645,-919.2614135742188,-925.2745971679688,-900.243408203125,837.6959838867188,844.1885986328125,817.169677734375,869.5869140625,876.0,849.0,876.0,906.0,30.0,3.3112582781456954,96.6887417218543,0,8899,0,813,8.201626777648926,7.901749610900879,8.75196361541748,0.9966775178909302,0.9642115831375122,0.9998821020126343,0.2774636149406433,0.9081302285194397,6.081908702850342,0.9999997615814209,245.50097012519836,245.5009729862213
G19,adam,auto,0,1280,1280,5.55891752243042,0.36032021045684814,-919.1519775390625,-925.1658935546875,-900.1318359375,837.7794799804688,844.2720947265625,817.252685546875,869.5869140625,876.0,849.0,876.0,906.0,30.0,3.3112582781456954,96.6887417218543,0,8899,0,813,8.18435001373291,7.88471794128418,8.735086441040039,0.9966837763786316,0.9642124772071838,0.999882698059082,0.2771970331668854,0.9082233905792236,6.058058261871338,0.9999998807907104,245.6915111541748,245.69151306152344
G19,adam,auto,0,1281,1281,5.566656589508057,0.3598204255104065,-919.0426025390625,-925.05712890625,-900.0203857421875,837.86279296875,844.3555908203125,817.3423461914062,869.5869140625,876.0,849.0,876.0,906.0,30.0,3.3112582781456954,96.6887417218543,0,8899,0,813,8.167170524597168,7.867790222167969,8.71830940246582,0.9966899752616882,0.9642132520675659,0.9998832941055298,0.2769305109977722,0.9083168506622314,6.047865390777588,0.9999998807907104,245.88372611999512,245.88372921943665
G19,adam,auto,0,1282,1282,5.574416637420654,0.3593207001686096,-918.9334106445312,-924.9486694335938,-899.9089965820312,837.9462280273438,844.4376220703125,817.4154052734375,869.5869140625,876.0,849.0,876.0,906.0,30.0,3.3112582781456954,96.6887417218543,0,8899,0,813,8.150092124938965,7.850953102111816,8.701626777648926,0.9966962337493896,0.9642141461372375,0.9998838901519775,0.2766634225845337,0.9084097743034363,6.037683010101318,0.9999998807907104,246.07360315322876,246.0736050605774
G19,adam,auto,0,1283,1283,5.5821990966796875,0.35882097482681274,-918.8242797851562,-924.8401489257812,-899.7977905273438,838.0292358398438,844.5192260742188,817.5107421875,869.5869140625,876.0,849.0,876.0,906.0,30.0,3.3112582781456954,96.6887417218543,0,8899,0,813,8.133111000061035,7.834211349487305,8.685029983520508,0.9967024922370911,0.9642149209976196,0.9998844861984253,0.2763967514038086,0.908502995967865,6.020525932312012,0.9999997615814209,246.26464223861694,246.2646450996399
G19,adam,auto,0,1284,1284,5.590002536773682,0.3583211898803711,-918.7152099609375,-924.7317504882812,-899.6866455078125,838.1124267578125,844.603515625,817.5855102539062,869.5869140625,876.0,849.0,876.0,906.0,30.0,3.3112582781456954,96.6887417218543,0,8899,0,813,8.116226196289062,7.817582130432129,8.668539047241211,0.9967086315155029,0.9642158150672913,0.999885082244873,0.2761293947696686,0.9085957407951355,6.0125412940979,0.9999998211860657,246.45656514167786,246.4565670490265
G19,adam,auto,0,1285,1285,5.5978288650512695,0.3578214645385742,-918.6063232421875,-924.6234741210938,-899.5756225585938,838.1952514648438,844.6844482421875,817.6710815429688,869.5869140625,876.0,849.0,876.0,906.0,30.0,3.3112582781456954,96.6887417218543,0,8899,0,813,8.099438667297363,7.801028251647949,8.65214729309082,0.9967147707939148,0.9642165899276733,0.9998856782913208,0.27586257457733154,0.9086886048316956,5.990564346313477,0.9999998807907104,246.6472282409668,246.64723014831543
G19,adam,auto,0,1286,1286,5.60567569732666,0.35732167959213257,-918.4973754882812,-924.5150756835938,-899.4645385742188,838.278076171875,844.7666625976562,817.758544921875,869.5869140625,876.0,849.0,876.0,906.0,30.0,3.3112582781456954,96.6887417218543,0,8899,0,813,8.082742691040039,7.784572601318359,8.63583755493164,0.9967208504676819,0.9642173647880554,0.9998862743377686,0.2755948603153229,0.908781111240387,5.98253870010376,0.9999998211860657,246.83852314949036,246.838525056839
G19,adam,auto,0,1287,1287,5.613544940948486,0.3568219542503357,-918.3886108398438,-924.4070434570312,-899.3536987304688,838.3607177734375,844.8496704101562,817.832275390625,869.5869140625,876.0,849.0,876.0,906.0,30.0,3.3112582781456954,96.6887417218543,0,8899,0,813,8.066145896911621,7.768224716186523,8.619622230529785,0.996726930141449,0.9642181396484375,0.9998868703842163,0.27532801032066345,0.9088737368583679,5.973457336425781,0.9999998807907104,247.03021121025085,247.0302131175995
G19,adam,auto,0,1288,1288,5.621437072753906,0.35632216930389404,-918.280029296875,-924.2989501953125,-899.2428588867188,838.4434204101562,844.9327392578125,817.9266357421875,869.5869140625,876.0,849.0,876.0,906.0,30.0,3.3112582781456954,96.6887417218543,0,8899,0,813,8.049639701843262,7.751956939697266,8.603495597839355,0.9967328906059265,0.9642189145088196,0.9998874664306641,0.2750599980354309,0.9089661240577698,5.956296920776367,0.9999998211860657,247.2224280834198,247.22243094444275
G19,adam,auto,0,1289,1289,5.629350662231445,0.35582244396209717,-918.17138671875,-924.1909790039062,-899.1322021484375,838.5256958007812,845.0136108398438,817.9981689453125,869.5869140625,876.0,849.0,876.0,906.0,30.0,3.3112582781456954,96.6887417218543,0,8899,0,813,8.033230781555176,7.735784530639648,8.58745002746582,0.996738851070404,0.9642195701599121,0.9998879432678223,0.27479273080825806,0.9090585112571716,5.952460289001465,0.9999997615814209,247.4111213684082,247.41112327575684
G19,adam,auto,0,1290,1290,5.637287616729736,0.3553227186203003,-918.0628051757812,-924.0830688476562,-899.0215454101562,838.6079711914062,845.094482421875,818.0904541015625,869.5869140625,876.0,849.0,876.0,906.0,30.0,3.3112582781456954,96.6887417218543,0,8899,0,813,8.016913414001465,7.719711780548096,8.571512222290039,0.9967447519302368,0.9642203450202942,0.99988853931427,0.27452507615089417,0.9091504812240601,5.929013252258301,0.9999997615814209,247.60351514816284,247.60351705551147
G19,adam,auto,0,1291,1291,5.645245552062988,0.35482293367385864,-917.9544067382812,-923.975341796875,-898.9109497070312,838.6904296875,845.1782836914062,818.1646728515625,869.5869140625,876.0,849.0,876.0,906.0,30.0,3.3112582781456954,96.6887417218543,0,8899,0,813,8.000687599182129,7.703715801239014,8.555656433105469,0.9967507719993591,0.9642211198806763,0.9998891353607178,0.2742566764354706,0.9092427492141724,5.911591053009033,0.9999998807907104,247.79355907440186,247.7935609817505
G19,adam,auto,0,1292,1292,5.65322732925415,0.35432320833206177,-917.8460083007812,-923.8676147460938,-898.800537109375,838.7722778320312,845.2596435546875,818.2546997070312,869.5869140625,876.0,849.0,876.0,906.0,30.0,3.3112582781456954,96.6887417218543,0,8899,0,813,7.9845499992370605,7.6878204345703125,8.539898872375488,0.9967564940452576,0.9642217755317688,0.9998897314071655,0.2739895284175873,0.9093344807624817,5.912579536437988,0.9999998211860657,247.98540496826172,247.98540687561035
G19,adam,auto,0,1293,1293,5.66123104095459,0.3538234233856201,-917.73779296875,-923.760009765625,-898.690185546875,838.8544311523438,845.33935546875,818.330078125,869.5869140625,876.0,849.0,876.0,906.0,30.0,3.3112582781456954,96.6887417218543,0,8899,0,813,7.968505382537842,7.672019958496094,8.524225234985352,0.9967623949050903,0.9642224311828613,0.9998902082443237,0.27372080087661743,0.9094263911247253,5.893104553222656,0.9999998807907104,248.17458820343018,248.1745901107788
G19,adam,auto,0,1294,1294,5.669257640838623,0.35332369804382324,-917.6295776367188,-923.6524658203125,-898.579833984375,838.936279296875,845.4216918945312,818.4175415039062,869.5869140625,876.0,849.0,876.0,906.0,30.0,3.3112582781456954,96.6887417218543,0,8899,0,813,7.952547550201416,7.656294822692871,8.50864028930664,0.9967681169509888,0.9642232060432434,0.9998908042907715,0.27345287799835205,0.9095181226730347,5.881731986999512,0.9999997615814209,248.36762022972107,248.3676221370697
G19,adam,auto,0,1295,1295,5.677306652069092,0.35282397270202637,-917.5216064453125,-923.5450439453125,-898.4697265625,839.0178833007812,845.504638671875,818.4974975585938,869.5869140625,876.0,849.0,876.0,906.0,30.0,3.3112582781456954,96.6887417218543,0,8899,0,813,7.936681270599365,7.640678405761719,8.493131637573242,0.9967739582061768,0.9642238616943359,0.9998912811279297,0.2731849253177643,0.9096094965934753,5.8745856285095215,0.9999997615814209,248.5574631690979,248.55746507644653
G19,adam,auto,0,1296,1296,5.685379505157471,0.3523241877555847,-917.41357421875,-923.4376831054688,-898.359619140625,839.0997924804688,845.5852661132812,818.5770874023438,869.5869140625,876.0,849.0,876.0,906.0,30.0,3.3112582781456954,96.6887417218543,0,8899,0,813,7.920902252197266,7.6251373291015625,8.477718353271484,0.9967796206474304,0.9642245769500732,0.9998918771743774,0.27291572093963623,0.9097012281417847,5.855196475982666,0.9999997615814209,248.75933027267456,248.7593321800232
G19,adam,auto,0,1297,1297,5.693473815917969,0.35182446241378784,-917.3057250976562,-923.3304443359375,-898.2496948242188,839.1810302734375,845.66455078125,818.665771484375,869.5869140625,876.0,849.0,876.0,906.0,30.0,3.3112582781456954,96.6887417218543,0,8899,0,813,7.905210018157959,7.609678268432617,8.462389945983887,0.9967852234840393,0.9642252326011658,0.9998923540115356,0.2726481854915619,0.9097921848297119,5.846778869628906,0.9999998807907104,248.94839715957642,248.94840002059937
G19,adam,auto,0,1298,1298,5.701592922210693,0.3513246774673462,-917.1978149414062,-923.2233276367188,-898.1397705078125,839.2625732421875,845.745361328125,818.7378540039062,869.5869140625,876.0,849.0,876.0,906.0,30.0,3.3112582781456954,96.6887417218543,0,8899,0,813,7.889604568481445,7.5943145751953125,8.4471435546875,0.9967910051345825,0.9642258882522583,0.9998929500579834,0.27237874269485474,0.9098837375640869,5.834051609039307,0.9999998807907104,249.1403841972351,249.14038610458374
G19,adam,auto,0,1299,1299,5.709733486175537,0.3508249521255493,-917.0902099609375,-923.1162109375,-898.0299072265625,839.3436889648438,845.8283081054688,818.8287353515625,869.5869140625,876.0,849.0,876.0,906.0,30.0,3.3112582781456954,96.6887417218543,0,8899,0,813,7.87408447265625,7.579028129577637,8.431974411010742,0.9967966079711914,0.9642265439033508,0.9998934268951416,0.2721104919910431,0.9099746346473694,5.82188606262207,0.9999998211860657,249.33147716522217,249.33148002624512
G19,adam,auto,0,1300,1300,5.717897891998291,0.35032522678375244,-916.9826049804688,-923.0091552734375,-897.920166015625,839.4249877929688,845.9075927734375,818.904052734375,869.5869140625,876.0,849.0,876.0,906.0,30.0,3.3112582781456954,96.6887417218543,0,8899,0,813,7.858648300170898,7.563830375671387,8.416893005371094,0.9968021512031555,0.9642271995544434,0.9998940229415894,0.2718416154384613,0.9100656509399414,5.811802864074707,0.9999998211860657,249.5232961177826,249.52329802513123
G19,adam,auto,0,1301,1301,5.726086616516113,0.3498254418373108,-916.875,-922.9022827148438,-897.810546875,839.5059814453125,845.988037109375,818.9867553710938,869.5869140625,876.0,849.0,876.0,906.0,30.0,3.3112582781456954,96.6887417218543,0,8899,0,813,7.843297004699707,7.54871940612793,8.401891708374023,0.9968076348304749,0.9642278552055359,0.9998944997787476,0.2715722620487213,0.9101565480232239,5.79306697845459,0.9999998211860657,249.72004318237305,249.720046043396
G19,adam,auto,0,1302,1302,5.734297752380371,0.3493257164955139,-916.767578125,-922.79541015625,-897.7011108398438,839.5867919921875,846.0692749023438,819.0711669921875,869.5869140625,876.0,849.0,876.0,906.0,30.0,3.3112582781456954,96.6887417218543,0,8899,0,813,7.828028202056885,7.533687591552734,8.386980056762695,0.996813178062439,0.9642285704612732,0.9998949766159058,0.27130380272865295,0.9102470874786377,5.7870192527771,0.9999998807907104,249.91390323638916,249.9139060974121
G19,adam,auto,0,1303,1303,5.742533206939697,0.34882593154907227,-916.6602783203125,-922.6887817382812,-897.5916137695312,839.6677856445312,846.1499633789062,819.146728515625,869.5869140625,876.0,849.0,876.0,906.0,30.0,3.3112582781456954,96.6887417218543,0,8899,0,813,7.8128437995910645,7.518734931945801,8.372139930725098,0.9968186020851135,0.9642291069030762,0.9998955726623535,0.27103400230407715,0.9103379845619202,5.773648738861084,0.9999998807907104,250.1076831817627,250.10768508911133
G19,adam,auto,0,1304,1304,5.750791549682617,0.3483262062072754,-916.552978515625,-922.582275390625,-897.4822387695312,839.7484130859375,846.2289428710938,819.2325439453125,869.5869140625,876.0,849.0,876.0,906.0,30.0,3.3112582781456954,96.6887417218543,0,8899,0,813,7.797740459442139,7.503876209259033,8.35737419128418,0.9968241453170776,0.9642297625541687,0.9998960494995117,0.27076512575149536,0.9104282259941101,5.758811950683594,0.9999998211860657,250.29977011680603,250.29977202415466
G19,adam,auto,0,1305,1305,5.759074687957764,0.34782642126083374,-916.44580078125,-922.4757080078125,-897.3729248046875,839.8289794921875,846.314697265625,819.3116455078125,869.5869140625,876.0,849.0,876.0,906.0,30.0,3.3112582781456954,96.6887417218543,0,8899,0,813,7.782721042633057,7.489086151123047,8.342696189880371,0.9968295693397522,0.9642302989959717,0.9998965263366699,0.27049562335014343,0.9105187654495239,5.753306865692139,0.9999999403953552,250.49041414260864,250.4904170036316
G19,adam,auto,0,1306,1306,5.767380714416504,0.34732669591903687,-916.3388061523438,-922.3692016601562,-897.2637329101562,839.9096069335938,846.3924560546875,819.3902587890625,869.5869140625,876.0,849.0,876.0,906.0,30.0,3.3112582781456954,96.6887417218543,0,8899,0,813,7.7677812576293945,7.474380970001221,8.328104019165039,0.9968349933624268,0.9642309546470642,0.9998970031738281,0.27022603154182434,0.9106088280677795,5.739068984985352,0.9999998807907104,250.68997406959534,250.68997597694397
G19,adam,auto,0,1307,1307,5.775712013244629,0.34682697057724,-916.2318115234375,-922.2628784179688,-897.1547241210938,839.9899291992188,846.4685668945312,819.476318359375,869.5869140625,876.0,849.0,876.0,906.0,30.0,3.3112582781456954,96.6887417218543,0,8899,0,813,7.752926349639893,7.459763526916504,8.313587188720703,0.996840238571167,0.9642316699028015,0.9998974800109863,0.2699565589427948,0.9106990098953247,5.728674411773682,0.9999999403953552,250.88303208351135,250.88303518295288
G19,adam,auto,0,1308,1308,5.784066200256348,0.34632718563079834,-916.1248168945312,-922.1566772460938,-897.0457153320312,840.0701293945312,846.5491943359375,819.5501098632812,869.5869140625,876.0,849.0,876.0,906.0,30.0,3.3112582781456954,96.6887417218543,0,8899,0,813,7.738147735595703,7.445221900939941,8.299142837524414,0.9968456029891968,0.9642322063446045,0.9998980760574341,0.2696866989135742,0.9107890129089355,5.716325759887695,0.9999998807907104,251.0733880996704,251.07339000701904
G19,adam,auto,0,1309,1309,5.792445659637451,0.34582746028900146,-916.0181274414062,-922.0504760742188,-896.9368286132812,840.1503295898438,846.63037109375,819.6361083984375,869.5869140625,876.0,849.0,876.0,906.0,30.0,3.3112582781456954,96.6887417218543,0,8899,0,813,7.723448276519775,7.430760383605957,8.284777641296387,0.996850848197937,0.9642327427864075,0.9998985528945923,0.269416868686676,0.9108788967132568,5.707937717437744,0.9999998807907104,251.2647361755371,251.26473808288574
G19,adam,auto,0,1310,1310,5.800848007202148,0.3453276753425598,-915.911376953125,-921.9443359375,-896.8280029296875,840.230224609375,846.7095947265625,819.714111328125,869.5869140625,876.0,849.0,876.0,906.0,30.0,3.3112582781456954,96.6887417218543,0,8899,0,813,7.708831310272217,7.416380405426025,8.270488739013672,0.9968560934066772,0.9642333984375,0.9998990297317505,0.2691468596458435,0.9109686017036438,5.6972808837890625,0.9999998211860657,251.45633792877197,251.4563410282135
G19,adam,auto,0,1311,1311,5.809276103973389,0.34482795000076294,-915.8048095703125,-921.8384399414062,-896.7192993164062,840.3101806640625,846.7874755859375,819.7926635742188,869.5869140625,876.0,849.0,876.0,906.0,30.0,3.3112582781456954,96.6887417218543,0,8899,0,813,7.694289207458496,7.402069091796875,8.256288528442383,0.9968613982200623,0.9642339944839478,0.9998995065689087,0.2688768804073334,0.911058247089386,5.679812431335449,0.9999998211860657,251.64785814285278,251.64786005020142
G19,adam,auto,0,1312,1312,5.817728042602539,0.34432822465896606,-915.6981811523438,-921.7324829101562,-896.6107177734375,840.3900146484375,846.8670654296875,819.87744140625,869.5869140625,876.0,849.0,876.0,906.0,30.0,3.3112582781456954,96.6887417218543,0,8899,0,813,7.679824352264404,7.387842178344727,8.24215316772461,0.9968665242195129,0.9642345309257507,0.9998999834060669,0.26860666275024414,0.9111477732658386,5.674773216247559,0.9999998211860657,251.8409240245819,251.84092593193054
G19,adam,auto,0,1313,1313,5.826204299926758,0.3438284397125244,-915.591796875,-921.6266479492188,-896.502197265625,840.4697265625,846.9471435546875,819.9517211914062,869.5869140625,876.0,849.0,876.0,906.0,30.0,3.3112582781456954,96.6887417218543,0,8899,0,813,7.665439128875732,7.373685836791992,8.228089332580566,0.9968717694282532,0.9642351865768433,0.9999004602432251,0.26833635568618774,0.9112372994422913,5.663524627685547,0.9999998211860657,252.03436613082886,252.0343680381775
G19,adam,auto,0,1314,1314,5.8347063064575195,0.34332871437072754,-915.4854736328125,-921.5210571289062,-896.393798828125,840.5491943359375,847.0247192382812,820.0364990234375,869.5869140625,876.0,849.0,876.0,906.0,30.0,3.3112582781456954,96.6887417218543,0,8899,0,813,7.6511311531066895,7.359608173370361,8.214105606079102,0.9968768954277039,0.9642357230186462,0.9999009370803833,0.2680659890174866,0.9113263487815857,5.646465301513672,0.9999998211860657,252.2243630886078,252.22436594963074
G19,adam,auto,0,1315,1315,5.843231678009033,0.3428289294242859,-915.3792724609375,-921.4154052734375,-896.285400390625,840.6287841796875,847.104248046875,820.1124267578125,869.5869140625,876.0,849.0,876.0,906.0,30.0,3.3112582781456954,96.6887417218543,0,8899,0,813,7.636897087097168,7.345615863800049,8.20018482208252,0.9968819618225098,0.964236319065094,0.9999014139175415,0.26779523491859436,0.911415696144104,5.639335632324219,0.9999998807907104,252.41521525382996,252.4152171611786
G19,adam,auto,0,1316,1316,5.851783752441406,0.342329204082489,-915.2730712890625,-921.3099975585938,-896.1771850585938,840.7080078125,847.184326171875,820.1954345703125,869.5869140625,876.0,849.0,876.0,906.0,30.0,3.3112582781456954,96.6887417218543,0,8899,0,813,7.622739791870117,7.3316826820373535,8.186352729797363,0.9968869686126709,0.964236855506897,0.9999018907546997,0.2675250470638275,0.9115046262741089,5.6336236000061035,0.9999998211860657,252.60683822631836,252.606840133667
G19,adam,auto,0,1317,1317,5.8603596687316895,0.34182947874069214,-915.1671142578125,-921.2045288085938,-896.0690307617188,840.7874145507812,847.261474609375,820.2703857421875,869.5869140625,876.0,849.0,876.0,906.0,30.0,3.3112582781456954,96.6887417218543,0,8899,0,813,7.60866117477417,7.317843437194824,8.172590255737305,0.996891975402832,0.9642375111579895,0.9999023675918579,0.2672538161277771,0.9115936756134033,5.621493339538574,0.9999998807907104,252.79797101020813,252.79797291755676
G19,adam,auto,0,1318,1318,5.868961334228516,0.3413296937942505,-915.0612182617188,-921.0991821289062,-895.9609985351562,840.8663940429688,847.3414306640625,820.356689453125,869.5869140625,876.0,849.0,876.0,906.0,30.0,3.3112582781456954,96.6887417218543,0,8899,0,813,7.59465217590332,7.3040666580200195,8.15889835357666,0.9968969821929932,0.9642380475997925,0.9999027252197266,0.2669832408428192,0.9116823673248291,5.599949836730957,0.9999998807907104,252.99028515815735,252.99028706550598
G19,adam,auto,0,1319,1319,5.877587795257568,0.3408299684524536,-914.955322265625,-920.993896484375,-895.85302734375,840.9453735351562,847.419189453125,820.427001953125,869.5869140625,876.0,849.0,876.0,906.0,30.0,3.3112582781456954,96.6887417218543,0,8899,0,813,7.580718040466309,7.290353775024414,8.145263671875,0.9969019889831543,0.9642386436462402,0.9999032020568848,0.2667122483253479,0.9117711186408997,5.5968241691589355,0.9999998807907104,253.18113732337952,253.18113923072815
G19,adam,auto,0,1320,1320,5.886240482330322,0.34033018350601196,-914.8494262695312,-920.8887329101562,-895.7452392578125,841.0244140625,847.497314453125,820.5150756835938,869.5869140625,876.0,849.0,876.0,906.0,30.0,3.3112582781456954,96.6887417218543,0,8899,0,813,7.566858768463135,7.276742458343506,8.131725311279297,0.9969069957733154,0.9642391800880432,0.999903678894043,0.2664409577846527,0.9118596315383911,5.590760231018066,0.9999998211860657,253.37222409248352,253.37222599983215
G19,adam,auto,0,1321,1321,5.894917964935303,0.3398304581642151,-914.7437744140625,-920.78369140625,-895.6373901367188,841.1030883789062,847.575927734375,820.5878295898438,869.5869140625,876.0,849.0,876.0,906.0,30.0,3.3112582781456954,96.6887417218543,0,8899,0,813,7.553072452545166,7.263175010681152,8.118245124816895,0.996911883354187,0.9642397165298462,0.9999041557312012,0.26617008447647095,0.9119481444358826,5.573714256286621,0.9999998807907104,253.57008528709412,253.57008814811707
G19,adam,auto,0,1322,1322,5.903621673583984,0.33933067321777344,-914.6383056640625,-920.6787719726562,-895.5296630859375,841.181884765625,847.6539916992188,820.6690063476562,869.5869140625,876.0,849.0,876.0,906.0,30.0,3.3112582781456954,96.6887417218543,0,8899,0,813,7.539357662200928,7.249691963195801,8.104840278625488,0.9969168305397034,0.964240312576294,0.9999046325683594,0.26589837670326233,0.9120364785194397,5.566605091094971,0.9999998807907104,253.76125121116638,253.76125311851501
G19,adam,auto,0,1323,1323,5.912350177764893,0.33883094787597656,-914.5327758789062,-920.573974609375,-895.422119140625,841.2603759765625,847.7347412109375,820.748779296875,869.5869140625,876.0,849.0,876.0,906.0,30.0,3.3112582781456954,96.6887417218543,0,8899,0,813,7.525713920593262,7.236278533935547,8.091498374938965,0.996921718120575,0.9642408490180969,0.999904990196228,0.26562735438346863,0.9121246337890625,5.553577423095703,0.9999998807907104,253.9512209892273,253.95122289657593
G19,adam,auto,0,1324,1324,5.921105861663818,0.3383312225341797,-914.4274291992188,-920.4691162109375,-895.314697265625,841.3389282226562,847.8091430664062,820.8258056640625,869.5869140625,876.0,849.0,876.0,906.0,30.0,3.3112582781456954,96.6887417218543,0,8899,0,813,7.512143611907959,7.222937107086182,8.078235626220703,0.996926486492157,0.9642413854598999,0.9999054670333862,0.26535555720329285,0.9122127294540405,5.54653263092041,0.9999998211860657,254.1409900188446,254.14099192619324
G19,adam,auto,0,1325,1325,5.9298858642578125,0.33783143758773804,-914.3220825195312,-920.364501953125,-895.207275390625,841.4171752929688,847.8883666992188,820.9044799804688,869.5869140625,876.0,849.0,876.0,906.0,30.0,3.3112582781456954,96.6887417218543,0,8899,0,813,7.4986419677734375,7.209663391113281,8.065034866333008,0.9969313740730286,0.9642419815063477,0.9999059438705444,0.2650839388370514,0.9123007655143738,5.535164833068848,0.9999999403953552,254.33336114883423,254.33336400985718
G19,adam,auto,0,1326,1326,5.938692569732666,0.33733171224594116,-914.2169189453125,-920.2598876953125,-895.0999755859375,841.4954223632812,847.9661865234375,820.9855346679688,869.5869140625,876.0,849.0,876.0,906.0,30.0,3.3112582781456954,96.6887417218543,0,8899,0,813,7.4852094650268555,7.196460723876953,8.051902770996094,0.9969361424446106,0.9642425179481506,0.9999063014984131,0.26481226086616516,0.9123885631561279,5.522099018096924,0.9999998211860657,254.52356219291687,254.5235641002655
G19,adam,auto,0,1327,1327,5.947525978088379,0.3368319272994995,-914.11181640625,-920.155517578125,-894.9927368164062,841.5736083984375,848.0438232421875,821.05908203125,869.5869140625,876.0,849.0,876.0,906.0,30.0,3.3112582781456954,96.6887417218543,0,8899,0,813,7.471847057342529,7.183326244354248,8.038833618164062,0.9969408512115479,0.9642430543899536,0.9999067783355713,0.26454031467437744,0.9124763011932373,5.516539096832275,0.9999998211860657,254.71467113494873,254.71467423439026
G19,adam,auto,0,1328,1328,5.956385135650635,0.33633220195770264,-914.0067749023438,-920.0510864257812,-894.8856811523438,841.6516723632812,848.1231689453125,821.143310546875,869.5869140625,876.0,849.0,876.0,906.0,30.0,3.3112582781456954,96.6887417218543,0,8899,0,813,7.458552360534668,7.17025899887085,8.025837898254395,0.9969455599784851,0.9642435908317566,0.9999072551727295,0.26426830887794495,0.9125639200210571,5.504193305969238,0.9999998211860657,254.9060971736908,254.90609908103943
G19,adam,auto,0,1329,1329,5.965271472930908,0.33583247661590576,-913.9017944335938,-919.94677734375,-894.77880859375,841.7296142578125,848.1990966796875,821.2158203125,869.5869140625,876.0,849.0,876.0,906.0,30.0,3.3112582781456954,96.6887417218543,0,8899,0,813,7.44532585144043,7.157260894775391,8.012910842895508,0.9969503283500671,0.9642441868782043,0.9999076128005981,0.263996422290802,0.9126513600349426,5.494643211364746,0.9999997615814209,255.09538912773132,255.09539198875427
G19,adam,auto,0,1330,1330,5.974183559417725,0.3353326916694641,-913.7969970703125,-919.8426513671875,-894.671875,841.807373046875,848.277587890625,821.2990112304688,869.5869140625,876.0,849.0,876.0,906.0,30.0,3.3112582781456954,96.6887417218543,0,8899,0,813,7.432167053222656,7.144322395324707,8.00003433227539,0.9969549775123596,0.9642447233200073,0.9999080896377563,0.26372388005256653,0.9127388596534729,5.485772132873535,0.9999999403953552,255.28904604911804,255.28904795646667
G19,adam,auto,0,1331,1331,5.983123302459717,0.33483296632766724,-913.6923828125,-919.7384643554688,-894.5650634765625,841.885009765625,848.353515625,821.3717041015625,869.5869140625,876.0,849.0,876.0,906.0,30.0,3.3112582781456954,96.6887417218543,0,8899,0,813,7.419079780578613,7.131464004516602,7.987240314483643,0.9969596266746521,0.9642452597618103,0.999908447265625,0.26345184445381165,0.9128260016441345,5.474647521972656,0.9999998211860657,255.48037934303284,255.48038125038147
G19,adam,auto,0,1332,1332,5.992088794708252,0.3343331813812256,-913.5878295898438,-919.6343994140625,-894.4583740234375,841.9625854492188,848.4307861328125,821.45556640625,869.5869140625,876.0,849.0,876.0,906.0,30.0,3.3112582781456954,96.6887417218543,0,8899,0,813,7.406054496765137,7.1186747550964355,7.97450065612793,0.996964156627655,0.9642457365989685,0.9999089241027832,0.2631792724132538,0.9129132628440857,5.465886116027832,0.9999998807907104,255.67148613929749,255.67148900032043
G19,adam,auto,0,1333,1333,6.001081943511963,0.3338334560394287,-913.4832153320312,-919.5305786132812,-894.3516845703125,842.0402221679688,848.508056640625,821.5263671875,869.5869140625,876.0,849.0,876.0,906.0,30.0,3.3112582781456954,96.6887417218543,0,8899,0,813,7.393099308013916,7.105939865112305,7.961835861206055,0.9969688057899475,0.9642462730407715,0.9999092817306519,0.26290661096572876,0.913000226020813,5.455880641937256,0.9999998807907104,255.8645122051239,255.86451411247253
G19,adam,auto,0,1334,1334,6.010101318359375,0.33333373069763184,-913.3787841796875,-919.4267578125,-894.2453002929688,842.1173706054688,848.5841064453125,821.6112670898438,869.5869140625,876.0,849.0,876.0,906.0,30.0,3.3112582781456954,96.6887417218543,0,8899,0,813,7.380208492279053,7.093264579772949,7.949228763580322,0.9969733953475952,0.9642468094825745,0.9999097585678101,0.2626342475414276,0.9130871891975403,5.4432501792907715,0.9999998211860657,256.0549011230469,256.0549039840698
G19,adam,auto,0,1335,1335,6.019148826599121,0.3328339457511902,-913.2744750976562,-919.3229370117188,-894.1387939453125,842.19482421875,848.6611328125,821.6815795898438,869.5869140625,876.0,849.0,876.0,906.0,30.0,3.3112582781456954,96.6887417218543,0,8899,0,813,7.367384433746338,7.080661773681641,7.9366865158081055,0.9969778656959534,0.9642474055290222,0.9999101161956787,0.2623610496520996,0.9131739735603333,5.431550979614258,0.9999998211860657,256.2465751171112,256.24657702445984
G19,adam,auto,0,1336,1336,6.028222560882568,0.3323342204093933,-913.1702270507812,-919.2193603515625,-894.032470703125,842.2719116210938,848.7389526367188,821.7658081054688,869.5869140625,876.0,849.0,876.0,906.0,30.0,3.3112582781456954,96.6887417218543,0,8899,0,813,7.354625701904297,7.068133354187012,7.924206733703613,0.9969825148582458,0.9642479419708252,0.9999105930328369,0.2620885968208313,0.9132606387138367,5.430056571960449,0.9999998807907104,256.4369971752167,256.4369990825653
G19,adam,auto,0,1337,1337,6.037324905395508,0.33183443546295166,-913.0661010742188,-919.1157836914062,-893.92626953125,842.3489990234375,848.8154296875,821.8365478515625,869.5869140625,876.0,849.0,876.0,906.0,30.0,3.3112582781456954,96.6887417218543,0,8899,0,813,7.3419318199157715,7.055660247802734,7.91178560256958,0.9969869256019592,0.9642484784126282,0.9999109506607056,0.2618153393268585,0.9133471846580505,5.420431613922119,0.9999998211860657,256.62736797332764,256.62736988067627
G19,adam,auto,0,1338,1338,6.046453475952148,0.3313347101211548,-912.9619750976562,-919.012451171875,-893.8201904296875,842.426025390625,848.8912963867188,821.9197998046875,869.5869140625,876.0,849.0,876.0,906.0,30.0,3.3112582781456954,96.6887417218543,0,8899,0,813,7.32930326461792,7.0432538986206055,7.8994364738464355,0.9969913959503174,0.9642490744590759,0.9999113082885742,0.2615422308444977,0.9134337306022644,5.405904769897461,0.9999998807907104,256.8191330432892,256.8191349506378
G19,adam,auto,0,1339,1339,6.0556111335754395,0.33083492517471313,-912.8580932617188,-918.9091186523438,-893.7142333984375,842.5028076171875,848.9703369140625,821.9923706054688,869.5869140625,876.0,849.0,876.0,906.0,30.0,3.3112582781456954,96.6887417218543,0,8899,0,813,7.316735744476318,7.030916213989258,7.887144088745117,0.9969958662986755,0.9642496109008789,0.9999117851257324,0.26126912236213684,0.9135198593139648,5.394980430603027,0.9999998807907104,257.0109450817108,257.01094698905945
G19,adam,auto,0,1340,1340,6.06479549407959,0.33033519983291626,-912.7542724609375,-918.8059692382812,-893.6082153320312,842.5795288085938,849.0435791015625,822.070556640625,869.5869140625,876.0,849.0,876.0,906.0,30.0,3.3112582781456954,96.6887417218543,0,8899,0,813,7.304232120513916,7.0186262130737305,7.874914646148682,0.9970002770423889,0.9642501473426819,0.9999121427536011,0.26099568605422974,0.9136062264442444,5.386913776397705,0.9999998211860657,257.20206212997437,257.202064037323
G19,adam,auto,0,1341,1341,6.074007511138916,0.3298354744911194,-912.6505737304688,-918.7026977539062,-893.5025024414062,842.6561279296875,849.12158203125,822.1507568359375,869.5869140625,876.0,849.0,876.0,906.0,30.0,3.3112582781456954,96.6887417218543,0,8899,0,813,7.291792392730713,7.006415367126465,7.862749099731445,0.9970046281814575,0.9642506241798401,0.9999125003814697,0.260722279548645,0.9136922359466553,5.384370803833008,0.9999998211860657,257.3933310508728,257.39333391189575
G19,adam,auto,0,1342,1342,6.083248615264893,0.32933568954467773,-912.546875,-918.5997314453125,-893.3966064453125,842.7326049804688,849.1954956054688,822.219482421875,869.5869140625,876.0,849.0,876.0,906.0,30.0,3.3112582781456954,96.6887417218543,0,8899,0,813,7.2794189453125,6.994258403778076,7.850643157958984,0.9970089793205261,0.9642511606216431,0.9999129772186279,0.260448694229126,0.9137783646583557,5.368000030517578,0.9999997615814209,257.5831241607666,257.58312606811523
G19,adam,auto,0,1343,1343,6.092516899108887,0.32883596420288086,-912.4432983398438,-918.496826171875,-893.2911376953125,842.8090209960938,849.2716064453125,822.3070678710938,869.5869140625,876.0,849.0,876.0,906.0,30.0,3.3112582781456954,96.6887417218543,0,8899,0,813,7.26710319519043,6.9821577072143555,7.838593006134033,0.9970133900642395,0.964251697063446,0.9999133348464966,0.26017504930496216,0.9138641357421875,5.356348514556885,0.9999998211860657,257.77423119544983,257.7742340564728
G19,adam,auto,0,1344,1344,6.101814270019531,0.3283361792564392,-912.3399047851562,-918.3939208984375,-893.1856079101562,842.8853759765625,849.348876953125,822.37255859375,869.5869140625,876.0,849.0,876.0,906.0,30.0,3.3112582781456954,96.6887417218543,0,8899,0,813,7.254849910736084,6.970125675201416,7.8266096115112305,0.9970177412033081,0.964252233505249,0.9999136924743652,0.25990113615989685,0.9139499068260193,5.354195594787598,0.9999998211860657,257.9650082588196,257.9650101661682
G19,adam,auto,0,1345,1345,6.111139297485352,0.32783645391464233,-912.236572265625,-918.291259765625,-893.0801391601562,842.9616088867188,849.4222412109375,822.45703125,869.5869140625,876.0,849.0,876.0,906.0,30.0,3.3112582781456954,96.6887417218543,0,8899,0,813,7.242659568786621,6.958154201507568,7.814678192138672,0.9970219731330872,0.9642528295516968,0.9999140501022339,0.2596275210380554,0.9140354990959167,5.341669082641602,0.9999998211860657,258.15644335746765,258.1564452648163
G19,adam,auto,0,1346,1346,6.1204938888549805,0.32733672857284546,-912.1334228515625,-918.1885375976562,-892.9747314453125,843.0377197265625,849.4993896484375,822.5296630859375,869.5869140625,876.0,849.0,876.0,906.0,30.0,3.3112582781456954,96.6887417218543,0,8899,0,813,7.230530261993408,6.946244716644287,7.8028106689453125,0.997026264667511,0.9642533659934998,0.9999145269393921,0.2593531012535095,0.914121150970459,5.334838390350342,0.9999998807907104,258.3465909957886,258.3465929031372
G19,adam,auto,0,1347,1347,6.129876136779785,0.3268369436264038,-912.0302124023438,-918.0859985351562,-892.8695678710938,843.1135864257812,849.5750732421875,822.6049194335938,869.5869140625,876.0,849.0,876.0,906.0,30.0,3.3112582781456954,96.6887417218543,0,8899,0,813,7.218461513519287,6.934386253356934,7.791001796722412,0.99703049659729,0.9642539024353027,0.9999148845672607,0.25907933712005615,0.9142063856124878,5.326610565185547,0.9999997615814209,258.5388722419739,258.5388741493225
G19,adam,auto,0,1348,1348,6.139287948608398,0.32633721828460693,-911.9271240234375,-917.983642578125,-892.7644653320312,843.1895141601562,849.651123046875,822.686279296875,869.5869140625,876.0,849.0,876.0,906.0,30.0,3.3112582781456954,96.6887417218543,0,8899,0,813,7.206448554992676,6.92259407043457,7.779258728027344,0.9970347285270691,0.9642544984817505,0.9999152421951294,0.25880488753318787,0.9142917394638062,5.3130269050598145,0.9999998211860657,258.74355912208557,258.7435610294342
G19,adam,auto,0,1349,1349,6.148727893829346,0.3258374333381653,-911.82421875,-917.8811645507812,-892.659423828125,843.2651977539062,849.7255859375,822.7535400390625,869.5869140625,876.0,849.0,876.0,906.0,30.0,3.3112582781456954,96.6887417218543,0,8899,0,813,7.1945013999938965,6.910860538482666,7.767550468444824,0.9970389604568481,0.9642550349235535,0.999915599822998,0.25853046774864197,0.914376974105835,5.304012775421143,0.9999998211860657,258.9256331920624,258.925635099411
G19,adam,auto,0,1350,1350,6.15819787979126,0.3253377079963684,-911.7213745117188,-917.7789916992188,-892.554443359375,843.3408813476562,849.8026733398438,822.8397216796875,869.5869140625,876.0,849.0,876.0,906.0,30.0,3.3112582781456954,96.6887417218543,0,8899,0,813,7.182609558105469,6.8991851806640625,7.755928039550781,0.9970431327819824,0.9642555713653564,0.9999159574508667,0.25825631618499756,0.9144618511199951,5.2972822189331055,0.9999997615814209,259.12030816078186,259.1203100681305
G19,adam,auto,0,1351,1351,6.167695999145508,0.32483798265457153,-911.6185913085938,-917.6768188476562,-892.44970703125,843.41650390625,849.875732421875,822.906005859375,869.5869140625,876.0,849.0,876.0,906.0,30.0,3.3112582781456954,96.6887417218543,0,8899,0,813,7.170774936676025,6.887568950653076,7.7443389892578125,0.9970472455024719,0.9642560482025146,0.9999163150787354,0.2579813301563263,0.9145470261573792,5.29030179977417,0.9999998807907104,259.32279205322266,259.3227939605713
G19,adam,auto,0,1352,1352,6.177224636077881,0.3243381977081299,-911.5158081054688,-917.5748291015625,-892.344970703125,843.4918212890625,849.950439453125,822.9883422851562,869.5869140625,876.0,849.0,876.0,906.0,30.0,3.3112582781456954,96.6887417218543,0,8899,0,813,7.159001350402832,6.876004219055176,7.732822895050049,0.9970513582229614,0.9642565846443176,0.999916672706604,0.2577069103717804,0.914631724357605,5.280431747436523,0.9999998211860657,259.5112199783325,259.51122188568115
G19,adam,auto,0,1353,1353,6.186781883239746,0.323838472366333,-911.4133911132812,-917.4728393554688,-892.2403564453125,843.5671997070312,850.02880859375,823.0606689453125,869.5869140625,876.0,849.0,876.0,906.0,30.0,3.3112582781456954,96.6887417218543,0,8899,0,813,7.147287368774414,6.864506244659424,7.721354961395264,0.9970554709434509,0.9642571210861206,0.9999170303344727,0.2574320435523987,0.9147164821624756,5.270228862762451,0.9999998211860657,259.7049331665039,259.70493507385254
G19,adam,auto,0,1354,1354,6.19636869430542,0.32333868741989136,-911.3109130859375,-917.3709716796875,-892.1357421875,843.642578125,850.1019287109375,823.1365966796875,869.5869140625,876.0,849.0,876.0,906.0,30.0,3.3112582781456954,96.6887417218543,0,8899,0,813,7.135631084442139,6.853058338165283,7.7099504470825195,0.9970596432685852,0.9642577171325684,0.9999173879623413,0.2571569085121155,0.9148011207580566,5.263561725616455,0.9999998807907104,259.8965082168579,259.89651012420654
G19,adam,auto,0,1355,1355,6.205986022949219,0.3228389620780945,-911.2086181640625,-917.269287109375,-892.0313110351562,843.7175903320312,850.175537109375,823.2122802734375,869.5869140625,876.0,849.0,876.0,906.0,30.0,3.3112582781456954,96.6887417218543,0,8899,0,813,7.124031066894531,6.841666221618652,7.6985931396484375,0.9970636367797852,0.9642582535743713,0.99991774559021,0.25688230991363525,0.9148855209350586,5.256175994873047,0.9999998807907104,260.08700013160706,260.0870020389557
G19,adam,auto,0,1356,1356,6.215632438659668,0.3223392367362976,-911.1063842773438,-917.1676025390625,-891.927001953125,843.792724609375,850.250244140625,823.2879638671875,869.5869140625,876.0,849.0,876.0,906.0,30.0,3.3112582781456954,96.6887417218543,0,8899,0,813,7.112485885620117,6.830330848693848,7.687294006347656,0.9970677495002747,0.9642587900161743,0.9999181032180786,0.25660669803619385,0.9149699211120605,5.246397972106934,0.9999998211860657,260.27841305732727,260.2784149646759
G19,adam,auto,0,1357,1357,6.2253098487854,0.32183945178985596,-911.0040893554688,-917.0660400390625,-891.8228759765625,843.8676147460938,850.3253173828125,823.3616943359375,869.5869140625,876.0,849.0,876.0,906.0,30.0,3.3112582781456954,96.6887417218543,0,8899,0,813,7.10099983215332,6.819055080413818,7.676053047180176,0.9970716834068298,0.9642593264579773,0.9999184608459473,0.2563317120075226,0.915054202079773,5.2355570793151855,0.9999998807907104,260.4699490070343,260.46995091438293
G19,adam,auto,0,1358,1358,6.235016345977783,0.3213397264480591,-910.9019775390625,-916.9646606445312,-891.7186889648438,843.9423828125,850.4034423828125,823.4378051757812,869.5869140625,876.0,849.0,876.0,906.0,30.0,3.3112582781456954,96.6887417218543,0,8899,0,813,7.089573383331299,6.8078227043151855,7.664862632751465,0.9970756769180298,0.964259922504425,0.9999188184738159,0.2560562491416931,0.9151382446289062,5.227925777435303,0.9999997615814209,260.6652822494507,260.66528511047363
G19,adam,auto,0,1359,1359,6.244754314422607,0.32083994150161743,-910.8001708984375,-916.8632202148438,-891.6146240234375,844.01708984375,850.474365234375,823.51318359375,869.5869140625,876.0,849.0,876.0,906.0,30.0,3.3112582781456954,96.6887417218543,0,8899,0,813,7.078198432922363,6.796667575836182,7.653737545013428,0.997079610824585,0.964260458946228,0.9999191761016846,0.2557806670665741,0.9152224063873291,5.220648765563965,0.9999997019767761,260.8558931350708,260.85589504241943
G19,adam,auto,0,1360,1360,6.254521369934082,0.32034021615982056,-910.6983032226562,-916.761962890625,-891.5106811523438,844.0916137695312,850.548095703125,823.5849609375,869.5869140625,876.0,849.0,876.0,906.0,30.0,3.3112582781456954,96.6887417218543,0,8899,0,813,7.066878318786621,6.785549163818359,7.642652988433838,0.9970836043357849,0.964260995388031,0.9999195337295532,0.25550520420074463,0.9153062105178833,5.214178562164307,0.9999997615814209,261.0456793308258,261.04568219184875
G19,adam,auto,0,1361,1361,6.264320373535156,0.3198404312133789,-910.5964965820312,-916.660888671875,-891.4067993164062,844.1661987304688,850.6231689453125,823.6641845703125,869.5869140625,876.0,849.0,876.0,906.0,30.0,3.3112582781456954,96.6887417218543,0,8899,0,813,7.055613994598389,6.774487495422363,7.631629943847656,0.9970875382423401,0.9642615914344788,0.9999198913574219,0.2552293539047241,0.9153900742530823,5.20327091217041,0.9999998211860657,261.238135099411,261.23813700675964
G19,adam,auto,0,1362,1362,6.274148941040039,0.31934070587158203,-910.494873046875,-916.559814453125,-891.3031005859375,844.2406005859375,850.6965942382812,823.734619140625,869.5869140625,876.0,849.0,876.0,906.0,30.0,3.3112582781456954,96.6887417218543,0,8899,0,813,7.044406890869141,6.763484954833984,7.620656967163086,0.9970914125442505,0.9642621278762817,0.9999202489852905,0.2549535036087036,0.9154737591743469,5.194181442260742,0.9999998211860657,261.4291431903839,261.42914605140686
G19,adam,auto,0,1363,1363,6.28400993347168,0.31884098052978516,-910.3933715820312,-916.4588623046875,-891.1993408203125,844.3148193359375,850.76904296875,823.8109130859375,869.5869140625,876.0,849.0,876.0,906.0,30.0,3.3112582781456954,96.6887417218543,0,8899,0,813,7.033252239227295,6.752532958984375,7.609735012054443,0.9970952868461609,0.9642626643180847,0.9999206066131592,0.25467780232429504,0.9155572652816772,5.186563968658447,0.9999997615814209,261.6210181713104,261.62102007865906
G19,adam,auto,0,1364,1364,6.293900489807129,0.3183411955833435,-910.2918090820312,-916.3579711914062,-891.0958862304688,844.3890991210938,850.84423828125,823.88623046875,869.5869140625,876.0,849.0,876.0,906.0,30.0,3.3112582781456954,96.6887417218543,0,8899,0,813,7.022149085998535,6.741631031036377,7.598870277404785,0.9970992207527161,0.9642632603645325,0.9999209642410278,0.2544012665748596,0.9156407713890076,5.1776580810546875,0.9999999403953552,261.8115041255951,261.8115072250366
G19,adam,auto,0,1365,1365,6.303823471069336,0.31784147024154663,-910.1906127929688,-916.2572631835938,-890.9924926757812,844.4630737304688,850.9207153320312,823.9578857421875,869.5869140625,876.0,849.0,876.0,906.0,30.0,3.3112582781456954,96.6887417218543,0,8899,0,813,7.011101722717285,6.7307939529418945,7.5880537033081055,0.9971030354499817,0.9642637968063354,0.9999212026596069,0.2541256546974182,0.915723979473114,5.170095443725586,0.9999998211860657,262.00317311286926,262.0031750202179
G19,adam,auto,0,1366,1366,6.31377649307251,0.317341685295105,-910.0892944335938,-916.1565551757812,-890.8892211914062,844.5371704101562,850.9918212890625,824.0347290039062,869.5869140625,876.0,849.0,876.0,906.0,30.0,3.3112582781456954,96.6887417218543,0,8899,0,813,7.000107765197754,6.719997882843018,7.577286720275879,0.9971068501472473,0.9642643332481384,0.9999215602874756,0.2538488805294037,0.9158073663711548,5.165012836456299,0.9999998211860657,262.19779896736145,262.1978008747101
G19,adam,auto,0,1367,1367,6.323760986328125,0.3168419599533081,-909.9880981445312,-916.0560302734375,-890.785888671875,844.6110229492188,851.0648193359375,824.1067504882812,869.5869140625,876.0,849.0,876.0,906.0,30.0,3.3112582781456954,96.6887417218543,0,8899,0,813,6.989166259765625,6.709255218505859,7.566580772399902,0.9971106648445129,0.9642648696899414,0.9999219179153442,0.2535727620124817,0.9158903956413269,5.154884338378906,0.9999998211860657,262.3877420425415,262.38774394989014
G19,adam,auto,0,1368,1368,6.333778381347656,0.31634223461151123,-909.8870239257812,-915.9555053710938,-890.6829223632812,844.684814453125,851.137451171875,824.1824951171875,869.5869140625,876.0,849.0,876.0,906.0,30.0,3.3112582781456954,96.6887417218543,0,8899,0,813,6.978279113769531,6.698570728302002,7.555922985076904,0.9971144795417786,0.9642654657363892,0.9999222755432129,0.25329622626304626,0.9159733653068542,5.143171787261963,0.9999998211860657,262.57885813713074,262.57886004447937
G19,adam,auto,0,1369,1369,6.3438262939453125,0.3158424496650696,-909.7860717773438,-915.8551635742188,-890.5798950195312,844.7584838867188,851.2113037109375,824.2538452148438,869.5869140625,876.0,849.0,876.0,906.0,30.0,3.3112582781456954,96.6887417218543,0,8899,0,813,6.967439651489258,6.687934875488281,7.5453057289123535,0.9971182346343994,0.9642660021781921,0.9999226331710815,0.2530193328857422,0.9160562753677368,5.135743618011475,0.9999997615814209,262.7681920528412,262.7681939601898
G19,adam,auto,0,1370,1370,6.353907585144043,0.3153427243232727,-909.685302734375,-915.7549438476562,-890.4769287109375,844.8319702148438,851.285400390625,824.3308715820312,869.5869140625,876.0,849.0,876.0,906.0,30.0,3.3112582781456954,96.6887417218543,0,8899,0,813,6.9566569328308105,6.677340507507324,7.534748554229736,0.9971219897270203,0.9642665386199951,0.9999228715896606,0.2527430057525635,0.9161389470100403,5.1324286460876465,0.9999997019767761,262.96100521087646,262.9610071182251
G19,adam,auto,0,1371,1371,6.364019393920898,0.31484293937683105,-909.5845947265625,-915.65478515625,-890.3741455078125,844.9055786132812,851.3570556640625,824.4010009765625,869.5869140625,876.0,849.0,876.0,906.0,30.0,3.3112582781456954,96.6887417218543,0,8899,0,813,6.945924282073975,6.666812896728516,7.524252414703369,0.9971257448196411,0.9642671346664429,0.9999232292175293,0.2524655759334564,0.9162217974662781,5.122124671936035,0.9999999403953552,263.1512131690979,263.15121507644653
G19,adam,auto,0,1372,1372,6.374164581298828,0.3143432140350342,-909.48388671875,-915.5547485351562,-890.2713012695312,844.9788208007812,851.4307250976562,824.476806640625,869.5869140625,876.0,849.0,876.0,906.0,30.0,3.3112582781456954,96.6887417218543,0,8899,0,813,6.935243129730225,6.656313896179199,7.5137858390808105,0.9971294403076172,0.9642676711082458,0.999923586845398,0.25218918919563293,0.9163040518760681,5.112109661102295,0.9999998807907104,263.3415791988373,263.3415811061859
G19,adam,auto,0,1373,1373,6.384341239929199,0.3138434886932373,-909.3834228515625,-915.454833984375,-890.1688842773438,845.0521240234375,851.504638671875,824.550537109375,869.5869140625,876.0,849.0,876.0,906.0,30.0,3.3112582781456954,96.6887417218543,0,8899,0,813,6.924613952636719,6.645885467529297,7.50337553024292,0.9971331357955933,0.9642682075500488,0.999923825263977,0.25191164016723633,0.916386604309082,5.10849666595459,0.9999997019767761,263.5337553024292,263.53375720977783
G19,adam,auto,0,1374,1374,6.394551753997803,0.31334370374679565,-909.2828979492188,-915.35498046875,-890.0663452148438,845.1251831054688,851.575927734375,824.6207275390625,869.5869140625,876.0,849.0,876.0,906.0,30.0,3.3112582781456954,96.6887417218543,0,8899,0,813,6.914035797119141,6.635504722595215,7.493025779724121,0.9971367716789246,0.9642688035964966,0.9999241828918457,0.2516346871852875,0.9164688587188721,5.100890636444092,0.9999998211860657,263.7239429950714,263.72394490242004
G19,adam,auto,0,1375,1375,6.404793739318848,0.3128439784049988,-909.1826782226562,-915.2551879882812,-889.9639282226562,845.1981811523438,851.650146484375,824.6986083984375,869.5869140625,876.0,849.0,876.0,906.0,30.0,3.3112582781456954,96.6887417218543,0,8899,0,813,6.903506278991699,6.6251630783081055,7.482704162597656,0.9971403479576111,0.9642693400382996,0.9999245405197144,0.2513572573661804,0.9165510535240173,5.089607238769531,0.9999998211860657,263.91529512405396,263.9152979850769
G19,adam,auto,0,1376,1376,6.415069580078125,0.31234419345855713,-909.0823974609375,-915.1555786132812,-889.8616333007812,845.2711791992188,851.721435546875,824.7672729492188,869.5869140625,876.0,849.0,876.0,906.0,30.0,3.3112582781456954,96.6887417218543,0,8899,0,813,6.893028259277344,6.614875793457031,7.472447395324707,0.9971440434455872,0.9642699956893921,0.9999247789382935,0.2510797679424286,0.9166331887245178,5.082221508026123,0.9999998211860657,264.10625410079956,264.1062572002411
G19,adam,auto,0,1377,1377,6.425377368927002,0.31184446811676025,-908.9822998046875,-915.0560913085938,-889.7594604492188,845.343994140625,851.7938232421875,824.8424072265625,869.5869140625,876.0,849.0,876.0,906.0,30.0,3.3112582781456954,96.6887417218543,0,8899,0,813,6.882598400115967,6.60463809967041,7.462234020233154,0.9971476197242737,0.9642705321311951,0.9999251365661621,0.2508023977279663,0.9167150855064392,5.076010227203369,0.9999998211860657,264.2958810329437,264.29588294029236
G19,adam,auto,0,1378,1378,6.4357194900512695,0.3113446831703186,-908.8822021484375,-914.9566650390625,-889.6573486328125,845.4168090820312,851.8673706054688,824.916748046875,869.5869140625,876.0,849.0,876.0,906.0,30.0,3.3112582781456954,96.6887417218543,0,8899,0,813,6.872219562530518,6.594457149505615,7.452068328857422,0.997151255607605,0.9642711281776428,0.9999254941940308,0.2505244016647339,0.9167969822883606,5.069011211395264,0.9999998807907104,264.48771119117737,264.487713098526
G19,adam,auto,0,1379,1379,6.446093559265137,0.31084495782852173,-908.7824096679688,-914.8572998046875,-889.5553588867188,845.4893798828125,851.9403076171875,824.9842529296875,869.5869140625,876.0,849.0,876.0,906.0,30.0,3.3112582781456954,96.6887417218543,0,8899,0,813,6.861888885498047,6.584317207336426,7.4419426918029785,0.9971548318862915,0.9642716646194458,0.9999257326126099,0.2502470314502716,0.9168786406517029,5.060476779937744,0.9999999403953552,264.67834305763245,264.6783449649811
G19,adam,auto,0,1380,1380,6.456501483917236,0.31034523248672485,-908.6826171875,-914.758056640625,-889.4535522460938,845.5618896484375,852.0109252929688,825.0651245117188,869.5869140625,876.0,849.0,876.0,906.0,30.0,3.3112582781456954,96.6887417218543,0,8899,0,813,6.851605415344238,6.57421350479126,7.431880474090576,0.9971582293510437,0.9642722010612488,0.9999260902404785,0.2499687522649765,0.9169602990150452,5.0530805587768555,0.9999997615814209,264.8701140880585,264.8701159954071
G19,adam,auto,0,1381,1381,6.466944217681885,0.3098454475402832,-908.5828247070312,-914.658935546875,-889.3516845703125,845.6343994140625,852.083251953125,825.12841796875,869.5869140625,876.0,849.0,876.0,906.0,30.0,3.3112582781456954,96.6887417218543,0,8899,0,813,6.841372013092041,6.564159393310547,7.4218549728393555,0.997161865234375,0.9642727375030518,0.9999263286590576,0.2496909350156784,0.9170417189598083,5.046848297119141,0.9999998807907104,265.0608940124512,265.0608959197998
G19,adam,auto,0,1382,1382,6.477419376373291,0.30934572219848633,-908.4832153320312,-914.5599975585938,-889.2500610351562,845.7067260742188,852.154541015625,825.2089233398438,869.5869140625,876.0,849.0,876.0,906.0,30.0,3.3112582781456954,96.6887417218543,0,8899,0,813,6.831184387207031,6.554160118103027,7.411879539489746,0.9971653819084167,0.9642734527587891,0.9999266862869263,0.24941278994083405,0.9171231389045715,5.036765098571777,0.9999998211860657,265.2531590461731,265.25316095352173
G19,adam,auto,0,1383,1383,6.487929821014404,0.3088459372520447,-908.3837280273438,-914.4609985351562,-889.1485595703125,845.7789916992188,852.2283935546875,825.2764892578125,869.5869140625,876.0,849.0,876.0,906.0,30.0,3.3112582781456954,96.6887417218543,0,8899,0,813,6.821046829223633,6.5442023277282715,7.401946544647217,0.9971688985824585,0.964273989200592,0.9999269247055054,0.2491343468427658,0.9172044396400452,5.0298237800598145,0.9999997615814209,265.4432351589203,265.44323801994324
G19,adam,auto,0,1384,1384,6.498473167419434,0.3083462119102478,-908.2843017578125,-914.3621826171875,-889.0470581054688,845.8510131835938,852.2997436523438,825.3494262695312,869.5869140625,876.0,849.0,876.0,906.0,30.0,3.3112582781456954,96.6887417218543,0,8899,0,813,6.81095552444458,6.534295558929443,7.39206600189209,0.9971722960472107,0.964274525642395,0.999927282333374,0.2488562911748886,0.9172854423522949,5.022334575653076,0.9999998807907104,265.63492918014526,265.6349310874939
G19,adam,auto,0,1385,1385,6.509052276611328,0.3078464865684509,-908.1849975585938,-914.2634887695312,-888.9456787109375,845.9229736328125,852.3719482421875,825.42431640625,869.5869140625,876.0,849.0,876.0,906.0,30.0,3.3112582781456954,96.6887417218543,0,8899,0,813,6.800910949707031,6.524434566497803,7.382220268249512,0.9971758127212524,0.9642751216888428,0.9999275207519531,0.2485775649547577,0.917366623878479,5.015101909637451,0.9999997019767761,265.8253231048584,265.82532596588135
G19,adam,auto,0,1386,1386,6.519664764404297,0.3073467016220093,-908.0858154296875,-914.1648559570312,-888.8444213867188,845.9949951171875,852.4423217773438,825.4918212890625,869.5869140625,876.0,849.0,876.0,906.0,30.0,3.3112582781456954,96.6887417218543,0,8899,0,813,6.790916442871094,6.514611721038818,7.372437477111816,0.9971792697906494,0.9642757773399353,0.9999278783798218,0.24829904735088348,0.9174474477767944,5.010031223297119,0.9999997615814209,266.01650834083557,266.0165102481842
G19,adam,auto,0,1387,1387,6.530313014984131,0.3068469762802124,-907.9866943359375,-914.06640625,-888.7432861328125,846.0667724609375,852.5143432617188,825.5684204101562,869.5869140625,876.0,849.0,876.0,906.0,30.0,3.3112582781456954,96.6887417218543,0,8899,0,813,6.780965805053711,6.504848480224609,7.362686634063721,0.9971826076507568,0.9642763137817383,0.9999281167984009,0.24802038073539734,0.9175283312797546,5.000687599182129,0.9999998211860657,266.2076151371002,266.20761799812317
G19,adam,auto,0,1388,1388,6.540994644165039,0.30634719133377075,-907.8878173828125,-913.9679565429688,-888.6422119140625,846.1384887695312,852.5857543945312,825.6361694335938,869.5869140625,876.0,849.0,876.0,906.0,30.0,3.3112582781456954,96.6887417218543,0,8899,0,813,6.771064281463623,6.495112895965576,7.352985858917236,0.9971860647201538,0.9642768502235413,0.9999284744262695,0.24774140119552612,0.9176089763641357,4.994418144226074,0.9999998211860657,266.39886713027954,266.3988690376282
G19,adam,auto,0,1389,1389,6.551712512969971,0.3058474659919739,-907.788818359375,-913.8696899414062,-888.541259765625,846.2100830078125,852.65869140625,825.7114868164062,869.5869140625,876.0,849.0,876.0,906.0,30.0,3.3112582781456954,96.6887417218543,0,8899,0,813,6.761205673217773,6.485437393188477,7.34332275390625,0.9971895217895508,0.964277446269989,0.9999287128448486,0.24746257066726685,0.9176894426345825,4.987328052520752,0.9999998211860657,266.5900480747223,266.59005093574524
G19,adam,auto,0,1390,1390,6.562464237213135,0.305347740650177,-907.6900024414062,-913.7714233398438,-888.4404296875,846.2816162109375,852.7276611328125,825.7794189453125,869.5869140625,876.0,849.0,876.0,906.0,30.0,3.3112582781456954,96.6887417218543,0,8899,0,813,6.751392841339111,6.475796222686768,7.333714485168457,0.9971928000450134,0.9642781019210815,0.9999290704727173,0.24718353152275085,0.9177699089050293,4.978888034820557,0.9999997615814209,266.7797939777374,266.77979588508606
G19,adam,auto,0,1391,1391,6.573253154754639,0.30484795570373535,-907.5913696289062,-913.6734008789062,-888.3396606445312,846.3530883789062,852.798583984375,825.8549194335938,869.5869140625,876.0,849.0,876.0,906.0,30.0,3.3112582781456954,96.6887417218543,0,8899,0,813,6.741626739501953,6.466209411621094,7.324152946472168,0.9971961379051208,0.9642786383628845,0.9999293088912964,0.24690411984920502,0.9178501963615417,4.970058917999268,0.9999998211860657,266.9702911376953,266.97029304504395
G19,adam,auto,0,1392,1392,6.584075927734375,0.3043482303619385,-907.4927978515625,-913.5753784179688,-888.2390747070312,846.4241943359375,852.8687744140625,825.9227294921875,869.5869140625,876.0,849.0,876.0,906.0,30.0,3.3112582781456954,96.6887417218543,0,8899,0,813,6.73190450668335,6.456660747528076,7.314619064331055,0.9971994757652283,0.9642791748046875,0.9999295473098755,0.24662519991397858,0.9179304838180542,4.963674545288086,0.9999998211860657,267.1631922721863,267.16319513320923
G19,adam,auto,0,1393,1393,6.594934463500977,0.3038484454154968,-907.3944091796875,-913.4775390625,-888.1386108398438,846.49560546875,852.9407348632812,825.996337890625,869.5869140625,876.0,849.0,876.0,906.0,30.0,3.3112582781456954,96.6887417218543,0,8899,0,813,6.722228050231934,6.447145462036133,7.305141448974609,0.9972027540206909,0.96427983045578,0.9999299049377441,0.24634535610675812,0.9180104732513428,4.960498809814453,0.9999997615814209,267.356162071228,267.35616397857666
G19,adam,auto,0,1394,1394,6.60582971572876,0.30334872007369995,-907.2960205078125,-913.3796997070312,-888.0381469726562,846.5665893554688,853.0112915039062,826.0669555664062,869.5869140625,876.0,849.0,876.0,906.0,30.0,3.3112582781456954,96.6887417218543,0,8899,0,813,6.7125959396362305,6.437692165374756,7.295702934265137,0.9972061514854431,0.9642804265022278,0.9999301433563232,0.24606624245643616,0.9180906414985657,4.949918270111084,0.9999998211860657,267.54934215545654,267.5493450164795
G19,adam,auto,0,1395,1395,6.61676025390625,0.3028489351272583,-907.1978149414062,-913.2821044921875,-887.9378051757812,846.6375732421875,853.0818481445312,826.1370849609375,869.5869140625,876.0,849.0,876.0,906.0,30.0,3.3112582781456954,96.6887417218543,0,8899,0,813,6.703009605407715,6.428265571594238,7.286309242248535,0.997209370136261,0.9642809629440308,0.9999305009841919,0.2457861751317978,0.9181703329086304,4.943763732910156,0.9999998211860657,267.7394640445709,267.73946595191956
G19,adam,auto,0,1396,1396,6.627728462219238,0.3023492097854614,-907.099609375,-913.1845092773438,-887.8375854492188,846.7083740234375,853.1539306640625,826.2100219726562,869.5869140625,876.0,849.0,876.0,906.0,30.0,3.3112582781456954,96.6887417218543,0,8899,0,813,6.693465709686279,6.418891906738281,7.2769598960876465,0.9972126483917236,0.9642816185951233,0.999930739402771,0.24550677835941315,0.9182502031326294,4.935302734375,0.9999997615814209,267.9312400817871,267.93124198913574
G19,adam,auto,0,1397,1397,6.638731479644775,0.30184948444366455,-907.0015869140625,-913.0870361328125,-887.7374267578125,846.7791748046875,853.2229614257812,826.2781982421875,869.5869140625,876.0,849.0,876.0,906.0,30.0,3.3112582781456954,96.6887417218543,0,8899,0,813,6.683965682983398,6.40955924987793,7.267656326293945,0.9972158670425415,0.964282214641571,0.9999309778213501,0.2452266812324524,0.918329656124115,4.934336185455322,0.9999998807907104,268.1230149269104,268.12301683425903
G19,adam,auto,0,1398,1398,6.6497721672058105,0.3013496994972229,-906.9036254882812,-912.9896850585938,-887.637451171875,846.8499755859375,853.2933959960938,826.3524169921875,869.5869140625,876.0,849.0,876.0,906.0,30.0,3.3112582781456954,96.6887417218543,0,8899,0,813,6.674510955810547,6.400273323059082,7.258383750915527,0.9972191452980042,0.9642828702926636,0.9999312162399292,0.24494661390781403,0.9184093475341797,4.923707962036133,0.9999998807907104,268.3127980232239,268.3127999305725
G19,adam,auto,0,1399,1399,6.660848617553711,0.300849974155426,-906.8057861328125,-912.8924560546875,-887.5375366210938,846.9204711914062,853.3646240234375,826.4187622070312,869.5869140625,876.0,849.0,876.0,906.0,30.0,3.3112582781456954,96.6887417218543,0,8899,0,813,6.665097713470459,6.391019344329834,7.249165058135986,0.9972223043441772,0.9642834067344666,0.9999315738677979,0.24466675519943237,0.9184885621070862,4.911862373352051,0.9999997615814209,268.50502610206604,268.50502920150757
G19,adam,auto,0,1400,1400,6.671963691711426,0.3003501892089844,-906.7080078125,-912.7952880859375,-887.4378051757812,846.9910888671875,853.434814453125,826.4948120117188,869.5869140625,876.0,849.0,876.0,906.0,30.0,3.3112582781456954,96.6887417218543,0,8899,0,813,6.655728816986084,6.381811141967773,7.239977836608887,0.9972255229949951,0.9642840623855591,0.999931812286377,0.24438618123531342,0.9185680150985718,4.9086103439331055,0.9999997615814209,268.69653511047363,268.69653701782227
G19,adam,auto,0,1401,1401,6.683114051818848,0.2998504638671875,-906.6104125976562,-912.6983032226562,-887.3381958007812,847.0614013671875,853.5062866210938,826.559326171875,869.5869140625,876.0,849.0,876.0,906.0,30.0,3.3112582781456954,96.6887417218543,0,8899,0,813,6.6464033126831055,6.372650146484375,7.230839252471924,0.9972286820411682,0.9642845988273621,0.999932050704956,0.24410614371299744,0.918647050857544,4.904423713684082,0.9999998211860657,268.89103531837463,268.89103722572327
G19,adam,auto,0,1402,1402,6.694303035736084,0.2993507385253906,-906.5128784179688,-912.6012573242188,-887.238525390625,847.131591796875,853.57275390625,826.6351318359375,869.5869140625,876.0,849.0,876.0,906.0,30.0,3.3112582781456954,96.6887417218543,0,8899,0,813,6.637120246887207,6.363527297973633,7.221742630004883,0.9972319006919861,0.9642851948738098,0.9999324083328247,0.2438255250453949,0.9187260270118713,4.897833347320557,0.9999998807907104,269.08774399757385,269.0877459049225
G19,adam,auto,0,1403,1403,6.705528736114502,0.298850953578949,-906.4154052734375,-912.5045166015625,-887.1390380859375,847.201904296875,853.64306640625,826.701171875,869.5869140625,876.0,849.0,876.0,906.0,30.0,3.3112582781456954,96.6887417218543,0,8899,0,813,6.6278791427612305,6.354442596435547,7.212680339813232,0.9972350001335144,0.9642858505249023,0.9999326467514038,0.24354468286037445,0.9188050031661987,4.885788917541504,0.9999998211860657,269.278578042984,269.27857995033264
G19,adam,auto,0,1404,1404,6.716793060302734,0.2983512282371521,-906.3181762695312,-912.40771484375,-887.0397338867188,847.2717895507812,853.7139892578125,826.7740478515625,869.5869140625,876.0,849.0,876.0,906.0,30.0,3.3112582781456954,96.6887417218543,0,8899,0,813,6.618680477142334,6.345409393310547,7.203679084777832,0.9972380995750427,0.9642863869667053,0.9999328851699829,0.2432645559310913,0.9188836216926575,4.882408142089844,0.9999998211860657,269.46906304359436,269.469064950943
G19,adam,auto,0,1405,1405,6.728094100952148,0.29785144329071045,-906.2210083007812,-912.3110961914062,-886.9404296875,847.3419799804688,853.7838134765625,826.8428344726562,869.5869140625,876.0,849.0,876.0,906.0,30.0,3.3112582781456954,96.6887417218543,0,8899,0,813,6.609525203704834,6.336409091949463,7.194705009460449,0.9972412586212158,0.9642870426177979,0.999933123588562,0.24298296868801117,0.9189624786376953,4.877175331115723,0.9999997615814209,269.66050720214844,269.66050910949707
G19,adam,auto,0,1406,1406,6.739433288574219,0.2973517179489136,-906.1239013671875,-912.2146606445312,-886.8412475585938,847.4116821289062,853.8523559570312,826.9127197265625,869.5869140625,876.0,849.0,876.0,906.0,30.0,3.3112582781456954,96.6887417218543,0,8899,0,813,6.6004109382629395,6.327447414398193,7.185762405395508,0.9972443580627441,0.9642876386642456,0.9999333620071411,0.24270281195640564,0.919040858745575,4.8694376945495605,0.9999997615814209,269.85175108909607,269.8517529964447
G19,adam,auto,0,1407,1407,6.75081205368042,0.2968519926071167,-906.0269165039062,-912.1182250976562,-886.7422485351562,847.4816284179688,853.9217529296875,826.9842529296875,869.5869140625,876.0,849.0,876.0,906.0,30.0,3.3112582781456954,96.6887417218543,0,8899,0,813,6.591340065002441,6.318528175354004,7.176875114440918,0.9972473978996277,0.9642882943153381,0.9999337196350098,0.24242115020751953,0.9191194176673889,4.862700939178467,0.9999998807907104,270.05058002471924,270.05058193206787
G19,adam,auto,0,1408,1408,6.762228012084961,0.29635220766067505,-905.9299926757812,-912.0219116210938,-886.643310546875,847.5512084960938,853.9921264648438,827.050537109375,869.5869140625,876.0,849.0,876.0,906.0,30.0,3.3112582781456954,96.6887417218543,0,8899,0,813,6.582308769226074,6.3096489906311035,7.168025970458984,0.9972504377365112,0.9642889499664307,0.9999339580535889,0.24214015901088715,0.9191977381706238,4.855097770690918,0.9999998807907104,270.2400531768799,270.2400550842285
G19,adam,auto,0,1409,1409,6.773684024810791,0.2958524823188782,-905.8331909179688,-911.9257202148438,-886.54443359375,847.6207885742188,854.0602416992188,827.1251831054688,869.5869140625,876.0,849.0,876.0,906.0,30.0,3.3112582781456954,96.6887417218543,0,8899,0,813,6.573318958282471,6.300810813903809,7.159209251403809,0.9972534775733948,0.9642894864082336,0.999934196472168,0.24185900390148163,0.9192758798599243,4.848817348480225,0.9999997615814209,270.4311261177063,270.43112802505493
G19,adam,auto,0,1410,1410,6.785177230834961,0.2953526973724365,-905.736572265625,-911.8295288085938,-886.4457397460938,847.6904296875,854.1317138671875,827.1893310546875,869.5869140625,876.0,849.0,876.0,906.0,30.0,3.3112582781456954,96.6887417218543,0,8899,0,813,6.564367294311523,6.29201602935791,7.150420188903809,0.9972565174102783,0.9642901420593262,0.9999344348907471,0.24157722294330597,0.9193540215492249,4.841150283813477,0.9999998807907104,270.6244101524353,270.62441325187683
G19,adam,auto,0,1411,1411,6.796710968017578,0.29485297203063965,-905.6400146484375,-911.7335815429688,-886.3470458984375,847.7595825195312,854.1995849609375,827.2625732421875,869.5869140625,876.0,849.0,876.0,906.0,30.0,3.3112582781456954,96.6887417218543,0,8899,0,813,6.5554585456848145,6.283249855041504,7.141700744628906,0.9972596168518066,0.9642907381057739,0.9999346733093262,0.24129606783390045,0.9194318652153015,4.838845252990723,0.9999998211860657,270.8178970813751,270.81789898872375
G19,adam,auto,0,1412,1412,6.808282852172852,0.294353187084198,-905.5435180664062,-911.6376953125,-886.24853515625,847.8289794921875,854.268310546875,827.3314819335938,869.5869140625,876.0,849.0,876.0,906.0,30.0,3.3112582781456954,96.6887417218543,0,8899,0,813,6.546591281890869,6.274531841278076,7.133002281188965,0.9972625374794006,0.9642913937568665,0.9999349117279053,0.24101412296295166,0.9195098876953125,4.832450866699219,0.9999998807907104,271.007581949234,271.00758385658264
G19,adam,auto,0,1413,1413,6.8198957443237305,0.2938534617424011,-905.4472045898438,-911.5419311523438,-886.1502075195312,847.898193359375,854.33740234375,827.3970947265625,869.5869140625,876.0,849.0,876.0,906.0,30.0,3.3112582781456954,96.6887417218543,0,8899,0,813,6.537765026092529,6.26584529876709,7.124342918395996,0.9972655177116394,0.964292049407959,0.9999351501464844,0.2407323718070984,0.9195873737335205,4.823111057281494,0.9999997615814209,271.1986382007599,271.1986401081085
G19,adam,auto,0,1414,1414,6.831546306610107,0.29335373640060425,-905.3508911132812,-911.4462280273438,-886.0518798828125,847.9672241210938,854.40478515625,827.4732666015625,869.5869140625,876.0,849.0,876.0,906.0,30.0,3.3112582781456954,96.6887417218543,0,8899,0,813,6.5289764404296875,6.25720739364624,7.1157331466674805,0.9972684979438782,0.9642927050590515,0.999935507774353,0.24045078456401825,0.9196650385856628,4.817322731018066,0.9999998211860657,271.3905601501465,271.39056301116943
G19,adam,auto,0,1415,1415,6.843238830566406,0.2928539514541626,-905.2548217773438,-911.3506469726562,-885.9536743164062,848.0363159179688,854.473876953125,827.5335693359375,869.5869140625,876.0,849.0,876.0,906.0,30.0,3.3112582781456954,96.6887417218543,0,8899,0,813,6.520232200622559,6.248602867126465,7.107155799865723,0.9972713589668274,0.9642933011054993,0.9999357461929321,0.24016809463500977,0.9197425246238708,4.809736251831055,0.9999998211860657,271.5816173553467,271.5816192626953
G19,adam,auto,0,1416,1416,6.854969501495361,0.2923542261123657,-905.1588134765625,-911.2551879882812,-885.8555908203125,848.1049194335938,854.5438232421875,827.6107177734375,869.5869140625,876.0,849.0,876.0,906.0,30.0,3.3112582781456954,96.6887417218543,0,8899,0,813,6.511524200439453,6.240034103393555,7.098616600036621,0.9972744584083557,0.9642939567565918,0.9999359846115112,0.2398868054151535,0.9198198318481445,4.805663108825684,0.9999997615814209,271.77280020713806,271.7728021144867
G19,adam,auto,0,1417,1417,6.866742134094238,0.2918544411659241,-905.0628051757812,-911.1598510742188,-885.7576293945312,848.1738891601562,854.611572265625,827.6732788085938,869.5869140625,876.0,849.0,876.0,906.0,30.0,3.3112582781456954,96.6887417218543,0,8899,0,813,6.502859592437744,6.231513977050781,7.090124130249023,0.9972773194313049,0.9642946124076843,0.9999362230300903,0.23960362374782562,0.9198971390724182,4.796940803527832,0.9999998211860657,271.9628963470459,271.96289825439453
G19,adam,auto,0,1418,1418,6.878553867340088,0.2913547158241272,-904.9669799804688,-911.0646362304688,-885.65966796875,848.2423706054688,854.6798095703125,827.7459716796875,869.5869140625,876.0,849.0,876.0,906.0,30.0,3.3112582781456954,96.6887417218543,0,8899,0,813,6.494228363037109,6.223021030426025,7.081659317016602,0.9972802400588989,0.9642951488494873,0.9999364614486694,0.23932203650474548,0.919974148273468,4.789514064788818,0.9999997615814209,272.1548013687134,272.154803276062
G19,adam,auto,0,1419,1419,6.890406131744385,0.2908549904823303,-904.8712768554688,-910.9695434570312,-885.56201171875,848.3110961914062,854.749267578125,827.8120727539062,869.5869140625,876.0,849.0,876.0,906.0,30.0,3.3112582781456954,96.6887417218543,0,8899,0,813,6.485637664794922,6.214563369750977,7.073232650756836,0.9972831010818481,0.9642958045005798,0.9999366998672485,0.23903906345367432,0.9200510382652283,4.78595495223999,0.9999998211860657,272.34587502479553,272.34587693214417
G19,adam,auto,0,1420,1420,6.902300834655762,0.29035520553588867,-904.7756958007812,-910.8744506835938,-885.4642944335938,848.3795776367188,854.816650390625,827.882568359375,869.5869140625,876.0,849.0,876.0,906.0,30.0,3.3112582781456954,96.6887417218543,0,8899,0,813,6.477086067199707,6.20615291595459,7.064839839935303,0.9972860217094421,0.9642964601516724,0.9999369382858276,0.238756462931633,0.9201280474662781,4.779770851135254,0.9999998807907104,272.5371472835541,272.5371491909027
G19,adam,auto,0,1421,1421,6.914235591888428,0.2898554801940918,-904.68017578125,-910.779541015625,-885.3667602539062,848.4478149414062,854.8851318359375,827.94921875,869.5869140625,876.0,849.0,876.0,906.0,30.0,3.3112582781456954,96.6887417218543,0,8899,0,813,6.468569755554199,6.1977667808532715,7.056483268737793,0.9972888231277466,0.9642971754074097,0.9999371767044067,0.2384740263223648,0.9202046394348145,4.775555610656738,0.9999998211860657,272.7276360988617,272.7276380062103
G19,adam,auto,0,1422,1422,6.926212787628174,0.28935569524765015,-904.5847778320312,-910.6846923828125,-885.2692260742188,848.5161743164062,854.95263671875,828.0184326171875,869.5869140625,876.0,849.0,876.0,906.0,30.0,3.3112582781456954,96.6887417218543,0,8899,0,813,6.460095405578613,6.189430236816406,7.048164367675781,0.9972916841506958,0.9642978310585022,0.9999374151229858,0.23819060623645782,0.9202814102172852,4.765077590942383,0.9999998807907104,272.918986082077,272.9189889431
G19,adam,auto,0,1423,1423,6.938230037689209,0.28885596990585327,-904.4896240234375,-910.5899658203125,-885.1719360351562,848.584228515625,855.021728515625,828.0872192382812,869.5869140625,876.0,849.0,876.0,906.0,30.0,3.3112582781456954,96.6887417218543,0,8899,0,813,6.45166015625,6.181131362915039,7.0398969650268555,0.997294545173645,0.9642983675003052,0.9999376535415649,0.2379082441329956,0.9203577041625977,4.760205268859863,0.9999997615814209,273.10978507995605,273.1097881793976
G19,adam,auto,0,1424,1424,6.950290679931641,0.2883562445640564,-904.3944091796875,-910.495361328125,-885.07470703125,848.6524047851562,855.0899047851562,828.1530151367188,869.5869140625,876.0,849.0,876.0,906.0,30.0,3.3112582781456954,96.6887417218543,0,8899,0,813,6.44326114654541,6.172860145568848,7.031648635864258,0.9972973465919495,0.9642990231513977,0.999937891960144,0.23762467503547668,0.9204341173171997,4.755595684051514,0.9999998211860657,273.30129528045654,273.3012971878052
G19,adam,auto,0,1425,1425,6.9623918533325195,0.28785645961761475,-904.2991943359375,-910.4010009765625,-884.9775390625,848.7202758789062,855.156005859375,828.224609375,869.5869140625,876.0,849.0,876.0,906.0,30.0,3.3112582781456954,96.6887417218543,0,8899,0,813,6.434897422790527,6.16462516784668,7.023446083068848,0.9973002076148987,0.9642996788024902,0.9999381303787231,0.23734159767627716,0.9205102324485779,4.750588893890381,0.9999998807907104,273.4917480945587,273.49175000190735
G19,adam,auto,0,1426,1426,6.974536418914795,0.28735673427581787,-904.2044067382812,-910.3065185546875,-884.880615234375,848.7882080078125,855.2241821289062,828.288818359375,869.5869140625,876.0,849.0,876.0,906.0,30.0,3.3112582781456954,96.6887417218543,0,8899,0,813,6.426575183868408,6.156432151794434,7.0152740478515625,0.9973029494285583,0.9643003940582275,0.9999383687973022,0.2370583564043045,0.9205865263938904,4.74353551864624,0.9999997019767761,273.68309211730957,273.6830940246582
G19,adam,auto,0,1427,1427,6.986721992492676,0.2868569493293762,-904.109375,-910.2122192382812,-884.7836303710938,848.8560180664062,855.2926025390625,828.3590698242188,869.5869140625,876.0,849.0,876.0,906.0,30.0,3.3112582781456954,96.6887417218543,0,8899,0,813,6.41828727722168,6.1482696533203125,7.007139205932617,0.9973057508468628,0.9643010497093201,0.9999386072158813,0.23677456378936768,0.920662522315979,4.7334771156311035,0.9999997615814209,273.8740670681,273.8740689754486
G19,adam,auto,0,1428,1428,6.9989519119262695,0.28635722398757935,-904.0147094726562,-910.1181030273438,-884.6868286132812,848.923583984375,855.3590087890625,828.4262084960938,869.5869140625,876.0,849.0,876.0,906.0,30.0,3.3112582781456954,96.6887417218543,0,8899,0,813,6.410036087036133,6.140137672424316,6.999030590057373,0.9973084926605225,0.9643017053604126,0.9999388456344604,0.2364913523197174,0.9207382202148438,4.731261730194092,0.9999997615814209,274.066260099411,274.06626200675964
G19,adam,auto,0,1429,1429,7.011223316192627,0.2858574390411377,-903.9201049804688,-910.0239868164062,-884.5901489257812,848.9912109375,855.4271240234375,828.492431640625,869.5869140625,876.0,849.0,876.0,906.0,30.0,3.3112582781456954,96.6887417218543,0,8899,0,813,6.401822566986084,6.132047653198242,6.9909820556640625,0.9973112344741821,0.9643023610115051,0.9999390840530396,0.2362072616815567,0.9208139777183533,4.7269511222839355,0.9999998211860657,274.25629711151123,274.25629901885986
G19,adam,auto,0,1430,1430,7.023539066314697,0.2853577136993408,-903.8256225585938,-909.9300537109375,-884.4935913085938,849.05859375,855.4942626953125,828.5626220703125,869.5869140625,876.0,849.0,876.0,906.0,30.0,3.3112582781456954,96.6887417218543,0,8899,0,813,6.393645763397217,6.123991966247559,6.982952117919922,0.997313916683197,0.9643030166625977,0.9999393224716187,0.23592369258403778,0.9208896160125732,4.72194766998291,0.9999997615814209,274.44824719429016,274.4482500553131
G19,adam,auto,0,1431,1431,7.0358967781066895,0.28485798835754395,-903.731201171875,-909.8361206054688,-884.3970336914062,849.1259765625,855.559814453125,828.6265258789062,869.5869140625,876.0,849.0,876.0,906.0,30.0,3.3112582781456954,96.6887417218543,0,8899,0,813,6.385505199432373,6.115967273712158,6.9749603271484375,0.9973166584968567,0.9643036723136902,0.9999394416809082,0.23563963174819946,0.9209651350975037,4.711240768432617,0.9999998211860657,274.63759899139404,274.6376008987427
G19,adam,auto,0,1432,1432,7.048298358917236,0.2843582034111023,-903.6367797851562,-909.7424926757812,-884.3007202148438,849.1932983398438,855.6278686523438,828.697509765625,869.5869140625,876.0,849.0,876.0,906.0,30.0,3.3112582781456954,96.6887417218543,0,8899,0,813,6.377403259277344,6.107996940612793,6.966996192932129,0.9973194003105164,0.9643043279647827,0.9999396800994873,0.2353554368019104,0.9210404753684998,4.708165645599365,0.9999998211860657,274.8308570384979,274.8308598995209
G19,adam,auto,0,1433,1433,7.060744762420654,0.2838584780693054,-903.5426025390625,-909.6487426757812,-884.2045288085938,849.2603759765625,855.693603515625,828.7611694335938,869.5869140625,876.0,849.0,876.0,906.0,30.0,3.3112582781456954,96.6887417218543,0,8899,0,813,6.369335651397705,6.100042343139648,6.95907735824585,0.997322142124176,0.96430504322052,0.9999399185180664,0.23507149517536163,0.9211156368255615,4.702943325042725,0.9999997615814209,275.01976919174194,275.0197710990906
G19,adam,auto,0,1434,1434,7.0732340812683105,0.28335869312286377,-903.4486083984375,-909.5552368164062,-884.1083374023438,849.3275756835938,855.7611083984375,828.8314819335938,869.5869140625,876.0,849.0,876.0,906.0,30.0,3.3112582781456954,96.6887417218543,0,8899,0,813,6.361303806304932,6.092129230499268,6.9511871337890625,0.9973247647285461,0.9643056988716125,0.9999401569366455,0.23478668928146362,0.9211908578872681,4.694841384887695,0.9999997019767761,275.2114281654358,275.2114300727844
G19,adam,auto,0,1435,1435,7.085768699645996,0.2828589677810669,-903.3546142578125,-909.4618530273438,-884.0123291015625,849.3944091796875,855.8270263671875,828.8958129882812,869.5869140625,876.0,849.0,876.0,906.0,30.0,3.3112582781456954,96.6887417218543,0,8899,0,813,6.353309154510498,6.084242820739746,6.9433393478393555,0.9973273873329163,0.9643063545227051,0.9999403953552246,0.23450280725955963,0.9212656021118164,4.688628196716309,0.9999997615814209,275.40330815315247,275.4033110141754
G19,adam,auto,0,1436,1436,7.098346710205078,0.28235924243927,-903.2606811523438,-909.3685302734375,-883.9164428710938,849.46142578125,855.8955078125,828.96435546875,869.5869140625,876.0,849.0,876.0,906.0,30.0,3.3112582781456954,96.6887417218543,0,8899,0,813,6.345347881317139,6.076390266418457,6.935511589050293,0.9973301291465759,0.9643070101737976,0.9999406337738037,0.23421774804592133,0.9213406443595886,4.683136940002441,0.9999997615814209,275.59408807754517,275.5940899848938
G19,adam,auto,0,1437,1437,7.110970973968506,0.28185945749282837,-903.1668701171875,-909.2753295898438,-883.8204956054688,849.528076171875,855.9610595703125,829.0306396484375,869.5869140625,876.0,849.0,876.0,906.0,30.0,3.3112582781456954,96.6887417218543,0,8899,0,813,6.337422847747803,6.0685811042785645,6.927718162536621,0.997332751750946,0.9643076658248901,0.9999408721923828,0.23393329977989197,0.9214153289794922,4.679893493652344,0.9999997019767761,275.7844741344452,275.7844760417938
G19,adam,auto,0,1438,1438,7.12363862991333,0.2813597321510315,-903.0731811523438,-909.1822509765625,-883.724853515625,849.5947875976562,856.02685546875,829.0963134765625,869.5869140625,876.0,849.0,876.0,906.0,30.0,3.3112582781456954,96.6887417218543,0,8899,0,813,6.329531669616699,6.060788631439209,6.919974327087402,0.9973353743553162,0.9643083214759827,0.9999411106109619,0.23364846408367157,0.9214898943901062,4.671804904937744,0.9999997615814209,275.97650718688965,275.9765090942383
G19,adam,auto,0,1439,1439,7.136353015899658,0.28085994720458984,-902.9796752929688,-909.0892944335938,-883.6292114257812,849.661376953125,856.0936279296875,829.165283203125,869.5869140625,876.0,849.0,876.0,906.0,30.0,3.3112582781456954,96.6887417218543,0,8899,0,813,6.321676731109619,6.05305290222168,6.912253379821777,0.9973378777503967,0.96430903673172,0.9999412298202515,0.2333632856607437,0.9215644001960754,4.667135238647461,0.9999997019767761,276.16727113723755,276.1672730445862
G19,adam,auto,0,1440,1440,7.149111270904541,0.28036022186279297,-902.88623046875,-908.996337890625,-883.53369140625,849.727783203125,856.15966796875,829.2281494140625,869.5869140625,876.0,849.0,876.0,906.0,30.0,3.3112582781456954,96.6887417218543,0,8899,0,813,6.3138556480407715,6.045340538024902,6.904565811157227,0.9973405003547668,0.9643096923828125,0.9999414682388306,0.23307853937149048,0.9216386079788208,4.661600589752197,0.9999997019767761,276.358243227005,276.35824513435364
G19,adam,auto,0,1441,1441,7.161916732788086,0.2798604965209961,-902.7930297851562,-908.9036254882812,-883.4382934570312,849.794189453125,856.226318359375,829.298583984375,869.5869140625,876.0,849.0,876.0,906.0,30.0,3.3112582781456954,96.6887417218543,0,8899,0,813,6.3060712814331055,6.037654876708984,6.896910667419434,0.997343122959137,0.964310348033905,0.9999417066574097,0.23279309272766113,0.9217128753662109,4.656700611114502,0.9999999403953552,276.5527272224426,276.55272912979126
G19,adam,auto,0,1442,1442,7.174766540527344,0.27936071157455444,-902.69970703125,-908.8109130859375,-883.3430786132812,849.8604736328125,856.2943115234375,829.361572265625,869.5869140625,876.0,849.0,876.0,906.0,30.0,3.3112582781456954,96.6887417218543,0,8899,0,813,6.2983222007751465,6.030010223388672,6.889286994934082,0.9973456859588623,0.9643110036849976,0.9999419450759888,0.23250775039196014,0.9217870235443115,4.650869846343994,0.9999998211860657,276.74013113975525,276.7401330471039
G19,adam,auto,0,1443,1443,7.18766450881958,0.27886098623275757,-902.6066284179688,-908.7183227539062,-883.2479858398438,849.9265747070312,856.3584594726562,829.42919921875,869.5869140625,876.0,849.0,876.0,906.0,30.0,3.3112582781456954,96.6887417218543,0,8899,0,813,6.290606498718262,6.022394180297852,6.881704330444336,0.9973482489585876,0.9643117785453796,0.9999421834945679,0.2322225570678711,0.9218608736991882,4.64174747467041,0.9999998807907104,276.93309211730957,276.9330940246582
G19,adam,auto,0,1444,1444,7.200606822967529,0.2783612012863159,-902.5136108398438,-908.6259765625,-883.15283203125,849.9927978515625,856.42431640625,829.4960327148438,869.5869140625,876.0,849.0,876.0,906.0,30.0,3.3112582781456954,96.6887417218543,0,8899,0,813,6.282924175262451,6.014813423156738,6.874142646789551,0.9973507523536682,0.9643124341964722,0.9999423027038574,0.23193654417991638,0.9219347238540649,4.63835334777832,0.9999998807907104,277.1237602233887,277.1237621307373
G19,adam,auto,0,1445,1445,7.213596343994141,0.27786147594451904,-902.4205932617188,-908.5336303710938,-883.057861328125,850.05859375,856.4898681640625,829.5591430664062,869.5869140625,876.0,849.0,876.0,906.0,30.0,3.3112582781456954,96.6887417218543,0,8899,0,813,6.275277137756348,6.007264137268066,6.866621017456055,0.9973532557487488,0.9643130898475647,0.9999425411224365,0.23165127635002136,0.9220083355903625,4.63485860824585,0.9999998211860657,277.3145589828491,277.31456089019775
G19,adam,auto,0,1446,1446,7.2266340255737305,0.27736175060272217,-902.3280029296875,-908.44140625,-882.963134765625,850.12451171875,856.5573120117188,829.6288452148438,869.5869140625,876.0,849.0,876.0,906.0,30.0,3.3112582781456954,96.6887417218543,0,8899,0,813,6.267665863037109,5.99974250793457,6.859133720397949,0.9973557591438293,0.964313805103302,0.9999427795410156,0.23136527836322784,0.9220820069313049,4.630873203277588,0.9999998807907104,277.50487303733826,277.5048749446869
G19,adam,auto,0,1447,1447,7.239717483520508,0.2768619656562805,-902.2352294921875,-908.3492431640625,-882.8683471679688,850.1904296875,856.6224975585938,829.6911010742188,869.5869140625,876.0,849.0,876.0,906.0,30.0,3.3112582781456954,96.6887417218543,0,8899,0,813,6.260085582733154,5.992259979248047,6.851669788360596,0.9973582625389099,0.9643145799636841,0.9999430179595947,0.23107902705669403,0.9221553802490234,4.621952056884766,0.9999998807907104,277.7025911808014,277.70259308815
G19,adam,auto,0,1448,1448,7.252849578857422,0.27636224031448364,-902.142578125,-908.2572021484375,-882.7737426757812,850.2557983398438,856.6865234375,829.7589721679688,869.5869140625,876.0,849.0,876.0,906.0,30.0,3.3112582781456954,96.6887417218543,0,8899,0,813,6.252539157867432,5.984808921813965,6.84423828125,0.9973607659339905,0.9643152356147766,0.9999431371688843,0.23079366981983185,0.9222285151481628,4.6163105964660645,0.9999997019767761,277.89152431488037,277.891526222229
G19,adam,auto,0,1449,1449,7.26602840423584,0.275862455368042,-902.0501708984375,-908.165283203125,-882.6792602539062,850.3215942382812,856.7511596679688,829.8236694335938,869.5869140625,876.0,849.0,876.0,906.0,30.0,3.3112582781456954,96.6887417218543,0,8899,0,813,6.245026588439941,5.977383136749268,6.836848735809326,0.997363269329071,0.9643158912658691,0.9999433755874634,0.23050649464130402,0.9223018884658813,4.612978458404541,0.9999998807907104,278.08235025405884,278.08235216140747
G19,adam,auto,0,1450,1450,7.279256343841553,0.2753627300262451,-901.9578857421875,-908.0735473632812,-882.5847778320312,850.3867797851562,856.8164672851562,829.8890380859375,869.5869140625,876.0,849.0,876.0,906.0,30.0,3.3112582781456954,96.6887417218543,0,8899,0,813,6.237547874450684,5.970004081726074,6.8294901847839355,0.9973657727241516,0.9643166661262512,0.9999436140060425,0.23022112250328064,0.9223747253417969,4.605299949645996,0.9999997019767761,278.27407908439636,278.274080991745
G19,adam,auto,0,1451,1451,7.292531490325928,0.27486294507980347,-901.8656005859375,-907.9818725585938,-882.4905395507812,850.4525146484375,856.8843994140625,829.9547119140625,869.5869140625,876.0,849.0,876.0,906.0,30.0,3.3112582781456954,96.6887417218543,0,8899,0,813,6.230102062225342,5.962644100189209,6.822149276733398,0.9973680973052979,0.9643173217773438,0.999943733215332,0.22993387281894684,0.9224477410316467,4.6008453369140625,0.9999997615814209,278.46803617477417,278.4680390357971
G19,adam,auto,0,1452,1452,7.305856227874756,0.2743632197380066,-901.7734985351562,-907.8903198242188,-882.3964233398438,850.517578125,856.946533203125,830.019775390625,869.5869140625,876.0,849.0,876.0,906.0,30.0,3.3112582781456954,96.6887417218543,0,8899,0,813,6.222691535949707,5.955315589904785,6.814857482910156,0.9973706007003784,0.9643179774284363,0.9999439716339111,0.22964785993099213,0.9225204586982727,4.59533166885376,0.9999998211860657,278.66849422454834,278.668496131897
G19,adam,auto,0,1453,1453,7.319228649139404,0.2738634943962097,-901.6815185546875,-907.7987670898438,-882.30224609375,850.5828247070312,857.0125122070312,830.0848388671875,869.5869140625,876.0,849.0,876.0,906.0,30.0,3.3112582781456954,96.6887417218543,0,8899,0,813,6.215310096740723,5.948029518127441,6.807573318481445,0.9973730444908142,0.9643187522888184,0.9999442100524902,0.229360893368721,0.9225929975509644,4.590548992156982,0.9999996423721313,278.859313249588,278.85931515693665
G19,adam,auto,0,1454,1454,7.332651138305664,0.27336370944976807,-901.589599609375,-907.7074584960938,-882.2084350585938,850.6478881835938,857.0765380859375,830.150146484375,869.5869140625,876.0,849.0,876.0,906.0,30.0,3.3112582781456954,96.6887417218543,0,8899,0,813,6.2079644203186035,5.940762996673584,6.8003363609313965,0.99737548828125,0.9643194079399109,0.9999443292617798,0.22907398641109467,0.922665536403656,4.58422327041626,0.9999998211860657,279.05293917655945,279.0529420375824
G19,adam,auto,0,1455,1455,7.346121788024902,0.2728639841079712,-901.497802734375,-907.6162109375,-882.114501953125,850.7128295898438,857.1417846679688,830.2144775390625,869.5869140625,876.0,849.0,876.0,906.0,30.0,3.3112582781456954,96.6887417218543,0,8899,0,813,6.200650215148926,5.933527946472168,6.7931294441223145,0.997377872467041,0.964320182800293,0.9999445676803589,0.2287873476743698,0.9227377772331238,4.580228805541992,0.9999997019767761,279.24385619163513,279.24385809898376
G19,adam,auto,0,1456,1456,7.359643459320068,0.27236419916152954,-901.4061279296875,-907.5250854492188,-882.020751953125,850.7777709960938,857.2059326171875,830.2808837890625,869.5869140625,876.0,849.0,876.0,906.0,30.0,3.3112582781456954,96.6887417218543,0,8899,0,813,6.193368911743164,5.926322937011719,6.785957336425781,0.997380256652832,0.9643208980560303,0.999944806098938,0.22849972546100616,0.9228101372718811,4.574071407318115,0.9999998211860657,279.43454599380493,279.43454790115356
G19,adam,auto,0,1457,1457,7.373213291168213,0.27186447381973267,-901.3145141601562,-907.43408203125,-881.9271240234375,850.8424072265625,857.270263671875,830.3421020507812,869.5869140625,876.0,849.0,876.0,906.0,30.0,3.3112582781456954,96.6887417218543,0,8899,0,813,6.186120510101318,5.919145584106445,6.77880859375,0.997382640838623,0.9643216729164124,0.9999449253082275,0.22821317613124847,0.9228821396827698,4.570517063140869,0.9999998211860657,279.6248860359192,279.6248879432678
G19,adam,auto,0,1458,1458,7.386833190917969,0.2713647484779358,-901.2230834960938,-907.3432006835938,-881.8336181640625,850.9072265625,857.3365478515625,830.412841796875,869.5869140625,876.0,849.0,876.0,906.0,30.0,3.3112582781456954,96.6887417218543,0,8899,0,813,6.178901672363281,5.912021636962891,6.771688461303711,0.9973850250244141,0.9643223285675049,0.9999451637268066,0.2279251515865326,0.9229542016983032,4.565752983093262,0.9999997615814209,279.8164541721344,279.81645607948303
G19,adam,auto,0,1459,1459,7.400505542755127,0.27086496353149414,-901.1317138671875,-907.2523803710938,-881.7402954101562,850.9716796875,857.3989868164062,830.4691162109375,869.5869140625,876.0,849.0,876.0,906.0,30.0,3.3112582781456954,96.6887417218543,0,8899,0,813,6.171716213226318,5.904898643493652,6.764601707458496,0.9973872900009155,0.964323103427887,0.9999454021453857,0.2276381403207779,0.923025906085968,4.5588908195495605,0.9999998211860657,280.0070831775665,280.00708508491516
G19,adam,auto,0,1460,1460,7.414226531982422,0.27036523818969727,-901.04052734375,-907.1617431640625,-881.64697265625,851.0361938476562,857.4641723632812,830.54248046875,869.5869140625,876.0,849.0,876.0,906.0,30.0,3.3112582781456954,96.6887417218543,0,8899,0,813,6.16456413269043,5.897823333740234,6.7575459480285645,0.9973896145820618,0.9643237590789795,0.9999455213546753,0.2273503690958023,0.923097550868988,4.554210186004639,0.9999997019767761,280.19788217544556,280.1978840827942
G19,adam,auto,0,1461,1461,7.428000450134277,0.2698654532432556,-900.9494018554688,-907.0711059570312,-881.5537109375,851.1005859375,857.5284423828125,830.5988159179688,869.5869140625,876.0,849.0,876.0,906.0,30.0,3.3112582781456954,96.6887417218543,0,8899,0,813,6.157443523406982,5.890777587890625,6.750504493713379,0.9973919987678528,0.9643245339393616,0.9999457597732544,0.2270624339580536,0.9231692552566528,4.548994064331055,0.9999997615814209,280.38978004455566,280.3897819519043
G19,adam,auto,0,1462,1462,7.441823959350586,0.26936572790145874,-900.8583984375,-906.980712890625,-881.460693359375,851.164794921875,857.5925903320312,830.66845703125,869.5869140625,876.0,849.0,876.0,906.0,30.0,3.3112582781456954,96.6887417218543,0,8899,0,813,6.150355339050293,5.883752822875977,6.743525505065918,0.9973942637443542,0.9643251895904541,0.9999459981918335,0.22677510976791382,0.9232404828071594,4.5453972816467285,0.9999997615814209,280.5813801288605,280.581383228302
G19,adam,auto,0,1463,1463,7.455700397491455,0.26886600255966187,-900.7675170898438,-906.8903198242188,-881.36767578125,851.2291870117188,857.65673828125,830.73046875,869.5869140625,876.0,849.0,876.0,906.0,30.0,3.3112582781456954,96.6887417218543,0,8899,0,813,6.143298625946045,5.876763343811035,6.736556053161621,0.9973966479301453,0.9643259644508362,0.999946117401123,0.22648636996746063,0.9233118891716003,4.534909725189209,0.9999997615814209,280.7855212688446,280.78552317619324
G19,adam,auto,0,1464,1464,7.469627380371094,0.2683662176132202,-900.6766967773438,-906.8001098632812,-881.2748413085938,851.2930297851562,857.7198486328125,830.793701171875,869.5869140625,876.0,849.0,876.0,906.0,30.0,3.3112582781456954,96.6887417218543,0,8899,0,813,6.136271953582764,5.869806289672852,6.729611873626709,0.9973987936973572,0.9643267393112183,0.9999463558197021,0.22619903087615967,0.9233827590942383,4.532999038696289,0.9999998211860657,280.974002122879,280.97400403022766
G19,adam,auto,0,1465,1465,7.483607769012451,0.26786649227142334,-900.5858764648438,-906.7099609375,-881.18212890625,851.357177734375,857.7840576171875,830.860107421875,869.5869140625,876.0,849.0,876.0,906.0,30.0,3.3112582781456954,96.6887417218543,0,8899,0,813,6.12927770614624,5.862878799438477,6.7227020263671875,0.9974011182785034,0.9643273949623108,0.9999464750289917,0.22591009736061096,0.9234538674354553,4.529269218444824,0.9999996423721313,281.16530108451843,281.1653039455414
G19,adam,auto,0,1466,1466,7.497639179229736,0.2673667073249817,-900.4954223632812,-906.6199340820312,-881.0894165039062,851.4210205078125,857.8487548828125,830.9209594726562,869.5869140625,876.0,849.0,876.0,906.0,30.0,3.3112582781456954,96.6887417218543,0,8899,0,813,6.122312545776367,5.855987548828125,6.715816974639893,0.9974033832550049,0.9643281698226929,0.9999467134475708,0.22562220692634583,0.9235247373580933,4.526575088500977,0.9999997019767761,281.3562262058258,281.35622811317444
G19,adam,auto,0,1467,1467,7.511724948883057,0.2668669819831848,-900.4049072265625,-906.5299682617188,-880.9969482421875,851.4848022460938,857.9107666015625,830.987060546875,869.5869140625,876.0,849.0,876.0,906.0,30.0,3.3112582781456954,96.6887417218543,0,8899,0,813,6.115381240844727,5.849114418029785,6.70897102355957,0.9974056482315063,0.964328944683075,0.9999468326568604,0.22533340752124786,0.9235954284667969,4.517834186553955,0.9999998211860657,281.5467131137848,281.5467150211334
G19,adam,auto,0,1468,1468,7.525862216949463,0.26636719703674316,-900.3145751953125,-906.4402465820312,-880.904541015625,851.5485229492188,857.97509765625,831.0491943359375,869.5869140625,876.0,849.0,876.0,906.0,30.0,3.3112582781456954,96.6887417218543,0,8899,0,813,6.108479022979736,5.84227180480957,6.702152729034424,0.997407853603363,0.9643296599388123,0.9999470710754395,0.22504480183124542,0.9236660003662109,4.511392116546631,0.9999997019767761,281.74817419052124,281.7481760978699
G19,adam,auto,0,1469,1469,7.5400543212890625,0.2658674716949463,-900.2241821289062,-906.3505249023438,-880.8121948242188,851.6119995117188,858.0386962890625,831.11328125,869.5869140625,876.0,849.0,876.0,906.0,30.0,3.3112582781456954,96.6887417218543,0,8899,0,813,6.1016082763671875,5.835455894470215,6.695351600646973,0.9974101185798645,0.9643304347991943,0.9999473094940186,0.22475624084472656,0.9237363338470459,4.508973598480225,0.9999998211860657,281.93195509910583,281.93195700645447
G19,adam,auto,0,1470,1470,7.554297924041748,0.2653677463531494,-900.1342163085938,-906.2609252929688,-880.7200927734375,851.6755981445312,858.1014404296875,831.1767578125,869.5869140625,876.0,849.0,876.0,906.0,30.0,3.3112582781456954,96.6887417218543,0,8899,0,813,6.094768047332764,5.828670024871826,6.68857479095459,0.9974123239517212,0.9643312096595764,0.9999474287033081,0.22446700930595398,0.9238066077232361,4.503010272979736,0.9999998211860657,282.1236891746521,282.12369108200073
G19,adam,auto,0,1471,1471,7.568595886230469,0.26486796140670776,-900.044189453125,-906.1715087890625,-880.6279296875,851.7388916015625,858.1640014648438,831.2396850585938,869.5869140625,876.0,849.0,876.0,906.0,30.0,3.3112582781456954,96.6887417218543,0,8899,0,813,6.087957859039307,5.821913719177246,6.681844234466553,0.9974144697189331,0.9643319845199585,0.9999476671218872,0.22417829930782318,0.9238768815994263,4.500543594360352,0.9999998807907104,282.3153932094574,282.31539511680603
G19,adam,auto,0,1472,1472,7.582950115203857,0.2643682360649109,-899.9542846679688,-906.0821533203125,-880.5360107421875,851.8021850585938,858.2284545898438,831.3032836914062,869.5869140625,876.0,849.0,876.0,906.0,30.0,3.3112582781456954,96.6887417218543,0,8899,0,813,6.081177234649658,5.815190315246582,6.675148010253906,0.9974167346954346,0.964332640171051,0.9999477863311768,0.2238888442516327,0.923946738243103,4.493075847625732,0.9999997615814209,282.51017022132874,282.5101730823517
G19,adam,auto,0,1473,1473,7.597356796264648,0.26386845111846924,-899.8643798828125,-905.9928588867188,-880.4442138671875,851.8654174804688,858.2906494140625,831.3662109375,869.5869140625,876.0,849.0,876.0,906.0,30.0,3.3112582781456954,96.6887417218543,0,8899,0,813,6.074428081512451,5.808492660522461,6.668464660644531,0.9974188804626465,0.9643334150314331,0.9999480247497559,0.22359977662563324,0.9240167737007141,4.48854923248291,0.9999998211860657,282.6952340602875,282.695237159729
G19,adam,auto,0,1474,1474,7.611819744110107,0.26336872577667236,-899.7747802734375,-905.90380859375,-880.3523559570312,851.9285278320312,858.3546142578125,831.4287109375,869.5869140625,876.0,849.0,876.0,906.0,30.0,3.3112582781456954,96.6887417218543,0,8899,0,813,6.067708492279053,5.8018269538879395,6.661808967590332,0.9974210858345032,0.9643341898918152,0.9999481439590454,0.223310187458992,0.924086332321167,4.483346939086914,0.9999997615814209,282.88950419425964,282.8895061016083
G19,adam,auto,0,1475,1475,7.626336574554443,0.2628690004348755,-899.6851806640625,-905.8147583007812,-880.2607421875,851.9915161132812,858.4156494140625,831.492919921875,869.5869140625,876.0,849.0,876.0,906.0,30.0,3.3112582781456954,96.6887417218543,0,8899,0,813,6.061018943786621,5.795178413391113,6.65518045425415,0.9974232316017151,0.9643349647521973,0.9999483823776245,0.2230207920074463,0.9241560101509094,4.479238510131836,0.9999998807907104,283.079971075058,283.0799729824066
G19,adam,auto,0,1476,1476,7.640910625457764,0.26236921548843384,-899.595703125,-905.725830078125,-880.1693115234375,852.0543823242188,858.4793701171875,831.5538330078125,869.5869140625,876.0,849.0,876.0,906.0,30.0,3.3112582781456954,96.6887417218543,0,8899,0,813,6.054360389709473,5.788573265075684,6.648584365844727,0.997425377368927,0.9643357396125793,0.9999485015869141,0.22273090481758118,0.9242253303527832,4.475882053375244,0.9999998211860657,283.27087020874023,283.27087211608887
G19,adam,auto,0,1477,1477,7.655538558959961,0.26186949014663696,-899.5064086914062,-905.6370239257812,-880.077880859375,852.1171875,858.5423583984375,831.618408203125,869.5869140625,876.0,849.0,876.0,906.0,30.0,3.3112582781456954,96.6887417218543,0,8899,0,813,6.047730445861816,5.781990051269531,6.642012596130371,0.9974275231361389,0.9643365144729614,0.9999487400054932,0.22244125604629517,0.924294650554657,4.4689860343933105,0.9999997615814209,283.46132016181946,283.4613220691681
G19,adam,auto,0,1478,1478,7.670224189758301,0.2613697052001953,-899.4171752929688,-905.54833984375,-879.986572265625,852.1798706054688,858.6054077148438,831.6796875,869.5869140625,876.0,849.0,876.0,906.0,30.0,3.3112582781456954,96.6887417218543,0,8899,0,813,6.041131973266602,5.775429725646973,6.635473251342773,0.997429609298706,0.9643372893333435,0.9999488592147827,0.22215120494365692,0.9243637323379517,4.46656608581543,0.9999998211860657,283.6550133228302,283.65501523017883
G19,adam,auto,0,1479,1479,7.684965133666992,0.26086997985839844,-899.3280029296875,-905.4597778320312,-879.8953857421875,852.2424926757812,858.6668090820312,831.74267578125,869.5869140625,876.0,849.0,876.0,906.0,30.0,3.3112582781456954,96.6887417218543,0,8899,0,813,6.0345635414123535,5.76889705657959,6.628956317901611,0.9974316954612732,0.9643380641937256,0.9999490976333618,0.2218610644340515,0.9244327545166016,4.456966876983643,0.9999997019767761,283.8420832157135,283.84208607673645
G19,adam,auto,0,1480,1480,7.699763774871826,0.26037025451660156,-899.239013671875,-905.371337890625,-879.8043212890625,852.3049926757812,858.7294921875,831.80517578125,869.5869140625,876.0,849.0,876.0,906.0,30.0,3.3112582781456954,96.6887417218543,0,8899,0,813,6.0280232429504395,5.7624053955078125,6.6224684715271,0.9974337816238403,0.9643388390541077,0.9999492168426514,0.22157108783721924,0.9245014786720276,4.454929351806641,0.9999998211860657,284.03563022613525,284.0356321334839
G19,adam,auto,0,1481,1481,7.71461820602417,0.2598704695701599,-899.1502075195312,-905.2830200195312,-879.71337890625,852.3673706054688,858.7904052734375,831.867431640625,869.5869140625,876.0,849.0,876.0,906.0,30.0,3.3112582781456954,96.6887417218543,0,8899,0,813,6.02151346206665,5.75593376159668,6.616006851196289,0.9974358677864075,0.9643396139144897,0.9999494552612305,0.2212802767753601,0.9245703220367432,4.4502949714660645,0.9999998211860657,284.2243683338165,284.22437024116516
G19,adam,auto,0,1482,1482,7.729532241821289,0.25937074422836304,-899.0614013671875,-905.1947631835938,-879.62255859375,852.4296264648438,858.8533325195312,831.9287719726562,869.5869140625,876.0,849.0,876.0,906.0,30.0,3.3112582781456954,96.6887417218543,0,8899,0,813,6.015033721923828,5.749493598937988,6.609572410583496,0.9974380135536194,0.9643403887748718,0.99994957447052,0.220990389585495,0.9246387481689453,4.447497844696045,0.9999998807907104,284.4165482521057,284.41655015945435
G19,adam,auto,0,1483,1483,7.74450159072876,0.2588709592819214,-898.9727172851562,-905.1065673828125,-879.5317993164062,852.4918823242188,858.9163818359375,831.992919921875,869.5869140625,876.0,849.0,876.0,906.0,30.0,3.3112582781456954,96.6887417218543,0,8899,0,813,6.008580684661865,5.7430644035339355,6.6031694412231445,0.997439980506897,0.9643411636352539,0.9999496936798096,0.22069914638996124,0.9247072339057922,4.441242218017578,0.9999998211860657,284.60665702819824,284.6066589355469
G19,adam,auto,0,1484,1484,7.7595295906066895,0.2583712339401245,-898.8842163085938,-905.0185546875,-879.441162109375,852.5538940429688,858.9765625,832.0519409179688,869.5869140625,876.0,849.0,876.0,906.0,30.0,3.3112582781456954,96.6887417218543,0,8899,0,813,6.002157211303711,5.736682891845703,6.596785068511963,0.9974420070648193,0.964341938495636,0.9999499320983887,0.22040894627571106,0.9247754812240601,4.435190677642822,0.9999996423721313,284.80002522468567,284.8000271320343
G19,adam,auto,0,1485,1485,7.7746171951293945,0.25787144899368286,-898.7957153320312,-904.9306640625,-879.3507080078125,852.6160278320312,859.038330078125,832.1165161132812,869.5869140625,876.0,849.0,876.0,906.0,30.0,3.3112582781456954,96.6887417218543,0,8899,0,813,5.995761871337891,5.730315208435059,6.590426921844482,0.9974440336227417,0.9643427133560181,0.9999500513076782,0.22011759877204895,0.9248436093330383,4.433795928955078,0.9999998211860657,284.9891700744629,284.9891719818115
G19,adam,auto,0,1486,1486,7.789762020111084,0.257371723651886,-898.7073974609375,-904.8429565429688,-879.26025390625,852.6777954101562,859.10009765625,832.1771850585938,869.5869140625,876.0,849.0,876.0,906.0,30.0,3.3112582781456954,96.6887417218543,0,8899,0,813,5.989394664764404,5.723981857299805,6.584103107452393,0.9974461197853088,0.9643434882164001,0.9999502897262573,0.21982695162296295,0.9249115586280823,4.427870750427246,0.9999998211860657,285.1813430786133,285.1813449859619
G19,adam,auto,0,1487,1487,7.804967880249023,0.2568719983100891,-898.6190795898438,-904.7552490234375,-879.1699829101562,852.7398071289062,859.161865234375,832.2374267578125,869.5869140625,876.0,849.0,876.0,906.0,30.0,3.3112582781456954,96.6887417218543,0,8899,0,813,5.983055591583252,5.717681407928467,6.577802658081055,0.997448205947876,0.9643443822860718,0.9999504089355469,0.21953557431697845,0.9249793887138367,4.424978733062744,0.9999998211860657,285.37144017219543,285.37144327163696
G19,adam,auto,0,1488,1488,7.8202314376831055,0.25637221336364746,-898.531005859375,-904.6676635742188,-879.079833984375,852.8013916015625,859.2239990234375,832.3031005859375,869.5869140625,876.0,849.0,876.0,906.0,30.0,3.3112582781456954,96.6887417218543,0,8899,0,813,5.976745128631592,5.711386680603027,6.571524620056152,0.9974501132965088,0.9643451571464539,0.999950647354126,0.21924425661563873,0.9250470399856567,4.41591739654541,0.9999997615814209,285.5645201206207,285.56452202796936
G19,adam,auto,0,1489,1489,7.835556983947754,0.2558724880218506,-898.4429931640625,-904.5802612304688,-878.98974609375,852.8629150390625,859.2867431640625,832.358642578125,869.5869140625,876.0,849.0,876.0,906.0,30.0,3.3112582781456954,96.6887417218543,0,8899,0,813,5.97046422958374,5.705133438110352,6.565278053283691,0.9974521398544312,0.9643459320068359,0.9999507665634155,0.21895311772823334,0.9251145124435425,4.415378093719482,0.9999997615814209,285.75496315956116,285.7549650669098
G19,adam,auto,0,1490,1490,7.850940227508545,0.25537270307540894,-898.355224609375,-904.4929809570312,-878.8997802734375,852.9244995117188,859.347412109375,832.4261474609375,869.5869140625,876.0,849.0,876.0,906.0,30.0,3.3112582781456954,96.6887417218543,0,8899,0,813,5.964210033416748,5.698901653289795,6.559056758880615,0.9974541664123535,0.964346706867218,0.9999508857727051,0.21866104006767273,0.9251819849014282,4.4088215827941895,0.9999997019767761,285.94914507865906,285.9491469860077
G19,adam,auto,0,1491,1491,7.8663859367370605,0.25487297773361206,-898.2673950195312,-904.40576171875,-878.81005859375,852.9857788085938,859.4085693359375,832.48291015625,869.5869140625,876.0,849.0,876.0,906.0,30.0,3.3112582781456954,96.6887417218543,0,8899,0,813,5.957985877990723,5.692693710327148,6.553189277648926,0.9974560737609863,0.9643474817276001,0.9999511241912842,0.21837005019187927,0.9252490997314453,4.404756546020508,0.9999997615814209,286.1384599208832,286.1384618282318
G19,adam,auto,0,1492,1492,7.881891250610352,0.2543732523918152,-898.1796875,-904.3185424804688,-878.72021484375,853.0471801757812,859.4688720703125,832.5453491210938,869.5869140625,876.0,849.0,876.0,906.0,30.0,3.3112582781456954,96.6887417218543,0,8899,0,813,5.951789855957031,5.686514854431152,6.547394275665283,0.9974581003189087,0.9643483757972717,0.9999512434005737,0.21807752549648285,0.9253162741661072,4.398155212402344,0.9999998211860657,286.3294711112976,286.32947301864624
G19,adam,auto,0,1493,1493,7.897459030151367,0.25387346744537354,-898.0922241210938,-904.2315673828125,-878.6306762695312,853.1083984375,859.532470703125,832.6094360351562,869.5869140625,876.0,849.0,876.0,906.0,30.0,3.3112582781456954,96.6887417218543,0,8899,0,813,5.945621967315674,5.680377006530762,6.541635513305664,0.9974600076675415,0.9643491506576538,0.9999513626098633,0.21778611838817596,0.9253831505775452,4.395992755889893,0.9999998211860657,286.5198142528534,286.519816160202
G19,adam,auto,0,1494,1494,7.913086891174316,0.25337374210357666,-898.0048217773438,-904.1446533203125,-878.541259765625,853.1694946289062,859.5914916992188,832.6629638671875,869.5869140625,876.0,849.0,876.0,906.0,30.0,3.3112582781456954,96.6887417218543,0,8899,0,813,5.939480304718018,5.674250602722168,6.535887241363525,0.9974619746208191,0.9643499255180359,0.9999516010284424,0.21749372780323029,0.925449788570404,4.391488075256348,0.9999998807907104,286.71076011657715,286.7107629776001
G19,adam,auto,0,1495,1495,7.928778648376465,0.252873957157135,-897.9174194335938,-904.0579223632812,-878.4517822265625,853.2305908203125,859.6521606445312,832.7346801757812,869.5869140625,876.0,849.0,876.0,906.0,30.0,3.3112582781456954,96.6887417218543,0,8899,0,813,5.933366298675537,5.668148517608643,6.530183792114258,0.9974638819694519,0.9643508195877075,0.9999517202377319,0.21720150113105774,0.9255166053771973,4.384741306304932,0.9999998211860657,286.9018859863281,286.90188908576965
G19,adam,auto,0,1496,1496,7.944530487060547,0.25237423181533813,-897.8302001953125,-903.9712524414062,-878.3626098632812,853.2913818359375,859.712158203125,832.7831420898438,869.5869140625,876.0,849.0,876.0,906.0,30.0,3.3112582781456954,96.6887417218543,0,8899,0,813,5.927279949188232,5.662068843841553,6.524481773376465,0.9974657893180847,0.9643515944480896,0.999951958656311,0.21690943837165833,0.9255828857421875,4.381772994995117,0.9999998211860657,287.09117698669434,287.09117889404297
G19,adam,auto,0,1497,1497,7.960345268249512,0.25187450647354126,-897.7432250976562,-903.884765625,-878.2733764648438,853.352294921875,859.7728271484375,832.855224609375,869.5869140625,876.0,849.0,876.0,906.0,30.0,3.3112582781456954,96.6887417218543,0,8899,0,813,5.921222686767578,5.656032562255859,6.5188140869140625,0.9974676370620728,0.9643524885177612,0.9999520778656006,0.21661648154258728,0.9256493449211121,4.3765130043029785,0.9999998807907104,287.28375911712646,287.2837610244751
G19,adam,auto,0,1498,1498,7.97622537612915,0.2513747215270996,-897.6561889648438,-903.7982788085938,-878.1844482421875,853.4130249023438,859.8344116210938,832.9075927734375,869.5869140625,876.0,849.0,876.0,906.0,30.0,3.3112582781456954,96.6887417218543,0,8899,0,813,5.915189743041992,5.650010108947754,6.5131731033325195,0.9974696040153503,0.9643532633781433,0.9999521970748901,0.2163243144750595,0.9257155060768127,4.37535285949707,0.9999998211860657,287.4736382961273,287.4736409187317
G19,adam,auto,0,1499,1499,7.992166519165039,0.25087499618530273,-897.5693969726562,-903.7119750976562,-878.095458984375,853.4735717773438,859.89453125,832.9715576171875,869.5869140625,876.0,849.0,876.0,906.0,30.0,3.3112582781456954,96.6887417218543,0,8899,0,813,5.90918493270874,5.64401388168335,6.507568359375,0.9974715113639832,0.9643541574478149,0.9999524354934692,0.21603120863437653,0.9257814884185791,4.3678879737854,0.9999997615814209,287.6660602092743,287.6660621166229
G19,adam,auto,0,1500,1500,8.008173942565918,0.2503752112388611,-897.4826049804688,-903.625732421875,-878.0067138671875,853.5341186523438,859.9554443359375,833.033203125,869.5869140625,876.0,849.0,876.0,906.0,30.0,3.3112582781456954,96.6887417218543,0,8899,0,813,5.903208255767822,5.6380438804626465,6.501972675323486,0.9974733591079712,0.964354932308197,0.9999525547027588,0.2157384306192398,0.9258474707603455,4.36539888381958,0.9999998807907104,287.8563930988312,287.8563950061798
G19,adam,auto,0,1501,1501,8.024243354797363,0.2498754858970642,-897.39599609375,-903.5396728515625,-877.91796875,853.594482421875,860.0152587890625,833.0887451171875,869.5869140625,876.0,849.0,876.0,906.0,30.0,3.3112582781456954,96.6887417218543,0,8899,0,813,5.897258758544922,5.632099151611328,6.496395111083984,0.9974752068519592,0.9643557667732239,0.9999526739120483,0.21544551849365234,0.9259130358695984,4.3598833084106445,0.9999996423721313,288.0518789291382,288.0518808364868
G19,adam,auto,0,1502,1502,8.040379524230957,0.24937570095062256,-897.3093872070312,-903.4537353515625,-877.8294677734375,853.65478515625,860.074462890625,833.1546630859375,869.5869140625,876.0,849.0,876.0,906.0,30.0,3.3112582781456954,96.6887417218543,0,8899,0,813,5.891335964202881,5.626189231872559,6.490863800048828,0.9974770545959473,0.964356541633606,0.9999527931213379,0.21515202522277832,0.9259787201881409,4.356844902038574,0.9999997615814209,288.24862122535706,288.24862408638
G19,adam,auto,0,1503,1503,8.056578636169434,0.24887597560882568,-897.2230224609375,-903.367919921875,-877.7409057617188,853.7150268554688,860.1348876953125,833.2103271484375,869.5869140625,876.0,849.0,876.0,906.0,30.0,3.3112582781456954,96.6887417218543,0,8899,0,813,5.885438442230225,5.620289325714111,6.485335350036621,0.9974788427352905,0.9643574357032776,0.999953031539917,0.21485918760299683,0.9260441064834595,4.351519584655762,0.9999998211860657,288.4390561580658,288.4390592575073
G19,adam,auto,0,1504,1504,8.072844505310059,0.2483762502670288,-897.1367797851562,-903.2821655273438,-877.6526489257812,853.7752075195312,860.1964721679688,833.2718505859375,869.5869140625,876.0,849.0,876.0,906.0,30.0,3.3112582781456954,96.6887417218543,0,8899,0,813,5.879567623138428,5.614426612854004,6.4798431396484375,0.9974808096885681,0.9643582105636597,0.9999531507492065,0.21456532180309296,0.9261093735694885,4.345911026000977,0.9999998211860657,288.63091111183167,288.6309130191803
G19,adam,auto,0,1505,1505,8.0891752243042,0.24787646532058716,-897.0505981445312,-903.196533203125,-877.5643920898438,853.835205078125,860.2570190429688,833.3330078125,869.5869140625,876.0,849.0,876.0,906.0,30.0,3.3112582781456954,96.6887417218543,0,8899,0,813,5.8737263679504395,5.608579158782959,6.474369525909424,0.9974825382232666,0.9643591046333313,0.9999532699584961,0.21427199244499207,0.926174521446228,4.343033790588379,0.9999997615814209,288.8214211463928,288.82142305374146
G19,adam,auto,0,1506,1506,8.105573654174805,0.24737673997879028,-896.9644775390625,-903.1110229492188,-877.476318359375,853.89501953125,860.3154907226562,833.389892578125,869.5869140625,876.0,849.0,876.0,906.0,30.0,3.3112582781456954,96.6887417218543,0,8899,0,813,5.867908477783203,5.602774620056152,6.468931198120117,0.9974843859672546,0.9643599987030029,0.9999535083770752,0.21397830545902252,0.9262394309043884,4.337649345397949,0.9999998211860657,289.0136272907257,289.01362919807434
G19,adam,auto,0,1507,1507,8.122036933898926,0.24687695503234863,-896.8786010742188,-903.0255737304688,-877.3882446289062,853.9550170898438,860.374755859375,833.452392578125,869.5869140625,876.0,849.0,876.0,906.0,30.0,3.3112582781456954,96.6887417218543,0,8899,0,813,5.862120151519775,5.59698486328125,6.463507652282715,0.9974861741065979,0.964360773563385,0.9999536275863647,0.21368421614170074,0.9263043999671936,4.33540153503418,0.9999998211860657,289.20370721817017,289.2037091255188
G19,adam,auto,0,1508,1508,8.138568878173828,0.24637722969055176,-896.792724609375,-902.9402465820312,-877.30029296875,854.0145874023438,860.4354248046875,833.509765625,869.5869140625,876.0,849.0,876.0,906.0,30.0,3.3112582781456954,96.6887417218543,0,8899,0,813,5.856359481811523,5.591211318969727,6.458118438720703,0.9974880218505859,0.9643616676330566,0.9999537467956543,0.21339069306850433,0.9263688921928406,4.3309526443481445,0.9999997019767761,289.3954701423645,289.39547300338745
G19,adam,auto,0,1509,1509,8.155166625976562,0.24587750434875488,-896.7069702148438,-902.8551025390625,-877.2125244140625,854.07421875,860.4945678710938,833.571044921875,869.5869140625,876.0,849.0,876.0,906.0,30.0,3.3112582781456954,96.6887417218543,0,8899,0,813,5.850624084472656,5.585476875305176,6.45273494720459,0.9974896907806396,0.9643625617027283,0.9999538660049438,0.21309614181518555,0.9264336228370667,4.326992988586426,0.9999998211860657,289.58631014823914,289.5863130092621
G19,adam,auto,0,1510,1510,8.171832084655762,0.24537771940231323,-896.6213989257812,-902.7700805664062,-877.125,854.1337280273438,860.5527954101562,833.6279296875,869.5869140625,876.0,849.0,876.0,906.0,30.0,3.3112582781456954,96.6887417218543,0,8899,0,813,5.844913959503174,5.579755783081055,6.447391033172607,0.9974914789199829,0.9643634557723999,0.999954104423523,0.2128022164106369,0.9264978766441345,4.321702003479004,0.9999997615814209,289.7773540019989,289.77735590934753
G19,adam,auto,0,1511,1511,8.188567161560059,0.24487799406051636,-896.535888671875,-902.6851196289062,-877.037353515625,854.193115234375,860.613037109375,833.69140625,869.5869140625,876.0,849.0,876.0,906.0,30.0,3.3112582781456954,96.6887417218543,0,8899,0,813,5.839230537414551,5.574079513549805,6.442071914672852,0.9974932670593262,0.9643643498420715,0.9999542236328125,0.21250775456428528,0.9265621304512024,4.317342758178711,0.9999997019767761,289.9670081138611,289.9670100212097
G19,adam,auto,0,1512,1512,8.20536994934082,0.2443782091140747,-896.4506225585938,-902.6002807617188,-876.9498901367188,854.2523803710938,860.67138671875,833.744140625,869.5869140625,876.0,849.0,876.0,906.0,30.0,3.3112582781456954,96.6887417218543,0,8899,0,813,5.833571910858154,5.568406105041504,6.436759948730469,0.9974949955940247,0.9643651247024536,0.999954342842102,0.2122131586074829,0.9266262650489807,4.312922954559326,0.9999997019767761,290.15800404548645,290.1580069065094
G19,adam,auto,0,1513,1513,8.222243309020996,0.24387848377227783,-896.3654174804688,-902.5155639648438,-876.8627319335938,854.3115844726562,860.73046875,833.8113403320312,869.5869140625,876.0,849.0,876.0,906.0,30.0,3.3112582781456954,96.6887417218543,0,8899,0,813,5.827940464019775,5.562766075134277,6.431494235992432,0.9974967241287231,0.9643660187721252,0.9999544620513916,0.21191875636577606,0.9266901612281799,4.309669017791748,0.9999997019767761,290.3514220714569,290.35142397880554
G19,adam,auto,0,1514,1514,8.239184379577637,0.24337875843048096,-896.2802124023438,-902.430908203125,-876.775390625,854.3707885742188,860.7900390625,833.8615112304688,869.5869140625,876.0,849.0,876.0,906.0,30.0,3.3112582781456954,96.6887417218543,0,8899,0,813,5.82233190536499,5.557153701782227,6.426231861114502,0.9974985122680664,0.9643668532371521,0.9999547004699707,0.21162378787994385,0.9267538785934448,4.306824684143066,0.9999997615814209,290.541228055954,290.5412299633026
G19,adam,auto,0,1515,1515,8.256196975708008,0.2428789734840393,-896.1951293945312,-902.3464965820312,-876.6884155273438,854.4298095703125,860.8488159179688,833.928466796875,869.5869140625,876.0,849.0,876.0,906.0,30.0,3.3112582781456954,96.6887417218543,0,8899,0,813,5.816751003265381,5.551565170288086,6.421002388000488,0.9975002408027649,0.9643677473068237,0.9999548196792603,0.2113289088010788,0.9268175959587097,4.301370620727539,0.9999998211860657,290.73652815818787,290.7365300655365
G19,adam,auto,0,1516,1516,8.27327823638916,0.24237924814224243,-896.1102294921875,-902.2620239257812,-876.601318359375,854.4887084960938,860.9064331054688,833.9805908203125,869.5869140625,876.0,849.0,876.0,906.0,30.0,3.3112582781456954,96.6887417218543,0,8899,0,813,5.811195373535156,5.545995712280273,6.415791988372803,0.9975019097328186,0.9643686413764954,0.9999549388885498,0.21103405952453613,0.9268810153007507,4.297862529754639,0.9999997615814209,290.9274072647095,290.9274091720581
G19,adam,auto,0,1517,1517,8.290432929992676,0.24187946319580078,-896.025390625,-902.1777954101562,-876.5145263671875,854.5474853515625,860.9662475585938,834.0440673828125,869.5869140625,876.0,849.0,876.0,906.0,30.0,3.3112582781456954,96.6887417218543,0,8899,0,813,5.805667400360107,5.540465831756592,6.410616874694824,0.9975036382675171,0.964369535446167,0.9999550580978394,0.21073855459690094,0.9269444942474365,4.291173458099365,0.9999997019767761,291.117928981781,291.11793088912964
G19,adam,auto,0,1518,1518,8.307656288146973,0.2413797378540039,-895.9407958984375,-902.09375,-876.4278564453125,854.606201171875,861.0240478515625,834.0999145507812,869.5869140625,876.0,849.0,876.0,906.0,30.0,3.3112582781456954,96.6887417218543,0,8899,0,813,5.8001627922058105,5.5349531173706055,6.405456066131592,0.997505247592926,0.9643704295158386,0.9999552965164185,0.2104436755180359,0.9270075559616089,4.287905216217041,0.9999997019767761,291.30809712409973,291.30809903144836
G19,adam,auto,0,1519,1519,8.324953079223633,0.24087995290756226,-895.856201171875,-902.0097045898438,-876.3411254882812,854.664794921875,861.082763671875,834.1588134765625,869.5869140625,876.0,849.0,876.0,906.0,30.0,3.3112582781456954,96.6887417218543,0,8899,0,813,5.794684410095215,5.529463768005371,6.400320053100586,0.9975069761276245,0.9643713235855103,0.999955415725708,0.21014785766601562,0.927070677280426,4.286891937255859,0.9999998211860657,291.4991900920868,291.49919295310974
G19,adam,auto,0,1520,1520,8.342320442199707,0.24038022756576538,-895.771728515625,-901.92578125,-876.2545166015625,854.7232055664062,861.1414184570312,834.2186279296875,869.5869140625,876.0,849.0,876.0,906.0,30.0,3.3112582781456954,96.6887417218543,0,8899,0,813,5.789229869842529,5.523993492126465,6.395201683044434,0.9975086450576782,0.9643722176551819,0.9999555349349976,0.20985260605812073,0.9271335005760193,4.280333042144775,0.9999998211860657,291.69057512283325,291.6905770301819
G19,adam,auto,0,1521,1521,8.359762191772461,0.2398805022239685,-895.6873779296875,-901.8419799804688,-876.1681518554688,854.7816772460938,861.199462890625,834.2739868164062,869.5869140625,876.0,849.0,876.0,906.0,30.0,3.3112582781456954,96.6887417218543,0,8899,0,813,5.783801555633545,5.518557071685791,6.390105724334717,0.9975102543830872,0.9643731117248535,0.9999556541442871,0.20955677330493927,0.9271962642669678,4.275944232940674,0.9999997615814209,291.8806662559509,291.88066816329956
G19,adam,auto,0,1522,1522,8.377275466918945,0.23938071727752686,-895.6032104492188,-901.7582397460938,-876.0819702148438,854.8400268554688,861.25732421875,834.3358154296875,869.5869140625,876.0,849.0,876.0,906.0,30.0,3.3112582781456954,96.6887417218543,0,8899,0,813,5.778397083282471,5.513144016265869,6.385037422180176,0.9975119829177856,0.9643740057945251,0.9999557733535767,0.20926092565059662,0.9272589683532715,4.271467208862305,0.9999998807907104,292.07360911369324,292.0736119747162
G19,adam,auto,0,1523,1523,8.394862174987793,0.23888099193572998,-895.5192260742188,-901.6746826171875,-875.9957275390625,854.898193359375,861.3162231445312,834.3904418945312,869.5869140625,876.0,849.0,876.0,906.0,30.0,3.3112582781456954,96.6887417218543,0,8899,0,813,5.773017406463623,5.507748603820801,6.37999153137207,0.9975135326385498,0.964374840259552,0.9999558925628662,0.20896518230438232,0.9273212552070618,4.272189140319824,0.9999998211860657,292.2630422115326,292.2630441188812
G19,adam,auto,0,1524,1524,8.412525177001953,0.23838120698928833,-895.4351196289062,-901.5912475585938,-875.90966796875,854.956298828125,861.373779296875,834.4505615234375,869.5869140625,876.0,849.0,876.0,906.0,30.0,3.3112582781456954,96.6887417218543,0,8899,0,813,5.767663955688477,5.502382278442383,6.374966621398926,0.9975152611732483,0.9643757343292236,0.9999561309814453,0.2086687833070755,0.9273837208747864,4.264698505401611,0.9999998807907104,292.45467615127563,292.45467805862427
G19,adam,auto,0,1525,1525,8.430259704589844,0.23788148164749146,-895.3511962890625,-901.5078735351562,-875.8237915039062,855.0142211914062,861.4331665039062,834.5082397460938,869.5869140625,876.0,849.0,876.0,906.0,30.0,3.3112582781456954,96.6887417218543,0,8899,0,813,5.762335300445557,5.497044563293457,6.369972229003906,0.9975168704986572,0.9643767476081848,0.9999562501907349,0.20837293565273285,0.9274457693099976,4.261438369750977,0.9999997019767761,292.646525144577,292.6465280056
G19,adam,auto,0,1526,1526,8.448071479797363,0.23738175630569458,-895.2675170898438,-901.4247436523438,-875.7379150390625,855.0722045898438,861.4906616210938,834.5642700195312,869.5869140625,876.0,849.0,876.0,906.0,30.0,3.3112582781456954,96.6887417218543,0,8899,0,813,5.757031440734863,5.491717338562012,6.364991664886475,0.9975183606147766,0.9643776416778564,0.9999563694000244,0.2080763578414917,0.9275078773498535,4.257035255432129,0.9999998211860657,292.83766317367554,292.83766508102417
G19,adam,auto,0,1527,1527,8.465957641601562,0.23688197135925293,-895.1837768554688,-901.3416137695312,-875.6522216796875,855.1300048828125,861.5485229492188,834.624755859375,869.5869140625,876.0,849.0,876.0,906.0,30.0,3.3112582781456954,96.6887417218543,0,8899,0,813,5.75175142288208,5.486433982849121,6.360034465789795,0.9975199699401855,0.9643785357475281,0.999956488609314,0.2077798992395401,0.9275697469711304,4.253661632537842,0.9999998211860657,293.03002309799194,293.0300250053406
G19,adam,auto,0,1528,1528,8.48392105102539,0.23638224601745605,-895.1002197265625,-901.2586059570312,-875.566650390625,855.1876220703125,861.6038208007812,834.679931640625,869.5869140625,876.0,849.0,876.0,906.0,30.0,3.3112582781456954,96.6887417218543,0,8899,0,813,5.746495246887207,5.481164932250977,6.355108261108398,0.9975216388702393,0.9643794298171997,0.9999566078186035,0.20748350024223328,0.9276314377784729,4.248954772949219,0.9999996423721313,293.22107315063477,293.2210760116577
G19,adam,auto,0,1529,1529,8.501957893371582,0.2358824610710144,-895.0170288085938,-901.1757202148438,-875.481201171875,855.2453002929688,861.6614990234375,834.7382202148438,869.5869140625,876.0,849.0,876.0,906.0,30.0,3.3112582781456954,96.6887417218543,0,8899,0,813,5.741263389587402,5.475921630859375,6.350197792053223,0.9975232481956482,0.9643803834915161,0.9999567270278931,0.20718640089035034,0.9276931285858154,4.244701385498047,0.9999997615814209,293.4116129875183,293.41161608695984
G19,adam,auto,0,1530,1530,8.520074844360352,0.23538273572921753,-894.93359375,-901.093017578125,-875.395751953125,855.3026123046875,861.7192993164062,834.7969360351562,869.5869140625,876.0,849.0,876.0,906.0,30.0,3.3112582781456954,96.6887417218543,0,8899,0,813,5.736056327819824,5.470705509185791,6.345305442810059,0.9975247383117676,0.9643812775611877,0.9999569654464722,0.2068900614976883,0.9277544617652893,4.24380350112915,0.9999997615814209,293.6040053367615,293.6040081977844
G19,adam,auto,0,1531,1531,8.538267135620117,0.23488301038742065,-894.8504028320312,-901.0103759765625,-875.3106079101562,855.360107421875,861.7774658203125,834.8509521484375,869.5869140625,876.0,849.0,876.0,906.0,30.0,3.3112582781456954,96.6887417218543,0,8899,0,813,5.730871677398682,5.465509414672852,6.340443134307861,0.997526228427887,0.9643822908401489,0.9999570846557617,0.20659255981445312,0.927815854549408,4.237385272979736,0.9999998211860657,293.7958571910858,293.79585909843445
G19,adam,auto,0,1532,1532,8.556538581848145,0.234383225440979,-894.7673950195312,-900.9278564453125,-875.2255249023438,855.4172973632812,861.83447265625,834.9127197265625,869.5869140625,876.0,849.0,876.0,906.0,30.0,3.3112582781456954,96.6887417218543,0,8899,0,813,5.725712299346924,5.4603471755981445,6.335582256317139,0.9975278973579407,0.9643831849098206,0.9999572038650513,0.20629586279392242,0.9278770089149475,4.234850883483887,0.9999998211860657,293.98587822914124,293.98588013648987
G19,adam,auto,0,1533,1533,8.574886322021484,0.23388350009918213,-894.6843872070312,-900.8453979492188,-875.140380859375,855.4744873046875,861.89111328125,834.9644775390625,869.5869140625,876.0,849.0,876.0,906.0,30.0,3.3112582781456954,96.6887417218543,0,8899,0,813,5.720575332641602,5.455197811126709,6.330758094787598,0.9975295066833496,0.9643840789794922,0.9999573230743408,0.20599840581417084,0.9279379844665527,4.229574680328369,0.9999998807907104,294.17679023742676,294.1767921447754
G19,adam,auto,0,1534,1534,8.593316078186035,0.23338371515274048,-894.6016235351562,-900.7630615234375,-875.0554809570312,855.5316162109375,861.9476318359375,835.02685546875,869.5869140625,876.0,849.0,876.0,906.0,30.0,3.3112582781456954,96.6887417218543,0,8899,0,813,5.715463161468506,5.450079917907715,6.325957298278809,0.9975309371948242,0.9643850922584534,0.9999574422836304,0.2057010680437088,0.927998960018158,4.227748394012451,0.9999997019767761,294.3672511577606,294.36725306510925
G19,adam,auto,0,1535,1535,8.611822128295898,0.2328839898109436,-894.5189208984375,-900.680908203125,-874.970703125,855.588623046875,862.0042724609375,835.078369140625,869.5869140625,876.0,849.0,876.0,906.0,30.0,3.3112582781456954,96.6887417218543,0,8899,0,813,5.710374355316162,5.444981575012207,6.3211870193481445,0.9975324273109436,0.9643859267234802,0.9999575614929199,0.20540371537208557,0.9280596375465393,4.223057270050049,0.9999997019767761,294.55775904655457,294.5577609539032
G19,adam,auto,0,1536,1536,8.630410194396973,0.23238420486450195,-894.4364013671875,-900.598876953125,-874.885986328125,855.6456298828125,862.0621337890625,835.14013671875,869.5869140625,876.0,849.0,876.0,906.0,30.0,3.3112582781456954,96.6887417218543,0,8899,0,813,5.70530891418457,5.439914703369141,6.316425800323486,0.9975339770317078,0.9643869400024414,0.9999576807022095,0.2051057368516922,0.9281202554702759,4.217405319213867,0.9999997019767761,294.7477729320526,294.74777483940125
G19,adam,auto,0,1537,1537,8.649077415466309,0.23188447952270508,-894.3538208007812,-900.5169677734375,-874.8015747070312,855.7022094726562,862.1182861328125,835.1925659179688,869.5869140625,876.0,849.0,876.0,906.0,30.0,3.3112582781456954,96.6887417218543,0,8899,0,813,5.700267791748047,5.434863567352295,6.311696529388428,0.9975355267524719,0.9643879532814026,0.999957799911499,0.2048085331916809,0.9281806349754333,4.214676856994629,0.9999997615814209,294.93860816955566,294.9386100769043
G19,adam,auto,0,1538,1538,8.667824745178223,0.2313847541809082,-894.2714233398438,-900.4351196289062,-874.717041015625,855.7589111328125,862.1747436523438,835.252197265625,869.5869140625,876.0,849.0,876.0,906.0,30.0,3.3112582781456954,96.6887417218543,0,8899,0,813,5.695247650146484,5.4298505783081055,6.306981086730957,0.9975370168685913,0.9643888473510742,0.9999580383300781,0.20451012253761292,0.9282410144805908,4.2114739418029785,0.9999998807907104,295.1312062740326,295.1312081813812
G19,adam,auto,0,1539,1539,8.68665599822998,0.23088496923446655,-894.189208984375,-900.3533935546875,-874.6327514648438,855.8154907226562,862.2305908203125,835.306884765625,869.5869140625,876.0,849.0,876.0,906.0,30.0,3.3112582781456954,96.6887417218543,0,8899,0,813,5.690252304077148,5.424840927124023,6.302279472351074,0.9975385069847107,0.9643898010253906,0.9999581575393677,0.204212486743927,0.9283011555671692,4.209000587463379,0.9999997615814209,295.32267713546753,295.32267904281616
G19,adam,auto,0,1540,1540,8.70556640625,0.23038524389266968,-894.1071166992188,-900.2718505859375,-874.548583984375,855.8718872070312,862.2879028320312,835.3638916015625,869.5869140625,876.0,849.0,876.0,906.0,30.0,3.3112582781456954,96.6887417218543,0,8899,0,813,5.68527889251709,5.419871807098389,6.297601699829102,0.9975398778915405,0.9643906950950623,0.9999582767486572,0.20391425490379333,0.9283611178398132,4.2034783363342285,0.9999997615814209,295.5162441730499,295.51624608039856
G19,adam,auto,0,1541,1541,8.724562644958496,0.22988545894622803,-894.0250854492188,-900.1903076171875,-874.4645385742188,855.92822265625,862.3438110351562,835.4200439453125,869.5869140625,876.0,849.0,876.0,906.0,30.0,3.3112582781456954,96.6887417218543,0,8899,0,813,5.680328845977783,5.414926528930664,6.29295539855957,0.9975414276123047,0.9643917083740234,0.9999583959579468,0.20361581444740295,0.928421139717102,4.199002265930176,0.9999998807907104,295.7059440612793,295.70594596862793
G19,adam,auto,0,1542,1542,8.74363899230957,0.22938573360443115,-893.9431762695312,-900.1089477539062,-874.3804931640625,855.9844970703125,862.4017333984375,835.476318359375,869.5869140625,876.0,849.0,876.0,906.0,30.0,3.3112582781456954,96.6887417218543,0,8899,0,813,5.67540168762207,5.409997463226318,6.288315773010254,0.9975428581237793,0.9643927216529846,0.9999585151672363,0.20331791043281555,0.9284807443618774,4.197196960449219,0.9999997615814209,295.8968040943146,295.8968060016632
G19,adam,auto,0,1543,1543,8.762801170349121,0.22888600826263428,-893.8613891601562,-900.0277099609375,-874.2967529296875,856.0407104492188,862.4563598632812,835.53173828125,869.5869140625,876.0,849.0,876.0,906.0,30.0,3.3112582781456954,96.6887417218543,0,8899,0,813,5.670498371124268,5.405091285705566,6.283705234527588,0.9975443482398987,0.9643937349319458,0.9999586343765259,0.20301885902881622,0.9285405874252319,4.192632675170898,0.9999996423721313,296.08812713623047,296.0881290435791
G19,adam,auto,0,1544,1544,8.7820463180542,0.22838622331619263,-893.77978515625,-899.9465942382812,-874.2130126953125,856.0966186523438,862.5117797851562,835.5888671875,869.5869140625,876.0,849.0,876.0,906.0,30.0,3.3112582781456954,96.6887417218543,0,8899,0,813,5.665615081787109,5.400210857391357,6.279117107391357,0.9975457191467285,0.9643946886062622,0.9999587535858154,0.20272068679332733,0.9285999536514282,4.187662601470947,0.9999997615814209,296.28036618232727,296.2803680896759
G19,adam,auto,0,1545,1545,8.801377296447754,0.22788649797439575,-893.6981811523438,-899.8655395507812,-874.12939453125,856.152587890625,862.567626953125,835.6427612304688,869.5869140625,876.0,849.0,876.0,906.0,30.0,3.3112582781456954,96.6887417218543,0,8899,0,813,5.660757064819336,5.3953657150268555,6.27455997467041,0.9975472688674927,0.9643955826759338,0.999958872795105,0.2024216651916504,0.9286593198776245,4.185184001922607,0.9999997615814209,296.5044963359833,296.5044991970062
G19,adam,auto,0,1546,1546,8.820791244506836,0.2273867130279541,-893.6168212890625,-899.78466796875,-874.0458984375,856.2083740234375,862.623779296875,835.700927734375,869.5869140625,876.0,849.0,876.0,906.0,30.0,3.3112582781456954,96.6887417218543,0,8899,0,813,5.655919551849365,5.390533447265625,6.2700042724609375,0.9975486397743225,0.964396595954895,0.9999589920043945,0.20212283730506897,0.9287185072898865,4.183544158935547,0.9999998807907104,296.6915032863617,296.6915051937103
G19,adam,auto,0,1547,1547,8.840293884277344,0.22688698768615723,-893.5355224609375,-899.7039184570312,-873.9625244140625,856.2642211914062,862.6800537109375,835.7538452148438,869.5869140625,876.0,849.0,876.0,906.0,30.0,3.3112582781456954,96.6887417218543,0,8899,0,813,5.6511054039001465,5.3857221603393555,6.265477180480957,0.9975501298904419,0.9643976092338562,0.9999591112136841,0.20182402431964874,0.9287775158882141,4.179579257965088,0.9999997615814209,296.87356400489807,296.873566865921
G19,adam,auto,0,1548,1548,8.859880447387695,0.22638726234436035,-893.4544067382812,-899.623291015625,-873.8792724609375,856.31982421875,862.7349853515625,835.811767578125,869.5869140625,876.0,849.0,876.0,906.0,30.0,3.3112582781456954,96.6887417218543,0,8899,0,813,5.646313190460205,5.380934715270996,6.2609663009643555,0.9975515007972717,0.9643985629081726,0.9999592304229736,0.20152461528778076,0.9288365244865417,4.174461841583252,0.9999996423721313,297.0705211162567,297.07052302360535
G19,adam,auto,0,1549,1549,8.879556655883789,0.2258874773979187,-893.3732299804688,-899.542724609375,-873.7960815429688,856.3753051757812,862.7906494140625,835.865478515625,869.5869140625,876.0,849.0,876.0,906.0,30.0,3.3112582781456954,96.6887417218543,0,8899,0,813,5.641542911529541,5.3761749267578125,6.2564849853515625,0.9975528120994568,0.9643995761871338,0.9999593496322632,0.2012256234884262,0.9288951754570007,4.172037124633789,0.9999997019767761,297.2616591453552,297.26166105270386
G19,adam,auto,0,1550,1550,8.899317741394043,0.22538775205612183,-893.2921752929688,-899.4622802734375,-873.713134765625,856.4307861328125,862.8449096679688,835.921142578125,869.5869140625,876.0,849.0,876.0,906.0,30.0,3.3112582781456954,96.6887417218543,0,8899,0,813,5.636795997619629,5.37143611907959,6.252026557922363,0.9975542426109314,0.964400589466095,0.9999594688415527,0.20092609524726868,0.9289538860321045,4.167588233947754,0.9999998211860657,297.455509185791,297.45551204681396
G19,adam,auto,0,1551,1551,8.919166564941406,0.22488796710968018,-893.21142578125,-899.3820190429688,-873.6301879882812,856.486083984375,862.901611328125,835.9776611328125,869.5869140625,876.0,849.0,876.0,906.0,30.0,3.3112582781456954,96.6887417218543,0,8899,0,813,5.6320719718933105,5.366720199584961,6.247572898864746,0.9975556135177612,0.9644016027450562,0.9999595880508423,0.20062662661075592,0.9290123581886292,4.1655683517456055,0.9999998211860657,297.6496982574463,297.6497001647949
G19,adam,auto,0,1552,1552,8.939106941223145,0.2243882417678833,-893.1307983398438,-899.3018188476562,-873.5474243164062,856.5411987304688,862.955322265625,836.02978515625,869.5869140625,876.0,849.0,876.0,906.0,30.0,3.3112582781456954,96.6887417218543,0,8899,0,813,5.627367973327637,5.362030029296875,6.2431488037109375,0.9975569844245911,0.9644025564193726,0.9999597072601318,0.20032714307308197,0.929070770740509,4.161844253540039,0.9999997615814209,297.84607124328613,297.84607315063477
G19,adam,auto,0,1553,1553,8.959135055541992,0.22388851642608643,-893.0499877929688,-899.2217407226562,-873.4647216796875,856.5963745117188,863.0113525390625,836.088623046875,869.5869140625,876.0,849.0,876.0,906.0,30.0,3.3112582781456954,96.6887417218543,0,8899,0,813,5.622686862945557,5.357353687286377,6.2387518882751465,0.9975583553314209,0.9644035696983337,0.9999598264694214,0.20002716779708862,0.9291290044784546,4.156408786773682,0.9999997615814209,298.036336183548,298.0363392829895
G19,adam,auto,0,1554,1554,8.979254722595215,0.22338873147964478,-892.9697265625,-899.1417846679688,-873.3822021484375,856.6514282226562,863.067138671875,836.1397094726562,869.5869140625,876.0,849.0,876.0,906.0,30.0,3.3112582781456954,96.6887417218543,0,8899,0,813,5.618025779724121,5.352710723876953,6.234364032745361,0.9975597262382507,0.9644045829772949,0.9999599456787109,0.19972755014896393,0.9291870594024658,4.151937007904053,0.9999998807907104,298.2289900779724,298.22899198532104
G19,adam,auto,0,1555,1555,8.999462127685547,0.2228890061378479,-892.8892211914062,-899.0618896484375,-873.2996826171875,856.706298828125,863.1199340820312,836.197021484375,869.5869140625,876.0,849.0,876.0,906.0,30.0,3.3112582781456954,96.6887417218543,0,8899,0,813,5.613386154174805,5.348095417022705,6.229990005493164,0.9975610375404358,0.9644056558609009,0.9999600648880005,0.19942741096019745,0.9292450547218323,4.150179862976074,0.9999997615814209,298.4191470146179,298.41915011405945
G19,adam,auto,0,1556,1556,9.019763946533203,0.22238922119140625,-892.8090209960938,-898.982177734375,-873.2174072265625,856.760986328125,863.1751098632812,836.2509765625,869.5869140625,876.0,849.0,876.0,906.0,30.0,3.3112582781456954,96.6887417218543,0,8899,0,813,5.608768939971924,5.343475341796875,6.225649833679199,0.9975623488426208,0.9644066691398621,0.99996018409729,0.19912736117839813,0.9293028712272644,4.1485276222229,0.9999997019767761,298.6108901500702,298.6108920574188
G19,adam,auto,0,1557,1557,9.040154457092285,0.22188949584960938,-892.7288818359375,-898.902587890625,-873.1351318359375,856.8157958984375,863.2305908203125,836.3043212890625,869.5869140625,876.0,849.0,876.0,906.0,30.0,3.3112582781456954,96.6887417218543,0,8899,0,813,5.604170799255371,5.338902473449707,6.221322536468506,0.9975637197494507,0.9644076824188232,0.9999603033065796,0.19882719218730927,0.9293606281280518,4.142646789550781,0.9999997019767761,298.80142426490784,298.80142617225647
G19,adam,auto,0,1558,1558,9.060640335083008,0.22138971090316772,-892.6488037109375,-898.8231201171875,-873.0531005859375,856.8703002929688,863.284912109375,836.361328125,869.5869140625,876.0,849.0,876.0,906.0,30.0,3.3112582781456954,96.6887417218543,0,8899,0,813,5.599594593048096,5.3343281745910645,6.217021942138672,0.9975651502609253,0.9644086956977844,0.9999604225158691,0.19852662086486816,0.92941814661026,4.138933181762695,0.9999998211860657,298.992151260376,298.9921531677246
G19,adam,auto,0,1559,1559,9.081216812133789,0.22088998556137085,-892.5689697265625,-898.7437133789062,-872.9711303710938,856.9246826171875,863.338623046875,836.4125366210938,869.5869140625,876.0,849.0,876.0,906.0,30.0,3.3112582781456954,96.6887417218543,0,8899,0,813,5.595038890838623,5.329795837402344,6.212737560272217,0.997566282749176,0.9644097685813904,0.9999605417251587,0.19822652637958527,0.9294755458831787,4.136045932769775,0.9999996423721313,299.18227219581604,299.1822741031647
G19,adam,auto,0,1560,1560,9.101888656616211,0.22039026021957397,-892.4891967773438,-898.6644897460938,-872.8892822265625,856.9791870117188,863.3931884765625,836.4697875976562,869.5869140625,876.0,849.0,876.0,906.0,30.0,3.3112582781456954,96.6887417218543,0,8899,0,813,5.5905046463012695,5.325277328491211,6.208462715148926,0.9975675940513611,0.9644107818603516,0.9999606609344482,0.19792558252811432,0.9295328855514526,4.133280277252197,0.9999997615814209,299.37277913093567,299.3727810382843
G19,adam,auto,0,1561,1561,9.122653007507324,0.21989047527313232,-892.4094848632812,-898.58544921875,-872.8075561523438,857.0333251953125,863.4470825195312,836.5210571289062,869.5869140625,876.0,849.0,876.0,906.0,30.0,3.3112582781456954,96.6887417218543,0,8899,0,813,5.5859880447387695,5.320777893066406,6.204217910766602,0.9975689053535461,0.9644119143486023,0.9999607801437378,0.19762513041496277,0.9295899868011475,4.128244876861572,0.9999997019767761,299.56503033638,299.56503224372864
G19,adam,auto,0,1562,1562,9.143514633178711,0.21939074993133545,-892.3300170898438,-898.50634765625,-872.7258911132812,857.0875244140625,863.5008544921875,836.5776977539062,869.5869140625,876.0,849.0,876.0,906.0,30.0,3.3112582781456954,96.6887417218543,0,8899,0,813,5.5814948081970215,5.316308975219727,6.199987888336182,0.997570276260376,0.9644128680229187,0.9999608993530273,0.1973242163658142,0.9296469688415527,4.126199722290039,0.9999998211860657,299.755802154541,299.75580406188965
G19,adam,auto,0,1563,1563,9.164469718933105,0.2188909649848938,-892.2506103515625,-898.427490234375,-872.6444091796875,857.1416015625,863.5548706054688,836.629150390625,869.5869140625,876.0,849.0,876.0,906.0,30.0,3.3112582781456954,96.6887417218543,0,8899,0,813,5.57702112197876,5.311853408813477,6.195771217346191,0.997571587562561,0.9644138813018799,0.9999610185623169,0.1970231533050537,0.929703950881958,4.122416019439697,0.9999997615814209,299.9523620605469,299.9523639678955
G19,adam,auto,0,1564,1564,9.185521125793457,0.21839123964309692,-892.1712036132812,-898.3487548828125,-872.5631103515625,857.1953735351562,863.609130859375,836.684814453125,869.5869140625,876.0,849.0,876.0,906.0,30.0,3.3112582781456954,96.6887417218543,0,8899,0,813,5.572566986083984,5.307422637939453,6.191575050354004,0.9975727200508118,0.9644150137901306,0.9999611377716064,0.1967223584651947,0.9297606348991394,4.119764804840088,0.9999997615814209,300.14489126205444,300.1448931694031
G19,adam,auto,0,1565,1565,9.206671714782715,0.21789151430130005,-892.0919799804688,-898.2700805664062,-872.4818115234375,857.2493896484375,863.662841796875,836.7379760742188,869.5869140625,876.0,849.0,876.0,906.0,30.0,3.3112582781456954,96.6887417218543,0,8899,0,813,5.568134307861328,5.303018093109131,6.187403678894043,0.9975740313529968,0.9644160866737366,0.999961256980896,0.19642093777656555,0.929817259311676,4.1135172843933105,0.9999998211860657,300.3372571468353,300.33725905418396
G19,adam,auto,0,1566,1566,9.227916717529297,0.2173917293548584,-892.0130004882812,-898.1915283203125,-872.4006958007812,857.302978515625,863.7156982421875,836.7896728515625,869.5869140625,876.0,849.0,876.0,906.0,30.0,3.3112582781456954,96.6887417218543,0,8899,0,813,5.563721656799316,5.2986321449279785,6.183244705200195,0.9975752830505371,0.9644170999526978,0.9999613761901855,0.19611972570419312,0.9298737645149231,4.1129984855651855,0.9999997615814209,300.52961015701294,300.5296130180359
G19,adam,auto,0,1567,1567,9.249263763427734,0.21689200401306152,-891.9340209960938,-898.113037109375,-872.3196411132812,857.356689453125,863.7703857421875,836.84814453125,869.5869140625,876.0,849.0,876.0,906.0,30.0,3.3112582781456954,96.6887417218543,0,8899,0,813,5.559329509735107,5.294271945953369,6.179114818572998,0.9975765347480774,0.9644182324409485,0.9999614953994751,0.19581837952136993,0.9299300312995911,4.109500885009766,0.9999998211860657,300.7243232727051,300.7243251800537
G19,adam,auto,0,1568,1568,9.270706176757812,0.21639221906661987,-891.855224609375,-898.0347290039062,-872.2386474609375,857.4102172851562,863.8231201171875,836.8934326171875,869.5869140625,876.0,849.0,876.0,906.0,30.0,3.3112582781456954,96.6887417218543,0,8899,0,813,5.554955959320068,5.289937973022461,6.174994468688965,0.9975777268409729,0.9644193053245544,0.9999616146087646,0.19551658630371094,0.9299863576889038,4.107256889343262,0.9999997615814209,300.91646695137024,300.9164688587189
G19,adam,auto,0,1569,1569,9.292251586914062,0.215892493724823,-891.7764892578125,-897.9566040039062,-872.1580200195312,857.463623046875,863.8773193359375,836.9566040039062,869.5869140625,876.0,849.0,876.0,906.0,30.0,3.3112582781456954,96.6887417218543,0,8899,0,813,5.550601005554199,5.285625457763672,6.170889854431152,0.9975789785385132,0.9644203186035156,0.9999617338180542,0.19521528482437134,0.9300423264503479,4.102191925048828,0.9999998211860657,301.1063160896301,301.10631799697876
G19,adam,auto,0,1570,1570,9.313894271850586,0.21539276838302612,-891.6978759765625,-897.8785400390625,-872.0772705078125,857.5170288085938,863.93017578125,837.0,869.5869140625,876.0,849.0,876.0,906.0,30.0,3.3112582781456954,96.6887417218543,0,8899,0,813,5.546268463134766,5.281330585479736,6.166807651519775,0.9975802302360535,0.9644214510917664,0.9999618530273438,0.19491323828697205,0.9300983548164368,4.09900426864624,0.9999998211860657,301.2974991798401,301.2975010871887
G19,adam,auto,0,1571,1571,9.335640907287598,0.21489298343658447,-891.619384765625,-897.800537109375,-871.9967651367188,857.5701293945312,863.9834594726562,837.060546875,869.5869140625,876.0,849.0,876.0,906.0,30.0,3.3112582781456954,96.6887417218543,0,8899,0,813,5.541954517364502,5.277061462402344,6.16273307800293,0.9975814819335938,0.9644225239753723,0.9999619722366333,0.19461140036582947,0.9301542043685913,4.096705436706543,0.9999998807907104,301.48932814598083,301.48933005332947
G19,adam,auto,0,1572,1572,9.357486724853516,0.2143932580947876,-891.541015625,-897.7227783203125,-871.9163818359375,857.6232299804688,864.0357666015625,837.10986328125,869.5869140625,876.0,849.0,876.0,906.0,30.0,3.3112582781456954,96.6887417218543,0,8899,0,813,5.537661075592041,5.272817611694336,6.158698081970215,0.997582733631134,0.964423656463623,0.9999620914459229,0.19430957734584808,0.9302098751068115,4.092700004577637,0.9999997615814209,301.6801779270172,301.68017983436584
G19,adam,auto,0,1573,1573,9.379437446594238,0.21389347314834595,-891.4628295898438,-897.64501953125,-871.8359985351562,857.6762084960938,864.0889892578125,837.161865234375,869.5869140625,876.0,849.0,876.0,906.0,30.0,3.3112582781456954,96.6887417218543,0,8899,0,813,5.533385276794434,5.268607139587402,6.154672622680664,0.9975839257240295,0.9644246697425842,0.9999622106552124,0.1940069943666458,0.930265486240387,4.089053153991699,0.9999997615814209,301.8722503185272,301.87225222587585
G19,adam,auto,0,1574,1574,9.4014892578125,0.21339374780654907,-891.3845825195312,-897.5673828125,-871.755859375,857.72900390625,864.1414184570312,837.21923828125,869.5869140625,876.0,849.0,876.0,906.0,30.0,3.3112582781456954,96.6887417218543,0,8899,0,813,5.529130935668945,5.264411449432373,6.150668144226074,0.997585117816925,0.9644257426261902,0.999962329864502,0.19370539486408234,0.9303208589553833,4.085408687591553,0.9999998807907104,302.06162428855896,302.0616261959076
G19,adam,auto,0,1575,1575,9.423646926879883,0.21289396286010742,-891.3067016601562,-897.4899291992188,-871.67578125,857.7817993164062,864.1939697265625,837.2647705078125,869.5869140625,876.0,849.0,876.0,906.0,30.0,3.3112582781456954,96.6887417218543,0,8899,0,813,5.524894714355469,5.260231971740723,6.146666049957275,0.9975863099098206,0.9644268751144409,0.9999624490737915,0.19340229034423828,0.9303761124610901,4.084980010986328,0.9999997615814209,302.2548942565918,302.25489616394043
G19,adam,auto,0,1576,1576,9.445907592773438,0.21239423751831055,-891.2288208007812,-897.4125366210938,-871.5958251953125,857.83447265625,864.2487182617188,837.3248291015625,869.5869140625,876.0,849.0,876.0,906.0,30.0,3.3112582781456954,96.6887417218543,0,8899,0,813,5.520676136016846,5.256085395812988,6.1426920890808105,0.9975875020027161,0.9644279479980469,0.999962568283081,0.19310049712657928,0.9304313063621521,4.078466415405273,0.9999997615814209,302.44729709625244,302.4472990036011
G19,adam,auto,0,1577,1577,9.468273162841797,0.21189451217651367,-891.1510009765625,-897.3353271484375,-871.5159301757812,857.8870239257812,864.2996826171875,837.3706665039062,869.5869140625,876.0,849.0,876.0,906.0,30.0,3.3112582781456954,96.6887417218543,0,8899,0,813,5.516477108001709,5.251955986022949,6.138735294342041,0.9975886940956116,0.9644290804862976,0.9999626874923706,0.1927974671125412,0.9304863214492798,4.078368663787842,0.9999997019767761,302.63625025749207,302.6362521648407
G19,adam,auto,0,1578,1578,9.490747451782227,0.21139472723007202,-891.0734252929688,-897.2582397460938,-871.4362182617188,857.9395141601562,864.3523559570312,837.4274291992188,869.5869140625,876.0,849.0,876.0,906.0,30.0,3.3112582781456954,96.6887417218543,0,8899,0,813,5.512297630310059,5.2478508949279785,6.1348042488098145,0.9975898861885071,0.9644302129745483,0.9999628067016602,0.19249483942985535,0.9305413365364075,4.072150230407715,0.9999997615814209,302.8272500038147,302.82725191116333
G19,adam,auto,0,1579,1579,9.513325691223145,0.21089500188827515,-890.9957885742188,-897.1812133789062,-871.3566284179688,857.9918212890625,864.404052734375,837.4774780273438,869.5869140625,876.0,849.0,876.0,906.0,30.0,3.3112582781456954,96.6887417218543,0,8899,0,813,5.50813627243042,5.243772506713867,6.1308722496032715,0.9975910782814026,0.9644312858581543,0.9999628067016602,0.19219228625297546,0.9305959939956665,4.0729594230651855,0.9999998211860657,303.0192971229553,303.01929998397827
G19,adam,auto,0,1580,1580,9.536014556884766,0.2103952169418335,-890.9183959960938,-897.1043701171875,-871.2771606445312,858.0441284179688,864.45654296875,837.529296875,869.5869140625,876.0,849.0,876.0,906.0,30.0,3.3112582781456954,96.6887417218543,0,8899,0,813,5.503991603851318,5.239709854125977,6.126971244812012,0.9975922107696533,0.9644325375556946,0.9999629259109497,0.19188876450061798,0.9306507706642151,4.064914703369141,0.9999998211860657,303.21031618118286,303.2103180885315
G19,adam,auto,0,1581,1581,9.558809280395508,0.20989549160003662,-890.8411865234375,-897.0275268554688,-871.19775390625,858.0961303710938,864.5078735351562,837.58349609375,869.5869140625,876.0,849.0,876.0,906.0,30.0,3.3112582781456954,96.6887417218543,0,8899,0,813,5.499866962432861,5.23568868637085,6.123071193695068,0.9975932836532593,0.9644336104393005,0.9999630451202393,0.191586434841156,0.9307050108909607,4.06480598449707,0.9999998807907104,303.400954246521,303.40095710754395
G19,adam,auto,0,1582,1582,9.581716537475586,0.20939576625823975,-890.7639770507812,-896.950927734375,-871.1185913085938,858.148193359375,864.561279296875,837.6314697265625,869.5869140625,876.0,849.0,876.0,906.0,30.0,3.3112582781456954,96.6887417218543,0,8899,0,813,5.4957594871521,5.2316575050354,6.119208335876465,0.9975944757461548,0.9644347429275513,0.9999631643295288,0.19128257036209106,0.9307594895362854,4.057667255401611,0.9999998211860657,303.5924401283264,303.59244203567505
G19,adam,auto,0,1583,1583,9.604729652404785,0.2088959813117981,-890.68701171875,-896.8743896484375,-871.039306640625,858.2000122070312,864.612060546875,837.68798828125,869.5869140625,876.0,849.0,876.0,906.0,30.0,3.3112582781456954,96.6887417218543,0,8899,0,813,5.491670608520508,5.227670192718506,6.115352630615234,0.9975955486297607,0.9644358158111572,0.9999632835388184,0.1909797489643097,0.930813729763031,4.0571818351745605,0.9999997019767761,303.78156423568726,303.7815661430359
G19,adam,auto,0,1584,1584,9.62785816192627,0.20839625597000122,-890.6099853515625,-896.7980346679688,-870.9603271484375,858.2518920898438,864.6646728515625,837.7344360351562,869.5869140625,876.0,849.0,876.0,906.0,30.0,3.3112582781456954,96.6887417218543,0,8899,0,813,5.487596035003662,5.223696231842041,6.111502170562744,0.9975967407226562,0.9644370675086975,0.9999634027481079,0.19067615270614624,0.9308677911758423,4.052734851837158,0.9999998211860657,303.97234892845154,303.97235083580017
G19,adam,auto,0,1585,1585,9.651094436645508,0.20789647102355957,-890.533203125,-896.7217407226562,-870.8814697265625,858.3035888671875,864.7160034179688,837.7908325195312,869.5869140625,876.0,849.0,876.0,906.0,30.0,3.3112582781456954,96.6887417218543,0,8899,0,813,5.483540058135986,5.219758033752441,6.107685089111328,0.997597873210907,0.9644381999969482,0.9999635219573975,0.19037261605262756,0.9309217929840088,4.05353307723999,0.9999997019767761,304.16421914100647,304.1642210483551
G19,adam,auto,0,1586,1586,9.674446105957031,0.2073967456817627,-890.4564819335938,-896.6455078125,-870.802734375,858.3551025390625,864.7683715820312,837.83837890625,869.5869140625,876.0,849.0,876.0,906.0,30.0,3.3112582781456954,96.6887417218543,0,8899,0,813,5.479502201080322,5.215825080871582,6.103880405426025,0.9975990056991577,0.9644392728805542,0.999963641166687,0.19006913900375366,0.930975615978241,4.0494160652160645,0.9999996423721313,304.355416059494,304.35541796684265
G19,adam,auto,0,1587,1587,9.697908401489258,0.20689702033996582,-890.3800048828125,-896.5694580078125,-870.7240600585938,858.4066162109375,864.8177490234375,837.8920288085938,869.5869140625,876.0,849.0,876.0,906.0,30.0,3.3112582781456954,96.6887417218543,0,8899,0,813,5.4754815101623535,5.2119293212890625,6.100089073181152,0.9976000189781189,0.9644405245780945,0.9999637603759766,0.18976521492004395,0.9310293793678284,4.043671607971191,0.9999996423721313,304.5465040206909,304.54650592803955
G19,adam,auto,0,1588,1588,9.721487045288086,0.20639723539352417,-890.3035278320312,-896.4935302734375,-870.6455688476562,858.4580078125,864.8701782226562,837.9425659179688,869.5869140625,876.0,849.0,876.0,906.0,30.0,3.3112582781456954,96.6887417218543,0,8899,0,813,5.471477508544922,5.208044528961182,6.0963134765625,0.9976012706756592,0.9644415974617004,0.9999637603759766,0.18946143984794617,0.9310830235481262,4.042397499084473,0.9999997615814209,304.7378261089325,304.7378280162811
G19,adam,auto,0,1589,1589,9.74517822265625,0.2058975100517273,-890.2271728515625,-896.4177856445312,-870.567138671875,858.5092163085938,864.9210205078125,837.99267578125,869.5869140625,876.0,849.0,876.0,906.0,30.0,3.3112582781456954,96.6887417218543,0,8899,0,813,5.467490196228027,5.204185962677002,6.09254789352417,0.9976022243499756,0.9644428491592407,0.9999638795852661,0.18915747106075287,0.931136429309845,4.037825107574463,0.9999997615814209,304.9273900985718,304.9273920059204
G19,adam,auto,0,1590,1590,9.7689847946167,0.20539772510528564,-890.15087890625,-896.3421020507812,-870.48876953125,858.5604248046875,864.9728393554688,838.0455322265625,869.5869140625,876.0,849.0,876.0,906.0,30.0,3.3112582781456954,96.6887417218543,0,8899,0,813,5.46351957321167,5.20034646987915,6.088800430297852,0.9976033568382263,0.9644440412521362,0.9999639987945557,0.18885330855846405,0.931189775466919,4.037406921386719,0.9999998807907104,305.12047815322876,305.1204800605774
G19,adam,auto,0,1591,1591,9.792911529541016,0.20489799976348877,-890.0748291015625,-896.2665405273438,-870.41064453125,858.6113891601562,865.0233154296875,838.09423828125,869.5869140625,876.0,849.0,876.0,906.0,30.0,3.3112582781456954,96.6887417218543,0,8899,0,813,5.459566593170166,5.19652795791626,6.085078716278076,0.997604489326477,0.964445173740387,0.9999641180038452,0.1885491907596588,0.9312430024147034,4.029961109161377,0.9999997019767761,305.3100481033325,305.31005001068115
G19,adam,auto,0,1592,1592,9.8169527053833,0.20439821481704712,-889.998779296875,-896.1910400390625,-870.3325805664062,858.6624145507812,865.0742797851562,838.146484375,869.5869140625,876.0,849.0,876.0,906.0,30.0,3.3112582781456954,96.6887417218543,0,8899,0,813,5.455629825592041,5.192727088928223,6.081363677978516,0.9976055026054382,0.9644463658332825,0.9999642372131348,0.1882447749376297,0.9312959909439087,4.031850337982178,0.9999997019767761,305.5041391849518,305.5041410923004
G19,adam,auto,0,1593,1593,9.84111499786377,0.20389848947525024,-889.9229736328125,-896.11572265625,-870.254638671875,858.7131958007812,865.1254272460938,838.1970825195312,869.5869140625,876.0,849.0,876.0,906.0,30.0,3.3112582781456954,96.6887417218543,0,8899,0,813,5.45170783996582,5.188955307006836,6.0776686668396,0.997606635093689,0.9644476175308228,0.9999643564224243,0.18794046342372894,0.9313489198684692,4.024896144866943,0.9999996423721313,305.69384026527405,305.6938421726227
G19,adam,auto,0,1594,1594,9.86539363861084,0.20339876413345337,-889.8472290039062,-896.0404663085938,-870.1768798828125,858.7639770507812,865.1754150390625,838.2457275390625,869.5869140625,876.0,849.0,876.0,906.0,30.0,3.3112582781456954,96.6887417218543,0,8899,0,813,5.4478044509887695,5.185209274291992,6.073985576629639,0.9976077675819397,0.9644486904144287,0.9999644756317139,0.18763583898544312,0.9314017295837402,4.02559232711792,0.9999997615814209,305.8860921859741,305.88609409332275
G19,adam,auto,0,1595,1595,9.88979434967041,0.20289897918701172,-889.7716064453125,-895.9653930664062,-870.0991821289062,858.8145141601562,865.225830078125,838.2998657226562,869.5869140625,876.0,849.0,876.0,906.0,30.0,3.3112582781456954,96.6887417218543,0,8899,0,813,5.4439167976379395,5.1814680099487305,6.0703020095825195,0.9976087808609009,0.964449942111969,0.9999644756317139,0.1873311549425125,0.9314544796943665,4.018923759460449,0.9999997615814209,306.07700514793396,306.0770070552826
G19,adam,auto,0,1596,1596,9.914314270019531,0.20239925384521484,-889.6962280273438,-895.8904418945312,-870.0215454101562,858.864990234375,865.2770385742188,838.344970703125,869.5869140625,876.0,849.0,876.0,906.0,30.0,3.3112582781456954,96.6887417218543,0,8899,0,813,5.44004487991333,5.177765846252441,6.066658973693848,0.9976098537445068,0.9644511342048645,0.9999645948410034,0.18702654540538788,0.931506872177124,4.018039703369141,0.9999997615814209,306.26665806770325,306.2666599750519
G19,adam,auto,0,1597,1597,9.938959121704102,0.2018994688987732,-889.6207885742188,-895.8156127929688,-869.9441528320312,858.9154052734375,865.3265991210938,838.401123046875,869.5869140625,876.0,849.0,876.0,906.0,30.0,3.3112582781456954,96.6887417218543,0,8899,0,813,5.436189651489258,5.174071311950684,6.063015937805176,0.997610867023468,0.9644523859024048,0.999964714050293,0.1867213398218155,0.9315595030784607,4.014012813568115,0.9999996423721313,306.4581949710846,306.4581968784332
G19,adam,auto,0,1598,1598,9.963723182678223,0.20139974355697632,-889.5454711914062,-895.7408447265625,-869.8668212890625,858.965576171875,865.3768310546875,838.4452514648438,869.5869140625,876.0,849.0,876.0,906.0,30.0,3.3112582781456954,96.6887417218543,0,8899,0,813,5.4323506355285645,5.1703996658325195,6.059399127960205,0.9976119995117188,0.9644535779953003,0.9999648332595825,0.18641690909862518,0.9316115975379944,4.0126118659973145,0.9999997615814209,306.64963817596436,306.649640083313
G19,adam,auto,0,1599,1599,9.988614082336426,0.20090001821517944,-889.4703979492188,-895.666259765625,-869.78955078125,859.0159912109375,865.4264526367188,838.5001220703125,869.5869140625,876.0,849.0,876.0,906.0,30.0,3.3112582781456954,96.6887417218543,0,8899,0,813,5.428527355194092,5.166745662689209,6.055782318115234,0.9976130127906799,0.9644548296928406,0.9999649524688721,0.18611109256744385,0.9316638708114624,4.007752895355225,0.9999997615814209,306.8400032520294,306.84000515937805
G19,adam,auto,0,1600,1600,10.013627052307129,0.2004002332687378,-889.3953857421875,-895.591796875,-869.71240234375,859.0657958984375,865.4777221679688,838.546875,869.5869140625,876.0,849.0,876.0,906.0,30.0,3.3112582781456954,96.6887417218543,0,8899,0,813,5.424718856811523,5.163119316101074,6.052192687988281,0.9976140260696411,0.9644560217857361,0.9999650716781616,0.18580661714076996,0.9317158460617065,4.00437593460083,0.9999997615814209,307.0323781967163,307.03238010406494
G19,adam,auto,0,1601,1601,10.03876781463623,0.19990050792694092,-889.3204956054688,-895.5173950195312,-869.635498046875,859.1160278320312,865.52783203125,838.5975341796875,869.5869140625,876.0,849.0,876.0,906.0,30.0,3.3112582781456954,96.6887417218543,0,8899,0,813,5.420926570892334,5.1595001220703125,6.048604965209961,0.9976149797439575,0.9644572734832764,0.9999651908874512,0.1855005919933319,0.9317678809165955,4.001820087432861,0.9999997615814209,307.227281332016,307.2272832393646
G19,adam,auto,0,1602,1602,10.064032554626465,0.19940072298049927,-889.2457885742188,-895.4431762695312,-869.5587158203125,859.1655883789062,865.5762939453125,838.6485595703125,869.5869140625,876.0,849.0,876.0,906.0,30.0,3.3112582781456954,96.6887417218543,0,8899,0,813,5.417149066925049,5.155920028686523,6.045038223266602,0.9976160526275635,0.9644584655761719,0.9999651908874512,0.1851956844329834,0.9318195581436157,3.999908685684204,0.9999998211860657,307.42232608795166,307.4223279953003
G19,adam,auto,0,1603,1603,10.089425086975098,0.1989009976387024,-889.1710815429688,-895.3690795898438,-869.4818115234375,859.2153930664062,865.6265869140625,838.6944580078125,869.5869140625,876.0,849.0,876.0,906.0,30.0,3.3112582781456954,96.6887417218543,0,8899,0,813,5.413387298583984,5.152341842651367,6.041484355926514,0.9976171255111694,0.9644596576690674,0.9999653100967407,0.18488985300064087,0.9318711757659912,3.9980640411376953,0.9999997615814209,307.61520314216614,307.61520504951477
G19,adam,auto,0,1604,1604,10.114949226379395,0.19840127229690552,-889.0964965820312,-895.2950439453125,-869.4052734375,859.2650756835938,865.67626953125,838.7490844726562,869.5869140625,876.0,849.0,876.0,906.0,30.0,3.3112582781456954,96.6887417218543,0,8899,0,813,5.409642219543457,5.148794174194336,6.0379462242126465,0.9976181387901306,0.9644609093666077,0.9999654293060303,0.18458427488803864,0.9319227337837219,3.9923579692840576,0.9999997615814209,307.8059582710266,307.80596017837524
G19,adam,auto,0,1605,1605,10.140599250793457,0.19790148735046387,-889.022216796875,-895.2211303710938,-869.3287353515625,859.3145751953125,865.7257080078125,838.7923583984375,869.5869140625,876.0,849.0,876.0,906.0,30.0,3.3112582781456954,96.6887417218543,0,8899,0,813,5.405911922454834,5.145264148712158,6.034420013427734,0.9976192116737366,0.9644622206687927,0.9999655485153198,0.18427850306034088,0.9319739937782288,3.99113130569458,0.9999996423721313,307.99818301200867,307.9981858730316
G19,adam,auto,0,1606,1606,10.166382789611816,0.197401762008667,-888.9478759765625,-895.1473999023438,-869.2523803710938,859.364013671875,865.775146484375,838.8475952148438,869.5869140625,876.0,849.0,876.0,906.0,30.0,3.3112582781456954,96.6887417218543,0,8899,0,813,5.402195453643799,5.14174747467041,6.030918121337891,0.9976201057434082,0.964463472366333,0.9999656677246094,0.18397262692451477,0.9320253133773804,3.985445499420166,0.9999997615814209,308.1888802051544,308.18888211250305
G19,adam,auto,0,1607,1607,10.19229507446289,0.19690197706222534,-888.8737182617188,-895.0737915039062,-869.1761474609375,859.413330078125,865.8250732421875,838.891357421875,869.5869140625,876.0,849.0,876.0,906.0,30.0,3.3112582781456954,96.6887417218543,0,8899,0,813,5.398493766784668,5.138249397277832,6.027416229248047,0.9976211190223694,0.9644646644592285,0.9999656677246094,0.18366657197475433,0.9320765137672424,3.9879305362701416,0.9999997019767761,308.37952423095703,308.37952613830566
G19,adam,auto,0,1608,1608,10.218342781066895,0.19640225172042847,-888.7996215820312,-895.0001831054688,-869.0999145507812,859.46240234375,865.8751220703125,838.9442138671875,869.5869140625,876.0,849.0,876.0,906.0,30.0,3.3112582781456954,96.6887417218543,0,8899,0,813,5.3948073387146,5.1347856521606445,6.023935317993164,0.9976221323013306,0.9644659757614136,0.9999657869338989,0.18336062133312225,0.9321274161338806,3.980722427368164,0.9999997615814209,308.57243514060974,308.5724380016327
G19,adam,auto,0,1609,1609,10.244521141052246,0.19590246677398682,-888.7257080078125,-894.9267578125,-869.0238647460938,859.5115966796875,865.9224243164062,838.9908447265625,869.5869140625,876.0,849.0,876.0,906.0,30.0,3.3112582781456954,96.6887417218543,0,8899,0,813,5.39113712310791,5.131330966949463,6.020455360412598,0.9976231455802917,0.9644672274589539,0.9999659061431885,0.1830541342496872,0.9321783781051636,3.982738971710205,0.9999997019767761,308.76342010498047,308.7634229660034
G19,adam,auto,0,1610,1610,10.270835876464844,0.19540274143218994,-888.6517944335938,-894.853515625,-868.9479370117188,859.5604858398438,865.9714965820312,839.0398559570312,869.5869140625,876.0,849.0,876.0,906.0,30.0,3.3112582781456954,96.6887417218543,0,8899,0,813,5.387479305267334,5.127884864807129,6.0170087814331055,0.9976240396499634,0.9644685387611389,0.999966025352478,0.18274815380573273,0.9322289824485779,3.9740374088287354,0.9999997019767761,308.95436906814575,308.9543709754944
G19,adam,auto,0,1611,1611,10.297284126281738,0.19490301609039307,-888.5781860351562,-894.7803344726562,-868.8721923828125,859.609375,866.02001953125,839.0901489257812,869.5869140625,876.0,849.0,876.0,906.0,30.0,3.3112582781456954,96.6887417218543,0,8899,0,813,5.38383674621582,5.124468803405762,6.013566970825195,0.9976251125335693,0.9644697904586792,0.9999661445617676,0.18244147300720215,0.932279646396637,3.9769127368927,0.9999997615814209,309.14631724357605,309.146320104599
G19,adam,auto,0,1612,1612,10.323871612548828,0.19440323114395142,-888.5045776367188,-894.7073364257812,-868.7965698242188,859.6580810546875,866.0697021484375,839.1355590820312,869.5869140625,876.0,849.0,876.0,906.0,30.0,3.3112582781456954,96.6887417218543,0,8899,0,813,5.380208492279053,5.121054649353027,6.010133743286133,0.9976260662078857,0.9644711017608643,0.9999661445617676,0.1821349412202835,0.9323301315307617,3.969029664993286,0.9999998211860657,309.33667826652527,309.33668088912964
G19,adam,auto,0,1613,1613,10.350594520568848,0.19390350580215454,-888.4312133789062,-894.6343383789062,-868.7210083007812,859.7067260742188,866.117919921875,839.1878662109375,869.5869140625,876.0,849.0,876.0,906.0,30.0,3.3112582781456954,96.6887417218543,0,8899,0,813,5.376595497131348,5.11767578125,6.006721496582031,0.9976270794868469,0.9644724130630493,0.9999662637710571,0.1818285584449768,0.9323803782463074,3.97074294090271,0.9999998211860657,309.5285232067108,309.52852606773376
G19,adam,auto,0,1614,1614,10.377458572387695,0.1934037208557129,-888.3577880859375,-894.5615234375,-868.6456298828125,859.7551879882812,866.1671752929688,839.2322998046875,869.5869140625,876.0,849.0,876.0,906.0,30.0,3.3112582781456954,96.6887417218543,0,8899,0,813,5.372997283935547,5.11430549621582,6.003310203552246,0.9976279735565186,0.9644736647605896,0.9999663829803467,0.1815212219953537,0.9324307441711426,3.962857961654663,0.9999998211860657,309.7192041873932,309.7192060947418
G19,adam,auto,0,1615,1615,10.404458999633789,0.19290399551391602,-888.2846069335938,-894.4888916015625,-868.5703125,859.8035888671875,866.2142944335938,839.2836303710938,869.5869140625,876.0,849.0,876.0,906.0,30.0,3.3112582781456954,96.6887417218543,0,8899,0,813,5.369410991668701,5.110960006713867,5.999927520751953,0.9976289868354797,0.9644749760627747,0.9999665021896362,0.18121515214443207,0.9324807524681091,3.9651381969451904,0.9999997615814209,309.9103670120239,309.91036891937256
G19,adam,auto,0,1616,1616,10.431600570678711,0.19240427017211914,-888.2116088867188,-894.4163208007812,-868.4951782226562,859.8521118164062,866.262939453125,839.3295288085938,869.5869140625,876.0,849.0,876.0,906.0,30.0,3.3112582781456954,96.6887417218543,0,8899,0,813,5.365840911865234,5.107629776000977,5.996551990509033,0.9976299405097961,0.9644763469696045,0.9999666213989258,0.18090736865997314,0.9325307607650757,3.9579832553863525,0.9999997615814209,310.1009690761566,310.10097098350525
G19,adam,auto,0,1617,1617,10.458887100219727,0.1919044852256775,-888.1386108398438,-894.3439331054688,-868.420166015625,859.9002075195312,866.3106689453125,839.37890625,869.5869140625,876.0,849.0,876.0,906.0,30.0,3.3112582781456954,96.6887417218543,0,8899,0,813,5.362282752990723,5.104312896728516,5.993188858032227,0.9976308941841125,0.9644776582717896,0.9999666213989258,0.18060092628002167,0.9325804710388184,3.957324743270874,0.9999998211860657,310.2904140949249,310.29041600227356
G19,adam,auto,0,1618,1618,10.486313819885254,0.19140475988388062,-888.0657958984375,-894.2716674804688,-868.3450927734375,859.9481811523438,866.3585205078125,839.4257202148438,869.5869140625,876.0,849.0,876.0,906.0,30.0,3.3112582781456954,96.6887417218543,0,8899,0,813,5.358739852905273,5.10101318359375,5.989838600158691,0.997631847858429,0.9644789695739746,0.9999667406082153,0.18029333651065826,0.9326302409172058,3.9528324604034424,0.9999997019767761,310.48578906059265,310.4857909679413
G19,adam,auto,0,1619,1619,10.513888359069824,0.19090497493743896,-887.9929809570312,-894.1994018554688,-868.2703857421875,859.9962158203125,866.4070434570312,839.474365234375,869.5869140625,876.0,849.0,876.0,906.0,30.0,3.3112582781456954,96.6887417218543,0,8899,0,813,5.355209827423096,5.097728729248047,5.9864912033081055,0.9976328015327454,0.9644802808761597,0.9999668598175049,0.1799861192703247,0.9326798319816589,3.9501516819000244,0.9999998211860657,310.6747341156006,310.6747360229492
G19,adam,auto,0,1620,1620,10.541604042053223,0.1904052495956421,-887.92041015625,-894.1273193359375,-868.1956176757812,860.0440063476562,866.4544067382812,839.5211181640625,869.5869140625,876.0,849.0,876.0,906.0,30.0,3.3112582781456954,96.6887417218543,0,8899,0,813,5.351692199707031,5.094470977783203,5.9831671714782715,0.9976337552070618,0.9644816517829895,0.9999669790267944,0.17967890202999115,0.9327292442321777,3.949746608734131,0.9999997615814209,310.8696012496948,310.86960315704346
G19,adam,auto,0,1621,1621,10.569470405578613,0.18990552425384521,-887.8480224609375,-894.055419921875,-868.1210327148438,860.091796875,866.5025634765625,839.5691528320312,869.5869140625,876.0,849.0,876.0,906.0,30.0,3.3112582781456954,96.6887417218543,0,8899,0,813,5.348188877105713,5.091218948364258,5.979851722717285,0.9976346492767334,0.9644829630851746,0.9999669790267944,0.17937105894088745,0.9327784776687622,3.944809913635254,0.9999998211860657,311.0602331161499,311.06023502349854
G19,adam,auto,0,1622,1622,10.597480773925781,0.18940573930740356,-887.7755737304688,-893.9834594726562,-868.0465698242188,860.139404296875,866.55029296875,839.6167602539062,869.5869140625,876.0,849.0,876.0,906.0,30.0,3.3112582781456954,96.6887417218543,0,8899,0,813,5.344699382781982,5.0879926681518555,5.97654390335083,0.997635543346405,0.9644842743873596,0.999967098236084,0.17906372249126434,0.9328277707099915,3.9443962574005127,0.9999997019767761,311.2509009838104,311.25090289115906
G19,adam,auto,0,1623,1623,10.625643730163574,0.1889060139656067,-887.7034301757812,-893.9117431640625,-867.9722290039062,860.18701171875,866.59814453125,839.662841796875,869.5869140625,876.0,849.0,876.0,906.0,30.0,3.3112582781456954,96.6887417218543,0,8899,0,813,5.341222763061523,5.0847625732421875,5.973256587982178,0.9976364970207214,0.9644856452941895,0.9999672174453735,0.1787557750940323,0.9328767657279968,3.9366953372955322,0.9999997615814209,311.44069814682007,311.4407012462616
G19,adam,auto,0,1624,1624,10.653952598571777,0.18840622901916504,-887.6312866210938,-893.8402099609375,-867.8980102539062,860.234375,866.6444091796875,839.7122802734375,869.5869140625,876.0,849.0,876.0,906.0,30.0,3.3112582781456954,96.6887417218543,0,8899,0,813,5.337756156921387,5.081564903259277,5.9699835777282715,0.9976374506950378,0.9644869565963745,0.9999673366546631,0.17844802141189575,0.9329257011413574,3.9382781982421875,0.9999997615814209,311.6334390640259,311.6334419250488
G19,adam,auto,0,1625,1625,10.682416915893555,0.18790650367736816,-887.559326171875,-893.768798828125,-867.8240356445312,860.2816772460938,866.6925659179688,839.7564697265625,869.5869140625,876.0,849.0,876.0,906.0,30.0,3.3112582781456954,96.6887417218543,0,8899,0,813,5.334305286407471,5.078375816345215,5.96671199798584,0.9976383447647095,0.9644883871078491,0.9999673366546631,0.17814011871814728,0.9329744577407837,3.932504892349243,0.9999997019767761,311.8229651451111,311.82296800613403
G19,adam,auto,0,1626,1626,10.711030006408691,0.1874067187309265,-887.4874267578125,-893.6973266601562,-867.7499389648438,860.3289184570312,866.7386474609375,839.8062744140625,869.5869140625,876.0,849.0,876.0,906.0,30.0,3.3112582781456954,96.6887417218543,0,8899,0,813,5.330865859985352,5.0752058029174805,5.963452339172363,0.9976392388343811,0.964489758014679,0.9999674558639526,0.17783187329769135,0.9330232739448547,3.934234380722046,0.9999997615814209,312.0147490501404,312.01475191116333
G19,adam,auto,0,1627,1627,10.739799499511719,0.18690699338912964,-887.4155883789062,-893.6261596679688,-867.6762084960938,860.3759765625,866.7872314453125,839.8510131835938,869.5869140625,876.0,849.0,876.0,906.0,30.0,3.3112582781456954,96.6887417218543,0,8899,0,813,5.327438831329346,5.072047233581543,5.960210800170898,0.9976401329040527,0.964491069316864,0.9999675750732422,0.17752403020858765,0.9330716133117676,3.9293978214263916,0.9999997615814209,312.20618510246277,312.2061870098114
G19,adam,auto,0,1628,1628,10.768721580505371,0.18640726804733276,-887.343994140625,-893.5550537109375,-867.6023559570312,860.4229736328125,866.8345947265625,839.8984375,869.5869140625,876.0,849.0,876.0,906.0,30.0,3.3112582781456954,96.6887417218543,0,8899,0,813,5.3240251541137695,5.068902015686035,5.9569830894470215,0.9976410865783691,0.9644924998283386,0.9999676942825317,0.17721544206142426,0.9331201314926147,3.9291090965270996,0.9999998211860657,312.39655208587646,312.3965539932251
G19,adam,auto,0,1629,1629,10.797799110412598,0.1859074831008911,-887.2725830078125,-893.484130859375,-867.52880859375,860.4697875976562,866.8800659179688,839.9462890625,869.5869140625,876.0,849.0,876.0,906.0,30.0,3.3112582781456954,96.6887417218543,0,8899,0,813,5.320626258850098,5.065777778625488,5.95375394821167,0.9976419806480408,0.9644938111305237,0.9999676942825317,0.1769072413444519,0.9331682324409485,3.923560619354248,0.9999996423721313,312.5874812602997,312.5874831676483
G19,adam,auto,0,1630,1630,10.827038764953613,0.18540775775909424,-887.201171875,-893.4132690429688,-867.4553833007812,860.5164794921875,866.92626953125,839.9895629882812,869.5869140625,876.0,849.0,876.0,906.0,30.0,3.3112582781456954,96.6887417218543,0,8899,0,813,5.317237854003906,5.062657356262207,5.950552940368652,0.9976428747177124,0.9644953012466431,0.9999678134918213,0.17659878730773926,0.9332165122032166,3.9219326972961426,0.9999997615814209,312.77868008613586,312.7786819934845
G19,adam,auto,0,1631,1631,10.856432914733887,0.1849079728126526,-887.1298828125,-893.342529296875,-867.3818969726562,860.5631713867188,866.9727172851562,840.0407104492188,869.5869140625,876.0,849.0,876.0,906.0,30.0,3.3112582781456954,96.6887417218543,0,8899,0,813,5.313860893249512,5.059563159942627,5.947338581085205,0.997643768787384,0.9644967317581177,0.9999679327011108,0.1762898713350296,0.933264434337616,3.9194562435150146,0.9999997615814209,312.9703559875488,312.97035789489746
G19,adam,auto,0,1632,1632,10.885990142822266,0.1844082474708557,-887.0587768554688,-893.2718505859375,-867.3086547851562,860.609619140625,867.0196533203125,840.08154296875,869.5869140625,876.0,849.0,876.0,906.0,30.0,3.3112582781456954,96.6887417218543,0,8899,0,813,5.310498237609863,5.05647611618042,5.944165229797363,0.9976446628570557,0.9644980430603027,0.9999679327011108,0.17598176002502441,0.9333123564720154,3.916322946548462,0.9999997615814209,313.16067910194397,313.1606810092926
G19,adam,auto,0,1633,1633,10.915705680847168,0.18390852212905884,-886.98779296875,-893.201416015625,-867.235595703125,860.6561889648438,867.06591796875,840.1327514648438,869.5869140625,876.0,849.0,876.0,906.0,30.0,3.3112582781456954,96.6887417218543,0,8899,0,813,5.30714750289917,5.053401947021484,5.940977096557617,0.9976454973220825,0.9644994735717773,0.9999680519104004,0.175672248005867,0.9333600401878357,3.9143052101135254,0.9999997019767761,313.351939201355,313.3519411087036
G19,adam,auto,0,1634,1634,10.945587158203125,0.1834087371826172,-886.9168090820312,-893.1310424804688,-867.16259765625,860.7022705078125,867.1121215820312,840.1751098632812,869.5869140625,876.0,849.0,876.0,906.0,30.0,3.3112582781456954,96.6887417218543,0,8899,0,813,5.303807258605957,5.050341606140137,5.9378228187561035,0.9976465106010437,0.9645009636878967,0.9999681711196899,0.17536400258541107,0.933407723903656,3.9099526405334473,0.9999998211860657,313.5436820983887,313.5436840057373
G19,adam,auto,0,1635,1635,10.975629806518555,0.1829090118408203,-886.8461303710938,-893.060791015625,-867.089599609375,860.7485961914062,867.158447265625,840.22265625,869.5869140625,876.0,849.0,876.0,906.0,30.0,3.3112582781456954,96.6887417218543,0,8899,0,813,5.300479888916016,5.047298431396484,5.934667587280273,0.997647225856781,0.9645023941993713,0.9999682903289795,0.17505452036857605,0.9334551095962524,3.9096286296844482,0.9999997615814209,313.73508405685425,313.7350859642029
G19,adam,auto,0,1636,1636,11.005841255187988,0.18240922689437866,-886.775390625,-892.9906005859375,-867.0169067382812,860.7946166992188,867.205078125,840.2691650390625,869.5869140625,876.0,849.0,876.0,906.0,30.0,3.3112582781456954,96.6887417218543,0,8899,0,813,5.297165393829346,5.044274806976318,5.931526184082031,0.9976482391357422,0.964503824710846,0.9999682903289795,0.17474552989006042,0.9335026144981384,3.902730941772461,0.9999997019767761,313.92693614959717,313.9269390106201
G19,adam,auto,0,1637,1637,11.036215782165527,0.1819095015525818,-886.7048950195312,-892.9205932617188,-866.9443359375,860.840576171875,867.2506713867188,840.3125610351562,869.5869140625,876.0,849.0,876.0,906.0,30.0,3.3112582781456954,96.6887417218543,0,8899,0,813,5.2938618659973145,5.041262626647949,5.928399085998535,0.997649073600769,0.964505136013031,0.999968409538269,0.1744365245103836,0.933549702167511,3.903524875640869,0.9999998211860657,314.1157741546631,314.11577701568604
G19,adam,auto,0,1638,1638,11.06676197052002,0.1814097762107849,-886.6343994140625,-892.8507080078125,-866.8718872070312,860.8864135742188,867.2958374023438,840.361328125,869.5869140625,876.0,849.0,876.0,906.0,30.0,3.3112582781456954,96.6887417218543,0,8899,0,813,5.290569305419922,5.0382490158081055,5.925267219543457,0.9976498484611511,0.9645066857337952,0.9999685287475586,0.1741267591714859,0.9335969686508179,3.898318290710449,0.9999997615814209,314.30719804763794,314.3071999549866
G19,adam,auto,0,1639,1639,11.09747314453125,0.18090999126434326,-886.564208984375,-892.7809448242188,-866.7993774414062,860.93212890625,867.3421630859375,840.4036865234375,869.5869140625,876.0,849.0,876.0,906.0,30.0,3.3112582781456954,96.6887417218543,0,8899,0,813,5.287289619445801,5.035250663757324,5.9221649169921875,0.9976507425308228,0.9645081162452698,0.9999685287475586,0.17381782829761505,0.9336437582969666,3.901097297668457,0.9999998211860657,314.4978611469269,314.4978630542755
G19,adam,auto,0,1640,1640,11.1283597946167,0.1804102659225464,-886.4940185546875,-892.7113037109375,-866.7271118164062,860.977783203125,867.387451171875,840.4512939453125,869.5869140625,876.0,849.0,876.0,906.0,30.0,3.3112582781456954,96.6887417218543,0,8899,0,813,5.284021377563477,5.032280921936035,5.919060707092285,0.9976516962051392,0.9645096063613892,0.9999686479568481,0.17350780963897705,0.9336907267570496,3.8933534622192383,0.9999997615814209,314.68921303749084,314.6892149448395
G19,adam,auto,0,1641,1641,11.159415245056152,0.17991048097610474,-886.4240112304688,-892.6417846679688,-866.6549682617188,861.023193359375,867.4329833984375,840.4957275390625,869.5869140625,876.0,849.0,876.0,906.0,30.0,3.3112582781456954,96.6887417218543,0,8899,0,813,5.280765533447266,5.029311180114746,5.9159722328186035,0.9976524710655212,0.9645110368728638,0.9999687671661377,0.17319850623607635,0.9337373971939087,3.8931171894073486,0.9999998211860657,314.88028216362,314.8802852630615
G19,adam,auto,0,1642,1642,11.190644264221191,0.17941075563430786,-886.35400390625,-892.5723876953125,-866.5828857421875,861.068603515625,867.4781494140625,840.5399169921875,869.5869140625,876.0,849.0,876.0,906.0,30.0,3.3112582781456954,96.6887417218543,0,8899,0,813,5.277521133422852,5.026360034942627,5.912900924682617,0.9976533651351929,0.9645124673843384,0.9999688863754272,0.1728886067867279,0.9337838888168335,3.8844494819641113,0.9999996423721313,315.07174015045166,315.0717420578003
G19,adam,auto,0,1643,1643,11.222052574157715,0.178911030292511,-886.2843017578125,-892.5031127929688,-866.5109252929688,861.1138916015625,867.5236206054688,840.5874633789062,869.5869140625,876.0,849.0,876.0,906.0,30.0,3.3112582781456954,96.6887417218543,0,8899,0,813,5.274285316467285,5.023415565490723,5.909832954406738,0.9976542592048645,0.9645140171051025,0.9999688863754272,0.1725788116455078,0.9338303804397583,3.8887290954589844,0.9999997019767761,315.2610650062561,315.26106810569763
G19,adam,auto,0,1644,1644,11.253634452819824,0.17841124534606934,-886.214599609375,-892.4339599609375,-866.439208984375,861.1591186523438,867.56884765625,840.628662109375,869.5869140625,876.0,849.0,876.0,906.0,30.0,3.3112582781456954,96.6887417218543,0,8899,0,813,5.271063327789307,5.02047872543335,5.9067792892456055,0.9976550340652466,0.9645154476165771,0.9999690055847168,0.17226876318454742,0.933876633644104,3.884568929672241,0.9999997615814209,315.45332407951355,315.4533259868622
G19,adam,auto,0,1645,1645,11.28539752960205,0.17791152000427246,-886.14501953125,-892.3649291992188,-866.3674926757812,861.2042236328125,867.6142578125,840.6778564453125,869.5869140625,876.0,849.0,876.0,906.0,30.0,3.3112582781456954,96.6887417218543,0,8899,0,813,5.267852306365967,5.0175700187683105,5.903724670410156,0.9976559281349182,0.9645168781280518,0.9999691247940063,0.1719588190317154,0.9339228868484497,3.8856778144836426,0.9999998211860657,315.64526414871216,315.6452672481537
G19,adam,auto,0,1646,1646,11.317337036132812,0.1774117350578308,-886.0756225585938,-892.2960815429688,-866.2958984375,861.2490844726562,867.6586303710938,840.718017578125,869.5869140625,876.0,849.0,876.0,906.0,30.0,3.3112582781456954,96.6887417218543,0,8899,0,813,5.264651775360107,5.014654159545898,5.90069055557251,0.9976568222045898,0.9645184278488159,0.9999691247940063,0.17164844274520874,0.9339689612388611,3.877329111099243,0.9999997615814209,315.8371992111206,315.83720111846924
G19,adam,auto,0,1647,1647,11.349461555480957,0.17691200971603394,-886.0062866210938,-892.227294921875,-866.2244873046875,861.2938842773438,867.7042236328125,840.7664184570312,869.5869140625,876.0,849.0,876.0,906.0,30.0,3.3112582781456954,96.6887417218543,0,8899,0,813,5.261462211608887,5.0117692947387695,5.8976616859436035,0.9976575970649719,0.9645200371742249,0.9999692440032959,0.17133846879005432,0.9340147972106934,3.8781216144561768,0.9999997615814209,316.02695298194885,316.0269548892975
G19,adam,auto,0,1648,1648,11.38176441192627,0.17641222476959229,-885.9370727539062,-892.1586303710938,-866.1531372070312,861.338623046875,867.74853515625,840.8084716796875,869.5869140625,876.0,849.0,876.0,906.0,30.0,3.3112582781456954,96.6887417218543,0,8899,0,813,5.258284568786621,5.008882522583008,5.894643783569336,0.9976584315299988,0.9645214676856995,0.9999693632125854,0.17102773487567902,0.9340606331825256,3.874258518218994,0.9999997019767761,316.2195520401001,316.21955394744873
G19,adam,auto,0,1649,1649,11.41425609588623,0.1759124994277954,-885.8679809570312,-892.090087890625,-866.08203125,861.3831787109375,867.7929077148438,840.853515625,869.5869140625,876.0,849.0,876.0,906.0,30.0,3.3112582781456954,96.6887417218543,0,8899,0,813,5.255117416381836,5.006014823913574,5.8916401863098145,0.9976593852043152,0.9645230174064636,0.9999693632125854,0.17071765661239624,0.9341062307357788,3.87420916557312,0.9999997615814209,316.40893602371216,316.4089379310608
G19,adam,auto,0,1650,1650,11.446929931640625,0.17541277408599854,-885.7991943359375,-892.021728515625,-866.0108642578125,861.4277954101562,867.8372192382812,840.89892578125,869.5869140625,876.0,849.0,876.0,906.0,30.0,3.3112582781456954,96.6887417218543,0,8899,0,813,5.251962661743164,5.0031561851501465,5.888641834259033,0.9976601004600525,0.9645245671272278,0.999969482421875,0.17040671408176422,0.934151828289032,3.869765520095825,0.9999998807907104,316.6004481315613,316.60045099258423
G19,adam,auto,0,1651,1651,11.479795455932617,0.17491298913955688,-885.7302856445312,-891.953369140625,-865.9401245117188,861.4721069335938,867.8822021484375,840.9402465820312,869.5869140625,876.0,849.0,876.0,906.0,30.0,3.3112582781456954,96.6887417218543,0,8899,0,813,5.248819351196289,5.000298500061035,5.885653495788574,0.9976609349250793,0.9645259976387024,0.9999696016311646,0.17009618878364563,0.9341971278190613,3.8668463230133057,0.9999997615814209,316.796528339386,316.7965302467346
G19,adam,auto,0,1652,1652,11.512845993041992,0.17441326379776,-885.66162109375,-891.8851928710938,-865.8692626953125,861.5164184570312,867.9262084960938,840.988525390625,869.5869140625,876.0,849.0,876.0,906.0,30.0,3.3112582781456954,96.6887417218543,0,8899,0,813,5.245686054229736,4.997474670410156,5.882681846618652,0.9976617693901062,0.9645275473594666,0.9999696016311646,0.16978546977043152,0.9342424273490906,3.865896463394165,0.9999998211860657,316.99025797843933,316.99026107788086
G19,adam,auto,0,1653,1653,11.54609203338623,0.17391347885131836,-885.593017578125,-891.817138671875,-865.798583984375,861.5606079101562,867.969970703125,841.027099609375,869.5869140625,876.0,849.0,876.0,906.0,30.0,3.3112582781456954,96.6887417218543,0,8899,0,813,5.2425618171691895,4.994638442993164,5.8797101974487305,0.9976626038551331,0.9645290970802307,0.9999697208404541,0.1694742739200592,0.9342876076698303,3.861462116241455,0.9999998211860657,317.18389201164246,317.1838939189911
G19,adam,auto,0,1654,1654,11.5795259475708,0.17341375350952148,-885.5247192382812,-891.7492065429688,-865.72802734375,861.6044921875,868.014404296875,841.0767211914062,869.5869140625,876.0,849.0,876.0,906.0,30.0,3.3112582781456954,96.6887417218543,0,8899,0,813,5.239447593688965,4.991827964782715,5.876751899719238,0.9976633787155151,0.9645306468009949,0.9999698400497437,0.169163778424263,0.9343324899673462,3.8614368438720703,0.9999997615814209,317.3741409778595,317.37414288520813
G19,adam,auto,0,1655,1655,11.613154411315918,0.1729140281677246,-885.456298828125,-891.681396484375,-865.6575927734375,861.6484985351562,868.0579223632812,841.114990234375,869.5869140625,876.0,849.0,876.0,906.0,30.0,3.3112582781456954,96.6887417218543,0,8899,0,813,5.236342906951904,4.989013195037842,5.873797416687012,0.9976642727851868,0.9645323157310486,0.9999698400497437,0.16885212063789368,0.9343774914741516,3.8549935817718506,0.9999997615814209,317.5642592906952,317.5642611980438
G19,adam,auto,0,1656,1656,11.646982192993164,0.17241424322128296,-885.3881225585938,-891.6137084960938,-865.5872802734375,861.6921997070312,868.1019287109375,841.16259765625,869.5869140625,876.0,849.0,876.0,906.0,30.0,3.3112582781456954,96.6887417218543,0,8899,0,813,5.233250141143799,4.986225605010986,5.870863914489746,0.9976649880409241,0.9645338654518127,0.9999699592590332,0.16854140162467957,0.9344221353530884,3.8566362857818604,0.9999997019767761,317.7562210559845,317.75622296333313
G19,adam,auto,0,1657,1657,11.681004524230957,0.17191451787948608,-885.3200073242188,-891.5462036132812,-865.51708984375,861.7360229492188,868.145751953125,841.2039794921875,869.5869140625,876.0,849.0,876.0,906.0,30.0,3.3112582781456954,96.6887417218543,0,8899,0,813,5.230167388916016,4.983437538146973,5.867937088012695,0.9976658225059509,0.9645354151725769,0.9999700784683228,0.16822977364063263,0.9344667196273804,3.8510382175445557,0.9999998211860657,317.94792127609253,317.94792318344116
G19,adam,auto,0,1658,1658,11.715229034423828,0.17141473293304443,-885.2520141601562,-891.478759765625,-865.447021484375,861.7794799804688,868.1892700195312,841.2471923828125,869.5869140625,876.0,849.0,876.0,906.0,30.0,3.3112582781456954,96.6887417218543,0,8899,0,813,5.227095127105713,4.980653762817383,5.8650078773498535,0.997666597366333,0.9645369648933411,0.9999700784683228,0.16791850328445435,0.9345112442970276,3.853694200515747,0.9999997615814209,318.13857316970825,318.1385750770569
G19,adam,auto,0,1659,1659,11.749651908874512,0.17091500759124756,-885.1842041015625,-891.4114379882812,-865.3770751953125,861.822998046875,868.2326049804688,841.2924194335938,869.5869140625,876.0,849.0,876.0,906.0,30.0,3.3112582781456954,96.6887417218543,0,8899,0,813,5.224032402038574,4.977890491485596,5.86208963394165,0.9976674914360046,0.9645386338233948,0.9999701976776123,0.16760706901550293,0.9345554709434509,3.84712290763855,0.9999997019767761,318.32978320121765,318.3297851085663
G19,adam,auto,0,1660,1660,11.784280776977539,0.17041528224945068,-885.1165161132812,-891.3442993164062,-865.3071899414062,861.8662719726562,868.2767333984375,841.3323974609375,869.5869140625,876.0,849.0,876.0,906.0,30.0,3.3112582781456954,96.6887417218543,0,8899,0,813,5.220982074737549,4.975139141082764,5.85919189453125,0.9976682662963867,0.9645401835441589,0.9999703168869019,0.16729530692100525,0.934599757194519,3.846961259841919,0.9999997019767761,318.5216631889343,318.52166509628296
G19,adam,auto,0,1661,1661,11.819110870361328,0.16991549730300903,-885.0490112304688,-891.2771606445312,-865.237548828125,861.9096069335938,868.3194580078125,841.3785400390625,869.5869140625,876.0,849.0,876.0,906.0,30.0,3.3112582781456954,96.6887417218543,0,8899,0,813,5.2179388999938965,4.97239351272583,5.856307029724121,0.9976691007614136,0.9645418524742126,0.9999703168869019,0.16698363423347473,0.9346438050270081,3.8408899307250977,0.9999998211860657,318.7107791900635,318.7107810974121
G19,adam,auto,0,1662,1662,11.854151725769043,0.16941577196121216,-884.9813842773438,-891.2102661132812,-865.1679077148438,861.9526977539062,868.3629760742188,841.4190673828125,869.5869140625,876.0,849.0,876.0,906.0,30.0,3.3112582781456954,96.6887417218543,0,8899,0,813,5.214905738830566,4.969651222229004,5.853407382965088,0.9976698756217957,0.9645434021949768,0.9999704360961914,0.1666719615459442,0.9346877336502075,3.8419289588928223,0.9999997615814209,318.90361309051514,318.9036159515381
G19,adam,auto,0,1663,1663,11.889395713806152,0.1689159870147705,-884.9141845703125,-891.1434326171875,-865.0985107421875,861.9957885742188,868.40576171875,841.4629516601562,869.5869140625,876.0,849.0,876.0,906.0,30.0,3.3112582781456954,96.6887417218543,0,8899,0,813,5.2118821144104,4.96693229675293,5.8505401611328125,0.9976706504821777,0.964544951915741,0.999970555305481,0.16635970771312714,0.9347316026687622,3.8367507457733154,0.9999997019767761,319.09595012664795,319.0959520339966
G19,adam,auto,0,1664,1664,11.92485523223877,0.16841626167297363,-884.846923828125,-891.0767822265625,-865.0291137695312,862.0385131835938,868.45068359375,841.5056762695312,869.5869140625,876.0,849.0,876.0,906.0,30.0,3.3112582781456954,96.6887417218543,0,8899,0,813,5.208868980407715,4.964205741882324,5.847671985626221,0.9976714253425598,0.9645466208457947,0.999970555305481,0.16604818403720856,0.9347751140594482,3.836061477661133,0.9999998211860657,319.2857789993286,319.28578090667725
G19,adam,auto,0,1665,1665,11.960522651672363,0.16791647672653198,-884.77978515625,-891.0101318359375,-864.9598999023438,862.0814208984375,868.4905395507812,841.5472412109375,869.5869140625,876.0,849.0,876.0,906.0,30.0,3.3112582781456954,96.6887417218543,0,8899,0,813,5.20586633682251,4.961491107940674,5.844808578491211,0.9976722598075867,0.9645481705665588,0.9999706745147705,0.16573543846607208,0.9348187446594238,3.8322854042053223,0.9999996423721313,319.47661209106445,319.476615190506
G19,adam,auto,0,1666,1666,11.996407508850098,0.1674167513847351,-884.712890625,-890.9436645507812,-864.8907470703125,862.1240234375,868.5341796875,841.5909423828125,869.5869140625,876.0,849.0,876.0,906.0,30.0,3.3112582781456954,96.6887417218543,0,8899,0,813,5.202874183654785,4.958798408508301,5.8419647216796875,0.997672975063324,0.9645498394966125,0.9999707937240601,0.1654238998889923,0.9348621368408203,3.8307430744171143,0.9999998211860657,319.66654229164124,319.66654419898987
G19,adam,auto,0,1667,1667,12.03250503540039,0.16691702604293823,-884.64599609375,-890.8773803710938,-864.8218994140625,862.1666259765625,868.5758056640625,841.632080078125,869.5869140625,876.0,849.0,876.0,906.0,30.0,3.3112582781456954,96.6887417218543,0,8899,0,813,5.19989013671875,4.956101894378662,5.839118003845215,0.997673749923706,0.9645513892173767,0.9999707937240601,0.16511105000972748,0.934905469417572,3.828638792037964,0.9999997019767761,319.8570041656494,319.85700607299805
G19,adam,auto,0,1668,1668,12.068819046020508,0.16641724109649658,-884.5792846679688,-890.8112182617188,-864.7530517578125,862.208984375,868.6182861328125,841.6751708984375,869.5869140625,876.0,849.0,876.0,906.0,30.0,3.3112582781456954,96.6887417218543,0,8899,0,813,5.196915626525879,4.953419208526611,5.836289405822754,0.9976746439933777,0.9645530581474304,0.9999709129333496,0.16479887068271637,0.9349486231803894,3.825639009475708,0.9999998211860657,320.04759216308594,320.04759407043457
G19,adam,auto,0,1669,1669,12.105359077453613,0.1659175157546997,-884.5126953125,-890.7451782226562,-864.684326171875,862.2512817382812,868.6608276367188,841.7166137695312,869.5869140625,876.0,849.0,876.0,906.0,30.0,3.3112582781456954,96.6887417218543,0,8899,0,813,5.193951606750488,4.950741767883301,5.833467483520508,0.997675359249115,0.9645547270774841,0.9999709129333496,0.16448642313480377,0.9349915981292725,3.825686454772949,0.9999997019767761,320.2380700111389,320.23807191848755
G19,adam,auto,0,1670,1670,12.142115592956543,0.16541773080825806,-884.4462280273438,-890.67919921875,-864.6156616210938,862.2935791015625,868.702880859375,841.7589111328125,869.5869140625,876.0,849.0,876.0,906.0,30.0,3.3112582781456954,96.6887417218543,0,8899,0,813,5.190995216369629,4.948081016540527,5.8306474685668945,0.9976761341094971,0.9645563960075378,0.9999710321426392,0.1641734540462494,0.935034453868866,3.8213553428649902,0.9999997615814209,320.42989015579224,320.42989206314087
G19,adam,auto,0,1671,1671,12.179100036621094,0.16491800546646118,-884.3798217773438,-890.6133422851562,-864.5471801757812,862.3355712890625,868.74462890625,841.8004760742188,869.5869140625,876.0,849.0,876.0,906.0,30.0,3.3112582781456954,96.6887417218543,0,8899,0,813,5.188047885894775,4.9454193115234375,5.8278398513793945,0.9976769089698792,0.9645580649375916,0.9999711513519287,0.1638612598180771,0.9350771903991699,3.820641279220581,0.9999997615814209,320.6225543022156,320.6225562095642
G19,adam,auto,0,1672,1672,12.216306686401367,0.1644182801246643,-884.3135986328125,-890.547607421875,-864.4788208007812,862.3776245117188,868.7874755859375,841.8424682617188,869.5869140625,876.0,849.0,876.0,906.0,30.0,3.3112582781456954,96.6887417218543,0,8899,0,813,5.1851115226745605,4.942775249481201,5.8250346183776855,0.9976776242256165,0.9645597338676453,0.9999711513519287,0.16354790329933167,0.9351198673248291,3.814314365386963,0.9999998211860657,320.8181052207947,320.8181071281433
G19,adam,auto,0,1673,1673,12.253746032714844,0.16391849517822266,-884.2476196289062,-890.4820556640625,-864.4105834960938,862.4193725585938,868.8287963867188,841.8837890625,869.5869140625,876.0,849.0,876.0,906.0,30.0,3.3112582781456954,96.6887417218543,0,8899,0,813,5.182181358337402,4.940127372741699,5.822242259979248,0.9976783990859985,0.964561402797699,0.9999712705612183,0.16323533654212952,0.9351622462272644,3.8151140213012695,0.9999997615814209,321.0085201263428,321.0085220336914
G19,adam,auto,0,1674,1674,12.291410446166992,0.16341876983642578,-884.1815795898438,-890.4166259765625,-864.342529296875,862.461181640625,868.87158203125,841.9254150390625,869.5869140625,876.0,849.0,876.0,906.0,30.0,3.3112582781456954,96.6887417218543,0,8899,0,813,5.179260730743408,4.937488555908203,5.819464683532715,0.9976792335510254,0.9645630121231079,0.9999713897705078,0.1629222184419632,0.9352046251296997,3.8112144470214844,0.9999997615814209,321.1994309425354,321.19943284988403
G19,adam,auto,0,1675,1675,12.329312324523926,0.16291898488998413,-884.1157836914062,-890.3511962890625,-864.2744140625,862.5028076171875,868.911865234375,841.9669189453125,869.5869140625,876.0,849.0,876.0,906.0,30.0,3.3112582781456954,96.6887417218543,0,8899,0,813,5.176350116729736,4.934876441955566,5.816681861877441,0.9976799488067627,0.9645646810531616,0.9999713897705078,0.16260896623134613,0.9352468252182007,3.8129093647003174,0.9999997019767761,321.3902611732483,321.3902630805969
G19,adam,auto,0,1676,1676,12.367443084716797,0.16241925954818726,-884.0499877929688,-890.2860717773438,-864.20654296875,862.544189453125,868.9539794921875,842.0074462890625,869.5869140625,876.0,849.0,876.0,906.0,30.0,3.3112582781456954,96.6887417218543,0,8899,0,813,5.173449516296387,4.932249069213867,5.8139190673828125,0.9976807236671448,0.9645663499832153,0.9999715089797974,0.16229604184627533,0.9352888464927673,3.807631254196167,0.9999997615814209,321.5813293457031,321.58133125305176
G19,adam,auto,0,1677,1677,12.405816078186035,0.16191953420639038,-883.984375,-890.2210083007812,-864.1387939453125,862.5855712890625,868.9949951171875,842.0501708984375,869.5869140625,876.0,849.0,876.0,906.0,30.0,3.3112582781456954,96.6887417218543,0,8899,0,813,5.17055606842041,4.929640769958496,5.811156749725342,0.9976814985275269,0.9645681381225586,0.9999715089797974,0.1619824320077896,0.9353308081626892,3.807802200317383,0.9999998211860657,321.7723300457001,321.772332906723
G19,adam,auto,0,1678,1678,12.444422721862793,0.16141974925994873,-883.9188842773438,-890.156005859375,-864.0712280273438,862.6270141601562,869.0359497070312,842.0888671875,869.5869140625,876.0,849.0,876.0,906.0,30.0,3.3112582781456954,96.6887417218543,0,8899,0,813,5.167672157287598,4.927028656005859,5.808409690856934,0.9976822733879089,0.9645698070526123,0.9999716281890869,0.16166914999485016,0.9353726506233215,3.8020644187927246,0.9999997615814209,321.9651801586151,321.96518206596375
G19,adam,auto,0,1679,1679,12.483275413513184,0.16092002391815186,-883.8535766601562,-890.0911865234375,-864.0037231445312,862.6680908203125,869.077392578125,842.132568359375,869.5869140625,876.0,849.0,876.0,906.0,30.0,3.3112582781456954,96.6887417218543,0,8899,0,813,5.164795875549316,4.924437522888184,5.805670261383057,0.9976829886436462,0.964571475982666,0.9999717473983765,0.16135570406913757,0.9354142546653748,3.802593469619751,0.9999997019767761,322.1554811000824,322.15548300743103
G19,adam,auto,0,1680,1680,12.522366523742676,0.1604202389717102,-883.788330078125,-890.0264892578125,-863.9363403320312,862.709228515625,869.1187744140625,842.1705322265625,869.5869140625,876.0,849.0,876.0,906.0,30.0,3.3112582781456954,96.6887417218543,0,8899,0,813,5.161931037902832,4.921847343444824,5.802927494049072,0.9976837635040283,0.9645732641220093,0.9999717473983765,0.16104181110858917,0.935455858707428,3.795867681503296,0.9999997019767761,322.3479702472687,322.3479721546173
G19,adam,auto,0,1681,1681,12.561702728271484,0.15992051362991333,-883.7232055664062,-889.9618530273438,-863.869140625,862.75,869.1604614257812,842.2135620117188,869.5869140625,876.0,849.0,876.0,906.0,30.0,3.3112582781456954,96.6887417218543,0,8899,0,813,5.1590728759765625,4.919268608093262,5.800200462341309,0.9976845383644104,0.9645749926567078,0.999971866607666,0.1607285439968109,0.9354971051216125,3.7975540161132812,0.9999997615814209,322.53801822662354,322.53802013397217
G19,adam,auto,0,1682,1682,12.601292610168457,0.15942072868347168,-883.658203125,-889.8973999023438,-863.802001953125,862.7908935546875,869.2000732421875,842.2526245117188,869.5869140625,876.0,849.0,876.0,906.0,30.0,3.3112582781456954,96.6887417218543,0,8899,0,813,5.156223297119141,4.916692733764648,5.797478199005127,0.9976852536201477,0.964576780796051,0.999971866607666,0.16041412949562073,0.9355384707450867,3.792478561401367,0.9999997615814209,322.72995829582214,322.7299609184265
G19,adam,auto,0,1683,1683,12.641127586364746,0.1589210033416748,-883.5933837890625,-889.8330688476562,-863.7349853515625,862.8316040039062,869.2415771484375,842.2935791015625,869.5869140625,876.0,849.0,876.0,906.0,30.0,3.3112582781456954,96.6887417218543,0,8899,0,813,5.153382778167725,4.91413688659668,5.794768333435059,0.9976860880851746,0.9645785689353943,0.9999719858169556,0.16010093688964844,0.9355794787406921,3.79449725151062,0.9999997615814209,322.9204411506653,322.9204430580139
G19,adam,auto,0,1684,1684,12.681220054626465,0.15842127799987793,-883.5286254882812,-889.768798828125,-863.6680908203125,862.8721923828125,869.2811279296875,842.3340454101562,869.5869140625,876.0,849.0,876.0,906.0,30.0,3.3112582781456954,96.6887417218543,0,8899,0,813,5.150550842285156,4.91158390045166,5.792060852050781,0.9976868033409119,0.964580237865448,0.9999721050262451,0.15978620946407318,0.9356206059455872,3.7874138355255127,0.9999997019767761,323.1127071380615,323.11270904541016
G19,adam,auto,0,1685,1685,12.721562385559082,0.15792149305343628,-883.4639892578125,-889.7047729492188,-863.6012573242188,862.91259765625,869.3218994140625,842.3740234375,869.5869140625,876.0,849.0,876.0,906.0,30.0,3.3112582781456954,96.6887417218543,0,8899,0,813,5.147727966308594,4.909022808074951,5.789374828338623,0.9976875185966492,0.9645821452140808,0.9999721050262451,0.15947271883487701,0.9356613755226135,3.7886688709259033,0.9999998211860657,323.30328607559204,323.3032879829407
G19,adam,auto,0,1686,1686,12.762167930603027,0.1574217677116394,-883.3995971679688,-889.640869140625,-863.5347900390625,862.9530029296875,869.3629760742188,842.4139404296875,869.5869140625,876.0,849.0,876.0,906.0,30.0,3.3112582781456954,96.6887417218543,0,8899,0,813,5.1449127197265625,4.906484603881836,5.78668212890625,0.9976882338523865,0.9645838737487793,0.9999722242355347,0.15915806591510773,0.9357021450996399,3.7838616371154785,0.9999997019767761,323.4939441680908,323.49394607543945
G19,adam,auto,0,1687,1687,12.803028106689453,0.15692198276519775,-883.335205078125,-889.5769653320312,-863.4682006835938,862.9932250976562,869.40185546875,842.454833984375,869.5869140625,876.0,849.0,876.0,906.0,30.0,3.3112582781456954,96.6887417218543,0,8899,0,813,5.142105579376221,4.903948783874512,5.784000396728516,0.9976890683174133,0.9645856618881226,0.9999722242355347,0.158843994140625,0.9357427358627319,3.7845754623413086,0.9999997615814209,323.6858460903168,323.6858489513397
G19,adam,auto,0,1688,1688,12.844155311584473,0.15642225742340088,-883.2708740234375,-889.51318359375,-863.4017333984375,863.0333251953125,869.4427490234375,842.492919921875,869.5869140625,876.0,849.0,876.0,906.0,30.0,3.3112582781456954,96.6887417218543,0,8899,0,813,5.139306545257568,4.9014177322387695,5.78132438659668,0.9976897239685059,0.9645874500274658,0.9999723434448242,0.15852952003479004,0.9357832670211792,3.779144763946533,0.9999996423721313,323.87668013572693,323.8766829967499
G19,adam,auto,0,1689,1689,12.885543823242188,0.155922532081604,-883.206787109375,-889.4496459960938,-863.3355712890625,863.0733032226562,869.4827880859375,842.5349731445312,869.5869140625,876.0,849.0,876.0,906.0,30.0,3.3112582781456954,96.6887417218543,0,8899,0,813,5.13651704788208,4.898888111114502,5.778656959533691,0.9976904988288879,0.9645892381668091,0.9999723434448242,0.15821506083011627,0.9358235001564026,3.778890609741211,0.9999997615814209,324.06721019744873,324.0672130584717
G19,adam,auto,0,1690,1690,12.927204132080078,0.15542274713516235,-883.142822265625,-889.3861694335938,-863.2694091796875,863.1132202148438,869.5225830078125,842.572509765625,869.5869140625,876.0,849.0,876.0,906.0,30.0,3.3112582781456954,96.6887417218543,0,8899,0,813,5.1337361335754395,4.896378517150879,5.775993347167969,0.99769127368927,0.9645910859107971,0.9999724626541138,0.1579003483057022,0.935863733291626,3.7755424976348877,0.9999997615814209,324.2573173046112,324.25731921195984
G19,adam,auto,0,1691,1691,12.96912956237793,0.15492302179336548,-883.0789794921875,-889.3228149414062,-863.2034301757812,863.1530151367188,869.5620727539062,842.6132202148438,869.5869140625,876.0,849.0,876.0,906.0,30.0,3.3112582781456954,96.6887417218543,0,8899,0,813,5.130962371826172,4.893859386444092,5.773349761962891,0.9976919889450073,0.9645928740501404,0.9999725818634033,0.15758590400218964,0.9359036684036255,3.7761952877044678,0.9999996423721313,324.44758105278015,324.4475839138031
G19,adam,auto,0,1692,1692,13.011332511901855,0.15442323684692383,-883.0151977539062,-889.2595825195312,-863.137451171875,863.192626953125,869.6024169921875,842.6528930664062,869.5869140625,876.0,849.0,876.0,906.0,30.0,3.3112582781456954,96.6887417218543,0,8899,0,813,5.1281962394714355,4.891363143920898,5.770700454711914,0.9976927638053894,0.9645947813987732,0.9999725818634033,0.15727068483829498,0.935943603515625,3.7715065479278564,0.9999997615814209,324.63854908943176,324.6385509967804
G19,adam,auto,0,1693,1693,13.053807258605957,0.15392351150512695,-882.9515991210938,-889.196533203125,-863.0717163085938,863.2321166992188,869.6416015625,842.6900634765625,869.5869140625,876.0,849.0,876.0,906.0,30.0,3.3112582781456954,96.6887417218543,0,8899,0,813,5.125438213348389,4.888873100280762,5.768068313598633,0.9976933598518372,0.9645966291427612,0.9999727010726929,0.15695635974407196,0.935983419418335,3.7710068225860596,0.9999997615814209,324.8299059867859,324.8299078941345
G19,adam,auto,0,1694,1694,13.096558570861816,0.15342378616333008,-882.8880004882812,-889.133544921875,-863.006103515625,863.2716064453125,869.6808471679688,842.7330322265625,869.5869140625,876.0,849.0,876.0,906.0,30.0,3.3112582781456954,96.6887417218543,0,8899,0,813,5.122689723968506,4.886369228363037,5.765432357788086,0.9976941347122192,0.964598536491394,0.9999727010726929,0.15664084255695343,0.9360230565071106,3.767584800720215,0.9999998211860657,325.02174520492554,325.02174711227417
G19,adam,auto,0,1695,1695,13.139596939086914,0.15292400121688843,-882.82470703125,-889.0707397460938,-862.9406127929688,863.310791015625,869.7205810546875,842.7671508789062,869.5869140625,876.0,849.0,876.0,906.0,30.0,3.3112582781456954,96.6887417218543,0,8899,0,813,5.119948387145996,4.88389778137207,5.762813568115234,0.9976948499679565,0.9646003246307373,0.9999728202819824,0.15632615983486176,0.9360625743865967,3.766103982925415,0.9999997615814209,325.2118253707886,325.2118272781372
G19,adam,auto,0,1696,1696,13.182913780212402,0.15242427587509155,-882.761474609375,-889.0079956054688,-862.8751831054688,863.3499755859375,869.7593994140625,842.811279296875,869.5869140625,876.0,849.0,876.0,906.0,30.0,3.3112582781456954,96.6887417218543,0,8899,0,813,5.117214679718018,4.881414413452148,5.760195255279541,0.9976956248283386,0.9646021723747253,0.9999728202819824,0.15601077675819397,0.9361018538475037,3.7620110511779785,0.9999996423721313,325.4035532474518,325.4035551548004
G19,adam,auto,0,1697,1697,13.226522445678711,0.1519244909286499,-882.6984252929688,-888.9453735351562,-862.8099365234375,863.3890991210938,869.7987670898438,842.845703125,869.5869140625,876.0,849.0,876.0,906.0,30.0,3.3112582781456954,96.6887417218543,0,8899,0,813,5.114488124847412,4.878941535949707,5.757588863372803,0.9976963996887207,0.9646041989326477,0.999972939491272,0.15569549798965454,0.9361411333084106,3.7615442276000977,0.9999997019767761,325.5940592288971,325.5940611362457
G19,adam,auto,0,1698,1698,13.270415306091309,0.15142476558685303,-882.6353759765625,-888.8828735351562,-862.7447509765625,863.427978515625,869.837158203125,842.8868408203125,869.5869140625,876.0,849.0,876.0,906.0,30.0,3.3112582781456954,96.6887417218543,0,8899,0,813,5.111770153045654,4.876484394073486,5.754979133605957,0.9976970553398132,0.9646060466766357,0.9999730587005615,0.15538030862808228,0.9361801743507385,3.7603204250335693,0.9999996423721313,325.7853572368622,325.7853591442108
G19,adam,auto,0,1699,1699,13.314606666564941,0.15092498064041138,-882.5725708007812,-888.820556640625,-862.6796875,863.466796875,869.8764038085938,842.9255981445312,869.5869140625,876.0,849.0,876.0,906.0,30.0,3.3112582781456954,96.6887417218543,0,8899,0,813,5.109060764312744,4.874019622802734,5.752387046813965,0.9976977705955505,0.9646079540252686,0.9999730587005615,0.15506447851657867,0.9362192749977112,3.7576229572296143,0.9999998211860657,325.97676515579224,325.97676706314087
G19,adam,auto,0,1700,1700,13.359086990356445,0.1504252552986145,-882.5098266601562,-888.7583618164062,-862.6148681640625,863.5054931640625,869.9152221679688,842.961181640625,869.5869140625,876.0,849.0,876.0,906.0,30.0,3.3112582781456954,96.6887417218543,0,8899,0,813,5.106357574462891,4.871567726135254,5.749806880950928,0.9976984858512878,0.9646098613739014,0.9999731779098511,0.15474943816661835,0.9362578988075256,3.7548766136169434,0.9999996423721313,326.16726207733154,326.1672639846802
G19,adam,auto,0,1701,1701,13.403870582580566,0.14992552995681763,-882.4472045898438,-888.6962890625,-862.5501708984375,863.544189453125,869.9539794921875,843.0047607421875,869.5869140625,876.0,849.0,876.0,906.0,30.0,3.3112582781456954,96.6887417218543,0,8899,0,813,5.103664875030518,4.869132041931152,5.747216701507568,0.9976992607116699,0.964611828327179,0.9999731779098511,0.1544332653284073,0.9362966418266296,3.751441717147827,0.9999997615814209,326.3623721599579,326.36237502098083
G19,adam,auto,0,1702,1702,13.44895076751709,0.14942574501037598,-882.3847045898438,-888.63427734375,-862.4854736328125,863.5825805664062,869.9921264648438,843.0363159179688,869.5869140625,876.0,849.0,876.0,906.0,30.0,3.3112582781456954,96.6887417218543,0,8899,0,813,5.100977420806885,4.866677761077881,5.744648456573486,0.9976999163627625,0.9646137356758118,0.9999732971191406,0.1541179120540619,0.9363352060317993,3.7508301734924316,0.9999997019767761,326.5570900440216,326.55709195137024
G19,adam,auto,0,1703,1703,13.494339942932129,0.1489260196685791,-882.3223876953125,-888.5724487304688,-862.4208984375,863.6209716796875,870.0308837890625,843.0812377929688,869.5869140625,876.0,849.0,876.0,906.0,30.0,3.3112582781456954,96.6887417218543,0,8899,0,813,5.098297595977783,4.864246368408203,5.74207878112793,0.9977006316184998,0.9646157026290894,0.9999732971191406,0.15380185842514038,0.9363736510276794,3.747506618499756,0.9999997019767761,326.7495861053467,326.7495880126953
G19,adam,auto,0,1704,1704,13.540031433105469,0.14842623472213745,-882.2600708007812,-888.5108032226562,-862.3564453125,863.6591796875,870.0692138671875,843.1134033203125,869.5869140625,876.0,849.0,876.0,906.0,30.0,3.3112582781456954,96.6887417218543,0,8899,0,813,5.0956244468688965,4.861815452575684,5.739519119262695,0.9977013468742371,0.9646177291870117,0.9999734163284302,0.15348589420318604,0.9364118576049805,3.7480177879333496,0.9999996423721313,326.93895721435547,326.9389591217041
G19,adam,auto,0,1705,1705,13.586038589477539,0.14792650938034058,-882.197998046875,-888.4490966796875,-862.2922973632812,863.6973266601562,870.1068115234375,843.1552734375,869.5869140625,876.0,849.0,876.0,906.0,30.0,3.3112582781456954,96.6887417218543,0,8899,0,813,5.092960357666016,4.859392166137695,5.736970901489258,0.9977021217346191,0.9646196365356445,0.9999734163284302,0.1531701236963272,0.9364498853683472,3.7433438301086426,0.9999997615814209,327.13140511512756,327.1314082145691
G19,adam,auto,0,1706,1706,13.632354736328125,0.1474267840385437,-882.135986328125,-888.3876953125,-862.2280883789062,863.7352905273438,870.1451416015625,843.1912231445312,869.5869140625,876.0,849.0,876.0,906.0,30.0,3.3112582781456954,96.6887417218543,0,8899,0,813,5.090302467346191,4.856985092163086,5.734415054321289,0.9977027177810669,0.9646216034889221,0.9999735355377197,0.15285363793373108,0.9364879727363586,3.742119550704956,0.9999997019767761,327.32297825813293,327.32298016548157
G19,adam,auto,0,1707,1707,13.678986549377441,0.14692699909210205,-882.0740966796875,-888.3262939453125,-862.1640625,863.773193359375,870.1826171875,843.228515625,869.5869140625,876.0,849.0,876.0,906.0,30.0,3.3112582781456954,96.6887417218543,0,8899,0,813,5.087654113769531,4.854567527770996,5.731865406036377,0.997703492641449,0.9646236300468445,0.9999736547470093,0.15253770351409912,0.9365257620811462,3.739020347595215,0.9999997615814209,327.51413202285767,327.5141339302063
G19,adam,auto,0,1708,1708,13.725945472717285,0.14642727375030518,-882.0123901367188,-888.26513671875,-862.1001586914062,863.8109130859375,870.2208251953125,843.2681274414062,869.5869140625,876.0,849.0,876.0,906.0,30.0,3.3112582781456954,96.6887417218543,0,8899,0,813,5.085011959075928,4.852167129516602,5.729346752166748,0.9977042078971863,0.9646257162094116,0.9999736547470093,0.15222127735614777,0.9365634918212891,3.741151809692383,0.9999997019767761,327.70531010627747,327.7053120136261
G19,adam,auto,0,1709,1709,13.773221015930176,0.14592748880386353,-881.9508056640625,-888.2039794921875,-862.0364379882812,863.8485717773438,870.2586669921875,843.302490234375,869.5869140625,876.0,849.0,876.0,906.0,30.0,3.3112582781456954,96.6887417218543,0,8899,0,813,5.082377910614014,4.849753379821777,5.726813316345215,0.9977048635482788,0.9646276831626892,0.9999737739562988,0.15190468728542328,0.9366011023521423,3.7353250980377197,0.9999997019767761,327.8963761329651,327.8963780403137
G19,adam,auto,0,1710,1710,13.820830345153809,0.14542776346206665,-881.8892822265625,-888.14306640625,-861.9727783203125,863.885986328125,870.2959594726562,843.3428955078125,869.5869140625,876.0,849.0,876.0,906.0,30.0,3.3112582781456954,96.6887417218543,0,8899,0,813,5.079749584197998,4.847362518310547,5.724299430847168,0.9977056384086609,0.9646297097206116,0.9999737739562988,0.15158864855766296,0.9366384744644165,3.73393177986145,0.9999998211860657,328.0873873233795,328.08738923072815
G19,adam,auto,0,1711,1711,13.868762969970703,0.14492803812026978,-881.827880859375,-888.0822143554688,-861.9091796875,863.9235229492188,870.3331298828125,843.3775024414062,869.5869140625,876.0,849.0,876.0,906.0,30.0,3.3112582781456954,96.6887417218543,0,8899,0,813,5.077128887176514,4.844980239868164,5.721768379211426,0.9977062940597534,0.9646317958831787,0.9999738931655884,0.15127143263816833,0.9366757869720459,3.729663610458374,0.9999997019767761,328.2790882587433,328.2790901660919
G19,adam,auto,0,1712,1712,13.917035102844238,0.14442825317382812,-881.7667236328125,-888.021484375,-861.8457641601562,863.9608154296875,870.3706665039062,843.4159545898438,869.5869140625,876.0,849.0,876.0,906.0,30.0,3.3112582781456954,96.6887417218543,0,8899,0,813,5.074514865875244,4.842593669891357,5.719266891479492,0.9977070093154907,0.9646338224411011,0.9999738931655884,0.15095534920692444,0.9367128610610962,3.7318825721740723,0.9999997019767761,328.4694821834564,328.46948409080505
G19,adam,auto,0,1713,1713,13.965639114379883,0.14392852783203125,-881.7056274414062,-887.9609375,-861.7825317382812,863.9979858398438,870.4072875976562,843.452880859375,869.5869140625,876.0,849.0,876.0,906.0,30.0,3.3112582781456954,96.6887417218543,0,8899,0,813,5.071908950805664,4.840214252471924,5.716775417327881,0.9977076649665833,0.9646359086036682,0.9999740123748779,0.15063808858394623,0.9367499947547913,3.7273151874542236,0.9999997615814209,328.6607859134674,328.66078782081604
G19,adam,auto,0,1714,1714,14.0145902633667,0.1434287428855896,-881.6444702148438,-887.9004516601562,-861.7194213867188,864.0349731445312,870.4447021484375,843.4884033203125,869.5869140625,876.0,849.0,876.0,906.0,30.0,3.3112582781456954,96.6887417218543,0,8899,0,813,5.069310188293457,4.837857246398926,5.714272975921631,0.9977084994316101,0.9646379351615906,0.9999740123748779,0.15032145380973816,0.9367868900299072,3.7261149883270264,0.9999996423721313,328.85192131996155,328.8519232273102
G19,adam,auto,0,1715,1715,14.063879013061523,0.14292901754379272,-881.5838012695312,-887.840087890625,-861.6563720703125,864.072021484375,870.4814453125,843.5274047851562,869.5869140625,876.0,849.0,876.0,906.0,30.0,3.3112582781456954,96.6887417218543,0,8899,0,813,5.066718578338623,4.835472583770752,5.711774826049805,0.9977090954780579,0.9646400213241577,0.9999741315841675,0.15000450611114502,0.9368234872817993,3.7222483158111572,0.9999997019767761,329.0408251285553,329.04082703590393
G19,adam,auto,0,1716,1716,14.113521575927734,0.14242923259735107,-881.5230102539062,-887.7798461914062,-861.5933837890625,864.1088256835938,870.5182495117188,843.5609741210938,869.5869140625,876.0,849.0,876.0,906.0,30.0,3.3112582781456954,96.6887417218543,0,8899,0,813,5.064133167266846,4.833115577697754,5.709296226501465,0.9977097511291504,0.9646421074867249,0.9999741315841675,0.14968718588352203,0.936860203742981,3.7226321697235107,0.9999996423721313,329.23380303382874,329.23380494117737
G19,adam,auto,0,1717,1717,14.1635103225708,0.1419295072555542,-881.46240234375,-887.7197875976562,-861.5306396484375,864.1453857421875,870.554443359375,843.6005859375,869.5869140625,876.0,849.0,876.0,906.0,30.0,3.3112582781456954,96.6887417218543,0,8899,0,813,5.061554431915283,4.830760955810547,5.706818103790283,0.9977105259895325,0.9646442532539368,0.999974250793457,0.14937043190002441,0.9368966221809387,3.719078779220581,0.9999997615814209,329.42313408851624,329.42313599586487
G19,adam,auto,0,1718,1718,14.213860511779785,0.14142978191375732,-881.4019165039062,-887.6598510742188,-861.468017578125,864.1820068359375,870.5919189453125,843.634033203125,869.5869140625,876.0,849.0,876.0,906.0,30.0,3.3112582781456954,96.6887417218543,0,8899,0,813,5.05898380279541,4.828401565551758,5.704351902008057,0.9977112412452698,0.9646463394165039,0.999974250793457,0.14905278384685516,0.9369329810142517,3.7185463905334473,0.9999997615814209,329.61565113067627,329.6156542301178
G19,adam,auto,0,1719,1719,14.26456356048584,0.14092999696731567,-881.3416137695312,-887.6000366210938,-861.4054565429688,864.218505859375,870.6286010742188,843.6724853515625,869.5869140625,876.0,849.0,876.0,906.0,30.0,3.3112582781456954,96.6887417218543,0,8899,0,813,5.056419372558594,4.8260626792907715,5.701879501342773,0.9977118968963623,0.9646485447883606,0.9999743700027466,0.14873568713665009,0.9369691014289856,3.714655876159668,0.9999997019767761,329.80851006507874,329.80851197242737
G19,adam,auto,0,1720,1720,14.315629005432129,0.1404302716255188,-881.2811889648438,-887.5403442382812,-861.3430786132812,864.2548217773438,870.66455078125,843.7071533203125,869.5869140625,876.0,849.0,876.0,906.0,30.0,3.3112582781456954,96.6887417218543,0,8899,0,813,5.053861618041992,4.823724269866943,5.699432373046875,0.9977125525474548,0.9646506905555725,0.9999743700027466,0.14841824769973755,0.9370051622390747,3.7150750160217285,0.9999997615814209,330.0046191215515,330.00462102890015
G19,adam,auto,0,1721,1721,14.36706829071045,0.13993048667907715,-881.22119140625,-887.4807739257812,-861.2808837890625,864.2910766601562,870.7015380859375,843.7440185546875,869.5869140625,876.0,849.0,876.0,906.0,30.0,3.3112582781456954,96.6887417218543,0,8899,0,813,5.051311016082764,4.821381092071533,5.696972370147705,0.9977132678031921,0.9646527767181396,0.9999744892120361,0.14810046553611755,0.9370411038398743,3.711665630340576,0.9999998211860657,330.19374799728394,330.19374990463257
G19,adam,auto,0,1722,1722,14.418872833251953,0.13943076133728027,-881.1611938476562,-887.4212646484375,-861.2186889648438,864.3270874023438,870.7369384765625,843.779296875,869.5869140625,876.0,849.0,876.0,906.0,30.0,3.3112582781456954,96.6887417218543,0,8899,0,813,5.048768043518066,4.819058895111084,5.694519996643066,0.9977138638496399,0.9646549820899963,0.9999744892120361,0.1477833092212677,0.9370768070220947,3.711552143096924,0.9999997615814209,330.3860559463501,330.3860590457916
G19,adam,auto,0,1723,1723,14.471057891845703,0.1389310359954834,-881.1013793945312,-887.3619384765625,-861.1566162109375,864.3632202148438,870.7733154296875,843.8155517578125,869.5869140625,876.0,849.0,876.0,906.0,30.0,3.3112582781456954,96.6887417218543,0,8899,0,813,5.046231269836426,4.8167405128479,5.692083358764648,0.997714638710022,0.964657187461853,0.9999746084213257,0.1474650800228119,0.9371125102043152,3.706455945968628,0.9999997019767761,330.57924818992615,330.5792510509491
G19,adam,auto,0,1724,1724,14.523615837097168,0.13843125104904175,-881.0416259765625,-887.3027954101562,-861.0947265625,864.3989868164062,870.808837890625,843.850341796875,869.5869140625,876.0,849.0,876.0,906.0,30.0,3.3112582781456954,96.6887417218543,0,8899,0,813,5.043700218200684,4.814418792724609,5.689652442932129,0.9977152347564697,0.9646593332290649,0.9999746084213257,0.14714771509170532,0.9371479749679565,3.7061047554016113,0.9999998211860657,330.7707269191742,330.7707288265228
G19,adam,auto,0,1725,1725,14.576562881469727,0.13793152570724487,-880.9819946289062,-887.2437133789062,-861.032958984375,864.4346923828125,870.8443603515625,843.88720703125,869.5869140625,876.0,849.0,876.0,906.0,30.0,3.3112582781456954,96.6887417218543,0,8899,0,813,5.041176795959473,4.812106132507324,5.687217712402344,0.9977160096168518,0.9646615386009216,0.9999747276306152,0.14682956039905548,0.9371832609176636,3.703526020050049,0.9999997615814209,330.96500301361084,330.9650049209595
G19,adam,auto,0,1726,1726,14.629891395568848,0.13743174076080322,-880.922607421875,-887.1847534179688,-860.9713134765625,864.4703979492188,870.8800048828125,843.9207763671875,869.5869140625,876.0,849.0,876.0,906.0,30.0,3.3112582781456954,96.6887417218543,0,8899,0,813,5.038659572601318,4.809788703918457,5.684795379638672,0.9977166056632996,0.9646637439727783,0.9999747276306152,0.14651165902614594,0.9372184872627258,3.703636884689331,0.9999997615814209,331.1556990146637,331.15570092201233
G19,adam,auto,0,1727,1727,14.683618545532227,0.13693201541900635,-880.8632202148438,-887.1259765625,-860.9098510742188,864.5057983398438,870.91552734375,843.9580688476562,869.5869140625,876.0,849.0,876.0,906.0,30.0,3.3112582781456954,96.6887417218543,0,8899,0,813,5.0361480712890625,4.807486534118652,5.6823930740356445,0.9977173805236816,0.9646660685539246,0.9999748468399048,0.14619368314743042,0.9372535347938538,3.7013094425201416,0.9999997019767761,331.3468451499939,331.34684801101685
G19,adam,auto,0,1728,1728,14.7377347946167,0.13643229007720947,-880.8040161132812,-887.0671997070312,-860.8484497070312,864.5411987304688,870.9511108398438,843.991455078125,869.5869140625,876.0,849.0,876.0,906.0,30.0,3.3112582781456954,96.6887417218543,0,8899,0,813,5.033644199371338,4.805194854736328,5.679981231689453,0.9977179765701294,0.964668333530426,0.9999748468399048,0.14587533473968506,0.9372885227203369,3.697948455810547,0.9999997019767761,331.53722310066223,331.53722500801086
G19,adam,auto,0,1729,1729,14.792257308959961,0.13593250513076782,-880.7448120117188,-887.0086669921875,-860.787109375,864.5764770507812,870.9860229492188,844.0272216796875,869.5869140625,876.0,849.0,876.0,906.0,30.0,3.3112582781456954,96.6887417218543,0,8899,0,813,5.031147003173828,4.802894115447998,5.677570819854736,0.9977186918258667,0.9646705389022827,0.9999749660491943,0.1455572545528412,0.937323272228241,3.695974349975586,0.9999997019767761,331.7297751903534,331.729777097702
G19,adam,auto,0,1730,1730,14.847179412841797,0.13543277978897095,-880.6859130859375,-886.9501953125,-860.7258911132812,864.611572265625,871.021484375,844.0628051757812,869.5869140625,876.0,849.0,876.0,906.0,30.0,3.3112582781456954,96.6887417218543,0,8899,0,813,5.028656005859375,4.800595283508301,5.675167083740234,0.9977193474769592,0.964672863483429,0.9999749660491943,0.14523881673812866,0.9373578429222107,3.6928470134735107,0.9999997019767761,331.9205551147461,331.9205570220947
G19,adam,auto,0,1731,1731,14.90251636505127,0.1349329948425293,-880.6270141601562,-886.891845703125,-860.6649169921875,864.6466064453125,871.0563354492188,844.0950927734375,869.5869140625,876.0,849.0,876.0,906.0,30.0,3.3112582781456954,96.6887417218543,0,8899,0,813,5.026171684265137,4.7983198165893555,5.672779083251953,0.9977200627326965,0.9646750688552856,0.9999750852584839,0.14492040872573853,0.9373923540115356,3.6939380168914795,0.9999997615814209,332.11257219314575,332.1125750541687
G19,adam,auto,0,1732,1732,14.958261489868164,0.13443326950073242,-880.5684204101562,-886.8336791992188,-860.6039428710938,864.6815795898438,871.0916137695312,844.1339721679688,869.5869140625,876.0,849.0,876.0,906.0,30.0,3.3112582781456954,96.6887417218543,0,8899,0,813,5.023693561553955,4.7960381507873535,5.67039680480957,0.9977207183837891,0.9646773934364319,0.9999750852584839,0.14460191130638123,0.9374266862869263,3.688981294631958,0.9999997615814209,332.3036103248596,332.30361223220825
G19,adam,auto,0,1733,1733,15.014425277709961,0.13393354415893555,-880.5098266601562,-886.775634765625,-860.5432739257812,864.7163696289062,871.12646484375,844.1632080078125,869.5869140625,876.0,849.0,876.0,906.0,30.0,3.3112582781456954,96.6887417218543,0,8899,0,813,5.021220684051514,4.793758392333984,5.668004035949707,0.9977213740348816,0.9646797180175781,0.9999752044677734,0.14428333938121796,0.9374608993530273,3.689626693725586,0.9999998211860657,332.49411630630493,332.49411821365356
G19,adam,auto,0,1734,1734,15.07101821899414,0.1334337592124939,-880.451171875,-886.7176513671875,-860.4826049804688,864.7509765625,871.1610107421875,844.2031860351562,869.5869140625,876.0,849.0,876.0,906.0,30.0,3.3112582781456954,96.6887417218543,0,8899,0,813,5.018754482269287,4.791495323181152,5.665633201599121,0.9977221488952637,0.9646820425987244,0.9999752044677734,0.1439644694328308,0.9374949932098389,3.684674024581909,0.9999997615814209,332.6859390735626,332.68594193458557
G19,adam,auto,0,1735,1735,15.128033638000488,0.13293403387069702,-880.3930053710938,-886.6598510742188,-860.4220581054688,864.7855224609375,871.1961669921875,844.2324829101562,869.5869140625,876.0,849.0,876.0,906.0,30.0,3.3112582781456954,96.6887417218543,0,8899,0,813,5.016294479370117,4.789227485656738,5.663261413574219,0.9977226853370667,0.9646843671798706,0.999975323677063,0.1436460018157959,0.9375288486480713,3.686962127685547,0.9999997019767761,332.8763699531555,332.87637186050415
G19,adam,auto,0,1736,1736,15.1854887008667,0.13243424892425537,-880.3347778320312,-886.6021728515625,-860.3616333007812,864.8200073242188,871.2293701171875,844.2704467773438,869.5869140625,876.0,849.0,876.0,906.0,30.0,3.3112582781456954,96.6887417218543,0,8899,0,813,5.013840675354004,4.786968231201172,5.660887718200684,0.9977234601974487,0.9646867513656616,0.999975323677063,0.14332665503025055,0.9375627636909485,3.680697202682495,0.9999997615814209,333.06643199920654,333.0664339065552
G19,adam,auto,0,1737,1737,15.24337387084961,0.1319345235824585,-880.2766723632812,-886.5446166992188,-860.3013916015625,864.8541870117188,871.2639770507812,844.3023071289062,869.5869140625,876.0,849.0,876.0,906.0,30.0,3.3112582781456954,96.6887417218543,0,8899,0,813,5.0113935470581055,4.784712314605713,5.6585259437561035,0.9977241158485413,0.9646890759468079,0.9999754428863525,0.1430082470178604,0.9375963807106018,3.682734251022339,0.9999997615814209,333.256991147995,333.2569930553436
G19,adam,auto,0,1738,1738,15.30171012878418,0.13143473863601685,-880.2186889648438,-886.4871215820312,-860.2412109375,864.888427734375,871.2978515625,844.3368530273438,869.5869140625,876.0,849.0,876.0,906.0,30.0,3.3112582781456954,96.6887417218543,0,8899,0,813,5.008951663970947,4.782447338104248,5.656173229217529,0.9977247714996338,0.9646915197372437,0.9999754428863525,0.14268852770328522,0.9376298785209656,3.6764883995056152,0.9999997019767761,333.44908905029297,333.4490909576416
G19,adam,auto,0,1739,1739,15.360487937927246,0.13093501329421997,-880.160888671875,-886.429931640625,-860.1812133789062,864.9224243164062,871.3327026367188,844.3714599609375,869.5869140625,876.0,849.0,876.0,906.0,30.0,3.3112582781456954,96.6887417218543,0,8899,0,813,5.00651741027832,4.780208110809326,5.653828144073486,0.9977254271507263,0.9646938443183899,0.9999755620956421,0.14237011969089508,0.9376631379127502,3.6797211170196533,0.9999997615814209,333.6388301849365,333.6388330459595
G19,adam,auto,0,1740,1740,15.41972541809082,0.1304352879524231,-880.1032104492188,-886.3727416992188,-860.1213989257812,864.9564208984375,871.3661499023438,844.4034423828125,869.5869140625,876.0,849.0,876.0,906.0,30.0,3.3112582781456954,96.6887417218543,0,8899,0,813,5.004087448120117,4.777968406677246,5.651483058929443,0.9977260828018188,0.9646962881088257,0.9999755620956421,0.14205019176006317,0.9376963973045349,3.6725828647613525,0.9999998211860657,333.83170914649963,333.83171105384827
G19,adam,auto,0,1741,1741,15.479413986206055,0.12993550300598145,-880.0455932617188,-886.3156127929688,-860.0615844726562,864.9901733398438,871.4005126953125,844.439208984375,869.5869140625,876.0,849.0,876.0,906.0,30.0,3.3112582781456954,96.6887417218543,0,8899,0,813,5.001663684844971,4.775730609893799,5.649138450622559,0.9977267384529114,0.9646987318992615,0.9999756813049316,0.14173147082328796,0.9377294778823853,3.674698829650879,0.9999997019767761,334.0208430290222,334.02084493637085
G19,adam,auto,0,1742,1742,15.53957462310791,0.12943577766418457,-879.9882202148438,-886.2587280273438,-860.0018920898438,865.02392578125,871.4338989257812,844.4703369140625,869.5869140625,876.0,849.0,876.0,906.0,30.0,3.3112582781456954,96.6887417218543,0,8899,0,813,4.999247074127197,4.773489475250244,5.6468095779418945,0.9977273941040039,0.9647011160850525,0.9999756813049316,0.14141158759593964,0.9377624988555908,3.6683273315429688,0.9999997615814209,334.2138261795044,334.213828086853
G19,adam,auto,0,1743,1743,15.600196838378906,0.12893599271774292,-879.9307861328125,-886.201904296875,-859.9424438476562,865.057373046875,871.4678344726562,844.505859375,869.5869140625,876.0,849.0,876.0,906.0,30.0,3.3112582781456954,96.6887417218543,0,8899,0,813,4.996835231781006,4.771263599395752,5.644479274749756,0.9977280497550964,0.9647035598754883,0.9999758005142212,0.1410924345254898,0.9377952218055725,3.6722917556762695,0.9999997615814209,334.4042501449585,334.40425205230713
G19,adam,auto,0,1744,1744,15.661301612854004,0.12843626737594604,-879.8735961914062,-886.145263671875,-859.883056640625,865.0910034179688,871.5009765625,844.5374145507812,869.5869140625,876.0,849.0,876.0,906.0,30.0,3.3112582781456954,96.6887417218543,0,8899,0,813,4.9944281578063965,4.769042015075684,5.642163276672363,0.9977287650108337,0.9647060036659241,0.9999758005142212,0.14077264070510864,0.9378278255462646,3.6658411026000977,0.9999997019767761,334.5955991744995,334.59560108184814
G19,adam,auto,0,1745,1745,15.722879409790039,0.12793654203414917,-879.8165283203125,-886.0886840820312,-859.82373046875,865.1242065429688,871.5344848632812,844.5712890625,869.5869140625,876.0,849.0,876.0,906.0,30.0,3.3112582781456954,96.6887417218543,0,8899,0,813,4.99202823638916,4.766827583312988,5.639835834503174,0.9977293610572815,0.9647084474563599,0.9999759197235107,0.14045321941375732,0.937860369682312,3.6683318614959717,0.9999997019767761,334.78686714172363,334.78686904907227
G19,adam,auto,0,1746,1746,15.784950256347656,0.12743675708770752,-879.7595825195312,-886.0322875976562,-859.7645874023438,865.1574096679688,871.567138671875,844.6044921875,869.5869140625,876.0,849.0,876.0,906.0,30.0,3.3112582781456954,96.6887417218543,0,8899,0,813,4.989635944366455,4.76461124420166,5.637521743774414,0.9977300763130188,0.9647110104560852,0.9999759197235107,0.1401330679655075,0.937892735004425,3.6623048782348633,0.9999997019767761,334.9785192012787,334.9785211086273
G19,adam,auto,0,1747,1747,15.847506523132324,0.12693703174591064,-879.7028198242188,-885.9759521484375,-859.70556640625,865.1904296875,871.6007080078125,844.6361083984375,869.5869140625,876.0,849.0,876.0,906.0,30.0,3.3112582781456954,96.6887417218543,0,8899,0,813,4.987249851226807,4.7623982429504395,5.635218620300293,0.9977306127548218,0.964713454246521,0.9999760389328003,0.13981381058692932,0.937924861907959,3.6647567749023438,0.9999998211860657,335.17009019851685,335.1700921058655
G19,adam,auto,0,1748,1748,15.91055965423584,0.126437246799469,-879.6461181640625,-885.9197998046875,-859.646728515625,865.2235717773438,871.6334228515625,844.6708984375,869.5869140625,876.0,849.0,876.0,906.0,30.0,3.3112582781456954,96.6887417218543,0,8899,0,813,4.984869003295898,4.760189056396484,5.632913589477539,0.9977313876152039,0.9647160172462463,0.9999760389328003,0.13949309289455414,0.9379569888114929,3.6592462062835693,0.9999997019767761,335.3621292114258,335.36213183403015
G19,adam,auto,0,1749,1749,15.974124908447266,0.12593752145767212,-879.589599609375,-885.86376953125,-859.587890625,865.2562866210938,871.6666259765625,844.7008056640625,869.5869140625,876.0,849.0,876.0,906.0,30.0,3.3112582781456954,96.6887417218543,0,8899,0,813,4.982494831085205,4.757996559143066,5.630621910095215,0.9977320432662964,0.9647185802459717,0.9999761581420898,0.13917401432991028,0.9379888772964478,3.6593289375305176,0.9999997019767761,335.55271196365356,335.5527138710022
G19,adam,auto,0,1750,1750,16.038192749023438,0.12543779611587524,-879.5330200195312,-885.807861328125,-859.5293579101562,865.2891235351562,871.699462890625,844.7364501953125,869.5869140625,876.0,849.0,876.0,906.0,30.0,3.3112582781456954,96.6887417218543,0,8899,0,813,4.980123519897461,4.755788803100586,5.628335952758789,0.9977327585220337,0.964721143245697,0.9999761581420898,0.138853058218956,0.9380207657814026,3.6540114879608154,0.9999997019767761,335.7463541030884,335.746356010437
G19,adam,auto,0,1751,1751,16.102783203125,0.1249380111694336,-879.476806640625,-885.7520751953125,-859.4707641601562,865.3215942382812,871.7317504882812,844.7655029296875,869.5869140625,876.0,849.0,876.0,906.0,30.0,3.3112582781456954,96.6887417218543,0,8899,0,813,4.977758407592773,4.753597259521484,5.626044273376465,0.9977333545684814,0.9647236466407776,0.9999762773513794,0.13853350281715393,0.938052237033844,3.655341148376465,0.9999998211860657,335.9397840499878,335.93978691101074
G19,adam,auto,0,1752,1752,16.167888641357422,0.12443828582763672,-879.4205932617188,-885.6964721679688,-859.4124755859375,865.3541870117188,871.7642822265625,844.801025390625,869.5869140625,876.0,849.0,876.0,906.0,30.0,3.3112582781456954,96.6887417218543,0,8899,0,813,4.975398540496826,4.751418113708496,5.623753547668457,0.997734010219574,0.9647262096405029,0.9999762773513794,0.1382129043340683,0.9380837678909302,3.6528589725494385,0.9999997615814209,336.13575506210327,336.1357569694519
G19,adam,auto,0,1753,1753,16.233530044555664,0.12393850088119507,-879.364501953125,-885.6409301757812,-859.3540649414062,865.386474609375,871.7964477539062,844.8298950195312,869.5869140625,876.0,849.0,876.0,906.0,30.0,3.3112582781456954,96.6887417218543,0,8899,0,813,4.973043441772461,4.74922513961792,5.621465682983398,0.9977346062660217,0.9647287726402283,0.9999762773513794,0.13789258897304535,0.9381151795387268,3.652874231338501,0.9999998211860657,336.32796025276184,336.3279621601105
G19,adam,auto,0,1754,1754,16.299699783325195,0.1234387755393982,-879.30859375,-885.5855102539062,-859.2960815429688,865.418701171875,871.8289184570312,844.865234375,869.5869140625,876.0,849.0,876.0,906.0,30.0,3.3112582781456954,96.6887417218543,0,8899,0,813,4.970693588256836,4.747038841247559,5.619196891784668,0.997735321521759,0.9647314548492432,0.999976396560669,0.13757234811782837,0.9381463527679443,3.650820016860962,0.9999997615814209,336.5180411338806,336.51804304122925
G19,adam,auto,0,1755,1755,16.366418838500977,0.12293899059295654,-879.2528076171875,-885.5302124023438,-859.2379760742188,865.4508056640625,871.8609619140625,844.893798828125,869.5869140625,876.0,849.0,876.0,906.0,30.0,3.3112582781456954,96.6887417218543,0,8899,0,813,4.968348503112793,4.744863510131836,5.616938591003418,0.9977359771728516,0.9647340774536133,0.999976396560669,0.13725143671035767,0.9381775259971619,3.6467080116271973,0.9999998211860657,336.71004700660706,336.7100501060486
G19,adam,auto,0,1756,1756,16.433677673339844,0.12243926525115967,-879.1970825195312,-885.4750366210938,-859.1802368164062,865.4827880859375,871.8935546875,844.9288940429688,869.5869140625,876.0,849.0,876.0,906.0,30.0,3.3112582781456954,96.6887417218543,0,8899,0,813,4.96600866317749,4.742697238922119,5.614672660827637,0.9977366328239441,0.9647366404533386,0.9999765157699585,0.13693134486675262,0.938208281993866,3.644658327102661,0.9999997615814209,336.9010281562805,336.90103006362915
G19,adam,auto,0,1757,1757,16.501501083374023,0.12193953990936279,-879.1416015625,-885.4200439453125,-859.1223754882812,865.5145874023438,871.9244384765625,844.9571533203125,869.5869140625,876.0,849.0,876.0,906.0,30.0,3.3112582781456954,96.6887417218543,0,8899,0,813,4.963676452636719,4.740535736083984,5.6124091148376465,0.9977372288703918,0.9647393226623535,0.9999765157699585,0.13661018013954163,0.9382390975952148,3.6425204277038574,0.9999997019767761,337.08937191963196,337.0893750190735
G19,adam,auto,0,1758,1758,16.56987762451172,0.12143975496292114,-879.086181640625,-885.3651733398438,-859.0648193359375,865.54638671875,871.9566650390625,844.9920654296875,869.5869140625,876.0,849.0,876.0,906.0,30.0,3.3112582781456954,96.6887417218543,0,8899,0,813,4.961348533630371,4.73835563659668,5.610154151916504,0.9977379441261292,0.9647419452667236,0.999976634979248,0.13628973066806793,0.9382697343826294,3.643340587615967,0.9999997615814209,337.2824740409851,337.28247714042664
G19,adam,auto,0,1759,1759,16.638830184936523,0.12094002962112427,-879.0308837890625,-885.3104248046875,-859.0073852539062,865.5780029296875,871.9884033203125,845.0201416015625,869.5869140625,876.0,849.0,876.0,906.0,30.0,3.3112582781456954,96.6887417218543,0,8899,0,813,4.9590229988098145,4.736198902130127,5.607897758483887,0.9977385401725769,0.9647447466850281,0.999976634979248,0.13596868515014648,0.9383002519607544,3.6400625705718994,0.9999997615814209,337.47236609458923,337.47236800193787
G19,adam,auto,0,1760,1760,16.70835304260254,0.12044024467468262,-878.975830078125,-885.2557373046875,-858.9498901367188,865.609619140625,872.0194702148438,845.0543823242188,869.5869140625,876.0,849.0,876.0,906.0,30.0,3.3112582781456954,96.6887417218543,0,8899,0,813,4.956706523895264,4.734039306640625,5.605661392211914,0.9977391958236694,0.964747428894043,0.9999767541885376,0.13564780354499817,0.9383305311203003,3.638801336288452,0.9999996423721313,337.67380833625793,337.67381024360657
G19,adam,auto,0,1761,1761,16.778457641601562,0.11994051933288574,-878.9205932617188,-885.2012329101562,-858.8926391601562,865.6409912109375,872.0511474609375,845.0829467773438,869.5869140625,876.0,849.0,876.0,906.0,30.0,3.3112582781456954,96.6887417218543,0,8899,0,813,4.954392910003662,4.731894493103027,5.603414535522461,0.9977397918701172,0.9647501707077026,0.9999767541885376,0.1353267878293991,0.9383607506752014,3.634563446044922,0.9999997615814209,337.8587760925293,337.85877799987793
G19,adam,auto,0,1762,1762,16.84916114807129,0.11944079399108887,-878.8657836914062,-885.1469116210938,-858.8355712890625,865.6721801757812,872.0823974609375,845.1161499023438,869.5869140625,876.0,849.0,876.0,906.0,30.0,3.3112582781456954,96.6887417218543,0,8899,0,813,4.952085971832275,4.729744911193848,5.6011810302734375,0.9977405071258545,0.9647528529167175,0.9999768733978271,0.13500578701496124,0.9383907318115234,3.6358449459075928,0.9999997019767761,338.050555229187,338.05055713653564
G19,adam,auto,0,1763,1763,16.920455932617188,0.11894100904464722,-878.8109741210938,-885.0925903320312,-858.778564453125,865.7033081054688,872.1131591796875,845.1455078125,869.5869140625,876.0,849.0,876.0,906.0,30.0,3.3112582781456954,96.6887417218543,0,8899,0,813,4.949784278869629,4.72760534286499,5.5989484786987305,0.997741162776947,0.9647555947303772,0.9999768733978271,0.13468427956104279,0.9384207725524902,3.6322169303894043,0.9999997019767761,338.2412312030792,338.24123311042786
G19,adam,auto,0,1764,1764,16.99236488342285,0.11844128370285034,-878.7562866210938,-885.0385131835938,-858.7218017578125,865.7343139648438,872.1454467773438,845.17724609375,869.5869140625,876.0,849.0,876.0,906.0,30.0,3.3112582781456954,96.6887417218543,0,8899,0,813,4.9474873542785645,4.725461006164551,5.5967206954956055,0.9977418780326843,0.9647583961486816,0.9999768733978271,0.1343635469675064,0.9384503960609436,3.633810043334961,0.9999997019767761,338.43094301223755,338.4309449195862
G19,adam,auto,0,1765,1765,17.064878463745117,0.11794149875640869,-878.7017822265625,-884.9845581054688,-858.6649780273438,865.7651977539062,872.17529296875,845.2075805664062,869.5869140625,876.0,849.0,876.0,906.0,30.0,3.3112582781456954,96.6887417218543,0,8899,0,813,4.945196628570557,4.723320960998535,5.594500541687012,0.9977424740791321,0.9647611379623413,0.9999769926071167,0.13404139876365662,0.9384801387786865,3.6269798278808594,0.9999997019767761,338.62289118766785,338.6228930950165
G19,adam,auto,0,1766,1766,17.138023376464844,0.11744177341461182,-878.6473999023438,-884.9306640625,-858.6083984375,865.7958984375,872.20654296875,845.23779296875,869.5869140625,876.0,849.0,876.0,906.0,30.0,3.3112582781456954,96.6887417218543,0,8899,0,813,4.942908763885498,4.721198081970215,5.592271327972412,0.9977431297302246,0.9647640585899353,0.9999769926071167,0.13372093439102173,0.938509464263916,3.629289150238037,0.9999997615814209,338.81571221351624,338.81571412086487
G19,adam,auto,0,1767,1767,17.211788177490234,0.11694204807281494,-878.5932006835938,-884.876953125,-858.5518798828125,865.8265991210938,872.2366943359375,845.26904296875,869.5869140625,876.0,849.0,876.0,906.0,30.0,3.3112582781456954,96.6887417218543,0,8899,0,813,4.9406256675720215,4.719072341918945,5.590067386627197,0.9977437257766724,0.964766800403595,0.9999771118164062,0.13339845836162567,0.9385387897491455,3.623821973800659,0.9999997615814209,339.00566816329956,339.0056700706482
G19,adam,auto,0,1768,1768,17.28619956970215,0.11644226312637329,-878.5390014648438,-884.8233032226562,-858.4955444335938,865.8569946289062,872.2672729492188,845.29833984375,869.5869140625,876.0,849.0,876.0,906.0,30.0,3.3112582781456954,96.6887417218543,0,8899,0,813,4.938348293304443,4.716940879821777,5.587841510772705,0.9977443814277649,0.9647696018218994,0.9999771118164062,0.1330777257680893,0.9385678768157959,3.628448724746704,0.9999997615814209,339.1972932815552,339.1972951889038
G19,adam,auto,0,1769,1769,17.361248016357422,0.11594253778457642,-878.4849853515625,-884.769775390625,-858.4392700195312,865.8875122070312,872.2984008789062,845.3292846679688,869.5869140625,876.0,849.0,876.0,906.0,30.0,3.3112582781456954,96.6887417218543,0,8899,0,813,4.936074256896973,4.714810371398926,5.585653781890869,0.9977449774742126,0.9647724628448486,0.9999772310256958,0.132755309343338,0.9385969638824463,3.6195895671844482,0.9999997615814209,339.38846015930176,339.3884620666504
G19,adam,auto,0,1770,1770,17.436960220336914,0.11544275283813477,-878.4312133789062,-884.7164306640625,-858.3832397460938,865.9177856445312,872.3280029296875,845.359130859375,869.5869140625,876.0,849.0,876.0,906.0,30.0,3.3112582781456954,96.6887417218543,0,8899,0,813,4.933804035186768,4.712705612182617,5.583446979522705,0.9977456331253052,0.9647753834724426,0.9999772310256958,0.13243412971496582,0.9386258125305176,3.6232223510742188,0.9999997615814209,339.57971715927124,339.5797190666199
G19,adam,auto,0,1771,1771,17.51332664489746,0.11494302749633789,-878.3773803710938,-884.6632080078125,-858.3272094726562,865.947998046875,872.3587646484375,845.3886108398438,869.5869140625,876.0,849.0,876.0,906.0,30.0,3.3112582781456954,96.6887417218543,0,8899,0,813,4.931540012359619,4.7105889320373535,5.581241607666016,0.9977462887763977,0.9647782444953918,0.9999772310256958,0.13211184740066528,0.9386544823646545,3.6166796684265137,0.9999997019767761,339.7707211971283,339.77072310447693
G19,adam,auto,0,1772,1772,17.590375900268555,0.11444324254989624,-878.32373046875,-884.610107421875,-858.2713623046875,865.9779052734375,872.3882446289062,845.4193115234375,869.5869140625,876.0,849.0,876.0,906.0,30.0,3.3112582781456954,96.6887417218543,0,8899,0,813,4.929279804229736,4.7084808349609375,5.579049110412598,0.997747004032135,0.9647811651229858,0.9999773502349854,0.13179022073745728,0.9386831521987915,3.6223597526550293,0.9999997019767761,339.9625451564789,339.96254801750183
G19,adam,auto,0,1773,1773,17.668094635009766,0.11394351720809937,-878.2702026367188,-884.55712890625,-858.215576171875,866.0078125,872.4188232421875,845.44775390625,869.5869140625,876.0,849.0,876.0,906.0,30.0,3.3112582781456954,96.6887417218543,0,8899,0,813,4.927023887634277,4.706367492675781,5.576855659484863,0.9977476000785828,0.9647841453552246,0.9999773502349854,0.1314680427312851,0.9387115836143494,3.6148247718811035,0.9999997615814209,340.15346121788025,340.1534631252289
G19,adam,auto,0,1774,1774,17.746503829956055,0.11344379186630249,-878.2169189453125,-884.5042724609375,-858.1599731445312,866.03759765625,872.4481201171875,845.4784545898438,869.5869140625,876.0,849.0,876.0,906.0,30.0,3.3112582781456954,96.6887417218543,0,8899,0,813,4.9247727394104,4.704266548156738,5.574674129486084,0.9977483153343201,0.9647870063781738,0.9999774694442749,0.13114608824253082,0.9387398362159729,3.61812424659729,0.9999997019767761,340.34428119659424,340.3442840576172
G19,adam,auto,0,1775,1775,17.825620651245117,0.11294400691986084,-878.16357421875,-884.4515991210938,-858.1045532226562,866.0671997070312,872.4786376953125,845.5072021484375,869.5869140625,876.0,849.0,876.0,906.0,30.0,3.3112582781456954,96.6887417218543,0,8899,0,813,4.9225263595581055,4.702167987823486,5.572487831115723,0.9977489113807678,0.9647900462150574,0.9999774694442749,0.1308237463235855,0.9387679696083069,3.6094584465026855,0.9999997615814209,340.5372643470764,340.53726625442505
G19,adam,auto,0,1776,1776,17.905437469482422,0.11244428157806396,-878.1104125976562,-884.3989868164062,-858.0492553710938,866.0968017578125,872.50732421875,845.536865234375,869.5869140625,876.0,849.0,876.0,906.0,30.0,3.3112582781456954,96.6887417218543,0,8899,0,813,4.920285224914551,4.700071334838867,5.570302963256836,0.9977495670318604,0.9647930264472961,0.9999775886535645,0.13050179183483124,0.9387958645820618,3.6128628253936768,0.9999998211860657,340.7287349700928,340.7287368774414
G19,adam,auto,0,1777,1777,17.985980987548828,0.11194449663162231,-878.057373046875,-884.3464965820312,-857.9939575195312,866.126220703125,872.5365600585938,845.5657958984375,869.5869140625,876.0,849.0,876.0,906.0,30.0,3.3112582781456954,96.6887417218543,0,8899,0,813,4.918045997619629,4.697978973388672,5.5681352615356445,0.9977501630783081,0.9647960066795349,0.9999775886535645,0.1301790326833725,0.9388238787651062,3.6064772605895996,0.9999997019767761,340.92279720306396,340.9228000640869
G19,adam,auto,0,1778,1778,18.067243576049805,0.11144477128982544,-878.0045776367188,-884.294189453125,-857.9389038085938,866.1553955078125,872.5657958984375,845.5955200195312,869.5869140625,876.0,849.0,876.0,906.0,30.0,3.3112582781456954,96.6887417218543,0,8899,0,813,4.915813446044922,4.695894241333008,5.565955638885498,0.9977508783340454,0.9647989869117737,0.9999775886535645,0.12985725700855255,0.9388513565063477,3.61126708984375,0.9999997615814209,341.1152603626251,341.11526226997375
G19,adam,auto,0,1779,1779,18.149253845214844,0.11094504594802856,-877.951904296875,-884.2420043945312,-857.8839721679688,866.1845703125,872.595458984375,845.6229858398438,869.5869140625,876.0,849.0,876.0,906.0,30.0,3.3112582781456954,96.6887417218543,0,8899,0,813,4.913586139678955,4.693800926208496,5.563791275024414,0.9977514743804932,0.9648020267486572,0.999977707862854,0.1295340657234192,0.9388790130615234,3.604806423187256,0.9999997615814209,341.3050892353058,341.3050911426544
G19,adam,auto,0,1780,1780,18.23200225830078,0.11044526100158691,-877.8992919921875,-884.18994140625,-857.8291625976562,866.213623046875,872.6243286132812,845.6544189453125,869.5869140625,876.0,849.0,876.0,906.0,30.0,3.3112582781456954,96.6887417218543,0,8899,0,813,4.911361217498779,4.691716194152832,5.561629295349121,0.9977521300315857,0.9648051261901855,0.999977707862854,0.12921224534511566,0.9389063715934753,3.6082804203033447,0.9999997615814209,341.497789144516,341.4977910518646
G19,adam,auto,0,1781,1781,18.31551742553711,0.10994553565979004,-877.8468017578125,-884.137939453125,-857.7744750976562,866.2426147460938,872.6531982421875,845.6793823242188,869.5869140625,876.0,849.0,876.0,906.0,30.0,3.3112582781456954,96.6887417218543,0,8899,0,813,4.909140586853027,4.689640045166016,5.559467315673828,0.9977527260780334,0.9648082256317139,0.9999778270721436,0.12888889014720917,0.9389336705207825,3.600879430770874,0.9999997615814209,341.685955286026,341.68595719337463
G19,adam,auto,0,1782,1782,18.399791717529297,0.10944575071334839,-877.7944946289062,-884.086181640625,-857.7198486328125,866.2713012695312,872.6818237304688,845.71240234375,869.5869140625,876.0,849.0,876.0,906.0,30.0,3.3112582781456954,96.6887417218543,0,8899,0,813,4.906925201416016,4.687566757202148,5.557309150695801,0.997753381729126,0.9648113250732422,0.9999778270721436,0.12856683135032654,0.9389606714248657,3.6027867794036865,0.9999997019767761,341.87888526916504,341.8788871765137
G19,adam,auto,0,1783,1783,18.48485565185547,0.10894602537155151,-877.7421875,-884.0344848632812,-857.6654052734375,866.2999877929688,872.7113037109375,845.736328125,869.5869140625,876.0,849.0,876.0,906.0,30.0,3.3112582781456954,96.6887417218543,0,8899,0,813,4.904712677001953,4.685491561889648,5.555149078369141,0.9977539777755737,0.9648144245147705,0.9999779462814331,0.12824346125125885,0.9389877319335938,3.596186637878418,0.9999997615814209,342.0729112625122,342.07291316986084
G19,adam,auto,0,1784,1784,18.57069969177246,0.10844630002975464,-877.690185546875,-883.98291015625,-857.6111450195312,866.3284912109375,872.7393798828125,845.7685546875,869.5869140625,876.0,849.0,876.0,906.0,30.0,3.3112582781456954,96.6887417218543,0,8899,0,813,4.902505397796631,4.683417797088623,5.553003311157227,0.997754693031311,0.9648175239562988,0.9999779462814331,0.1279211938381195,0.9390144944190979,3.6003029346466064,0.9999997019767761,342.26182413101196,342.2618260383606
G19,adam,auto,0,1785,1785,18.6573543548584,0.10794651508331299,-877.63818359375,-883.9314575195312,-857.556884765625,866.3569946289062,872.7679443359375,845.7940673828125,869.5869140625,876.0,849.0,876.0,906.0,30.0,3.3112582781456954,96.6887417218543,0,8899,0,813,4.900300979614258,4.681343078613281,5.550846099853516,0.9977552890777588,0.9648206233978271,0.9999779462814331,0.12759755551815033,0.9390411376953125,3.5948851108551025,0.9999997615814209,342.4539351463318,342.4539370536804
G19,adam,auto,0,1786,1786,18.74481201171875,0.10744678974151611,-877.5863037109375,-883.8801879882812,-857.5028686523438,866.3851928710938,872.7960205078125,845.8232421875,869.5869140625,876.0,849.0,876.0,906.0,30.0,3.3112582781456954,96.6887417218543,0,8899,0,813,4.898101329803467,4.679293155670166,5.548707485198975,0.9977560043334961,0.964823842048645,0.9999780654907227,0.12727536261081696,0.9390676021575928,3.597121477127075,0.9999997019767761,342.64494705200195,342.6449489593506
G19,adam,auto,0,1787,1787,18.833093643188477,0.10694700479507446,-877.5346069335938,-883.8290405273438,-857.448974609375,866.4135131835938,872.82470703125,845.8519287109375,869.5869140625,876.0,849.0,876.0,906.0,30.0,3.3112582781456954,96.6887417218543,0,8899,0,813,4.895904541015625,4.6772260665893555,5.546562671661377,0.9977566003799438,0.9648270606994629,0.9999780654907227,0.12695124745368958,0.9390941262245178,3.590135335922241,0.9999997615814209,342.8365831375122,342.83658504486084
G19,adam,auto,0,1788,1788,18.92222023010254,0.10644727945327759,-877.4829711914062,-883.7778930664062,-857.3951416015625,866.44140625,872.8526611328125,845.8773803710938,869.5869140625,876.0,849.0,876.0,906.0,30.0,3.3112582781456954,96.6887417218543,0,8899,0,813,4.893712520599365,4.675173759460449,5.544434547424316,0.9977572560310364,0.9648302793502808,0.9999781847000122,0.1266292929649353,0.9391201138496399,3.592473030090332,0.9999996423721313,343.02884101867676,343.0288441181183
G19,adam,auto,0,1789,1789,19.012184143066406,0.10594749450683594,-877.4315795898438,-883.72705078125,-857.3414306640625,866.4694213867188,872.880126953125,845.90869140625,869.5869140625,876.0,849.0,876.0,906.0,30.0,3.3112582781456954,96.6887417218543,0,8899,0,813,4.891524314880371,4.673112392425537,5.542295455932617,0.9977578520774841,0.9648334980010986,0.9999781847000122,0.12630459666252136,0.9391463994979858,3.586707353591919,0.9999997019767761,343.2199921607971,343.21999406814575
G19,adam,auto,0,1790,1790,19.103017807006836,0.10544776916503906,-877.3803100585938,-883.6762084960938,-857.287841796875,866.4970703125,872.9080200195312,845.931884765625,869.5869140625,876.0,849.0,876.0,906.0,30.0,3.3112582781456954,96.6887417218543,0,8899,0,813,4.889340877532959,4.6710710525512695,5.540173053741455,0.9977584481239319,0.9648367166519165,0.9999781847000122,0.12598295509815216,0.9391721487045288,3.589016914367676,0.9999997019767761,343.4115071296692,343.4115090370178
G19,adam,auto,0,1791,1791,19.194713592529297,0.10494804382324219,-877.3291015625,-883.6256103515625,-857.2344360351562,866.52490234375,872.9356079101562,845.9640502929688,869.5869140625,876.0,849.0,876.0,906.0,30.0,3.3112582781456954,96.6887417218543,0,8899,0,813,4.887159824371338,4.669018745422363,5.538036346435547,0.9977591037750244,0.9648400545120239,0.9999783039093018,0.12565778195858002,0.9391980171203613,3.583608865737915,0.9999997019767761,343.60249614715576,343.6024980545044
G19,adam,auto,0,1792,1792,19.287303924560547,0.10444825887680054,-877.2780151367188,-883.5750122070312,-857.18115234375,866.5521850585938,872.962890625,845.9866943359375,869.5869140625,876.0,849.0,876.0,906.0,30.0,3.3112582781456954,96.6887417218543,0,8899,0,813,4.884982585906982,4.6669840812683105,5.53591775894165,0.9977598786354065,0.9648433923721313,0.9999783039093018,0.12533605098724365,0.9392234683036804,3.5866782665252686,0.9999998807907104,343.79386925697327,343.7938721179962
G19,adam,auto,0,1793,1793,19.380781173706055,0.10394853353500366,-877.2271118164062,-883.5245971679688,-857.1279907226562,866.5797729492188,872.990966796875,846.0184326171875,869.5869140625,876.0,849.0,876.0,906.0,30.0,3.3112582781456954,96.6887417218543,0,8899,0,813,4.882811546325684,4.664938449859619,5.533782482147217,0.9977604746818542,0.9648467302322388,0.9999784231185913,0.12501093745231628,0.9392490386962891,3.5845396518707275,0.9999997019767761,343.9827971458435,343.98280000686646
G19,adam,auto,0,1794,1794,19.475181579589844,0.10344874858856201,-877.17626953125,-883.4743041992188,-857.0748901367188,866.6069946289062,873.017578125,846.0411376953125,869.5869140625,876.0,849.0,876.0,906.0,30.0,3.3112582781456954,96.6887417218543,0,8899,0,813,4.880641937255859,4.662899017333984,5.531678199768066,0.9977611303329468,0.9648500680923462,0.9999784231185913,0.12468859553337097,0.9392743110656738,3.584094762802124,0.9999996423721313,344.1740610599518,344.1740629673004
G19,adam,auto,0,1795,1795,19.570493698120117,0.10294902324676514,-877.1256103515625,-883.4241943359375,-857.0219116210938,866.6342163085938,873.045166015625,846.0723876953125,869.5869140625,876.0,849.0,876.0,906.0,30.0,3.3112582781456954,96.6887417218543,0,8899,0,813,4.878475189208984,4.660868167877197,5.529557704925537,0.9977617263793945,0.9648534059524536,0.9999784231185913,0.1243639662861824,0.9392995238304138,3.580101490020752,0.9999996423721313,344.36515617370605,344.3651580810547
G19,adam,auto,0,1796,1796,19.6667537689209,0.10244929790496826,-877.0750732421875,-883.3742065429688,-856.9692993164062,866.6611938476562,873.072265625,846.0950927734375,869.5869140625,876.0,849.0,876.0,906.0,30.0,3.3112582781456954,96.6887417218543,0,8899,0,813,4.876312732696533,4.6588335037231445,5.527447700500488,0.9977623224258423,0.9648566842079163,0.9999785423278809,0.12404082715511322,0.9393244981765747,3.5769662857055664,0.9999996423721313,344.55537724494934,344.555379152298
G19,adam,auto,0,1797,1797,19.763954162597656,0.10194951295852661,-877.0245971679688,-883.3242797851562,-856.9166259765625,866.6881103515625,873.098876953125,846.1259765625,869.5869140625,876.0,849.0,876.0,906.0,30.0,3.3112582781456954,96.6887417218543,0,8899,0,813,4.874154567718506,4.65681266784668,5.5253400802612305,0.9977629780769348,0.9648601412773132,0.9999785423278809,0.12371658533811569,0.939349353313446,3.5787229537963867,0.9999998211860657,344.7476990222931,344.7477009296417
G19,adam,auto,0,1798,1798,19.862133026123047,0.10144978761672974,-876.9744262695312,-883.2745361328125,-856.8640747070312,866.7149047851562,873.1260986328125,846.1482543945312,869.5869140625,876.0,849.0,876.0,906.0,30.0,3.3112582781456954,96.6887417218543,0,8899,0,813,4.871999740600586,4.654787063598633,5.523230075836182,0.9977636337280273,0.9648635983467102,0.9999786615371704,0.12339287251234055,0.9393739700317383,3.5735442638397217,0.9999998211860657,344.93861508369446,344.9386169910431
G19,adam,auto,0,1799,1799,19.961278915405273,0.10095000267028809,-876.9241943359375,-883.2249145507812,-856.8116455078125,866.7415771484375,873.1527709960938,846.1790771484375,869.5869140625,876.0,849.0,876.0,906.0,30.0,3.3112582781456954,96.6887417218543,0,8899,0,813,4.869850158691406,4.652750015258789,5.521132946014404,0.9977642297744751,0.9648670554161072,0.9999786615371704,0.12306880950927734,0.9393986463546753,3.577601671218872,0.9999998211860657,345.12937021255493,345.12937211990356
G19,adam,auto,0,1800,1800,20.061420440673828,0.10045027732849121,-876.8742065429688,-883.1754150390625,-856.7593383789062,866.7681274414062,873.17919921875,846.200927734375,869.5869140625,876.0,849.0,876.0,906.0,30.0,3.3112582781456954,96.6887417218543,0,8899,0,813,4.867702007293701,4.650731086730957,5.5190229415893555,0.9977649450302124,0.9648705720901489,0.9999786615371704,0.12274472415447235,0.9394230246543884,3.5677173137664795,0.9999997615814209,345.3204092979431,345.32041120529175
G19,adam,auto,0,1801,1801,20.16258430480957,0.09995055198669434,-876.82421875,-883.1260375976562,-856.7071533203125,866.7944946289062,873.2056884765625,846.2314453125,869.5869140625,876.0,849.0,876.0,906.0,30.0,3.3112582781456954,96.6887417218543,0,8899,0,813,4.865559101104736,4.648721694946289,5.516929626464844,0.9977655410766602,0.9648740291595459,0.99997878074646,0.12242080271244049,0.9394471645355225,3.5764715671539307,0.9999997019767761,345.5183081626892,345.51831102371216
G19,adam,auto,0,1802,1802,20.264760971069336,0.09945076704025269,-876.7744750976562,-883.0767822265625,-856.6551513671875,866.82080078125,873.2319946289062,846.253662109375,869.5869140625,876.0,849.0,876.0,906.0,30.0,3.3112582781456954,96.6887417218543,0,8899,0,813,4.863417148590088,4.646699905395508,5.514842987060547,0.9977661967277527,0.9648775458335876,0.99997878074646,0.12209610641002655,0.9394713640213013,3.563556671142578,0.9999997615814209,345.71458315849304,345.7145850658417
G19,adam,auto,0,1803,1803,20.367990493774414,0.09895104169845581,-876.7249145507812,-883.0277099609375,-856.603271484375,866.846923828125,873.2583618164062,846.28271484375,869.5869140625,876.0,849.0,876.0,906.0,30.0,3.3112582781456954,96.6887417218543,0,8899,0,813,4.86128044128418,4.64468240737915,5.512738227844238,0.9977668523788452,0.9648811221122742,0.99997878074646,0.1217726394534111,0.9394952654838562,3.5760765075683594,0.9999997019767761,345.9053189754486,345.90532088279724
G19,adam,auto,0,1804,1804,20.472265243530273,0.09845125675201416,-876.67529296875,-882.9786987304688,-856.5514526367188,866.8729858398438,873.2846069335938,846.3065185546875,869.5869140625,876.0,849.0,876.0,906.0,30.0,3.3112582781456954,96.6887417218543,0,8899,0,813,4.8591461181640625,4.642673492431641,5.510659217834473,0.997767448425293,0.9648846983909607,0.9999788999557495,0.1214471161365509,0.9395192265510559,3.5587551593780518,0.9999996423721313,346.0965621471405,346.09656500816345
G19,adam,auto,0,1805,1805,20.577625274658203,0.09795153141021729,-876.6259155273438,-882.9298095703125,-856.4998779296875,866.8988037109375,873.3099365234375,846.3330688476562,869.5869140625,876.0,849.0,876.0,906.0,30.0,3.3112582781456954,96.6887417218543,0,8899,0,813,4.857015609741211,4.64066743850708,5.508571624755859,0.9977681040763855,0.9648882150650024,0.9999788999557495,0.121124267578125,0.9395427107810974,3.576848030090332,0.9999997019767761,346.288024187088,346.28802609443665
G19,adam,auto,0,1806,1806,20.684062957763672,0.09745174646377563,-876.5765991210938,-882.881103515625,-856.4483642578125,866.9248046875,873.3363647460938,846.3592529296875,869.5869140625,876.0,849.0,876.0,906.0,30.0,3.3112582781456954,96.6887417218543,0,8899,0,813,4.854888439178467,4.63866662979126,5.506490230560303,0.9977688193321228,0.9648919105529785,0.9999790191650391,0.12079775333404541,0.9395663738250732,3.5516374111175537,0.9999997615814209,346.4813630580902,346.48136591911316
G19,adam,auto,0,1807,1807,20.7916202545166,0.09695202112197876,-876.527587890625,-882.83251953125,-856.3970336914062,866.9501953125,873.361572265625,846.3828735351562,869.5869140625,876.0,849.0,876.0,906.0,30.0,3.3112582781456954,96.6887417218543,0,8899,0,813,4.852764129638672,4.636670112609863,5.504411697387695,0.9977694153785706,0.9648955464363098,0.9999790191650391,0.1204756647348404,0.9395895004272461,3.573293924331665,0.9999997615814209,346.67078924179077,346.6707911491394
G19,adam,auto,0,1808,1808,20.90028953552246,0.09645229578018188,-876.478515625,-882.7840576171875,-856.345703125,866.9760131835938,873.3876953125,846.4110107421875,869.5869140625,876.0,849.0,876.0,906.0,30.0,3.3112582781456954,96.6887417218543,0,8899,0,813,4.850643157958984,4.634659290313721,5.502323150634766,0.9977700114250183,0.9648992419242859,0.9999790191650391,0.1201481893658638,0.939612865447998,3.5430572032928467,0.9999997615814209,346.86210799217224,346.8621098995209
G19,adam,auto,0,1809,1809,21.010112762451172,0.09595251083374023,-876.4296264648438,-882.7357177734375,-856.294677734375,867.001220703125,873.41259765625,846.432861328125,869.5869140625,876.0,849.0,876.0,906.0,30.0,3.3112582781456954,96.6887417218543,0,8899,0,813,4.848523139953613,4.6326680183410645,5.500249862670898,0.9977706670761108,0.9649028778076172,0.9999791383743286,0.11982661485671997,0.939635694026947,3.5734405517578125,0.9999998211860657,347.0518720149994,347.0518751144409
G19,adam,auto,0,1810,1810,21.121084213256836,0.09545278549194336,-876.3809814453125,-882.6875,-856.24365234375,867.026611328125,873.4384155273438,846.4613037109375,869.5869140625,876.0,849.0,876.0,906.0,30.0,3.3112582781456954,96.6887417218543,0,8899,0,813,4.846407413482666,4.630680084228516,5.498177528381348,0.9977713823318481,0.964906632900238,0.9999791383743286,0.11949847638607025,0.9396588802337646,3.5384771823883057,0.9999997615814209,347.24355721473694,347.24355912208557
G19,adam,auto,0,1811,1811,21.233245849609375,0.09495300054550171,-876.332275390625,-882.639404296875,-856.1926879882812,867.0515747070312,873.4629516601562,846.483154296875,869.5869140625,876.0,849.0,876.0,906.0,30.0,3.3112582781456954,96.6887417218543,0,8899,0,813,4.844295978546143,4.628689765930176,5.496094703674316,0.9977719187736511,0.9649103283882141,0.9999792575836182,0.11917722970247269,0.9396812915802002,3.576620101928711,0.9999997615814209,347.43412828445435,347.4341311454773
G19,adam,auto,0,1812,1812,21.346593856811523,0.09445327520370483,-876.2838134765625,-882.5914916992188,-856.1419677734375,867.0767822265625,873.4879760742188,846.5106811523438,869.5869140625,876.0,849.0,876.0,906.0,30.0,3.3112582781456954,96.6887417218543,0,8899,0,813,4.842185974121094,4.6266889572143555,5.494024276733398,0.9977725744247437,0.964914083480835,0.9999792575836182,0.11884843558073044,0.9397042393684387,3.5311877727508545,0.9999997615814209,347.62498807907104,347.6249899864197
G19,adam,auto,0,1813,1813,21.461156845092773,0.09395354986190796,-876.2354125976562,-882.5436401367188,-856.0913696289062,867.1013793945312,873.5123901367188,846.533203125,869.5869140625,876.0,849.0,876.0,906.0,30.0,3.3112582781456954,96.6887417218543,0,8899,0,813,4.840080261230469,4.624706745147705,5.491967678070068,0.9977732300758362,0.9649178385734558,0.9999792575836182,0.118527851998806,0.9397262334823608,3.5779364109039307,0.9999997615814209,347.8159990310669,347.8160021305084
G19,adam,auto,0,1814,1814,21.576969146728516,0.09345376491546631,-876.1871948242188,-882.4959716796875,-856.0408325195312,867.1265869140625,873.5380859375,846.5596313476562,869.5869140625,876.0,849.0,876.0,906.0,30.0,3.3112582781456954,96.6887417218543,0,8899,0,813,4.837974548339844,4.622730731964111,5.4899001121521,0.9977738857269287,0.964921772480011,0.9999793767929077,0.11819762736558914,0.939749002456665,3.5214219093322754,0.9999997615814209,348.00611305236816,348.0061149597168
G19,adam,auto,0,1815,1815,21.69402503967285,0.09295403957366943,-876.1392211914062,-882.4484252929688,-855.9905395507812,867.1508178710938,873.5624389648438,846.582275390625,869.5869140625,876.0,849.0,876.0,906.0,30.0,3.3112582781456954,96.6887417218543,0,8899,0,813,4.835873603820801,4.6207404136657715,5.4878435134887695,0.9977744817733765,0.9649255275726318,0.9999793767929077,0.11787865310907364,0.9397706389427185,3.580744981765747,0.9999997019767761,348.1987133026123,348.19871520996094
G19,adam,auto,0,1816,1816,21.812374114990234,0.09245425462722778,-876.0911865234375,-882.4010009765625,-855.9403076171875,867.17578125,873.58740234375,846.608642578125,869.5869140625,876.0,849.0,876.0,906.0,30.0,3.3112582781456954,96.6887417218543,0,8899,0,813,4.833773612976074,4.6187663078308105,5.485774993896484,0.9977751970291138,0.9649294018745422,0.9999793767929077,0.11754617094993591,0.9397932291030884,3.512181043624878,0.9999997019767761,348.38926124572754,348.3892631530762
G19,adam,auto,0,1817,1817,21.932004928588867,0.09195452928543091,-876.0432739257812,-882.3536987304688,-855.8901977539062,867.1995849609375,873.6114501953125,846.6305541992188,869.5869140625,876.0,849.0,876.0,906.0,30.0,3.3112582781456954,96.6887417218543,0,8899,0,813,4.831679821014404,4.616792678833008,5.483715057373047,0.9977757930755615,0.9649332761764526,0.9999794960021973,0.11722945421934128,0.9398143887519836,3.5868325233459473,0.9999995827674866,348.5793559551239,348.57935905456543
G19,adam,auto,0,1818,1818,22.05297088623047,0.09145480394363403,-875.99560546875,-882.3065185546875,-855.8402709960938,867.2244873046875,873.635986328125,846.6572875976562,869.5869140625,876.0,849.0,876.0,906.0,30.0,3.3112582781456954,96.6887417218543,0,8899,0,813,4.829585075378418,4.614802360534668,5.481657028198242,0.997776448726654,0.9649372696876526,0.9999794960021973,0.11689440906047821,0.939836859703064,3.502044916152954,0.9999998211860657,348.7703151702881,348.7703170776367
G19,adam,auto,0,1819,1819,22.175262451171875,0.09095501899719238,-875.947998046875,-882.2594604492188,-855.7904663085938,867.2479248046875,873.6593627929688,846.6783447265625,869.5869140625,876.0,849.0,876.0,906.0,30.0,3.3112582781456954,96.6887417218543,0,8899,0,813,4.827497959136963,4.612827301025391,5.479609489440918,0.9977771043777466,0.964941143989563,0.9999796152114868,0.11657984554767609,0.9398574829101562,3.594235897064209,0.9999997615814209,348.9624230861664,348.962424993515
G19,adam,auto,0,1820,1820,22.298933029174805,0.09045529365539551,-875.9005737304688,-882.2125244140625,-855.74072265625,867.2728271484375,873.6838989257812,846.7050170898438,869.5869140625,876.0,849.0,876.0,906.0,30.0,3.3112582781456954,96.6887417218543,0,8899,0,813,4.825408458709717,4.610867023468018,5.477555751800537,0.9977777600288391,0.9649451375007629,0.9999796152114868,0.11624240130186081,0.9398797750473022,3.488351345062256,0.9999997615814209,349.15223503112793,349.15223813056946
G19,adam,auto,0,1821,1821,22.42397689819336,0.08995550870895386,-875.853271484375,-882.165771484375,-855.691162109375,867.2957153320312,873.7076416015625,846.7261962890625,869.5869140625,876.0,849.0,876.0,906.0,30.0,3.3112582781456954,96.6887417218543,0,8899,0,813,4.823324203491211,4.608892440795898,5.475512504577637,0.9977783560752869,0.9649491906166077,0.9999796152114868,0.11593004316091537,0.9398999810218811,3.6003265380859375,0.9999998211860657,349.3433983325958,349.34340023994446
G19,adam,auto,0,1822,1822,22.550445556640625,0.08945578336715698,-875.8060302734375,-882.1190795898438,-855.6417236328125,867.3204956054688,873.732177734375,846.7517700195312,869.5869140625,876.0,849.0,876.0,906.0,30.0,3.3112582781456954,96.6887417218543,0,8899,0,813,4.821239948272705,4.6069231033325195,5.473450660705566,0.9977790713310242,0.9649532437324524,0.9999797344207764,0.11558985710144043,0.9399222135543823,3.470428228378296,0.9999997615814209,349.5342481136322,349.53425002098083
G19,adam,auto,0,1823,1823,22.678333282470703,0.08895605802536011,-875.7589721679688,-882.0725708007812,-855.5923461914062,867.343017578125,873.7545166015625,846.77392578125,869.5869140625,876.0,849.0,876.0,906.0,30.0,3.3112582781456954,96.6887417218543,0,8899,0,813,4.819161891937256,4.604959964752197,5.471413612365723,0.9977796673774719,0.9649572372436523,0.9999797344207764,0.11528049409389496,0.9399418830871582,3.6097793579101562,0.9999998211860657,349.72433519363403,349.72433710098267
G19,adam,auto,0,1824,1824,22.807697296142578,0.08845627307891846,-875.7120971679688,-882.0261840820312,-855.5431518554688,867.3677978515625,873.7794189453125,846.7977294921875,869.5869140625,876.0,849.0,876.0,906.0,30.0,3.3112582781456954,96.6887417218543,0,8899,0,813,4.817080497741699,4.603002071380615,5.469361782073975,0.9977802634239197,0.9649613499641418,0.9999797344207764,0.11493635177612305,0.9399639964103699,3.453787088394165,0.9999998211860657,349.9158811569214,349.91588306427
G19,adam,auto,0,1825,1825,22.938528060913086,0.08795654773712158,-875.665283203125,-881.9799194335938,-855.4940795898438,867.3897094726562,873.8009643554688,846.821044921875,869.5869140625,876.0,849.0,876.0,906.0,30.0,3.3112582781456954,96.6887417218543,0,8899,0,813,4.815006256103516,4.601040840148926,5.467319488525391,0.997780978679657,0.9649654626846313,0.9999798536300659,0.11463125050067902,0.9399830102920532,3.624281644821167,0.9999997019767761,350.1061940193176,350.10619592666626
G19,adam,auto,0,1826,1826,23.07086753845215,0.08745676279067993,-875.6185913085938,-881.9337768554688,-855.4451293945312,867.4146118164062,873.8267822265625,846.8436279296875,869.5869140625,876.0,849.0,876.0,906.0,30.0,3.3112582781456954,96.6887417218543,0,8899,0,813,4.812928676605225,4.59908390045166,5.465272903442383,0.9977816343307495,0.9649696946144104,0.9999798536300659,0.11428199708461761,0.9400052428245544,3.434361696243286,0.9999998211860657,350.29705119132996,350.2970530986786
G19,adam,auto,0,1827,1827,23.204761505126953,0.08695703744888306,-875.5720825195312,-881.8877563476562,-855.3963012695312,867.4359130859375,873.8475341796875,846.8670043945312,869.5869140625,876.0,849.0,876.0,906.0,30.0,3.3112582781456954,96.6887417218543,0,8899,0,813,4.810859203338623,4.5971221923828125,5.463236331939697,0.9977822303771973,0.9649738073348999,0.9999798536300659,0.11398215591907501,0.9400236010551453,3.6437854766845703,0.9999997019767761,350.4872291088104,350.48723101615906
G19,adam,auto,0,1828,1828,23.340200424194336,0.0864572525024414,-875.5255737304688,-881.8419189453125,-855.34765625,867.4608154296875,873.8729248046875,846.8897705078125,869.5869140625,876.0,849.0,876.0,906.0,30.0,3.3112582781456954,96.6887417218543,0,8899,0,813,4.808785915374756,4.595151901245117,5.461198806762695,0.9977828860282898,0.964978039264679,0.9999799728393555,0.1136268600821495,0.9400458931922913,3.409189224243164,0.9999997615814209,350.6804702281952,350.6804721355438
G19,adam,auto,0,1829,1829,23.47724723815918,0.08595752716064453,-875.4793701171875,-881.796142578125,-855.2990112304688,867.4815063476562,873.8931884765625,846.911865234375,869.5869140625,876.0,849.0,876.0,906.0,30.0,3.3112582781456954,96.6887417218543,0,8899,0,813,4.806722640991211,4.593210220336914,5.459161758422852,0.9977836012840271,0.964982271194458,0.9999799728393555,0.11333324760198593,0.9400634765625,3.6642653942108154,0.9999996423721313,350.87528133392334,350.875283241272
G19,adam,auto,0,1830,1830,23.615894317626953,0.08545780181884766,-875.4332275390625,-881.7505493164062,-855.2506713867188,867.5067138671875,873.9183959960938,846.9359130859375,869.5869140625,876.0,849.0,876.0,906.0,30.0,3.3112582781456954,96.6887417218543,0,8899,0,813,4.804650783538818,4.591240882873535,5.457117080688477,0.9977842569351196,0.9649865627288818,0.9999799728393555,0.11297085881233215,0.9400860071182251,3.3764472007751465,0.9999997019767761,351.0650670528412,351.0650689601898
G19,adam,auto,0,1831,1831,23.756208419799805,0.084958016872406,-875.38720703125,-881.705078125,-855.2023315429688,867.526611328125,873.9381713867188,846.9560546875,869.5869140625,876.0,849.0,876.0,906.0,30.0,3.3112582781456954,96.6887417218543,0,8899,0,813,4.802591323852539,4.589292526245117,5.455080986022949,0.9977848529815674,0.9649907946586609,0.999980092048645,0.11268450319766998,0.940102756023407,3.692391872406006,0.9999997019767761,351.2567181587219,351.25672006607056
G19,adam,auto,0,1832,1832,23.89818000793457,0.08445829153060913,-875.34130859375,-881.6597290039062,-855.1541748046875,867.5521240234375,873.9642333984375,846.9813842773438,869.5869140625,876.0,849.0,876.0,906.0,30.0,3.3112582781456954,96.6887417218543,0,8899,0,813,4.800522804260254,4.587339878082275,5.453044891357422,0.9977855086326599,0.9649952054023743,0.999980092048645,0.11231381446123123,0.9401255249977112,3.3409109115600586,0.9999997019767761,351.44759035110474,351.44759225845337
G19,adam,auto,0,1833,1833,24.04187774658203,0.08395850658416748,-875.2955932617188,-881.6144409179688,-855.1060791015625,867.5712280273438,873.9830322265625,846.9999389648438,869.5869140625,876.0,849.0,876.0,906.0,30.0,3.3112582781456954,96.6887417218543,0,8899,0,813,4.798468589782715,4.585399627685547,5.4510178565979,0.9977861046791077,0.9649995565414429,0.9999802112579346,0.1120360866189003,0.9401413798332214,3.728818416595459,0.9999997019767761,351.63920521736145,351.6392071247101
G19,adam,auto,0,1834,1834,24.18729591369629,0.0834587812423706,-875.2498779296875,-881.5693969726562,-855.0581665039062,867.5969848632812,874.009033203125,847.0261840820312,869.5869140625,876.0,849.0,876.0,906.0,30.0,3.3112582781456954,96.6887417218543,0,8899,0,813,4.796401023864746,4.583442687988281,5.448966026306152,0.9977868795394897,0.9650039076805115,0.9999802112579346,0.11165539175271988,0.9401645064353943,3.2959840297698975,0.9999997019767761,351.8315341472626,351.8315360546112
G19,adam,auto,0,1835,1835,24.334503173828125,0.08295905590057373,-875.2044067382812,-881.5244140625,-855.0104370117188,867.6151733398438,874.0269775390625,847.0435791015625,869.5869140625,876.0,849.0,876.0,906.0,30.0,3.3112582781456954,96.6887417218543,0,8899,0,813,4.794349670410156,4.581505298614502,5.446955680847168,0.9977874755859375,0.9650083184242249,0.9999802112579346,0.11138834804296494,0.9401792883872986,3.771827459335327,0.9999997019767761,352.0221230983734,352.02212500572205
G19,adam,auto,0,1836,1836,24.48349380493164,0.08245927095413208,-875.1589965820312,-881.4796142578125,-854.9627685546875,867.6416015625,874.0537719726562,847.0703735351562,869.5869140625,876.0,849.0,876.0,906.0,30.0,3.3112582781456954,96.6887417218543,0,8899,0,813,4.792283058166504,4.579552173614502,5.444907188415527,0.99778813123703,0.9650129079818726,0.9999803304672241,0.11099470406770706,0.9402030110359192,3.2393698692321777,0.9999997019767761,352.21356225013733,352.21356415748596
G19,adam,auto,0,1837,1837,24.63433837890625,0.0819595456123352,-875.11376953125,-881.4349365234375,-854.915283203125,867.6586303710938,874.0704345703125,847.0869140625,869.5869140625,876.0,849.0,876.0,906.0,30.0,3.3112582781456954,96.6887417218543,0,8899,0,813,4.790236473083496,4.577610969543457,5.4428815841674805,0.9977888464927673,0.9650173187255859,0.9999803304672241,0.11074167490005493,0.9402164816856384,3.8291022777557373,0.9999997615814209,352.4042372703552,352.40423917770386
G19,adam,auto,0,1838,1838,24.78703498840332,0.08145976066589355,-875.0687866210938,-881.3903198242188,-854.8679809570312,867.685791015625,874.0984497070312,847.114013671875,869.5869140625,876.0,849.0,876.0,906.0,30.0,3.3112582781456954,96.6887417218543,0,8899,0,813,4.788167953491211,4.575656414031982,5.440840721130371,0.9977895021438599,0.9650218486785889,0.9999803304672241,0.11033134162425995,0.9402410984039307,3.171983003616333,0.9999997019767761,352.59453415870667,352.5945360660553
G19,adam,auto,0,1839,1839,24.94163703918457,0.08096003532409668,-875.023681640625,-881.3458251953125,-854.820556640625,867.7014770507812,874.113037109375,847.12939453125,869.5869140625,876.0,849.0,876.0,906.0,30.0,3.3112582781456954,96.6887417218543,0,8899,0,813,4.786123275756836,4.573723793029785,5.4388227462768555,0.9977900981903076,0.9650264382362366,0.9999804496765137,0.11009590327739716,0.9402530789375305,3.9017679691314697,0.9999997615814209,352.78584909439087,352.7858510017395
G19,adam,auto,0,1840,1840,25.098196029663086,0.0804603099822998,-874.9788208007812,-881.3015747070312,-854.7734375,867.7296142578125,874.1420288085938,847.1575927734375,869.5869140625,876.0,849.0,876.0,906.0,30.0,3.3112582781456954,96.6887417218543,0,8899,0,813,4.784053325653076,4.571751117706299,5.436773777008057,0.9977908134460449,0.965031087398529,0.9999804496765137,0.10966488718986511,0.9402787685394287,3.0861151218414307,0.9999997019767761,352.97713327407837,352.9771361351013
G19,adam,auto,0,1841,1841,25.256715774536133,0.07996052503585815,-874.93408203125,-881.25732421875,-854.7265014648438,867.7437744140625,874.1553955078125,847.1712646484375,869.5869140625,876.0,849.0,876.0,906.0,30.0,3.3112582781456954,96.6887417218543,0,8899,0,813,4.782010078430176,4.569815635681152,5.4347615242004395,0.9977913498878479,0.965035617351532,0.9999804496765137,0.10945074260234833,0.9402889013290405,3.9941463470458984,0.9999997019767761,353.1669521331787,353.16695404052734
G19,adam,auto,0,1842,1842,25.41727066040039,0.07946079969406128,-874.8895874023438,-881.2133178710938,-854.6796264648438,867.7730712890625,874.185546875,847.2010498046875,869.5869140625,876.0,849.0,876.0,906.0,30.0,3.3112582781456954,96.6887417218543,0,8899,0,813,4.779932975769043,4.567851543426514,5.432693958282471,0.99779212474823,0.965040385723114,0.9999805688858032,0.10899434983730316,0.9403159618377686,2.9763643741607666,0.9999997615814209,353.3585982322693,353.3586001396179
G19,adam,auto,0,1843,1843,25.579858779907227,0.07896101474761963,-874.844970703125,-881.1693725585938,-854.6328125,867.7855224609375,874.1968994140625,847.212646484375,869.5869140625,876.0,849.0,876.0,906.0,30.0,3.3112582781456954,96.6887417218543,0,8899,0,813,4.777889251708984,4.565913200378418,5.430665493011475,0.9977927207946777,0.9650450944900513,0.9999805688858032,0.10880634188652039,0.940324068069458,4.112725734710693,0.9999997615814209,353.5490140914917,353.54901599884033
G19,adam,auto,0,1844,1844,25.74456214904785,0.07846128940582275,-874.8007202148438,-881.1256103515625,-854.5863037109375,867.81640625,874.2291259765625,847.2439575195312,869.5869140625,876.0,849.0,876.0,906.0,30.0,3.3112582781456954,96.6887417218543,0,8899,0,813,4.77579927444458,4.563943386077881,5.428605556488037,0.9977934956550598,0.9650499820709229,0.9999805688858032,0.10831815749406815,0.9403527975082397,2.840564727783203,0.9999997019767761,353.7404251098633,353.7404270172119
G19,adam,auto,0,1845,1845,25.911378860473633,0.0779615044593811,-874.7564697265625,-881.0819091796875,-854.5397338867188,867.8267822265625,874.2381591796875,847.2538452148438,869.5869140625,876.0,849.0,876.0,906.0,30.0,3.3112582781456954,96.6887417218543,0,8899,0,813,4.7737531661987305,4.562004566192627,5.426578521728516,0.9977941513061523,0.9650547504425049,0.9999806880950928,0.10816176235675812,0.9403586983680725,4.27165412902832,0.9999997615814209,353.9309329986572,353.93093490600586
G19,adam,auto,0,1846,1846,26.08039093017578,0.07746177911758423,-874.7125244140625,-881.0384521484375,-854.4935302734375,867.859619140625,874.27294921875,847.2863159179688,869.5869140625,876.0,849.0,876.0,906.0,30.0,3.3112582781456954,96.6887417218543,0,8899,0,813,4.771642684936523,4.560003280639648,5.424481391906738,0.9977948665618896,0.9650596380233765,0.9999806880950928,0.10763528943061829,0.9403895735740662,2.664834499359131,0.9999996423721313,354.12223529815674,354.1222381591797
G19,adam,auto,0,1847,1847,26.251604080200195,0.07696205377578735,-874.6685180664062,-880.9949951171875,-854.4471435546875,867.8676147460938,874.2789306640625,847.294677734375,869.5869140625,876.0,849.0,876.0,906.0,30.0,3.3112582781456954,96.6887417218543,0,8899,0,813,4.769586563110352,4.5580525398254395,5.422442436218262,0.9977955222129822,0.965064525604248,0.9999806880950928,0.10751568526029587,0.9403926134109497,4.47709321975708,0.9999998211860657,354.3137722015381,354.3137741088867
G19,adam,auto,0,1848,1848,26.425098419189453,0.0764622688293457,-874.6248168945312,-880.9517822265625,-854.4012451171875,867.9028930664062,874.3165283203125,847.3287353515625,869.5869140625,876.0,849.0,876.0,906.0,30.0,3.3112582781456954,96.6887417218543,0,8899,0,813,4.767442226409912,4.556020736694336,5.420313358306885,0.9977961778640747,0.9650697112083435,0.9999808073043823,0.10694164782762527,0.9404263496398926,2.428818464279175,0.9999996423721313,354.5038251876831,354.50382709503174
G19,adam,auto,0,1849,1849,26.600881576538086,0.07596254348754883,-874.5809936523438,-880.9085693359375,-854.3550415039062,867.9080810546875,874.3192749023438,847.334716796875,869.5869140625,876.0,849.0,876.0,906.0,30.0,3.3112582781456954,96.6887417218543,0,8899,0,813,4.765366554260254,4.55405330657959,5.418256759643555,0.997796893119812,0.9650747179985046,0.9999808073043823,0.10686618834733963,0.9404261112213135,4.759395122528076,0.9999997615814209,354.69389820098877,354.6939010620117
G19,adam,auto,0,1850,1850,26.77903938293457,0.07546275854110718,-874.53759765625,-880.86572265625,-854.309326171875,867.9464111328125,874.3594970703125,847.37255859375,869.5869140625,876.0,849.0,876.0,906.0,30.0,3.3112582781456954,96.6887417218543,0,8899,0,813,4.763160705566406,4.551959037780762,5.416065216064453,0.9977976083755493,0.9650800228118896,0.9999808073043823,0.10623405873775482,0.9404632449150085,2.118942975997925,0.9999995827674866,354.88645005226135,354.8864529132843
G19,adam,auto,0,1851,1851,26.959579467773438,0.0749630331993103,-874.4940185546875,-880.8226928710938,-854.2635498046875,867.94873046875,874.359619140625,847.3746948242188,869.5869140625,876.0,849.0,876.0,906.0,30.0,3.3112582781456954,96.6887417218543,0,8899,0,813,4.761039733886719,4.549954414367676,5.413965225219727,0.9977983832359314,0.9650852680206299,0.9999809265136719,0.10620636492967606,0.940459668636322,5.157944202423096,0.9999998211860657,355.0817131996155,355.0817151069641
G19,adam,auto,0,1852,1852,27.14257049560547,0.07446330785751343,-874.4509887695312,-880.7801513671875,-854.2181396484375,867.9901733398438,874.40380859375,847.4173583984375,869.5869140625,876.0,849.0,876.0,906.0,30.0,3.3112582781456954,96.6887417218543,0,8899,0,813,4.7587103843688965,4.547736644744873,5.411643981933594,0.9977990388870239,0.9650910496711731,0.9999809265136719,0.1055108904838562,0.9405003786087036,1.678737759590149,0.9999995231628418,355.2760362625122,355.27603816986084
G19,adam,auto,0,1853,1853,27.328083038330078,0.07396352291107178,-874.4075927734375,-880.7373046875,-854.1724853515625,867.9901733398438,874.4007568359375,847.4158935546875,869.5869140625,876.0,849.0,876.0,906.0,30.0,3.3112582781456954,96.6887417218543,0,8899,0,813,4.756491184234619,4.545643329620361,5.4094414710998535,0.997799813747406,0.9650964736938477,0.9999810457229614,0.10552392154932022,0.9404937624931335,5.762994289398193,0.9999998211860657,355.46874618530273,355.46874809265137
G19,adam,auto,0,1854,1854,27.516128540039062,0.0734637975692749,-874.3648071289062,-880.6951293945312,-854.12744140625,868.0313720703125,874.44580078125,847.45751953125,869.5869140625,876.0,849.0,876.0,906.0,30.0,3.3112582781456954,96.6887417218543,0,8899,0,813,4.753832817077637,4.543128967285156,5.4068121910095215,0.9978007674217224,0.965103268623352,0.9999810457229614,0.10482243448495865,0.940534234046936,1.0716556310653687,0.9999991059303284,355.6620292663574,355.66203117370605
G19,adam,auto,0,1855,1855,27.70680046081543,0.07296401262283325,-874.3215942382812,-880.6525268554688,-854.0819702148438,868.0355834960938,874.4464111328125,847.461181640625,869.5869140625,876.0,849.0,876.0,906.0,30.0,3.3112582781456954,96.6887417218543,0,8899,0,813,4.751347541809082,4.540760040283203,5.404332160949707,0.9978016018867493,0.9651095867156982,0.9999810457229614,0.10476844012737274,0.9405314922332764,7.132015705108643,0.9999998211860657,355.85166597366333,355.85166907310486
G19,adam,auto,0,1856,1856,27.90011215209961,0.07246428728103638,-874.2794189453125,-880.6107788085938,-854.0374145507812,868.0197143554688,874.4385986328125,847.444091796875,869.5869140625,876.0,849.0,876.0,906.0,30.0,3.3112582781456954,96.6887417218543,0,8899,0,813,4.748722076416016,4.538267135620117,5.401711463928223,0.9978023767471313,0.9651163816452026,0.999981164932251,0.1050240769982338,0.9405081272125244,1.8039170503616333,0.999999463558197,356.0434000492096,356.0434019565582
G19,adam,auto,0,1857,1857,28.096162796020508,0.0719645619392395,-874.2349853515625,-880.5675048828125,-853.990966796875,868.034423828125,874.4545288085938,847.458740234375,869.5869140625,876.0,849.0,876.0,906.0,30.0,3.3112582781456954,96.6887417218543,0,8899,0,813,4.746315956115723,4.535983085632324,5.399316787719727,0.997803270816803,0.9651224613189697,0.999981164932251,0.10477090626955032,0.9405197501182556,14.588871955871582,0.9999999403953552,356.2339012622833,356.23390316963196
G19,adam,auto,0,1858,1858,28.294963836669922,0.07146477699279785,-874.1920776367188,-880.525390625,-853.94580078125,868.0770263671875,874.4908447265625,847.5018310546875,869.5869140625,876.0,849.0,876.0,906.0,30.0,3.3112582781456954,96.6887417218543,0,8899,0,813,4.744113445281982,4.533895969390869,5.397127151489258,0.9978039860725403,0.9651282429695129,0.9999812841415405,0.10406893491744995,0.9405625462532043,16.914648056030273,0.9999999403953552,356.42382526397705,356.4238271713257
G19,adam,auto,0,1859,1859,28.496623992919922,0.07096505165100098,-874.1517944335938,-880.48486328125,-853.9028930664062,868.1367797851562,874.55517578125,847.5628662109375,869.5869140625,876.0,849.0,876.0,906.0,30.0,3.3112582781456954,96.6887417218543,0,8899,0,813,4.742034912109375,4.531932353973389,5.395057201385498,0.9978047609329224,0.965133547782898,0.9999812841415405,0.10299991071224213,0.9406301975250244,7.080210208892822,0.9999998211860657,356.6145989894867,356.61460185050964
G19,adam,auto,0,1860,1860,28.701152801513672,0.07046526670455933,-874.1082153320312,-880.4421997070312,-853.857177734375,868.1624755859375,874.5841674804688,847.5889892578125,869.5869140625,876.0,849.0,876.0,906.0,30.0,3.3112582781456954,96.6887417218543,0,8899,0,813,4.740116596221924,4.5301032066345215,5.393141746520996,0.9978052973747253,0.9651385545730591,0.9999812841415405,0.10251901298761368,0.940658688545227,13.62236213684082,0.9999999403953552,356.80759930610657,356.8076012134552
G19,adam,auto,0,1861,1861,28.90866470336914,0.06996554136276245,-874.0645141601562,-880.3997802734375,-853.8114624023438,868.1649169921875,874.5821533203125,847.59033203125,869.5869140625,876.0,849.0,876.0,906.0,30.0,3.3112582781456954,96.6887417218543,0,8899,0,813,4.738356113433838,4.528431415557861,5.391397476196289,0.9978058934211731,0.9651431441307068,0.9999812841415405,0.10251137614250183,0.9406564831733704,19.869140625,0.9999998807907104,356.9980800151825,356.9980819225311
G19,adam,auto,0,1862,1862,29.11917495727539,0.0694657564163208,-874.0242919921875,-880.3595581054688,-853.768798828125,868.1494750976562,874.56298828125,847.5733032226562,869.5869140625,876.0,849.0,876.0,906.0,30.0,3.3112582781456954,96.6887417218543,0,8899,0,813,4.736721038818359,4.526885032653809,5.389771461486816,0.9978064894676208,0.9651473164558411,0.9999814033508301,0.10281439870595932,0.940631628036499,13.970892906188965,0.9999999403953552,357.187771320343,357.18777322769165
G19,adam,auto,0,1863,1863,29.33279800415039,0.06896603107452393,-873.9833984375,-880.3187255859375,-853.7254638671875,868.176025390625,874.591064453125,847.6004028320312,869.5869140625,876.0,849.0,876.0,906.0,30.0,3.3112582781456954,96.6887417218543,0,8899,0,813,4.735116481781006,4.525369167327881,5.388158798217773,0.9978070259094238,0.9651515483856201,0.9999814033508301,0.10233242064714432,0.9406520128250122,5.1093292236328125,0.9999998807907104,357.3769190311432,357.3769209384918
G19,adam,auto,0,1864,1864,29.549551010131836,0.06846630573272705,-873.9412231445312,-880.27734375,-853.6810302734375,868.2094116210938,874.6236572265625,847.6343994140625,869.5869140625,876.0,849.0,876.0,906.0,30.0,3.3112582781456954,96.6887417218543,0,8899,0,813,4.733607292175293,4.523929119110107,5.386660575866699,0.997807502746582,0.9651555418968201,0.9999814033508301,0.10173249989748001,0.9406816363334656,10.96791934967041,0.9999999403953552,357.56973814964294,357.5697400569916
G19,adam,auto,0,1865,1865,29.769533157348633,0.0679665207862854,-873.8997802734375,-880.2363891601562,-853.6372680664062,868.2296142578125,874.6431274414062,847.6543579101562,869.5869140625,876.0,849.0,876.0,906.0,30.0,3.3112582781456954,96.6887417218543,0,8899,0,813,4.732178211212158,4.522566795349121,5.385238170623779,0.9978079795837402,0.9651593565940857,0.9999814033508301,0.10136724263429642,0.9406987428665161,9.771349906921387,0.9999998807907104,357.75968527793884,357.7596871852875
G19,adam,auto,0,1866,1866,29.992841720581055,0.06746679544448853,-873.8583984375,-880.1953125,-853.593505859375,868.22802734375,874.6415405273438,847.651123046875,869.5869140625,876.0,849.0,876.0,906.0,30.0,3.3112582781456954,96.6887417218543,0,8899,0,813,4.730773448944092,4.521240711212158,5.383838653564453,0.9978085160255432,0.9651631116867065,0.9999815225601196,0.10139946639537811,0.940689742565155,5.966804027557373,0.9999998211860657,357.9508333206177,357.9508352279663
G19,adam,auto,0,1867,1867,30.219499588012695,0.06696701049804688,-873.8167724609375,-880.1544799804688,-853.549560546875,868.2440185546875,874.6585693359375,847.6669921875,869.5869140625,876.0,849.0,876.0,906.0,30.0,3.3112582781456954,96.6887417218543,0,8899,0,813,4.7294206619262695,4.519951343536377,5.382480621337891,0.9978089332580566,0.9651666879653931,0.9999815225601196,0.10110553354024887,0.9406972527503967,7.942802429199219,0.9999998211860657,358.14285016059875,358.1428520679474
G19,adam,auto,0,1868,1868,30.449634552001953,0.06646728515625,-873.7755126953125,-880.1136474609375,-853.506103515625,868.27978515625,874.6925048828125,847.703857421875,869.5869140625,876.0,849.0,876.0,906.0,30.0,3.3112582781456954,96.6887417218543,0,8899,0,813,4.728109836578369,4.518709182739258,5.3811750411987305,0.9978093504905701,0.9651702046394348,0.9999815225601196,0.10044126212596893,0.940727710723877,7.457655906677246,0.9999998807907104,358.33287501335144,358.3328769207001
G19,adam,auto,0,1869,1869,30.68327522277832,0.06596755981445312,-873.7344970703125,-880.0731201171875,-853.462646484375,868.29931640625,874.7129516601562,847.723876953125,869.5869140625,876.0,849.0,876.0,906.0,30.0,3.3112582781456954,96.6887417218543,0,8899,0,813,4.726811408996582,4.517472743988037,5.379880905151367,0.997809886932373,0.9651737809181213,0.9999815225601196,0.10007330030202866,0.94074547290802,6.170408248901367,0.9999998211860657,358.52307629585266,358.5230782032013
G19,adam,auto,0,1870,1870,30.920557022094727,0.06546777486801147,-873.6934204101562,-880.0325317382812,-853.4191284179688,868.3004760742188,874.7135009765625,847.7236328125,869.5869140625,876.0,849.0,876.0,906.0,30.0,3.3112582781456954,96.6887417218543,0,8899,0,813,4.725528717041016,4.516265392303467,5.3785858154296875,0.9978102445602417,0.9651772975921631,0.9999815225601196,0.10005460679531097,0.9407426714897156,6.064619541168213,0.9999998807907104,358.71394205093384,358.71394395828247
G19,adam,auto,0,1871,1871,31.161508560180664,0.0649680495262146,-873.6525268554688,-879.9921875,-853.3759765625,868.3209228515625,874.7341918945312,847.7430419921875,869.5869140625,876.0,849.0,876.0,906.0,30.0,3.3112582781456954,96.6887417218543,0,8899,0,813,4.724249362945557,4.5150465965271,5.377314567565918,0.9978106617927551,0.9651808738708496,0.9999816417694092,0.09966985881328583,0.9407577514648438,5.858426570892334,0.9999997019767761,358.90583205223083,358.9058349132538
G19,adam,auto,0,1872,1872,31.406274795532227,0.06446826457977295,-873.6116943359375,-879.951904296875,-853.3328247070312,868.3519897460938,874.7647705078125,847.7757568359375,869.5869140625,876.0,849.0,876.0,906.0,30.0,3.3112582781456954,96.6887417218543,0,8899,0,813,4.722968578338623,4.513826370239258,5.376036643981934,0.9978111386299133,0.9651845097541809,0.9999816417694092,0.0990690290927887,0.9407876133918762,5.435364246368408,0.9999998211860657,359.09598898887634,359.095990896225
G19,adam,auto,0,1873,1873,31.65488624572754,0.06396853923797607,-873.5709838867188,-879.9117431640625,-853.2899169921875,868.35888671875,874.771240234375,847.7826538085938,869.5869140625,876.0,849.0,876.0,906.0,30.0,3.3112582781456954,96.6887417218543,0,8899,0,813,4.721678256988525,4.512598514556885,5.374748229980469,0.9978116154670715,0.965188205242157,0.9999816417694092,0.09893982857465744,0.9407930374145508,5.258477210998535,0.9999999403953552,359.287846326828,359.28784823417664
G19,adam,auto,0,1874,1874,31.907495498657227,0.0634688138961792,-873.5305786132812,-879.871826171875,-853.2470092773438,868.3701782226562,874.783203125,847.7919921875,869.5869140625,876.0,849.0,876.0,906.0,30.0,3.3112582781456954,96.6887417218543,0,8899,0,813,4.720361232757568,4.5113630294799805,5.3734235763549805,0.9978119730949402,0.9651919603347778,0.9999816417694092,0.09872333705425262,0.9407985806465149,4.694934368133545,0.9999997019767761,359.47849702835083,359.47849893569946
G19,adam,auto,0,1875,1875,32.16413879394531,0.06296902894973755,-873.489990234375,-879.8319091796875,-853.2042846679688,868.4000244140625,874.8125,847.822509765625,869.5869140625,876.0,849.0,876.0,906.0,30.0,3.3112582781456954,96.6887417218543,0,8899,0,813,4.719027519226074,4.510092735290527,5.372093200683594,0.9978125095367432,0.965195894241333,0.9999816417694092,0.0981355607509613,0.9408251643180847,4.835663795471191,0.9999997615814209,359.6693801879883,359.6693820953369
G19,adam,auto,0,1876,1876,32.42497253417969,0.062469303607940674,-873.4498291015625,-879.7921752929688,-853.1617431640625,868.4097290039062,874.8223876953125,847.8331298828125,869.5869140625,876.0,849.0,876.0,906.0,30.0,3.3112582781456954,96.6887417218543,0,8899,0,813,4.7176618576049805,4.508786201477051,5.370715141296387,0.9978129863739014,0.965199887752533,0.9999817609786987,0.09794629365205765,0.9408324956893921,4.374250411987305,0.9999997019767761,359.8626010417938,359.86260294914246
G19,adam,auto,0,1877,1877,32.690040588378906,0.06196951866149902,-873.4097290039062,-879.7526245117188,-853.1192016601562,868.4227905273438,874.8353881835938,847.8445434570312,869.5869140625,876.0,849.0,876.0,906.0,30.0,3.3112582781456954,96.6887417218543,0,8899,0,813,4.716259956359863,4.507462501525879,5.369320869445801,0.9978135228157043,0.9652040004730225,0.9999817609786987,0.09768839180469513,0.9408381581306458,4.270114421844482,0.9999997615814209,360.0559871196747,360.0559890270233
G19,adam,auto,0,1878,1878,32.95948028564453,0.06146979331970215,-873.3696899414062,-879.713134765625,-853.0769653320312,868.44970703125,874.8621215820312,847.8718872070312,869.5869140625,876.0,849.0,876.0,906.0,30.0,3.3112582781456954,96.6887417218543,0,8899,0,813,4.71481990814209,4.5060930252075195,5.3678741455078125,0.9978139996528625,0.9652082920074463,0.9999817609786987,0.09714458137750626,0.9408619403839111,4.029993534088135,0.9999997615814209,360.2480089664459,360.24801087379456
G19,adam,auto,0,1879,1879,33.233428955078125,0.0609700083732605,-873.3297729492188,-879.673828125,-853.0347900390625,868.4547729492188,874.8673095703125,847.8775634765625,869.5869140625,876.0,849.0,876.0,906.0,30.0,3.3112582781456954,96.6887417218543,0,8899,0,813,4.713336944580078,4.504685401916504,5.366379737854004,0.9978144764900208,0.9652127623558044,0.9999817609786987,0.09704532474279404,0.9408628344535828,3.9321961402893066,0.9999997019767761,360.47075724601746,360.4707591533661
G19,adam,auto,0,1880,1880,33.511940002441406,0.06047028303146362,-873.2902221679688,-879.6346435546875,-852.9927368164062,868.478271484375,874.8907470703125,847.8997802734375,869.5869140625,876.0,849.0,876.0,906.0,30.0,3.3112582781456954,96.6887417218543,0,8899,0,813,4.711810111999512,4.503230094909668,5.364853858947754,0.9978151321411133,0.9652174115180969,0.9999818801879883,0.09656444936990738,0.9408795237541199,3.77307391166687,0.9961962103843689,360.66194009780884,360.66194200515747
G19,adam,auto,0,1881,1881,33.795188903808594,0.05997055768966675,-873.2506103515625,-879.5955810546875,-852.9508056640625,868.4921875,874.9047241210938,847.91455078125,869.5869140625,876.0,849.0,876.0,906.0,30.0,3.3112582781456954,96.6887417218543,0,8899,0,813,4.710237979888916,4.50173282623291,5.363263130187988,0.9978156089782715,0.9652222990989685,0.9999818801879883,0.0962798148393631,0.9408925175666809,3.7128682136535645,0.9999997019767761,360.84761238098145,360.8476142883301
G19,adam,auto,0,1882,1882,34.08323287963867,0.0594707727432251,-873.2111206054688,-879.5567626953125,-852.9089965820312,868.5059204101562,874.918701171875,847.9276123046875,869.5869140625,876.0,849.0,876.0,906.0,30.0,3.3112582781456954,96.6887417218543,0,8899,0,813,4.708613395690918,4.500195026397705,5.361637115478516,0.9978162050247192,0.9652274250984192,0.9999818801879883,0.09599829465150833,0.9408988356590271,3.5183968544006348,0.9999996423721313,361.0503902435303,361.0503931045532
G19,adam,auto,0,1883,1883,34.37626647949219,0.05897104740142822,-873.1718139648438,-879.5179443359375,-852.867431640625,868.5266723632812,874.9393920898438,847.9482421875,869.5869140625,876.0,849.0,876.0,906.0,30.0,3.3112582781456954,96.6887417218543,0,8899,0,813,4.706945896148682,4.498607635498047,5.359963893890381,0.9978167414665222,0.9652326107025146,0.9999818801879883,0.09556368738412857,0.9409188628196716,3.5717785358428955,0.9999997615814209,361.2430510520935,361.24305295944214
G19,adam,auto,0,1884,1884,34.67434310913086,0.05847126245498657,-873.1326293945312,-879.4793090820312,-852.825927734375,868.535888671875,874.9486694335938,847.9576416015625,869.5869140625,876.0,849.0,876.0,906.0,30.0,3.3112582781456954,96.6887417218543,0,8899,0,813,4.7052321434021,4.496982574462891,5.358235836029053,0.9978173971176147,0.965238094329834,0.9999819993972778,0.09537211060523987,0.9409220218658447,3.4358181953430176,0.9999997615814209,361.42878699302673,361.42878890037537
G19,adam,auto,0,1885,1885,34.9776725769043,0.0579715371131897,-873.0936279296875,-879.4408569335938,-852.7844848632812,868.5582885742188,874.9708251953125,847.9798583984375,869.5869140625,876.0,849.0,876.0,906.0,30.0,3.3112582781456954,96.6887417218543,0,8899,0,813,4.7034807205200195,4.495309829711914,5.356471061706543,0.9978179931640625,0.9652436375617981,0.9999819993972778,0.0948963463306427,0.9409423470497131,3.551640272140503,0.9999997615814209,361.61739325523376,361.6173951625824
G19,adam,auto,0,1886,1886,35.286319732666016,0.05747181177139282,-873.0546875,-879.4024658203125,-852.7432861328125,868.5673217773438,874.980224609375,847.98828125,869.5869140625,876.0,849.0,876.0,906.0,30.0,3.3112582781456954,96.6887417218543,0,8899,0,813,4.701693058013916,4.49361515045166,5.354671478271484,0.9978187084197998,0.9652494192123413,0.9999819993972778,0.09470656514167786,0.940946102142334,3.4524552822113037,0.9999997615814209,361.8079180717468,361.80791997909546
G19,adam,auto,0,1887,1887,35.60049819946289,0.05697202682495117,-873.0158081054688,-879.3642578125,-852.7022094726562,868.5878295898438,875.0003662109375,848.0093383789062,869.5869140625,876.0,849.0,876.0,906.0,30.0,3.3112582781456954,96.6887417218543,0,8899,0,813,4.699877738952637,4.491894245147705,5.352839946746826,0.9978193640708923,0.9652552604675293,0.9999819993972778,0.0942632332444191,0.9409629702568054,3.6311872005462646,0.9999997615814209,361.9994571208954,361.999459028244
G19,adam,auto,0,1888,1888,35.920284271240234,0.0564723014831543,-872.977294921875,-879.326171875,-852.6612548828125,868.5996704101562,875.012451171875,848.0208129882812,869.5869140625,876.0,849.0,876.0,906.0,30.0,3.3112582781456954,96.6887417218543,0,8899,0,813,4.698038101196289,4.490143299102783,5.35098934173584,0.9978200793266296,0.9652613997459412,0.9999821186065674,0.09400707483291626,0.9409700036048889,3.5267388820648193,0.9999997615814209,362.189297914505,362.18929982185364
G19,adam,auto,0,1889,1889,36.245906829833984,0.055972516536712646,-872.938720703125,-879.2882690429688,-852.620361328125,868.6160278320312,875.0285034179688,848.0368041992188,869.5869140625,876.0,849.0,876.0,906.0,30.0,3.3112582781456954,96.6887417218543,0,8899,0,813,4.696173667907715,4.488367557525635,5.3491058349609375,0.9978206753730774,0.9652674794197083,0.9999821186065674,0.09364891052246094,0.9409818649291992,3.5663154125213623,0.9999997019767761,362.38078808784485,362.3807899951935
G19,adam,auto,0,1890,1890,36.577449798583984,0.05547279119491577,-872.900390625,-879.2504272460938,-852.5797119140625,868.631591796875,875.0441284179688,848.052490234375,869.5869140625,876.0,849.0,876.0,906.0,30.0,3.3112582781456954,96.6887417218543,0,8899,0,813,4.6942853927612305,4.486565589904785,5.3471856117248535,0.9978215098381042,0.9652738571166992,0.9999821186065674,0.09330718219280243,0.9409924149513245,3.492821216583252,0.9999997615814209,362.5727880001068,362.57278990745544
G19,adam,auto,0,1891,1891,36.91511154174805,0.054973065853118896,-872.8621826171875,-879.2128295898438,-852.5391845703125,868.6444091796875,875.0568237304688,848.0653076171875,869.5869140625,876.0,849.0,876.0,906.0,30.0,3.3112582781456954,96.6887417218543,0,8899,0,813,4.692378044128418,4.484762668609619,5.345274448394775,0.997822105884552,0.9652801752090454,0.9999821186065674,0.09302335232496262,0.9410010576248169,3.5814015865325928,0.9999997615814209,362.76351714134216,362.7635190486908
G19,adam,auto,0,1892,1892,37.25910568237305,0.054473280906677246,-872.82421875,-879.1752319335938,-852.4988403320312,868.662109375,875.07470703125,848.0824584960938,869.5869140625,876.0,849.0,876.0,906.0,30.0,3.3112582781456954,96.6887417218543,0,8899,0,813,4.690443992614746,4.4829277992248535,5.343317985534668,0.9978228807449341,0.9652867317199707,0.9999822378158569,0.09262246638536453,0.9410141110420227,3.4078447818756104,0.9999996423721313,362.954519033432,362.95452213287354
G19,adam,auto,0,1893,1893,37.609527587890625,0.05397355556488037,-872.7861938476562,-879.1378173828125,-852.45849609375,868.6729736328125,875.085693359375,848.0936279296875,869.5869140625,876.0,849.0,876.0,906.0,30.0,3.3112582781456954,96.6887417218543,0,8899,0,813,4.688503742218018,4.481069087982178,5.3413591384887695,0.9978234767913818,0.9652934074401855,0.9999822378158569,0.09237856417894363,0.9410212635993958,3.654240846633911,0.9999997615814209,363.1474771499634,363.147479057312
G19,adam,auto,0,1894,1894,37.966651916503906,0.05347377061843872,-872.7484130859375,-879.1006469726562,-852.4182739257812,868.6912231445312,875.1035766601562,848.1114501953125,869.5869140625,876.0,849.0,876.0,906.0,30.0,3.3112582781456954,96.6887417218543,0,8899,0,813,4.686537265777588,4.4792022705078125,5.339369773864746,0.9978242516517639,0.9653000235557556,0.9999822378158569,0.0919613465666771,0.941034734249115,3.420273780822754,0.9999998211860657,363.33909010887146,363.3390920162201
G19,adam,auto,0,1895,1895,38.33057403564453,0.052974045276641846,-872.7105712890625,-879.0634765625,-852.3782958984375,868.7017822265625,875.114501953125,848.1221923828125,869.5869140625,876.0,849.0,876.0,906.0,30.0,3.3112582781456954,96.6887417218543,0,8899,0,813,4.684559345245361,4.477330684661865,5.337374210357666,0.997825026512146,0.9653066992759705,0.9999822378158569,0.09171704947948456,0.9410416483879089,3.5412473678588867,0.9999997615814209,363.5292212963104,363.52922320365906
G19,adam,auto,0,1896,1896,38.70158767700195,0.052474260330200195,-872.6732177734375,-879.0264892578125,-852.3383178710938,868.718994140625,875.1317138671875,848.1390380859375,869.5869140625,876.0,849.0,876.0,906.0,30.0,3.3112582781456954,96.6887417218543,0,8899,0,813,4.68256950378418,4.475432395935059,5.335349082946777,0.9978257417678833,0.9653133749961853,0.9999823570251465,0.09131554514169693,0.9410539269447327,3.5466697216033936,0.9999997615814209,363.7214741706848,363.72147607803345
G19,adam,auto,0,1897,1897,39.07980728149414,0.05197453498840332,-872.6356811523438,-878.9896240234375,-852.2986450195312,868.730712890625,875.1431884765625,848.1509399414062,869.5869140625,876.0,849.0,876.0,906.0,30.0,3.3112582781456954,96.6887417218543,0,8899,0,813,4.68056058883667,4.473516941070557,5.333311080932617,0.9978265166282654,0.9653202891349792,0.9999823570251465,0.09104223549365997,0.9410617351531982,3.4233596324920654,0.9999997615814209,363.91213607788086,363.9121379852295
G19,adam,auto,0,1898,1898,39.46554183959961,0.051474809646606445,-872.598388671875,-878.952880859375,-852.2590942382812,868.7462158203125,875.15869140625,848.1660766601562,869.5869140625,876.0,849.0,876.0,906.0,30.0,3.3112582781456954,96.6887417218543,0,8899,0,813,4.6785454750061035,4.471606731414795,5.331279277801514,0.9978272318840027,0.9653270244598389,0.9999823570251465,0.09067410975694656,0.9410717487335205,3.6042191982269287,0.9999997019767761,364.10277009010315,364.1027719974518
G19,adam,auto,0,1899,1899,39.858917236328125,0.050975024700164795,-872.561279296875,-878.9163208007812,-852.219482421875,868.7590942382812,875.1717529296875,848.1788330078125,869.5869140625,876.0,849.0,876.0,906.0,30.0,3.3112582781456954,96.6887417218543,0,8899,0,813,4.676514148712158,4.469677448272705,5.329215049743652,0.9978280067443848,0.9653340578079224,0.999982476234436,0.09036533534526825,0.9410809874534607,3.4055843353271484,0.9999997615814209,364.29503321647644,364.2950351238251
G19,adam,auto,0,1900,1900,40.26026153564453,0.05047529935836792,-872.524169921875,-878.8797607421875,-852.18017578125,868.7730102539062,875.1854858398438,848.1930541992188,869.5869140625,876.0,849.0,876.0,906.0,30.0,3.3112582781456954,96.6887417218543,0,8899,0,813,4.67447566986084,4.467732906341553,5.327149391174316,0.9978287220001221,0.9653410315513611,0.999982476234436,0.09002941101789474,0.9410889744758606,3.568337917327881,0.9999996423721313,364.48531317710876,364.4853150844574
G19,adam,auto,0,1901,1901,40.66972351074219,0.04997551441192627,-872.4874267578125,-878.843505859375,-852.1409301757812,868.7866821289062,875.199462890625,848.2059326171875,869.5869140625,876.0,849.0,876.0,906.0,30.0,3.3112582781456954,96.6887417218543,0,8899,0,813,4.672425746917725,4.46578311920166,5.325067520141602,0.9978296160697937,0.9653481245040894,0.999982476234436,0.08969482779502869,0.9410991668701172,3.450777053833008,0.9999997615814209,364.68015909194946,364.6801609992981
G19,adam,auto,0,1902,1902,41.087646484375,0.049475789070129395,-872.4506225585938,-878.8073120117188,-852.1019287109375,868.7996215820312,875.2123413085938,848.2196044921875,869.5869140625,876.0,849.0,876.0,906.0,30.0,3.3112582781456954,96.6887417218543,0,8899,0,813,4.670368194580078,4.463831424713135,5.322986602783203,0.9978303909301758,0.965355396270752,0.999982476234436,0.08937843888998032,0.941106379032135,3.519129753112793,0.9999997019767761,364.8737871646881,364.87379026412964
G19,adam,auto,0,1903,1903,41.514198303222656,0.04897606372833252,-872.4140014648438,-878.771240234375,-852.0628662109375,868.8135986328125,875.2264404296875,848.2326049804688,869.5869140625,876.0,849.0,876.0,906.0,30.0,3.3112582781456954,96.6887417218543,0,8899,0,813,4.668300628662109,4.461858749389648,5.320883750915527,0.9978310465812683,0.9653627276420593,0.9999825954437256,0.0890292376279831,0.9411165714263916,3.4866397380828857,0.9999997019767761,365.06692004203796,365.0669219493866
G19,adam,auto,0,1904,1904,41.94969940185547,0.04847627878189087,-872.3775024414062,-878.7352905273438,-852.0240478515625,868.8256225585938,875.238525390625,848.2450561523438,869.5869140625,876.0,849.0,876.0,906.0,30.0,3.3112582781456954,96.6887417218543,0,8899,0,813,4.666229724884033,4.459888458251953,5.318772792816162,0.9978318810462952,0.9653700590133667,0.9999825954437256,0.08872579783201218,0.9411237835884094,3.50929856300354,0.9999996423721313,365.2569851875305,365.25698709487915
G19,adam,auto,0,1905,1905,42.39448928833008,0.047976553440093994,-872.3411254882812,-878.699462890625,-851.9852905273438,868.8400268554688,875.2528686523438,848.2593994140625,869.5869140625,876.0,849.0,876.0,906.0,30.0,3.3112582781456954,96.6887417218543,0,8899,0,813,4.664146900177002,4.457900524139404,5.316662311553955,0.9978326559066772,0.9653774499893188,0.9999825954437256,0.08836127817630768,0.941133439540863,3.4850192070007324,0.9999997615814209,365.44659996032715,365.4466018676758
G19,adam,auto,0,1906,1906,42.8487548828125,0.047476768493652344,-872.3048706054688,-878.663818359375,-851.9468383789062,868.85107421875,875.2640380859375,848.2698974609375,869.5869140625,876.0,849.0,876.0,906.0,30.0,3.3112582781456954,96.6887417218543,0,8899,0,813,4.6620612144470215,4.455920219421387,5.314536094665527,0.9978334903717041,0.9653849005699158,0.9999825954437256,0.08807738870382309,0.9411404728889465,3.5246922969818115,0.9999997615814209,365.64075112342834,365.640753030777
G19,adam,auto,0,1907,1907,43.31291961669922,0.04697704315185547,-872.268798828125,-878.6282958984375,-851.9083251953125,868.8660278320312,875.2791748046875,848.2852783203125,869.5869140625,876.0,849.0,876.0,906.0,30.0,3.3112582781456954,96.6887417218543,0,8899,0,813,4.659969329833984,4.453932285308838,5.312409400939941,0.9978342652320862,0.9653924703598022,0.9999827146530151,0.08768928796052933,0.941149890422821,3.4902963638305664,0.9999997615814209,365.8307480812073,365.8307499885559
G19,adam,auto,0,1908,1908,43.787193298339844,0.046477317810058594,-872.2327880859375,-878.5928344726562,-851.8699340820312,868.8759155273438,875.2889404296875,848.2944946289062,869.5869140625,876.0,849.0,876.0,906.0,30.0,3.3112582781456954,96.6887417218543,0,8899,0,813,4.657871246337891,4.451937675476074,5.310268878936768,0.997835099697113,0.9653996825218201,0.9999827146530151,0.08743040263652802,0.9411563277244568,3.5065860748291016,0.9999998211860657,366.022203207016,366.0222051143646
G19,adam,auto,0,1909,1909,44.27202606201172,0.04597753286361694,-872.197021484375,-878.5576171875,-851.831787109375,868.8912963867188,875.3043212890625,848.3104858398438,869.5869140625,876.0,849.0,876.0,906.0,30.0,3.3112582781456954,96.6887417218543,0,8899,0,813,4.655770301818848,4.449938774108887,5.308131217956543,0.9978359341621399,0.965407133102417,0.9999827146530151,0.0870211273431778,0.9411656856536865,3.521512985229492,0.9999998211860657,366.2125189304352,366.2125220298767
G19,adam,auto,0,1910,1910,44.76765441894531,0.04547780752182007,-872.1613159179688,-878.5224609375,-851.7937622070312,868.9005737304688,875.3135375976562,848.3189086914062,869.5869140625,876.0,849.0,876.0,906.0,30.0,3.3112582781456954,96.6887417218543,0,8899,0,813,4.653658390045166,4.4479241371154785,5.305975914001465,0.997836709022522,0.9654145836830139,0.9999828338623047,0.08677536249160767,0.9411716461181641,3.443178415298462,0.9999998211860657,366.4038531780243,366.4038550853729
G19,adam,auto,0,1911,1911,45.27457046508789,0.04497802257537842,-872.1257934570312,-878.4874877929688,-851.755859375,868.9155883789062,875.3287353515625,848.3345947265625,869.5869140625,876.0,849.0,876.0,906.0,30.0,3.3112582781456954,96.6887417218543,0,8899,0,813,4.65155029296875,4.445919036865234,5.303823471069336,0.997837483882904,0.9654221534729004,0.9999828338623047,0.086366206407547,0.9411803483963013,3.588761329650879,0.9999997019767761,366.5940282344818,366.59403109550476
G19,adam,auto,0,1912,1912,45.793033599853516,0.04447829723358154,-872.0903930664062,-878.4525756835938,-851.7181396484375,868.92529296875,875.3383178710938,848.343505859375,869.5869140625,876.0,849.0,876.0,906.0,30.0,3.3112582781456954,96.6887417218543,0,8899,0,813,4.649425029754639,4.443897247314453,5.301668167114258,0.9978383779525757,0.9654297232627869,0.9999828338623047,0.08610393106937408,0.9411866068840027,3.354355573654175,0.9999997019767761,366.78596115112305,366.7859630584717
G19,adam,auto,0,1913,1913,46.323570251464844,0.04397857189178467,-872.0549926757812,-878.4178466796875,-851.680419921875,868.9390258789062,875.351806640625,848.357666015625,869.5869140625,876.0,849.0,876.0,906.0,30.0,3.3112582781456954,96.6887417218543,0,8899,0,813,4.647307395935059,4.441892623901367,5.299508094787598,0.9978392720222473,0.9654373526573181,0.9999828338623047,0.08572658151388168,0.9411941170692444,3.677142858505249,0.9999997615814209,366.9759843349457,366.9759862422943
G19,adam,auto,0,1914,1914,46.86648178100586,0.04347878694534302,-872.0198974609375,-878.38330078125,-851.6429443359375,868.9500122070312,875.3631591796875,848.3679809570312,869.5869140625,876.0,849.0,876.0,906.0,30.0,3.3112582781456954,96.6887417218543,0,8899,0,813,4.645169734954834,4.439844131469727,5.297316551208496,0.9978399872779846,0.9654451608657837,0.9999829530715942,0.0854153260588646,0.9412015676498413,3.2594492435455322,0.9999998211860657,367.1700050830841,367.17000699043274
G19,adam,auto,0,1915,1915,47.42233657836914,0.04297906160354614,-871.9848022460938,-878.3487548828125,-851.60546875,868.96142578125,875.374267578125,848.3798828125,869.5869140625,876.0,849.0,876.0,906.0,30.0,3.3112582781456954,96.6887417218543,0,8899,0,813,4.64304256439209,4.4378204345703125,5.295146465301514,0.9978408217430115,0.9654529094696045,0.9999829530715942,0.0850963294506073,0.941207230091095,3.786792516708374,0.9999997615814209,367.3584420681,367.3584439754486
G19,adam,auto,0,1916,1916,47.99146270751953,0.04247927665710449,-871.9500122070312,-878.314453125,-851.5682983398438,868.974609375,875.3878784179688,848.3923950195312,869.5869140625,876.0,849.0,876.0,906.0,30.0,3.3112582781456954,96.6887417218543,0,8899,0,813,4.64088773727417,4.435766220092773,5.292935371398926,0.9978417754173279,0.9654608964920044,0.9999829530715942,0.08471650630235672,0.941216230392456,3.141554594039917,0.9999997019767761,367.55084228515625,367.5508441925049
G19,adam,auto,0,1917,1917,48.57442092895508,0.04197955131530762,-871.9152221679688,-878.2802734375,-851.5311279296875,868.9833984375,875.396240234375,848.4014892578125,869.5869140625,876.0,849.0,876.0,906.0,30.0,3.3112582781456954,96.6887417218543,0,8899,0,813,4.638752460479736,4.433737277984619,5.290754318237305,0.9978424906730652,0.9654688239097595,0.9999830722808838,0.08446553349494934,0.9412198662757874,3.9014108180999756,0.9999998807907104,367.7414331436157,367.74143505096436
G19,adam,auto,0,1918,1918,49.171783447265625,0.04147976636886597,-871.880615234375,-878.2461547851562,-851.4940795898438,868.9984130859375,875.4122314453125,848.4163818359375,869.5869140625,876.0,849.0,876.0,906.0,30.0,3.3112582781456954,96.6887417218543,0,8899,0,813,4.63657808303833,4.43165922164917,5.288527965545654,0.9978433847427368,0.965476930141449,0.9999830722808838,0.08401793986558914,0.9412304759025574,3.0169169902801514,0.9999997615814209,367.93174409866333,367.93174600601196
G19,adam,auto,0,1919,1919,49.78395080566406,0.04098004102706909,-871.8460083007812,-878.2122192382812,-851.4573364257812,869.0050048828125,875.4179077148438,848.4229125976562,869.5869140625,876.0,849.0,876.0,906.0,30.0,3.3112582781456954,96.6887417218543,0,8899,0,813,4.634428977966309,4.429619312286377,5.286334037780762,0.9978442192077637,0.9654850363731384,0.9999830722808838,0.08382824063301086,0.9412320256233215,4.001762390136719,0.9999997615814209,368.12242913246155,368.1224310398102
G19,adam,auto,0,1920,1920,50.411624908447266,0.04048031568527222,-871.8118286132812,-878.1784057617188,-851.4205932617188,869.0216064453125,875.4351806640625,848.4396362304688,869.5869140625,876.0,849.0,876.0,906.0,30.0,3.3112582781456954,96.6887417218543,0,8899,0,813,4.632232666015625,4.427521228790283,5.284077167510986,0.9978451132774353,0.9654932618141174,0.9999830722808838,0.08332625031471252,0.9412440061569214,2.912909984588623,0.9999996423721313,368.31315994262695,368.3131630420685
G19,adam,auto,0,1921,1921,51.05525588989258,0.039980530738830566,-871.7774047851562,-878.1446533203125,-851.3839111328125,869.0264892578125,875.439453125,848.4439086914062,869.5869140625,876.0,849.0,876.0,906.0,30.0,3.3112582781456954,96.6887417218543,0,8899,0,813,4.630068778991699,4.425467491149902,5.281862258911133,0.9978459477424622,0.965501606464386,0.9999831914901733,0.08318348228931427,0.9412437677383423,4.090488910675049,0.9999998807907104,368.50458908081055,368.5045909881592
G19,adam,auto,0,1922,1922,51.71561050415039,0.03948080539703369,-871.743408203125,-878.1112060546875,-851.3474731445312,869.0438232421875,875.4570922851562,848.4619750976562,869.5869140625,876.0,849.0,876.0,906.0,30.0,3.3112582781456954,96.6887417218543,0,8899,0,813,4.6278486251831055,4.423362731933594,5.279597282409668,0.997846782207489,0.9655100107192993,0.9999831914901733,0.08264239877462387,0.9412567615509033,2.831494092941284,0.9999995827674866,368.6951801776886,368.69518303871155
G19,adam,auto,0,1923,1923,52.3931884765625,0.03898102045059204,-871.7094116210938,-878.0777587890625,-851.31103515625,869.047607421875,875.4605712890625,848.46484375,869.5869140625,876.0,849.0,876.0,906.0,30.0,3.3112582781456954,96.6887417218543,0,8899,0,813,4.625667572021484,4.421277046203613,5.277339935302734,0.9978477358818054,0.9655184745788574,0.9999831914901733,0.08253269642591476,0.9412549138069153,4.174182891845703,0.9999998807907104,368.88627314567566,368.8862750530243
G19,adam,auto,0,1924,1924,53.088844299316406,0.038481295108795166,-871.6755981445312,-878.0445556640625,-851.2750244140625,869.065185546875,875.478515625,848.4833984375,869.5869140625,876.0,849.0,876.0,906.0,30.0,3.3112582781456954,96.6887417218543,0,8899,0,813,4.62342643737793,4.4191436767578125,5.275059700012207,0.997848629951477,0.9655272364616394,0.9999831914901733,0.08196646720170975,0.9412687420845032,2.769989013671875,0.9999997019767761,369.0782310962677,369.07823300361633
G19,adam,auto,0,1925,1925,53.80313491821289,0.03798156976699829,-871.6417846679688,-878.0112915039062,-851.2388305664062,869.0684204101562,875.4814453125,848.4854736328125,869.5869140625,876.0,849.0,876.0,906.0,30.0,3.3112582781456954,96.6887417218543,0,8899,0,813,4.621226787567139,4.41705322265625,5.2727861404418945,0.9978494644165039,0.9655358195304871,0.9999833106994629,0.08187755942344666,0.941265881061554,4.236093044281006,0.9999997019767761,369.2695791721344,369.26958107948303
G19,adam,auto,0,1926,1926,54.53699493408203,0.03748178482055664,-871.6082153320312,-877.9783935546875,-851.2030029296875,869.0859985351562,875.4994506835938,848.5038452148438,869.5869140625,876.0,849.0,876.0,906.0,30.0,3.3112582781456954,96.6887417218543,0,8899,0,813,4.618960380554199,4.414890289306641,5.270472049713135,0.9978503584861755,0.9655448198318481,0.9999833106994629,0.08129343390464783,0.9412800073623657,2.7082738876342773,0.9999995827674866,369.4597761631012,369.45977902412415
G19,adam,auto,0,1927,1927,55.29106140136719,0.036982059478759766,-871.5748291015625,-877.9453735351562,-851.1670532226562,869.088623046875,875.5014038085938,848.505615234375,869.5869140625,876.0,849.0,876.0,906.0,30.0,3.3112582781456954,96.6887417218543,0,8899,0,813,4.616740703582764,4.412781715393066,5.268182754516602,0.9978513121604919,0.9655535817146301,0.9999833106994629,0.08122439682483673,0.9412762522697449,4.267305374145508,0.9999997615814209,369.6512062549591,369.65120816230774
G19,adam,auto,0,1928,1928,56.066368103027344,0.036482274532318115,-871.5416259765625,-877.9127197265625,-851.1314086914062,869.1063842773438,875.5197143554688,848.5236206054688,869.5869140625,876.0,849.0,876.0,906.0,30.0,3.3112582781456954,96.6887417218543,0,8899,0,813,4.614453315734863,4.41060209274292,5.2658371925354,0.9978522658348083,0.9655627012252808,0.9999834299087524,0.0806204080581665,0.9412906765937805,2.6980199813842773,0.9999996423721313,369.8430631160736,369.84306597709656
G19,adam,auto,0,1929,1929,56.86362838745117,0.03598254919052124,-871.5081787109375,-877.8800659179688,-851.095703125,869.1079711914062,875.5211181640625,848.5250854492188,869.5869140625,876.0,849.0,876.0,906.0,30.0,3.3112582781456954,96.6887417218543,0,8899,0,813,4.612212657928467,4.4084625244140625,5.263527870178223,0.9978531002998352,0.9655717015266418,0.9999834299087524,0.08057668805122375,0.9412861466407776,4.227231979370117,0.9999997615814209,370.03248620033264,370.0324881076813
G19,adam,auto,0,1930,1930,57.68389129638672,0.035482823848724365,-871.4752807617188,-877.84765625,-851.0604858398438,869.1257934570312,875.5390625,848.542724609375,869.5869140625,876.0,849.0,876.0,906.0,30.0,3.3112582781456954,96.6887417218543,0,8899,0,813,4.6099162101745605,4.406274318695068,5.261149883270264,0.9978539943695068,0.9655810594558716,0.9999834299087524,0.07996038347482681,0.9413002729415894,2.8211536407470703,0.9999996423721313,370.2241680622101,370.2241699695587
G19,adam,auto,0,1931,1931,58.52826690673828,0.034983038902282715,-871.4423217773438,-877.8152465820312,-851.025146484375,869.1270141601562,875.5401611328125,848.5439453125,869.5869140625,876.0,849.0,876.0,906.0,30.0,3.3112582781456954,96.6887417218543,0,8899,0,813,4.607656002044678,4.404121398925781,5.258823394775391,0.997855007648468,0.9655902981758118,0.9999834299087524,0.07993002980947495,0.9412956237792969,4.013575553894043,0.9999997615814209,370.4148380756378,370.41483998298645
G19,adam,auto,0,1932,1932,59.39762496948242,0.03448331356048584,-871.4096069335938,-877.7830200195312,-850.989990234375,869.1441040039062,875.557373046875,848.5609130859375,869.5869140625,876.0,849.0,876.0,906.0,30.0,3.3112582781456954,96.6887417218543,0,8899,0,813,4.605368137359619,4.401946067810059,5.256475448608398,0.9978559017181396,0.9655995965003967,0.999983549118042,0.07932025194168091,0.9413086771965027,3.107081651687622,0.9999995827674866,370.60559701919556,370.6055989265442
G19,adam,auto,0,1933,1933,60.29330825805664,0.03398352861404419,-871.3768920898438,-877.7509155273438,-850.9549560546875,869.1456909179688,875.5588989257812,848.5623779296875,869.5869140625,876.0,849.0,876.0,906.0,30.0,3.3112582781456954,96.6887417218543,0,8899,0,813,4.603094577789307,4.399778366088867,5.254124641418457,0.9978567957878113,0.9656089544296265,0.999983549118042,0.07927588373422623,0.9413052201271057,3.6418910026550293,0.9999997615814209,370.7980091571808,370.7980110645294
G19,adam,auto,0,1934,1934,61.216304779052734,0.033483803272247314,-871.3444213867188,-877.7189331054688,-850.920166015625,869.16162109375,875.5748291015625,848.5784912109375,869.5869140625,876.0,849.0,876.0,906.0,30.0,3.3112582781456954,96.6887417218543,0,8899,0,813,4.600821018218994,4.397605895996094,5.251778602600098,0.9978577494621277,0.965618371963501,0.999983549118042,0.07868961989879608,0.9413163661956787,3.4703104496002197,0.9999996423721313,370.99276423454285,370.9927661418915
G19,adam,auto,0,1935,1935,62.168113708496094,0.032984018325805664,-871.31201171875,-877.6871337890625,-850.8853149414062,869.1644287109375,875.57763671875,848.58056640625,869.5869140625,876.0,849.0,876.0,906.0,30.0,3.3112582781456954,96.6887417218543,0,8899,0,813,4.598536491394043,4.3954362869262695,5.249424934387207,0.9978587627410889,0.9656279683113098,0.999983549118042,0.0785997211933136,0.9413149952888489,3.3030529022216797,0.9999997615814209,371.1826219558716,371.1826238632202
G19,adam,auto,0,1936,1936,63.149871826171875,0.03248429298400879,-871.27978515625,-877.6554565429688,-850.8506469726562,869.1785278320312,875.5916137695312,848.595458984375,869.5869140625,876.0,849.0,876.0,906.0,30.0,3.3112582781456954,96.6887417218543,0,8899,0,813,4.596266746520996,4.393278121948242,5.247072219848633,0.9978596568107605,0.9656375050544739,0.9999836683273315,0.07806386053562164,0.9413232803344727,3.73553729057312,0.9999997019767761,371.37349820137024,371.3735001087189
G19,adam,auto,0,1937,1937,64.16325378417969,0.031984567642211914,-871.2476196289062,-877.6239624023438,-850.816162109375,869.1829833984375,875.596435546875,848.598876953125,869.5869140625,876.0,849.0,876.0,906.0,30.0,3.3112582781456954,96.6887417218543,0,8899,0,813,4.593971252441406,4.391088485717773,5.2447004318237305,0.9978606104850769,0.965647280216217,0.9999836683273315,0.07790128141641617,0.9413248896598816,3.099635124206543,0.9999997019767761,371.5642092227936,371.5642111301422
G19,adam,auto,0,1938,1938,65.2095718383789,0.031484782695770264,-871.215576171875,-877.5924072265625,-850.78173828125,869.1948852539062,875.60791015625,848.6117553710938,869.5869140625,876.0,849.0,876.0,906.0,30.0,3.3112582781456954,96.6887417218543,0,8899,0,813,4.5916972160339355,4.388927459716797,5.242349624633789,0.9978615641593933,0.9656569957733154,0.9999836683273315,0.07744287699460983,0.941329836845398,3.88523268699646,0.9999998211860657,371.75470423698425,371.7547061443329
G19,adam,auto,0,1939,1939,66.29070281982422,0.03098505735397339,-871.1837768554688,-877.5612182617188,-850.74755859375,869.2014770507812,875.614990234375,848.6173095703125,869.5869140625,876.0,849.0,876.0,906.0,30.0,3.3112582781456954,96.6887417218543,0,8899,0,813,4.589388847351074,4.386716365814209,5.239967346191406,0.9978625774383545,0.9656668901443481,0.9999836683273315,0.07718667387962341,0.9413343071937561,3.022350788116455,0.9999996423721313,371.9470012187958,371.9470031261444
G19,adam,auto,0,1940,1940,67.40815734863281,0.03048527240753174,-871.1519775390625,-877.5299682617188,-850.7134399414062,869.210693359375,875.6238403320312,848.6273193359375,869.5869140625,876.0,849.0,876.0,906.0,30.0,3.3112582781456954,96.6887417218543,0,8899,0,813,4.587103366851807,4.3845415115356445,5.237595558166504,0.9978634715080261,0.9656766653060913,0.9999837875366211,0.07682284712791443,0.9413360953330994,3.8752970695495605,0.9999997019767761,372.1389009952545,372.13890409469604
G19,adam,auto,0,1941,1941,68.5640640258789,0.029985547065734863,-871.1204223632812,-877.4989624023438,-850.6795043945312,869.2192993164062,875.6324462890625,848.6351928710938,869.5869140625,876.0,849.0,876.0,906.0,30.0,3.3112582781456954,96.6887417218543,0,8899,0,813,4.584789752960205,4.382339000701904,5.235194206237793,0.9978644847869873,0.9656867384910583,0.9999837875366211,0.07647668570280075,0.9413427710533142,3.137204170227051,0.9999997615814209,372.33052015304565,372.3305230140686
G19,adam,auto,0,1942,1942,69.76016998291016,0.02948582172393799,-871.0889892578125,-877.4680786132812,-850.6456298828125,869.2261962890625,875.6392211914062,848.6424560546875,869.5869140625,876.0,849.0,876.0,906.0,30.0,3.3112582781456954,96.6887417218543,0,8899,0,813,4.5824875831604,4.380142688751221,5.232797145843506,0.9978653788566589,0.9656967520713806,0.9999837875366211,0.07619877904653549,0.9413424134254456,3.603534460067749,0.9999998211860657,372.5217111110687,372.52171301841736
G19,adam,auto,0,1943,1943,70.99874114990234,0.028986036777496338,-871.0576782226562,-877.4373168945312,-850.6118774414062,869.2357788085938,875.6488037109375,848.6519165039062,869.5869140625,876.0,849.0,876.0,906.0,30.0,3.3112582781456954,96.6887417218543,0,8899,0,813,4.5801849365234375,4.377956390380859,5.230420112609863,0.9978663921356201,0.9657068848609924,0.9999837875366211,0.07579682022333145,0.9413498640060425,3.5346953868865967,0.9999997615814209,372.71067214012146,372.7106740474701
G19,adam,auto,0,1944,1944,72.2822494506836,0.028486311435699463,-871.0264282226562,-877.40673828125,-850.578369140625,869.2415771484375,875.65478515625,848.6575317382812,869.5869140625,876.0,849.0,876.0,906.0,30.0,3.3112582781456954,96.6887417218543,0,8899,0,813,4.577857971191406,4.375725746154785,5.22800350189209,0.9978673458099365,0.9657171964645386,0.9999839067459106,0.07555359601974487,0.9413493871688843,3.1136929988861084,0.9999997615814209,372.9030222892761,372.90302419662476
G19,adam,auto,0,1945,1945,73.61285400390625,0.027986526489257812,-870.9954223632812,-877.3761596679688,-850.5447998046875,869.2509765625,875.6639404296875,848.6670532226562,869.5869140625,876.0,849.0,876.0,906.0,30.0,3.3112582781456954,96.6887417218543,0,8899,0,813,4.575563430786133,4.373542308807373,5.225617408752441,0.9978683590888977,0.9657274484634399,0.9999839067459106,0.07515013962984085,0.9413557648658752,4.046823024749756,0.9999998807907104,373.0943212509155,373.09432315826416
G19,adam,auto,0,1946,1946,74.99353790283203,0.027486801147460938,-870.9644775390625,-877.3458862304688,-850.5115356445312,869.2576293945312,875.6708984375,848.6732788085938,869.5869140625,876.0,849.0,876.0,906.0,30.0,3.3112582781456954,96.6887417218543,0,8899,0,813,4.573188304901123,4.371278285980225,5.223148345947266,0.9978693723678589,0.9657381176948547,0.9999839067459106,0.07485820353031158,0.9413574934005737,2.6632583141326904,0.9999996423721313,373.2871551513672,373.2871570587158
G19,adam,auto,0,1947,1947,76.42681884765625,0.026987075805664062,-870.93359375,-877.3155517578125,-850.478271484375,869.2651977539062,875.6781005859375,848.6812133789062,869.5869140625,876.0,849.0,876.0,906.0,30.0,3.3112582781456954,96.6887417218543,0,8899,0,813,4.570863246917725,4.3690643310546875,5.220728874206543,0.9978703260421753,0.9657485485076904,0.9999840259552002,0.07452236115932465,0.9413608908653259,4.301424026489258,0.9999997615814209,373.4761962890625,373.47619819641113
G19,adam,auto,0,1948,1948,77.91614532470703,0.026487290859222412,-870.9030151367188,-877.2855224609375,-850.4453125,869.273681640625,875.6868896484375,848.6893920898438,869.5869140625,876.0,849.0,876.0,906.0,30.0,3.3112582781456954,96.6887417218543,0,8899,0,813,4.5684661865234375,4.36677360534668,5.218230247497559,0.9978713989257812,0.9657594561576843,0.9999840259552002,0.0741332396864891,0.9413657188415527,2.697683811187744,0.9999996423721313,373.6687180995941,373.66872000694275
G19,adam,auto,0,1949,1949,79.4644775390625,0.025987565517425537,-870.8723754882812,-877.2554931640625,-850.4122924804688,869.2786254882812,875.691650390625,848.6943359375,869.5869140625,876.0,849.0,876.0,906.0,30.0,3.3112582781456954,96.6887417218543,0,8899,0,813,4.566091060638428,4.36451530456543,5.215747356414795,0.9978723526000977,0.9657703638076782,0.9999840259552002,0.07391473650932312,0.9413651823997498,3.812859296798706,0.9999997615814209,373.86025619506836,373.8602590560913
G19,adam,auto,0,1950,1950,81.07579040527344,0.025487780570983887,-870.8419799804688,-877.2257080078125,-850.3794555664062,869.2882080078125,875.701171875,848.7039184570312,869.5869140625,876.0,849.0,876.0,906.0,30.0,3.3112582781456954,96.6887417218543,0,8899,0,813,4.563721656799316,4.362265110015869,5.213287830352783,0.9978733658790588,0.9657812714576721,0.9999840259552002,0.07345812767744064,0.9413718581199646,3.5396783351898193,0.9999997615814209,374.0504720211029,374.05047392845154
G19,adam,auto,0,1951,1951,82.75359344482422,0.02498805522918701,-870.8118286132812,-877.196044921875,-850.3469848632812,869.2918090820312,875.705078125,848.7073364257812,869.5869140625,876.0,849.0,876.0,906.0,30.0,3.3112582781456954,96.6887417218543,0,8899,0,813,4.561291217803955,4.3599419593811035,5.210748672485352,0.99787437915802,0.9657924771308899,0.9999841451644897,0.0732923373579979,0.9413702487945557,2.8031673431396484,0.9999997019767761,374.2452349662781,374.2452368736267
G19,adam,auto,0,1952,1952,84.50252532958984,0.02448827028274536,-870.7816162109375,-877.1663208007812,-850.3143310546875,869.30126953125,875.7141723632812,848.7169799804688,869.5869140625,876.0,849.0,876.0,906.0,30.0,3.3112582781456954,96.6887417218543,0,8899,0,813,4.558922290802002,4.3576836585998535,5.208289623260498,0.9978755116462708,0.9658035039901733,0.9999841451644897,0.07282327860593796,0.9413768649101257,4.462212085723877,0.9999997019767761,374.43851017951965,374.4385120868683
G19,adam,auto,0,1953,1953,86.32675170898438,0.023988544940948486,-870.7515869140625,-877.136962890625,-850.281982421875,869.3067016601562,875.7198486328125,848.7221069335938,869.5869140625,876.0,849.0,876.0,906.0,30.0,3.3112582781456954,96.6887417218543,0,8899,0,813,4.556430339813232,4.355306148529053,5.205680847167969,0.9978765249252319,0.9658150672912598,0.9999841451644897,0.07255304604768753,0.9413784742355347,2.345407247543335,0.9999996423721313,374.63204312324524,374.6320450305939
G19,adam,auto,0,1954,1954,88.2317123413086,0.02348881959915161,-870.7218017578125,-877.107666015625,-850.2496948242188,869.3135986328125,875.7266845703125,848.7293090820312,869.5869140625,876.0,849.0,876.0,906.0,30.0,3.3112582781456954,96.6887417218543,0,8899,0,813,4.553984642028809,4.352977275848389,5.203126907348633,0.9978775382041931,0.9658266305923462,0.9999841451644897,0.07220248132944107,0.9413810968399048,4.102972030639648,0.9999998211860657,374.8225202560425,374.8225221633911
G19,adam,auto,0,1955,1955,90.22239685058594,0.02298903465270996,-870.6920166015625,-877.0784912109375,-850.2175903320312,869.3206176757812,875.7333984375,848.7359619140625,869.5869140625,876.0,849.0,876.0,906.0,30.0,3.3112582781456954,96.6887417218543,0,8899,0,813,4.551540851593018,4.350649833679199,5.200569152832031,0.9978786110877991,0.9658381938934326,0.9999842643737793,0.0718427523970604,0.9413852691650391,3.454235315322876,0.9999997615814209,375.0146691799164,375.01467204093933
G19,adam,auto,0,1956,1956,92.30524444580078,0.022489309310913086,-870.6624145507812,-877.0494384765625,-850.1856079101562,869.3251953125,875.7385864257812,848.7408447265625,869.5869140625,876.0,849.0,876.0,906.0,30.0,3.3112582781456954,96.6887417218543,0,8899,0,813,4.549021244049072,4.348235130310059,5.197928428649902,0.9978797435760498,0.9658502340316772,0.9999842643737793,0.07159452140331268,0.9413853287696838,2.6230404376983643,0.9999995231628418,375.20513224601746,375.2051341533661
G19,adam,auto,0,1957,1957,94.48625946044922,0.021989524364471436,-870.6328735351562,-877.0205078125,-850.153564453125,869.3328247070312,875.7457275390625,848.748046875,869.5869140625,876.0,849.0,876.0,906.0,30.0,3.3112582781456954,96.6887417218543,0,8899,0,813,4.54656457901001,4.345890522003174,5.195356845855713,0.997880756855011,0.965861976146698,0.9999842643737793,0.0711861178278923,0.9413906335830688,4.549190998077393,0.9999998211860657,375.39609813690186,375.3961000442505
G19,adam,auto,0,1958,1958,96.77283477783203,0.02148979902267456,-870.6035766601562,-876.9918212890625,-850.1219482421875,869.33837890625,875.75146484375,848.7538452148438,869.5869140625,876.0,849.0,876.0,906.0,30.0,3.3112582781456954,96.6887417218543,0,8899,0,813,4.544040679931641,4.3434953689575195,5.192720413208008,0.9978818893432617,0.9658741354942322,0.9999842643737793,0.07087365537881851,0.9413928389549255,2.69401478767395,0.9999995827674866,375.5878531932831,375.58785820007324
G19,adam,auto,0,1959,1959,99.1731185913086,0.020990073680877686,-870.5744018554688,-876.963134765625,-850.0902709960938,869.3438720703125,875.7572021484375,848.7589111328125,869.5869140625,876.0,849.0,876.0,906.0,30.0,3.3112582781456954,96.6887417218543,0,8899,0,813,4.541473388671875,4.341050148010254,5.190025329589844,0.9978830814361572,0.9658865928649902,0.9999843835830688,0.07055920362472534,0.941395103931427,2.8908944129943848,0.9999997615814209,375.78147315979004,375.7814750671387
G19,adam,auto,0,1960,1960,101.69519805908203,0.020490288734436035,-870.5452270507812,-876.9345703125,-850.0587158203125,869.3497924804688,875.7626953125,848.7650756835938,869.5869140625,876.0,849.0,876.0,906.0,30.0,3.3112582781456954,96.6887417218543,0,8899,0,813,4.538992404937744,4.338683128356934,5.187427043914795,0.9978840947151184,0.9658986926078796,0.9999843835830688,0.07022269070148468,0.9413982629776001,5.092453479766846,0.9999997615814209,375.971782207489,375.97178411483765
G19,adam,auto,0,1961,1961,104.3492202758789,0.01999056339263916,-870.5164184570312,-876.9063110351562,-850.0274658203125,869.3566284179688,875.769775390625,848.771728515625,869.5869140625,876.0,849.0,876.0,906.0,30.0,3.3112582781456954,96.6887417218543,0,8899,0,813,4.536327362060547,4.336140155792236,5.184636116027832,0.9978853464126587,0.9659116864204407,0.9999843835830688,0.06980869174003601,0.9414031505584717,1.9616904258728027,0.9999995231628418,376.1617121696472,376.16171407699585
G19,adam,auto,0,1962,1962,107.14514923095703,0.01949077844619751,-870.4876098632812,-876.8780517578125,-849.9962158203125,869.3596801757812,875.772705078125,848.7749633789062,869.5869140625,876.0,849.0,876.0,906.0,30.0,3.3112582781456954,96.6887417218543,0,8899,0,813,4.533719539642334,4.333654403686523,5.181894302368164,0.9978865385055542,0.9659246206283569,0.9999843835830688,0.06963314861059189,0.9414022564888,4.214791297912598,0.9999998211860657,376.3536591529846,376.35366225242615
G19,adam,auto,0,1963,1963,110.09539031982422,0.018991053104400635,-870.4588012695312,-876.8499145507812,-849.9651489257812,869.3665771484375,875.7794189453125,848.7815551757812,869.5869140625,876.0,849.0,876.0,906.0,30.0,3.3112582781456954,96.6887417218543,0,8899,0,813,4.5311689376831055,4.331220626831055,5.179218769073486,0.9978876113891602,0.9659373164176941,0.9999845027923584,0.06920897960662842,0.9414074420928955,4.1902618408203125,0.9999998211860657,376.5433621406555,376.54336404800415
G19,adam,auto,0,1964,1964,113.21231842041016,0.01849132776260376,-870.430419921875,-876.8219604492188,-849.9342041015625,869.3718872070312,875.7850952148438,848.7868041992188,869.5869140625,876.0,849.0,876.0,906.0,30.0,3.3112582781456954,96.6887417218543,0,8899,0,813,4.528524875640869,4.3287034034729,5.176431655883789,0.9978886842727661,0.9659504294395447,0.9999845027923584,0.06885611265897751,0.9414116740226746,2.5129451751708984,0.9999996423721313,376.7344741821289,376.73447608947754
G19,adam,auto,0,1965,1965,116.51127624511719,0.01799154281616211,-870.4019165039062,-876.7940673828125,-849.9033813476562,869.3757934570312,875.7887573242188,848.791015625,869.5869140625,876.0,849.0,876.0,906.0,30.0,3.3112582781456954,96.6887417218543,0,8899,0,813,4.525941848754883,4.326228141784668,5.173714637756348,0.9978899359703064,0.9659634232521057,0.9999845027923584,0.0686117485165596,0.9414123892784119,4.230097770690918,0.9999997019767761,376.92505407333374,376.9250559806824
G19,adam,auto,0,1966,1966,120.00784301757812,0.017491817474365234,-870.3735961914062,-876.766357421875,-849.8726806640625,869.3818969726562,875.7948608398438,848.7968139648438,869.5869140625,876.0,849.0,876.0,906.0,30.0,3.3112582781456954,96.6887417218543,0,8899,0,813,4.523377895355225,4.323800563812256,5.171022891998291,0.9978911280632019,0.965976357460022,0.9999845027923584,0.06819359958171844,0.941417932510376,3.687380313873291,0.9999998211860657,377.1159062385559,377.11590814590454
G19,adam,auto,0,1967,1967,123.72122192382812,0.016992032527923584,-870.3453979492188,-876.7388305664062,-849.8421630859375,869.3858032226562,875.7987060546875,848.8006591796875,869.5869140625,876.0,849.0,876.0,906.0,30.0,3.3112582781456954,96.6887417218543,0,8899,0,813,4.520801544189453,4.321335792541504,5.168300151824951,0.9978922605514526,0.965989351272583,0.999984622001648,0.06793079525232315,0.9414206743240356,3.2748615741729736,0.9999997615814209,377.3066551685333,377.3066580295563
G19,adam,auto,0,1968,1968,127.67125701904297,0.01649230718612671,-870.3173828125,-876.7113037109375,-849.811767578125,869.3914184570312,875.804443359375,848.806396484375,869.5869140625,876.0,849.0,876.0,906.0,30.0,3.3112582781456954,96.6887417218543,0,8899,0,813,4.518197536468506,4.318856716156006,5.165548801422119,0.9978933930397034,0.9660027027130127,0.999984622001648,0.0675196647644043,0.941425085067749,3.0885074138641357,0.9999996423721313,377.49847412109375,377.4984760284424
G19,adam,auto,0,1969,1969,131.88235473632812,0.01599252223968506,-870.2894287109375,-876.6839599609375,-849.7813720703125,869.3947143554688,875.8076171875,848.8095703125,869.5869140625,876.0,849.0,876.0,906.0,30.0,3.3112582781456954,96.6887417218543,0,8899,0,813,4.515644550323486,4.3164191246032715,5.162858009338379,0.9978945851325989,0.9660156965255737,0.999984622001648,0.06728670001029968,0.9414281845092773,4.239347457885742,0.9999998211860657,377.6895360946655,377.68953800201416
G19,adam,auto,0,1970,1970,136.3801727294922,0.015492796897888184,-870.2617797851562,-876.6568603515625,-849.751220703125,869.4005126953125,875.8134765625,848.8153076171875,869.5869140625,876.0,849.0,876.0,906.0,30.0,3.3112582781456954,96.6887417218543,0,8899,0,813,4.513059139251709,4.313946723937988,5.160135269165039,0.9978957772254944,0.9660290479660034,0.999984622001648,0.06683821231126785,0.9414342641830444,3.095548152923584,0.9999997019767761,377.87955713272095,377.8795590400696
G19,adam,auto,0,1971,1971,141.19561767578125,0.014993071556091309,-870.2341918945312,-876.6298217773438,-849.72119140625,869.4031982421875,875.8160400390625,848.8177490234375,869.5869140625,876.0,849.0,876.0,906.0,30.0,3.3112582781456954,96.6887417218543,0,8899,0,813,4.510495185852051,4.311506271362305,5.157430648803711,0.9978968501091003,0.9660423994064331,0.9999847412109375,0.06663988530635834,0.9414364695549011,3.7422287464141846,0.9999997019767761,378.0707862377167,378.0707881450653
G19,adam,auto,0,1972,1972,146.36419677734375,0.014493286609649658,-870.2066040039062,-876.6028442382812,-849.691162109375,869.4093017578125,875.8224487304688,848.8242797851562,869.5869140625,876.0,849.0,876.0,906.0,30.0,3.3112582781456954,96.6887417218543,0,8899,0,813,4.50784158706665,4.308980464935303,5.1546220779418945,0.9978981018066406,0.966056227684021,0.9999847412109375,0.06612176448106766,0.9414448738098145,2.6279733180999756,0.9999995827674866,378.26173210144043,378.26173520088196
G19,adam,auto,0,1973,1973,151.9248809814453,0.013993561267852783,-870.17919921875,-876.5760498046875,-849.661376953125,869.411376953125,875.8242797851562,848.8260498046875,869.5869140625,876.0,849.0,876.0,906.0,30.0,3.3112582781456954,96.6887417218543,0,8899,0,813,4.5052618980407715,4.306512832641602,5.151889801025391,0.9978992342948914,0.966069757938385,0.9999847412109375,0.06597085297107697,0.9414471387863159,4.638819694519043,0.9999997615814209,378.45286202430725,378.4528639316559
G19,adam,auto,0,1974,1974,157.92550659179688,0.013493776321411133,-870.1519775390625,-876.5493774414062,-849.6317749023438,869.4160766601562,875.8291015625,848.8306274414062,869.5869140625,876.0,849.0,876.0,906.0,30.0,3.3112582781456954,96.6887417218543,0,8899,0,813,4.502628326416016,4.303998947143555,5.149101734161377,0.9979004859924316,0.9660835862159729,0.9999847412109375,0.06555414199829102,0.941453754901886,2.9492692947387695,0.9999996423721313,378.6454281806946,378.6454300880432
G19,adam,auto,0,1975,1975,164.41883850097656,0.012994050979614258,-870.1248779296875,-876.5228881835938,-849.6021728515625,869.4193725585938,875.8323974609375,848.8338623046875,869.5869140625,876.0,849.0,876.0,906.0,30.0,3.3112582781456954,96.6887417218543,0,8899,0,813,4.5000457763671875,4.301543712615967,5.146366119384766,0.9979016184806824,0.9660972356796265,0.999984860420227,0.0652623251080513,0.9414599537849426,4.284093379974365,0.9999997615814209,378.8352630138397,378.83526492118835
G19,adam,auto,0,1976,1976,171.46990966796875,0.012494325637817383,-870.0980224609375,-876.49658203125,-849.57275390625,869.4229736328125,875.8360595703125,848.8377075195312,869.5869140625,876.0,849.0,876.0,906.0,30.0,3.3112582781456954,96.6887417218543,0,8899,0,813,4.497427940368652,4.2990288734436035,5.1435866355896,0.9979028701782227,0.9661111831665039,0.999984860420227,0.06492246687412262,0.9414666295051575,3.126713275909424,0.9999995827674866,379.02607798576355,379.0260798931122
G19,adam,auto,0,1977,1977,179.15188598632812,0.011994540691375732,-870.0711059570312,-876.4701538085938,-849.5436401367188,869.4263916015625,875.83935546875,848.8409423828125,869.5869140625,876.0,849.0,876.0,906.0,30.0,3.3112582781456954,96.6887417218543,0,8899,0,813,4.4948410987854,4.296562671661377,5.140848159790039,0.9979040622711182,0.9661250710487366,0.999984860420227,0.06459455192089081,0.9414737224578857,4.021378993988037,0.9999998211860657,379.2171001434326,379.21710300445557
G19,adam,auto,0,1978,1978,187.55551147460938,0.011494815349578857,-870.0443725585938,-876.444091796875,-849.5142211914062,869.4296264648438,875.8425903320312,848.84423828125,869.5869140625,876.0,849.0,876.0,906.0,30.0,3.3112582781456954,96.6887417218543,0,8899,0,813,4.492260932922363,4.294105529785156,5.1381049156188965,0.9979052543640137,0.9661388993263245,0.999984860420227,0.06427482515573502,0.94148188829422,3.674072265625,0.9999997019767761,379.4068582057953,379.4068601131439
G19,adam,auto,0,1979,1979,196.78518676757812,0.010995030403137207,-870.017822265625,-876.4180908203125,-849.4855346679688,869.4334106445312,875.8463134765625,848.8477172851562,869.5869140625,876.0,849.0,876.0,906.0,30.0,3.3112582781456954,96.6887417218543,0,8899,0,813,4.489607810974121,4.291572093963623,5.135289192199707,0.997906506061554,0.9661532044410706,0.999984860420227,0.06387969851493835,0.9414913654327393,2.8285953998565674,0.9999997019767761,379.5977690219879,379.59777092933655
G19,adam,auto,0,1980,1980,206.97152709960938,0.010495305061340332,-869.9913940429688,-876.3921508789062,-849.4564208984375,869.4354248046875,875.848388671875,848.8497924804688,869.5869140625,876.0,849.0,876.0,906.0,30.0,3.3112582781456954,96.6887417218543,0,8899,0,813,4.487000465393066,4.289089679718018,5.1325225830078125,0.9979076981544495,0.9661673307418823,0.9999849796295166,0.06366490572690964,0.9415001273155212,4.259113311767578,0.9999996423721313,379.78834104537964,379.78834414482117
G19,adam,auto,0,1981,1981,218.2686004638672,0.009995579719543457,-869.965087890625,-876.3663940429688,-849.4277954101562,869.4395751953125,875.8525390625,848.8541259765625,869.5869140625,876.0,849.0,876.0,906.0,30.0,3.3112582781456954,96.6887417218543,0,8899,0,813,4.484342098236084,4.286552906036377,5.129691123962402,0.9979089498519897,0.9661819338798523,0.9999849796295166,0.06316117197275162,0.9415131211280823,3.0225460529327393,0.9999996423721313,379.9803111553192,379.98031306266785
G19,adam,auto,0,1982,1982,230.8717041015625,0.009495794773101807,-869.9387817382812,-876.3408203125,-849.3992309570312,869.4409790039062,875.8539428710938,848.8553466796875,869.5869140625,876.0,849.0,876.0,906.0,30.0,3.3112582781456954,96.6887417218543,0,8899,0,813,4.481721878051758,4.284049034118652,5.1269097328186035,0.9979101419448853,0.9661962985992432,0.9999849796295166,0.06301506608724594,0.9415232539176941,4.195692539215088,0.9999997019767761,380.1710801124573,380.1710829734802
G19,adam,auto,0,1983,1983,245.0176544189453,0.008996069431304932,-869.9127807617188,-876.3153686523438,-849.3704833984375,869.4445190429688,875.857421875,848.8589477539062,869.5869140625,876.0,849.0,876.0,906.0,30.0,3.3112582781456954,96.6887417218543,0,8899,0,813,4.479079723358154,4.2815351486206055,5.12408971786499,0.9979114532470703,0.9662108421325684,0.9999849796295166,0.06256391853094101,0.9415378570556641,3.33803653717041,0.9999997615814209,380.3615622520447,380.3615641593933
G19,adam,auto,0,1984,1984,261.0102233886719,0.008496284484863281,-869.8867797851562,-876.2900390625,-849.3424072265625,869.4465942382812,875.8594970703125,848.86083984375,869.5869140625,876.0,849.0,876.0,906.0,30.0,3.3112582781456954,96.6887417218543,0,8899,0,813,4.476433753967285,4.279005527496338,5.121269702911377,0.9979127049446106,0.9662255644798279,0.9999850988388062,0.062290389090776443,0.941552460193634,3.6133220195770264,0.9999997615814209,380.5528221130371,380.55282402038574
G19,adam,auto,0,1985,1985,279.2386474609375,0.007996559143066406,-869.861083984375,-876.2648315429688,-849.3140258789062,869.448974609375,875.8619384765625,848.86328125,869.5869140625,876.0,849.0,876.0,906.0,30.0,3.3112582781456954,96.6887417218543,0,8899,0,813,4.473759174346924,4.276449203491211,5.118414878845215,0.9979138970375061,0.9662404656410217,0.9999850988388062,0.06195442005991936,0.9415692687034607,3.2662949562072754,0.9999997019767761,380.7435841560364,380.743586063385
G19,adam,auto,0,1986,1986,300.20159912109375,0.007496774196624756,-869.8353881835938,-876.23974609375,-849.2860717773438,869.4512939453125,875.8642578125,848.8657836914062,869.5869140625,876.0,849.0,876.0,906.0,30.0,3.3112582781456954,96.6887417218543,0,8899,0,813,4.471080780029297,4.273906707763672,5.115561008453369,0.9979151487350464,0.9662553668022156,0.9999850988388062,0.061603955924510956,0.9415884017944336,3.5932695865631104,0.9999997019767761,380.93930220603943,380.9393048286438
G19,adam,auto,0,1987,1987,324.5705871582031,0.006997048854827881,-869.8099975585938,-876.2147827148438,-849.2581787109375,869.4531860351562,875.8661499023438,848.867431640625,869.5869140625,876.0,849.0,876.0,906.0,30.0,3.3112582781456954,96.6887417218543,0,8899,0,813,4.4683051109313965,4.271245002746582,5.1125993728637695,0.9979164600372314,0.9662711024284363,0.9999850988388062,0.06130364164710045,0.9416103959083557,2.677874803543091,0.9999995827674866,381.13173818588257,381.1317400932312
G19,adam,auto,0,1988,1988,353.2417297363281,0.006497323513031006,-869.784423828125,-876.18994140625,-849.2301635742188,869.455322265625,875.8682861328125,848.8696899414062,869.5869140625,876.0,849.0,876.0,906.0,30.0,3.3112582781456954,96.6887417218543,0,8899,0,813,4.465568542480469,4.268642425537109,5.109679698944092,0.9979177713394165,0.9662865400314331,0.9999850988388062,0.06094687432050705,0.9416347742080688,4.1012468338012695,0.9999997615814209,381.32216024398804,381.32216215133667
G19,adam,auto,0,1989,1989,387.4735107421875,0.0059975385665893555,-869.7592163085938,-876.165283203125,-849.2025756835938,869.4569702148438,875.8700561523438,848.871337890625,869.5869140625,876.0,849.0,876.0,906.0,30.0,3.3112582781456954,96.6887417218543,0,8899,0,813,4.46279239654541,4.265999794006348,5.106710433959961,0.9979190826416016,0.9663022756576538,0.9999852180480957,0.06062334030866623,0.9416622519493103,3.161980628967285,0.9999997019767761,381.51438426971436,381.514386177063
G19,adam,auto,0,1990,1990,429.0464172363281,0.0054978132247924805,-869.7340698242188,-876.1406860351562,-849.1749877929688,869.4588012695312,875.8717041015625,848.8729858398438,869.5869140625,876.0,849.0,876.0,906.0,30.0,3.3112582781456954,96.6887417218543,0,8899,0,813,4.460021495819092,4.26334810256958,5.103743553161621,0.9979203939437866,0.9663181900978088,0.9999852180480957,0.06030428782105446,0.9416929483413696,3.641540765762329,0.9999997019767761,381.7050142288208,381.70501613616943
G19,adam,auto,0,1991,1991,480.6192321777344,0.00499802827835083,-869.7091064453125,-876.1162719726562,-849.1475219726562,869.4603881835938,875.8733520507812,848.8746948242188,869.5869140625,876.0,849.0,876.0,906.0,30.0,3.3112582781456954,96.6887417218543,0,8899,0,813,4.457222938537598,4.260680198669434,5.100727081298828,0.9979217648506165,0.9663342237472534,0.9999852180480957,0.0599355548620224,0.9417279958724976,3.286177158355713,0.9999996423721313,381.8952913284302,381.8952932357788
G19,adam,auto,0,1992,1992,546.2755737304688,0.004498302936553955,-869.6842041015625,-876.0919799804688,-849.1203002929688,869.4614868164062,875.8745727539062,848.8759155273438,869.5869140625,876.0,849.0,876.0,906.0,30.0,3.3112582781456954,96.6887417218543,0,8899,0,813,4.454409122467041,4.257991790771484,5.097731590270996,0.9979230761528015,0.9663503170013428,0.9999852180480957,0.059671808034181595,0.9417673945426941,3.4151370525360107,0.9999996423721313,382.08673310279846,382.0867350101471
G19,adam,auto,0,1993,1993,632.720458984375,0.00399857759475708,-869.659423828125,-876.0678100585938,-849.0930786132812,869.4630737304688,875.8760986328125,848.8773803710938,869.5869140625,876.0,849.0,876.0,906.0,30.0,3.3112582781456954,96.6887417218543,0,8899,0,813,4.45160436630249,4.255307674407959,5.0947065353393555,0.9979243874549866,0.9663665890693665,0.9999853372573853,0.05925871059298515,0.9418119788169861,3.6904845237731934,0.9999997615814209,382.27812004089355,382.2781229019165
G19,adam,auto,0,1994,1994,751.6505737304688,0.0034987926483154297,-869.6348876953125,-876.0438232421875,-849.0660400390625,869.4639892578125,875.8770141601562,848.8782958984375,869.5869140625,876.0,849.0,876.0,906.0,30.0,3.3112582781456954,96.6887417218543,0,8899,0,813,4.448769569396973,4.252601623535156,5.091670989990234,0.9979257583618164,0.966383159160614,0.9999853372573853,0.05901219695806503,0.9418630003929138,3.2767677307128906,0.9999997019767761,382.4690692424774,382.46907114982605
G19,adam,auto,0,1995,1995,925.6650390625,0.0029990673065185547,-869.6104125976562,-876.0198974609375,-849.0391235351562,869.4652099609375,875.878173828125,848.87939453125,869.5869140625,876.0,849.0,876.0,906.0,30.0,3.3112582781456954,96.6887417218543,0,8899,0,813,4.445927143096924,4.249894142150879,5.088626861572266,0.9979271292686462,0.9663997888565063,0.9999853372573853,0.05860752984881401,0.9419214725494385,3.5679516792297363,0.9999997615814209,382.66004610061646,382.6600480079651
G19,adam,auto,0,1996,1996,1204.48095703125,0.0024992823600769043,-869.5861206054688,-875.9961547851562,-849.0122680664062,869.4660034179688,875.8790283203125,848.8802490234375,869.5869140625,876.0,849.0,876.0,906.0,30.0,3.3112582781456954,96.6887417218543,0,8899,0,813,4.443078994750977,4.2471771240234375,5.0855512619018555,0.9979285001754761,0.9664164781570435,0.9999853372573853,0.05832882970571518,0.941988468170166,3.509888172149658,0.9999997019767761,382.8536710739136,382.8536729812622
G19,adam,auto,0,1997,1997,1723.6571044921875,0.0019995570182800293,-869.5618896484375,-875.9725341796875,-848.9857177734375,869.466796875,875.8798217773438,848.8811645507812,869.5869140625,876.0,849.0,876.0,906.0,30.0,3.3112582781456954,96.6887417218543,0,8899,0,813,4.44020938873291,4.244447708129883,5.082477569580078,0.9979298710823059,0.9664334058761597,0.9999853372573853,0.05797634646296501,0.9420661330223083,3.4187328815460205,0.9999997019767761,383.0427350997925,383.0427370071411
G19,adam,auto,0,1998,1998,3029.74560546875,0.0014998316764831543,-869.5377807617188,-875.9490966796875,-848.9592895507812,869.4674072265625,875.88037109375,848.8816528320312,869.5869140625,876.0,849.0,876.0,906.0,30.0,3.3112582781456954,96.6887417218543,0,8899,0,813,4.437320709228516,4.241684913635254,5.079367637634277,0.9979313611984253,0.9664504528045654,0.9999854564666748,0.0576678030192852,0.9421567320823669,3.394414186477661,0.9999998211860657,383.23501110076904,383.2350130081177
G19,adam,auto,0,1999,1999,12500.0,0.001000046730041504,-869.5137939453125,-875.9257202148438,-848.9328002929688,869.4678955078125,875.880859375,848.8821411132812,869.5869140625,876.0,849.0,876.0,906.0,30.0,3.3112582781456954,96.6887417218543,0,8899,0,813,4.434431076049805,4.238925933837891,5.076260089874268,0.9979327321052551,0.9664676785469055,0.9999854564666748,0.05736333504319191,0.9422609806060791,3.6658332347869873,0.9999997019767761,383.4242162704468,383.4242181777954
