instance,step,beta,gamma,loss_mean,free_energy_mean,expected_cut_mean,expected_cut_max,hard_cut_mean,hard_cut_max,best_cut_so_far,entropy_mean,driver_energy_mean,R_mean,R_min,R_max,rx_mean,rx_abs_mean,rz_mean,rz_abs_mean,grad_norm_raw_R,grad_norm_theta
G25,0,2.0,1.0,-10708.09765625,-10708.09765625,9995.0,9995.0,9916.171875,10109.0,10109.0,1386.1943359375,-20.000038146972656,0.010099499486386776,0.010054475627839565,0.010143536143004894,0.010099247097969055,0.010099247097969055,-1.6958273363343324e-07,6.969922833377495e-05,0.038937605917453766,3.958727393182926e-05
G25,1,14.510510444641113,0.9989989995956421,-10110.708984375,-10110.708984375,9995.0,9995.0,9933.0390625,10075.0,10109.0,1386.1923828125,-20.178274154663086,0.010199987329542637,0.010154515504837036,0.010244457051157951,0.010199971497058868,0.010199971497058868,-1.2015544115229204e-08,1.4921065485395957e-05,0.03945055231451988,0.000282229419099167
G25,2,27.021020889282227,0.9979979991912842,-10066.66015625,-10066.66015625,9995.0,9995.0,9896.609375,10090.0,10109.0,1386.190185546875,-20.359102249145508,0.010301503352820873,0.010255583561956882,0.010346410796046257,0.010301397182047367,0.010301397182047367,1.1412716816039392e-07,4.573459591483697e-05,0.039812732487916946,7.105302938725799e-05
G25,3,39.531532287597656,0.9969969987869263,-10050.60546875,-10050.60546875,9995.0,9995.0,9909.921875,10107.0,10109.0,1386.188232421875,-20.540924072265625,0.010404073633253574,0.010357700288295746,0.010449424386024475,0.010403928346931934,0.010403928346931934,1.2905231017157348e-07,5.337342736311257e-05,0.04016886278986931,0.00018463200831320137
G25,4,52.04204177856445,0.9959959983825684,-10042.359375,-10042.359375,9995.0,9995.0,9916.984375,10072.0,10109.0,1386.18603515625,-20.724538803100586,0.010507723316550255,0.010460893623530865,0.010553520172834396,0.01050766371190548,0.01050766371190548,8.045858379546189e-08,3.390942219994031e-05,0.040526192635297775,0.00021740961528848857
G25,5,64.55255126953125,0.9949949979782104,-10037.3828125,-10037.3828125,9995.0,9995.0,9916.4765625,10099.0,10109.0,1386.183837890625,-20.91014289855957,0.010612478479743004,0.010565187782049179,0.010658727958798409,0.010612470097839832,0.010612470097839832,1.6350514275842443e-09,1.0848809324670583e-05,0.040886372327804565,0.0001406586088705808
G25,6,77.06306457519531,0.9939939975738525,-10034.083984375,-10034.083984375,9995.0,9995.0,9879.7265625,10093.0,10109.0,1386.181640625,-21.097463607788086,0.010718369856476784,0.010670612566173077,0.01076507568359375,0.010718327015638351,0.010718327015638351,-7.098920917769647e-08,2.9463899409165606e-05,0.04124930873513222,5.51694211026188e-05
G25,7,89.57357025146484,0.9929929971694946,-10031.76171875,-10031.76171875,9995.0,9995.0,9890.1015625,10070.0,10109.0,1386.179443359375,-21.28644561767578,0.010825423523783684,0.010777193121612072,0.010872590355575085,0.010825341567397118,0.010825341567397118,-1.043182322746361e-07,4.0880146116251126e-05,0.04161510616540909,0.00011981974239461124
G25,8,102.0840835571289,0.9919919967651367,-10030.056640625,-10030.056640625,9995.0,9995.0,9898.671875,10063.0,10109.0,1386.177001953125,-21.477304458618164,0.01093366276472807,0.010884955525398254,0.010981297120451927,0.01093360036611557,0.01093360036611557,-9.016873292466698e-08,3.5170058254152536e-05,0.041984256356954575,0.00016523341764695942
G25,9,114.59459686279297,0.9909909963607788,-10028.767578125,-10028.767578125,9995.0,9995.0,9988.21875,10124.0,10124.0,1386.1748046875,-21.670198440551758,0.01104312390089035,0.01099393516778946,0.011091228574514389,0.011043103411793709,0.011043103411793709,-4.089849525712452e-08,1.9441848053247668e-05,0.04235714673995972,0.00014468652079813182
G25,10,127.1051025390625,0.9899899959564209,-10027.76953125,-10027.76953125,9995.0,9995.0,9734.3671875,9880.0,10124.0,1386.17236328125,-21.865123748779297,0.011153830215334892,0.011104153469204903,0.011202412657439709,0.011153822764754295,0.011153822764754295,1.9693732866699065e-08,8.913862984627485e-06,0.04273378849029541,8.170149521902204e-05
G25,11,139.61561584472656,0.988988995552063,-10026.990234375,-10026.990234375,9995.0,9995.0,9863.90625,10046.0,10124.0,1386.169921875,-22.062013626098633,0.011265815235674381,0.01121564581990242,0.011314879171550274,0.011265784502029419,0.011265784502029419,6.596858526108917e-08,2.5614668629714288e-05,0.0431140698492527,5.264672654448077e-05
G25,12,152.12612915039062,0.9879879951477051,-10026.373046875,-10026.373046875,9995.0,9995.0,9880.9296875,10057.0,10124.0,1386.16748046875,-22.26091766357422,0.011379104107618332,0.011328436434268951,0.011428656056523323,0.011379057541489601,0.011379057541489601,8.06089062166393e-08,3.1543811928713694e-05,0.04349810257554054,0.00010279910202370957
G25,13,164.6366424560547,0.9869869947433472,-10025.880859375,-10025.880859375,9995.0,9995.0,10024.75,10180.0,10180.0,1386.164794921875,-22.461963653564453,0.011493731290102005,0.011442557908594608,0.011543776839971542,0.011493696831166744,0.011493696831166744,6.162250798524838e-08,2.6359748517279513e-05,0.043886128813028336,0.00012780242832377553
G25,14,177.1471405029297,0.9859859943389893,-10025.490234375,-10025.490234375,9995.0,9995.0,9960.2890625,10138.0,10180.0,1386.162109375,-22.665246963500977,0.011609728448092937,0.0115580465644598,0.011660273186862469,0.011609717272222042,0.011609717272222042,2.1851215947776836e-08,1.543236430734396e-05,0.04427836090326309,0.00010974191536661237
G25,15,189.65765380859375,0.9849849939346313,-10025.1796875,-10025.1796875,9995.0,9995.0,9745.40625,9934.0,10180.0,1386.15966796875,-22.870792388916016,0.011727125383913517,0.011674926616251469,0.011778175830841064,0.01172711979597807,0.01172711979597807,-2.0291402336169995e-08,8.372971933567896e-06,0.0446748323738575,6.465357728302479e-05
G25,16,202.1681671142578,0.9839839935302734,-10024.935546875,-10024.935546875,9995.0,9995.0,9884.1796875,10069.0,10180.0,1386.15673828125,-23.078596115112305,0.011845959350466728,0.011793237179517746,0.01189751923084259,0.011845939792692661,0.011845939792692661,-4.876337555970167e-08,2.031093208643142e-05,0.04507553204894066,4.692963921115734e-05
G25,17,214.67868041992188,0.9829829931259155,-10024.74609375,-10024.74609375,9995.0,9995.0,10023.125,10177.0,10180.0,1386.154052734375,-23.288715362548828,0.011966251768171787,0.011913000606000423,0.012018328532576561,0.011966223828494549,0.011966223828494549,-5.486813847710437e-08,2.4540209778933786e-05,0.04548058286309242,8.167308988049626e-05
G25,18,227.18919372558594,0.9819819927215576,-10024.603515625,-10024.603515625,9995.0,9995.0,9969.625,10179.0,10180.0,1386.151123046875,-23.501232147216797,0.012088047340512276,0.012034261599183083,0.012140649370849133,0.012088027782738209,0.012088027782738209,-4.016936472339694e-08,2.0962004782631993e-05,0.04589013755321503,0.00010018005559686571
G25,19,239.69969177246094,0.9809809923171997,-10024.5,-10024.5,9995.0,9995.0,9958.625,10129.0,10180.0,1386.148193359375,-23.71624755859375,0.012211373075842857,0.012157044373452663,0.012264503166079521,0.01221136562526226,0.01221136562526226,-1.3699193779359575e-08,1.232086924574105e-05,0.04630438610911369,8.662211621413007e-05
G25,20,252.210205078125,0.9799799919128418,-10024.4296875,-10024.4296875,9995.0,9995.0,9799.4140625,9999.0,10180.0,1386.145263671875,-23.933786392211914,0.012336265295743942,0.012281387113034725,0.01238993275910616,0.012336261570453644,0.012336261570453644,1.3576335611276136e-08,7.602921868965495e-06,0.046723373234272,5.191196032683365e-05
G25,21,264.7207336425781,0.9789789915084839,-10024.390625,-10024.390625,9995.0,9995.0,9992.359375,10153.0,10180.0,1386.14208984375,-24.153879165649414,0.012462753802537918,0.01240732055157423,0.012516964226961136,0.012462741695344448,0.012462741695344448,3.266831782866575e-08,1.6803276594146155e-05,0.04714716225862503,4.020283813588321e-05
G25,22,277.2312316894531,0.977977991104126,-10024.376953125,-10024.376953125,9995.0,9995.0,9960.2109375,10110.0,10180.0,1386.138916015625,-24.376571655273438,0.012590877711772919,0.012534881941974163,0.012645639479160309,0.012590860947966576,0.012590860947966576,3.827557293334394e-08,1.982810499612242e-05,0.04757583141326904,6.778950046282262e-05
G25,23,289.7417297363281,0.9769769906997681,-10024.38671875,-10024.38671875,9995.0,9995.0,9930.640625,10072.0,10180.0,1386.1357421875,-24.601961135864258,0.012720668688416481,0.012664102017879486,0.012775986455380917,0.012720656581223011,0.012720656581223011,2.984456060062257e-08,1.6023510397644714e-05,0.048009566962718964,8.051561599131674e-05
G25,24,302.25225830078125,0.9759759902954102,-10024.416015625,-10024.416015625,9995.0,9995.0,9935.703125,10155.0,10180.0,1386.132568359375,-24.830110549926758,0.012852165848016739,0.012795023620128632,0.012908047996461391,0.01285216212272644,0.01285216212272644,1.1231694685420734e-08,8.623486792203039e-06,0.048448480665683746,6.62314923829399e-05
G25,25,314.76275634765625,0.9749749898910522,-10024.46484375,-10024.46484375,9995.0,9995.0,9955.8359375,10099.0,10180.0,1386.129150390625,-25.061073303222656,0.012985401786863804,0.012927674688398838,0.013041856698691845,0.01298539899289608,0.01298539899289608,-1.0823503870938112e-08,8.375310244446155e-06,0.048892684280872345,3.75046583940275e-05
G25,26,327.2732849121094,0.9739739894866943,-10024.529296875,-10024.529296875,9995.0,9995.0,9930.6015625,10081.0,10180.0,1386.125732421875,-25.294879913330078,0.01312041562050581,0.013062095269560814,0.013177448883652687,0.013120405375957489,0.013120405375957489,-2.7929015544714275e-08,1.501705810369458e-05,0.04934222251176834,3.821101563517004e-05
G25,27,339.7837829589844,0.9729729890823364,-10024.611328125,-10024.611328125,9995.0,9995.0,9870.1328125,10034.0,10180.0,1386.1220703125,-25.531600952148438,0.013257242739200592,0.013198323547840118,0.013314863666892052,0.013257233425974846,0.013257233425974846,-3.276941029639602e-08,1.5596498997183517e-05,0.04979722946882248,6.0170776123413816e-05
G25,28,352.2942810058594,0.9719719886779785,-10024.705078125,-10024.705078125,9995.0,9995.0,9884.6015625,10043.0,10180.0,1386.11865234375,-25.771316528320312,0.013395920395851135,0.013336392119526863,0.0134541355073452,0.013395914807915688,0.013395914807915688,-2.284747502301343e-08,1.096000323741464e-05,0.0502578541636467,6.381756975315511e-05
G25,29,364.8048095703125,0.9709709882736206,-10024.814453125,-10024.814453125,9995.0,9995.0,9923.625,10157.0,10180.0,1386.11474609375,-26.014087677001953,0.013536486774682999,0.013476342894136906,0.01359530258923769,0.013536483980715275,0.013536483980715275,-2.4681550137017894e-09,5.712903202947928e-06,0.05072421208024025,4.6024779294384643e-05
G25,30,377.3153076171875,0.9699699878692627,-10024.93359375,-10024.93359375,9995.0,9995.0,9864.640625,10030.0,10180.0,1386.111083984375,-26.259965896606445,0.013678976334631443,0.013618209399282932,0.013738404028117657,0.013678972609341145,0.013678972609341145,1.8505057042261797e-08,9.881016922008712e-06,0.0511963926255703,2.739021510933526e-05
G25,31,389.8258361816406,0.9689689874649048,-10025.064453125,-10025.064453125,9995.0,9995.0,9805.9921875,9970.0,10180.0,1386.107177734375,-26.50899887084961,0.01382343377918005,0.013762031681835651,0.013883479870855808,0.013823426328599453,0.013823426328599453,2.9228393927382967e-08,1.3084987585898489e-05,0.05167447775602341,4.054950113641098e-05
G25,32,402.3363342285156,0.9679679870605469,-10025.20703125,-10025.20703125,9995.0,9995.0,9862.890625,10054.0,10180.0,1386.103271484375,-26.761268615722656,0.01396989356726408,0.013907857239246368,0.01403056737035513,0.013969887979328632,0.013969887979328632,2.411922928047261e-08,1.1156810614920687e-05,0.052158623933792114,5.299026452121325e-05
G25,33,414.8468322753906,0.966966986656189,-10025.357421875,-10025.357421875,9995.0,9995.0,9950.984375,10110.0,10180.0,1386.09912109375,-27.01683807373047,0.01411839947104454,0.014055714942514896,0.014179709367454052,0.014118398539721966,0.014118398539721966,6.6194809633657314e-09,6.483815013780259e-06,0.052648961544036865,4.641021223505959e-05
G25,34,427.35736083984375,0.965965986251831,-10025.51953125,-10025.51953125,9995.0,9995.0,9716.8359375,9879.0,10180.0,1386.094970703125,-27.27578353881836,0.014268994331359863,0.014205648563802242,0.01433094684034586,0.014268992468714714,0.014268992468714714,-1.2782262359678498e-08,6.132339876785409e-06,0.05314560607075691,2.8016578653478064e-05
G25,35,439.86785888671875,0.9649649858474731,-10025.689453125,-10025.689453125,9995.0,9995.0,9781.9765625,9967.0,10180.0,1386.0906982421875,-27.53815460205078,0.01442171074450016,0.014357696287333965,0.014484317041933537,0.014421706087887287,0.014421706087887287,-2.2994047554902863e-08,1.0369812116550747e-05,0.053648658096790314,2.8129023121437058e-05
G25,36,452.3783874511719,0.9639639854431152,-10025.869140625,-10025.869140625,9995.0,9995.0,9875.140625,10033.0,10180.0,1386.08642578125,-27.80401039123535,0.014576594345271587,0.014511902816593647,0.01463986374437809,0.014576589688658714,0.014576589688658714,-1.9138301610155395e-08,1.0078649211209267e-05,0.05415822193026543,4.1750685340957716e-05
G25,37,464.8888854980469,0.9629629850387573,-10026.0546875,-10026.0546875,9995.0,9995.0,9989.53125,10190.0,10190.0,1386.081787109375,-28.073429107666016,0.014733688905835152,0.014668313786387444,0.014797629788517952,0.014733687043190002,0.014733687043190002,-5.352920329215749e-09,6.5113840719277505e-06,0.05467445030808449,4.161430842941627e-05
G25,38,477.3993835449219,0.9619619846343994,-10026.25,-10026.25,9995.0,9995.0,9539.0859375,9712.0,10190.0,1386.0771484375,-28.346492767333984,0.014893032610416412,0.014826968312263489,0.014957655221223831,0.014893032610416412,0.014893032610416412,8.875977286493253e-09,4.418557637109188e-06,0.05519748106598854,2.766041325230617e-05
G25,39,489.909912109375,0.9609609842300415,-10026.453125,-10026.453125,9995.0,9995.0,9804.2578125,9958.0,10190.0,1386.072509765625,-28.623245239257812,0.015054674819111824,0.014987902715802193,0.015119987539947033,0.015054672956466675,0.015054672956466675,1.5417528587136076e-08,8.273914318124298e-06,0.05572739616036415,2.2027112208888866e-05
G25,40,502.42041015625,0.9599599838256836,-10026.662109375,-10026.662109375,9995.0,9995.0,9927.5859375,10055.0,10190.0,1386.067626953125,-28.903766632080078,0.015218659304082394,0.015151171945035458,0.015284672379493713,0.015218657441437244,0.015218657441437244,1.2341480726263399e-08,8.608511052443646e-06,0.05626433715224266,3.333899439894594e-05
G25,41,514.930908203125,0.9589589834213257,-10026.87890625,-10026.87890625,9995.0,9995.0,10024.6484375,10161.0,10190.0,1386.062744140625,-29.188133239746094,0.015385029837489128,0.015316814184188843,0.015451746061444283,0.015385029837489128,0.015385029837489128,3.773962031772271e-09,5.84988310947665e-06,0.05680845305323601,3.544376522768289e-05
G25,42,527.4414672851562,0.9579579830169678,-10027.103515625,-10027.103515625,9995.0,9995.0,9647.9453125,9826.0,10190.0,1386.0576171875,-29.476421356201172,0.015553826466202736,0.015484881587326527,0.015621260739862919,0.015553826466202736,0.015553826466202736,-4.396021324737376e-09,3.817277047346579e-06,0.05735987424850464,2.478355418134015e-05
G25,43,539.9519653320312,0.9569569826126099,-10027.3359375,-10027.3359375,9995.0,9995.0,9857.8046875,10016.0,10190.0,1386.052490234375,-29.7686824798584,0.01572510227560997,0.015655409544706345,0.015793265774846077,0.01572510041296482,0.01572510041296482,-8.576568788498662e-09,6.8976287366240285e-06,0.05791869014501572,1.8851600543712266e-05
G25,44,552.4624633789062,0.955955982208252,-10027.57421875,-10027.57421875,9995.0,9995.0,9964.40625,10102.0,10190.0,1386.047119140625,-30.065006256103516,0.01589890383183956,0.0158284530043602,0.015967803075909615,0.015898901969194412,0.015898901969194412,-8.409253737795552e-09,7.177059160312638e-06,0.058485064655542374,2.787944504234474e-05
G25,45,564.9729614257812,0.954954981803894,-10027.818359375,-10027.818359375,9995.0,9995.0,10037.75,10206.0,10206.0,1386.04150390625,-30.365467071533203,0.016075273975729942,0.016004063189029694,0.016144925728440285,0.016075272113084793,0.016075272113084793,-5.0097401782522866e-09,4.808648554899264e-06,0.05905913934111595,2.9586999517050572e-05
G25,46,577.4834594726562,0.9539539813995361,-10028.0703125,-10028.0703125,9995.0,9995.0,9584.1171875,9759.0,10206.0,1386.035888671875,-30.67013931274414,0.01625426858663559,0.016182279214262962,0.01632467657327652,0.01625426858663559,0.01625426858663559,4.819294407987229e-10,3.511245040499489e-06,0.059641033411026,2.049199611064978e-05
G25,47,589.9940185546875,0.9529529809951782,-10028.328125,-10028.328125,9995.0,9995.0,9889.6171875,10058.0,10206.0,1386.030029296875,-30.979106903076172,0.016435936093330383,0.016363151371479034,0.016507113352417946,0.016435932368040085,0.016435932368040085,6.339882396844132e-09,6.035970727680251e-06,0.060230907052755356,1.6941659850999713e-05
G25,48,602.5045166015625,0.9519519805908203,-10028.59375,-10028.59375,9995.0,9995.0,9975.671875,10091.0,10206.0,1386.024169921875,-31.292438507080078,0.016620319336652756,0.016546735540032387,0.016692286357283592,0.016620319336652756,0.016620319336652756,9.391301958316944e-09,5.8027708291774616e-06,0.06082887947559357,2.442928780510556e-05
G25,49,615.0150146484375,0.9509509801864624,-10028.86328125,-10028.86328125,9995.0,9995.0,10036.28125,10233.0,10233.0,1386.01806640625,-31.61021614074707,0.01680747978389263,0.0167330801486969,0.01688024029135704,0.01680747978389263,0.01680747978389263,6.526228002456946e-09,3.637131840150687e-06,0.06143509969115257,2.4101464077830315e-05
G25,50,627.5255126953125,0.9499499797821045,-10029.140625,-10029.140625,9995.0,9995.0,9689.359375,9868.0,10233.0,1386.01171875,-31.932527542114258,0.01699746772646904,0.01692224107682705,0.017071029171347618,0.01699746772646904,0.01699746772646904,-1.7216271741560263e-09,3.6482877021626337e-06,0.06204972416162491,1.587525366630871e-05
G25,51,640.0360107421875,0.9489489793777466,-10029.423828125,-10029.423828125,9995.0,9995.0,9891.75,10021.0,10233.0,1386.00537109375,-32.259456634521484,0.01719033159315586,0.017114264890551567,0.0172647126019001,0.01719032973051071,0.01719032973051071,-9.654852917151402e-09,5.319026968209073e-06,0.06267289072275162,1.629130019864533e-05
G25,52,652.5465698242188,0.9479479789733887,-10029.71484375,-10029.71484375,9995.0,9995.0,10018.875,10262.0,10262.0,1385.998779296875,-32.59107208251953,0.017386125400662422,0.017309218645095825,0.017461339011788368,0.017386125400662422,0.017386125400662422,-1.028848384265757e-08,4.386602995509747e-06,0.06330474466085434,2.1674206436728127e-05
G25,53,665.0570678710938,0.9469469785690308,-10030.01171875,-10030.01171875,9995.0,9995.0,9918.6953125,10104.0,10262.0,1385.991943359375,-32.92747497558594,0.0175849087536335,0.017507145181298256,0.017660968005657196,0.0175849087536335,0.0175849087536335,-2.168981882988419e-09,2.682311560420203e-06,0.06394543498754501,1.8508122593630105e-05
G25,54,677.5675659179688,0.9459459781646729,-10030.314453125,-10030.314453125,9995.0,9995.0,9802.296875,9950.0,10262.0,1385.985107421875,-33.26874542236328,0.017786739394068718,0.017708100378513336,0.017863648012280464,0.017786739394068718,0.017786739394068718,7.991712180910326e-09,3.965520136262057e-06,0.06459512561559677,1.2504686310421675e-05
G25,55,690.0780639648438,0.9449449181556702,-10030.623046875,-10030.623046875,9995.0,9995.0,9964.609375,10183.0,10262.0,1385.97802734375,-33.6149787902832,0.017991673201322556,0.01791215129196644,0.018069449812173843,0.017991673201322556,0.017991673201322556,1.094935608847436e-08,4.4029484342900105e-06,0.06525398045778275,1.6455865988973528e-05
G25,56,702.5885620117188,0.9439439177513123,-10030.939453125,-10030.939453125,9995.0,9995.0,10107.703125,10261.0,10262.0,1385.970703125,-33.96625518798828,0.018199769780039787,0.01811935007572174,0.018278425559401512,0.018199769780039787,0.018199769780039787,4.011960097471956e-09,2.99448765872512e-06,0.06592214107513428,1.825566141633317e-05
G25,57,715.09912109375,0.9429429173469543,-10031.26171875,-10031.26171875,9995.0,9995.0,9525.234375,9714.0,10262.0,1385.963134765625,-34.32268524169922,0.01841108687222004,0.01832975447177887,0.018490631133317947,0.01841108687222004,0.01841108687222004,-5.963552318632992e-09,2.61776813204051e-06,0.06659979373216629,1.3009220310777891e-05
G25,58,727.609619140625,0.9419419169425964,-10031.58984375,-10031.58984375,9995.0,9995.0,9919.328125,10073.0,10262.0,1385.955322265625,-34.684349060058594,0.018625684082508087,0.0185434278100729,0.01870613731443882,0.018625684082508087,0.018625684082508087,-9.493330566101577e-09,3.853242105833488e-06,0.06728707998991013,1.2055443221470341e-05
G25,59,740.1201171875,0.9409409165382385,-10031.923828125,-10031.923828125,9995.0,9995.0,10115.9609375,10255.0,10262.0,1385.947265625,-35.051334381103516,0.018843628466129303,0.018760429695248604,0.018924998119473457,0.018843628466129303,0.018843628466129303,-4.015299204240819e-09,3.1699069040769245e-06,0.06798417866230011,1.5837053069844842e-05
G25,60,752.630615234375,0.9399399161338806,-10032.265625,-10032.265625,9995.0,9995.0,9807.5390625,10036.0,10262.0,1385.939208984375,-35.42375183105469,0.019064979627728462,0.018980827182531357,0.01914728432893753,0.019064979627728462,0.019064979627728462,4.101813555479339e-09,2.095976697091828e-06,0.06869125366210938,1.3500497516361065e-05
G25,61,765.14111328125,0.9389389157295227,-10032.61328125,-10032.61328125,9995.0,9995.0,9873.1875,10033.0,10262.0,1385.930908203125,-35.80170440673828,0.019289802759885788,0.01920468732714653,0.019373051822185516,0.019289802759885788,0.019289802759885788,6.9567209770582394e-09,3.1143920296017313e-06,0.06940849125385284,9.866365871857852e-06
G25,62,777.6516723632812,0.9379379153251648,-10032.966796875,-10032.966796875,9995.0,9995.0,10097.8203125,10270.0,10270.0,1385.922119140625,-36.18527603149414,0.01951816864311695,0.01943206787109375,0.019602373242378235,0.01951816864311695,0.01951816864311695,3.104910994977672e-09,3.058506763409241e-06,0.07013604789972305,1.2952386896358803e-05
G25,63,790.1621704101562,0.9369369149208069,-10033.328125,-10033.328125,9995.0,9995.0,10051.0703125,10257.0,10270.0,1385.913330078125,-36.574581146240234,0.019750136882066727,0.019663041457533836,0.019835319370031357,0.019750136882066727,0.019750136882066727,-2.3375317237395166e-09,1.995034608626156e-06,0.07087411731481552,1.2897262422484346e-05
G25,64,802.6726684570312,0.935935914516449,-10033.6962890625,-10033.6962890625,9995.0,9995.0,9782.4453125,9958.0,10270.0,1385.904296875,-36.969722747802734,0.019985781982541084,0.019897671416401863,0.020071953535079956,0.019985781982541084,0.019985781982541084,-4.224279148701271e-09,2.4542839582863962e-06,0.07162287831306458,9.06791592569789e-06
G25,65,815.1831665039062,0.9349349141120911,-10034.0703125,-10034.0703125,9995.0,9995.0,10065.421875,10201.0,10270.0,1385.894775390625,-37.37080383300781,0.020225169137120247,0.020136035978794098,0.020312344655394554,0.020225169137120247,0.020225169137120247,-2.252439568195541e-09,2.7754235816246364e-06,0.07238251715898514,1.0567548088147305e-05
G25,66,827.6936645507812,0.9339339137077332,-10034.453125,-10034.453125,9995.0,9995.0,10132.5,10365.0,10365.0,1385.88525390625,-37.77793884277344,0.020468372851610184,0.020378200337290764,0.02055656909942627,0.020468372851610184,0.020468372851610184,5.296397209697545e-10,1.90844889402797e-06,0.07315321266651154,1.1659576557576656e-05
G25,67,840.2042236328125,0.9329329133033752,-10034.83984375,-10034.83984375,9995.0,9995.0,9654.921875,9823.0,10365.0,1385.875244140625,-38.19123458862305,0.020715463906526566,0.020624233409762383,0.020804697647690773,0.020715463906526566,0.020715463906526566,2.0009585099955984e-09,1.9972642348875524e-06,0.07393515855073929,8.520638402842451e-06
G25,68,852.7147216796875,0.9319319128990173,-10035.236328125,-10035.236328125,9995.0,9995.0,10045.4609375,10249.0,10365.0,1385.865234375,-38.610801696777344,0.02096652053296566,0.02087421528995037,0.021056802943348885,0.02096652053296566,0.02096652053296566,2.1868573618633036e-09,2.4414089239144232e-06,0.07472856342792511,8.890086064639036e-06
G25,69,865.2252197265625,0.9309309124946594,-10035.638671875,-10035.638671875,9995.0,9995.0,10156.5859375,10360.0,10365.0,1385.854736328125,-39.036766052246094,0.021221619099378586,0.02112821862101555,0.02131296694278717,0.021221619099378586,0.021221619099378586,1.2514299596588785e-09,1.7602661728233215e-06,0.07553361356258392,1.0278760782966856e-05
G25,70,877.7357177734375,0.9299299120903015,-10036.048828125,-10036.048828125,9995.0,9995.0,9611.3671875,9775.0,10365.0,1385.843994140625,-39.469234466552734,0.021480830386281013,0.021386323496699333,0.02157326601445675,0.021480830386281013,0.021480830386281013,-1.0454858090369612e-09,1.7172403659060365e-06,0.07635051757097244,7.823291525710374e-06
G25,71,890.2462158203125,0.9289289116859436,-10036.46484375,-10036.46484375,9995.0,9995.0,10036.421875,10213.0,10365.0,1385.832763671875,-39.908329010009766,0.021744240075349808,0.02164861001074314,0.02183777280151844,0.021744240075349808,0.021744240075349808,-3.2179738873594488e-09,2.1230412130535115e-06,0.07717946916818619,7.756122613500338e-06
G25,72,902.7567749023438,0.9279279112815857,-10036.888671875,-10036.888671875,9995.0,9995.0,10168.3125,10356.0,10365.0,1385.821533203125,-40.35417175292969,0.022011926397681236,0.021915152668952942,0.02210657298564911,0.022011926397681236,0.022011926397681236,-2.175100100032523e-09,1.5667592379031703e-06,0.07802069187164307,8.99407677934505e-06
G25,73,915.2672729492188,0.9269269108772278,-10037.3203125,-10037.3203125,9995.0,9995.0,9624.8515625,9795.0,10365.0,1385.809814453125,-40.806888580322266,0.022283969447016716,0.02218603901565075,0.02237975038588047,0.022283969447016716,0.022283969447016716,2.055042580551003e-09,1.5423178183482378e-06,0.0788743793964386,6.984906121942913e-06
G25,74,927.7777709960938,0.9259259104728699,-10037.76171875,-10037.76171875,9995.0,9995.0,10075.046875,10235.0,10365.0,1385.797607421875,-41.266605377197266,0.02256045490503311,0.02246135100722313,0.02265739068388939,0.02256045490503311,0.02256045490503311,4.282163068580758e-09,1.83812960585783e-06,0.07974077016115189,6.965630745980889e-06
G25,75,940.2882690429688,0.924924910068512,-10038.20703125,-10038.20703125,9995.0,9995.0,10139.71875,10366.0,10366.0,1385.785400390625,-41.733455657958984,0.022841472178697586,0.022741170600056648,0.022939573973417282,0.022841472178697586,0.022841472178697586,8.093745118564755e-10,1.3587922467195312e-06,0.08062006533145905,7.848599125281908e-06
G25,76,952.7987670898438,0.923923909664154,-10038.662109375,-10038.662109375,9995.0,9995.0,9688.328125,9900.0,10366.0,1385.7724609375,-42.20756149291992,0.023127103224396706,0.023025590926408768,0.02322639524936676,0.023127103224396706,0.023127103224396706,-3.866816644659821e-09,1.4288477814261569e-06,0.08151250332593918,6.112994014983997e-06
G25,77,965.309326171875,0.9229229092597961,-10039.125,-10039.125,9995.0,9995.0,10128.125,10274.0,10366.0,1385.75927734375,-42.689064025878906,0.023417441174387932,0.023314692080020905,0.02351793646812439,0.023417441174387932,0.023417441174387932,-2.9603606233052915e-09,1.574403881932085e-06,0.0824183002114296,6.38963592791697e-06
G25,78,977.81982421875,0.9219219088554382,-10039.595703125,-10039.595703125,9995.0,9995.0,10048.5703125,10215.0,10366.0,1385.745849609375,-43.178104400634766,0.023712575435638428,0.023608572781085968,0.02381429448723793,0.023712575435638428,0.023712575435638428,1.8380227340131228e-09,1.1747123380700941e-06,0.0833376869559288,6.789508006477263e-06
G25,79,990.330322265625,0.9209209084510803,-10040.07421875,-10040.07421875,9995.0,9995.0,9802.125,9979.0,10366.0,1385.73193359375,-43.67481231689453,0.024012601003050804,0.02390732616186142,0.024115564301609993,0.024012601003050804,0.024012601003050804,3.122577973968532e-09,1.3415127568805474e-06,0.0842709019780159,5.339099971024552e-06
G25,80,1002.8408203125,0.9199199080467224,-10040.560546875,-10040.560546875,9995.0,9995.0,10165.4921875,10310.0,10366.0,1385.717529296875,-44.17934036254883,0.024317612871527672,0.02421104535460472,0.02442183904349804,0.024317612871527672,0.024317612871527672,5.863336205447212e-11,1.3203847402110114e-06,0.08521819114685059,5.91935713600833e-06
G25,81,1015.351318359375,0.9189189076423645,-10041.056640625,-10041.056640625,9995.0,9995.0,9874.4609375,10028.0,10366.0,1385.702880859375,-44.69182586669922,0.02462770603597164,0.024519825354218483,0.02473321743309498,0.02462770603597164,0.02462770603597164,-1.6509472677839199e-09,1.0435604735903325e-06,0.08617979288101196,5.76795855522505e-06
G25,82,1027.86181640625,0.9179179072380066,-10041.560546875,-10041.560546875,9995.0,9995.0,9944.984375,10091.0,10366.0,1385.687744140625,-45.21242141723633,0.024942979216575623,0.024833768606185913,0.02504979446530342,0.024942979216575623,0.024942979216575623,-6.879414260474448e-10,1.2454263469408033e-06,0.08715595304965973,4.777187314175535e-06
G25,83,1040.372314453125,0.9169169068336487,-10042.07421875,-10042.07421875,9995.0,9995.0,10188.7578125,10374.0,10374.0,1385.672119140625,-45.74127960205078,0.02526353858411312,0.02515297383069992,0.025371674448251724,0.02526353858411312,0.02526353858411312,-3.1068841943593384e-10,1.0786289976749686e-06,0.08814692497253418,5.441389475890901e-06
G25,84,1052.8829345703125,0.9159159064292908,-10042.595703125,-10042.595703125,9995.0,9995.0,9755.609375,9915.0,10374.0,1385.656005859375,-46.27854919433594,0.025589482858777046,0.025477545335888863,0.025698963552713394,0.025589482858777046,0.025589482858777046,1.049576831696486e-11,9.85414544629748e-07,0.08915296941995621,4.790698767465074e-06
G25,85,1065.3934326171875,0.9149149060249329,-10043.125,-10043.125,9995.0,9995.0,10083.6328125,10231.0,10374.0,1385.639404296875,-46.82439422607422,0.025920916348695755,0.025807581841945648,0.02603176049888134,0.025920916348695755,0.025920916348695755,1.777235025812729e-09,1.101584757634555e-06,0.09017433226108551,4.480749794311123e-06
G25,86,1077.9039306640625,0.913913905620575,-10043.6640625,-10043.6640625,9995.0,9995.0,10061.78125,10319.0,10374.0,1385.622314453125,-47.37896728515625,0.0262579508125782,0.02614320069551468,0.026370178908109665,0.0262579508125782,0.0262579508125782,1.3070535764825308e-09,8.937748248172284e-07,0.09121128916740417,4.81611050417996e-06
G25,87,1090.4144287109375,0.912912905216217,-10044.212890625,-10044.212890625,9995.0,9995.0,9859.9609375,10012.0,10374.0,1385.604736328125,-47.942440032958984,0.02660069428384304,0.026484504342079163,0.02671433426439762,0.02660069428384304,0.02660069428384304,-2.368855112067081e-09,9.591769867256517e-07,0.09226411581039429,4.028788225696189e-06
G25,88,1102.9249267578125,0.9119119048118591,-10044.771484375,-10044.771484375,9995.0,9995.0,10170.2578125,10334.0,10374.0,1385.586669921875,-48.514976501464844,0.026949258521199226,0.0268316101282835,0.027064329013228416,0.026949258521199226,0.026949258521199226,-2.494050965751171e-09,9.125615747507254e-07,0.09333307296037674,4.275436367606744e-06
G25,89,1115.4354248046875,0.9109109044075012,-10045.33984375,-10045.33984375,9995.0,9995.0,9861.9296875,10018.0,10374.0,1385.56787109375,-49.096744537353516,0.027303757146000862,0.0271846242249012,0.027420280501246452,0.027303757146000862,0.027303757146000862,2.222000805573998e-09,8.087927767519432e-07,0.09441844373941422,4.0390536923951e-06
G25,90,1127.9459228515625,0.9099099040031433,-10045.916015625,-10045.916015625,9995.0,9995.0,10051.46875,10187.0,10374.0,1385.548828125,-49.68791961669922,0.027664311230182648,0.02754366584122181,0.02778230607509613,0.027664311230182648,0.027664311230182648,3.0605209477840845e-09,8.810358735900081e-07,0.09552051872015,3.6608430491469335e-06
G25,91,1140.4564208984375,0.9089089035987854,-10046.50390625,-10046.50390625,9995.0,9995.0,10070.34375,10247.0,10374.0,1385.52880859375,-50.288673400878906,0.028031038120388985,0.02790885791182518,0.028150534257292747,0.028031038120388985,0.028031038120388985,-1.6533533431228875e-09,7.523148610744101e-07,0.09663958102464676,3.882634700858034e-06
G25,92,1152.9669189453125,0.9079079031944275,-10047.1015625,-10047.1015625,9995.0,9995.0,9905.1171875,10030.0,10374.0,1385.508544921875,-50.89919662475586,0.028404057025909424,0.028280315920710564,0.028525076806545258,0.028404057025909424,0.028404057025909424,-2.906711982220145e-09,7.819022584953927e-07,0.09777592122554779,3.3712115055095637e-06
G25,93,1165.4774169921875,0.9069069027900696,-10047.708984375,-10047.708984375,9995.0,9995.0,10148.375,10297.0,10374.0,1385.4873046875,-51.51966857910156,0.028783494606614113,0.028658177703619003,0.02890606038272381,0.028783494606614113,0.028783494606614113,9.062609551691025e-10,7.365189844676934e-07,0.09892982989549637,3.490618837531656e-06
G25,94,1177.988037109375,0.9059059023857117,-10048.326171875,-10048.326171875,9995.0,9995.0,9895.625,10111.0,10374.0,1385.465576171875,-52.15027618408203,0.0291694775223732,0.029042551293969154,0.029293613508343697,0.0291694775223732,0.0291694775223732,2.2618011907837854e-09,6.866740704936092e-07,0.10010162740945816,3.267358351877192e-06
G25,95,1190.49853515625,0.9049049019813538,-10048.955078125,-10048.955078125,9995.0,9995.0,10101.953125,10269.0,10374.0,1385.443359375,-52.79120635986328,0.02956213429570198,0.02943357266485691,0.02968786470592022,0.02956213429570198,0.02956213429570198,-1.2988059239216199e-10,7.057901711959857e-07,0.10129159688949585,3.086224523940473e-06
G25,96,1203.009033203125,0.9039039015769958,-10049.59375,-10049.59375,9995.0,9995.0,10002.2578125,10154.0,10374.0,1385.420166015625,-53.442657470703125,0.0299616027623415,0.029831383377313614,0.03008895181119442,0.0299616027623415,0.0299616027623415,-1.4929211200609416e-09,6.271919232858636e-07,0.1025000736117363,3.1179549750959268e-06
G25,97,1215.51953125,0.9029029011726379,-10050.244140625,-10050.244140625,9995.0,9995.0,10011.3203125,10201.0,10374.0,1385.396484375,-54.10483169555664,0.030368009582161903,0.030236108228564262,0.030497003346681595,0.030368009582161903,0.030368009582161903,-5.479649511919149e-10,6.509757781714143e-07,0.10372735559940338,2.806384827636066e-06
G25,98,1228.030029296875,0.90190190076828,-10050.90625,-10050.90625,9995.0,9995.0,10082.5546875,10260.0,10374.0,1385.371826171875,-54.777931213378906,0.030781500041484833,0.03064788691699505,0.030912164598703384,0.030781500041484833,0.030781500041484833,8.960631681098619e-10,5.906666729060817e-07,0.10497377812862396,2.8851363822468556e-06
G25,99,1240.54052734375,0.9009009003639221,-10051.580078125,-10051.580078125,9995.0,9995.0,9961.46875,10140.0,10374.0,1385.3466796875,-55.462158203125,0.031202208250761032,0.031066857278347015,0.03133457154035568,0.031202208250761032,0.031202208250761032,1.0081995238664376e-09,5.907216973355389e-07,0.10623966157436371,2.6263419385941233e-06
G25,100,1253.051025390625,0.8998998999595642,-10052.263671875,-10052.263671875,9995.0,9995.0,10115.9921875,10318.0,10374.0,1385.320556640625,-56.15773010253906,0.03163028508424759,0.0314931683242321,0.031764376908540726,0.03163028508424759,0.03163028508424759,-5.289537141628387e-10,5.597158292403037e-07,0.10752534121274948,2.62839989773056e-06
G25,101,1265.5615234375,0.8988988995552063,-10052.958984375,-10052.958984375,9995.0,9995.0,9968.390625,10130.0,10374.0,1385.293701171875,-56.86485290527344,0.03206586837768555,0.0319269634783268,0.032201722264289856,0.03206586837768555,0.03206586837768555,-1.308378627662421e-09,5.384555947784975e-07,0.10883115231990814,2.476606596246711e-06
G25,102,1278.072021484375,0.8978978991508484,-10053.66796875,-10053.66796875,9995.0,9995.0,10107.4609375,10299.0,10374.0,1385.265869140625,-57.5837516784668,0.03250911831855774,0.032368384301662445,0.03264675289392471,0.03250911831855774,0.03250911831855774,4.377788409559713e-10,5.268509539746447e-07,0.11015743017196655,2.3956370114319725e-06
G25,103,1290.58251953125,0.8968968987464905,-10054.388671875,-10054.388671875,9995.0,9995.0,9990.4921875,10207.0,10374.0,1385.2373046875,-58.31465148925781,0.032960180193185806,0.03281759098172188,0.03309962525963783,0.032960180193185806,0.032960180193185806,1.5493349936335221e-09,4.958087060913385e-07,0.11150453984737396,2.3238728772412287e-06
G25,104,1303.0931396484375,0.8958958983421326,-10055.12109375,-10055.12109375,9995.0,9995.0,10074.0078125,10201.0,10374.0,1385.207763671875,-59.05777359008789,0.03341921046376228,0.03327473998069763,0.03356049209833145,0.03341921046376228,0.03341921046376228,-9.014189950029561e-10,4.912079702990013e-07,0.11287281662225723,2.200675453423173e-06
G25,105,1315.6036376953125,0.8948948979377747,-10055.8662109375,-10055.8662109375,9995.0,9995.0,10010.03125,10169.0,10374.0,1385.17724609375,-59.813358306884766,0.033886369317770004,0.033739980310201645,0.034029521048069,0.033886369317770004,0.033886369317770004,-1.28185828618399e-09,4.6062925207479566e-07,0.11426262557506561,2.164197212550789e-06
G25,106,1328.1141357421875,0.8938938975334167,-10056.625,-10056.625,9995.0,9995.0,10058.203125,10195.0,10374.0,1385.145751953125,-60.581634521484375,0.0343618206679821,0.034213483333587646,0.03450687229633331,0.0343618206679821,0.0343618206679821,1.6625092413846687e-09,4.56083427025078e-07,0.11567432433366776,2.0382767615956254e-06
G25,107,1340.6246337890625,0.8928928971290588,-10057.396484375,-10057.396484375,9995.0,9995.0,10032.53125,10198.0,10374.0,1385.11328125,-61.36284637451172,0.03484572842717171,0.03469541296362877,0.03499271348118782,0.03484572842717171,0.03484572842717171,-5.826291532562422e-11,4.295712585644651e-07,0.1171082928776741,2.0075926840945613e-06
G25,108,1353.1351318359375,0.8918918967247009,-10058.181640625,-10058.181640625,9995.0,9995.0,10043.15625,10201.0,10374.0,1385.079833984375,-62.15724182128906,0.03533826395869255,0.03518593683838844,0.03548720106482506,0.03533826395869255,0.03533826395869255,-1.3410644816858053e-09,4.2329784832872974e-07,0.1185648962855339,1.8952562186314026e-06
G25,109,1365.6456298828125,0.890890896320343,-10058.98046875,-10058.98046875,9995.0,9995.0,10039.671875,10191.0,10374.0,1385.045166015625,-62.96506881713867,0.03583959490060806,0.0356852263212204,0.03599052503705025,0.03583959490060806,0.03583959490060806,1.3118390818078751e-09,4.0178630911213986e-07,0.12004450708627701,1.8618588910612743e-06
G25,110,1378.1561279296875,0.8898898959159851,-10059.791015625,-10059.791015625,9995.0,9995.0,10036.0546875,10188.0,10374.0,1385.009521484375,-63.786582946777344,0.03634990006685257,0.03619346395134926,0.03650285303592682,0.03634990006685257,0.03634990006685257,-2.3558138773083215e-10,3.9370186755149916e-07,0.12154752761125565,1.7696198710837052e-06
G25,111,1390.6666259765625,0.8888888955116272,-10060.619140625,-10060.619140625,9995.0,9995.0,10035.8828125,10233.0,10374.0,1384.97265625,-64.62203979492188,0.0368693582713604,0.03671081364154816,0.037024371325969696,0.0368693582713604,0.0368693582713604,-8.614901014780685e-10,3.763823883673467e-07,0.12307432293891907,1.7390680113749113e-06
G25,112,1403.1771240234375,0.8878878951072693,-10061.458984375,-10061.458984375,9995.0,9995.0,10034.6875,10175.0,10374.0,1384.9345703125,-65.47171783447266,0.03739815577864647,0.03723746910691261,0.037555254995822906,0.03739815577864647,0.03739815577864647,1.1098876262494173e-09,3.680283384710492e-07,0.1246253103017807,1.6927689330259454e-06
G25,113,1415.6876220703125,0.8868868947029114,-10062.314453125,-10062.314453125,9995.0,9995.0,10029.90625,10232.0,10374.0,1384.895263671875,-66.33586883544922,0.03793647512793541,0.03777361288666725,0.03809570148587227,0.03793647512793541,0.03793647512793541,-5.761165433604276e-10,3.5456855584925506e-07,0.126200869679451,1.7337827102892334e-06
G25,114,1428.1982421875,0.8858858942985535,-10063.185546875,-10063.185546875,9995.0,9995.0,10024.1484375,10186.0,10374.0,1384.854736328125,-67.21478271484375,0.03848451003432274,0.03831943869590759,0.038645897060632706,0.03848451003432274,0.03848451003432274,3.858071084827941e-10,3.47003918932387e-07,0.12780140340328217,1.7803438367991475e-06
G25,115,1440.708740234375,0.8848848938941956,-10064.0703125,-10064.0703125,9995.0,9995.0,10002.296875,10195.0,10374.0,1384.81298828125,-68.10872650146484,0.03904245048761368,0.038875140249729156,0.03920603543519974,0.03904245048761368,0.03904245048761368,-1.410138117385884e-09,3.3915469543899235e-07,0.12942735850811005,1.8361978391112643e-06
G25,116,1453.21923828125,0.8838838934898376,-10064.970703125,-10064.970703125,9995.0,9995.0,9988.984375,10148.0,10374.0,1384.76953125,-69.01799011230469,0.03961050510406494,0.03944091126322746,0.03977631404995918,0.03961050510406494,0.03961050510406494,2.995397929694832e-09,3.3657238418527413e-07,0.13107910752296448,2.0913821572321467e-06
G25,117,1465.729736328125,0.8828828930854797,-10065.88671875,-10065.88671875,9995.0,9995.0,9931.2890625,10116.0,10374.0,1384.724853515625,-69.94287109375,0.04018886387348175,0.04001695662736893,0.040356941521167755,0.04018886387348175,0.04018886387348175,-3.669105019810104e-09,3.376854351699876e-07,0.13275709748268127,2.454870809742715e-06
G25,118,1478.240234375,0.8818818926811218,-10066.8203125,-10066.8203125,9995.0,9995.0,9835.921875,10144.0,10374.0,1384.6787109375,-70.88365936279297,0.04077773913741112,0.040603477507829666,0.04094811528921127,0.04077773913741112,0.04077773913741112,2.8078182001678442e-09,3.5055646208093094e-07,0.13446173071861267,3.0113349112070864e-06
G25,119,1490.750732421875,0.8808808922767639,-10067.76953125,-10067.76953125,9995.0,9995.0,9576.890625,10137.0,10374.0,1384.631103515625,-71.84066009521484,0.04137733578681946,0.041200678795576096,0.04155005142092705,0.04137733578681946,0.04137733578681946,-7.630570064698361e-10,3.819565961293847e-07,0.13619345426559448,3.817153356067138e-06
G25,120,1503.26123046875,0.879879891872406,-10068.734375,-10068.734375,9995.0,9995.0,9073.671875,9998.0,10374.0,1384.581787109375,-72.81417083740234,0.04198787361383438,0.04180878773331642,0.04216296970844269,0.04198787361383438,0.04198787361383438,-1.7413295250179317e-09,4.5082495603310235e-07,0.13795270025730133,4.849873221246526e-06
G25,121,1515.771728515625,0.8788788914680481,-10069.7177734375,-10069.7177734375,9995.0,9995.0,8133.015625,9953.0,10374.0,1384.53076171875,-73.80451202392578,0.042609572410583496,0.042428016662597656,0.04278707504272461,0.042609572410583496,0.042609572410583496,3.6949843185141162e-09,5.974413852527505e-07,0.13973990082740784,6.46902117296122e-06
G25,122,1528.2822265625,0.8778778910636902,-10070.71875,-10070.71875,9995.0,9995.0,6612.2109375,9856.0,10374.0,1384.478271484375,-74.81200408935547,0.04324265196919441,0.04305858537554741,0.04342260584235191,0.04324265196919441,0.04324265196919441,-5.027148475278409e-09,9.008198276205803e-07,0.14155550301074982,8.782855729805306e-06
G25,123,1540.792724609375,0.8768768906593323,-10071.736328125,-10071.736328125,9995.0,9995.0,4936.4375,9522.0,10374.0,1384.423828125,-75.83695983886719,0.043887339532375336,0.043700721114873886,0.04406978562474251,0.043887339532375336,0.043887339532375336,4.019326649284949e-09,1.5297324580387794e-06,0.14339995384216309,1.2208422958792653e-05
G25,124,1553.3033447265625,0.8758758902549744,-10072.771484375,-10072.771484375,9995.0,9995.0,3616.3828125,9184.0,10374.0,1384.36767578125,-76.87971496582031,0.04454386234283447,0.04435466229915619,0.0447288379073143,0.04454386234283447,0.04454386234283447,8.034956699987106e-09,2.821494490490295e-06,0.14527370035648346,1.8196089513367042e-05
G25,125,1565.8138427734375,0.8748748898506165,-10073.82421875,-10073.82421875,9995.0,9995.0,2721.203125,8896.0,10374.0,1384.3095703125,-77.94061279296875,0.04521246254444122,0.045020632445812225,0.04540000483393669,0.04521246254444122,0.04521246254444122,-6.069214464332617e-08,5.4344377531378996e-06,0.14717723429203033,2.8994070817134343e-05
G25,126,1578.3243408203125,0.8738738894462585,-10074.896484375,-10074.896484375,9995.0,9995.0,2149.8125,8671.0,10374.0,1384.24951171875,-79.01997375488281,0.04589337855577469,0.045698873698711395,0.04608353599905968,0.04589337483048439,0.04589337483048439,2.46311373075514e-07,1.0605717761791311e-05,0.14911095798015594,4.911739961244166e-05
G25,127,1590.8348388671875,0.8728728890419006,-10075.98828125,-10075.98828125,9995.0,9995.0,1690.8203125,8634.0,10374.0,1384.187255859375,-80.1181640625,0.04658685252070427,0.046389635652303696,0.046779658645391464,0.04658684507012367,0.04658684507012367,-7.865255611250177e-07,2.026135007326957e-05,0.1510753631591797,8.559980778954923e-05
G25,128,1603.3453369140625,0.8718718886375427,-10077.099609375,-10077.099609375,9995.0,9995.0,1242.09375,8655.0,10374.0,1384.123291015625,-81.23551177978516,0.04729313403367996,0.047093164175748825,0.047488629817962646,0.04729311168193817,0.04729311168193817,2.0235786450939486e-06,3.5932960599893704e-05,0.15307091176509857,0.00014712862321175635
G25,129,1615.8558349609375,0.8708708882331848,-10078.228515625,-10078.228515625,9995.0,9995.0,933.171875,8544.0,10374.0,1384.056884765625,-82.37239074707031,0.04801248013973236,0.04780970886349678,0.048210714012384415,0.048012442886829376,0.048012442886829376,-4.221828930894844e-06,5.508281537913717e-05,0.15509803593158722,0.00023695787240285426
G25,130,1628.3663330078125,0.8698698878288269,-10079.37890625,-10079.37890625,9995.0,9995.0,1133.7890625,8371.0,10374.0,1383.98828125,-83.52914428710938,0.04874515160918236,0.048539530485868454,0.04894616827368736,0.04874509572982788,0.04874509572982788,7.541208560724044e-06,6.648641283391044e-05,0.15715722739696503,0.0003370958147570491
G25,131,1640.8768310546875,0.868868887424469,-10080.55078125,-10080.55078125,9995.0,9995.0,2126.4453125,9103.0,10374.0,1383.917236328125,-84.70618438720703,0.04949140548706055,0.04928288981318474,0.049695249646902084,0.04949135705828667,0.04949135705828667,-1.0414553798909765e-05,6.140585173852742e-05,0.15924903750419617,0.0003951695980504155
G25,132,1653.3873291015625,0.8678678870201111,-10081.740234375,-10081.740234375,9995.0,9995.0,2148.390625,9035.0,10374.0,1383.843994140625,-85.9039077758789,0.050251513719558716,0.05004005879163742,0.05045822635293007,0.050251469016075134,0.050251469016075134,7.228462436614791e-06,5.8230954891769215e-05,0.1613740473985672,0.00037976374733261764
G25,133,1665.89794921875,0.8668668866157532,-10082.953125,-10082.953125,9995.0,9995.0,1842.671875,8970.0,10374.0,1383.76806640625,-87.12266540527344,0.05102574825286865,0.05081131309270859,0.0512353740632534,0.05102570354938507,0.05102570354938507,2.6761015305964975e-06,5.9339843573980033e-05,0.16353261470794678,0.0003553625429049134
G25,134,1678.408447265625,0.8658658862113953,-10084.1875,-10084.1875,9995.0,9995.0,2515.3671875,8814.0,10374.0,1383.689453125,-88.36283111572266,0.05181438848376274,0.05159691721200943,0.05202696472406387,0.05181434750556946,0.05181434750556946,-9.455589861318003e-06,5.351872823666781e-05,0.1657252013683319,0.00035521600511856377
G25,135,1690.9189453125,0.8648648858070374,-10085.443359375,-10085.443359375,9995.0,9995.0,2558.0234375,8866.0,10374.0,1383.6083984375,-89.62481689453125,0.052617717534303665,0.05239717662334442,0.05283329263329506,0.05261767655611038,0.05261767655611038,4.257161890564021e-06,5.0270933570573106e-05,0.16795234382152557,0.0003313161723781377
G25,136,1703.429443359375,0.8638638854026794,-10086.7216796875,-10086.7216796875,9995.0,9995.0,1889.515625,8875.0,10374.0,1383.5244140625,-90.90902709960938,0.05343601480126381,0.05321235582232475,0.053654640913009644,0.053435977548360825,0.053435977548360825,6.8107015067653265e-06,5.477045851876028e-05,0.17021451890468597,0.00030977182905189693
G25,137,1715.93994140625,0.8628628849983215,-10088.0224609375,-10088.0224609375,9995.0,9995.0,3761.0546875,8946.0,10374.0,1383.4375,-92.2158432006836,0.05426958575844765,0.0540427602827549,0.0544913075864315,0.05426955595612526,0.05426955595612526,-9.500787200522609e-06,4.5229593524709344e-05,0.17251214385032654,0.0003288552397862077
G25,138,1728.450439453125,0.8618618845939636,-10089.3466796875,-10089.3466796875,9995.0,9995.0,3515.7734375,8848.0,10374.0,1383.34765625,-93.54572296142578,0.05511872470378876,0.05488867312669754,0.05534359812736511,0.05511870235204697,0.05511870235204697,9.233531272911932e-07,4.096760312677361e-05,0.1748458743095398,0.00028707447927445173
G25,139,1740.9609375,0.8608608841896057,-10090.693359375,-10090.693359375,9995.0,9995.0,1864.46875,8888.0,10374.0,1383.254638671875,-94.89906311035156,0.05598372593522072,0.05575041472911835,0.05621180310845375,0.05598369985818863,0.05598369985818863,7.3923779382312205e-06,4.998033182346262e-05,0.1772160828113556,0.00025888733216561377
G25,140,1753.471435546875,0.8598598837852478,-10092.0654296875,-10092.0654296875,9995.0,9995.0,3909.625,8738.0,10374.0,1383.158447265625,-96.2762680053711,0.056864913552999496,0.05662826821208,0.05709622800350189,0.05686488747596741,0.05686488747596741,-5.866017090738751e-06,4.047073525725864e-05,0.17962323129177094,0.00030227252864278853
G25,141,1765.98193359375,0.8588588237762451,-10093.4609375,-10093.4609375,9995.0,9995.0,5006.1015625,8945.0,10374.0,1383.0589599609375,-97.67781829833984,0.05776258185505867,0.057522572576999664,0.057997193187475204,0.057762566953897476,0.057762566953897476,-1.7521855397717445e-06,3.361169001436792e-05,0.18206796050071716,0.00025786811602301896
G25,142,1778.492431640625,0.8578578233718872,-10094.880859375,-10094.880859375,9995.0,9995.0,2284.2890625,8925.0,10374.0,1382.9560546875,-99.10414123535156,0.0586770661175251,0.05843363329768181,0.05891501158475876,0.05867704376578331,0.05867704376578331,5.903938472329173e-06,4.6186331019271165e-05,0.1845507174730301,0.0002146775514120236
G25,143,1791.0030517578125,0.8568568229675293,-10096.328125,-10096.328125,9995.0,9995.0,3866.640625,8831.0,10374.0,1382.849365234375,-100.55564880371094,0.05960868299007416,0.059361781924963,0.059850022196769714,0.059608668088912964,0.059608668088912964,-3.305993686808506e-06,3.845880928565748e-05,0.18707184493541718,0.00028240616666153073
G25,144,1803.5135498046875,0.8558558225631714,-10097.798828125,-10097.798828125,9995.0,9995.0,6296.4765625,9008.0,10374.0,1382.739013671875,-102.03284454345703,0.060557764023542404,0.060307323932647705,0.06080254539847374,0.06055775657296181,0.06055775657296181,-1.5555467598460382e-06,2.790821781673003e-05,0.1896320879459381,0.00024091008526738733
G25,145,1816.0240478515625,0.8548548221588135,-10099.298828125,-10099.298828125,9995.0,9995.0,2456.6953125,8751.0,10374.0,1382.624755859375,-103.53617858886719,0.061524637043476105,0.06127062812447548,0.061772916465997696,0.06152461841702461,0.06152461841702461,3.909552560799057e-06,4.259015986463055e-05,0.19223184883594513,0.00016976110055111349
G25,146,1828.5345458984375,0.8538538217544556,-10100.822265625,-10100.822265625,9995.0,9995.0,3392.28125,8692.0,10374.0,1382.506591796875,-105.06605529785156,0.06250964850187302,0.06225200369954109,0.06276147812604904,0.06250963360071182,0.06250963360071182,-3.0397593491215957e-06,3.7268782762112096e-05,0.1948714256286621,0.0002638805308379233
G25,147,1841.0450439453125,0.8528528213500977,-10102.3740234375,-10102.3740234375,9995.0,9995.0,6760.28125,9102.0,10374.0,1382.38427734375,-106.62303161621094,0.0635131374001503,0.0632518082857132,0.06376856565475464,0.0635131299495697,0.0635131299495697,5.322800689100404e-07,2.5458419258939102e-05,0.19755160808563232,0.0002296076127095148
G25,148,1853.5555419921875,0.8518518209457397,-10103.953125,-10103.953125,9995.0,9995.0,3180.125,8857.0,10374.0,1382.257568359375,-108.20755004882812,0.0645354613661766,0.06427037715911865,0.06479454040527344,0.06453544646501541,0.06453544646501541,1.877211275314039e-06,3.6417433875612915e-05,0.20027275383472443,0.00015153601998463273
G25,149,1866.0660400390625,0.8508508205413818,-10105.560546875,-10105.560546875,9995.0,9995.0,3157.25,8798.0,10374.0,1382.1265869140625,-109.820068359375,0.06557697057723999,0.0653080865740776,0.0658397451043129,0.0655769556760788,0.0655769556760788,-2.830480070770136e-06,3.561852645361796e-05,0.20303525030612946,0.00023081284598447382
G25,150,1878.5765380859375,0.8498498201370239,-10107.197265625,-10107.197265625,9995.0,9995.0,5964.265625,9024.0,10374.0,1381.990966796875,-111.46112060546875,0.06663801521062851,0.06636528670787811,0.06690454483032227,0.06663800030946732,0.06663800030946732,1.8066737084154738e-06,2.6056137357954867e-05,0.20583969354629517,0.00022369192447513342
G25,151,1891.0870361328125,0.848848819732666,-10108.861328125,-10108.861328125,9995.0,9995.0,4348.765625,9106.0,10374.0,1381.850341796875,-113.13119506835938,0.0677189826965332,0.06744234263896942,0.06798931956291199,0.06771896779537201,0.06771896779537201,2.582455067567935e-07,3.0124019758659415e-05,0.20868657529354095,0.00015989637176971883
G25,152,1903.5975341796875,0.8478478193283081,-10110.556640625,-10110.556640625,9995.0,9995.0,3062.3203125,9021.0,10374.0,1381.704833984375,-114.83075714111328,0.06882022321224213,0.06853962689638138,0.06909443438053131,0.06882020831108093,0.06882020831108093,-1.4302626141216024e-06,3.4198474168078974e-05,0.21157623827457428,0.00019311388314235955
G25,153,1916.108154296875,0.8468468189239502,-10112.28125,-10112.28125,9995.0,9995.0,4281.234375,9176.0,10374.0,1381.5543212890625,-116.56034851074219,0.06994212418794632,0.06965750455856323,0.07022025436162949,0.06994210928678513,0.06994210928678513,5.554658173423377e-07,2.992398731294088e-05,0.21450923383235931,0.00022235487995203584
G25,154,1928.61865234375,0.8458458185195923,-10114.037109375,-10114.037109375,9995.0,9995.0,4171.4921875,9077.0,10374.0,1381.3984375,-118.32048034667969,0.07108505815267563,0.07079637050628662,0.07136718183755875,0.07108505815267563,0.07108505815267563,1.5075725059432443e-06,2.9688717404496856e-05,0.21748602390289307,0.00019432418048381805
G25,155,1941.129150390625,0.8448448181152344,-10115.82421875,-10115.82421875,9995.0,9995.0,3127.53125,9027.0,10374.0,1381.2369384765625,-120.11166381835938,0.07224941998720169,0.0719565898180008,0.07253558188676834,0.0722494050860405,0.0722494050860405,-2.667201442818623e-06,3.290268068667501e-05,0.22050699591636658,0.00019668882305268198
G25,156,1953.6396484375,0.8438438177108765,-10117.6416015625,-10117.6416015625,9995.0,9995.0,3679.359375,8920.0,10374.0,1381.06982421875,-121.93443298339844,0.07343559712171555,0.07313857972621918,0.07372584193944931,0.07343558967113495,0.07343558967113495,1.710640731289459e-06,3.0458637411356904e-05,0.22357259690761566,0.00022246695880312473
G25,157,1966.150146484375,0.8428428173065186,-10119.4921875,-10119.4921875,9995.0,9995.0,4281.1953125,9205.0,10374.0,1380.896728515625,-123.789306640625,0.07464397698640823,0.07434271275997162,0.07493838667869568,0.07464396953582764,0.07464396953582764,5.886247436137637e-07,2.8745138479280286e-05,0.22668330371379852,0.00020746533118654042
G25,158,1978.66064453125,0.8418418169021606,-10121.375,-10121.375,9995.0,9995.0,3401.4375,8971.0,10374.0,1380.71728515625,-125.67683410644531,0.07587496936321259,0.07556939870119095,0.0761735811829567,0.07587496191263199,0.07587496191263199,-2.56931616604561e-06,3.1281746487366036e-05,0.229839488863945,0.0001985748967854306
G25,159,1991.171142578125,0.8408408164978027,-10123.291015625,-10123.291015625,9995.0,9995.0,3082.2734375,8824.0,10374.0,1380.53173828125,-127.5975341796875,0.07712898403406143,0.0768190324306488,0.07743186503648758,0.07712897658348083,0.07712897658348083,3.3384446851414395e-06,3.293076952104457e-05,0.23304153978824615,0.00022065427037887275
G25,160,2003.681640625,0.8398398160934448,-10125.240234375,-10125.240234375,9995.0,9995.0,3015.0546875,9110.0,10374.0,1380.3394775390625,-129.55197143554688,0.078406423330307,0.0780920460820198,0.07871361821889877,0.07840640842914581,0.07840640842914581,-3.3197354696312686e-06,3.470927549642511e-05,0.2362898737192154,0.00023684371262788773
G25,161,2016.192138671875,0.8388388156890869,-10127.224609375,-10127.224609375,9995.0,9995.0,2591.6640625,9107.0,10374.0,1380.140380859375,-131.54067993164062,0.07970768958330154,0.07938883453607559,0.0800192654132843,0.07970767468214035,0.07970767468214035,3.716577566592605e-06,3.911737076123245e-05,0.23958486318588257,0.0002538780972827226
G25,162,2028.70263671875,0.837837815284729,-10129.244140625,-10129.244140625,9995.0,9995.0,2194.5078125,8953.0,10374.0,1379.9342041015625,-133.564208984375,0.08103322237730026,0.08070982992649078,0.08134923875331879,0.08103320747613907,0.08103320747613907,-5.4934830586717e-06,4.6227873099269345e-05,0.24292683601379395,0.00029300403548404574
G25,163,2041.2132568359375,0.8368368148803711,-10131.298828125,-10131.298828125,9995.0,9995.0,2202.25,9024.0,10374.0,1379.720703125,-135.62313842773438,0.08238343894481659,0.08205544948577881,0.08270394057035446,0.0823834091424942,0.0823834091424942,8.423226972809061e-06,5.530076668947004e-05,0.24631614983081818,0.0003621897485572845
G25,164,2053.7236328125,0.8358358144760132,-10133.390625,-10133.390625,9995.0,9995.0,1911.4296875,9095.0,10374.0,1379.49951171875,-137.71800231933594,0.08375876396894455,0.08342611789703369,0.08408380299806595,0.08375872671604156,0.08375872671604156,-1.1039803212042898e-05,6.341854168567806e-05,0.24975311756134033,0.0004530407895799726
G25,165,2066.234130859375,0.8348348140716553,-10135.517578125,-10135.517578125,9995.0,9995.0,1669.203125,9087.0,10374.0,1379.2705078125,-139.84939575195312,0.08515962958335876,0.08482225984334946,0.08548928052186966,0.08515958487987518,0.08515958487987518,1.1305834050290287e-05,6.455741822719574e-05,0.25323808193206787,0.0005211070529185236
G25,166,2078.74462890625,0.8338338136672974,-10137.681640625,-10137.681640625,9995.0,9995.0,1699.625,8919.0,10374.0,1379.0333251953125,-142.01788330078125,0.08658646047115326,0.08624432235956192,0.08692077547311783,0.08658641576766968,0.08658641576766968,-8.354302735824604e-06,6.712204776704311e-05,0.25677141547203064,0.0005399266956374049
G25,167,2091.255126953125,0.8328328132629395,-10139.8828125,-10139.8828125,9995.0,9995.0,1124.765625,8991.0,10374.0,1378.78759765625,-144.22401428222656,0.08803971111774445,0.0876927301287651,0.08837874233722687,0.08803965151309967,0.08803965151309967,5.433852038549958e-06,7.968974387040362e-05,0.26035329699516296,0.0005711960839107633
G25,168,2103.765869140625,0.8318318128585815,-10142.123046875,-10142.123046875,9995.0,9995.0,1138.328125,8924.0,10374.0,1378.533203125,-146.46836853027344,0.08951980620622635,0.08916793018579483,0.08986362814903259,0.08951974660158157,0.08951974660158157,-4.543892828223761e-06,8.274610445369035e-05,0.26398390531539917,0.000646802072878927
G25,169,2116.2763671875,0.8308308124542236,-10144.40234375,-10144.40234375,9995.0,9995.0,1243.46875,8888.0,10374.0,1378.269775390625,-148.7515411376953,0.09102720767259598,0.0906703770160675,0.09137585759162903,0.0910271480679512,0.0910271480679512,4.015400008938741e-06,8.257395529653877e-05,0.2676636278629303,0.0006764917634427547
G25,170,2128.786865234375,0.8298298120498657,-10146.720703125,-10146.720703125,9995.0,9995.0,831.7890625,8813.0,10374.0,1377.996826171875,-151.0740966796875,0.09256236255168915,0.09220051020383835,0.09291590005159378,0.09256228804588318,0.09256228804588318,-3.5812311125482665e-06,9.337422670796514e-05,0.2713925540447235,0.0006977860466577113
G25,171,2141.29736328125,0.8288288116455078,-10149.080078125,-10149.080078125,9995.0,9995.0,764.234375,8882.0,10374.0,1377.714111328125,-153.43658447265625,0.09412570297718048,0.09375878423452377,0.09448418766260147,0.09412563592195511,0.09412563592195511,6.247082637855783e-06,9.652886365074664e-05,0.27517086267471313,0.0007711889338679612
G25,172,2153.807861328125,0.8278278112411499,-10151.478515625,-10151.478515625,9995.0,9995.0,850.15625,8732.0,10374.0,1377.42138671875,-155.83963012695312,0.09571770578622818,0.09534565359354019,0.0960811898112297,0.095717653632164,0.095717653632164,-1.0645507245499175e-05,8.953948417911306e-05,0.2789987623691559,0.0007962750969454646
G25,173,2166.318359375,0.826826810836792,-10153.919921875,-10153.919921875,9995.0,9995.0,939.6796875,8924.0,10374.0,1377.118408203125,-158.28382873535156,0.09733881801366806,0.09696157276630402,0.09770737588405609,0.09733875840902328,0.09733875840902328,8.546937351638917e-06,9.256951307179406e-05,0.28287646174430847,0.000749209604691714
G25,174,2178.828857421875,0.8258258104324341,-10156.40234375,-10156.40234375,9995.0,9995.0,921.65625,8499.0,10374.0,1376.804443359375,-160.76971435546875,0.09898949414491653,0.09860700368881226,0.09936316311359406,0.09898941218852997,0.09898941218852997,2.5018214273586636e-06,0.00010137235949514434,0.28680381178855896,0.0007784453919157386
G25,175,2191.33935546875,0.8248248100280762,-10158.92578125,-10158.92578125,9995.0,9995.0,829.1875,8770.0,10374.0,1376.479248046875,-163.2978515625,0.10067019611597061,0.10028238594532013,0.1010490208864212,0.10067014396190643,0.10067014396190643,-1.165571029559942e-05,9.174209117190912e-05,0.2907808721065521,0.0008602250018157065
G25,176,2203.849853515625,0.8238238096237183,-10161.4921875,-10161.4921875,9995.0,9995.0,1350.3203125,8537.0,10374.0,1376.142578125,-165.868896484375,0.1023813784122467,0.10198821127414703,0.10276544094085693,0.10238131880760193,0.10238131880760193,8.726240594114643e-06,8.173673268174753e-05,0.2948080003261566,0.0007901148637756705
G25,177,2216.3603515625,0.8228228092193604,-10164.1044921875,-10164.1044921875,9995.0,9995.0,683.234375,8804.0,10374.0,1375.7939453125,-168.48336791992188,0.10412350296974182,0.10372492671012878,0.10451285541057587,0.10412345081567764,0.10412345081567764,-4.289420587610948e-07,9.673430031398311e-05,0.29888489842414856,0.0007708657067269087
G25,178,2228.870849609375,0.8218218088150024,-10166.759765625,-10166.759765625,9995.0,9995.0,470.1484375,8635.0,10374.0,1375.432861328125,-171.14183044433594,0.10589704662561417,0.10549300909042358,0.10629173368215561,0.10589699447154999,0.10589699447154999,-2.1084506443003193e-06,9.598356700735167e-05,0.3030114769935608,0.0008109197951853275
G25,179,2241.38134765625,0.8208208084106445,-10169.458984375,-10169.458984375,9995.0,9995.0,1230.8828125,8610.0,10374.0,1375.05908203125,-173.8448944091797,0.10770245641469955,0.10729290544986725,0.10810253769159317,0.10770241171121597,0.10770241171121597,-9.532063671713331e-08,8.038530359044671e-05,0.3071877658367157,0.0008134358795359731
G25,180,2253.891845703125,0.8198198080062866,-10172.203125,-10172.203125,9995.0,9995.0,831.0234375,8584.0,10374.0,1374.671875,-176.59315490722656,0.10954020917415619,0.10912507772445679,0.10994571447372437,0.10954015702009201,0.10954015702009201,2.1632192783727078e-06,9.554794814903289e-05,0.3114137351512909,0.00072886684210971
G25,181,2266.40234375,0.8188188076019287,-10174.994140625,-10174.994140625,9995.0,9995.0,580.2890625,8525.0,10374.0,1374.271240234375,-179.38705444335938,0.11141075938940048,0.11098998785018921,0.111821748316288,0.1114107072353363,0.1114107072353363,-2.3086045075615402e-06,9.081647294806316e-05,0.315688818693161,0.0008451721514575183
G25,182,2278.912841796875,0.8178178071975708,-10177.830078125,-10177.830078125,9995.0,9995.0,758.1171875,8575.0,10374.0,1373.856201171875,-182.22731018066406,0.11331455409526825,0.11288809776306152,0.11373109370470047,0.11331451684236526,0.11331451684236526,-4.2133287934120744e-06,8.032073674257845e-05,0.32001328468322754,0.0008191647357307374
G25,183,2291.42333984375,0.8168168067932129,-10180.71484375,-10180.71484375,9995.0,9995.0,601.6796875,8496.0,10374.0,1373.426513671875,-185.11439514160156,0.11525207757949829,0.11481989175081253,0.1156742051243782,0.11525203287601471,0.11525203287601471,1.5145908037084155e-05,9.284304542234167e-05,0.32438671588897705,0.0007358209695667028
G25,184,2303.933837890625,0.815815806388855,-10183.64453125,-10183.64453125,9995.0,9995.0,884.828125,8476.0,10374.0,1372.981689453125,-188.04884338378906,0.11722376197576523,0.11678579449653625,0.11765153706073761,0.11722372472286224,0.11722372472286224,-1.5828733012313023e-05,8.710578549653292e-05,0.3288085162639618,0.0008170619839802384
G25,185,2316.4443359375,0.8148148059844971,-10186.6240234375,-10186.6240234375,9995.0,9995.0,975.9765625,8550.0,10374.0,1372.521240234375,-191.03123474121094,0.11923007667064667,0.1187862902879715,0.1196635365486145,0.11923004686832428,0.11923004686832428,3.427611829920352e-07,8.14276936580427e-05,0.3332786560058594,0.0008171559311449528
G25,186,2328.954833984375,0.8138138055801392,-10189.650390625,-10189.650390625,9995.0,9995.0,466.703125,8252.0,10374.0,1372.044677734375,-194.06210327148438,0.12127149105072021,0.12082181125879288,0.12171065807342529,0.12127143889665604,0.12127143889665604,1.556583993078675e-05,9.501106978859752e-05,0.33779674768447876,0.0007453337893821299
G25,187,2341.46533203125,0.8128128051757812,-10192.728515625,-10192.728515625,9995.0,9995.0,857.7578125,8352.0,10374.0,1371.55126953125,-197.14193725585938,0.1233484074473381,0.1228928193449974,0.1237933561205864,0.12334837764501572,0.12334837764501572,-1.7131340428022668e-05,8.333555160788819e-05,0.3423619568347931,0.0008717647870071232
G25,188,2353.97607421875,0.8118118047714233,-10195.853515625,-10195.853515625,9995.0,9995.0,480.5625,8330.0,10374.0,1371.04052734375,-200.27133178710938,0.12546131014823914,0.1249997615814209,0.12591205537319183,0.12546126544475555,0.12546126544475555,1.1326153071422596e-05,9.14984630071558e-05,0.34697431325912476,0.000779501860961318
G25,189,2366.486572265625,0.8108108043670654,-10199.029296875,-10199.029296875,9995.0,9995.0,715.515625,8408.0,10374.0,1370.51220703125,-203.45071411132812,0.12761063873767853,0.12714308500289917,0.12806721031665802,0.12761057913303375,0.12761057913303375,-1.033330408972688e-05,9.150819096248597e-05,0.3516327440738678,0.0008545261225663126
G25,190,2378.9970703125,0.8098098039627075,-10202.2568359375,-10202.2568359375,9995.0,9995.0,582.359375,8217.0,10374.0,1369.96533203125,-206.68060302734375,0.1297968029975891,0.12932321429252625,0.13025926053524017,0.12979675829410553,0.12979675829410553,1.2116671314288396e-05,9.403718286193907e-05,0.35633689165115356,0.0008688974776305258
G25,191,2391.507568359375,0.8088088035583496,-10205.533203125,-10205.533203125,9995.0,9995.0,486.8515625,8018.0,10374.0,1369.3994140625,-209.9615020751953,0.1320202350616455,0.13154058158397675,0.13248862326145172,0.13202019035816193,0.13202019035816193,-8.529048500349745e-06,9.657389455242082e-05,0.36108601093292236,0.0008927686139941216
G25,192,2404.01806640625,0.8078078031539917,-10208.86328125,-10208.86328125,9995.0,9995.0,765.7265625,8481.0,10374.0,1368.81396484375,-213.29388427734375,0.13428138196468353,0.1337956041097641,0.1347557008266449,0.13428135216236115,0.13428135216236115,-5.363978061723174e-07,9.31830145418644e-05,0.3658793270587921,0.0009269884903915226
G25,193,2416.528564453125,0.8068068027496338,-10212.244140625,-10212.244140625,9995.0,9995.0,607.5625,8450.0,10374.0,1368.208251953125,-216.67819213867188,0.13658063113689423,0.13608872890472412,0.13706094026565552,0.13658060133457184,0.13658060133457184,1.0253404980176128e-05,9.429077908862382e-05,0.3707160949707031,0.0009273788309656084
G25,194,2429.0390625,0.8058058023452759,-10215.677734375,-10215.677734375,9995.0,9995.0,714.34375,8085.0,10374.0,1367.58154296875,-220.1148681640625,0.13891839981079102,0.13842032849788666,0.13940472900867462,0.13891837000846863,0.13891837000846863,-1.8509779692976736e-05,9.717769717099145e-05,0.375595360994339,0.0009484480251558125
G25,195,2441.549560546875,0.804804801940918,-10219.1640625,-10219.1640625,9995.0,9995.0,479.078125,8476.0,10374.0,1366.933349609375,-223.60433959960938,0.14129510521888733,0.14079082012176514,0.14178746938705444,0.14129504561424255,0.14129504561424255,2.3545864678453654e-05,0.00010270228085573763,0.3805162012577057,0.0009970946703106165
G25,196,2454.06005859375,0.8038038015365601,-10222.703125,-10222.703125,9995.0,9995.0,681.7578125,8550.0,10374.0,1366.262939453125,-227.14698791503906,0.14371109008789062,0.1432005912065506,0.14420953392982483,0.14371106028556824,0.14371106028556824,-2.2562699086847715e-05,0.00010995350021403283,0.38547760248184204,0.001044076168909669
G25,197,2466.570556640625,0.8028028011322021,-10226.296875,-10226.296875,9995.0,9995.0,469.5546875,7556.0,10374.0,1365.56982421875,-230.74327087402344,0.14616680145263672,0.14565002918243408,0.14667131006717682,0.14616674184799194,0.14616674184799194,1.6902105926419608e-05,0.00011559383710846305,0.3904784619808197,0.0011320434277877212
G25,198,2479.0810546875,0.8018018007278442,-10229.943359375,-10229.943359375,9995.0,9995.0,444.890625,7678.0,10374.0,1364.852783203125,-234.39349365234375,0.1486625373363495,0.14813952147960663,0.14917317032814026,0.1486624777317047,0.1486624777317047,-1.1359772543073632e-05,0.00012766967120114714,0.39551761746406555,0.0012193153379485011
G25,199,2491.591552734375,0.8008008003234863,-10233.646484375,-10233.646484375,9995.0,9995.0,302.609375,6086.0,10374.0,1364.111572265625,-238.09805297851562,0.15119870007038116,0.1506693810224533,0.1517154425382614,0.1511986404657364,0.1511986404657364,6.988176210143138e-06,0.000126081591588445,0.4005938470363617,0.0013294699601829052
G25,200,2504.10205078125,0.7997997999191284,-10237.40234375,-10237.40234375,9995.0,9995.0,633.09375,8279.0,10374.0,1363.3453369140625,-241.85728454589844,0.1537756472826004,0.15323999524116516,0.15429849922657013,0.15377558767795563,0.15377558767795563,-5.940534606452275e-07,0.00011902401456609368,0.4057060480117798,0.0013187897857278585
G25,201,2516.612548828125,0.7987987995147705,-10241.212890625,-10241.212890625,9995.0,9995.0,460.71875,8301.0,10374.0,1362.55322265625,-245.6714630126953,0.1563936471939087,0.15585169196128845,0.15692265331745148,0.15639357268810272,0.15639357268810272,-7.795378223818261e-06,0.00012090928066754714,0.41085267066955566,0.001331921899691224
G25,202,2529.123046875,0.7977977991104126,-10245.078125,-10245.078125,9995.0,9995.0,306.5859375,6771.0,10374.0,1361.734619140625,-249.5408935546875,0.15905305743217468,0.15850478410720825,0.15958821773529053,0.1590529978275299,0.1590529978275299,1.4149080016068183e-05,0.0001252016081707552,0.41603219509124756,0.0013747448101639748
G25,203,2541.633544921875,0.7967967987060547,-10249.001953125,-10249.001953125,9995.0,9995.0,263.8828125,6601.0,10374.0,1360.888671875,-253.4658203125,0.16175419092178345,0.16119956970214844,0.16229552030563354,0.16175413131713867,0.16175413131713867,-1.5573301425320096e-05,0.00012920540757477283,0.42124322056770325,0.001402631402015686
G25,204,2554.14404296875,0.7957957983016968,-10252.978515625,-10252.978515625,9995.0,9995.0,338.9296875,8076.0,10374.0,1360.0146484375,-257.44647216796875,0.16449730098247528,0.16393636167049408,0.16504478454589844,0.1644972264766693,0.1644972264766693,9.913896064972505e-06,0.0001372428669128567,0.42648404836654663,0.0014366909163072705
G25,205,2566.654541015625,0.7947947978973389,-10257.0126953125,-10257.0126953125,9995.0,9995.0,353.71875,8167.0,10374.0,1359.111572265625,-261.48309326171875,0.16728268563747406,0.16671542823314667,0.16783632338047028,0.1672825962305069,0.1672825962305069,3.4574131859699264e-06,0.00014766052481718361,0.4317529797554016,0.001523445127531886
G25,206,2579.1650390625,0.793793797492981,-10261.1015625,-10261.1015625,9995.0,9995.0,352.8359375,8274.0,10374.0,1358.1788330078125,-265.5758056640625,0.17011059820652008,0.1695370078086853,0.17067036032676697,0.17011049389839172,0.17011049389839172,-1.9001121472683735e-05,0.00015762491966597736,0.43704819679260254,0.0016795557457953691
G25,207,2591.67578125,0.792792797088623,-10265.248046875,-10265.248046875,9995.0,9995.0,177.8046875,7831.0,10374.0,1357.215576171875,-269.7247314453125,0.17298124730587006,0.17240135371685028,0.1735471785068512,0.1729811429977417,0.1729811429977417,2.654109994182363e-05,0.00016027818492148072,0.4423679709434509,0.001836478477343917
G25,208,2604.186279296875,0.7917917966842651,-10269.451171875,-10269.451171875,9995.0,9995.0,264.8984375,6751.0,10374.0,1356.220703125,-273.93011474609375,0.1758948713541031,0.17530865967273712,0.1764669269323349,0.17589478194713593,0.17589478194713593,-2.3749407773721032e-05,0.00015215401072055101,0.4477105140686035,0.0018627980025485158
G25,209,2616.69677734375,0.7907907962799072,-10273.708984375,-10273.708984375,9995.0,9995.0,282.4921875,7126.0,10374.0,1355.19384765625,-278.19195556640625,0.1788516640663147,0.17825917899608612,0.1794298142194748,0.17885157465934753,0.17885157465934753,1.5840747437323444e-05,0.0001489359128754586,0.45307374000549316,0.0018375494983047247
G25,210,2629.207275390625,0.7897897958755493,-10278.025390625,-10278.025390625,9995.0,9995.0,247.609375,7866.0,10374.0,1354.1336669921875,-282.51031494140625,0.18185178935527802,0.18125304579734802,0.182436004281044,0.18185169994831085,0.18185169994831085,-5.0663411457207985e-06,0.00015793569036759436,0.4584554433822632,0.0018292830791324377
G25,211,2641.7177734375,0.7887887954711914,-10282.396484375,-10282.396484375,9995.0,9995.0,315.5,8194.0,10374.0,1353.03955078125,-286.8851318359375,0.1848953813314438,0.18429042398929596,0.18548567593097687,0.18489530682563782,0.18489530682563782,-1.1680788702506106e-05,0.0001607673184480518,0.4638533592224121,0.0019263323629274964
G25,212,2654.228271484375,0.7877877950668335,-10286.826171875,-10286.826171875,9995.0,9995.0,257.25,7908.0,10374.0,1351.910400390625,-291.31646728515625,0.18798260390758514,0.1873714178800583,0.18857890367507935,0.18798252940177917,0.18798252940177917,3.072257459280081e-05,0.00015872804215177894,0.4692654609680176,0.001959669403731823
G25,213,2666.73876953125,0.7867867946624756,-10291.310546875,-10291.310546875,9995.0,9995.0,231.7734375,8020.0,10374.0,1350.7457275390625,-295.8042907714844,0.19111353158950806,0.19049620628356934,0.19171582162380219,0.1911134421825409,0.1911134421825409,-3.750884206965566e-05,0.0001681441644905135,0.4746893346309662,0.001961157191544771
G25,214,2679.249267578125,0.7857857942581177,-10295.8515625,-10295.8515625,9995.0,9995.0,201.6328125,8061.0,10374.0,1349.544189453125,-300.34844970703125,0.19428828358650208,0.1936648190021515,0.19489651918411255,0.19428817927837372,0.19428817927837372,2.436046088405419e-05,0.00017160206334665418,0.480122447013855,0.0020774828735738993
G25,215,2691.759765625,0.7847847938537598,-10300.44921875,-10300.44921875,9995.0,9995.0,341.375,8313.0,10374.0,1348.30517578125,-304.94879150390625,0.1975068747997284,0.1968773454427719,0.19812104105949402,0.19750678539276123,0.19750678539276123,-2.603578423077124e-06,0.00017401936929672956,0.4855625033378601,0.002112726680934429
G25,216,2704.270263671875,0.7837837934494019,-10305.103515625,-10305.103515625,9995.0,9995.0,328.609375,8240.0,10374.0,1347.0277099609375,-309.605224609375,0.2007693648338318,0.2001338005065918,0.2013893574476242,0.20076924562454224,0.20076924562454224,-7.929331331979483e-06,0.00017568252224009484,0.4910067617893219,0.002205777447670698
G25,217,2716.78076171875,0.782782793045044,-10309.8125,-10309.8125,9995.0,9995.0,137.6875,4680.0,10374.0,1345.710693359375,-314.3174133300781,0.20407570898532867,0.20343416929244995,0.2047015279531479,0.20407560467720032,0.20407560467720032,2.956245225504972e-06,0.00017610154463909566,0.4964527487754822,0.00223622121848166
G25,218,2729.291259765625,0.781781792640686,-10314.5771484375,-10314.5771484375,9995.0,9995.0,144.296875,6104.0,10374.0,1344.3533935546875,-319.085205078125,0.20742590725421906,0.20677849650382996,0.2080574780702591,0.2074258029460907,0.2074258029460907,4.856965915678302e-06,0.0001849455147748813,0.5018976330757141,0.0022976796608418226
G25,219,2741.8017578125,0.7807807922363281,-10319.3984375,-10319.3984375,9995.0,9995.0,273.1953125,8245.0,10374.0,1342.954833984375,-323.908203125,0.21081994473934174,0.21016666293144226,0.21145717799663544,0.21081984043121338,0.21081984043121338,-3.6849576190434163e-06,0.00018172133422922343,0.5073385238647461,0.0024491259828209877
G25,220,2754.312255859375,0.7797797918319702,-10324.2734375,-10324.2734375,9995.0,9995.0,98.2265625,6851.0,10374.0,1341.5140380859375,-328.78607177734375,0.21425767242908478,0.2135986089706421,0.21490050852298737,0.21425756812095642,0.21425756812095642,-8.419777259405237e-06,0.00018662496586330235,0.5127729773521423,0.0024043822195380926
G25,221,2766.82275390625,0.7787787914276123,-10329.203125,-10329.203125,9995.0,9995.0,89.6796875,7553.0,10374.0,1340.0301513671875,-333.718505859375,0.21773900091648102,0.2170742303133011,0.21838736534118652,0.21773889660835266,0.21773889660835266,2.2008827727404423e-05,0.00018121988978236914,0.5181975364685059,0.0025133092422038317
G25,222,2779.333251953125,0.7777777910232544,-10334.185546875,-10334.185546875,9995.0,9995.0,285.5390625,9668.0,10374.0,1338.502197265625,-338.7049560546875,0.22126378118991852,0.2205934077501297,0.22191759943962097,0.22126367688179016,0.22126367688179016,-2.3424923710990697e-05,0.00018605325021781027,0.5236097574234009,0.0024134849663823843
G25,223,2791.84375,0.7767767906188965,-10339.22265625,-10339.22265625,9995.0,9995.0,410.5546875,10432.0,10432.0,1336.92919921875,-343.7449951171875,0.22483183443546295,0.22415590286254883,0.225491002202034,0.2248317003250122,0.2248317003250122,8.299086402985267e-06,0.00019724552112165838,0.5290059447288513,0.0025205938145518303
G25,224,2804.354248046875,0.7757757902145386,-10344.314453125,-10344.314453125,9995.0,9995.0,305.5703125,10965.0,10965.0,1335.3101806640625,-348.8380126953125,0.2284429371356964,0.22776156663894653,0.22910739481449127,0.22844281792640686,0.22844281792640686,1.0559810107224621e-05,0.00020333044813014567,0.534383237361908,0.002705042250454426
G25,225,2816.86474609375,0.7747747898101807,-10349.45703125,-10349.45703125,9995.0,9995.0,191.71875,9258.0,10965.0,1333.64453125,-353.98345947265625,0.2320968359708786,0.23141013085842133,0.23276647925376892,0.23209673166275024,0.23209673166275024,-1.659381996432785e-05,0.00021049300266895443,0.539738655090332,0.002772723324596882
G25,226,2829.375244140625,0.7737737894058228,-10354.650390625,-10354.650390625,9995.0,9995.0,887.640625,12452.0,12452.0,1331.930908203125,-359.18072509765625,0.2357933074235916,0.2351013571023941,0.23646803200244904,0.23579318821430206,0.23579318821430206,1.0076780199597124e-05,0.0001994754420593381,0.5450686812400818,0.0029207011684775352
G25,227,2841.885986328125,0.7727727890014648,-10359.896484375,-10359.896484375,9995.0,9995.0,1501.171875,12220.0,12452.0,1330.168701171875,-364.4291076660156,0.2395319789648056,0.2388349026441574,0.24021165072917938,0.23953185975551605,0.23953185975551605,-3.1631841466150945e-06,0.00019994012836832553,0.5503705143928528,0.0028344150632619858
G25,228,2854.396484375,0.7717717885971069,-10365.193359375,-10365.193359375,9995.0,9995.0,1658.5625,12692.0,12692.0,1328.357177734375,-369.72784423828125,0.24331249296665192,0.2426104098558426,0.24399708211421967,0.24331237375736237,0.24331237375736237,1.6783905039119418e-06,0.00021657656179741025,0.5556403398513794,0.002874119905754924
G25,229,2866.906982421875,0.770770788192749,-10370.5390625,-10370.5390625,9995.0,9995.0,3612.546875,12709.0,12709.0,1326.494873046875,-375.0761413574219,0.2471345216035843,0.2464275360107422,0.24782386422157288,0.24713438749313354,0.24713438749313354,1.1238372508159955e-06,0.0002312695432920009,0.560874879360199,0.0029941461980342865
G25,230,2879.41748046875,0.7697697877883911,-10375.93359375,-10375.93359375,9995.0,9995.0,6239.96875,12719.0,12719.0,1324.5814208984375,-380.47314453125,0.2509976029396057,0.2502858340740204,0.2516915798187256,0.250997394323349,0.250997394323349,-8.275796062662266e-06,0.00025890913093462586,0.5660709142684937,0.0030789326410740614
G25,231,2891.927978515625,0.7687687873840332,-10381.375,-10381.375,9995.0,9995.0009765625,8662.9140625,12812.0,12812.0,1322.61572265625,-385.9179382324219,0.25490128993988037,0.25418490171432495,0.2555997669696808,0.25490090250968933,0.25490090250968933,1.1826181435026228e-05,0.00034809907083399594,0.5712252259254456,0.0030510437209159136
G25,232,2904.4384765625,0.7677677869796753,-10386.865234375,-10386.865234375,9995.0,9995.0029296875,10688.7734375,12794.0,12812.0,1320.5970458984375,-391.40936279296875,0.25884515047073364,0.2581242024898529,0.2595479488372803,0.2588440775871277,0.2588440775871277,-1.4394094023373327e-06,0.0005342980730347335,0.5763343572616577,0.0032426216639578342
G25,233,2916.948974609375,0.7667667865753174,-10392.400390625,-10392.400390625,9995.001953125,9995.009765625,11908.453125,12834.0,12834.0,1318.5244140625,-396.9460754394531,0.262828528881073,0.26210322976112366,0.2635355591773987,0.262825608253479,0.262825608253479,-1.5222539332171436e-05,0.0008868977893143892,0.5813964605331421,0.0034937728196382523
G25,234,2929.45947265625,0.7657657861709595,-10397.98046875,-10397.98046875,9995.005859375,9995.0302734375,12451.21875,12845.0,12845.0,1316.3973388671875,-402.5257263183594,0.2668509781360626,0.26612144708633423,0.26756206154823303,0.26684242486953735,0.26684242486953735,2.766193574643694e-05,0.0015363983111456037,0.5864121317863464,0.003837255295366049
G25,235,2941.969970703125,0.7647647857666016,-10403.609375,-10403.609375,9995.01953125,9995.0908203125,12631.734375,12826.0,12845.0,1314.2147216796875,-408.1433410644531,0.2709118127822876,0.2701782286167145,0.2716268301010132,0.27088719606399536,0.27088719606399536,-1.9511608115863055e-05,0.0026775116566568613,0.5913899540901184,0.0047714803367853165
G25,236,2954.48046875,0.7637637853622437,-10409.291015625,-10409.291015625,9995.05859375,9995.2412109375,12699.1640625,12864.0,12864.0,1311.975830078125,-413.7876281738281,0.27501049637794495,0.2742730975151062,0.275729238986969,0.2749450206756592,0.2749450206756592,7.375118457275676e-06,0.004550127312541008,0.5963585376739502,0.00707981688901782
G25,237,2966.990966796875,0.7627627849578857,-10415.03515625,-10415.03515625,9995.158203125,9995.548828125,12746.03125,12896.0,12896.0,1309.6800537109375,-419.4356384277344,0.2791464924812317,0.2784056067466736,0.27986863255500793,0.27899184823036194,0.27899184823036194,1.444821828044951e-05,0.007332645822316408,0.6013827323913574,0.01151925791054964
G25,238,2979.50146484375,0.7617617845535278,-10420.865234375,-10420.865234375,9995.375,9996.083984375,12786.4140625,12950.0,12950.0,1307.32666015625,-425.05059814453125,0.28331926465034485,0.2825755774974823,0.2840464413166046,0.28299739956855774,0.28299739956855774,3.7193019579717657e-06,0.011064928025007248,0.6065696477890015,0.018321890383958817
G25,239,2992.011962890625,0.7607607841491699,-10426.8046875,-10426.8046875,9995.78125,9996.9130859375,12830.875,12995.0,12995.0,1304.91455078125,-430.5865478515625,0.28752845525741577,0.28678327798843384,0.28826645016670227,0.28693047165870667,0.28693047165870667,7.181217824836494e-06,0.015653114765882492,0.6120515465736389,0.02757754549384117
G25,240,3004.5224609375,0.759759783744812,-10432.880859375,-10432.880859375,9996.451171875,9998.0966796875,12877.8828125,13026.0,13026.0,1302.443115234375,-435.99639892578125,0.2917739748954773,0.29102957248687744,0.2925291657447815,0.29076188802719116,0.29076188802719116,1.6460489860037342e-05,0.02096625231206417,0.6179653406143188,0.03905012831091881
G25,241,3017.032958984375,0.7587587833404541,-10439.12109375,-10439.12109375,9997.455078125,9999.697265625,12918.578125,13053.0,13053.0,1299.9111328125,-441.23626708984375,0.29605594277381897,0.2953156530857086,0.2968381643295288,0.29446548223495483,0.29446548223495483,2.122958903783001e-05,0.026885898783802986,0.6244440078735352,0.05252394452691078
G25,242,3029.54345703125,0.7577577829360962,-10445.556640625,-10445.556640625,9998.8623046875,10001.775390625,12950.8515625,13073.0,13073.0,1297.317626953125,-446.2669677734375,0.3003748059272766,0.2996433973312378,0.3011981248855591,0.2980169951915741,0.2980169951915741,2.5005174393299967e-05,0.033333055675029755,0.6316182613372803,0.06776160001754761
G25,243,3042.053955078125,0.7567567825317383,-10452.220703125,-10452.220703125,10000.7412109375,10004.44140625,12978.015625,13112.0,13112.0,1294.6610107421875,-451.05267333984375,0.3047312796115875,0.3039887249469757,0.3056805729866028,0.3013935685157776,0.3013935685157776,3.1047016818774864e-05,0.040258146822452545,0.6396192908287048,0.08461251854896545
G25,244,3054.564453125,0.7557557821273804,-10459.1416015625,-10459.1416015625,10003.1591796875,10007.7294921875,13001.0078125,13114.0,13114.0,1291.939697265625,-455.559814453125,0.3091264069080353,0.3083680272102356,0.31045791506767273,0.3045732378959656,0.3045732378959656,3.674555409816094e-05,0.04763348773121834,0.6485803127288818,0.10294981300830841
G25,245,3067.074951171875,0.7547547817230225,-10466.3603515625,-10466.3603515625,10006.18359375,10011.705078125,13018.265625,13117.0,13117.0,1289.15185546875,-459.75616455078125,0.31356164813041687,0.3127756416797638,0.3154102861881256,0.3075348734855652,0.3075348734855652,4.1841089114313945e-05,0.05543389543890953,0.6586368680000305,0.12266809493303299
G25,246,3079.58544921875,0.7537537813186646,-10473.91015625,-10473.91015625,10009.8818359375,10016.4306640625,13033.5703125,13135.0,13135.0,1286.2952880859375,-463.6111145019531,0.3180387616157532,0.3172142207622528,0.3205268383026123,0.3102584183216095,0.3102584183216095,4.900062776869163e-05,0.06363577395677567,0.6699251532554626,0.14363962411880493
G25,247,3092.09619140625,0.7527527809143066,-10481.8291015625,-10481.8291015625,10014.318359375,10021.966796875,13047.671875,13145.0,13145.0,1283.367431640625,-467.09576416015625,0.3225599229335785,0.32168227434158325,0.3258214294910431,0.3127250373363495,0.3127250373363495,5.785520261269994e-05,0.0722184032201767,0.682580292224884,0.16572104394435883
G25,248,3104.606689453125,0.7517517805099487,-10490.1513671875,-10490.1513671875,10019.556640625,10028.3720703125,13059.75,13156.0,13156.0,1280.365478515625,-470.1832580566406,0.32712751626968384,0.32617831230163574,0.33130574226379395,0.31491708755493164,0.31491708755493164,6.533597479574382e-05,0.08116143941879272,0.6967343091964722,0.18874491751194
G25,249,3117.1171875,0.7507507801055908,-10498.91796875,-10498.91796875,10025.66015625,10035.7041015625,13069.5390625,13162.0,13162.0,1277.2864990234375,-472.8485107421875,0.3317442834377289,0.33070066571235657,0.3369889557361603,0.316817969083786,0.316817969083786,7.152368925744668e-05,0.0904431864619255,0.7125148773193359,0.2125270962715149
G25,250,3129.627685546875,0.7497497797012329,-10508.16015625,-10508.16015625,10032.6845703125,10044.013671875,13078.7890625,13170.0,13170.0,1274.126708984375,-475.06842041015625,0.3364132046699524,0.3352477550506592,0.34287750720977783,0.3184124231338501,0.3184124231338501,7.946359255583957e-05,0.10004442185163498,0.7300423383712769,0.2368631213903427
G25,251,3142.13818359375,0.748748779296875,-10517.9140625,-10517.9140625,10040.6875,10053.3505859375,13086.9296875,13179.0,13179.0,1270.8824462890625,-476.82183837890625,0.3411374092102051,0.33981791138648987,0.3489750921726227,0.3196863532066345,0.3196863532066345,9.005492756841704e-05,0.10994741320610046,0.7494277954101562,0.26152926683425903
G25,252,3154.648681640625,0.7477477788925171,-10528.2109375,-10528.2109375,10049.7216796875,10063.7587890625,13094.21875,13179.0,13179.0,1267.5498046875,-478.08953857421875,0.34592023491859436,0.34440991282463074,0.35528209805488586,0.3206270933151245,0.3206270933151245,0.00010107429989147931,0.12013272941112518,0.7707695960998535,0.2862831950187683
G25,253,3167.1591796875,0.7467467784881592,-10539.0859375,-10539.0859375,10059.83203125,10075.2802734375,13100.9921875,13178.0,13179.0,1264.1240234375,-478.8544921875,0.35076501965522766,0.34902268648147583,0.36179593205451965,0.32122328877449036,0.32122328877449036,0.00011103272845502943,0.1305781900882721,0.7941511273384094,0.31086498498916626
G25,254,3179.669677734375,0.7457457780838013,-10550.5615234375,-10550.5615234375,10071.0625,10087.9482421875,13107.4140625,13185.0,13185.0,1260.600830078125,-479.101806640625,0.3556750416755676,0.3536529242992401,0.36851102113723755,0.3214651644229889,0.3214651644229889,0.00012108294322388247,0.14126156270503998,0.81963711977005,0.3349990248680115
G25,255,3192.18017578125,0.7447447776794434,-10562.6640625,-10562.6640625,10083.451171875,10101.791015625,13113.4296875,13188.0,13188.0,1256.975341796875,-478.8190002441406,0.3606535792350769,0.3583029508590698,0.3754194378852844,0.32134467363357544,0.32134467363357544,0.000132602101075463,0.15216176211833954,0.8472713232040405,0.3583931624889374
G25,256,3204.690673828125,0.7437437772750854,-10575.416015625,-10575.416015625,10097.029296875,10116.826171875,13119.1015625,13192.0,13192.0,1253.24267578125,-477.9961853027344,0.36570367217063904,0.3629714846611023,0.38251152634620667,0.3208557367324829,0.3208557367324829,0.00014505907893180847,0.16325625777244568,0.8770729899406433,0.38074174523353577
G25,257,3217.201171875,0.7427427768707275,-10588.833984375,-10588.833984375,10111.818359375,10133.068359375,13124.3125,13194.0,13194.0,1249.3978271484375,-476.62652587890625,0.3708280324935913,0.3676573932170868,0.38977593183517456,0.31999465823173523,0.31999465823173523,0.00015726259152870625,0.17452122271060944,0.9090345501899719,0.4017260670661926
G25,258,3229.711669921875,0.7417417764663696,-10602.9287109375,-10602.9287109375,10127.8359375,10150.5185546875,13129.8515625,13198.0,13198.0,1245.435791015625,-474.706787109375,0.3760291337966919,0.3723594844341278,0.3972003161907196,0.3187602460384369,0.3187602460384369,0.0001691537327133119,0.18593040108680725,0.9431189298629761,0.42101654410362244
G25,259,3242.22216796875,0.7407407760620117,-10617.7060546875,-10617.7060546875,10145.0859375,10169.166015625,13134.234375,13199.0,13199.0,1241.3514404296875,-472.23736572265625,0.38130897283554077,0.37707656621932983,0.4047718048095703,0.3171541392803192,0.3171541392803192,0.00018142179760616273,0.19745732843875885,0.9792579412460327,0.4382765293121338
G25,260,3254.732666015625,0.7397397756576538,-10633.1689453125,-10633.1689453125,10163.5654296875,10188.98828125,13138.4453125,13202.0,13202.0,1237.14013671875,-469.2230224609375,0.3866691291332245,0.38180747628211975,0.4124771058559418,0.31518110632896423,0.31518110632896423,0.0001941194204846397,0.20907242596149445,1.0173511505126953,0.4531669318675995
G25,261,3267.2431640625,0.7387387752532959,-10649.3095703125,-10649.3095703125,10183.259765625,10209.9521484375,13142.7421875,13207.0,13207.0,1232.79736328125,-465.6729736328125,0.3921106159687042,0.3865511119365692,0.4203030467033386,0.31284964084625244,0.31284964084625244,0.00020656667766161263,0.2207488864660263,1.0572654008865356,0.46535223722457886
G25,262,3279.753662109375,0.737737774848938,-10666.1162109375,-10666.1162109375,10204.140625,10232.01171875,13146.5859375,13211.0,13211.0,1228.318359375,-461.60198974609375,0.3976338505744934,0.3913062810897827,0.42823630571365356,0.3101726770401001,0.3101726770401001,0.00021850668417755514,0.23245461285114288,1.0988346338272095,0.47450482845306396
G25,263,3292.26416015625,0.7367367744445801,-10683.568359375,-10683.568359375,10226.166015625,10255.10546875,13149.703125,13210.0,13211.0,1223.6995849609375,-457.0312194824219,0.4032387137413025,0.39607182145118713,0.4362637996673584,0.30716782808303833,0.30716782808303833,0.0002305693633388728,0.24415618181228638,1.141859531402588,0.48031163215637207
G25,264,3304.774658203125,0.7357357740402222,-10701.6416015625,-10701.6416015625,10249.28515625,10279.158203125,13153.515625,13216.0,13216.0,1218.93701171875,-451.98870849609375,0.40892452001571655,0.40084680914878845,0.44437259435653687,0.30385780334472656,0.30385780334472656,0.00024310851586051285,0.2558216452598572,1.1861099004745483,0.48248350620269775
G25,265,3317.28515625,0.7347347736358643,-10720.30078125,-10720.30078125,10273.4248046875,10304.0791015625,13156.21875,13219.0,13219.0,1214.027587890625,-446.509765625,0.4146897792816162,0.40562209486961365,0.4525499641895294,0.30027052760124207,0.30027052760124207,0.00025543032097630203,0.2674158215522766,1.2313276529312134,0.48076725006103516
G25,266,3329.7958984375,0.7337337732315063,-10739.5068359375,-10739.5068359375,10298.505859375,10329.76953125,13159.109375,13224.0,13224.0,1208.9686279296875,-440.63726806640625,0.4205326437950134,0.4103967547416687,0.4607833921909332,0.29643964767456055,0.29643964767456055,0.0002669735695235431,0.27890682220458984,1.2772308588027954,0.4749579131603241
G25,267,3342.306396484375,0.7327327728271484,-10759.216796875,-10759.216796875,10324.43359375,10356.115234375,13161.9609375,13224.0,13224.0,1203.7579345703125,-434.4220886230469,0.4264504909515381,0.41517478227615356,0.4690605700016022,0.2924046218395233,0.2924046218395233,0.0002783164381980896,0.29026079177856445,1.32351815700531,0.46491095423698425
G25,268,3354.81689453125,0.7317317724227905,-10779.3779296875,-10779.3779296875,10351.09765625,10382.9990234375,13164.6796875,13223.0,13224.0,1198.393798828125,-427.9234313964844,0.4324401617050171,0.41995474696159363,0.4773692786693573,0.2882106602191925,0.2882106602191925,0.00029014714527875185,0.3014463782310486,1.369874358177185,0.45055529475212097
G25,269,3367.327392578125,0.7307307720184326,-10799.9423828125,-10799.9423828125,10378.37890625,10410.2958984375,13167.1796875,13224.0,13224.0,1192.875244140625,-421.2087707519531,0.43849804997444153,0.42473524808883667,0.48569756746292114,0.2839086353778839,0.2839086353778839,0.00030197511659935117,0.3124334216117859,1.4159770011901855,0.43190908432006836
G25,270,3379.837890625,0.7297297716140747,-10820.85546875,-10820.85546875,10406.1513671875,10437.884765625,13169.9453125,13229.0,13229.0,1187.201904296875,-414.3531188964844,0.44461995363235474,0.42951497435569763,0.4940337538719177,0.2795543372631073,0.2795543372631073,0.00031294432119466364,0.32319405674934387,1.4615046977996826,0.4090965986251831
G25,271,3392.348388671875,0.7287287712097168,-10842.06640625,-10842.06640625,10434.2802734375,10466.0791015625,13172.3984375,13234.0,13234.0,1181.3739013671875,-407.43853759765625,0.45080122351646423,0.4342924952507019,0.5023661255836487,0.27520784735679626,0.27520784735679626,0.00032324896892532706,0.3337053954601288,1.506145715713501,0.38236597180366516
G25,272,3404.85888671875,0.7277277708053589,-10863.52734375,-10863.52734375,10462.6298828125,10494.3291015625,13174.5234375,13234.0,13234.0,1175.39208984375,-400.5527648925781,0.45703691244125366,0.43906649947166443,0.5106836557388306,0.270932674407959,0.270932674407959,0.0003336500085424632,0.3439434766769409,1.5496059656143188,0.3521084785461426
G25,273,3417.369384765625,0.726726770401001,-10885.197265625,-10885.197265625,10491.06640625,10522.5107421875,13176.5078125,13234.0,13234.0,1169.2579345703125,-393.78802490234375,0.46332162618637085,0.44383564591407776,0.5189753174781799,0.26679402589797974,0.26679402589797974,0.0003442117595113814,0.3538917303085327,1.591618299484253,0.31888389587402344
G25,274,3429.8798828125,0.7257257699966431,-10907.0390625,-10907.0390625,10519.4619140625,10550.5126953125,13178.3984375,13234.0,13234.0,1162.9736328125,-387.2385559082031,0.46964970231056213,0.4485985338687897,0.5272306799888611,0.2628570795059204,0.2628570795059204,0.00035445517278276384,0.3635415732860565,1.6319506168365479,0.2834550440311432
G25,275,3442.390380859375,0.7247247695922852,-10929.0302734375,-10929.0302734375,10547.6962890625,10578.2353515625,13180.609375,13234.0,13234.0,1156.5413818359375,-380.998046875,0.47601526975631714,0.4533538818359375,0.5354397892951965,0.25918495655059814,0.25918495655059814,0.0003643672098405659,0.3728877902030945,1.6704132556915283,0.24684399366378784
G25,276,3454.90087890625,0.7237237691879272,-10951.154296875,-10951.154296875,10575.6640625,10605.6015625,13182.109375,13234.0,13234.0,1149.9647216796875,-375.1566162109375,0.48241230845451355,0.45810043811798096,0.5436542630195618,0.2558363676071167,0.2558363676071167,0.0003742959816008806,0.3819303810596466,1.7068639993667603,0.2104334831237793
G25,277,3467.411376953125,0.7227227687835693,-10973.4072265625,-10973.4072265625,10603.279296875,10632.5546875,13184.046875,13238.0,13238.0,1143.247314453125,-369.7975158691406,0.4888346493244171,0.4628368020057678,0.5518908500671387,0.2528632879257202,0.2528632879257202,0.00038418947951868176,0.39067283272743225,1.7412110567092896,0.17615212500095367
G25,278,3479.921875,0.7217217683792114,-10995.796875,-10995.796875,10630.4765625,10659.056640625,13185.734375,13238.0,13238.0,1136.3934326171875,-364.99383544921875,0.4952760934829712,0.4675617814064026,0.5600632429122925,0.25030845403671265,0.25030845403671265,0.0003937240981031209,0.39912328124046326,1.7734134197235107,0.14675790071487427
G25,279,3492.432373046875,0.7207207679748535,-11018.3359375,-11018.3359375,10657.20703125,10685.0888671875,13187.5625,13240.0,13240.0,1129.407470703125,-360.80499267578125,0.5017305016517639,0.4722740948200226,0.5681632161140442,0.2482033520936966,0.2482033520936966,0.00040295961662195623,0.4072984755039215,1.8034776449203491,0.1259663850069046
G25,280,3504.94287109375,0.7197197675704956,-11041.046875,-11041.046875,10683.453125,10710.6513671875,13188.9375,13242.0,13242.0,1122.294677734375,-357.27374267578125,0.5081915855407715,0.47697246074676514,0.5761829018592834,0.24656672775745392,0.24656672775745392,0.00041220756247639656,0.4152146875858307,1.831452488899231,0.11735089123249054
G25,281,3517.453369140625,0.7187187671661377,-11063.951171875,-11063.951171875,10709.2099609375,10735.7607421875,13190.359375,13244.0,13244.0,1115.060302734375,-354.4242248535156,0.5146535634994507,0.48165562748908997,0.584115207195282,0.24540351331233978,0.24540351331233978,0.0004214505897834897,0.4228922426700592,1.8574202060699463,0.12134448438882828
G25,282,3529.9638671875,0.717717707157135,-11087.072265625,-11087.072265625,10734.498046875,10760.4541015625,13192.0390625,13244.0,13244.0,1107.7099609375,-352.2608642578125,0.521110475063324,0.4863224923610687,0.5919535160064697,0.24470482766628265,0.24470482766628265,0.0004303895402699709,0.4303578734397888,1.8814862966537476,0.13411881029605865
G25,283,3542.474365234375,0.7167167067527771,-11110.4287109375,-11110.4287109375,10759.3505859375,10784.7802734375,13193.3046875,13244.0,13244.0,1100.2496337890625,-350.7680358886719,0.5275566577911377,0.49097177386283875,0.5996921062469482,0.2444484680891037,0.2444484680891037,0.0004389623645693064,0.4376358985900879,1.903769612312317,0.15064336359500885
G25,284,3554.98486328125,0.7157157063484192,-11134.03125,-11134.03125,10783.8125,10808.798828125,13194.8671875,13248.0,13248.0,1092.68505859375,-349.9112243652344,0.5339867472648621,0.49560239911079407,0.6073254942893982,0.2446003258228302,0.2446003258228302,0.00044732537935487926,0.4447478652000427,1.924391269683838,0.1671627312898636
G25,285,3567.495361328125,0.7147147059440613,-11157.880859375,-11157.880859375,10807.9375,10832.5712890625,13196.3046875,13248.0,13248.0,1085.0224609375,-349.638916015625,0.5403955578804016,0.5002132058143616,0.614849328994751,0.24511635303497314,0.24511635303497314,0.00045537366531789303,0.45171883702278137,1.9434677362442017,0.18140380084514618
G25,286,3580.006103515625,0.7137137055397034,-11181.9697265625,-11181.9697265625,10831.783203125,10856.1572265625,13197.578125,13248.0,13248.0,1077.26806640625,-349.88580322265625,0.5467780232429504,0.5048031806945801,0.6222595572471619,0.24594488739967346,0.24594488739967346,0.00046285195276141167,0.45856916904449463,1.9611037969589233,0.1921071857213974
G25,287,3592.5166015625,0.7127127051353455,-11206.28125,-11206.28125,10855.40625,10879.6103515625,13198.984375,13248.0,13248.0,1069.42822265625,-350.5760498046875,0.5531297326087952,0.5093711614608765,0.629552960395813,0.24702908098697662,0.24702908098697662,0.0004698324773926288,0.465317964553833,1.9773900508880615,0.1986583173274994
G25,288,3605.027099609375,0.7117117047309875,-11230.787109375,-11230.787109375,10878.8662109375,10902.9873046875,13200.5,13248.0,13248.0,1061.509033203125,-351.626953125,0.5594461560249329,0.5139161944389343,0.6367266774177551,0.24830923974514008,0.24830923974514008,0.0004765898047480732,0.47198304533958435,1.9924017190933228,0.2008766382932663
G25,289,3617.53759765625,0.7107107043266296,-11255.45703125,-11255.45703125,10902.21484375,10926.3388671875,13201.6953125,13252.0,13252.0,1053.5167236328125,-352.95208740234375,0.565723180770874,0.5184373259544373,0.6437785029411316,0.24972505867481232,0.24972505867481232,0.0004831934638787061,0.47857680916786194,2.0062005519866943,0.1988990753889084
G25,290,3630.048095703125,0.7097097039222717,-11280.25390625,-11280.25390625,10925.5009765625,10949.7109375,13202.9921875,13253.0,13253.0,1045.4576416015625,-354.4645690917969,0.5719570517539978,0.5229335427284241,0.650706946849823,0.2512175738811493,0.2512175738811493,0.000489574100356549,0.4851115942001343,2.0188374519348145,0.193111851811409
G25,291,3642.55859375,0.7087087035179138,-11305.1396484375,-11305.1396484375,10948.7734375,10973.1455078125,13204.3515625,13253.0,13253.0,1037.3377685546875,-356.08013916015625,0.5781442523002625,0.5274040102958679,0.65751051902771,0.2527311444282532,0.2527311444282532,0.0004957311903126538,0.4915993809700012,2.030355930328369,0.18410898745059967
G25,292,3655.069091796875,0.7077077031135559,-11330.0751953125,-11330.0751953125,10972.07421875,10996.677734375,13205.265625,13254.0,13254.0,1029.1632080078125,-357.71954345703125,0.5842813849449158,0.5318478345870972,0.6641885042190552,0.25421497225761414,0.25421497225761414,0.0005015924689359963,0.4980473220348358,2.040794849395752,0.17266638576984406
G25,293,3667.57958984375,0.706706702709198,-11355.029296875,-11355.029296875,10995.439453125,11020.3427734375,13206.328125,13254.0,13254.0,1020.9400634765625,-359.3108215332031,0.5903655290603638,0.5362640619277954,0.6707404255867004,0.25562435388565063,0.25562435388565063,0.0005069992039352655,0.5044593214988708,2.0501914024353027,0.1597255915403366
G25,294,3680.090087890625,0.7057057023048401,-11379.96875,-11379.96875,11018.9033203125,11044.1689453125,13207.546875,13255.0,13255.0,1012.6739501953125,-360.7911071777344,0.5963937044143677,0.5406519770622253,0.6771660447120667,0.2569214701652527,0.2569214701652527,0.0005119956913404167,0.5108439922332764,2.058581829071045,0.14637891948223114
G25,295,3692.6005859375,0.7047047019004822,-11404.869140625,-11404.869140625,11042.490234375,11068.177734375,13208.40625,13257.0,13257.0,1004.3707275390625,-362.1075134277344,0.6023635268211365,0.5450107455253601,0.6834652423858643,0.2580757439136505,0.2580757439136505,0.0005167988128960133,0.5172021985054016,2.066002130508423,0.1338358223438263
G25,296,3705.111083984375,0.7037037014961243,-11429.708984375,-11429.708984375,11066.22265625,11092.3779296875,13209.65625,13258.0,13258.0,996.0360107421875,-363.2176818847656,0.6082726716995239,0.5493396520614624,0.6896384954452515,0.2590641677379608,0.2590641677379608,0.0005215450073592365,0.5235351324081421,2.072489023208618,0.1233304813504219
G25,297,3717.62158203125,0.7027027010917664,-11454.4716796875,-11454.4716796875,11090.115234375,11116.765625,13210.609375,13258.0,13258.0,987.6751708984375,-364.0902099609375,0.6141189336776733,0.5536380410194397,0.6956861019134521,0.25987187027931213,0.25987187027931213,0.0005263178027234972,0.529841959476471,2.078077793121338,0.11591822654008865
G25,298,3730.132080078125,0.7017017006874084,-11479.142578125,-11479.142578125,11114.17578125,11141.330078125,13211.7109375,13260.0,13260.0,979.293701171875,-364.70501708984375,0.6199004054069519,0.5579050779342651,0.7017089128494263,0.2604916989803314,0.2604916989803314,0.0005312348948791623,0.5361195802688599,2.082801342010498,0.1121676042675972
G25,299,3742.642578125,0.7007007002830505,-11503.712890625,-11503.712890625,11138.400390625,11166.05078125,13212.6796875,13260.0,13260.0,970.8966064453125,-365.0534362792969,0.6256155371665955,0.5621402263641357,0.7076151967048645,0.26092395186424255,0.26092395186424255,0.0005363033269532025,0.5423632860183716,2.086688280105591,0.11191457509994507
G25,300,3755.153076171875,0.6996996998786926,-11528.173828125,-11528.173828125,11162.779296875,11190.9052734375,13213.6640625,13260.0,13260.0,962.489013671875,-365.1368103027344,0.6312626004219055,0.5663427710533142,0.7133932113647461,0.2611754834651947,0.2611754834651947,0.0005413659964688122,0.548568844795227,2.0897626876831055,0.11431074142456055
G25,301,3767.66357421875,0.6986986994743347,-11552.513671875,-11552.513671875,11187.294921875,11215.8603515625,13214.296875,13260.0,13260.0,954.075927734375,-364.9659118652344,0.6368403434753418,0.5705123543739319,0.7190441489219666,0.261258989572525,0.261258989572525,0.0005463171983137727,0.554731011390686,2.092042922973633,0.11815992742776871
G25,302,3780.174072265625,0.6976976990699768,-11576.7275390625,-11576.7275390625,11211.91796875,11240.8759765625,13215.1796875,13261.0,13261.0,945.6618041992188,-364.5595703125,0.6423476934432983,0.5746481418609619,0.7245690822601318,0.2611919641494751,0.2611919641494751,0.0005511927884072065,0.5608413219451904,2.0935401916503906,0.12228620052337646
G25,303,3792.6845703125,0.6966966986656189,-11600.8046875,-11600.8046875,11236.6142578125,11265.9072265625,13215.984375,13261.0,13261.0,937.2513427734375,-363.94317626953125,0.6477832198143005,0.5787498950958252,0.7299693822860718,0.2609958052635193,0.2609958052635193,0.0005559859564527869,0.5668919086456299,2.094261646270752,0.1257459968328476
G25,304,3805.195068359375,0.695695698261261,-11624.734375,-11624.734375,11261.341796875,11290.90625,13216.625,13261.0,13261.0,928.84912109375,-363.14727783203125,0.6531463861465454,0.5828169584274292,0.735246479511261,0.2606941759586334,0.2606941759586334,0.0005605702754110098,0.5728747248649597,2.0942087173461914,0.1278877854347229
G25,305,3817.70556640625,0.6946946978569031,-11648.5048828125,-11648.5048828125,11286.0576171875,11315.826171875,13217.4921875,13263.0,13263.0,920.4593505859375,-362.2056884765625,0.6584362983703613,0.5868489742279053,0.7404021620750427,0.26031264662742615,0.26031264662742615,0.0005648715887218714,0.5787823796272278,2.0933804512023926,0.12833382189273834
G25,306,3830.21630859375,0.6936936974525452,-11672.103515625,-11672.103515625,11310.7109375,11340.6171875,13218.171875,13263.0,13263.0,912.0862426757812,-361.1544494628906,0.6636521816253662,0.5908455848693848,0.7454381585121155,0.2598772346973419,0.2598772346973419,0.0005689667304977775,0.5846073031425476,2.0917739868164062,0.12693825364112854
G25,307,3842.726806640625,0.6926926970481873,-11695.5185546875,-11695.5185546875,11335.251953125,11365.234375,13218.890625,13263.0,13263.0,903.7337646484375,-360.0301208496094,0.6687935590744019,0.5948062539100647,0.7503562569618225,0.25941339135169983,0.25941339135169983,0.00057299027685076,0.5903443098068237,2.0893871784210205,0.12374430149793625
G25,308,3855.2373046875,0.6916916966438293,-11718.734375,-11718.734375,11359.634765625,11389.634765625,13219.390625,13263.0,13263.0,895.406005859375,-358.8681640625,0.6738599538803101,0.598730742931366,0.755158543586731,0.258944571018219,0.258944571018219,0.0005770582938566804,0.5959875583648682,2.086219310760498,0.11894653737545013
G25,309,3867.747802734375,0.6906906962394714,-11741.7421875,-11741.7421875,11383.8115234375,11413.783203125,13220.1484375,13264.0,13264.0,887.106689453125,-357.701171875,0.6788508892059326,0.6026188135147095,0.7598469257354736,0.25849178433418274,0.25849178433418274,0.000581233820412308,0.601533055305481,2.0822741985321045,0.11285782605409622
G25,310,3880.25830078125,0.6896896958351135,-11764.525390625,-11764.525390625,11407.7412109375,11437.6484375,13220.8359375,13263.0,13264.0,878.8394165039062,-356.5582275390625,0.6837661266326904,0.6064700484275818,0.7644233703613281,0.25807276368141174,0.25807276368141174,0.0005855700001120567,0.6069777011871338,2.07755970954895,0.1058790534734726
G25,311,3892.768798828125,0.6886886954307556,-11787.0771484375,-11787.0771484375,11431.390625,11461.205078125,13221.4296875,13263.0,13264.0,870.60791015625,-355.46356201171875,0.6886056065559387,0.6102842688560486,0.7688899636268616,0.25770142674446106,0.25770142674446106,0.0005900071701034904,0.6123185157775879,2.0720903873443604,0.09846945852041245
G25,312,3905.279296875,0.6876876950263977,-11809.38671875,-11809.38671875,11454.728515625,11484.43359375,13222.2890625,13264.0,13264.0,862.41552734375,-354.4361572265625,0.6933689713478088,0.6140612363815308,0.7732487916946411,0.257387638092041,0.257387638092041,0.0005943261785432696,0.6175575256347656,2.065885305404663,0.09111413359642029
G25,313,3917.789794921875,0.6866866946220398,-11831.4443359375,-11831.4443359375,11477.7373046875,11507.318359375,13222.890625,13267.0,13267.0,854.2655029296875,-353.4893493652344,0.6980562806129456,0.617800772190094,0.7775020003318787,0.2571374773979187,0.2571374773979187,0.0005983560113236308,0.6226955056190491,2.0589706897735596,0.08428376168012619
G25,314,3930.30029296875,0.6856856942176819,-11853.2451171875,-11853.2451171875,11500.3994140625,11529.8515625,13223.40625,13268.0,13268.0,846.1612548828125,-352.63092041015625,0.7026676535606384,0.621502697467804,0.7816516160964966,0.25695276260375977,0.25695276260375977,0.0006020186701789498,0.6277301907539368,2.0513765811920166,0.07838280498981476
G25,315,3942.810791015625,0.684684693813324,-11874.783203125,-11874.783203125,11522.70703125,11552.189453125,13223.953125,13269.0,13269.0,838.1055908203125,-351.86328125,0.7072029709815979,0.6251668930053711,0.7856997847557068,0.25683221220970154,0.25683221220970154,0.0006050997762940824,0.6326643228530884,2.043138027191162,0.07368931174278259
G25,316,3955.3212890625,0.6836836934089661,-11896.052734375,-11896.052734375,11544.6591796875,11574.423828125,13224.4296875,13269.0,13269.0,830.1015625,-351.18402099609375,0.7116626501083374,0.6287931203842163,0.7896487712860107,0.256771445274353,0.256771445274353,0.0006075851269997656,0.6374999284744263,2.034292459487915,0.07030153274536133
G25,317,3967.831787109375,0.6826826930046082,-11917.05078125,-11917.05078125,11566.255859375,11596.30078125,13225.0078125,13269.0,13269.0,822.1519165039062,-350.5867919921875,0.7160468101501465,0.6323814988136292,0.7935004830360413,0.25676387548446655,0.25676387548446655,0.0006094506243243814,0.6422408819198608,2.0248796939849854,0.06812091916799545
G25,318,3980.34228515625,0.6816816926002502,-11937.7734375,-11937.7734375,11587.505859375,11617.82421875,13225.53125,13270.0,13270.0,814.25927734375,-350.06243896484375,0.7203558087348938,0.6359319090843201,0.7972573637962341,0.2568012773990631,0.2568012773990631,0.0006108241504989564,0.6468924283981323,2.0149405002593994,0.06689013540744781
G25,319,3992.852783203125,0.6806806921958923,-11958.216796875,-11958.216796875,11608.416015625,11638.9970703125,13226.0390625,13269.0,13270.0,806.426025390625,-349.59930419921875,0.7245900630950928,0.6394443511962891,0.8009212613105774,0.2568740248680115,0.2568740248680115,0.000611846218816936,0.6514557003974915,2.0045149326324463,0.06627311557531357
G25,320,4005.36328125,0.6796796917915344,-11978.37890625,-11978.37890625,11628.9951171875,11659.82421875,13226.6015625,13269.0,13270.0,798.6544799804688,-349.18408203125,0.7287500500679016,0.6429186463356018,0.804494321346283,0.2569720447063446,0.2569720447063446,0.0006126246880739927,0.6559330224990845,1.9936436414718628,0.06594116985797882
G25,321,4017.873779296875,0.6786786913871765,-11998.255859375,-11998.255859375,11649.255859375,11680.314453125,13226.8828125,13269.0,13270.0,790.9468383789062,-348.80291748046875,0.7328363656997681,0.6463549137115479,0.807978630065918,0.2570849657058716,0.2570849657058716,0.0006131716654635966,0.6603264212608337,1.9823652505874634,0.06563135981559753
G25,322,4030.38427734375,0.6776776909828186,-12017.84765625,-12017.84765625,11669.2109375,11700.4775390625,13227.390625,13269.0,13270.0,783.3051147460938,-348.44140625,0.7368494272232056,0.649753212928772,0.8113763928413391,0.25720277428627014,0.25720277428627014,0.0006135148578323424,0.6646400094032288,1.970717191696167,0.06517282128334045
G25,323,4042.894775390625,0.6766766905784607,-12037.1513671875,-12037.1513671875,11688.873046875,11720.328125,13227.71875,13269.0,13270.0,775.731201171875,-348.08624267578125,0.7407899498939514,0.653113603591919,0.8146894574165344,0.2573167383670807,0.2573167383670807,0.0006137781892903149,0.6688763499259949,1.9587347507476807,0.06448474526405334
G25,324,4055.4052734375,0.6756756901741028,-12056.1640625,-12056.1640625,11708.25,11739.87890625,13228.15625,13269.0,13270.0,768.2265625,-347.72528076171875,0.7446587085723877,0.6564361453056335,0.817919909954071,0.25741925835609436,0.25741925835609436,0.0006140919867902994,0.6730344295501709,1.9464507102966309,0.06356173008680344
G25,325,4067.916015625,0.6746746897697449,-12074.88671875,-12074.88671875,11727.3505859375,11759.1416015625,13228.46875,13271.0,13271.0,760.7930908203125,-347.3484802246094,0.7484564185142517,0.6597209572792053,0.8210699558258057,0.25750434398651123,0.25750434398651123,0.0006143716746009886,0.6771185994148254,1.9338957071304321,0.06245218589901924
G25,326,4080.426513671875,0.673673689365387,-12093.31640625,-12093.31640625,11746.1845703125,11778.1279296875,13228.9765625,13271.0,13271.0,753.431884765625,-346.94781494140625,0.7521838545799255,0.662968099117279,0.8241413831710815,0.25756749510765076,0.25756749510765076,0.0006146896630525589,0.6811330914497375,1.921097993850708,0.06123309209942818
G25,327,4092.93701171875,0.672672688961029,-12111.455078125,-12111.455078125,11764.755859375,11796.845703125,13229.171875,13271.0,13271.0,746.144287109375,-346.5172119140625,0.755841851234436,0.6661776900291443,0.8271363973617554,0.25760534405708313,0.25760534405708313,0.0006149354740045965,0.6850754618644714,1.9080833196640015,0.05999104678630829
G25,328,4105.447265625,0.6716716885566711,-12129.30078125,-12129.30078125,11783.0693359375,11815.3017578125,13229.5078125,13271.0,13271.0,738.931396484375,-346.0523986816406,0.7594312429428101,0.6693500280380249,0.8300567865371704,0.25761622190475464,0.25761622190475464,0.0006151264533400536,0.6889451146125793,1.8948761224746704,0.0587991401553154
G25,329,4117.9580078125,0.6706706881523132,-12146.85546875,-12146.85546875,11801.126953125,11833.4970703125,13229.9921875,13271.0,13271.0,731.7943115234375,-345.55126953125,0.7629530429840088,0.6724851727485657,0.8329046368598938,0.25760021805763245,0.25760021805763245,0.0006154635339044034,0.6927445530891418,1.8814985752105713,0.05770997703075409
G25,330,4130.46826171875,0.6696696877479553,-12164.119140625,-12164.119140625,11818.9306640625,11851.4365234375,13230.3515625,13271.0,13271.0,724.7337036132812,-345.01409912109375,0.7664080858230591,0.6755832433700562,0.835681676864624,0.2575579881668091,0.2575579881668091,0.0006158414762467146,0.6964763402938843,1.8679707050323486,0.05674204230308533
G25,331,4142.97900390625,0.6686686873435974,-12181.0947265625,-12181.0947265625,11836.48046875,11869.119140625,13230.6953125,13271.0,13271.0,717.7504272460938,-344.4419250488281,0.7697972655296326,0.6786445379257202,0.838390052318573,0.25749194622039795,0.25749194622039795,0.0006163162761367857,0.7001397013664246,1.8543113470077515,0.05588724836707115
G25,332,4155.4892578125,0.6676676869392395,-12197.7822265625,-12197.7822265625,11853.7734375,11886.5458984375,13231.015625,13271.0,13271.0,710.8450927734375,-343.8381042480469,0.77312171459198,0.681669294834137,0.8410314917564392,0.25740447640419006,0.25740447640419006,0.0006169886910356581,0.703734278678894,1.840537190437317,0.05511562526226044
G25,333,4168.0,0.6666666269302368,-12214.18359375,-12214.18359375,11870.8095703125,11903.71484375,13231.2578125,13273.0,13273.0,704.01806640625,-343.2059326171875,0.7763825058937073,0.6846576929092407,0.8436077833175659,0.2572988271713257,0.2572988271713257,0.0006175771704874933,0.7072603702545166,1.8266644477844238,0.05438722297549248
G25,334,4180.51025390625,0.6656656265258789,-12230.302734375,-12230.302734375,11887.5859375,11920.6220703125,13231.546875,13273.0,13273.0,697.2698974609375,-342.54998779296875,0.7795803546905518,0.6876099109649658,0.8461207747459412,0.25717902183532715,0.25717902183532715,0.0006183698424138129,0.7107177972793579,1.8127076625823975,0.05366118624806404
G25,335,4193.02099609375,0.664664626121521,-12246.140625,-12246.140625,11904.099609375,11937.2685546875,13231.9140625,13273.0,13273.0,690.6008911132812,-341.8756103515625,0.7827164530754089,0.6905263662338257,0.8485721349716187,0.2570481598377228,0.2570481598377228,0.000619011465460062,0.7141088843345642,1.7986809015274048,0.05290462076663971
G25,336,4205.53173828125,0.6636636257171631,-12261.69921875,-12261.69921875,11920.349609375,11953.65234375,13232.15625,13273.0,13273.0,684.0111083984375,-341.18701171875,0.7857919335365295,0.6934069991111755,0.8509636521339417,0.2569100558757782,0.2569100558757782,0.0006196221220307052,0.7174345850944519,1.7845969200134277,0.052099596709012985
G25,337,4218.0419921875,0.6626626253128052,-12276.982421875,-12276.982421875,11936.33203125,11969.76953125,13232.4140625,13273.0,13273.0,677.500732421875,-340.4893493652344,0.7888075709342957,0.6962524652481079,0.8532969355583191,0.256767600774765,0.256767600774765,0.0006201189244166017,0.7206966876983643,1.7704685926437378,0.0512387715280056
G25,338,4230.552734375,0.6616616249084473,-12291.9921875,-12291.9921875,11952.046875,11985.615234375,13232.7109375,13273.0,13273.0,671.06982421875,-339.7864990234375,0.7917646765708923,0.6990627646446228,0.8555737733840942,0.25662437081336975,0.25662437081336975,0.0006206161924637854,0.7238959074020386,1.756307601928711,0.05032955855131149
G25,339,4243.06298828125,0.6606606245040894,-12306.732421875,-12306.732421875,11967.4921875,12001.1923828125,13233.0625,13273.0,13273.0,664.7183837890625,-339.083251953125,0.7946640849113464,0.7018383741378784,0.8577955365180969,0.2564813494682312,0.2564813494682312,0.0006208646227605641,0.7270323634147644,1.742125153541565,0.0493888258934021
G25,340,4255.57373046875,0.6596596240997314,-12321.20703125,-12321.20703125,11982.6708984375,12016.4912109375,13233.4453125,13273.0,13273.0,658.4462890625,-338.3807067871094,0.7975069284439087,0.7045794725418091,0.8599637746810913,0.25634193420410156,0.25634193420410156,0.0006212961161509156,0.7301073670387268,1.7279330492019653,0.04844130948185921
G25,341,4268.083984375,0.6586586236953735,-12335.41796875,-12335.41796875,11997.5810546875,12031.5205078125,13233.59375,13273.0,13273.0,652.253173828125,-337.6836242675781,0.8002942800521851,0.7072862982749939,0.8620802164077759,0.25620540976524353,0.25620540976524353,0.0006215707398951054,0.7331218719482422,1.7137408256530762,0.047510288655757904
G25,342,4280.5947265625,0.6576576232910156,-12349.369140625,-12349.369140625,12012.2265625,12046.2783203125,13233.8671875,13274.0,13274.0,646.1389770507812,-336.9908447265625,0.8030272722244263,0.7099592685699463,0.8641461730003357,0.25607362389564514,0.25607362389564514,0.0006217926857061684,0.7360768914222717,1.6995604038238525,0.04662501811981201
G25,343,4293.10498046875,0.6566566228866577,-12363.0625,-12363.0625,12026.6083984375,12060.767578125,13234.1640625,13274.0,13274.0,640.103271484375,-336.30487060546875,0.8057066202163696,0.7125986218452454,0.8661629557609558,0.25594568252563477,0.25594568252563477,0.0006221423391252756,0.7389736771583557,1.6854006052017212,0.04580264165997505
G25,344,4305.61572265625,0.6556556224822998,-12376.5048828125,-12376.5048828125,12040.7333984375,12074.984375,13234.5390625,13274.0,13274.0,634.1458740234375,-335.6244812011719,0.8083337545394897,0.7152048349380493,0.8681321144104004,0.25582200288772583,0.25582200288772583,0.0006221350049600005,0.7418153285980225,1.6712716817855835,0.045057568699121475
G25,345,4318.1259765625,0.6546546220779419,-12389.697265625,-12389.697265625,12054.6015625,12088.951171875,13234.65625,13274.0,13274.0,628.26611328125,-334.9501037597656,0.8109094500541687,0.7177780270576477,0.870055079460144,0.2557016611099243,0.2557016611099243,0.0006225385586731136,0.7446014881134033,1.6571825742721558,0.044399138540029526
G25,346,4330.63671875,0.653653621673584,-12402.6455078125,-12402.6455078125,12068.220703125,12102.642578125,13234.875,13275.0,13275.0,622.463623046875,-334.2806396484375,0.8134347200393677,0.7203186750411987,0.8719329833984375,0.2555832266807556,0.2555832266807556,0.0006227429839782417,0.7473328113555908,1.6431419849395752,0.04382394999265671
G25,347,4343.14697265625,0.6526526212692261,-12415.3515625,-12415.3515625,12081.595703125,12116.0966796875,13235.09375,13275.0,13275.0,616.7379150390625,-333.6141052246094,0.8159107565879822,0.7228270173072815,0.873767077922821,0.2554663121700287,0.2554663121700287,0.000622757594101131,0.7500127553939819,1.629158616065979,0.04332486167550087
G25,348,4355.65771484375,0.6516516208648682,-12427.8203125,-12427.8203125,12094.73046875,12129.294921875,13235.2578125,13275.0,13275.0,611.08837890625,-332.9500732421875,0.8183383941650391,0.7253034710884094,0.8755587935447693,0.25534939765930176,0.25534939765930176,0.0006233808817341924,0.7526412606239319,1.6152395009994507,0.04289393499493599
G25,349,4368.16796875,0.6506506204605103,-12440.0556640625,-12440.0556640625,12107.630859375,12142.255859375,13235.46875,13276.0,13276.0,605.514404296875,-332.28643798828125,0.8207186460494995,0.7277483344078064,0.8773092031478882,0.2552303969860077,0.2552303969860077,0.0006234106840565801,0.7552189826965332,1.6013925075531006,0.04251282289624214
G25,350,4380.6787109375,0.6496496200561523,-12452.0615234375,-12452.0615234375,12120.3037109375,12154.982421875,13235.6015625,13276.0,13276.0,600.0154418945312,-331.62066650390625,0.8230525851249695,0.7301620244979858,0.8790194988250732,0.25510963797569275,0.25510963797569275,0.0006237959023565054,0.7577481865882874,1.587624430656433,0.042173247784376144
G25,351,4393.18896484375,0.6486486196517944,-12463.841796875,-12463.841796875,12132.7529296875,12167.484375,13235.734375,13276.0,13276.0,594.5906982421875,-330.9530334472656,0.8253411054611206,0.7325448393821716,0.88069087266922,0.25498512387275696,0.25498512387275696,0.0006242529489099979,0.7602291703224182,1.5739407539367676,0.041857603937387466
G25,352,4405.69970703125,0.6476476192474365,-12475.3994140625,-12475.3994140625,12144.984375,12179.765625,13235.828125,13276.0,13276.0,589.2395629882812,-330.281005859375,0.8275851011276245,0.7348970174789429,0.8823243379592896,0.2548554837703705,0.2548554837703705,0.0006240709335543215,0.7626633048057556,1.5603476762771606,0.041561804711818695
G25,353,4418.2099609375,0.6466466188430786,-12486.7392578125,-12486.7392578125,12157.0048828125,12191.841796875,13235.9609375,13276.0,13276.0,583.9612426757812,-329.60284423828125,0.8297858238220215,0.7372191548347473,0.8839210867881775,0.2547217607498169,0.2547217607498169,0.0006246280972845852,0.7650501132011414,1.5468500852584839,0.041275136172771454
G25,354,4430.720703125,0.6456456184387207,-12497.8662109375,-12497.8662109375,12168.8154296875,12203.7001953125,13236.21875,13278.0,13278.0,578.7549438476562,-328.91998291015625,0.8319437503814697,0.7395114302635193,0.8854820728302002,0.2545815110206604,0.2545815110206604,0.0006244076648727059,0.767393946647644,1.533452033996582,0.04099228233098984
G25,355,4443.2314453125,0.6446446180343628,-12508.78125,-12508.78125,12180.423828125,12215.373046875,13236.4453125,13278.0,13278.0,573.6199951171875,-328.22918701171875,0.8340600728988647,0.7417742013931274,0.8870083093643188,0.2544362545013428,0.2544362545013428,0.0006249878206290305,0.7696958780288696,1.520158290863037,0.04071518033742905
G25,356,4455.74169921875,0.6436436176300049,-12519.4921875,-12519.4921875,12191.83203125,12226.830078125,13236.6328125,13279.0,13279.0,568.5554809570312,-327.53253173828125,0.8361356854438782,0.7440078854560852,0.8885009288787842,0.25428467988967896,0.25428467988967896,0.0006246587727218866,0.7719552516937256,1.5069714784622192,0.04044076055288315
G25,357,4468.25244140625,0.642642617225647,-12530.0,-12530.0,12203.0458984375,12238.099609375,13236.6953125,13279.0,13279.0,563.5606079101562,-326.82830810546875,0.8381713628768921,0.746212899684906,0.8899606466293335,0.2541283667087555,0.2541283667087555,0.0006252810126170516,0.7741720080375671,1.4938956499099731,0.04017523676156998
G25,358,4480.7626953125,0.6416416168212891,-12540.3095703125,-12540.3095703125,12214.06640625,12249.171875,13236.8046875,13279.0,13279.0,558.6346435546875,-326.11865234375,0.8401681184768677,0.7483893632888794,0.8913885354995728,0.2539663314819336,0.2539663314819336,0.0006253804313018918,0.776347815990448,1.4809324741363525,0.039912257343530655
G25,359,4493.2734375,0.6406406164169312,-12550.423828125,-12550.423828125,12224.8994140625,12260.0595703125,13237.03125,13279.0,13279.0,553.776611328125,-325.4022216796875,0.842126727104187,0.7505379319190979,0.892785370349884,0.2537994384765625,0.2537994384765625,0.0006255498738028109,0.7784842252731323,1.4680850505828857,0.03966095671057701
G25,360,4505.78369140625,0.6396396160125732,-12560.3486328125,-12560.3486328125,12235.546875,12270.7470703125,13237.1953125,13279.0,13279.0,548.9857177734375,-324.68035888671875,0.844048023223877,0.7526587247848511,0.8941522240638733,0.25362858176231384,0.25362858176231384,0.0006259169895201921,0.7805823683738708,1.455355167388916,0.03941863402724266
G25,361,4518.29443359375,0.6386386156082153,-12570.0859375,-12570.0859375,12246.01171875,12281.2685546875,13237.3203125,13279.0,13279.0,544.2610473632812,-323.9539794921875,0.8459328413009644,0.7547522187232971,0.8954898118972778,0.2534528076648712,0.2534528076648712,0.0006259926012717187,0.7826420068740845,1.442744255065918,0.0391816720366478
G25,362,4530.8046875,0.6376376152038574,-12579.640625,-12579.640625,12256.298828125,12291.59765625,13237.59375,13279.0,13279.0,539.6016845703125,-323.2220458984375,0.8477819561958313,0.7568186521530151,0.8967989683151245,0.25327393412590027,0.25327393412590027,0.0006263155955821276,0.7846636176109314,1.430254578590393,0.0389532707631588
G25,363,4543.3154296875,0.6366366147994995,-12589.0146484375,-12589.0146484375,12266.41015625,12301.75,13237.75,13279.0,13279.0,535.0068969726562,-322.4869384765625,0.849596381187439,0.7588585019111633,0.8980802893638611,0.25309115648269653,0.25309115648269653,0.0006264345138333738,0.7866498231887817,1.41788649559021,0.03873497247695923
G25,364,4555.82568359375,0.6356356143951416,-12598.212890625,-12598.212890625,12276.3486328125,12311.7373046875,13237.96875,13279.0,13279.0,530.4756469726562,-321.74749755859375,0.8513765335083008,0.7608720660209656,0.8993348479270935,0.2529056966304779,0.2529056966304779,0.0006265416159294546,0.7886020541191101,1.4056419134140015,0.03852265700697899
G25,365,4568.33642578125,0.6346346139907837,-12607.2392578125,-12607.2392578125,12286.119140625,12321.548828125,13238.140625,13279.0,13279.0,526.007080078125,-321.00537109375,0.8531233668327332,0.7628597617149353,0.9005632400512695,0.25271737575531006,0.25271737575531006,0.0006268977303989232,0.7905189394950867,1.3935209512710571,0.038317661732435226
G25,366,4580.8466796875,0.6336336135864258,-12616.0966796875,-12616.0966796875,12295.720703125,12331.193359375,13238.3515625,13279.0,13279.0,521.600341796875,-320.26043701171875,0.8548377156257629,0.7648218274116516,0.9017661809921265,0.25252699851989746,0.25252699851989746,0.0006270426674745977,0.7924028635025024,1.3815248012542725,0.03812449797987938
G25,367,4593.357421875,0.6326326131820679,-12624.787109375,-12624.787109375,12305.1611328125,12340.6845703125,13238.4921875,13279.0,13279.0,517.2545776367188,-319.5135803222656,0.8565201759338379,0.7667586207389832,0.9029443860054016,0.25233355164527893,0.25233355164527893,0.0006270682206377387,0.794253945350647,1.369653582572937,0.03793865069746971
G25,368,4605.86767578125,0.63163161277771,-12633.318359375,-12633.318359375,12314.4423828125,12350.009765625,13238.5390625,13279.0,13279.0,512.96875,-318.763671875,0.8581715226173401,0.7686705589294434,0.9040984511375427,0.25213900208473206,0.25213900208473206,0.0006274363840930164,0.7960703372955322,1.3579081296920776,0.03776540607213974
G25,369,4618.37841796875,0.630630612373352,-12641.6884765625,-12641.6884765625,12323.564453125,12359.1796875,13238.640625,13279.0,13279.0,508.7420959472656,-318.0130920410156,0.8597924113273621,0.7705579400062561,0.9052290916442871,0.25194159150123596,0.25194159150123596,0.0006274263141676784,0.7978547811508179,1.3462879657745361,0.03759998083114624
G25,370,4630.888671875,0.6296296119689941,-12649.904296875,-12649.904296875,12332.53515625,12368.19921875,13238.7265625,13280.0,13280.0,504.57366943359375,-317.259765625,0.8613835573196411,0.7724210023880005,0.9063370227813721,0.2517422139644623,0.2517422139644623,0.0006274292827583849,0.7996077537536621,1.334794044494629,0.03744612634181976
G25,371,4643.3994140625,0.6286286115646362,-12657.9677734375,-12657.9677734375,12341.3544921875,12377.06640625,13238.8046875,13280.0,13280.0,500.4626159667969,-316.50469970703125,0.8629457354545593,0.7742603421211243,0.9074227809906006,0.2515414357185364,0.2515414357185364,0.0006277898792177439,0.8013299107551575,1.3234258890151978,0.03730234503746033
G25,372,4655.90966796875,0.6276276111602783,-12665.880859375,-12665.880859375,12350.0263671875,12385.783203125,13239.03125,13280.0,13280.0,496.40802001953125,-315.7486572265625,0.8644794225692749,0.7760760188102722,0.9084868431091309,0.25133785605430603,0.25133785605430603,0.0006276252679526806,0.8030241131782532,1.312183141708374,0.03715868666768074
G25,373,4668.42041015625,0.6266266107559204,-12673.650390625,-12673.650390625,12358.5546875,12394.36328125,13239.1015625,13280.0,13280.0,492.4090576171875,-314.98992919921875,0.8659853339195251,0.7778685092926025,0.9095363020896912,0.2511330842971802,0.2511330842971802,0.0006279799854382873,0.8046890497207642,1.3010660409927368,0.037021491676568985
G25,374,4680.9306640625,0.6256256103515625,-12681.275390625,-12681.275390625,12366.9404296875,12402.791015625,13239.265625,13280.0,13280.0,488.46484375,-314.2305908203125,0.867464005947113,0.7796381115913391,0.9106042385101318,0.2509259581565857,0.2509259581565857,0.000628114677965641,0.8063257336616516,1.2900738716125488,0.036884550005197525
G25,375,4693.44140625,0.6246246099472046,-12688.76171875,-12688.76171875,12375.189453125,12411.08203125,13239.40625,13281.0,13281.0,484.574462890625,-313.468994140625,0.8689163327217102,0.7813851833343506,0.9116507172584534,0.25071653723716736,0.25071653723716736,0.0006286194548010826,0.8079348802566528,1.2792062759399414,0.03674115613102913
G25,376,4705.9521484375,0.6236236095428467,-12696.1103515625,-12696.1103515625,12383.302734375,12419.236328125,13239.546875,13281.0,13281.0,480.73712158203125,-312.7054748535156,0.8703425526618958,0.7831099629402161,0.9126763343811035,0.25050538778305054,0.25050538778305054,0.000628684472758323,0.8095167875289917,1.2684630155563354,0.036596253514289856
G25,377,4718.46240234375,0.6226226091384888,-12703.3251953125,-12703.3251953125,12391.283203125,12427.255859375,13239.671875,13281.0,13281.0,476.9519958496094,-311.94061279296875,0.8717435002326965,0.7847581505775452,0.9136816263198853,0.2502918243408203,0.2502918243408203,0.0006292270845733583,0.8110715746879578,1.2578428983688354,0.036443691700696945
G25,378,4730.97314453125,0.6216216087341309,-12710.41015625,-12710.41015625,12399.1357421875,12435.1328125,13239.8125,13281.0,13281.0,473.21820068359375,-311.1736145019531,0.8731196522712708,0.7863810062408447,0.9146764278411865,0.25007566809654236,0.25007566809654236,0.0006297908257693052,0.8126024007797241,1.2473456859588623,0.03628154098987579
G25,379,4743.4833984375,0.620620608329773,-12717.365234375,-12717.365234375,12406.861328125,12442.8955078125,13239.90625,13281.0,13281.0,469.534912109375,-310.40423583984375,0.8744716048240662,0.7879841327667236,0.9156524538993835,0.2498578578233719,0.2498578578233719,0.0006297564250417054,0.814106822013855,1.2369706630706787,0.03611622750759125
G25,380,4755.994140625,0.619619607925415,-12724.193359375,-12724.193359375,12414.462890625,12450.51953125,13239.9296875,13281.0,13281.0,465.9013366699219,-309.6336364746094,0.8757997751235962,0.7895677089691162,0.9166092276573181,0.24963705241680145,0.24963705241680145,0.0006306677823886275,0.8155859708786011,1.2267167568206787,0.035941097885370255
G25,381,4768.50439453125,0.6186186075210571,-12730.9013671875,-12730.9013671875,12421.9443359375,12458.021484375,13240.1171875,13281.0,13281.0,462.3166198730469,-308.8602294921875,0.8771048188209534,0.7911319732666016,0.9175543189048767,0.24941439926624298,0.24941439926624298,0.0006310337339527905,0.8170404434204102,1.2165831327438354,0.03576194494962692
G25,382,4781.01513671875,0.6176176071166992,-12737.48828125,-12737.48828125,12429.306640625,12465.4091796875,13240.2421875,13281.0,13281.0,458.7800598144531,-308.0854187011719,0.8783872723579407,0.7926773428916931,0.9185177683830261,0.24918949604034424,0.24918949604034424,0.0006312959594652057,0.8184729218482971,1.206568956375122,0.03558265045285225
G25,383,4793.525390625,0.6166166067123413,-12743.95703125,-12743.95703125,12436.552734375,12472.67578125,13240.3515625,13281.0,13281.0,455.290771484375,-307.3087463378906,0.8796474933624268,0.7941896915435791,0.919463038444519,0.24896210432052612,0.24896210432052612,0.0006320741376839578,0.8198839426040649,1.196673035621643,0.03540484979748726
G25,384,4806.0361328125,0.6156156063079834,-12750.3095703125,-12750.3095703125,12443.6865234375,12479.8193359375,13240.421875,13281.0,13281.0,451.8479919433594,-306.5299072265625,0.8808861374855042,0.7956780791282654,0.9203906655311584,0.24873356521129608,0.24873356521129608,0.0006326907896436751,0.8212720155715942,1.186894416809082,0.03523049131035805
G25,385,4818.54638671875,0.6146146059036255,-12756.55078125,-12756.55078125,12450.70703125,12486.8662109375,13240.5,13281.0,13281.0,448.45098876953125,-305.75054931640625,0.8821035623550415,0.7971501350402832,0.921301007270813,0.248501718044281,0.248501718044281,0.0006328361923806369,0.8226366639137268,1.1772316694259644,0.0350617952644825
G25,386,4831.05712890625,0.6136136054992676,-12762.6806640625,-12762.6806640625,12457.62109375,12493.7890625,13240.6484375,13281.0,13281.0,445.09893798828125,-304.96807861328125,0.8833003640174866,0.7986064553260803,0.9221945405006409,0.2482689917087555,0.2482689917087555,0.000633782590739429,0.8239797949790955,1.1676844358444214,0.03490779548883438
G25,387,4843.5673828125,0.6126126050949097,-12768.703125,-12768.703125,12464.42578125,12500.6044921875,13240.6796875,13281.0,13281.0,441.79119873046875,-304.1854248046875,0.8844768404960632,0.8000137209892273,0.9230713844299316,0.24803391098976135,0.24803391098976135,0.0006341593689285219,0.82530277967453,1.1582506895065308,0.03476213291287422
G25,388,4856.078125,0.6116116046905518,-12774.619140625,-12774.619140625,12471.1279296875,12507.318359375,13240.734375,13281.0,13281.0,438.5269775390625,-303.40081787109375,0.8856335878372192,0.8014021515846252,0.9239322543144226,0.24779652059078217,0.24779652059078217,0.0006345679867081344,0.8266039490699768,1.1489299535751343,0.03462745249271393
G25,389,4868.58837890625,0.6106106042861938,-12780.431640625,-12780.431640625,12477.7275390625,12513.9267578125,13240.84375,13281.0,13281.0,435.3055419921875,-302.6143493652344,0.8867709040641785,0.8027755618095398,0.9247772097587585,0.24755747616291046,0.24755747616291046,0.0006349879549816251,0.8278847932815552,1.1397206783294678,0.03450590372085571
G25,390,4881.09912109375,0.6096096038818359,-12786.142578125,-12786.142578125,12484.2275390625,12520.4248046875,13240.9375,13281.0,13281.0,432.12615966796875,-301.8268127441406,0.8878893256187439,0.80413419008255,0.9256068468093872,0.24731706082820892,0.24731706082820892,0.000635546341072768,0.8291456699371338,1.1306219100952148,0.03439442068338394
G25,391,4893.609375,0.608608603477478,-12791.755859375,-12791.755859375,12490.62890625,12526.833984375,13241.0234375,13281.0,13281.0,428.9881591796875,-301.03857421875,0.8889891505241394,0.8054783344268799,0.9264213442802429,0.2470736801624298,0.2470736801624298,0.0006354174111038446,0.8303882479667664,1.1216319799423218,0.03429287299513817
G25,392,4906.1201171875,0.6076076030731201,-12797.26953125,-12797.26953125,12496.935546875,12533.1376953125,13241.09375,13281.0,13281.0,425.8908386230469,-300.2476806640625,0.8900709748268127,0.8068082332611084,0.9272210597991943,0.24682919681072235,0.24682919681072235,0.0006361739942803979,0.8316133618354797,1.1127502918243408,0.0342022068798542
G25,393,4918.63037109375,0.6066066026687622,-12802.689453125,-12802.689453125,12503.1474609375,12539.3447265625,13241.21875,13281.0,13281.0,422.83355712890625,-299.4564208984375,0.891135036945343,0.8081241250038147,0.9280064105987549,0.2465827316045761,0.2465827316045761,0.000635825446806848,0.8328215479850769,1.1039751768112183,0.034124065190553665
G25,394,4931.14111328125,0.6056056022644043,-12808.015625,-12808.015625,12509.267578125,12545.462890625,13241.3359375,13281.0,13281.0,419.8155517578125,-298.66375732421875,0.8921817541122437,0.8094262480735779,0.9287775158882141,0.2463342696428299,0.2463342696428299,0.0006365286535583436,0.8340131044387817,1.0953054428100586,0.03405308350920677
G25,395,4943.65185546875,0.6046046018600464,-12813.251953125,-12813.251953125,12515.298828125,12551.486328125,13241.40625,13281.0,13281.0,416.83624267578125,-297.8696594238281,0.8932115435600281,0.8107149004936218,0.929534912109375,0.24608361721038818,0.24608361721038818,0.0006360695115290582,0.8351883292198181,1.0867398977279663,0.033998459577560425
G25,396,4956.162109375,0.6036036014556885,-12818.3994140625,-12818.3994140625,12521.2421875,12557.41796875,13241.484375,13281.0,13281.0,413.89495849609375,-297.07391357421875,0.8942246437072754,0.8119903206825256,0.9302787184715271,0.24583196640014648,0.24583196640014648,0.0006368542672134936,0.8363456130027771,1.078277349472046,0.03395305201411247
G25,397,4968.6728515625,0.6026026010513306,-12823.458984375,-12823.458984375,12527.09765625,12563.267578125,13241.578125,13281.0,13281.0,410.9910583496094,-296.2779541015625,0.895221471786499,0.8132526874542236,0.9310092926025391,0.2455778270959854,0.2455778270959854,0.0006362525164149702,0.8374868631362915,1.0699162483215332,0.0339195616543293
G25,398,4981.18310546875,0.6016016006469727,-12828.4326171875,-12828.4326171875,12532.87109375,12569.0224609375,13241.6796875,13281.0,13281.0,408.1239318847656,-295.4800109863281,0.8962025046348572,0.8145022988319397,0.9317269325256348,0.24532188475131989,0.24532188475131989,0.0006371589843183756,0.8386132717132568,1.0616555213928223,0.033896252512931824
G25,399,4993.69384765625,0.6006006002426147,-12833.322265625,-12833.322265625,12538.560546875,12574.70703125,13241.7265625,13281.0,13281.0,405.29290771484375,-294.680908203125,0.8971679210662842,0.8157392144203186,0.9324319362640381,0.24506500363349915,0.24506500363349915,0.0006365051958709955,0.8397225141525269,1.053493857383728,0.033885348588228226
G25,400,5006.2041015625,0.5995995998382568,-12838.130859375,-12838.130859375,12544.16796875,12580.2939453125,13241.7890625,13281.0,13281.0,402.4974670410156,-293.8817138671875,0.8981181979179382,0.8169638514518738,0.9331244826316833,0.24480532109737396,0.24480532109737396,0.000637626857496798,0.840815007686615,1.0454297065734863,0.03388436511158943
G25,401,5018.71484375,0.5985985994338989,-12842.8583984375,-12842.8583984375,12549.6982421875,12585.80859375,13241.8359375,13281.0,13281.0,399.7369689941406,-293.08026123046875,0.8990534543991089,0.8181763291358948,0.9338449835777283,0.2445445954799652,0.2445445954799652,0.0006368704489432275,0.8418924808502197,1.0374621152877808,0.0338866263628006
G25,402,5031.22509765625,0.597597599029541,-12847.5078125,-12847.5078125,12555.150390625,12591.244140625,13241.921875,13281.0,13281.0,397.01080322265625,-292.2785339355469,0.8999741673469543,0.8193157911300659,0.9345900416374207,0.24428220093250275,0.24428220093250275,0.0006382316933013499,0.8429542779922485,1.0295894145965576,0.03390154242515564
G25,403,5043.73583984375,0.5965965986251831,-12852.080078125,-12852.080078125,12560.525390625,12596.595703125,13241.96875,13281.0,13281.0,394.3184509277344,-291.4758605957031,0.9008805751800537,0.8203809261322021,0.9353203773498535,0.24401789903640747,0.24401789903640747,0.0006378875114023685,0.844001293182373,1.0218106508255005,0.03391224518418312
G25,404,5056.24609375,0.5955955982208252,-12856.576171875,-12856.576171875,12565.826171875,12601.8759765625,13242.109375,13281.0,13281.0,391.6592712402344,-290.6719665527344,0.9017729759216309,0.8214370012283325,0.9360364675521851,0.24375228583812714,0.24375228583812714,0.0006388362380675972,0.8450337052345276,1.0141243934631348,0.03392568230628967
G25,405,5068.7568359375,0.5945945978164673,-12860.9970703125,-12860.9970703125,12571.052734375,12607.078125,13242.25,13281.0,13281.0,389.0328369140625,-289.8675537109375,0.9026517271995544,0.8224840760231018,0.9367384314537048,0.2434852123260498,0.2434852123260498,0.000639194215182215,0.8460532426834106,1.0065293312072754,0.03393375501036644
G25,406,5081.26708984375,0.5935935974121094,-12865.34765625,-12865.34765625,12576.208984375,12612.208984375,13242.3515625,13281.0,13281.0,386.4384765625,-289.0625,0.9035171270370483,0.82352215051651,0.9374268054962158,0.2432163953781128,0.2432163953781128,0.0006399183766916394,0.8470600843429565,0.9990243315696716,0.03393489867448807
G25,407,5093.77783203125,0.5925925970077515,-12869.6259765625,-12869.6259765625,12581.2939453125,12617.2646484375,13242.3984375,13281.0,13281.0,383.875732421875,-288.2564392089844,0.9043692946434021,0.8245513439178467,0.9381020665168762,0.24294650554656982,0.24294650554656982,0.0006402626167982817,0.8480517864227295,0.9916080236434937,0.0339273102581501
G25,408,5106.2880859375,0.5915915966033936,-12873.8349609375,-12873.8349609375,12586.310546875,12622.2568359375,13242.484375,13281.0,13281.0,381.34405517578125,-287.4501953125,0.9052085876464844,0.8255718350410461,0.9387643933296204,0.24267467856407166,0.24267467856407166,0.000641335325781256,0.8490294814109802,0.9842791557312012,0.03390879929065704
G25,409,5118.798828125,0.5905905961990356,-12877.9755859375,-12877.9755859375,12591.2587890625,12627.171875,13242.5546875,13281.0,13281.0,378.8428955078125,-286.6427307128906,0.906035304069519,0.8265836238861084,0.9394142031669617,0.24240237474441528,0.24240237474441528,0.0006412717048078775,0.849993109703064,0.9770366549491882,0.03387552127242088
G25,410,5131.30908203125,0.5895895957946777,-12882.048828125,-12882.048828125,12596.140625,12632.029296875,13242.6171875,13281.0,13281.0,376.3718566894531,-285.8358154296875,0.9068496227264404,0.827586829662323,0.9400517344474792,0.24212773144245148,0.24212773144245148,0.0006424615276046097,0.8509453535079956,0.9698789715766907,0.03382603079080582
G25,411,5143.81982421875,0.5885885953903198,-12886.056640625,-12886.056640625,12600.95703125,12636.8125,13242.7421875,13281.0,13281.0,373.9302978515625,-285.0272216796875,0.9076520204544067,0.8285815119743347,0.9406774640083313,0.2418525516986847,0.2418525516986847,0.0006425699102692306,0.8518840670585632,0.9628052711486816,0.03375876322388649
G25,412,5156.330078125,0.5875875949859619,-12890.0,-12890.0,12605.708984375,12641.541015625,13242.8515625,13281.0,13281.0,371.51788330078125,-284.2190856933594,0.908442497253418,0.8295677304267883,0.9412915706634521,0.24157585203647614,0.24157585203647614,0.0006434647366404533,0.8528109788894653,0.9558140635490417,0.033669907599687576
G25,413,5168.8408203125,0.586586594581604,-12893.880859375,-12893.880859375,12610.3994140625,12646.201171875,13242.921875,13281.0,13281.0,369.134033203125,-283.4103088378906,0.9092212915420532,0.8305455446243286,0.9418944716453552,0.2412976324558258,0.2412976324558258,0.0006437128176912665,0.8537257313728333,0.9489043354988098,0.03355839103460312
G25,414,5181.3515625,0.5855855941772461,-12897.69921875,-12897.69921875,12615.0283203125,12650.80078125,13243.0390625,13281.0,13281.0,366.7783508300781,-282.600830078125,0.9099887013435364,0.8315151333808899,0.9424863457679749,0.24101878702640533,0.24101878702640533,0.0006447951891459525,0.8546290397644043,0.9420750141143799,0.03342503309249878
G25,415,5193.86181640625,0.5845845937728882,-12901.4580078125,-12901.4580078125,12619.595703125,12655.34765625,13243.1015625,13281.0,13281.0,364.4503173828125,-281.79168701171875,0.9107450246810913,0.8324764370918274,0.9430674910545349,0.240738183259964,0.240738183259964,0.0006446907646022737,0.8555210828781128,0.9353246688842773,0.03326042369008064
G25,416,5206.37255859375,0.5835835933685303,-12905.15625,-12905.15625,12624.10546875,12659.828125,13243.1796875,13281.0,13281.0,362.1495361328125,-280.981689453125,0.9114903807640076,0.833407461643219,0.943638265132904,0.240457221865654,0.240457221865654,0.0006462280871346593,0.8564019203186035,0.9286524653434753,0.03306899592280388
G25,417,5218.8828125,0.5825825929641724,-12908.796875,-12908.796875,12628.5546875,12664.2578125,13243.265625,13281.0,13281.0,359.8755187988281,-280.17236328125,0.9122251272201538,0.8342527151107788,0.9441988468170166,0.2401745319366455,0.2401745319366455,0.0006458128918893635,0.8572729229927063,0.9220569729804993,0.03283952176570892
G25,418,5231.3935546875,0.5815815925598145,-12912.37890625,-12912.37890625,12632.94921875,12668.6337890625,13243.328125,13281.0,13281.0,357.62786865234375,-279.3621520996094,0.9129493236541748,0.8350913524627686,0.9447494745254517,0.23989161849021912,0.23989161849021912,0.0006477067363448441,0.8581328392028809,0.915537416934967,0.03257870301604271
G25,419,5243.90380859375,0.5805805921554565,-12915.90625,-12915.90625,12637.2861328125,12672.951171875,13243.34375,13281.0,13281.0,355.4061584472656,-278.5528259277344,0.9136631488800049,0.8359236717224121,0.9452905058860779,0.23960697650909424,0.23960697650909424,0.0006471055676229298,0.8589822053909302,0.9090923070907593,0.03227129578590393
G25,420,5256.41455078125,0.5795795917510986,-12919.37890625,-12919.37890625,12641.568359375,12677.22265625,13243.4375,13281.0,13281.0,353.2099304199219,-277.74261474609375,0.9143669009208679,0.836749792098999,0.94582200050354,0.23932203650474548,0.23932203650474548,0.0006493262480944395,0.8598208427429199,0.9027210474014282,0.03193463385105133
G25,421,5268.9248046875,0.5785785913467407,-12922.794921875,-12922.794921875,12645.7958984375,12681.439453125,13243.4609375,13281.0,13281.0,351.038818359375,-276.9331970214844,0.915060818195343,0.8375695943832397,0.9463444352149963,0.2390354424715042,0.2390354424715042,0.0006485502817668021,0.8606494665145874,0.8964221477508545,0.031552478671073914
G25,422,5281.435546875,0.5775775909423828,-12926.1611328125,-12926.1611328125,12649.9716796875,12685.6103515625,13243.515625,13281.0,13281.0,348.8924560546875,-276.123046875,0.9157450199127197,0.8383832573890686,0.9468578100204468,0.2387484610080719,0.2387484610080719,0.0006509946542792022,0.8614675998687744,0.8901949524879456,0.031139452010393143
G25,423,5293.94580078125,0.5765765905380249,-12929.47265625,-12929.47265625,12654.09375,12689.7314453125,13243.578125,13281.0,13281.0,346.77032470703125,-275.31353759765625,0.9164197444915771,0.8391908407211304,0.9473624229431152,0.2384602576494217,0.2384602576494217,0.0006503294571302831,0.8622756004333496,0.8840380311012268,0.03069373406469822
G25,424,5306.45654296875,0.575575590133667,-12932.7353515625,-12932.7353515625,12658.166015625,12693.8046875,13243.625,13281.0,13281.0,344.67218017578125,-274.5037841796875,0.9170849919319153,0.8399924635887146,0.947858452796936,0.23817084729671478,0.23817084729671478,0.000652607181109488,0.8630746603012085,0.8779507875442505,0.030221959576010704
G25,425,5318.966796875,0.5745745897293091,-12935.9462890625,-12935.9462890625,12662.1884765625,12697.8359375,13243.671875,13281.0,13281.0,342.5975646972656,-273.69384765625,0.9177411794662476,0.8407881259918213,0.9483461380004883,0.23788093030452728,0.23788093030452728,0.0006522200419567525,0.8638638257980347,0.8719319701194763,0.029731977730989456
G25,426,5331.4775390625,0.5735735893249512,-12939.109375,-12939.109375,12666.16015625,12701.8134765625,13243.7421875,13281.0,13281.0,340.546142578125,-272.8843994140625,0.9183883666992188,0.8415780663490295,0.9488257169723511,0.23758989572525024,0.23758989572525024,0.0006542972405441105,0.8646430969238281,0.8659806847572327,0.02923070639371872
G25,427,5343.98779296875,0.5725725889205933,-12942.22265625,-12942.22265625,12670.0849609375,12705.7587890625,13243.796875,13281.0,13281.0,338.517578125,-272.07489013671875,0.9190267324447632,0.8423621654510498,0.949297308921814,0.23729777336120605,0.23729777336120605,0.0006540856556966901,0.8654129505157471,0.8600957989692688,0.02872769720852375
G25,428,5356.49853515625,0.5715715885162354,-12945.2890625,-12945.2890625,12673.9609375,12709.6474609375,13243.8671875,13281.0,13281.0,336.51141357421875,-271.26531982421875,0.9196563959121704,0.8431406021118164,0.9497610926628113,0.23700521886348724,0.23700521886348724,0.0006560257752425969,0.8661734461784363,0.8542765974998474,0.02823231741786003
G25,429,5369.0087890625,0.5705705881118774,-12948.3095703125,-12948.3095703125,12677.791015625,12713.5,13243.8828125,13281.0,13281.0,334.5273742675781,-270.4563903808594,0.9202776551246643,0.8439133167266846,0.9502173662185669,0.23671148717403412,0.23671148717403412,0.0006559321191161871,0.8669241070747375,0.848521888256073,0.027755148708820343
G25,430,5381.51953125,0.5695695877075195,-12951.283203125,-12951.283203125,12681.5751953125,12717.306640625,13243.8984375,13281.0,13281.0,332.5650939941406,-269.6473388671875,0.9208905696868896,0.8446803689002991,0.9506661891937256,0.23641733825206757,0.23641733825206757,0.0006578282918781042,0.8676650524139404,0.8428308963775635,0.0273045152425766
G25,431,5394.02978515625,0.5685685873031616,-12954.21484375,-12954.21484375,12685.3134765625,12721.06640625,13243.9453125,13281.0,13281.0,330.624267578125,-268.83892822265625,0.921495258808136,0.8454420566558838,0.9511076807975769,0.23612213134765625,0.23612213134765625,0.0006579851033166051,0.8683976531028748,0.8372026085853577,0.026888219639658928
G25,432,5406.54052734375,0.5675675868988037,-12957.099609375,-12957.099609375,12689.0087890625,12724.787109375,13243.953125,13281.0,13281.0,328.70452880859375,-268.030517578125,0.9220919609069824,0.8461982011795044,0.9515422582626343,0.2358265221118927,0.2358265221118927,0.0006595893064513803,0.8691218495368958,0.8316361308097839,0.02651374600827694
G25,433,5419.05078125,0.5665665864944458,-12959.943359375,-12959.943359375,12692.66015625,12728.4599609375,13243.9765625,13281.0,13281.0,326.80560302734375,-267.22283935546875,0.9226808547973633,0.8469489216804504,0.9519698619842529,0.23553019762039185,0.23553019762039185,0.0006601311615668237,0.8698363304138184,0.8261306285858154,0.02618444710969925
G25,434,5431.5615234375,0.5655655860900879,-12962.7431640625,-12962.7431640625,12696.267578125,12732.0947265625,13243.9921875,13281.0,13281.0,324.9270935058594,-266.41552734375,0.9232618808746338,0.8476942181587219,0.952390730381012,0.2352331280708313,0.2352331280708313,0.0006617436883971095,0.8705422282218933,0.820685088634491,0.025903943926095963
G25,435,5444.072265625,0.56456458568573,-12965.501953125,-12965.501953125,12699.833984375,12735.6904296875,13244.03125,13281.0,13281.0,323.0687255859375,-265.60858154296875,0.9238354563713074,0.8484342098236084,0.9528049230575562,0.23493555188179016,0.23493555188179016,0.0006621729698963463,0.8712396621704102,0.815298855304718,0.025677824392914772
G25,436,5456.58251953125,0.5635635852813721,-12968.220703125,-12968.220703125,12703.359375,12739.2451171875,13244.09375,13281.0,13281.0,321.230224609375,-264.80224609375,0.9244014024734497,0.8491689562797546,0.9532127976417542,0.2346375286579132,0.2346375286579132,0.000664146093185991,0.871928870677948,0.8099709749221802,0.02550460211932659
G25,437,5469.09326171875,0.5625625848770142,-12970.8984375,-12970.8984375,12706.8427734375,12742.76953125,13244.1484375,13281.0,13281.0,319.4112548828125,-263.99658203125,0.9249602556228638,0.8498984575271606,0.9536142349243164,0.23433855175971985,0.23433855175971985,0.0006643834640271962,0.8726100921630859,0.8047005534172058,0.02538054808974266
G25,438,5481.603515625,0.5615615844726562,-12973.537109375,-12973.537109375,12710.287109375,12746.25,13244.15625,13283.0,13283.0,317.61151123046875,-263.1910400390625,0.9255117774009705,0.8506227731704712,0.9540096521377563,0.2340395152568817,0.2340395152568817,0.000666454725433141,0.8732840418815613,0.7994869947433472,0.025311516597867012
G25,439,5494.1142578125,0.5605605840682983,-12976.1376953125,-12976.1376953125,12713.693359375,12749.7021484375,13244.1953125,13283.0,13283.0,315.83074951171875,-262.3866271972656,0.9260562062263489,0.851341962814331,0.9543989896774292,0.23373962938785553,0.23373962938785553,0.0006668025744147599,0.873951256275177,0.7943292260169983,0.025280773639678955
G25,440,5506.62451171875,0.5595595836639404,-12978.69921875,-12978.69921875,12717.060546875,12753.11328125,13244.28125,13283.0,13283.0,314.0686340332031,-261.58251953125,0.9265937805175781,0.852056086063385,0.9547824859619141,0.23343925178050995,0.23343925178050995,0.0006686312262900174,0.8746116757392883,0.7892267107963562,0.025290008634328842
G25,441,5519.13525390625,0.5585585832595825,-12981.2255859375,-12981.2255859375,12720.3896484375,12756.4892578125,13244.3203125,13284.0,13284.0,312.3249206542969,-260.77899169921875,0.927124559879303,0.8527651429176331,0.9551601409912109,0.23313851654529572,0.23313851654529572,0.0006689984584227204,0.8752663135528564,0.7841784954071045,0.025331247597932816
G25,442,5531.6455078125,0.5575575828552246,-12983.71484375,-12983.71484375,12723.681640625,12759.830078125,13244.375,13284.0,13284.0,310.5993347167969,-259.9762878417969,0.927648663520813,0.8534691333770752,0.9555322527885437,0.2328369915485382,0.2328369915485382,0.000670694571454078,0.8759145140647888,0.7791839838027954,0.025391150265932083
G25,443,5544.15625,0.5565565824508667,-12986.1669921875,-12986.1669921875,12726.9384765625,12763.130859375,13244.3828125,13284.0,13284.0,308.8916015625,-259.17388916015625,0.9281660914421082,0.854168176651001,0.9558988809585571,0.2325349599123001,0.2325349599123001,0.0006708884611725807,0.8765556812286377,0.7742423415184021,0.025470556691288948
G25,444,5556.66650390625,0.5555555820465088,-12988.5859375,-12988.5859375,12730.1572265625,12766.3974609375,13244.421875,13284.0,13284.0,307.2014465332031,-258.3721618652344,0.9286771416664124,0.8548622727394104,0.956260085105896,0.2322324812412262,0.2322324812412262,0.0006725126877427101,0.8771892189979553,0.769352912902832,0.02555849403142929
G25,445,5569.17724609375,0.5545545816421509,-12990.9677734375,-12990.9677734375,12733.3427734375,12769.6279296875,13244.4453125,13284.0,13284.0,305.52862548828125,-257.5711669921875,0.9291819334030151,0.8555514812469482,0.9566160440444946,0.231929212808609,0.231929212808609,0.0006725650746375322,0.8778159618377686,0.7645149230957031,0.025651730597019196
G25,446,5581.6875,0.553553581237793,-12993.318359375,-12993.318359375,12736.494140625,12772.8232421875,13244.46875,13284.0,13284.0,303.87286376953125,-256.77044677734375,0.929680347442627,0.8562358617782593,0.9569668769836426,0.23162543773651123,0.23162543773651123,0.0006741646793670952,0.8784363269805908,0.7597276568412781,0.025742055848240852
G25,447,5594.1982421875,0.5525525808334351,-12995.6337890625,-12995.6337890625,12739.609375,12775.990234375,13244.5234375,13284.0,13284.0,302.23394775390625,-255.97047424316406,0.9301726222038269,0.8569154143333435,0.9573126435279846,0.23132124543190002,0.23132124543190002,0.0006741021061316133,0.8790497779846191,0.7549905180931091,0.02583250403404236
G25,448,5606.70849609375,0.5515515804290771,-12997.91796875,-12997.91796875,12742.693359375,12779.119140625,13244.5390625,13284.0,13284.0,300.6116027832031,-255.17117309570312,0.9306589961051941,0.8575901389122009,0.9576534032821655,0.23101593554019928,0.23101593554019928,0.000675663526635617,0.8796579241752625,0.7503026723861694,0.025907738134264946
G25,449,5619.21923828125,0.5505505800247192,-13000.16796875,-13000.16796875,12745.7431640625,12782.2197265625,13244.578125,13284.0,13284.0,299.00555419921875,-254.37191772460938,0.9311394691467285,0.8582602143287659,0.9579894542694092,0.23071067035198212,0.23071067035198212,0.0006754396017640829,0.8802593350410461,0.745663583278656,0.025971459224820137
G25,450,5631.7294921875,0.5495495796203613,-13002.3876953125,-13002.3876953125,12748.76171875,12785.287109375,13244.59375,13284.0,13284.0,297.4156494140625,-253.57391357421875,0.9316139817237854,0.8589255809783936,0.9583206176757812,0.23040400445461273,0.23040400445461273,0.0006770521285943687,0.8808547854423523,0.7410724759101868,0.02601543441414833
G25,451,5644.240234375,0.5485485792160034,-13004.576171875,-13004.576171875,12751.748046875,12788.318359375,13244.6015625,13284.0,13284.0,295.84161376953125,-252.77557373046875,0.9320828914642334,0.8595861792564392,0.9586472511291504,0.23009732365608215,0.23009732365608215,0.000676589144859463,0.8814427852630615,0.7365288138389587,0.026033956557512283
G25,452,5656.75048828125,0.5475475788116455,-13006.734375,-13006.734375,12754.703125,12791.3203125,13244.6171875,13284.0,13284.0,294.283203125,-251.97845458984375,0.9325461387634277,0.8602423071861267,0.9589692950248718,0.2297896295785904,0.2297896295785904,0.0006784492870792747,0.8820241093635559,0.7320318222045898,0.026026077568531036
G25,453,5669.26123046875,0.5465465784072876,-13008.8623046875,-13008.8623046875,12757.62890625,12794.287109375,13244.640625,13284.0,13284.0,292.74017333984375,-251.1814422607422,0.933003842830658,0.860893726348877,0.9592868685722351,0.22948122024536133,0.22948122024536133,0.0006776571972295642,0.8825992941856384,0.7275809049606323,0.025986116379499435
G25,454,5681.77197265625,0.5455455780029297,-13010.9599609375,-13010.9599609375,12760.5234375,12797.2216796875,13244.6875,13284.0,13284.0,291.21240234375,-250.3849334716797,0.9334561824798584,0.8615406155586243,0.9596002101898193,0.22917231917381287,0.22917231917381287,0.0006800484843552113,0.8831689953804016,0.7231754064559937,0.025914659723639488
G25,455,5694.2822265625,0.5445445775985718,-13013.0283203125,-13013.0283203125,12763.388671875,12800.12890625,13244.7265625,13284.0,13284.0,289.6995849609375,-249.58908081054688,0.933903157711029,0.8621830344200134,0.959909200668335,0.2288626879453659,0.2288626879453659,0.0006790522602386773,0.883733332157135,0.7188147902488708,0.025806164368987083
G25,456,5706.79296875,0.5435435771942139,-13015.0693359375,-13015.0693359375,12766.224609375,12803.0009765625,13244.7265625,13284.0,13284.0,288.2015075683594,-248.79367065429688,0.9343448877334595,0.8628209829330444,0.9602138996124268,0.2285521924495697,0.2285521924495697,0.0006816785898990929,0.8842922449111938,0.7144982218742371,0.02566457726061344
G25,457,5719.30322265625,0.542542576789856,-13017.0810546875,-13017.0810546875,12769.0322265625,12805.84765625,13244.7578125,13284.0,13284.0,286.718017578125,-247.99856567382812,0.9347814321517944,0.8634544014930725,0.9605146050453186,0.22824156284332275,0.22824156284332275,0.0006811430212110281,0.8848453760147095,0.7102252840995789,0.025486769154667854
G25,458,5731.81396484375,0.541541576385498,-13019.06640625,-13019.06640625,12771.810546875,12808.66015625,13244.7578125,13284.0,13284.0,285.2488708496094,-247.20458984375,0.9352128505706787,0.8640835881233215,0.960811197757721,0.2279295176267624,0.2279295176267624,0.0006832766812294722,0.8853932619094849,0.7059953212738037,0.025273777544498444
G25,459,5744.32421875,0.5405405759811401,-13021.0224609375,-13021.0224609375,12774.5625,12811.4453125,13244.78125,13284.0,13284.0,283.79388427734375,-246.4102783203125,0.9356393814086914,0.8647083044052124,0.9611039161682129,0.22761788964271545,0.22761788964271545,0.0006836523534730077,0.8859354853630066,0.7018077373504639,0.025031980127096176
G25,460,5756.8349609375,0.5395395755767822,-13022.953125,-13022.953125,12777.28515625,12814.197265625,13244.8046875,13284.0,13284.0,282.35284423828125,-245.61770629882812,0.9360609650611877,0.8653286695480347,0.9613927006721497,0.22730445861816406,0.22730445861816406,0.0006848956691101193,0.8864724636077881,0.697661817073822,0.024760223925113678
G25,461,5769.34521484375,0.5385385751724243,-13024.857421875,-13024.857421875,12779.9833984375,12816.923828125,13244.8359375,13284.0,13284.0,280.925537109375,-244.82443237304688,0.9364776611328125,0.8659448027610779,0.9616777300834656,0.22699138522148132,0.22699138522148132,0.0006860871217213571,0.8870038986206055,0.6935572624206543,0.02446882240474224
G25,462,5781.85595703125,0.5375375747680664,-13026.734375,-13026.734375,12782.6533203125,12819.6162109375,13244.8828125,13284.0,13284.0,279.5118103027344,-244.03277587890625,0.9368895888328552,0.8665566444396973,0.9619589447975159,0.22667692601680756,0.22667692601680756,0.0006866813055239618,0.8875306844711304,0.6894931793212891,0.024151941761374474
G25,463,5794.3662109375,0.5365365743637085,-13028.5859375,-13028.5859375,12785.2978515625,12822.2880859375,13244.875,13284.0,13284.0,278.1114501953125,-243.24090576171875,0.9372969269752502,0.8671642541885376,0.9622365832328796,0.22636236250400543,0.22636236250400543,0.0006881754379719496,0.8880516290664673,0.685469388961792,0.023825090378522873
G25,464,5806.876953125,0.5355355739593506,-13030.4140625,-13030.4140625,12787.916015625,12824.923828125,13244.8984375,13284.0,13284.0,276.72430419921875,-242.45018005371094,0.9376996159553528,0.8677676916122437,0.9625105857849121,0.22604672610759735,0.22604672610759735,0.000688585510943085,0.8885684013366699,0.6814849376678467,0.02347879484295845
G25,465,5819.38720703125,0.5345345735549927,-13032.216796875,-13032.216796875,12790.509765625,12827.54296875,13244.96875,13284.0,13284.0,275.35015869140625,-241.65957641601562,0.9380977153778076,0.8683669567108154,0.9627810120582581,0.22573073208332062,0.22573073208332062,0.0006901328451931477,0.8890799880027771,0.6775397062301636,0.02312391810119152
G25,466,5831.89794921875,0.5335335731506348,-13033.994140625,-13033.994140625,12793.0771484375,12830.126953125,13245.015625,13284.0,13284.0,273.9888916015625,-240.86984252929688,0.9384915232658386,0.8689621686935425,0.9630480408668518,0.2254142016172409,0.2254142016172409,0.0006906592752784491,0.8895886540412903,0.673632800579071,0.02275756001472473
G25,467,5844.408203125,0.5325325727462769,-13035.748046875,-13035.748046875,12795.62109375,12832.6884765625,13245.015625,13284.0,13284.0,272.6402587890625,-240.08078002929688,0.9388808012008667,0.86955326795578,0.9633117318153381,0.2250966727733612,0.2250966727733612,0.0006918336730450392,0.8900927901268005,0.6697639226913452,0.022383825853466988
G25,468,5856.9189453125,0.531531572341919,-13037.478515625,-13037.478515625,12798.140625,12835.224609375,13245.0234375,13284.0,13284.0,271.3041076660156,-239.29196166992188,0.9392657279968262,0.8701402544975281,0.963572084903717,0.22477900981903076,0.22477900981903076,0.0006929750670678914,0.8905919790267944,0.6659325957298279,0.02200489677488804
G25,469,5869.42919921875,0.530530571937561,-13039.185546875,-13039.185546875,12800.6357421875,12837.73046875,13245.046875,13284.0,13284.0,269.98028564453125,-238.50425720214844,0.9396465420722961,0.8707232475280762,0.9638291597366333,0.22446028888225555,0.22446028888225555,0.0006936159334145486,0.8910864591598511,0.6621381640434265,0.021621674299240112
G25,470,5881.93994140625,0.5295295715332031,-13040.87109375,-13040.87109375,12803.1083984375,12840.2177734375,13245.0546875,13284.0,13284.0,268.66864013671875,-237.71670532226562,0.9400231242179871,0.8713023662567139,0.9640829563140869,0.22414134442806244,0.22414134442806244,0.00069503701524809,0.8915769457817078,0.6583802700042725,0.021239081397652626
G25,471,5894.4501953125,0.5285285711288452,-13042.533203125,-13042.533203125,12805.556640625,12842.673828125,13245.0546875,13284.0,13284.0,267.3689270019531,-236.93017578125,0.9403955340385437,0.8718774318695068,0.9643335938453674,0.22382135689258575,0.22382135689258575,0.0006957591976970434,0.8920629024505615,0.654658317565918,0.02085467241704464
G25,472,5906.9609375,0.5275275707244873,-13044.171875,-13044.171875,12807.984375,12845.111328125,13245.09375,13284.0,13284.0,266.0810852050781,-236.1438751220703,0.9407638907432556,0.8724485635757446,0.9645812511444092,0.22350095212459564,0.22350095212459564,0.0006967705558054149,0.8925444483757019,0.6509720087051392,0.02047281712293625
G25,473,5919.4716796875,0.5265265703201294,-13045.791015625,-13045.791015625,12810.38671875,12847.5205078125,13245.0859375,13284.0,13284.0,264.804931640625,-235.35838317871094,0.9411282539367676,0.8730158805847168,0.9648257493972778,0.2231801301240921,0.2231801301240921,0.0006981426267884672,0.8930217623710632,0.6473206877708435,0.02009592019021511
G25,474,5931.98193359375,0.5255255699157715,-13047.38671875,-13047.38671875,12812.76953125,12849.9111328125,13245.0859375,13284.0,13284.0,263.540283203125,-234.57373046875,0.9414887428283691,0.8735792636871338,0.9650673866271973,0.22285786271095276,0.22285786271095276,0.0006983259227126837,0.8934946060180664,0.6437040567398071,0.01972392201423645
G25,475,5944.49267578125,0.5245245695114136,-13048.9619140625,-13048.9619140625,12815.12890625,12852.271484375,13245.109375,13284.0,13284.0,262.2869873046875,-233.78884887695312,0.9418453574180603,0.8741389513015747,0.9653060436248779,0.22253617644309998,0.22253617644309998,0.0007004982908256352,0.8939638137817383,0.6401216387748718,0.01936463639140129
G25,476,5957.0029296875,0.5235235691070557,-13050.5166015625,-13050.5166015625,12817.466796875,12854.619140625,13245.125,13284.0,13284.0,261.044921875,-233.005859375,0.9421981573104858,0.8746947646141052,0.9655417203903198,0.22221261262893677,0.22221261262893677,0.0006999002071097493,0.8944298624992371,0.6365727186203003,0.0190146341919899
G25,477,5969.513671875,0.5225225687026978,-13052.05078125,-13052.05078125,12819.78515625,12856.935546875,13245.140625,13284.0,13284.0,259.81396484375,-232.22219848632812,0.9425471425056458,0.8752469420433044,0.9657747149467468,0.2218894213438034,0.2218894213438034,0.0007026050006970763,0.8948920369148254,0.6330572366714478,0.018682444468140602
G25,478,5982.02392578125,0.5215215682983398,-13053.564453125,-13053.564453125,12822.0810546875,12859.2353515625,13245.1796875,13284.0,13284.0,258.5939025878906,-231.44021606445312,0.9428925514221191,0.875795304775238,0.9660047888755798,0.22156529128551483,0.22156529128551483,0.0007014933507889509,0.8953512907028198,0.6295744776725769,0.018370235338807106
G25,479,5994.53466796875,0.5205205678939819,-13055.05859375,-13055.05859375,12824.357421875,12861.5146484375,13245.1875,13284.0,13284.0,257.38458251953125,-230.65855407714844,0.9432342648506165,0.8763399124145508,0.9662322402000427,0.22124066948890686,0.22124066948890686,0.0007043333607725799,0.8958074450492859,0.6261241436004639,0.018076680600643158
G25,480,6007.044921875,0.519519567489624,-13056.5341796875,-13056.5341796875,12826.61328125,12863.76953125,13245.1875,13284.0,13284.0,256.18597412109375,-229.87770080566406,0.9435722827911377,0.876880943775177,0.9664570093154907,0.22091564536094666,0.22091564536094666,0.0007031874265521765,0.8962592482566833,0.6227057576179504,0.01780812069773674
G25,481,6019.5556640625,0.5185185670852661,-13057.9892578125,-13057.9892578125,12828.8486328125,12866.005859375,13245.2265625,13284.0,13284.0,254.99786376953125,-229.09771728515625,0.9439069628715515,0.877360999584198,0.9666790962219238,0.22059045732021332,0.22059045732021332,0.0007057613111101091,0.8967075943946838,0.6193188428878784,0.01756340265274048
G25,482,6032.06591796875,0.5175175666809082,-13059.42578125,-13059.42578125,12831.064453125,12868.224609375,13245.2265625,13284.0,13284.0,253.82009887695312,-228.31887817382812,0.9442380666732788,0.8778325915336609,0.9668985605239868,0.2202644795179367,0.2202644795179367,0.0007049969863146544,0.8971522450447083,0.6159630417823792,0.01734124682843685
G25,483,6044.57666015625,0.5165165662765503,-13060.84375,-13060.84375,12833.26171875,12870.416015625,13245.21875,13284.0,13284.0,252.652587890625,-227.54049682617188,0.9445657134056091,0.8783006072044373,0.967115581035614,0.21993863582611084,0.21993863582611084,0.0007073152810335159,0.8975925445556641,0.612637996673584,0.017142467200756073
G25,484,6057.0869140625,0.5155155658721924,-13062.2421875,-13062.2421875,12835.4375,12872.595703125,13245.2578125,13284.0,13284.0,251.49517822265625,-226.76358032226562,0.944890022277832,0.8787651062011719,0.9673300981521606,0.2196122109889984,0.2196122109889984,0.0007069215644150972,0.8980294466018677,0.6093432307243347,0.016958797350525856
G25,485,6069.59765625,0.5145145654678345,-13063.625,-13063.625,12837.5966796875,12874.7509765625,13245.265625,13284.0,13284.0,250.34776306152344,-225.9873504638672,0.9452109932899475,0.8792260885238647,0.9675420522689819,0.2192855179309845,0.2192855179309845,0.0007092105224728584,0.8984624743461609,0.6060783267021179,0.016797905787825584
G25,486,6082.10791015625,0.5135135650634766,-13064.98828125,-13064.98828125,12839.7353515625,12876.8896484375,13245.296875,13284.0,13284.0,249.210205078125,-225.21217346191406,0.9455286264419556,0.8796835541725159,0.9677515625953674,0.21895860135555267,0.21895860135555267,0.000709062849637121,0.8988916277885437,0.6028430461883545,0.01664661057293415
G25,487,6094.61865234375,0.5125125050544739,-13066.3349609375,-13066.3349609375,12841.8564453125,12879.009765625,13245.3125,13284.0,13284.0,248.08236694335938,-224.4380340576172,0.9458430409431458,0.8801377415657043,0.9679588079452515,0.21863111853599548,0.21863111853599548,0.0007113764295354486,0.8993175625801086,0.5996369123458862,0.01650993339717388
G25,488,6107.12890625,0.511511504650116,-13067.6640625,-13067.6640625,12843.958984375,12881.1103515625,13245.3203125,13284.0,13284.0,246.96414184570312,-223.66465759277344,0.9461544156074524,0.8805884718894958,0.9681637287139893,0.21830375492572784,0.21830375492572784,0.00071149313589558,0.8997396230697632,0.5964595675468445,0.01638638973236084
G25,489,6119.6396484375,0.5105105042457581,-13068.9765625,-13068.9765625,12846.04296875,12883.1943359375,13245.3203125,13284.0,13284.0,245.85540771484375,-222.8927001953125,0.9464625120162964,0.8810358047485352,0.9683662056922913,0.21797551214694977,0.21797551214694977,0.0007137052016332746,0.9001578688621521,0.5933106541633606,0.01626429706811905
G25,490,6132.14990234375,0.5095095038414001,-13070.271484375,-13070.271484375,12848.111328125,12885.2578125,13245.3359375,13284.0,13284.0,244.7560577392578,-222.12118530273438,0.9467675685882568,0.881479799747467,0.9685665965080261,0.21764734387397766,0.21764734387397766,0.0007141787791624665,0.9005728960037231,0.5901898741722107,0.01615510880947113
G25,491,6144.66064453125,0.5085085034370422,-13071.55078125,-13071.55078125,12850.16015625,12887.306640625,13245.390625,13284.0,13284.0,243.66595458984375,-221.35104370117188,0.9470695853233337,0.8819206357002258,0.9687645435333252,0.2173188328742981,0.2173188328742981,0.0007161495741456747,0.9009851217269897,0.5870968103408813,0.016044581308960915
G25,492,6157.1708984375,0.5075075030326843,-13072.8134765625,-13072.8134765625,12852.1923828125,12889.3359375,13245.390625,13284.0,13284.0,242.58497619628906,-220.58187866210938,0.9473685622215271,0.8823581337928772,0.9689605236053467,0.21698948740959167,0.21698948740959167,0.0007169670425355434,0.9013947248458862,0.5840311050415039,0.01593387871980667
G25,493,6169.681640625,0.5065065026283264,-13074.060546875,-13074.060546875,12854.2080078125,12891.349609375,13245.40625,13284.0,13284.0,241.51303100585938,-219.8131561279297,0.9476646184921265,0.8827923536300659,0.9691541790962219,0.21666042506694794,0.21666042506694794,0.0007187376613728702,0.9018006920814514,0.5809925198554993,0.015822380781173706
G25,494,6182.1923828125,0.5055055022239685,-13075.2919921875,-13075.2919921875,12856.20703125,12893.34765625,13245.40625,13284.0,13284.0,240.45001220703125,-219.0460662841797,0.9479576945304871,0.8832234144210815,0.9693458080291748,0.21633057296276093,0.21633057296276093,0.0007197119412012398,0.9022030234336853,0.577980637550354,0.015704086050391197
G25,495,6194.70263671875,0.5045045018196106,-13076.5068359375,-13076.5068359375,12858.1884765625,12895.326171875,13245.40625,13284.0,13284.0,239.39578247070312,-218.27947998046875,0.9482478499412537,0.8836513161659241,0.9695353507995605,0.2160002738237381,0.2160002738237381,0.0007213649805635214,0.902601420879364,0.574995219707489,0.015580321662127972
G25,496,6207.21337890625,0.5035035014152527,-13077.70703125,-13077.70703125,12860.154296875,12897.291015625,13245.421875,13284.0,13284.0,238.35028076171875,-217.51376342773438,0.9485352039337158,0.8840760588645935,0.9697227478027344,0.21567001938819885,0.21567001938819885,0.0007224103901535273,0.9029964208602905,0.5720358490943909,0.01545561384409666
G25,497,6219.7236328125,0.5025025010108948,-13078.8916015625,-13078.8916015625,12862.1044921875,12899.2392578125,13245.4375,13284.0,13284.0,237.3133544921875,-216.74942016601562,0.9488198757171631,0.8844977617263794,0.9699081778526306,0.215338796377182,0.215338796377182,0.0007239063270390034,0.9033892154693604,0.5691021680831909,0.015324071049690247
G25,498,6232.234375,0.5015015006065369,-13080.0625,-13080.0625,12864.0390625,12901.169921875,13245.4609375,13284.0,13284.0,236.284912109375,-215.98545837402344,0.9491016268730164,0.884916365146637,0.970091700553894,0.21500743925571442,0.21500743925571442,0.0007250158814713359,0.9037797451019287,0.5661940574645996,0.01519573014229536
G25,499,6244.74462890625,0.500500500202179,-13081.2177734375,-13081.2177734375,12865.95703125,12903.0888671875,13245.46875,13284.0,13284.0,235.26487731933594,-215.22265625,0.9493806958198547,0.8853318691253662,0.9702731370925903,0.21467560529708862,0.21467560529708862,0.0007263584993779659,0.9041672348976135,0.5633110404014587,0.015068374574184418
G25,500,6257.25537109375,0.49949949979782104,-13082.3583984375,-13082.3583984375,12867.861328125,12904.9873046875,13245.4765625,13284.0,13284.0,234.25311279296875,-214.46070861816406,0.9496570825576782,0.8857443928718567,0.9704527258872986,0.2143431454896927,0.2143431454896927,0.0007274406380020082,0.9045516848564148,0.560452938079834,0.014941432513296604
G25,501,6269.765625,0.49849849939346313,-13083.4853515625,-13083.4853515625,12869.748046875,12906.876953125,13245.4921875,13284.0,13284.0,233.2495574951172,-213.699462890625,0.9499308466911316,0.8861539363861084,0.9706303477287292,0.2140102982521057,0.2140102982521057,0.0007285737083293498,0.9049330949783325,0.5576193332672119,0.014816014096140862
G25,502,6282.2763671875,0.4974974989891052,-13084.59765625,-13084.59765625,12871.62109375,12908.744140625,13245.5,13284.0,13284.0,232.25408935546875,-212.93914794921875,0.9502019882202148,0.8865603804588318,0.9708061814308167,0.21367686986923218,0.21367686986923218,0.0007295857067219913,0.9053124189376831,0.5548100471496582,0.014692122116684914
G25,503,6294.78662109375,0.4964964985847473,-13085.697265625,-13085.697265625,12873.48046875,12910.6044921875,13245.5,13284.0,13284.0,231.2666015625,-212.17962646484375,0.9504705667495728,0.8869640827178955,0.9709801077842712,0.21334294974803925,0.21334294974803925,0.0007303730235435069,0.9056885242462158,0.5520247220993042,0.01456443965435028
G25,504,6307.29736328125,0.4954954981803894,-13086.78125,-13086.78125,12875.32421875,12912.44140625,13245.4921875,13284.0,13284.0,230.28701782226562,-211.42092895507812,0.9507365822792053,0.8873648643493652,0.9711522459983826,0.21300843358039856,0.21300843358039856,0.0007313409587368369,0.9060623645782471,0.5492631196975708,0.014436903409659863
G25,505,6319.8076171875,0.4944944977760315,-13087.853515625,-13087.853515625,12877.154296875,12914.2734375,13245.5,13284.0,13284.0,229.31524658203125,-210.66299438476562,0.9510000348091125,0.8877626657485962,0.9713225960731506,0.21267355978488922,0.21267355978488922,0.0007317591225728393,0.9064335227012634,0.5465249419212341,0.014306957833468914
G25,506,6332.318359375,0.4934934973716736,-13088.912109375,-13088.912109375,12878.970703125,12916.083984375,13245.546875,13284.0,13284.0,228.3511962890625,-209.90602111816406,0.9512611031532288,0.8881576061248779,0.9714912176132202,0.21233807504177094,0.21233807504177094,0.0007327036000788212,0.9068027138710022,0.5438098907470703,0.014171277172863483
G25,507,6344.82861328125,0.4924924969673157,-13089.95703125,-13089.95703125,12880.771484375,12917.884765625,13245.5546875,13284.0,13284.0,227.394775390625,-209.14981079101562,0.9515197277069092,0.8885498642921448,0.9716581106185913,0.21200217306613922,0.21200217306613922,0.0007328136707656085,0.90716952085495,0.5411176681518555,0.014028898440301418
G25,508,6357.33935546875,0.49149149656295776,-13090.9892578125,-13090.9892578125,12882.55859375,12919.6708984375,13245.5546875,13284.0,13284.0,226.4458770751953,-208.39453125,0.9517759084701538,0.8889392018318176,0.9718232154846191,0.21166591346263885,0.21166591346263885,0.0007339080329984426,0.9075331687927246,0.5384480357170105,0.01387869380414486
G25,509,6369.849609375,0.49049049615859985,-13092.0087890625,-13092.0087890625,12884.333984375,12921.44140625,13245.5546875,13284.0,13284.0,225.50442504882812,-207.64022827148438,0.9520297050476074,0.8893257975578308,0.971986711025238,0.21132908761501312,0.21132908761501312,0.0007337735150940716,0.9078941941261292,0.5358006954193115,0.013714420609176159
G25,510,6382.3603515625,0.48948949575424194,-13093.015625,-13093.015625,12886.09375,12923.2021484375,13245.546875,13284.0,13284.0,224.57034301757812,-206.88673400878906,0.9522811770439148,0.8897095918655396,0.9721484780311584,0.21099191904067993,0.21099191904067993,0.0007348832441493869,0.9082525968551636,0.5331754684448242,0.013542784377932549
G25,511,6394.87060546875,0.48848849534988403,-13094.01171875,-13094.01171875,12887.841796875,12924.9453125,13245.5625,13284.0,13284.0,223.64353942871094,-206.1342315673828,0.9525303244590759,0.8900816440582275,0.9723086953163147,0.21065445244312286,0.21065445244312286,0.0007349274819716811,0.9086084365844727,0.5305719375610352,0.01335938647389412
G25,512,6407.38134765625,0.4874874949455261,-13094.994140625,-13094.994140625,12889.576171875,12926.6806640625,13245.578125,13284.0,13284.0,222.72393798828125,-205.3828125,0.9527772665023804,0.8904509544372559,0.972467303276062,0.210316464304924,0.210316464304924,0.0007356773130595684,0.9089615941047668,0.52798992395401,0.013167710974812508
G25,513,6419.89208984375,0.4864864945411682,-13095.9638671875,-13095.9638671875,12891.296875,12928.3974609375,13245.59375,13284.0,13284.0,221.81143188476562,-204.63223266601562,0.9530218243598938,0.8908177614212036,0.9726242423057556,0.2099781036376953,0.2099781036376953,0.000736164627596736,0.9093129634857178,0.5254292488098145,0.012972036376595497
G25,514,6432.40234375,0.4854854941368103,-13096.921875,-13096.921875,12893.005859375,12930.107421875,13245.5859375,13284.0,13284.0,220.9059600830078,-203.88262939453125,0.9532641768455505,0.891182005405426,0.9727798104286194,0.20963971316814423,0.20963971316814423,0.0007365841884166002,0.909661591053009,0.5228896141052246,0.01277029700577259
G25,515,6444.9130859375,0.4844844937324524,-13097.869140625,-13097.869140625,12894.701171875,12931.798828125,13245.59375,13284.0,13284.0,220.00743103027344,-203.13436889648438,0.9535044431686401,0.8915438055992126,0.9729337096214294,0.20930024981498718,0.20930024981498718,0.000737412425223738,0.9100077748298645,0.5203706622123718,0.012573559768497944
G25,516,6457.42333984375,0.4834834933280945,-13098.8046875,-13098.8046875,12896.384765625,12933.4833984375,13245.609375,13284.0,13284.0,219.11578369140625,-202.3864288330078,0.953742504119873,0.8919031023979187,0.9730860590934753,0.20896147191524506,0.20896147191524506,0.0007377529982477427,0.9103513956069946,0.5178723335266113,0.012374969199299812
G25,517,6469.93408203125,0.4824824929237366,-13099.728515625,-13099.728515625,12898.0546875,12935.150390625,13245.625,13284.0,13284.0,218.23094177246094,-201.64048767089844,0.9539783000946045,0.8922466039657593,0.9732368588447571,0.20862117409706116,0.20862117409706116,0.0007386590586975217,0.9106934070587158,0.5153941512107849,0.012179316021502018
G25,518,6482.4443359375,0.48148149251937866,-13100.640625,-13100.640625,12899.712890625,12936.8095703125,13245.640625,13284.0,13284.0,217.352783203125,-200.89447021484375,0.9542120695114136,0.8925120234489441,0.973386287689209,0.20828144252300262,0.20828144252300262,0.0007392067927867174,0.9110333919525146,0.5129361748695374,0.011990048922598362
G25,519,6494.955078125,0.48048049211502075,-13101.54296875,-13101.54296875,12901.359375,12938.455078125,13245.65625,13284.0,13284.0,216.48129272460938,-200.1503448486328,0.9544438123703003,0.8927760124206543,0.9735605120658875,0.20794084668159485,0.20794084668159485,0.0007399044116027653,0.9113712310791016,0.5104979276657104,0.011799861676990986
G25,520,6507.46533203125,0.47947949171066284,-13102.43359375,-13102.43359375,12902.994140625,12940.0859375,13245.65625,13284.0,13284.0,215.61636352539062,-199.40673828125,0.9546735286712646,0.8930385708808899,0.9737374782562256,0.2075999528169632,0.2075999528169632,0.0007408811943605542,0.9117066264152527,0.5080793499946594,0.011613292619585991
G25,521,6519.97607421875,0.47847849130630493,-13103.3134765625,-13103.3134765625,12904.6171875,12941.712890625,13245.671875,13284.0,13284.0,214.7579345703125,-198.66421508789062,0.9549010396003723,0.8932998180389404,0.9739123582839966,0.20725883543491364,0.20725883543491364,0.0007411729311570525,0.9120395183563232,0.5056801438331604,0.01143515296280384
G25,522,6532.486328125,0.477477490901947,-13104.181640625,-13104.181640625,12906.2265625,12943.31640625,13245.671875,13284.0,13284.0,213.90591430664062,-197.9228515625,0.9551267027854919,0.8935596942901611,0.9740851521492004,0.20691712200641632,0.20691712200641632,0.000742651813197881,0.9123703241348267,0.5033000111579895,0.011250868439674377
G25,523,6544.9970703125,0.4764764904975891,-13105.041015625,-13105.041015625,12907.826171875,12944.921875,13245.6796875,13284.0,13284.0,213.0602569580078,-197.18228149414062,0.9553502798080444,0.893818199634552,0.9742558598518372,0.20657508075237274,0.20657508075237274,0.0007426150259561837,0.91269850730896,0.5009389519691467,0.011078654788434505
G25,524,6557.50732421875,0.4754754900932312,-13105.888671875,-13105.888671875,12909.4140625,12946.50390625,13245.6796875,13284.0,13284.0,212.22088623046875,-196.44276428222656,0.9555719494819641,0.894075334072113,0.9744244813919067,0.2062327116727829,0.2062327116727829,0.0007445331430062652,0.9130244851112366,0.49859654903411865,0.010904252529144287
G25,525,6570.01806640625,0.4744744896888733,-13106.7265625,-13106.7265625,12910.990234375,12948.1015625,13245.671875,13284.0,13284.0,211.38771057128906,-195.70431518554688,0.955791711807251,0.894331157207489,0.9745911359786987,0.2058899998664856,0.2058899998664856,0.00074417405994609,0.9133480787277222,0.4962727129459381,0.01073498371988535
G25,526,6582.5283203125,0.4734734892845154,-13107.5546875,-13107.5546875,12912.5556640625,12949.68359375,13245.6640625,13284.0,13284.0,210.56068420410156,-194.96688842773438,0.956009566783905,0.8945854902267456,0.9747558236122131,0.20554664731025696,0.20554664731025696,0.0007464458467438817,0.9136695265769958,0.4939671754837036,0.010567333549261093
G25,527,6595.0390625,0.47247248888015747,-13108.373046875,-13108.373046875,12914.1103515625,12951.255859375,13245.671875,13284.0,13284.0,209.73974609375,-194.23025512695312,0.9562255144119263,0.8948386907577515,0.9749184846878052,0.2052033543586731,0.2052033543586731,0.0007458293111994863,0.9139888882637024,0.4916797876358032,0.010408654808998108
G25,528,6607.54931640625,0.47147148847579956,-13109.1796875,-13109.1796875,12915.6533203125,12952.814453125,13245.671875,13284.0,13284.0,208.9248046875,-193.4950408935547,0.9564396142959595,0.8950904607772827,0.9750792980194092,0.20485948026180267,0.20485948026180267,0.0007483330555260181,0.9143058061599731,0.48941031098365784,0.01025270577520132
G25,529,6620.06005859375,0.47047048807144165,-13109.978515625,-13109.978515625,12917.185546875,12954.3583984375,13245.6796875,13284.0,13284.0,208.11581420898438,-192.76065063476562,0.9566519260406494,0.8953409790992737,0.9752382040023804,0.20451517403125763,0.20451517403125763,0.0007476824684999883,0.9146206378936768,0.48715853691101074,0.010112189687788486
G25,530,6632.5703125,0.46946948766708374,-13110.765625,-13110.765625,12918.7080078125,12955.8916015625,13245.6875,13284.0,13284.0,207.31271362304688,-192.02725219726562,0.956862211227417,0.8955901861190796,0.9753952622413635,0.20417088270187378,0.20417088270187378,0.0007502213702537119,0.9149331450462341,0.48492431640625,0.009985009208321571
G25,531,6645.0810546875,0.46846848726272583,-13111.5458984375,-13111.5458984375,12920.2197265625,12957.412109375,13245.6875,13284.0,13284.0,206.51541137695312,-191.29522705078125,0.9570708870887756,0.8958379626274109,0.9755505323410034,0.20382578670978546,0.20382578670978546,0.0007496264297515154,0.9152441620826721,0.4827074110507965,0.009877829812467098
G25,532,6657.591796875,0.4674674868583679,-13112.31640625,-13112.31640625,12921.720703125,12958.919921875,13245.6953125,13284.0,13284.0,205.723876953125,-190.56385803222656,0.9572778344154358,0.8960846066474915,0.9757040739059448,0.2034807950258255,0.2034807950258255,0.0007521495572291315,0.9155535101890564,0.48050767183303833,0.009795828722417355
G25,533,6670.10205078125,0.46646648645401,-13113.076171875,-13113.076171875,12923.2109375,12960.41796875,13245.6953125,13284.0,13284.0,204.9380340576172,-189.8339385986328,0.9574829339981079,0.8963298797607422,0.975855827331543,0.20313499867916107,0.20313499867916107,0.0007516596233472228,0.9158612489700317,0.47832486033439636,0.009745007380843163
G25,534,6682.61279296875,0.4654654860496521,-13113.8271484375,-13113.8271484375,12924.6923828125,12961.900390625,13245.703125,13284.0,13284.0,204.1578369140625,-189.10464477539062,0.9576863050460815,0.8965739607810974,0.9760057926177979,0.20278958976268768,0.20278958976268768,0.0007540528895333409,0.9161667823791504,0.47615888714790344,0.00972423329949379
G25,535,6695.123046875,0.4644644856452942,-13114.5703125,-13114.5703125,12926.162109375,12963.376953125,13245.703125,13284.0,13284.0,203.38319396972656,-188.37710571289062,0.9578880667686462,0.8968167901039124,0.9761541485786438,0.20244291424751282,0.20244291424751282,0.0007538162753917277,0.9164707064628601,0.4740094244480133,0.009738875553011894
G25,536,6707.6337890625,0.4634634852409363,-13115.3037109375,-13115.3037109375,12927.6240234375,12964.8388671875,13245.7109375,13284.0,13284.0,202.6140899658203,-187.64979553222656,0.9580879807472229,0.8970582485198975,0.976300835609436,0.20209690928459167,0.20209690928459167,0.0007557576172985137,0.9167730808258057,0.47187644243240356,0.009791338816285133
G25,537,6720.14404296875,0.46246248483657837,-13116.029296875,-13116.029296875,12929.07421875,12966.29296875,13245.71875,13284.0,13284.0,201.85043334960938,-186.92446899414062,0.9582864046096802,0.8972985148429871,0.9764458537101746,0.20174992084503174,0.20174992084503174,0.000756021763663739,0.9170735478401184,0.46975964307785034,0.009872357361018658
G25,538,6732.65478515625,0.46146148443222046,-13116.7451171875,-13116.7451171875,12930.515625,12967.736328125,13245.71875,13284.0,13284.0,201.0921630859375,-186.1996307373047,0.958483099937439,0.8975375890731812,0.9765892624855042,0.20140290260314941,0.20140290260314941,0.0007573088514618576,0.9173727035522461,0.46765896677970886,0.00997923593968153
G25,539,6745.1650390625,0.46046048402786255,-13117.453125,-13117.453125,12931.947265625,12969.169921875,13245.71875,13284.0,13284.0,200.3392333984375,-185.4761505126953,0.958678126335144,0.897775411605835,0.9767310619354248,0.20105570554733276,0.20105570554733276,0.0007580071105621755,0.9176698327064514,0.46557414531707764,0.010106219910085201
G25,540,6757.67578125,0.45945948362350464,-13118.15234375,-13118.15234375,12933.369140625,12970.591796875,13245.7265625,13284.0,13284.0,199.59161376953125,-184.75390625,0.958871603012085,0.8980119228363037,0.9768713116645813,0.20070780813694,0.20070780813694,0.0007588450680486858,0.9179652333259583,0.4635050892829895,0.010242710821330547
G25,541,6770.18603515625,0.45845848321914673,-13118.84375,-13118.84375,12934.7822265625,12972.0087890625,13245.75,13284.0,13284.0,198.84921264648438,-184.03237915039062,0.9590635299682617,0.8982473611831665,0.9770101308822632,0.2003602385520935,0.2003602385520935,0.0007597138173878193,0.918258786201477,0.46145159006118774,0.010380133055150509
G25,542,6782.69677734375,0.4574574828147888,-13119.52734375,-13119.52734375,12936.1845703125,12973.41015625,13245.765625,13284.0,13284.0,198.11199951171875,-183.3125762939453,0.9592538475990295,0.8984814882278442,0.9771474003791809,0.20001164078712463,0.20001164078712463,0.0007604003767482936,0.9185514450073242,0.45941343903541565,0.01051331590861082
G25,543,6795.20703125,0.4564564824104309,-13120.2021484375,-13120.2021484375,12937.5791015625,12974.810546875,13245.765625,13284.0,13284.0,197.37991333007812,-182.59320068359375,0.9594425559043884,0.8987144827842712,0.9772830605506897,0.19966326653957367,0.19966326653957367,0.0007611989276483655,0.9188417196273804,0.45739060640335083,0.01063002459704876
G25,544,6807.7177734375,0.455455482006073,-13120.869140625,-13120.869140625,12938.96484375,12976.1962890625,13245.78125,13284.0,13284.0,196.65289306640625,-181.8754425048828,0.9596298336982727,0.8989461660385132,0.9774173498153687,0.1993144005537033,0.1993144005537033,0.0007620195974595845,0.919130265712738,0.455382764339447,0.010729069821536541
G25,545,6820.22802734375,0.4544544816017151,-13121.5283203125,-13121.5283203125,12940.341796875,12977.578125,13245.78125,13284.0,13284.0,195.93087768554688,-181.15863037109375,0.959815502166748,0.8991767764091492,0.9775502681732178,0.19896487891674042,0.19896487891674042,0.0007625884609296918,0.919417142868042,0.45338988304138184,0.010798920877277851
G25,546,6832.73876953125,0.4534534811973572,-13122.1796875,-13122.1796875,12941.708984375,12978.94921875,13245.78125,13284.0,13284.0,195.21385192871094,-180.442626953125,0.959999680519104,0.8994061946868896,0.9776816368103027,0.19861558079719543,0.19861558079719543,0.0007636339287273586,0.9197022318840027,0.45141178369522095,0.010845683515071869
G25,547,6845.2490234375,0.45245248079299927,-13122.82421875,-13122.82421875,12943.068359375,12980.3125,13245.78125,13284.0,13284.0,194.50173950195312,-179.72821044921875,0.9601824283599854,0.8996344208717346,0.9778116345405579,0.19826532900333405,0.19826532900333405,0.0007640806143172085,0.9199858903884888,0.44944822788238525,0.01085981260985136
G25,548,6857.759765625,0.45145148038864136,-13123.4609375,-13123.4609375,12944.41796875,12981.669921875,13245.78125,13284.0,13284.0,193.79449462890625,-179.01434326171875,0.9603636264801025,0.8998615145683289,0.9779403209686279,0.19791533052921295,0.19791533052921295,0.0007653413922525942,0.9202679991722107,0.44749921560287476,0.010845854878425598
G25,549,6870.27001953125,0.45045047998428345,-13124.0888671875,-13124.0888671875,12945.759765625,12983.015625,13245.796875,13284.0,13284.0,193.092041015625,-178.30210876464844,0.9605435132980347,0.9000873565673828,0.9780676960945129,0.1975644826889038,0.1975644826889038,0.0007656605448573828,0.9205485582351685,0.4455644190311432,0.010807984508574009
G25,550,6882.78076171875,0.44944947957992554,-13124.7119140625,-13124.7119140625,12947.091796875,12984.35546875,13245.796875,13284.0,13284.0,192.39439392089844,-177.5904998779297,0.9607218503952026,0.9003121256828308,0.9781936407089233,0.19721373915672302,0.19721373915672302,0.0007670912891626358,0.9208278656005859,0.44364386796951294,0.010744384489953518
G25,551,6895.291015625,0.4484484791755676,-13125.3251953125,-13125.3251953125,12948.4169921875,12985.6875,13245.8046875,13284.0,13284.0,191.7014617919922,-176.88040161132812,0.9608988761901855,0.9005358219146729,0.9783183336257935,0.19686226546764374,0.19686226546764374,0.0007673465879634023,0.9211052656173706,0.44173726439476013,0.010667890310287476
G25,552,6907.8017578125,0.4474474787712097,-13125.931640625,-13125.931640625,12949.7333984375,12987.0087890625,13245.8046875,13284.0,13284.0,191.01319885253906,-176.17105102539062,0.9610744714736938,0.9007582068443298,0.9784417748451233,0.1965106874704361,0.1965106874704361,0.0007688951445743442,0.9213812947273254,0.43984454870224,0.010576554574072361
G25,553,6920.3125,0.4464464783668518,-13126.5322265625,-13126.5322265625,12951.0419921875,12988.32421875,13245.8125,13284.0,13284.0,190.32955932617188,-175.4630126953125,0.9612486362457275,0.9009795784950256,0.9785639047622681,0.1961587369441986,0.1961587369441986,0.0007691048085689545,0.9216556549072266,0.4379655420780182,0.010480009019374847
G25,554,6932.82275390625,0.4454454779624939,-13127.125,-13127.125,12952.341796875,12989.630859375,13245.8125,13284.0,13284.0,189.65049743652344,-174.7560272216797,0.9614214897155762,0.9011998772621155,0.9786847233772278,0.19580630958080292,0.19580630958080292,0.0007707677432335913,0.9219285249710083,0.43610015511512756,0.010374882258474827
G25,555,6945.33349609375,0.444444477558136,-13127.7109375,-13127.7109375,12953.6337890625,12990.9296875,13245.8125,13284.0,13284.0,188.97596740722656,-174.05007934570312,0.9615929126739502,0.901418924331665,0.978804349899292,0.19545365869998932,0.19545365869998932,0.000771005405113101,0.9221998453140259,0.4342482089996338,0.010269075632095337
G25,556,6957.84375,0.4434434771537781,-13128.291015625,-13128.291015625,12954.91796875,12992.220703125,13245.8203125,13284.0,13284.0,188.30593872070312,-173.34527587890625,0.9617630839347839,0.9016368985176086,0.9789228439331055,0.19510072469711304,0.19510072469711304,0.000772667583078146,0.9224693775177002,0.4324095547199249,0.010161601938307285
G25,557,6970.3544921875,0.44244247674942017,-13128.8623046875,-13128.8623046875,12956.193359375,12993.5029296875,13245.8359375,13284.0,13284.0,187.64035034179688,-172.64166259765625,0.9619319438934326,0.9018538594245911,0.9790400266647339,0.19474710524082184,0.19474710524082184,0.0007730836514383554,0.9227380752563477,0.4305841028690338,0.010052662342786789
G25,558,6982.86474609375,0.44144147634506226,-13129.427734375,-13129.427734375,12957.4619140625,12994.77734375,13245.84375,13284.0,13284.0,186.9791717529297,-171.9388885498047,0.9620994329452515,0.902069628238678,0.9791561365127563,0.19439369440078735,0.19439369440078735,0.0007746574701741338,0.9230055212974548,0.4287717044353485,0.009941508993506432
G25,559,6995.37548828125,0.44044047594070435,-13129.986328125,-13129.986328125,12958.72265625,12996.0439453125,13245.84375,13284.0,13284.0,186.32232666015625,-171.23768615722656,0.96226567029953,0.9022843241691589,0.9792710542678833,0.19403916597366333,0.19403916597366333,0.0007753074169158936,0.9232715368270874,0.4269721806049347,0.009828292764723301
G25,560,7007.8857421875,0.43943947553634644,-13130.5390625,-13130.5390625,12959.9755859375,12997.30078125,13245.8359375,13284.0,13284.0,185.66983032226562,-170.53692626953125,0.9624306559562683,0.9024980068206787,0.9793847799301147,0.1936851143836975,0.1936851143836975,0.0007767457282170653,0.9235364198684692,0.42518550157546997,0.009716103784739971
G25,561,7020.396484375,0.4384384751319885,-13131.0849609375,-13131.0849609375,12961.2216796875,12998.552734375,13245.8359375,13284.0,13284.0,185.02157592773438,-169.8380126953125,0.9625943303108215,0.9027106165885925,0.9794974327087402,0.19332991540431976,0.19332991540431976,0.0007775326375849545,0.9238001108169556,0.42341142892837524,0.00959866214543581
G25,562,7032.90673828125,0.4374374747276306,-13131.625,-13131.625,12962.458984375,12999.794921875,13245.8359375,13284.0,13284.0,184.37759399414062,-169.13951110839844,0.9627567529678345,0.9029220342636108,0.979608952999115,0.1929750144481659,0.1929750144481659,0.0007787985960021615,0.9240624308586121,0.42164990305900574,0.009484794922173023
G25,563,7045.41748046875,0.4364364743232727,-13132.158203125,-13132.158203125,12963.689453125,13001.0302734375,13245.8359375,13284.0,13284.0,183.73776245117188,-168.4426727294922,0.9629180431365967,0.9031324982643127,0.9797194600105286,0.19261932373046875,0.19261932373046875,0.000779809255618602,0.9243230223655701,0.4199007451534271,0.00937495008111
G25,564,7057.927734375,0.43543541431427,-13132.685546875,-13132.685546875,12964.9130859375,13002.2578125,13245.84375,13284.0,13284.0,183.1020965576172,-167.7465362548828,0.963077962398529,0.9033418893814087,0.9798287749290466,0.1922636777162552,0.1922636777162552,0.000780735514126718,0.924582302570343,0.41816386580467224,0.009268035180866718
G25,565,7070.4384765625,0.4344344139099121,-13133.20703125,-13133.20703125,12966.12890625,13003.4765625,13245.84375,13284.0,13284.0,182.47055053710938,-167.05191040039062,0.9632368087768555,0.9035502076148987,0.9799371361732483,0.19190727174282074,0.19190727174282074,0.000782039831392467,0.9248399138450623,0.41643911600112915,0.009175014682114124
G25,566,7082.94873046875,0.4334334135055542,-13133.7216796875,-13133.7216796875,12967.3388671875,13004.69140625,13245.8515625,13284.0,13284.0,181.8430633544922,-166.3580322265625,0.9633943438529968,0.9037574529647827,0.980044424533844,0.19155095517635345,0.19155095517635345,0.0007826418150216341,0.9250962138175964,0.4147264063358307,0.009093456901609898
G25,567,7095.45947265625,0.4324324131011963,-13134.23046875,-13134.23046875,12968.5400390625,13005.89453125,13245.859375,13284.0,13284.0,181.2196044921875,-165.66567993164062,0.9635507464408875,0.9039637446403503,0.980150580406189,0.19119402766227722,0.19119402766227722,0.0007841680198907852,0.9253508448600769,0.4130255877971649,0.009028230793774128
G25,568,7107.9697265625,0.4314314126968384,-13134.734375,-13134.734375,12969.734375,13007.0947265625,13245.859375,13284.0,13284.0,180.6001434326172,-164.97421264648438,0.9637059569358826,0.9041689038276672,0.9802558422088623,0.19083696603775024,0.19083696603775024,0.0007845164509490132,0.9256042838096619,0.4113365411758423,0.008980955928564072
G25,569,7120.48046875,0.43043041229248047,-13135.232421875,-13135.232421875,12970.9228515625,13008.28515625,13245.8671875,13284.0,13284.0,179.98464965820312,-164.28407287597656,0.9638600945472717,0.9043731093406677,0.9803600907325745,0.19047944247722626,0.19047944247722626,0.0007861854392103851,0.9258561134338379,0.40965911746025085,0.008951988071203232
G25,570,7132.99072265625,0.42942941188812256,-13135.72265625,-13135.72265625,12972.103515625,13009.46875,13245.8828125,13284.0,13284.0,179.37306213378906,-163.59494018554688,0.9640129804611206,0.904576301574707,0.9804633259773254,0.1901218295097351,0.1901218295097351,0.0007863350328989327,0.9261069297790527,0.40799328684806824,0.0089517030864954
G25,571,7145.50146484375,0.42842841148376465,-13136.2099609375,-13136.2099609375,12973.27734375,13010.646484375,13245.890625,13284.0,13284.0,178.76535034179688,-162.90719604492188,0.9641647934913635,0.9047784209251404,0.9805655479431152,0.189763605594635,0.189763605594635,0.0007881174678914249,0.9263567328453064,0.40633881092071533,0.008968519978225231
G25,572,7158.01220703125,0.42742741107940674,-13136.6904296875,-13136.6904296875,12974.443359375,13011.81640625,13245.890625,13284.0,13284.0,178.16146850585938,-162.2203369140625,0.9643154740333557,0.9049795866012573,0.9806668758392334,0.18940536677837372,0.18940536677837372,0.0007880108896642923,0.9266050457954407,0.40469568967819214,0.00900964718312025
G25,573,7170.5224609375,0.42642641067504883,-13137.1640625,-13137.1640625,12975.6044921875,13012.98046875,13245.90625,13284.0,13284.0,177.56143188476562,-161.53489685058594,0.9644650816917419,0.9051796793937683,0.9807672500610352,0.1890466958284378,0.1890466958284378,0.0007900399505160749,0.9268525242805481,0.40306374430656433,0.009071550332009792
G25,574,7183.033203125,0.4254254102706909,-13137.6328125,-13137.6328125,12976.7578125,13014.13671875,13245.90625,13284.0,13284.0,176.9651336669922,-160.8505401611328,0.9646135568618774,0.9053788781166077,0.9808666706085205,0.18868787586688995,0.18868787586688995,0.0007896996685303748,0.92709881067276,0.40144285559654236,0.009143302217125893
G25,575,7195.54345703125,0.424424409866333,-13138.09765625,-13138.09765625,12977.9052734375,13015.287109375,13245.90625,13284.0,13284.0,176.37258911132812,-160.16748046875,0.9647608995437622,0.9055770039558411,0.9809651970863342,0.18832863867282867,0.18832863867282867,0.0007917829207144678,0.9273435473442078,0.39983296394348145,0.009225514717400074
G25,576,7208.05419921875,0.4234234094619751,-13138.5556640625,-13138.5556640625,12979.044921875,13016.431640625,13245.921875,13284.0,13284.0,175.78375244140625,-159.48550415039062,0.9649072885513306,0.9057742357254028,0.9810627102851868,0.18796934187412262,0.18796934187412262,0.0007915190071798861,0.9275872111320496,0.39823392033576965,0.009309506043791771
G25,577,7220.564453125,0.4224224090576172,-13139.0087890625,-13139.0087890625,12980.1796875,13017.568359375,13245.921875,13284.0,13284.0,175.1985626220703,-158.80490112304688,0.9650525450706482,0.9059703946113586,0.9811594486236572,0.18760965764522552,0.18760965764522552,0.0007933906745165586,0.9278296232223511,0.3966456353664398,0.009386163204908371
G25,578,7233.0751953125,0.4214214086532593,-13139.45703125,-13139.45703125,12981.306640625,13018.6982421875,13245.9296875,13284.0,13284.0,174.61700439453125,-158.12545776367188,0.9651967883110046,0.906165599822998,0.981255292892456,0.187249556183815,0.187249556183815,0.0007934505119919777,0.9280714988708496,0.3950679898262024,0.009457011707127094
G25,579,7245.58544921875,0.42042040824890137,-13139.8994140625,-13139.8994140625,12982.427734375,13019.8232421875,13245.9453125,13284.0,13284.0,174.0390625,-157.44705200195312,0.9653398990631104,0.906359851360321,0.9813501834869385,0.18688936531543732,0.18688936531543732,0.0007949753780849278,0.9283124208450317,0.393500953912735,0.009516213089227676
G25,580,7258.09619140625,0.41941940784454346,-13140.3359375,-13140.3359375,12983.54296875,13020.9384765625,13245.9453125,13284.0,13284.0,173.4646759033203,-156.77005004882812,0.9654821157455444,0.9065531492233276,0.981444239616394,0.18652884662151337,0.18652884662151337,0.0007953479653224349,0.9285522699356079,0.39194434881210327,0.00955696776509285
G25,581,7270.6064453125,0.41841840744018555,-13140.7685546875,-13140.7685546875,12984.650390625,13022.052734375,13245.9453125,13284.0,13284.0,172.89382934570312,-156.09417724609375,0.9656231999397278,0.9067454934120178,0.9815374612808228,0.18616779148578644,0.18616779148578644,0.0007966594421304762,0.9287906885147095,0.3903980851173401,0.00957814697176218
G25,582,7283.1171875,0.41741740703582764,-13141.1953125,-13141.1953125,12985.75390625,13023.1533203125,13245.9453125,13284.0,13284.0,172.32647705078125,-155.4193572998047,0.9657633304595947,0.9069369435310364,0.9816299676895142,0.18580704927444458,0.18580704927444458,0.0007971267914399505,0.9290276169776917,0.38886213302612305,0.009580141864717007
G25,583,7295.62744140625,0.4164164066314697,-13141.6181640625,-13141.6181640625,12986.8486328125,13024.255859375,13245.9453125,13284.0,13284.0,171.76260375976562,-154.74618530273438,0.9659023880958557,0.907127320766449,0.9817215204238892,0.18544547259807587,0.18544547259807587,0.0007983608520589769,0.9292631149291992,0.38733628392219543,0.00955443736165762
G25,584,7308.13818359375,0.4154154062271118,-13142.0361328125,-13142.0361328125,12987.939453125,13025.34375,13245.9453125,13284.0,13284.0,171.20216369628906,-154.07379150390625,0.9660404920578003,0.9073168635368347,0.9818122982978821,0.18508407473564148,0.18508407473564148,0.0007988431607373059,0.9294973611831665,0.38582056760787964,0.009512756951153278
G25,585,7320.6484375,0.4144144058227539,-13142.44921875,-13142.44921875,12989.0224609375,13026.4345703125,13245.9453125,13284.0,13284.0,170.64512634277344,-153.4029998779297,0.9661777019500732,0.9075053930282593,0.9819021224975586,0.18472236394882202,0.18472236394882202,0.0008001190144568682,0.9297301173210144,0.38431477546691895,0.009450605139136314
G25,586,7333.1591796875,0.413413405418396,-13142.857421875,-13142.857421875,12990.1005859375,13027.5087890625,13245.953125,13284.0,13284.0,170.09146118164062,-152.7333984375,0.966313898563385,0.907693088054657,0.9819913506507874,0.18436025083065033,0.18436025083065033,0.0008004707633517683,0.9299620389938354,0.3828188478946686,0.009376097470521927
G25,587,7345.66943359375,0.4124124050140381,-13143.2607421875,-13143.2607421875,12991.171875,13028.587890625,13245.953125,13284.0,13284.0,169.54116821289062,-152.06491088867188,0.9664491415023804,0.9078797101974487,0.9820797443389893,0.1839982569217682,0.1839982569217682,0.0008018538355827332,0.9301926493644714,0.38133275508880615,0.009285809472203255
G25,588,7358.18017578125,0.4114114046096802,-13143.658203125,-13143.658203125,12992.23828125,13029.6513671875,13245.953125,13284.0,13284.0,168.99417114257812,-151.39794921875,0.9665834307670593,0.9080655574798584,0.9821673631668091,0.18363550305366516,0.18363550305366516,0.0008021895191632211,0.930422306060791,0.3798563480377197,0.009187980554997921
G25,589,7370.6904296875,0.41041040420532227,-13144.052734375,-13144.052734375,12993.298828125,13030.716796875,13245.953125,13284.0,13284.0,168.45046997070312,-150.73184204101562,0.9667167067527771,0.9082503914833069,0.9822542071342468,0.1832731068134308,0.1832731068134308,0.0008035133359953761,0.930650532245636,0.3783895671367645,0.00908246822655201
G25,590,7383.201171875,0.40940940380096436,-13144.44140625,-13144.44140625,12994.3515625,13031.7705078125,13245.9609375,13284.0,13284.0,167.91000366210938,-150.06744384765625,0.9668490886688232,0.9084343314170837,0.9823402166366577,0.18290983140468597,0.18290983140468597,0.0008041306282393634,0.9308775067329407,0.3769322633743286,0.008973659947514534
G25,591,7395.7119140625,0.40840840339660645,-13144.826171875,-13144.826171875,12995.400390625,13032.8203125,13245.9609375,13284.0,13284.0,167.37278747558594,-149.40380859375,0.9669806361198425,0.9086174368858337,0.9824255704879761,0.1825467348098755,0.1825467348098755,0.0008051095646806061,0.9311034083366394,0.375484436750412,0.008865367621183395
G25,592,7408.22216796875,0.40740740299224854,-13145.20703125,-13145.20703125,12996.4423828125,13033.8662109375,13245.9609375,13284.0,13284.0,166.83877563476562,-148.74179077148438,0.9671112298965454,0.9087995886802673,0.9825101494789124,0.1821831315755844,0.1821831315755844,0.0008062352426350117,0.9313279390335083,0.3740459382534027,0.008764385245740414
G25,593,7420.73291015625,0.4064064025878906,-13145.583984375,-13145.583984375,12997.48046875,13034.90234375,13245.96875,13284.0,13284.0,166.30792236328125,-148.08078002929688,0.9672408699989319,0.9089808464050293,0.9825940728187561,0.18181946873664856,0.18181946873664856,0.0008067890885286033,0.931551456451416,0.3726167380809784,0.008670671842992306
G25,594,7433.2431640625,0.4054054021835327,-13145.955078125,-13145.955078125,12998.51171875,13035.9375,13245.96875,13284.0,13284.0,165.78021240234375,-147.42117309570312,0.9673696756362915,0.9091612100601196,0.9826772809028625,0.18145526945590973,0.18145526945590973,0.000808260403573513,0.9317743182182312,0.3711966872215271,0.00859619490802288
G25,595,7445.75390625,0.4044044017791748,-13146.322265625,-13146.322265625,12999.537109375,13036.962890625,13245.96875,13284.0,13284.0,165.255615234375,-146.76260375976562,0.9674975872039795,0.9093407988548279,0.9827597141265869,0.18109118938446045,0.18109118938446045,0.0008086275192908943,0.9319959282875061,0.36978578567504883,0.008540589362382889
G25,596,7458.26416015625,0.4034034013748169,-13146.685546875,-13146.685546875,13000.55859375,13037.986328125,13245.984375,13284.0,13284.0,164.73410034179688,-146.10562133789062,0.9676246643066406,0.909519374370575,0.9828414916992188,0.1807265281677246,0.1807265281677246,0.000810141849797219,0.9322165846824646,0.36838385462760925,0.008514734916388988
G25,597,7470.77490234375,0.402402400970459,-13147.044921875,-13147.044921875,13001.5732421875,13039.001953125,13245.9921875,13284.0,13284.0,164.21566772460938,-145.44955444335938,0.9677507877349854,0.9096971750259399,0.9829225540161133,0.180361807346344,0.180361807346344,0.0008105856832116842,0.9324368834495544,0.366990864276886,0.008527505211532116
G25,598,7483.28515625,0.4014014005661011,-13147.400390625,-13147.400390625,13002.5830078125,13040.0126953125,13245.9921875,13284.0,13284.0,163.70025634765625,-144.79495239257812,0.967876136302948,0.9098740220069885,0.9830029606819153,0.17999683320522308,0.17999683320522308,0.0008118495461530983,0.9326561689376831,0.36560675501823425,0.008581843227148056
G25,599,7495.7958984375,0.40040040016174316,-13147.75,-13147.75,13003.587890625,13041.01953125,13245.9921875,13284.0,13284.0,163.18785095214844,-144.1416015625,0.9680005311965942,0.910050094127655,0.98308265209198,0.17963142693042755,0.17963142693042755,0.0008125402964651585,0.9328747987747192,0.3642313778400421,0.008681511506438255
G25,600,7508.30615234375,0.39939939975738525,-13148.09765625,-13148.09765625,13004.5859375,13042.0166015625,13245.9921875,13284.0,13284.0,162.67845153808594,-143.48934936523438,0.9681242108345032,0.9102252125740051,0.9831616878509521,0.17926599085330963,0.17926599085330963,0.000813333666883409,0.9330919981002808,0.36286473274230957,0.008832380175590515
G25,601,7520.81689453125,0.39839839935302734,-13148.4404296875,-13148.4404296875,13005.580078125,13043.015625,13245.9921875,13284.0,13284.0,162.1719970703125,-142.83856201171875,0.9682469367980957,0.9103995561599731,0.9832401871681213,0.17890015244483948,0.17890015244483948,0.0008143180166371167,0.9333083033561707,0.36150670051574707,0.009019862860441208
G25,602,7533.3271484375,0.39739739894866943,-13148.779296875,-13148.779296875,13006.568359375,13044.0009765625,13246.0,13284.0,13284.0,161.66845703125,-142.18890380859375,0.9683688879013062,0.9105729460716248,0.9833178520202637,0.17853416502475739,0.17853416502475739,0.0008146559703163803,0.9335234761238098,0.36015719175338745,0.009253480471670628
G25,603,7545.837890625,0.3963963985443115,-13149.115234375,-13149.115234375,13007.552734375,13044.98828125,13246.0,13284.0,13284.0,161.1678466796875,-141.54058837890625,0.9684900641441345,0.9107455611228943,0.983394980430603,0.17816777527332306,0.17816777527332306,0.0008158347918651998,0.9337378144264221,0.3588161766529083,0.009519089944660664
G25,604,7558.34814453125,0.3953953981399536,-13149.4462890625,-13149.4462890625,13008.53125,13045.96484375,13246.0078125,13284.0,13284.0,160.6700897216797,-140.8934326171875,0.968610405921936,0.910917341709137,0.9834715127944946,0.17780137062072754,0.17780137062072754,0.0008158881682902575,0.9339513182640076,0.35748353600502014,0.009807923808693886
G25,605,7570.85888671875,0.3943943977355957,-13149.7734375,-13149.7734375,13009.50390625,13046.94140625,13246.0078125,13284.0,13284.0,160.17520141601562,-140.24771118164062,0.9687299132347107,0.9110883474349976,0.9835473895072937,0.17743423581123352,0.17743423581123352,0.0008171325898729265,0.9341640472412109,0.3561592102050781,0.010119710117578506
G25,606,7583.369140625,0.3933933973312378,-13150.09765625,-13150.09765625,13010.47265625,13047.9091796875,13246.015625,13284.0,13284.0,159.68316650390625,-139.60292053222656,0.9688486456871033,0.9112584590911865,0.9836226105690002,0.17706726491451263,0.17706726491451263,0.0008169831708073616,0.9343758225440979,0.3548431396484375,0.010439964011311531
G25,607,7595.8798828125,0.3923923969268799,-13150.4169921875,-13150.4169921875,13011.4375,13048.873046875,13246.015625,13284.0,13284.0,159.19390869140625,-138.95968627929688,0.9689666032791138,0.9114276766777039,0.983697235584259,0.17669960856437683,0.17669960856437683,0.0008182464516721666,0.9345868825912476,0.3535352349281311,0.010759690776467323
G25,608,7608.39013671875,0.391391396522522,-13150.734375,-13150.734375,13012.3955078125,13049.8330078125,13246.0234375,13284.0,13284.0,158.7074432373047,-138.31739807128906,0.9690836668014526,0.9115961194038391,0.9837713241577148,0.1763317883014679,0.1763317883014679,0.000817973050288856,0.9347972869873047,0.35223543643951416,0.011075128801167011
G25,609,7620.90087890625,0.39039039611816406,-13151.046875,-13151.046875,13013.349609375,13050.78515625,13246.0234375,13284.0,13284.0,158.2237548828125,-137.6764678955078,0.9692001342773438,0.9117637872695923,0.9838446974754333,0.17596372961997986,0.17596372961997986,0.0008191806264221668,0.9350067377090454,0.3509436845779419,0.011378082446753979
G25,610,7633.4111328125,0.38938939571380615,-13151.35546875,-13151.35546875,13014.2978515625,13051.736328125,13246.0234375,13284.0,13284.0,157.7427978515625,-137.03680419921875,0.969315767288208,0.9119306206703186,0.9839175939559937,0.17559503018856049,0.17559503018856049,0.0008188806241378188,0.9352149963378906,0.34965986013412476,0.011662167496979237
G25,611,7645.921875,0.38838839530944824,-13151.662109375,-13151.662109375,13015.2431640625,13052.677734375,13246.046875,13284.0,13284.0,157.26454162597656,-136.39813232421875,0.9694306254386902,0.9120966196060181,0.9839898347854614,0.17522642016410828,0.17522642016410828,0.0008199705625884235,0.9354230165481567,0.34838396310806274,0.01192477811127901
G25,612,7658.4326171875,0.38738739490509033,-13151.9638671875,-13151.9638671875,13016.1826171875,13053.619140625,13246.046875,13284.0,13284.0,156.78900146484375,-135.76100158691406,0.9695447087287903,0.9122618436813354,0.9840615391731262,0.17485705018043518,0.17485705018043518,0.0008197292336262763,0.9356299042701721,0.3471158444881439,0.012162274681031704
G25,613,7670.94287109375,0.3863863945007324,-13152.2626953125,-13152.2626953125,13017.1171875,13054.552734375,13246.0546875,13284.0,13284.0,156.3161163330078,-135.124755859375,0.9696581363677979,0.912426233291626,0.9841326475143433,0.17448772490024567,0.17448772490024567,0.0008207578212022781,0.935836136341095,0.3458555340766907,0.012372158467769623
G25,614,7683.45361328125,0.3853853940963745,-13152.55859375,-13152.55859375,13018.046875,13055.482421875,13246.0546875,13284.0,13284.0,155.8458709716797,-134.4900360107422,0.9697707891464233,0.9125898480415344,0.9842032194137573,0.17411771416664124,0.17411771416664124,0.0008206872153095901,0.9360413551330566,0.3446028530597687,0.012551780790090561
G25,615,7695.9638671875,0.3843843936920166,-13152.849609375,-13152.849609375,13018.9736328125,13056.4072265625,13246.0546875,13284.0,13284.0,155.37826538085938,-133.8562469482422,0.9698827266693115,0.9127526879310608,0.9842731952667236,0.17374764382839203,0.17374764382839203,0.0008217181893996894,0.9362456202507019,0.3433578312397003,0.012707240879535675
G25,616,7708.474609375,0.3833833932876587,-13153.138671875,-13153.138671875,13019.89453125,13057.328125,13246.0546875,13284.0,13284.0,154.91323852539062,-133.22390747070312,0.9699938893318176,0.9129146933555603,0.9843426942825317,0.1733771115541458,0.1733771115541458,0.0008218474686145782,0.9364489316940308,0.34212031960487366,0.012825318612158298
G25,617,7720.98486328125,0.3823823928833008,-13153.423828125,-13153.423828125,13020.810546875,13058.2431640625,13246.0625,13284.0,13284.0,154.45082092285156,-132.59271240234375,0.9701043367385864,0.913075864315033,0.9844115376472473,0.17300626635551453,0.17300626635551453,0.0008228693623095751,0.9366515278816223,0.3408903181552887,0.012925275601446629
G25,618,7733.49560546875,0.38138139247894287,-13153.705078125,-13153.705078125,13021.72265625,13059.154296875,13246.0625,13284.0,13284.0,153.99095153808594,-131.96273803710938,0.9702141284942627,0.9132364392280579,0.9844799637794495,0.17263519763946533,0.17263519763946533,0.0008231382234953344,0.9368532299995422,0.3396677076816559,0.012991932220757008
G25,619,7746.005859375,0.38038039207458496,-13153.984375,-13153.984375,13022.630859375,13060.060546875,13246.0625,13284.0,13284.0,153.53363037109375,-131.33407592773438,0.9703231453895569,0.9133961200714111,0.9845479130744934,0.1722637116909027,0.1722637116909027,0.0008242021431215107,0.9370542168617249,0.33845242857933044,0.013037488795816898
G25,620,7758.5166015625,0.37937939167022705,-13154.259765625,-13154.259765625,13023.5341796875,13060.962890625,13246.0703125,13284.0,13284.0,153.0788116455078,-130.70660400390625,0.9704316258430481,0.9135549664497375,0.9846151471138,0.1718921661376953,0.1718921661376953,0.000824481772724539,0.9372543096542358,0.33724445104599,0.013062432408332825
G25,621,7771.02685546875,0.37837839126586914,-13154.5322265625,-13154.5322265625,13024.4326171875,13061.859375,13246.078125,13284.0,13284.0,152.62649536132812,-130.08055114746094,0.9705392718315125,0.9137130975723267,0.9846819639205933,0.17152008414268494,0.17152008414268494,0.0008256772998720407,0.9374538064002991,0.33604371547698975,0.013063479214906693
G25,622,7783.53759765625,0.37737739086151123,-13154.8017578125,-13154.8017578125,13025.326171875,13062.75390625,13246.078125,13284.0,13284.0,152.17666625976562,-129.45559692382812,0.9706462621688843,0.9138705730438232,0.9847483038902283,0.17114795744419098,0.17114795744419098,0.0008259163005277514,0.9376521706581116,0.33485013246536255,0.013049260713160038
G25,623,7796.0478515625,0.3763763904571533,-13155.0673828125,-13155.0673828125,13026.216796875,13063.640625,13246.0859375,13284.0,13284.0,151.72927856445312,-128.83209228515625,0.9707525968551636,0.9140270948410034,0.9848141074180603,0.17077545821666718,0.17077545821666718,0.0008273005951195955,0.9378494620323181,0.3336636424064636,0.013023409061133862
G25,624,7808.55859375,0.3753753900527954,-13155.330078125,-13155.330078125,13027.1015625,13064.525390625,13246.0859375,13284.0,13284.0,151.2843475341797,-128.20980834960938,0.9708582758903503,0.9141829609870911,0.9848794341087341,0.17040260136127472,0.17040260136127472,0.0008276002481579781,0.9380459189414978,0.3324841856956482,0.012980854138731956
G25,625,7821.06884765625,0.3743743896484375,-13155.591796875,-13155.591796875,13027.9833984375,13065.404296875,13246.0859375,13284.0,13284.0,150.84181213378906,-127.58873748779297,0.9709632396697998,0.9143381118774414,0.9849441647529602,0.17002975940704346,0.17002975940704346,0.0008291845442727208,0.9382412433624268,0.33131173253059387,0.012929565273225307
G25,626,7833.57958984375,0.3733733892440796,-13155.84765625,-13155.84765625,13028.859375,13066.28125,13246.0859375,13284.0,13284.0,150.40170288085938,-126.96917724609375,0.9710675477981567,0.9144925475120544,0.9850084781646729,0.16965621709823608,0.16965621709823608,0.000829588680062443,0.9384354948997498,0.3301461637020111,0.012865557335317135
G25,627,7846.08984375,0.3723723888397217,-13156.1015625,-13156.1015625,13029.732421875,13067.1513671875,13246.0859375,13284.0,13284.0,149.96395874023438,-126.35057067871094,0.9711712598800659,0.9146460890769958,0.9850723147392273,0.1692829579114914,0.1692829579114914,0.0008313601138070226,0.9386284351348877,0.3289875090122223,0.012789036147296429
G25,628,7858.6005859375,0.37137138843536377,-13156.3525390625,-13156.3525390625,13030.599609375,13068.0185546875,13246.0859375,13284.0,13284.0,149.528564453125,-125.73368835449219,0.9712743163108826,0.9147989749908447,0.9851357340812683,0.16890887916088104,0.16890887916088104,0.0008319159969687462,0.9388207197189331,0.3278356194496155,0.012698926031589508
G25,629,7871.11083984375,0.37037038803100586,-13156.599609375,-13156.599609375,13031.46484375,13068.880859375,13246.09375,13284.0,13284.0,149.09552001953125,-125.11769104003906,0.9713766574859619,0.9149511456489563,0.9851985573768616,0.1685350090265274,0.1685350090265274,0.000833839934784919,0.9390118718147278,0.32669052481651306,0.012592400424182415
G25,630,7883.62158203125,0.36936938762664795,-13156.845703125,-13156.845703125,13032.32421875,13069.7392578125,13246.09375,13284.0,13284.0,148.66477966308594,-124.50333404541016,0.9714784622192383,0.9151025414466858,0.9852610230445862,0.16816067695617676,0.16816067695617676,0.0008344873203895986,0.9392023086547852,0.3255520761013031,0.01246487908065319
G25,631,7896.13232421875,0.36836838722229004,-13157.087890625,-13157.087890625,13033.1796875,13070.5927734375,13246.09375,13284.0,13284.0,148.23635864257812,-123.89015197753906,0.9715794920921326,0.915253221988678,0.9853229522705078,0.16778604686260223,0.16778604686260223,0.0008367052651010454,0.9393917918205261,0.3244202733039856,0.01231655664741993
G25,632,7908.642578125,0.36736738681793213,-13157.328125,-13157.328125,13034.03125,13071.443359375,13246.109375,13284.0,13284.0,147.81021118164062,-123.27824401855469,0.9716801047325134,0.9154032468795776,0.9853844046592712,0.16741150617599487,0.16741150617599487,0.0008373386226594448,0.9395807385444641,0.32329508662223816,0.012137879617512226
G25,633,7921.1533203125,0.3663663864135742,-13157.564453125,-13157.564453125,13034.8779296875,13072.2880859375,13246.125,13284.0,13284.0,147.3863525390625,-122.66790008544922,0.9717799425125122,0.9155524969100952,0.985445499420166,0.16703639924526215,0.16703639924526215,0.0008398344507440925,0.9397696852684021,0.32217636704444885,0.011937321163713932
G25,634,7933.66357421875,0.3653653860092163,-13157.798828125,-13157.798828125,13035.720703125,13073.1318359375,13246.125,13284.0,13284.0,146.96473693847656,-122.05862426757812,0.9718791842460632,0.9157010316848755,0.9855060577392578,0.16666121780872345,0.16666121780872345,0.0008405254338867962,0.9399576187133789,0.32106417417526245,0.011704133823513985
G25,635,7946.17431640625,0.3643643856048584,-13158.0302734375,-13158.0302734375,13036.560546875,13073.966796875,13246.125,13284.0,13284.0,146.54534912109375,-121.45082092285156,0.9719778299331665,0.9158487915992737,0.9855661392211914,0.16628596186637878,0.16628596186637878,0.0008431583410128951,0.9401447176933289,0.319958359003067,0.011452076025307178
G25,636,7958.6845703125,0.3633633852005005,-13158.259765625,-13158.259765625,13037.396484375,13074.802734375,13246.1484375,13284.0,13284.0,146.128173828125,-120.84445190429688,0.9720759987831116,0.9159958958625793,0.9856259226799011,0.16591006517410278,0.16591006517410278,0.0008439200464636087,0.940330982208252,0.31885892152786255,0.011178863234817982
G25,637,7971.1953125,0.3623623847961426,-13158.484375,-13158.484375,13038.2275390625,13075.630859375,13246.1484375,13284.0,13284.0,145.71319580078125,-120.2391357421875,0.9721733927726746,0.9161423444747925,0.9856852293014526,0.1655346155166626,0.1655346155166626,0.0008466162253171206,0.9405171871185303,0.3177657723426819,0.010891682468354702
G25,638,7983.70556640625,0.36136138439178467,-13158.708984375,-13158.708984375,13039.0546875,13076.4580078125,13246.1484375,13284.0,13284.0,145.30038452148438,-119.63562774658203,0.9722702503204346,0.9162879586219788,0.985744059085846,0.16515812277793884,0.16515812277793884,0.0008473959751427174,0.9407025575637817,0.31667888164520264,0.010597179643809795
G25,639,7996.21630859375,0.36036038398742676,-13158.9296875,-13158.9296875,13039.8779296875,13077.27734375,13246.1484375,13284.0,13284.0,144.88973999023438,-119.03288269042969,0.9723665714263916,0.9164329767227173,0.985802412033081,0.16478221118450165,0.16478221118450165,0.000850077485665679,0.9408873915672302,0.3155982196331024,0.010296689346432686
G25,640,8008.7265625,0.35935938358306885,-13159.146484375,-13159.146484375,13040.697265625,13078.09765625,13246.1484375,13284.0,13284.0,144.48126220703125,-118.43206024169922,0.9724622368812561,0.9165772795677185,0.9858604669570923,0.16440525650978088,0.16440525650978088,0.000850797921884805,0.9410715699195862,0.3145236670970917,0.010007371194660664
G25,641,8021.2373046875,0.35835838317871094,-13159.361328125,-13159.361328125,13041.5126953125,13078.9091796875,13246.1484375,13284.0,13284.0,144.07489013671875,-117.83199310302734,0.9725573658943176,0.9167209267616272,0.9859180450439453,0.16402877867221832,0.16402877867221832,0.0008533947984687984,0.9412546753883362,0.3134552538394928,0.009725444950163364
G25,642,8033.74755859375,0.357357382774353,-13159.5751953125,-13159.5751953125,13042.3232421875,13079.7216796875,13246.15625,13284.0,13284.0,143.670654296875,-117.23377990722656,0.9726518988609314,0.9168637990951538,0.9859753251075745,0.16365140676498413,0.16365140676498413,0.0008540593553334475,0.9414371848106384,0.31239286065101624,0.009458114393055439
G25,643,8046.25830078125,0.3563563823699951,-13159.78515625,-13159.78515625,13043.1318359375,13080.525390625,13246.15625,13284.0,13284.0,143.26849365234375,-116.63643646240234,0.972745954990387,0.9170060157775879,0.9860320091247559,0.1632743626832962,0.1632743626832962,0.0008564335876144469,0.9416189789772034,0.311336487531662,0.009211761876940727
G25,644,8058.7685546875,0.3553553819656372,-13159.994140625,-13159.994140625,13043.935546875,13081.330078125,13246.15625,13284.0,13284.0,142.86842346191406,-116.04084014892578,0.9728394150733948,0.9171475768089294,0.9860884547233582,0.16289667785167694,0.16289667785167694,0.0008571622893214226,0.9418001174926758,0.3102860152721405,0.008980557322502136
G25,645,8071.279296875,0.3543543815612793,-13160.19921875,-13160.19921875,13044.7353515625,13082.126953125,13246.15625,13284.0,13284.0,142.47042846679688,-115.44629669189453,0.9729321599006653,0.9172884225845337,0.9861444234848022,0.16251905262470245,0.16251905262470245,0.0008591986843384802,0.9419805407524109,0.30924147367477417,0.008772526867687702
G25,646,8083.78955078125,0.3533533811569214,-13160.40234375,-13160.40234375,13045.53125,13082.9228515625,13246.171875,13284.0,13284.0,142.074462890625,-114.85330200195312,0.9730246067047119,0.9174286723136902,0.9861999750137329,0.16214096546173096,0.16214096546173096,0.0008600116707384586,0.9421601891517639,0.3082027733325958,0.008584394119679928
G25,647,8096.30029296875,0.3523523807525635,-13160.603515625,-13160.603515625,13046.32421875,13083.7138671875,13246.171875,13284.0,13284.0,141.6805419921875,-114.26150512695312,0.9731162786483765,0.9175681471824646,0.9862551689147949,0.16176289319992065,0.16176289319992065,0.0008616656996309757,0.942339301109314,0.3071698546409607,0.008412190712988377
G25,648,8108.810546875,0.35135138034820557,-13160.80078125,-13160.80078125,13047.11328125,13084.5,13246.171875,13284.0,13284.0,141.28863525390625,-113.67123413085938,0.9732075929641724,0.917707085609436,0.9863100051879883,0.16138425469398499,0.16138425469398499,0.0008626019116491079,0.9425175189971924,0.3061426877975464,0.008253861218690872
G25,649,8121.3212890625,0.35035037994384766,-13160.998046875,-13160.998046875,13047.8984375,13085.28515625,13246.1796875,13284.0,13284.0,140.8987274169922,-113.08207702636719,0.9732982516288757,0.9178452491760254,0.9863644242286682,0.16100575029850006,0.16100575029850006,0.0008638827130198479,0.9426952600479126,0.3051212430000305,0.008107328787446022
G25,650,8133.83203125,0.34934937953948975,-13161.19140625,-13161.19140625,13048.6796875,13086.064453125,13246.1875,13284.0,13284.0,140.51080322265625,-112.4945068359375,0.9733883738517761,0.9179827570915222,0.9864184260368347,0.16062670946121216,0.16062670946121216,0.0008648347575217485,0.9428724050521851,0.3041054606437683,0.007961624301970005
G25,651,8146.34228515625,0.34834837913513184,-13161.3828125,-13161.3828125,13049.45703125,13086.841796875,13246.1875,13284.0,13284.0,140.1248779296875,-111.90811157226562,0.9734780192375183,0.9181196093559265,0.9864720106124878,0.1602475941181183,0.1602475941181183,0.0008659287705086172,0.943048894405365,0.303095281124115,0.007823804393410683
G25,652,8158.85302734375,0.3473473787307739,-13161.5712890625,-13161.5712890625,13050.23046875,13087.61328125,13246.1875,13284.0,13284.0,139.74087524414062,-111.32316589355469,0.9735671281814575,0.9182557463645935,0.9865254163742065,0.15986822545528412,0.15986822545528412,0.0008667921065352857,0.9432246685028076,0.30209067463874817,0.0076799108646810055
G25,653,8171.36328125,0.346346378326416,-13161.7578125,-13161.7578125,13051.001953125,13088.3837890625,13246.1875,13284.0,13284.0,139.3588409423828,-110.73956298828125,0.9736557006835938,0.9183914065361023,0.9865782856941223,0.15948878228664398,0.15948878228664398,0.0008677492151036859,0.9433996081352234,0.30109158158302307,0.007533998228609562
G25,654,8183.8740234375,0.3453453779220581,-13161.9423828125,-13161.9423828125,13051.767578125,13089.1484375,13246.1875,13284.0,13284.0,138.97872924804688,-110.15741729736328,0.973743736743927,0.9185263514518738,0.9866308569908142,0.15910883247852325,0.15910883247852325,0.0008685853681527078,0.9435737729072571,0.3000979721546173,0.007383003365248442
G25,655,8196.384765625,0.3443443775177002,-13162.125,-13162.125,13052.53125,13089.9111328125,13246.1875,13284.0,13284.0,138.60052490234375,-109.57646942138672,0.9738313555717468,0.9186605215072632,0.9866830706596375,0.15872909128665924,0.15872909128665924,0.0008693794370628893,0.9437470436096191,0.2991098165512085,0.007221847772598267
G25,656,8208.89453125,0.3433433771133423,-13162.3046875,-13162.3046875,13053.291015625,13090.6708984375,13246.1875,13284.0,13284.0,138.22422790527344,-108.99716186523438,0.9739183783531189,0.9187941551208496,0.9867349863052368,0.15834876894950867,0.15834876894950867,0.0008701623883098364,0.9439195990562439,0.29812705516815186,0.0070527647621929646
G25,657,8221.4052734375,0.3423423767089844,-13162.482421875,-13162.482421875,13054.0478515625,13091.423828125,13246.1875,13284.0,13284.0,137.84982299804688,-108.41897583007812,0.9740049242973328,0.9189271926879883,0.986786425113678,0.15796855092048645,0.15796855092048645,0.0008708701934665442,0.9440913796424866,0.2971496284008026,0.006874505430459976
G25,658,8233.916015625,0.34134137630462646,-13162.658203125,-13162.658203125,13054.7998046875,13092.177734375,13246.1875,13284.0,13284.0,137.47726440429688,-107.8423843383789,0.9740909934043884,0.9190595149993896,0.9868375658988953,0.157587930560112,0.157587930560112,0.0008715764852240682,0.9442623257637024,0.29617753624916077,0.006681918632239103
G25,659,8246.4267578125,0.34034037590026855,-13162.83203125,-13162.83203125,13055.548828125,13092.923828125,13246.1875,13284.0,13284.0,137.10659790039062,-107.2670669555664,0.9741764664649963,0.9191912412643433,0.9868884682655334,0.15720722079277039,0.15720722079277039,0.000872221018653363,0.9444324970245361,0.29521071910858154,0.006480663549154997
G25,660,8258.9365234375,0.33933937549591064,-13163.00390625,-13163.00390625,13056.2939453125,13093.671875,13246.1875,13284.0,13284.0,136.73776245117188,-106.69319152832031,0.9742615222930908,0.9193222522735596,0.9869388341903687,0.15682634711265564,0.15682634711265564,0.0008728819084353745,0.9446019530296326,0.29424911737442017,0.006262564565986395
G25,661,8271.447265625,0.33833837509155273,-13163.173828125,-13163.173828125,13057.0361328125,13094.41015625,13246.1875,13284.0,13284.0,136.37075805664062,-106.12074279785156,0.9743461012840271,0.9194527864456177,0.9869890213012695,0.15644526481628418,0.15644526481628418,0.0008735623559914529,0.9447705745697021,0.29329273104667664,0.006039201747626066
G25,662,8283.9580078125,0.3373373746871948,-13163.3408203125,-13163.3408203125,13057.7744140625,13095.150390625,13246.1875,13284.0,13284.0,136.0055694580078,-105.54966735839844,0.9744301438331604,0.9195826053619385,0.987038791179657,0.1560639888048172,0.1560639888048172,0.0008740985649637878,0.9449386596679688,0.2923414707183838,0.0058038500137627125
G25,663,8296.46875,0.3363363742828369,-13163.5068359375,-13163.5068359375,13058.509765625,13095.884765625,13246.1875,13284.0,13284.0,135.64218139648438,-104.97998809814453,0.974513828754425,0.9197117686271667,0.9870883226394653,0.15568265318870544,0.15568265318870544,0.0008749106782488525,0.9451059699058533,0.2913953363895416,0.0055674295872449875
G25,664,8308.978515625,0.335335373878479,-13163.669921875,-13163.669921875,13059.2421875,13096.615234375,13246.1875,13284.0,13284.0,135.28060913085938,-104.41180419921875,0.9745969176292419,0.9198403358459473,0.9871374368667603,0.15530087053775787,0.15530087053775787,0.0008753642905503511,0.9452726244926453,0.29045429825782776,0.005330373998731375
G25,665,8321.4892578125,0.3343343734741211,-13163.83203125,-13163.83203125,13059.970703125,13097.3447265625,13246.1875,13284.0,13284.0,134.92080688476562,-103.84483337402344,0.9746795892715454,0.91996830701828,0.9871861934661865,0.15491914749145508,0.15491914749145508,0.0008761960780248046,0.9454385042190552,0.289518266916275,0.005096721462905407
G25,666,8334.0,0.3333333134651184,-13163.9912109375,-13163.9912109375,13060.6953125,13098.0673828125,13246.1875,13284.0,13284.0,134.56275939941406,-103.27943420410156,0.9747617840766907,0.920095682144165,0.9872346520423889,0.15453696250915527,0.15453696250915527,0.0008767145336605608,0.9456037878990173,0.2885872423648834,0.0048705399967730045
G25,667,8346.5107421875,0.3323323130607605,-13164.1494140625,-13164.1494140625,13061.41796875,13098.7919921875,13246.1875,13284.0,13284.0,134.2064666748047,-102.71525573730469,0.974843442440033,0.9202224612236023,0.9872828722000122,0.15415486693382263,0.15415486693382263,0.0008775046444498003,0.9457682371139526,0.28766122460365295,0.00465779285877943
G25,668,8359.0205078125,0.3313313126564026,-13164.3046875,-13164.3046875,13062.13671875,13099.5078125,13246.1875,13284.0,13284.0,133.85191345214844,-102.15265655517578,0.9749247431755066,0.9203485250473022,0.9873306751251221,0.15377211570739746,0.15377211570739746,0.0008781023207120597,0.9459322094917297,0.28674009442329407,0.004458973184227943
G25,669,8371.53125,0.3303303122520447,-13164.458984375,-13164.458984375,13062.8525390625,13100.224609375,13246.1875,13284.0,13284.0,133.4990997314453,-101.59117126464844,0.975005567073822,0.9204740524291992,0.9873781800270081,0.15338972210884094,0.15338972210884094,0.00087883067317307,0.9460957646369934,0.28582388162612915,0.004275093786418438
G25,670,8384.0419921875,0.32932931184768677,-13164.611328125,-13164.611328125,13063.564453125,13100.9345703125,13246.1875,13284.0,13284.0,133.1479949951172,-101.03145599365234,0.9750859141349792,0.9205990433692932,0.9874255061149597,0.1530063897371292,0.1530063897371292,0.0008795487810857594,0.9462586641311646,0.2849125266075134,0.004111172165721655
G25,671,8396.552734375,0.32832831144332886,-13164.76171875,-13164.76171875,13064.2734375,13101.64453125,13246.1875,13284.0,13284.0,132.79859924316406,-100.47264099121094,0.975165843963623,0.9207234382629395,0.9874722957611084,0.15262356400489807,0.15262356400489807,0.0008801668882369995,0.9464209675788879,0.2840059697628021,0.003967482130974531
G25,672,8409.0634765625,0.32732731103897095,-13164.9111328125,-13164.9111328125,13064.978515625,13102.349609375,13246.1875,13284.0,13284.0,132.45089721679688,-99.91571044921875,0.9752452969551086,0.9208471179008484,0.9875189661979675,0.15223971009254456,0.15223971009254456,0.0008809619466774166,0.9465827941894531,0.28310421109199524,0.0038444625679403543
G25,673,8421.5732421875,0.32632631063461304,-13165.056640625,-13165.056640625,13065.6826171875,13103.052734375,13246.1875,13284.0,13284.0,132.1048583984375,-99.35963439941406,0.975324273109436,0.9209702610969543,0.9875653386116028,0.1518564373254776,0.1518564373254776,0.0008815292385406792,0.9467438459396362,0.2822072207927704,0.0037501875776797533
G25,674,8434.083984375,0.3253253102302551,-13165.203125,-13165.203125,13066.380859375,13103.751953125,13246.1875,13284.0,13284.0,131.760498046875,-98.80547332763672,0.9754028916358948,0.9210928082466125,0.9876112341880798,0.15147212147712708,0.15147212147712708,0.0008823184762150049,0.946904718875885,0.2813149094581604,0.003677097149193287
G25,675,8446.5947265625,0.3243243098258972,-13165.345703125,-13165.345703125,13067.078125,13104.447265625,13246.1875,13284.0,13284.0,131.41778564453125,-98.25216674804688,0.9754809737205505,0.9212148189544678,0.9876570701599121,0.15108825266361237,0.15108825266361237,0.0008828697027638555,0.9470646381378174,0.28042730689048767,0.003633566666394472
G25,676,8459.10546875,0.3233233094215393,-13165.48828125,-13165.48828125,13067.771484375,13105.142578125,13246.1875,13284.0,13284.0,131.07672119140625,-97.70069885253906,0.9755586981773376,0.9213362336158752,0.9877024292945862,0.15070360898971558,0.15070360898971558,0.0008836096385493875,0.9472240209579468,0.2795443534851074,0.0036112701054662466
G25,677,8471.615234375,0.3223223090171814,-13165.62890625,-13165.62890625,13068.462890625,13105.8291015625,13246.1875,13284.0,13284.0,130.7373046875,-97.1502685546875,0.9756360054016113,0.921457052230835,0.9877475500106812,0.15031909942626953,0.15031909942626953,0.0008841766393743455,0.9473828077316284,0.2786659896373749,0.0036134233232587576
G25,678,8484.1259765625,0.3213213086128235,-13165.7666015625,-13165.7666015625,13069.150390625,13106.51953125,13246.1875,13284.0,13284.0,130.3994903564453,-96.6014404296875,0.9757128953933716,0.9215772151947021,0.987792432308197,0.14993411302566528,0.14993411302566528,0.0008847948047332466,0.947540819644928,0.27779221534729004,0.00363161345012486
G25,679,8496.63671875,0.3203203082084656,-13165.904296875,-13165.904296875,13069.833984375,13107.201171875,13246.1953125,13284.0,13284.0,130.06329345703125,-96.05387878417969,0.9757893085479736,0.9216969013214111,0.987837016582489,0.1495489478111267,0.1495489478111267,0.0008854581974446774,0.9476984143257141,0.27692297101020813,0.003658370580524206
G25,680,8509.1474609375,0.31931930780410767,-13166.0390625,-13166.0390625,13070.5166015625,13107.8837890625,13246.1953125,13284.0,13284.0,129.72869873046875,-95.50772094726562,0.975865364074707,0.9218159317970276,0.9878813028335571,0.1491636484861374,0.1491636484861374,0.0008858906803652644,0.947855532169342,0.27605822682380676,0.003691586200147867
G25,681,8521.6572265625,0.31831830739974976,-13166.1728515625,-13166.1728515625,13071.193359375,13108.560546875,13246.1953125,13284.0,13284.0,129.3956756591797,-94.96302795410156,0.9759409427642822,0.9219344854354858,0.9879252910614014,0.14877784252166748,0.14877784252166748,0.0008866975549608469,0.9480119943618774,0.27519798278808594,0.0037192103918641806
G25,682,8534.16796875,0.31731730699539185,-13166.3046875,-13166.3046875,13071.869140625,13109.2353515625,13246.1953125,13284.0,13284.0,129.06423950195312,-94.4195556640625,0.9760161638259888,0.9220524430274963,0.9879690408706665,0.14839215576648712,0.14839215576648712,0.0008869816083461046,0.9481679201126099,0.27434220910072327,0.0037452010437846184
G25,683,8546.6787109375,0.31631630659103394,-13166.4345703125,-13166.4345703125,13072.5419921875,13109.908203125,13246.203125,13284.0,13284.0,128.734375,-93.87771606445312,0.9760909080505371,0.9221698045730591,0.988012433052063,0.14800573885440826,0.14800573885440826,0.0008878519874997437,0.9483233094215393,0.2734907865524292,0.003756190650165081
G25,684,8559.189453125,0.315315306186676,-13166.5634765625,-13166.5634765625,13073.2119140625,13110.5751953125,13246.203125,13284.0,13284.0,128.4060516357422,-93.33695220947266,0.9761652946472168,0.9222866296768188,0.9880556464195251,0.14761961996555328,0.14761961996555328,0.000888134993147105,0.9484782814979553,0.2726438045501709,0.0037599708884954453
G25,685,8571.69921875,0.3143143057823181,-13166.69140625,-13166.69140625,13073.87890625,13111.244140625,13246.203125,13284.0,13284.0,128.07928466796875,-92.79792022705078,0.9762393236160278,0.9224027991294861,0.9880985617637634,0.14723272621631622,0.14723272621631622,0.0008889666642062366,0.9486326575279236,0.2718011140823364,0.0037415344268083572
G25,686,8584.2099609375,0.3133133053779602,-13166.81640625,-13166.81640625,13074.54296875,13111.9052734375,13246.203125,13284.0,13284.0,127.7540283203125,-92.25993347167969,0.9763128757476807,0.9225184917449951,0.9881411790847778,0.14684604108333588,0.14684604108333588,0.0008893455378711224,0.9487865567207336,0.27096277475357056,0.0037088883109390736
G25,687,8596.720703125,0.3123123049736023,-13166.94140625,-13166.94140625,13075.203125,13112.56640625,13246.203125,13284.0,13284.0,127.43031311035156,-91.72364807128906,0.9763860106468201,0.9226336479187012,0.9881835579872131,0.14645874500274658,0.14645874500274658,0.0008901232504285872,0.9489399790763855,0.2701287269592285,0.003657628083601594
G25,688,8609.2314453125,0.3113113045692444,-13167.064453125,-13167.064453125,13075.861328125,13113.224609375,13246.203125,13284.0,13284.0,127.10810852050781,-91.18851470947266,0.9764587879180908,0.9227482080459595,0.9882256984710693,0.1460714191198349,0.1460714191198349,0.0008906543371267617,0.9490928053855896,0.2692989110946655,0.003586798906326294
G25,689,8621.7412109375,0.3103103041648865,-13167.1865234375,-13167.1865234375,13076.5166015625,13113.876953125,13246.203125,13284.0,13284.0,126.78739929199219,-90.6549301147461,0.9765312671661377,0.9228622317314148,0.9882674813270569,0.14568370580673218,0.14568370580673218,0.0008913936326280236,0.9492452144622803,0.268473356962204,0.0035044809337705374
G25,690,8634.251953125,0.30930930376052856,-13167.306640625,-13167.306640625,13077.1689453125,13114.53125,13246.203125,13284.0,13284.0,126.46817779541016,-90.12265014648438,0.9766032695770264,0.9229756593704224,0.9883091449737549,0.14529573917388916,0.14529573917388916,0.0008920807158574462,0.9493969082832336,0.2676519453525543,0.0034139028284698725
G25,691,8646.7626953125,0.30830830335617065,-13167.4248046875,-13167.4248046875,13077.818359375,13115.177734375,13246.203125,13284.0,13284.0,126.15043640136719,-89.59175872802734,0.9766748547554016,0.923088550567627,0.988350510597229,0.1449076235294342,0.1449076235294342,0.0008928019087761641,0.9495481252670288,0.2668347656726837,0.003321937983855605
G25,692,8659.2734375,0.30730730295181274,-13167.54296875,-13167.54296875,13078.46484375,13115.826171875,13246.203125,13284.0,13284.0,125.83416748046875,-89.06234741210938,0.9767460823059082,0.9232009053230286,0.9883915781974792,0.14451882243156433,0.14451882243156433,0.0008935938240028918,0.9496986865997314,0.2660216987133026,0.0032445183023810387
G25,693,8671.7841796875,0.30630630254745483,-13167.658203125,-13167.658203125,13079.1103515625,13116.4677734375,13246.203125,13284.0,13284.0,125.51936340332031,-88.53404235839844,0.9768169522285461,0.923312783241272,0.9884323477745056,0.14413051307201385,0.14413051307201385,0.0008943535503931344,0.9498486518859863,0.265212744474411,0.0031896675936877728
G25,694,8684.2939453125,0.3053053021430969,-13167.7734375,-13167.7734375,13079.75,13117.1083984375,13246.203125,13284.0,13284.0,125.20600891113281,-88.00761413574219,0.9768875241279602,0.9234241247177124,0.9884729981422424,0.14374081790447235,0.14374081790447235,0.0008951398194767535,0.9499980807304382,0.26440784335136414,0.0031685135327279568
G25,695,8696.8046875,0.304304301738739,-13167.88671875,-13167.88671875,13080.390625,13117.74609375,13246.203125,13284.0,13284.0,124.89408874511719,-87.48189544677734,0.9769576191902161,0.9235348105430603,0.9885132908821106,0.14335206151008606,0.14335206151008606,0.0008960229461081326,0.9501471519470215,0.2636070251464844,0.003188514383509755
G25,696,8709.3154296875,0.3033033013343811,-13167.998046875,-13167.998046875,13081.025390625,13118.380859375,13246.203125,13284.0,13284.0,124.58360290527344,-86.95829772949219,0.9770273566246033,0.92364501953125,0.9885534048080444,0.14296190440654755,0.14296190440654755,0.0008967232424765825,0.9502958059310913,0.26281020045280457,0.003256847383454442
G25,697,8721.826171875,0.3023023009300232,-13168.109375,-13168.109375,13081.658203125,13119.013671875,13246.203125,13284.0,13284.0,124.2745361328125,-86.4354248046875,0.9770967364311218,0.9237548112869263,0.988593339920044,0.1425723284482956,0.1425723284482956,0.000897758174687624,0.9504438042640686,0.2620174288749695,0.0033724040258675814
G25,698,8734.3359375,0.3013013005256653,-13168.2177734375,-13168.2177734375,13082.2900390625,13119.642578125,13246.203125,13284.0,13284.0,123.96687316894531,-85.91444396972656,0.9771657586097717,0.92386394739151,0.9886329770088196,0.142181858420372,0.142181858420372,0.0008983680163510144,0.9505913257598877,0.2612285614013672,0.003535610856488347
G25,699,8746.8466796875,0.3003003001213074,-13168.326171875,-13168.326171875,13082.9169921875,13120.26953125,13246.203125,13284.0,13284.0,123.66062927246094,-85.3945083618164,0.977234423160553,0.9239725470542908,0.9886723160743713,0.1417914777994156,0.1417914777994156,0.0008995397365652025,0.950738251209259,0.26044365763664246,0.0037389458157122135
G25,700,8759.357421875,0.29929929971694946,-13168.4326171875,-13168.4326171875,13083.54296875,13120.8935546875,13246.203125,13284.0,13284.0,123.35577392578125,-84.87618255615234,0.9773027300834656,0.9240806102752686,0.9887114763259888,0.14140060544013977,0.14140060544013977,0.000900047889444977,0.9508845210075378,0.2596626579761505,0.0039753117598593235
G25,701,8771.8681640625,0.29829829931259155,-13168.537109375,-13168.537109375,13084.1650390625,13121.515625,13246.203125,13284.0,13284.0,123.05229187011719,-84.35911560058594,0.9773706793785095,0.9241882562637329,0.9887503981590271,0.1410096138715744,0.1410096138715744,0.0009013444068841636,0.9510302543640137,0.25888556241989136,0.004237038549035788
G25,702,8784.3779296875,0.29729729890823364,-13168.642578125,-13168.642578125,13084.78515625,13122.1328125,13246.203125,13284.0,13284.0,122.75018310546875,-83.84355163574219,0.97743821144104,0.9242952466011047,0.9887890219688416,0.14061816036701202,0.14061816036701202,0.0009017327101901174,0.9511754512786865,0.2581123113632202,0.004513577092438936
G25,703,8796.888671875,0.29629629850387573,-13168.74609375,-13168.74609375,13085.4033203125,13122.7509765625,13246.203125,13284.0,13284.0,122.44944763183594,-83.32926940917969,0.9775055050849915,0.9244018197059631,0.9888274669647217,0.140226811170578,0.140226811170578,0.0009031000081449747,0.9513199925422668,0.2573429048061371,0.004796615801751614
G25,704,8809.3994140625,0.2952952980995178,-13168.84765625,-13168.84765625,13086.017578125,13123.36328125,13246.203125,13284.0,13284.0,122.15006256103516,-82.81663513183594,0.9775723814964294,0.9245078563690186,0.9888656735420227,0.13983453810214996,0.13983453810214996,0.0009033961687237024,0.9514639973640442,0.2565772533416748,0.005074302665889263
G25,705,8821.91015625,0.2942942976951599,-13168.94921875,-13168.94921875,13086.6298828125,13123.9755859375,13246.203125,13284.0,13284.0,121.85202026367188,-82.30502319335938,0.9776389598846436,0.9246132969856262,0.9889037013053894,0.1394430547952652,0.1394430547952652,0.0009047379717230797,0.9516072273254395,0.25581538677215576,0.005338903982192278
G25,706,8834.419921875,0.293293297290802,-13169.048828125,-13169.048828125,13087.240234375,13124.58203125,13246.203125,13284.0,13284.0,121.55531311035156,-81.79542541503906,0.9777051210403442,0.9247183799743652,0.988941490650177,0.1390499621629715,0.1390499621629715,0.0009049795335158706,0.9517501592636108,0.25505730509757996,0.005576563533395529
G25,707,8846.9306640625,0.2922922968864441,-13169.146484375,-13169.146484375,13087.84765625,13125.189453125,13246.2109375,13284.0,13284.0,121.25994110107422,-81.28646850585938,0.977770984172821,0.9248229265213013,0.9889791011810303,0.13865824043750763,0.13865824043750763,0.000906240486074239,0.9518924951553345,0.25430288910865784,0.005788435228168964
G25,708,8859.44140625,0.2912912964820862,-13169.244140625,-13169.244140625,13088.451171875,13125.791015625,13246.2109375,13284.0,13284.0,120.96589660644531,-80.77987670898438,0.977836549282074,0.9249268174171448,0.9890164136886597,0.13826462626457214,0.13826462626457214,0.0009064300684258342,0.9520345330238342,0.2535521686077118,0.0059634968638420105
G25,709,8871.9521484375,0.29029029607772827,-13169.341796875,-13169.341796875,13089.0537109375,13126.392578125,13246.2265625,13284.0,13284.0,120.67314910888672,-80.27374267578125,0.9779016375541687,0.9250303506851196,0.9890535473823547,0.13787232339382172,0.13787232339382172,0.0009075903217308223,0.9521760940551758,0.2528051435947418,0.006102690938860178
G25,710,8884.462890625,0.28928929567337036,-13169.4365234375,-13169.4365234375,13089.65234375,13126.9892578125,13246.2265625,13284.0,13284.0,120.38169860839844,-79.76996612548828,0.9779665470123291,0.9251332879066467,0.9890903830528259,0.13747838139533997,0.13747838139533997,0.0009077537106350064,0.9523173570632935,0.25206172466278076,0.006204481236636639
G25,711,8896.97265625,0.28828829526901245,-13169.53125,-13169.53125,13090.25,13127.5859375,13246.2265625,13284.0,13284.0,120.091552734375,-79.26681518554688,0.9780310392379761,0.9252356886863708,0.9891270995140076,0.1370854526758194,0.1370854526758194,0.0009088427759706974,0.9524579048156738,0.2513219714164734,0.006260954774916172
G25,712,8909.4833984375,0.28728729486465454,-13169.623046875,-13169.623046875,13090.8447265625,13128.177734375,13246.2265625,13284.0,13284.0,119.80269622802734,-78.76581573486328,0.9780952334403992,0.9253377914428711,0.9891636371612549,0.1366911679506302,0.1366911679506302,0.0009089664090424776,0.9525980949401855,0.25058573484420776,0.006281252019107342
G25,713,8921.994140625,0.28628629446029663,-13169.7158203125,-13169.7158203125,13091.4365234375,13128.7685546875,13246.234375,13284.0,13284.0,119.5151138305664,-78.26560974121094,0.9781591296195984,0.9254392385482788,0.9891998767852783,0.13629764318466187,0.13629764318466187,0.0009100385941565037,0.9527377486228943,0.24985308945178986,0.006255715154111385
G25,714,8934.5048828125,0.2852852940559387,-13169.806640625,-13169.806640625,13092.025390625,13129.3564453125,13246.234375,13284.0,13284.0,119.22879028320312,-77.76742553710938,0.9782227277755737,0.9255402088165283,0.9892359375953674,0.13590312004089355,0.13590312004089355,0.000910077360458672,0.9528771042823792,0.2491239607334137,0.006191037129610777
G25,715,8947.0146484375,0.2842842936515808,-13169.896484375,-13169.896484375,13092.61328125,13129.94140625,13246.234375,13284.0,13284.0,118.94374084472656,-77.2702407836914,0.9782859086990356,0.9256406426429749,0.9892717599868774,0.13550888001918793,0.13550888001918793,0.0009111589752137661,0.953015923500061,0.24839837849140167,0.00608824985101819
G25,716,8959.525390625,0.2832832932472229,-13169.986328125,-13169.986328125,13093.197265625,13130.525390625,13246.234375,13284.0,13284.0,118.65992736816406,-76.77481079101562,0.9783487915992737,0.925740659236908,0.9893074631690979,0.13511431217193604,0.13511431217193604,0.0009111242252402008,0.9531542062759399,0.24767625331878662,0.0059485482051968575
G25,717,8972.0361328125,0.282282292842865,-13170.072265625,-13170.072265625,13093.779296875,13131.1044921875,13246.234375,13284.0,13284.0,118.37736511230469,-76.28075408935547,0.9784114360809326,0.9258401393890381,0.9893428087234497,0.13471928238868713,0.13471928238868713,0.0009122147457674146,0.9532918930053711,0.24695760011672974,0.005782727617770433
G25,718,8984.546875,0.2812812924385071,-13170.16015625,-13170.16015625,13094.3583984375,13131.68359375,13246.234375,13284.0,13284.0,118.09603881835938,-75.78802490234375,0.9784736633300781,0.9259392023086548,0.989378035068512,0.1343245804309845,0.1343245804309845,0.0009121634066104889,0.9534290432929993,0.24624238908290863,0.005596829112619162
G25,719,8997.056640625,0.28028029203414917,-13170.2451171875,-13170.2451171875,13094.935546875,13132.2578125,13246.234375,13284.0,13284.0,117.81593322753906,-75.29705810546875,0.9785356521606445,0.9260377287864685,0.9894132018089294,0.13392876088619232,0.13392876088619232,0.0009132853010669351,0.9535657167434692,0.24553057551383972,0.005399053916335106
G25,720,9009.5673828125,0.27927929162979126,-13170.330078125,-13170.330078125,13095.5107421875,13132.83203125,13246.234375,13284.0,13284.0,117.53706359863281,-74.80706024169922,0.9785973429679871,0.926135778427124,0.9894479513168335,0.1335338056087494,0.1335338056087494,0.000913237570784986,0.9537017941474915,0.244822159409523,0.005197146441787481
G25,721,9022.078125,0.27827829122543335,-13170.4140625,-13170.4140625,13096.08203125,13133.40234375,13246.234375,13284.0,13284.0,117.2593994140625,-74.31912231445312,0.9786586165428162,0.9262332916259766,0.9894826412200928,0.13313734531402588,0.13313734531402588,0.000914407370146364,0.9538373947143555,0.24411709606647491,0.00499141588807106
G25,722,9034.5888671875,0.27727729082107544,-13170.49609375,-13170.49609375,13096.65234375,13133.970703125,13246.234375,13284.0,13284.0,116.98292541503906,-73.83192443847656,0.9787196516990662,0.9263303875923157,0.9895170331001282,0.13274197280406952,0.13274197280406952,0.0009143653442151845,0.9539724588394165,0.24341540038585663,0.004784364253282547
G25,723,9047.0986328125,0.27627629041671753,-13170.578125,-13170.578125,13097.21875,13134.537109375,13246.234375,13284.0,13284.0,116.7076644897461,-73.346923828125,0.9787804484367371,0.9264269471168518,0.9895513653755188,0.13234512507915497,0.13234512507915497,0.0009155338630080223,0.9541069865226746,0.24271699786186218,0.004572026431560516
G25,724,9059.609375,0.2752752900123596,-13170.66015625,-13170.66015625,13097.7841796875,13135.099609375,13246.234375,13284.0,13284.0,116.43359375,-72.8626937866211,0.9788408875465393,0.9265231490135193,0.9895854592323303,0.13194912672042847,0.13194912672042847,0.0009155799634754658,0.9542410373687744,0.24202190339565277,0.0043645258992910385
G25,725,9072.1201171875,0.2742742896080017,-13170.740234375,-13170.740234375,13098.345703125,13135.662109375,13246.234375,13284.0,13284.0,116.16069030761719,-72.38050842285156,0.9789009690284729,0.926618754863739,0.9896193146705627,0.13155212998390198,0.13155212998390198,0.000916680262889713,0.9543745517730713,0.2413300722837448,0.004154016729444265
G25,726,9084.630859375,0.2732732892036438,-13170.818359375,-13170.818359375,13098.90625,13136.2197265625,13246.234375,13284.0,13284.0,115.88897705078125,-71.89936828613281,0.9789608716964722,0.9267139434814453,0.9896529316902161,0.13115531206130981,0.13115531206130981,0.0009168597753159702,0.95450758934021,0.2406414896249771,0.003953604493290186
G25,727,9097.140625,0.2722722887992859,-13170.896484375,-13170.896484375,13099.46484375,13136.7763671875,13246.234375,13284.0,13284.0,115.61841583251953,-71.41990661621094,0.9790204167366028,0.9268086552619934,0.9896864295005798,0.1307581514120102,0.1307581514120102,0.000917906581889838,0.9546401500701904,0.23995614051818848,0.0037637988571077585
G25,728,9109.6513671875,0.271271288394928,-13170.9736328125,-13170.9736328125,13100.01953125,13137.330078125,13246.234375,13284.0,13284.0,115.34901428222656,-70.94186401367188,0.9790796637535095,0.9269029498100281,0.9897197484970093,0.1303606927394867,0.1303606927394867,0.0009181713103316724,0.9547721147537231,0.23927399516105652,0.0035787299275398254
G25,729,9122.162109375,0.27027028799057007,-13171.05078125,-13171.05078125,13100.572265625,13137.8818359375,13246.234375,13284.0,13284.0,115.08078002929688,-70.46524047851562,0.9791386723518372,0.926996648311615,0.9897528886795044,0.1299632042646408,0.1299632042646408,0.0009191798162646592,0.9549037218093872,0.23859502375125885,0.0034046084620058537
G25,730,9134.6728515625,0.26926928758621216,-13171.126953125,-13171.126953125,13101.123046875,13138.431640625,13246.234375,13284.0,13284.0,114.81367492675781,-69.99018859863281,0.9791973233222961,0.9270899891853333,0.9897857904434204,0.12956519424915314,0.12956519424915314,0.0009195391903631389,0.9550349116325378,0.23791924118995667,0.0032422461081296206
G25,731,9147.18359375,0.26826828718185425,-13171.2001953125,-13171.2001953125,13101.671875,13138.978515625,13246.234375,13284.0,13284.0,114.54771423339844,-69.51646423339844,0.9792556762695312,0.9271828532218933,0.9898186326026917,0.1291673630475998,0.1291673630475998,0.0009204849484376609,0.9551655650138855,0.2372465878725052,0.0030922265723347664
G25,732,9159.693359375,0.26726728677749634,-13171.2744140625,-13171.2744140625,13102.216796875,13139.5234375,13246.234375,13284.0,13284.0,114.28288269042969,-69.04441833496094,0.9793137907981873,0.9272753000259399,0.9898512363433838,0.12876880168914795,0.12876880168914795,0.0009209313429892063,0.9552956819534302,0.23657703399658203,0.002960303332656622
G25,733,9172.2041015625,0.2662662863731384,-13171.34765625,-13171.34765625,13102.76171875,13140.06640625,13246.234375,13284.0,13284.0,114.0191650390625,-68.57357788085938,0.9793716073036194,0.9273672699928284,0.9898836016654968,0.128370463848114,0.128370463848114,0.0009218379273079336,0.955425500869751,0.23591060936450958,0.002849281532689929
G25,734,9184.71484375,0.2652652859687805,-13171.419921875,-13171.419921875,13103.302734375,13140.60546875,13246.234375,13284.0,13284.0,113.75657653808594,-68.10444641113281,0.9794291853904724,0.9274587035179138,0.9899157881736755,0.12797144055366516,0.12797144055366516,0.000922332692425698,0.9555546045303345,0.23524725437164307,0.002763219177722931
G25,735,9197.2255859375,0.2642642855644226,-13171.4912109375,-13171.4912109375,13103.841796875,13141.14453125,13246.234375,13284.0,13284.0,113.49510192871094,-67.63655853271484,0.9794864654541016,0.9275496602058411,0.9899477958679199,0.12757261097431183,0.12757261097431183,0.0009231824660673738,0.9556835293769836,0.23458698391914368,0.002703974721953273
G25,736,9209.7353515625,0.2632632851600647,-13171.5615234375,-13171.5615234375,13104.37890625,13141.6796875,13246.234375,13284.0,13284.0,113.2347183227539,-67.17036437988281,0.9795434474945068,0.9276402592658997,0.9899797439575195,0.1271730214357376,0.1271730214357376,0.0009237026097252965,0.9558116793632507,0.23392973840236664,0.002674757270142436
G25,737,9222.24609375,0.2622622847557068,-13171.6318359375,-13171.6318359375,13104.9140625,13142.2138671875,13246.234375,13284.0,13284.0,112.97543334960938,-66.70536804199219,0.9796001315116882,0.9277303218841553,0.9900115132331848,0.1267736852169037,0.1267736852169037,0.0009245056426152587,0.9559395909309387,0.23327551782131195,0.0026733477134257555
G25,738,9234.7568359375,0.2612612843513489,-13171.69921875,-13171.69921875,13105.4453125,13142.744140625,13246.234375,13284.0,13284.0,112.71723175048828,-66.24210357666016,0.9796565175056458,0.9278199672698975,0.990043044090271,0.1263735443353653,0.1263735443353653,0.0009250019793398678,0.9560669660568237,0.23262430727481842,0.0026987858582288027
G25,739,9247.267578125,0.26026028394699097,-13171.7685546875,-13171.7685546875,13105.9765625,13143.2734375,13246.234375,13284.0,13284.0,112.46012115478516,-65.780029296875,0.9797126650810242,0.9279091954231262,0.9900743365287781,0.1259736865758896,0.1259736865758896,0.0009257644414901733,0.9561938643455505,0.23197609186172485,0.0027477897237986326
G25,740,9259.77734375,0.25925928354263306,-13171.8359375,-13171.8359375,13106.5048828125,13143.80078125,13246.234375,13284.0,13284.0,112.20408630371094,-65.3197021484375,0.9797685742378235,0.9279979467391968,0.9901055693626404,0.1255730241537094,0.1255730241537094,0.0009262272506020963,0.9563202261924744,0.23133082687854767,0.002816269639879465
G25,741,9272.2880859375,0.25825828313827515,-13171.90234375,-13171.90234375,13107.0302734375,13144.32421875,13246.234375,13284.0,13284.0,111.94911193847656,-64.86054992675781,0.9798242449760437,0.9280862808227539,0.9901365041732788,0.12517264485359192,0.12517264485359192,0.0009269160218536854,0.95644611120224,0.23068852722644806,0.0028952641878277063
G25,742,9284.798828125,0.25725728273391724,-13171.9697265625,-13171.9697265625,13107.5546875,13144.84765625,13246.234375,13284.0,13284.0,111.69520568847656,-64.40315246582031,0.97987961769104,0.9281741976737976,0.9901673793792725,0.12477153539657593,0.12477153539657593,0.0009273537434637547,0.9565715789794922,0.23004914820194244,0.0029764187056571245
G25,743,9297.3095703125,0.2562562823295593,-13172.03515625,-13172.03515625,13108.076171875,13145.3671875,13246.234375,13284.0,13284.0,111.44235229492188,-63.94697189331055,0.9799347519874573,0.9282615780830383,0.9901981353759766,0.12437062710523605,0.12437062710523605,0.0009279444930143654,0.9566964507102966,0.22941267490386963,0.003058128524571657
G25,744,9309.8193359375,0.2552552819252014,-13172.099609375,-13172.099609375,13108.595703125,13145.88671875,13246.234375,13284.0,13284.0,111.1905517578125,-63.49251174926758,0.9799895286560059,0.9283486008644104,0.9902286529541016,0.12396903336048126,0.12396903336048126,0.0009284023544751108,0.9568208456039429,0.2287791222333908,0.003145373659208417
G25,745,9322.330078125,0.2542542815208435,-13172.1640625,-13172.1640625,13109.11328125,13146.400390625,13246.234375,13284.0,13284.0,110.93978881835938,-63.03931427001953,0.9800441861152649,0.9284350872039795,0.990259051322937,0.12356752902269363,0.12356752902269363,0.0009289061417803168,0.9569448232650757,0.2281484305858612,0.0032441497314721346
G25,746,9334.8408203125,0.2532532811164856,-13172.228515625,-13172.228515625,13109.62890625,13146.916015625,13246.234375,13284.0,13284.0,110.6900634765625,-62.58776092529297,0.9800985455513,0.9285212159156799,0.9902893304824829,0.12316546589136124,0.12316546589136124,0.0009293941548094153,0.957068145275116,0.22752058506011963,0.0033545391634106636
G25,747,9347.3515625,0.2522522807121277,-13172.291015625,-13172.291015625,13110.1416015625,13147.4267578125,13246.234375,13284.0,13284.0,110.44137573242188,-62.137535095214844,0.9801525473594666,0.9286069273948669,0.9903193712234497,0.12276338785886765,0.12276338785886765,0.0009298125514760613,0.9571911096572876,0.22689560055732727,0.0034766681492328644
G25,748,9359.861328125,0.2512512803077698,-13172.3525390625,-13172.3525390625,13110.65234375,13147.935546875,13246.2421875,13284.0,13284.0,110.19371032714844,-61.68891525268555,0.9802063703536987,0.9286921620368958,0.9903491735458374,0.12236081808805466,0.12236081808805466,0.0009303080150857568,0.9573138952255249,0.22627341747283936,0.003601260483264923
G25,749,9372.3720703125,0.25025027990341187,-13172.4140625,-13172.4140625,13111.1611328125,13148.4443359375,13246.2421875,13284.0,13284.0,109.94705200195312,-61.24165344238281,0.9802599549293518,0.9287769794464111,0.9903789758682251,0.12195819616317749,0.12195819616317749,0.0009306658175773919,0.957436203956604,0.22565405070781708,0.0037302416749298573
G25,750,9384.8828125,0.24924927949905396,-13172.4755859375,-13172.4755859375,13111.66796875,13148.9482421875,13246.2421875,13284.0,13284.0,109.701416015625,-60.79598617553711,0.9803133010864258,0.9288613200187683,0.9904085397720337,0.1215551346540451,0.1215551346540451,0.0009311612811870873,0.9575579166412354,0.22503745555877686,0.0038527767173945904
G25,751,9397.3935546875,0.24824827909469604,-13172.5361328125,-13172.5361328125,13112.171875,13149.453125,13246.2421875,13284.0,13284.0,109.456787109375,-60.35169982910156,0.9803662300109863,0.9289452433586121,0.990437924861908,0.12115193158388138,0.12115193158388138,0.000931480317376554,0.9576792120933533,0.2244236320257187,0.003982699476182461
G25,752,9409.904296875,0.24724727869033813,-13172.595703125,-13172.595703125,13112.67578125,13149.9521484375,13246.2421875,13284.0,13284.0,109.21315002441406,-59.908966064453125,0.9804190993309021,0.9290288090705872,0.9904671311378479,0.12074841558933258,0.12074841558933258,0.0009320358512923121,0.9577999711036682,0.22381258010864258,0.004099560435861349
G25,753,9422.4140625,0.24624627828598022,-13172.6552734375,-13172.6552734375,13113.17578125,13150.4521484375,13246.2421875,13284.0,13284.0,108.97050476074219,-59.46769714355469,0.980471670627594,0.9291119575500488,0.9904962778091431,0.12034451961517334,0.12034451961517334,0.000932290859054774,0.9579201936721802,0.22320425510406494,0.004210337530821562
G25,754,9434.9248046875,0.24524527788162231,-13172.71484375,-13172.71484375,13113.6748046875,13150.9482421875,13246.2421875,13284.0,13284.0,108.72885131835938,-59.02784729003906,0.980523943901062,0.9291945695877075,0.9905253052711487,0.11994072049856186,0.11994072049856186,0.00093293801182881,0.9580398797988892,0.2225986272096634,0.004306477960199118
G25,755,9447.435546875,0.2442442774772644,-13172.7724609375,-13172.7724609375,13114.169921875,13151.443359375,13246.2421875,13284.0,13284.0,108.4881820678711,-58.58966064453125,0.9805760979652405,0.9292768239974976,0.9905540347099304,0.11953625828027725,0.11953625828027725,0.0009331004112027586,0.9581592082977295,0.22199571132659912,0.0043747820891439915
G25,756,9459.9462890625,0.2432432770729065,-13172.830078125,-13172.830078125,13114.6650390625,13151.935546875,13246.2421875,13284.0,13284.0,108.24848175048828,-58.15278244018555,0.9806278347969055,0.9293586611747742,0.9905827045440674,0.11913210153579712,0.11913210153579712,0.000933886447455734,0.9582778811454773,0.22139546275138855,0.00441985996440053
G25,757,9472.4560546875,0.24224227666854858,-13172.88671875,-13172.88671875,13115.158203125,13152.42578125,13246.25,13284.0,13284.0,108.00975036621094,-57.71765899658203,0.9806795120239258,0.9294400215148926,0.9906112551689148,0.11872698366641998,0.11872698366641998,0.0009340099059045315,0.9583964347839355,0.22079786658287048,0.004450103733688593
G25,758,9484.966796875,0.24124127626419067,-13172.943359375,-13172.943359375,13115.6484375,13152.9150390625,13246.25,13284.0,13284.0,107.7719955444336,-57.28369140625,0.9807308316230774,0.9295209646224976,0.9906396865844727,0.11832267045974731,0.11832267045974731,0.000934852403588593,0.9585144519805908,0.22020293772220612,0.004450763110071421
G25,759,9497.4775390625,0.24024027585983276,-13172.9990234375,-13172.9990234375,13116.1357421875,13153.400390625,13246.2578125,13284.0,13284.0,107.53518676757812,-56.85173797607422,0.9807819128036499,0.9296016097068787,0.9906678795814514,0.11791708320379257,0.11791708320379257,0.0009349716128781438,0.9586322903633118,0.21961063146591187,0.004428060259670019
G25,760,9509.98828125,0.23923927545547485,-13173.0546875,-13173.0546875,13116.6220703125,13153.8857421875,13246.2578125,13284.0,13284.0,107.29933166503906,-56.42079162597656,0.9808328151702881,0.9296817779541016,0.9906959533691406,0.1175122931599617,0.1175122931599617,0.0009358138195239007,0.9587498307228088,0.21902093291282654,0.004377612844109535
G25,761,9522.498046875,0.23823827505111694,-13173.109375,-13173.109375,13117.10546875,13154.3681640625,13246.2578125,13284.0,13284.0,107.06442260742188,-55.991851806640625,0.9808834791183472,0.9297614097595215,0.9907239079475403,0.11710664629936218,0.11710664629936218,0.000935938791371882,0.9588668942451477,0.21843382716178894,0.004308341536670923
G25,762,9535.0087890625,0.23723727464675903,-13173.1630859375,-13173.1630859375,13117.587890625,13154.84765625,13246.2578125,13284.0,13284.0,106.83045959472656,-55.56412124633789,0.9809339046478271,0.9298408031463623,0.9907516241073608,0.11670094728469849,0.11670094728469849,0.000936748692765832,0.9589834213256836,0.21784929931163788,0.004219471476972103
G25,763,9547.51953125,0.23623627424240112,-13173.216796875,-13173.216796875,13118.0673828125,13155.328125,13246.2578125,13284.0,13284.0,106.5974349975586,-55.13799285888672,0.9809840321540833,0.9299197793006897,0.9907793998718262,0.1162954792380333,0.1162954792380333,0.0009369214531034231,0.9590994715690613,0.21726734936237335,0.004125275183469057
G25,764,9560.0302734375,0.2352352738380432,-13173.26953125,-13173.26953125,13118.544921875,13155.802734375,13246.2578125,13284.0,13284.0,106.3653335571289,-54.713592529296875,0.981033980846405,0.9299982190132141,0.9908068776130676,0.11588864773511887,0.11588864773511887,0.0009377226233482361,0.9592151045799255,0.21668791770935059,0.004032461438328028
G25,765,9572.5400390625,0.2342342734336853,-13173.322265625,-13173.322265625,13119.021484375,13156.2783203125,13246.2578125,13284.0,13284.0,106.13416290283203,-54.290184020996094,0.9810837507247925,0.9300762414932251,0.9908341765403748,0.11548308283090591,0.11548308283090591,0.0009378934628330171,0.9593302607536316,0.21611104905605316,0.003939853049814701
G25,766,9585.05078125,0.2332332730293274,-13173.375,-13173.375,13119.4951171875,13156.7490234375,13246.2578125,13284.0,13284.0,105.9039077758789,-53.868995666503906,0.981133222579956,0.930154025554657,0.9908614158630371,0.1150754913687706,0.1150754913687706,0.0009387658792547882,0.959445059299469,0.2155366688966751,0.003857908770442009
G25,767,9597.5615234375,0.23223227262496948,-13173.427734375,-13173.427734375,13119.96875,13157.220703125,13246.2578125,13284.0,13284.0,105.674560546875,-53.448482513427734,0.9811825156211853,0.9302312731742859,0.9908885955810547,0.11466948688030243,0.11466948688030243,0.0009388981270603836,0.9595592617988586,0.2149648219347,0.0037807528860867023
G25,768,9610.072265625,0.2312312126159668,-13173.478515625,-13173.478515625,13120.4365234375,13157.689453125,13246.2578125,13284.0,13284.0,105.44613647460938,-53.03032684326172,0.9812315702438354,0.9303081631660461,0.9909154772758484,0.11426149308681488,0.11426149308681488,0.0009398164693266153,0.9596731066703796,0.2143954038619995,0.003707092022523284
G25,769,9622.5830078125,0.2302302122116089,-13173.529296875,-13173.529296875,13120.904296875,13158.154296875,13246.2578125,13284.0,13284.0,105.21859741210938,-52.612892150878906,0.9812804460525513,0.9303845763206482,0.9909422993659973,0.11385462433099747,0.11385462433099747,0.0009399690316058695,0.9597862958908081,0.21382851898670197,0.0036385194398462772
G25,770,9635.0927734375,0.22922921180725098,-13173.580078125,-13173.580078125,13121.37109375,13158.6201171875,13246.2578125,13284.0,13284.0,104.99197387695312,-52.197608947753906,0.9813290238380432,0.9304606318473816,0.9909690022468567,0.1134466677904129,0.1134466677904129,0.0009408992482349277,0.9598991274833679,0.21326403319835663,0.003571637673303485
G25,771,9647.603515625,0.22822821140289307,-13173.62890625,-13173.62890625,13121.8349609375,13159.0810546875,13246.2578125,13284.0,13284.0,104.7662353515625,-51.7834587097168,0.9813774228096008,0.9305363297462463,0.9909955859184265,0.11303891986608505,0.11303891986608505,0.0009410605998709798,0.9600115418434143,0.21270200610160828,0.0035047801211476326
G25,772,9660.1142578125,0.22722721099853516,-13173.6787109375,-13173.6787109375,13122.296875,13159.54296875,13246.2578125,13284.0,13284.0,104.54138946533203,-51.371036529541016,0.9814255237579346,0.9306115508079529,0.9910220503807068,0.11263084411621094,0.11263084411621094,0.0009420100250281394,0.9601233601570129,0.21214239299297333,0.003438630374148488
G25,773,9672.625,0.22622621059417725,-13173.728515625,-13173.728515625,13122.7578125,13160.0,13246.2578125,13284.0,13284.0,104.31742095947266,-50.96009826660156,0.9814735651016235,0.9306864142417908,0.991048276424408,0.11222246289253235,0.11222246289253235,0.0009421820868737996,0.9602347612380981,0.2115851789712906,0.003373589599505067
G25,774,9685.134765625,0.22522521018981934,-13173.77734375,-13173.77734375,13123.2158203125,13160.4580078125,13246.2578125,13284.0,13284.0,104.09432983398438,-50.55065155029297,0.9815213084220886,0.9307608604431152,0.9910745024681091,0.11181404441595078,0.11181404441595078,0.0009431063663214445,0.9603456854820251,0.21103037893772125,0.003306629369035363
G25,775,9697.6455078125,0.22422420978546143,-13173.826171875,-13173.826171875,13123.671875,13160.912109375,13246.2578125,13284.0,13284.0,103.87211608886719,-50.14282989501953,0.9815687537193298,0.930834949016571,0.9911004900932312,0.11140533536672592,0.11140533536672592,0.0009433120721951127,0.960456132888794,0.21047794818878174,0.0032412700820714235
G25,776,9710.15625,0.22322320938110352,-13173.873046875,-13173.873046875,13124.1259765625,13161.365234375,13246.2578125,13284.0,13284.0,103.65076446533203,-49.73651123046875,0.9816161394119263,0.9309086799621582,0.9911263585090637,0.11099626868963242,0.11099626868963242,0.0009441673173569143,0.9605661034584045,0.20992785692214966,0.003177973907440901
G25,777,9722.6669921875,0.2222222089767456,-13173.919921875,-13173.919921875,13124.578125,13161.81640625,13246.2578125,13284.0,13284.0,103.4302749633789,-49.3316650390625,0.9816632270812988,0.9309819340705872,0.9911521077156067,0.11058732122182846,0.11058732122182846,0.0009444350725971162,0.9606756567955017,0.2093801498413086,0.003120400942862034
G25,778,9735.1767578125,0.2212212085723877,-13173.966796875,-13173.966796875,13125.0283203125,13162.263671875,13246.2578125,13284.0,13284.0,103.21064758300781,-48.92852020263672,0.9817101359367371,0.9310547709465027,0.9911777377128601,0.11017750203609467,0.11017750203609467,0.0009452300728298724,0.9607847332954407,0.20883475244045258,0.0030700990464538336
G25,779,9747.6875,0.22022020816802979,-13174.0146484375,-13174.0146484375,13125.4765625,13162.712890625,13246.2578125,13284.0,13284.0,102.99186706542969,-48.5266227722168,0.9817568063735962,0.9311273097991943,0.9912033081054688,0.10976814478635788,0.10976814478635788,0.0009455179679207504,0.9608932733535767,0.208291694521904,0.0030300139915198088
G25,780,9760.1982421875,0.21921920776367188,-13174.0615234375,-13174.0615234375,13125.923828125,13163.15625,13246.2578125,13284.0,13284.0,102.77394104003906,-48.12657165527344,0.9818033576011658,0.9311994910240173,0.9912286996841431,0.10935784131288528,0.10935784131288528,0.0009462966118007898,0.961001455783844,0.20775091648101807,0.002998208161443472
G25,781,9772.708984375,0.21821820735931396,-13174.107421875,-13174.107421875,13126.3681640625,13163.6015625,13246.2578125,13284.0,13284.0,102.55685424804688,-47.72774124145508,0.9818495512008667,0.9312711954116821,0.9912540316581726,0.10894791036844254,0.10894791036844254,0.0009465671610087156,0.9611091613769531,0.20721246302127838,0.00297691416926682
G25,782,9785.21875,0.21721720695495605,-13174.15234375,-13174.15234375,13126.810546875,13164.041015625,13246.2578125,13284.0,13284.0,102.34061431884766,-47.330718994140625,0.9818956851959229,0.9313424825668335,0.9912790656089783,0.10853719711303711,0.10853719711303711,0.0009473704267293215,0.9612163305282593,0.20667627453804016,0.0029680184088647366
G25,783,9797.7294921875,0.21621620655059814,-13174.1982421875,-13174.1982421875,13127.251953125,13164.4814453125,13246.2578125,13284.0,13284.0,102.12519836425781,-46.935001373291016,0.9819414615631104,0.931413471698761,0.9913041591644287,0.10812652856111526,0.10812652856111526,0.0009476111736148596,0.9613232612609863,0.2061423510313034,0.0029709709342569113
G25,784,9810.240234375,0.21521520614624023,-13174.244140625,-13174.244140625,13127.69140625,13164.919921875,13246.2578125,13284.0,13284.0,101.91061401367188,-46.54094696044922,0.9819871783256531,0.931484043598175,0.9913290739059448,0.10771570354700089,0.10771570354700089,0.0009484240435995162,0.9614295363426208,0.20561067759990692,0.002988351508975029
G25,785,9822.7509765625,0.21421420574188232,-13174.287109375,-13174.287109375,13128.12890625,13165.353515625,13246.2578125,13284.0,13284.0,101.69685363769531,-46.148460388183594,0.9820326566696167,0.9315541386604309,0.9913538098335266,0.1073041707277298,0.1073041707277298,0.0009486721828579903,0.9615358114242554,0.20508122444152832,0.0030157002620399
G25,786,9835.2607421875,0.21321320533752441,-13174.33203125,-13174.33203125,13128.564453125,13165.7900390625,13246.2578125,13284.0,13284.0,101.48391723632812,-45.75733184814453,0.982077956199646,0.9316239953041077,0.9913785457611084,0.10689318180084229,0.10689318180084229,0.0009494414553046227,0.9616416692733765,0.20455403625965118,0.0030555042903870344
G25,787,9847.771484375,0.2122122049331665,-13174.376953125,-13174.376953125,13128.998046875,13166.21875,13246.2578125,13284.0,13284.0,101.27179718017578,-45.36806869506836,0.9821229577064514,0.931693434715271,0.9914030432701111,0.1064809188246727,0.1064809188246727,0.0009497476276010275,0.9617471098899841,0.20402903854846954,0.003104803618043661
G25,788,9860.2822265625,0.2112112045288086,-13174.419921875,-13174.419921875,13129.4296875,13166.6533203125,13246.2578125,13284.0,13284.0,101.06048583984375,-44.979923248291016,0.9821678996086121,0.9317624568939209,0.9914275407791138,0.10606958717107773,0.10606958717107773,0.0009504373883828521,0.9618520736694336,0.2035062462091446,0.003164269495755434
G25,789,9872.79296875,0.21021020412445068,-13174.462890625,-13174.462890625,13129.859375,13167.078125,13246.2578125,13284.0,13284.0,100.8499755859375,-44.593814849853516,0.9822125434875488,0.9318310618400574,0.9914517998695374,0.10565675795078278,0.10565675795078278,0.0009507989161647856,0.9619567394256592,0.20298561453819275,0.003233041614294052
G25,790,9885.3037109375,0.20920920372009277,-13174.5068359375,-13174.5068359375,13130.2880859375,13167.5068359375,13246.2578125,13284.0,13284.0,100.64027404785156,-44.20873260498047,0.9822570085525513,0.9318994283676147,0.9914759993553162,0.10524488985538483,0.10524488985538483,0.0009514388511888683,0.9620606899261475,0.2024671882390976,0.0033078468404710293
G25,791,9897.8134765625,0.20820820331573486,-13174.5498046875,-13174.5498046875,13130.7138671875,13167.9306640625,13246.2578125,13284.0,13284.0,100.43136596679688,-43.8256950378418,0.9823012948036194,0.9319673180580139,0.9915000796318054,0.10483161360025406,0.10483161360025406,0.0009518095175735652,0.9621645212173462,0.20195089280605316,0.0033848625607788563
G25,792,9910.32421875,0.20720720291137695,-13174.591796875,-13174.591796875,13131.138671875,13168.353515625,13246.2578125,13284.0,13284.0,100.22325134277344,-43.44373321533203,0.9823454022407532,0.9320348501205444,0.9915241003036499,0.10441915690898895,0.10441915690898895,0.0009524315828457475,0.9622676372528076,0.20143677294254303,0.003461210522800684
G25,793,9922.8349609375,0.20620620250701904,-13174.634765625,-13174.634765625,13131.5615234375,13168.7763671875,13246.265625,13284.0,13284.0,100.01591491699219,-43.063751220703125,0.9823892712593079,0.9321020245552063,0.9915478825569153,0.10400550067424774,0.10400550067424774,0.0009527800139039755,0.962370753288269,0.20092476904392242,0.0035334553103893995
G25,794,9935.345703125,0.20520520210266113,-13174.677734375,-13174.677734375,13131.982421875,13169.1923828125,13246.265625,13284.0,13284.0,99.80937194824219,-42.6849365234375,0.9824329614639282,0.93216872215271,0.9915716648101807,0.10359245538711548,0.10359245538711548,0.0009533800766803324,0.9624735713005066,0.20041489601135254,0.003597995499148965
G25,795,9947.85546875,0.20420420169830322,-13174.71875,-13174.71875,13132.4013671875,13169.6142578125,13246.265625,13284.0,13284.0,99.60360717773438,-42.30802536010742,0.9824764728546143,0.9322351217269897,0.9915952086448669,0.10317828506231308,0.10317828506231308,0.0009537280420772731,0.9625759720802307,0.199907124042511,0.003653142135590315
G25,796,9960.3662109375,0.2032032012939453,-13174.7607421875,-13174.7607421875,13132.8193359375,13170.0244140625,13246.265625,13284.0,13284.0,99.39862060546875,-41.93231964111328,0.982519805431366,0.9323012232780457,0.9916187524795532,0.1027647852897644,0.1027647852897644,0.0009542953339405358,0.9626777768135071,0.19940145313739777,0.0036932453513145447
G25,797,9972.876953125,0.2022022008895874,-13174.802734375,-13174.802734375,13133.234375,13170.443359375,13246.265625,13284.0,13284.0,99.19440460205078,-41.558528900146484,0.9825630187988281,0.9323669672012329,0.9916421175003052,0.10235007852315903,0.10235007852315903,0.0009546303772367537,0.9627794027328491,0.1988978534936905,0.003718955907970667
G25,798,9985.3876953125,0.2012012004852295,-13174.84375,-13174.84375,13133.6484375,13170.8505859375,13246.265625,13284.0,13284.0,98.99095153808594,-41.1859130859375,0.9826059937477112,0.932432234287262,0.9916654229164124,0.10193607956171036,0.10193607956171036,0.000955187133513391,0.9628804326057434,0.19839635491371155,0.0037247943691909313
G25,799,9997.8974609375,0.20020020008087158,-13174.884765625,-13174.884765625,13134.060546875,13171.265625,13246.265625,13284.0,13284.0,98.78826904296875,-40.81524658203125,0.9826487898826599,0.9324971437454224,0.9916886687278748,0.10152095556259155,0.10152095556259155,0.0009554944117553532,0.962981104850769,0.19789688289165497,0.0037131430581212044
G25,800,10010.408203125,0.19919919967651367,-13174.92578125,-13174.92578125,13134.470703125,13171.671875,13246.265625,13284.0,13284.0,98.58634185791016,-40.44578552246094,0.9826914072036743,0.9325616955757141,0.9917116165161133,0.10110624134540558,0.10110624134540558,0.0009560632752254605,0.9630813598632812,0.19739946722984314,0.0036805153358727694
G25,801,10022.9189453125,0.19819819927215576,-13174.966796875,-13174.966796875,13134.87890625,13172.0791015625,13246.265625,13284.0,13284.0,98.38516235351562,-40.07815170288086,0.9827337861061096,0.9326258897781372,0.9917346239089966,0.10069091618061066,0.10069091618061066,0.0009563376661390066,0.9631811380386353,0.19690409302711487,0.0036277680192142725
G25,802,10035.4296875,0.19719719886779785,-13175.0078125,-13175.0078125,13135.28515625,13172.484375,13246.265625,13284.0,13284.0,98.18473815917969,-39.71192932128906,0.9827761054039001,0.9326897859573364,0.9917574524879456,0.10027535259723663,0.10027535259723663,0.0009569186950102448,0.9632805585861206,0.19641076028347015,0.0035553027410060167
G25,803,10047.939453125,0.19619619846343994,-13175.046875,-13175.046875,13135.69140625,13172.88671875,13246.265625,13284.0,13284.0,97.98505401611328,-39.34728240966797,0.9828181862831116,0.9327532052993774,0.9917802214622498,0.09985989332199097,0.09985989332199097,0.0009571759146638215,0.9633795022964478,0.19591940939426422,0.0034638196229934692
G25,804,10060.4501953125,0.19519519805908203,-13175.087890625,-13175.087890625,13136.09375,13173.2900390625,13246.265625,13284.0,13284.0,97.78611755371094,-38.98434066772461,0.9828600287437439,0.9328163862228394,0.9918028712272644,0.09944352507591248,0.09944352507591248,0.00095776142552495,0.9634780883789062,0.19543005526065826,0.0033566795755177736
G25,805,10072.9609375,0.19419419765472412,-13175.126953125,-13175.126953125,13136.494140625,13173.6875,13246.265625,13284.0,13284.0,97.58792114257812,-38.622711181640625,0.9829016923904419,0.9328791499137878,0.9918254613876343,0.09902773797512054,0.09902773797512054,0.0009580181795172393,0.9635761976242065,0.19494271278381348,0.003234838368371129
G25,806,10085.4716796875,0.1931931972503662,-13175.1669921875,-13175.1669921875,13136.89453125,13174.087890625,13246.265625,13284.0,13284.0,97.39045715332031,-38.262969970703125,0.9829432368278503,0.9329414963722229,0.9918478727340698,0.09861088544130325,0.09861088544130325,0.0009586064261384308,0.963674008846283,0.19445732235908508,0.003102406393736601
G25,807,10097.9814453125,0.1921921968460083,-13175.20703125,-13175.20703125,13137.29296875,13174.482421875,13246.265625,13284.0,13284.0,97.19371795654297,-37.90448760986328,0.9829846024513245,0.9330035448074341,0.9918701648712158,0.09819445013999939,0.09819445013999939,0.0009588695247657597,0.9637712240219116,0.19397389888763428,0.002963097533211112
G25,808,10110.4921875,0.1911911964416504,-13175.24609375,-13175.24609375,13137.6884765625,13174.876953125,13246.265625,13284.0,13284.0,96.99771118164062,-37.54782485961914,0.9830257892608643,0.9330652356147766,0.9918924570083618,0.09777739644050598,0.09777739644050598,0.0009594729053787887,0.9638680815696716,0.19349242746829987,0.002821702975779772
G25,809,10123.0029296875,0.19019019603729248,-13175.28515625,-13175.28515625,13138.08203125,13175.2705078125,13246.265625,13284.0,13284.0,96.80242919921875,-37.19260025024414,0.9830667972564697,0.9331265687942505,0.9919146299362183,0.09736011177301407,0.09736011177301407,0.0009597380412742496,0.9639645218849182,0.19301289319992065,0.0026841373182833195
G25,810,10135.513671875,0.18918919563293457,-13175.32421875,-13175.32421875,13138.4755859375,13175.6611328125,13246.265625,13284.0,13284.0,96.60784912109375,-36.838958740234375,0.9831076264381409,0.9331874847412109,0.9919365644454956,0.09694289416074753,0.09694289416074753,0.0009603685466572642,0.9640606045722961,0.19253529608249664,0.0025563971139490604
G25,811,10148.0244140625,0.18818819522857666,-13175.36328125,-13175.36328125,13138.8662109375,13176.05078125,13246.265625,13284.0,13284.0,96.41399383544922,-36.48701477050781,0.9831482768058777,0.9332481026649475,0.991958498954773,0.09652489423751831,0.09652489423751831,0.0009606386884115636,0.9641561508178711,0.19205960631370544,0.002445213496685028
G25,812,10160.5341796875,0.18718719482421875,-13175.40234375,-13175.40234375,13139.255859375,13176.4375,13246.265625,13284.0,13284.0,96.22085571289062,-36.136444091796875,0.9831887483596802,0.9333083629608154,0.9919803142547607,0.09610727429389954,0.09610727429389954,0.0009612951544113457,0.9642513990402222,0.19158583879470825,0.0023548698518425226
G25,813,10173.044921875,0.18618619441986084,-13175.4404296875,-13175.4404296875,13139.642578125,13176.8251953125,13246.265625,13284.0,13284.0,96.02841186523438,-35.787696838378906,0.9832290410995483,0.9333682656288147,0.992002010345459,0.09568878263235092,0.09568878263235092,0.0009615854360163212,0.9643462300300598,0.19111394882202148,0.00228955433703959
G25,814,10185.5556640625,0.18518519401550293,-13175.478515625,-13175.478515625,13140.0283203125,13177.208984375,13246.265625,13284.0,13284.0,95.83668518066406,-35.44028854370117,0.983269214630127,0.9334277510643005,0.9920237064361572,0.09527060389518738,0.09527060389518738,0.0009622536599636078,0.9644405245780945,0.19064396619796753,0.002251011785119772
G25,815,10198.06640625,0.18418419361114502,-13175.517578125,-13175.517578125,13140.4130859375,13177.591796875,13246.265625,13284.0,13284.0,95.64564514160156,-35.09467315673828,0.9833092093467712,0.9334869980812073,0.9920451641082764,0.09485173970460892,0.09485173970460892,0.0009625693201087415,0.96453458070755,0.1901758462190628,0.002242172369733453
G25,816,10210.576171875,0.1831831932067871,-13175.5546875,-13175.5546875,13140.794921875,13177.9716796875,13246.265625,13284.0,13284.0,95.45530700683594,-34.75048828125,0.9833490252494812,0.9335457682609558,0.9920666217803955,0.09443298727273941,0.09443298727273941,0.0009632431319914758,0.9646281003952026,0.1897096037864685,0.0022631785832345486
G25,817,10223.0869140625,0.1821821928024292,-13175.59375,-13175.59375,13141.17578125,13178.3515625,13246.265625,13284.0,13284.0,95.26565551757812,-34.408016204833984,0.9833887219429016,0.9336042404174805,0.9920880198478699,0.09401370584964752,0.09401370584964752,0.0009635802125558257,0.9647212624549866,0.18924519419670105,0.0023124637082219124
G25,818,10235.59765625,0.1811811923980713,-13175.630859375,-13175.630859375,13141.5546875,13178.728515625,13246.265625,13284.0,13284.0,95.07669067382812,-34.06702423095703,0.9834281802177429,0.933662474155426,0.9921092391014099,0.09359443932771683,0.09359443932771683,0.0009642586228437722,0.9648139476776123,0.18878264725208282,0.0023834502790123224
G25,819,10248.1083984375,0.18018019199371338,-13175.6689453125,-13175.6689453125,13141.9326171875,13179.1044921875,13246.265625,13284.0,13284.0,94.88841247558594,-33.727725982666016,0.9834675192832947,0.9337202310562134,0.9921303391456604,0.09317472577095032,0.09317472577095032,0.0009646198595874012,0.9649062752723694,0.18832193315029144,0.002473275875672698
G25,820,10260.6181640625,0.17917919158935547,-13175.70703125,-13175.70703125,13142.3076171875,13179.4794921875,13246.265625,13284.0,13284.0,94.70082092285156,-33.38994216918945,0.9835066795349121,0.9337776899337769,0.9921513795852661,0.09275490045547485,0.09275490045547485,0.0009652767912484705,0.964998185634613,0.1878630369901657,0.002576895523816347
G25,821,10273.12890625,0.17817819118499756,-13175.744140625,-13175.744140625,13142.681640625,13179.8505859375,13246.265625,13284.0,13284.0,94.51390075683594,-33.053802490234375,0.98354572057724,0.9338347911834717,0.992172360420227,0.09233482927083969,0.09233482927083969,0.0009656739421188831,0.965089738368988,0.18740594387054443,0.002692877547815442
G25,822,10285.6396484375,0.17717719078063965,-13175.7822265625,-13175.7822265625,13143.0546875,13180.2236328125,13246.265625,13284.0,13284.0,94.32765197753906,-32.7192497253418,0.9835845232009888,0.9338915348052979,0.9921931624412537,0.09191440045833588,0.09191440045833588,0.0009662827360443771,0.9651808142662048,0.18695068359375,0.002814375562593341
G25,823,10298.150390625,0.17617619037628174,-13175.8203125,-13175.8203125,13143.4248046875,13180.58984375,13246.265625,13284.0,13284.0,94.14208984375,-32.38625717163086,0.983623206615448,0.9339479207992554,0.9922139048576355,0.09149397909641266,0.09149397909641266,0.0009667077683843672,0.965271532535553,0.18649721145629883,0.002934098709374666
G25,824,10310.66015625,0.17517518997192383,-13175.857421875,-13175.857421875,13143.79296875,13180.958984375,13246.265625,13284.0,13284.0,93.95718383789062,-32.05495071411133,0.9836617708206177,0.9340040683746338,0.9922345876693726,0.09107304364442825,0.09107304364442825,0.0009672573069110513,0.9653617143630981,0.18604551255702972,0.0030509629286825657
G25,825,10323.1708984375,0.17417418956756592,-13175.89453125,-13175.89453125,13144.1611328125,13181.32421875,13246.265625,13284.0,13284.0,93.77293395996094,-31.725143432617188,0.9837000966072083,0.9340596795082092,0.9922552108764648,0.09065213799476624,0.09065213799476624,0.000967692700214684,0.9654515981674194,0.18559560179710388,0.003157780971378088
G25,826,10335.681640625,0.173173189163208,-13175.93359375,-13175.93359375,13144.5263671875,13181.6884765625,13246.265625,13284.0,13284.0,93.58934020996094,-31.397037506103516,0.9837383031845093,0.9341151118278503,0.9922756552696228,0.09023083746433258,0.09023083746433258,0.0009681991650722921,0.9655409455299377,0.1851474493741989,0.0032603314612060785
G25,827,10348.1923828125,0.1721721887588501,-13175.9697265625,-13175.9697265625,13144.890625,13182.052734375,13246.265625,13284.0,13284.0,93.40641784667969,-31.070480346679688,0.9837763905525208,0.9341701865196228,0.992296040058136,0.08980925381183624,0.08980925381183624,0.0009686143021099269,0.9656299352645874,0.18470105528831482,0.0033495104871690273
G25,828,10360.703125,0.1711711883544922,-13176.0078125,-13176.0078125,13145.25390625,13182.4111328125,13246.265625,13284.0,13284.0,93.22413635253906,-30.745513916015625,0.9838142991065979,0.9342249035835266,0.9923163652420044,0.08938778191804886,0.08938778191804886,0.0009690963779576123,0.9657184481620789,0.1842563897371292,0.003428154857829213
G25,829,10373.212890625,0.17017018795013428,-13176.044921875,-13176.044921875,13145.6142578125,13182.7724609375,13246.265625,13284.0,13284.0,93.0425033569336,-30.422269821166992,0.9838520884513855,0.934279203414917,0.9923365712165833,0.08896549791097641,0.08896549791097641,0.000969450396951288,0.9658066034317017,0.18381348252296448,0.0034909311216324568
G25,830,10385.7236328125,0.16916918754577637,-13176.08203125,-13176.08203125,13145.97265625,13183.1279296875,13246.265625,13284.0,13284.0,92.86152648925781,-30.100439071655273,0.9838896989822388,0.9343332052230835,0.9923567771911621,0.08854375034570694,0.08854375034570694,0.0009699036017991602,0.965894341468811,0.18337230384349823,0.003536258125677705
G25,831,10398.234375,0.16816818714141846,-13176.1201171875,-13176.1201171875,13146.3310546875,13183.486328125,13246.265625,13284.0,13284.0,92.68118286132812,-29.78048324584961,0.9839271306991577,0.9343869090080261,0.9923766851425171,0.0881209447979927,0.0881209447979927,0.0009702080860733986,0.965981662273407,0.18293282389640808,0.0035698728170245886
G25,832,10410.7451171875,0.16716718673706055,-13176.1572265625,-13176.1572265625,13146.6865234375,13183.8388671875,13246.265625,13284.0,13284.0,92.50149536132812,-29.46186065673828,0.9839643239974976,0.9344401955604553,0.9923966526985168,0.0876987874507904,0.0876987874507904,0.0009706083801575005,0.9660686254501343,0.18249507248401642,0.0035851099528372288
G25,833,10423.2548828125,0.16616618633270264,-13176.1953125,-13176.1953125,13147.041015625,13184.193359375,13246.2734375,13284.0,13284.0,92.32241821289062,-29.145145416259766,0.9840015172958374,0.9344933032989502,0.992416501045227,0.08727556467056274,0.08727556467056274,0.0009708855650387704,0.966155469417572,0.18205900490283966,0.0035878033377230167
G25,834,10435.765625,0.16516518592834473,-13176.2314453125,-13176.2314453125,13147.3935546875,13184.54296875,13246.2734375,13284.0,13284.0,92.14399719238281,-28.82976531982422,0.9840384721755981,0.9345459938049316,0.9924363493919373,0.08685298264026642,0.08685298264026642,0.0009712263708934188,0.9662419557571411,0.1816246509552002,0.0035744740162044764
G25,835,10448.2763671875,0.16416418552398682,-13176.26953125,-13176.26953125,13147.744140625,13184.8935546875,13246.2734375,13284.0,13284.0,91.9661865234375,-28.516298294067383,0.9840753674507141,0.9345982670783997,0.9924559593200684,0.08642935752868652,0.08642935752868652,0.0009714947664178908,0.9663281440734863,0.18119195103645325,0.003544512204825878
G25,836,10460.787109375,0.1631631851196289,-13176.306640625,-13176.306640625,13148.09375,13185.240234375,13246.2734375,13284.0,13284.0,91.78900909423828,-28.20417594909668,0.984112024307251,0.9346503019332886,0.9924755692481995,0.08600630611181259,0.08600630611181259,0.0009717966895550489,0.9664138555526733,0.1807609498500824,0.0035035645123571157
G25,837,10473.296875,0.162162184715271,-13176.34375,-13176.34375,13148.44140625,13185.587890625,13246.2734375,13284.0,13284.0,91.61245727539062,-27.893939971923828,0.9841486215591431,0.9347019791603088,0.9924951791763306,0.08558234572410583,0.08558234572410583,0.0009720740490593016,0.9664993286132812,0.18033158779144287,0.003451576456427574
G25,838,10485.8076171875,0.16116118431091309,-13176.380859375,-13176.380859375,13148.787109375,13185.9326171875,13246.2734375,13284.0,13284.0,91.43651580810547,-27.58510398864746,0.984184980392456,0.9347532987594604,0.9925145506858826,0.08515869826078415,0.08515869826078415,0.0009723695111460984,0.9665842652320862,0.17990387976169586,0.0033908176701515913
G25,839,10498.318359375,0.16016018390655518,-13176.4189453125,-13176.4189453125,13149.130859375,13186.275390625,13246.2734375,13284.0,13284.0,91.26119995117188,-27.278064727783203,0.9842212200164795,0.9348042607307434,0.9925339221954346,0.08473452925682068,0.08473452925682068,0.0009726641583256423,0.9666688442230225,0.17947781085968018,0.0033226902596652508
G25,840,10510.8291015625,0.15915918350219727,-13176.45703125,-13176.45703125,13149.474609375,13186.6171875,13246.2734375,13284.0,13284.0,91.08648681640625,-26.97255516052246,0.9842574000358582,0.9348549842834473,0.992553174495697,0.08431010693311691,0.08431010693311691,0.0009729873272590339,0.9667531251907349,0.179053395986557,0.00325186038389802
G25,841,10523.3388671875,0.15815818309783936,-13176.494140625,-13176.494140625,13149.81640625,13186.9560546875,13246.2734375,13284.0,13284.0,90.91239929199219,-26.668663024902344,0.9842933416366577,0.9349052906036377,0.9925723671913147,0.08388584107160568,0.08388584107160568,0.0009733083425089717,0.9668369889259338,0.17863060534000397,0.0031761310528963804
G25,842,10535.849609375,0.15715718269348145,-13176.53125,-13176.53125,13150.15625,13187.294921875,13246.2734375,13284.0,13284.0,90.73890686035156,-26.366519927978516,0.9843291640281677,0.9349552989006042,0.9925915002822876,0.08346060663461685,0.08346060663461685,0.0009736691717989743,0.9669204354286194,0.17820940911769867,0.003101707436144352
G25,843,10548.3603515625,0.15615618228912354,-13176.568359375,-13176.568359375,13150.494140625,13187.630859375,13246.2734375,13284.0,13284.0,90.56602478027344,-26.065778732299805,0.984364926815033,0.9350050091743469,0.992610514163971,0.08303601294755936,0.08303601294755936,0.0009740330278873444,0.9670034646987915,0.1777898520231247,0.0030267832335084677
G25,844,10560.87109375,0.15515518188476562,-13176.607421875,-13176.607421875,13150.830078125,13187.9677734375,13246.2734375,13284.0,13284.0,90.39374542236328,-25.76693344116211,0.9844004511833191,0.9350543022155762,0.9926294088363647,0.08261032402515411,0.08261032402515411,0.0009744266280904412,0.9670860767364502,0.17737184464931488,0.0029531356412917376
G25,845,10573.380859375,0.15415418148040771,-13176.64453125,-13176.64453125,13151.1650390625,13188.2998046875,13246.2734375,13284.0,13284.0,90.22205352783203,-25.469451904296875,0.9844357967376709,0.9351034164428711,0.9926482439041138,0.08218508958816528,0.08218508958816528,0.0009748358279466629,0.9671685099601746,0.1769554615020752,0.0028808414936065674
G25,846,10585.8916015625,0.1531531810760498,-13176.681640625,-13176.681640625,13151.498046875,13188.6337890625,13246.2734375,13284.0,13284.0,90.05096435546875,-25.173816680908203,0.9844710230827332,0.9351521134376526,0.992667019367218,0.08175909519195557,0.08175909519195557,0.0009752401383593678,0.967250406742096,0.17654065787792206,0.0028085235971957445
G25,847,10598.40234375,0.1521521806716919,-13176.71875,-13176.71875,13151.8310546875,13188.962890625,13246.2734375,13284.0,13284.0,89.8804702758789,-24.879650115966797,0.9845061302185059,0.9352004528045654,0.9926856756210327,0.08133327215909958,0.08133327215909958,0.0009756793733686209,0.9673319458961487,0.17612741887569427,0.002738726558163762
G25,848,10610.9130859375,0.15115118026733398,-13176.7578125,-13176.7578125,13152.16015625,13189.29296875,13246.2734375,13284.0,13284.0,89.71055603027344,-24.587238311767578,0.984541118144989,0.9352485537528992,0.9927043914794922,0.08090683072805405,0.08090683072805405,0.0009760708198882639,0.9674131274223328,0.17571574449539185,0.0026691218372434378
G25,849,10623.423828125,0.15015017986297607,-13176.794921875,-13176.794921875,13152.490234375,13189.619140625,13246.2734375,13284.0,13284.0,89.54122924804688,-24.296350479125977,0.9845759868621826,0.9352962970733643,0.9927229285240173,0.08048068732023239,0.08048068732023239,0.0009764997521415353,0.9674939513206482,0.17530561983585358,0.002601798390969634
G25,850,10635.93359375,0.14914917945861816,-13176.83203125,-13176.83203125,13152.81640625,13189.9462890625,13246.2734375,13284.0,13284.0,89.37249755859375,-24.00725555419922,0.9846106171607971,0.9353436231613159,0.9927413463592529,0.08005353808403015,0.08005353808403015,0.000976876588538289,0.9675745964050293,0.17489704489707947,0.002536844927817583
G25,851,10648.4443359375,0.14814817905426025,-13176.8701171875,-13176.8701171875,13153.142578125,13190.26953125,13246.2734375,13284.0,13284.0,89.20433044433594,-23.71957015991211,0.9846453070640564,0.9353907704353333,0.9927597045898438,0.07962733507156372,0.07962733507156372,0.000977256684564054,0.9676545858383179,0.17448998987674713,0.0024745005648583174
G25,852,10660.955078125,0.14714717864990234,-13176.908203125,-13176.908203125,13153.4658203125,13190.5927734375,13246.2734375,13284.0,13284.0,89.0367431640625,-23.433874130249023,0.9846797585487366,0.9354375004768372,0.9927780032157898,0.0791994035243988,0.0791994035243988,0.0009776282822713256,0.9677344560623169,0.17408448457717896,0.0024156267754733562
G25,853,10673.4658203125,0.14614617824554443,-13176.9462890625,-13176.9462890625,13153.7880859375,13190.9140625,13246.2734375,13284.0,13284.0,88.86973571777344,-23.14937973022461,0.9847140312194824,0.9354839324951172,0.9927962422370911,0.07877301424741745,0.07877301424741745,0.0009779563406482339,0.9678139090538025,0.17368049919605255,0.002360888523980975
G25,854,10685.9755859375,0.14514517784118652,-13176.984375,-13176.984375,13154.109375,13191.232421875,13246.2734375,13284.0,13284.0,88.70330047607422,-22.867046356201172,0.9847482442855835,0.9355300664901733,0.9928143620491028,0.07834465056657791,0.07834465056657791,0.000978322816081345,0.9678930640220642,0.17327800393104553,0.0023087696172297
G25,855,10698.486328125,0.1441441774368286,-13177.021484375,-13177.021484375,13154.427734375,13191.552734375,13246.2734375,13284.0,13284.0,88.53742980957031,-22.58584976196289,0.9847822189331055,0.9355758428573608,0.9928324222564697,0.07791757583618164,0.07791757583618164,0.0009786371374502778,0.9679717421531677,0.17287702858448029,0.0022602893877774477
G25,856,10710.9970703125,0.1431431770324707,-13177.060546875,-13177.060546875,13154.74609375,13191.8671875,13246.2734375,13284.0,13284.0,88.37212371826172,-22.306739807128906,0.9848161935806274,0.9356213808059692,0.9928504228591919,0.07748926430940628,0.07748926430940628,0.0009789932519197464,0.9680501818656921,0.17247755825519562,0.0022139407228678465
G25,857,10723.5078125,0.1421421766281128,-13177.099609375,-13177.099609375,13155.0625,13192.18359375,13246.2734375,13284.0,13284.0,88.20738220214844,-22.02898406982422,0.9848499894142151,0.935666561126709,0.9928683638572693,0.07706115394830704,0.07706115394830704,0.00097933248616755,0.9681282043457031,0.17207957804203033,0.0021696786861866713
G25,858,10736.017578125,0.14114117622375488,-13177.1376953125,-13177.1376953125,13155.376953125,13192.49609375,13246.2734375,13284.0,13284.0,88.04320526123047,-21.753002166748047,0.9848836064338684,0.9357113242149353,0.9928862452507019,0.076633021235466,0.076633021235466,0.0009796939557418227,0.9682059288024902,0.17168305814266205,0.0021303826943039894
G25,859,10748.5283203125,0.14014017581939697,-13177.1767578125,-13177.1767578125,13155.689453125,13192.80859375,13246.2734375,13284.0,13284.0,87.87958526611328,-21.478729248046875,0.9849170446395874,0.9357559084892273,0.992904007434845,0.07620386779308319,0.07620386779308319,0.000980063108727336,0.9682832360267639,0.17128802835941315,0.0020969652105122805
G25,860,10761.0390625,0.13913917541503906,-13177.21484375,-13177.21484375,13156.001953125,13193.119140625,13246.2734375,13284.0,13284.0,87.71650695800781,-21.20588493347168,0.9849504232406616,0.9358000755310059,0.9929216504096985,0.07577581703662872,0.07577581703662872,0.0009804508881643414,0.9683601260185242,0.17089445888996124,0.0020698467269539833
G25,861,10773.5498046875,0.13813817501068115,-13177.2548828125,-13177.2548828125,13156.3115234375,13193.427734375,13246.2734375,13284.0,13284.0,87.55400085449219,-20.935062408447266,0.9849836826324463,0.9358440041542053,0.9929392337799072,0.07534581422805786,0.07534581422805786,0.0009808519389480352,0.9684368968009949,0.17050233483314514,0.002046688925474882
G25,862,10786.0595703125,0.13713717460632324,-13177.29296875,-13177.29296875,13156.6201171875,13193.736328125,13246.2734375,13284.0,13284.0,87.39202880859375,-20.665422439575195,0.9850167632102966,0.9358875155448914,0.9929568767547607,0.0749175176024437,0.0749175176024437,0.000981269869953394,0.9685130715370178,0.17011168599128723,0.002023412613198161
G25,863,10798.5703125,0.13613617420196533,-13177.33203125,-13177.33203125,13156.9267578125,13194.041015625,13246.2734375,13284.0,13284.0,87.23060607910156,-20.397966384887695,0.985049843788147,0.9359307885169983,0.9929742813110352,0.0744870975613594,0.0744870975613594,0.0009816917590796947,0.9685889482498169,0.16972246766090393,0.002002764493227005
G25,864,10811.0810546875,0.13513517379760742,-13177.3720703125,-13177.3720703125,13157.232421875,13194.345703125,13246.2734375,13284.0,13284.0,87.06973266601562,-20.13165283203125,0.9850826859474182,0.9359737038612366,0.9929916858673096,0.0740581676363945,0.0740581676363945,0.0009821443818509579,0.9686644673347473,0.16933467984199524,0.001985738519579172
G25,865,10823.591796875,0.1341341733932495,-13177.412109375,-13177.412109375,13157.537109375,13194.6474609375,13246.2734375,13284.0,13284.0,86.90939331054688,-19.867462158203125,0.9851154685020447,0.936016321182251,0.993009090423584,0.07362759858369827,0.07362759858369827,0.0009825618471950293,0.9687397480010986,0.16894832253456116,0.001973239006474614
G25,866,10836.1015625,0.1331331729888916,-13177.451171875,-13177.451171875,13157.8388671875,13194.951171875,13246.2734375,13284.0,13284.0,86.74959564208984,-19.604551315307617,0.9851480722427368,0.9360585808753967,0.9930263757705688,0.07319795340299606,0.07319795340299606,0.0009830448543652892,0.968814492225647,0.16856339573860168,0.0019619502127170563
G25,867,10848.6123046875,0.1321321725845337,-13177.490234375,-13177.490234375,13158.1396484375,13195.2490234375,13246.2734375,13284.0,13284.0,86.59033203125,-19.343608856201172,0.9851805567741394,0.9361006021499634,0.9930435419082642,0.0727672427892685,0.0727672427892685,0.0009834341472014785,0.968889057636261,0.16817986965179443,0.0019522429211065173
G25,868,10861.123046875,0.13113117218017578,-13177.53125,-13177.53125,13158.439453125,13195.548828125,13246.2734375,13284.0,13284.0,86.43161010742188,-19.084108352661133,0.9852129220962524,0.9361422657966614,0.9930605888366699,0.07233693450689316,0.07233693450689316,0.000983944977633655,0.9689633250236511,0.1677977442741394,0.0019450741820037365
G25,869,10873.6337890625,0.13013017177581787,-13177.5703125,-13177.5703125,13158.736328125,13195.8447265625,13246.2734375,13284.0,13284.0,86.2734146118164,-18.826435089111328,0.9852451682090759,0.9361836314201355,0.9930776357650757,0.07190603762865067,0.07190603762865067,0.0009842851432040334,0.9690371751785278,0.1674170345067978,0.0019395631970837712
G25,870,10886.14453125,0.12912917137145996,-13177.611328125,-13177.611328125,13159.033203125,13196.140625,13246.2734375,13284.0,13284.0,86.11573791503906,-18.570331573486328,0.9852773547172546,0.9362246990203857,0.9930946826934814,0.07147517800331116,0.07147517800331116,0.0009848173940554261,0.9691107273101807,0.167037695646286,0.0019348354544490576
G25,871,10898.654296875,0.12812811136245728,-13177.6513671875,-13177.6513671875,13159.328125,13196.4345703125,13246.2734375,13284.0,13284.0,85.95860290527344,-18.315956115722656,0.9853093028068542,0.9362654685974121,0.9931116104125977,0.07104388624429703,0.07104388624429703,0.0009851156501099467,0.9691838622093201,0.16665975749492645,0.0019310377538204193
G25,872,10911.1650390625,0.12712711095809937,-13177.6923828125,-13177.6923828125,13159.6220703125,13196.7255859375,13246.2734375,13284.0,13284.0,85.80198669433594,-18.06320571899414,0.9853411912918091,0.9363058805465698,0.9931284189224243,0.07061261683702469,0.07061261683702469,0.0009856447577476501,0.9692568182945251,0.16628319025039673,0.0019293091027066112
G25,873,10923.67578125,0.12612611055374146,-13177.7333984375,-13177.7333984375,13159.9130859375,13197.0185546875,13246.2734375,13284.0,13284.0,85.64588928222656,-17.81218719482422,0.9853729605674744,0.9363460540771484,0.993145227432251,0.07018092274665833,0.07018092274665833,0.000985940103419125,0.9693294167518616,0.16590799391269684,0.0019300415879115462
G25,874,10936.1865234375,0.12512511014938354,-13177.7744140625,-13177.7744140625,13160.203125,13197.3056640625,13246.2734375,13284.0,13284.0,85.49030303955078,-17.562789916992188,0.9854045510292053,0.9363858699798584,0.9931619167327881,0.06974923610687256,0.06974923610687256,0.0009864384774118662,0.9694017171859741,0.16553416848182678,0.0019317329861223698
G25,875,10948.6962890625,0.12412410974502563,-13177.8154296875,-13177.8154296875,13160.4921875,13197.595703125,13246.2734375,13284.0,13284.0,85.33523559570312,-17.315122604370117,0.9854360818862915,0.9364253878593445,0.9931784868240356,0.06931708753108978,0.06931708753108978,0.0009867835324257612,0.969473659992218,0.16516168415546417,0.0019324063323438168
G25,876,10961.20703125,0.12312310934066772,-13177.857421875,-13177.857421875,13160.7802734375,13197.880859375,13246.2734375,13284.0,13284.0,85.18069458007812,-17.06907081604004,0.9854674339294434,0.9364645481109619,0.9931950569152832,0.06888503581285477,0.06888503581285477,0.0009872271912172437,0.969545304775238,0.1647905558347702,0.001930859056301415
G25,877,10973.7177734375,0.12212210893630981,-13177.8984375,-13177.8984375,13161.06640625,13198.166015625,13246.2734375,13284.0,13284.0,85.02664184570312,-16.824771881103516,0.98549884557724,0.9365034699440002,0.9932115077972412,0.06845242530107498,0.06845242530107498,0.0009876539697870612,0.9696166515350342,0.16442076861858368,0.0019281231798231602
G25,878,10986.228515625,0.1211211085319519,-13177.939453125,-13177.939453125,13161.349609375,13198.4501953125,13246.2734375,13284.0,13284.0,84.87311553955078,-16.582067489624023,0.9855299592018127,0.9365420341491699,0.993228018283844,0.06801996380090714,0.06801996380090714,0.0009880427969619632,0.9696875810623169,0.1640523076057434,0.0019257479580119252
G25,879,10998.73828125,0.120120108127594,-13177.982421875,-13177.982421875,13161.6328125,13198.7314453125,13246.2734375,13284.0,13284.0,84.7200927734375,-16.341129302978516,0.985560953617096,0.9365803003311157,0.9932443499565125,0.0675869807600975,0.0675869807600975,0.0009885499021038413,0.9697582125663757,0.16368518769741058,0.0019249481847509742
G25,880,11011.2490234375,0.11911910772323608,-13178.0244140625,-13178.0244140625,13161.9140625,13199.013671875,13246.2734375,13284.0,13284.0,84.56756591796875,-16.10179901123047,0.9855919480323792,0.9366182684898376,0.9932606816291809,0.06715404242277145,0.06715404242277145,0.000988904619589448,0.9698286056518555,0.163319393992424,0.0019248855533078313
G25,881,11023.759765625,0.11811810731887817,-13178.06640625,-13178.06640625,13162.1943359375,13199.291015625,13246.2734375,13284.0,13284.0,84.41554260253906,-15.864214897155762,0.9856227040290833,0.9366559386253357,0.9932768940925598,0.06672064960002899,0.06672064960002899,0.0009894678369164467,0.9698985815048218,0.1629548966884613,0.0019239827524870634
G25,882,11036.2705078125,0.11711710691452026,-13178.1083984375,-13178.1083984375,13162.47265625,13199.5703125,13246.2734375,13284.0,13284.0,84.26402282714844,-15.628257751464844,0.9856534004211426,0.9366932511329651,0.9932931661605835,0.06628734618425369,0.06628734618425369,0.0009898178977891803,0.9699683785438538,0.16259171068668365,0.0019219624809920788
G25,883,11048.7802734375,0.11611610651016235,-13178.15234375,-13178.15234375,13162.75,13199.845703125,13246.2734375,13284.0,13284.0,84.11299896240234,-15.394057273864746,0.9856839776039124,0.9367302656173706,0.9933092594146729,0.06585343927145004,0.06585343927145004,0.0009904028847813606,0.9700377583503723,0.16222983598709106,0.001920243026688695
G25,884,11061.291015625,0.11511510610580444,-13178.1943359375,-13178.1943359375,13163.025390625,13200.12109375,13246.2734375,13284.0,13284.0,83.96247100830078,-15.161452293395996,0.9857144951820374,0.9367671012878418,0.9933252334594727,0.06541990488767624,0.06541990488767624,0.000990777974948287,0.9701067805290222,0.16186925768852234,0.00192056514788419
G25,885,11073.8017578125,0.11411410570144653,-13178.23828125,-13178.23828125,13163.298828125,13200.39453125,13246.2734375,13284.0,13284.0,83.81242370605469,-14.930665969848633,0.9857448935508728,0.9368035197257996,0.9933412671089172,0.06498537212610245,0.06498537212610245,0.0009913541143760085,0.9701756238937378,0.16150996088981628,0.0019228738965466619
G25,886,11086.3125,0.11311310529708862,-13178.28125,-13178.28125,13163.572265625,13200.666015625,13246.2734375,13284.0,13284.0,83.66287231445312,-14.701393127441406,0.9857751131057739,0.9368395805358887,0.9933571219444275,0.06455168128013611,0.06455168128013611,0.0009917722782120109,0.9702440500259399,0.1611519455909729,0.0019241583067923784
G25,887,11098.8232421875,0.11211210489273071,-13178.3251953125,-13178.3251953125,13163.84375,13200.9365234375,13246.2734375,13284.0,13284.0,83.51380920410156,-14.47404956817627,0.9858052134513855,0.9368755221366882,0.9933730363845825,0.064116470515728,0.064116470515728,0.000992323039099574,0.9703123569488525,0.160795196890831,0.0019230407197028399
G25,888,11111.3330078125,0.1111111044883728,-13178.369140625,-13178.369140625,13164.11328125,13201.205078125,13246.2734375,13284.0,13284.0,83.365234375,-14.248102188110352,0.9858352541923523,0.9369110465049744,0.9933887720108032,0.06368263065814972,0.06368263065814972,0.0009927800856530666,0.9703801870346069,0.16043972969055176,0.0019186079734936357
G25,889,11123.84375,0.11011010408401489,-13178.4130859375,-13178.4130859375,13164.380859375,13201.47265625,13246.2734375,13284.0,13284.0,83.21713256835938,-14.024200439453125,0.9858651757240295,0.9369462132453918,0.9934045672416687,0.06324682384729385,0.06324682384729385,0.0009933002293109894,0.9704477787017822,0.1600855141878128,0.0019145736005157232
G25,890,11136.3544921875,0.10910910367965698,-13178.45703125,-13178.45703125,13164.6484375,13201.73828125,13246.2734375,13284.0,13284.0,83.06951904296875,-13.80160903930664,0.9858949780464172,0.936981201171875,0.9934201836585999,0.06281266361474991,0.06281266361474991,0.0009937704307958484,0.9705151915550232,0.15973256528377533,0.0019107257248833776
G25,891,11148.865234375,0.10810810327529907,-13178.501953125,-13178.501953125,13164.9130859375,13202.00390625,13246.2734375,13284.0,13284.0,82.92237854003906,-13.581114768981934,0.9859246611595154,0.9370158314704895,0.9934358596801758,0.06237652152776718,0.06237652152776718,0.0009942541364580393,0.9705823063850403,0.15938086807727814,0.0019096521427854896
G25,892,11161.375,0.10710710287094116,-13178.546875,-13178.546875,13165.1767578125,13202.267578125,13246.2734375,13284.0,13284.0,82.77571105957031,-13.361936569213867,0.9859542846679688,0.9370501637458801,0.9934513568878174,0.0619417242705822,0.0619417242705822,0.0009947122307494283,0.9706491231918335,0.15903040766716003,0.0019086857791990042
G25,893,11173.8857421875,0.10610610246658325,-13178.5927734375,-13178.5927734375,13165.439453125,13202.5283203125,13246.2734375,13284.0,13284.0,82.62953186035156,-13.144789695739746,0.985983669757843,0.9370841979980469,0.9934667944908142,0.06150555610656738,0.06150555610656738,0.0009951579850167036,0.9707157611846924,0.15868118405342102,0.0019079531775787473
G25,894,11186.396484375,0.10510510206222534,-13178.63671875,-13178.63671875,13165.701171875,13202.7890625,13246.2734375,13284.0,13284.0,82.48381042480469,-12.929095268249512,0.9860131144523621,0.937117874622345,0.9934822916984558,0.06106990948319435,0.06106990948319435,0.000995595008134842,0.9707820415496826,0.1583331972360611,0.0019050620030611753
G25,895,11198.9072265625,0.10410410165786743,-13178.68359375,-13178.68359375,13165.9609375,13203.048828125,13246.2734375,13284.0,13284.0,82.33856964111328,-12.715255737304688,0.9860423803329468,0.937151312828064,0.9934976100921631,0.06063378229737282,0.06063378229737282,0.0009960271418094635,0.9708482027053833,0.15798643231391907,0.0019023226341232657
G25,896,11211.4169921875,0.10310310125350952,-13178.728515625,-13178.728515625,13166.21875,13203.3046875,13246.2734375,13284.0,13284.0,82.19378662109375,-12.503061294555664,0.9860715270042419,0.9371844530105591,0.9935129284858704,0.0601973757147789,0.0601973757147789,0.0009964394848793745,0.9709140658378601,0.15764088928699493,0.0019018563907593489
G25,897,11223.927734375,0.10210210084915161,-13178.7744140625,-13178.7744140625,13166.474609375,13203.5625,13246.2734375,13284.0,13284.0,82.04946899414062,-12.292556762695312,0.9861004948616028,0.9372172355651855,0.9935281872749329,0.05976105108857155,0.05976105108857155,0.0009968939702957869,0.970979630947113,0.1572965532541275,0.0019039111211895943
G25,898,11236.4384765625,0.1011011004447937,-13178.8203125,-13178.8203125,13166.73046875,13203.81640625,13246.2734375,13284.0,13284.0,81.90560913085938,-12.08381462097168,0.9861295223236084,0.9372498393058777,0.9935433864593506,0.05932419374585152,0.05932419374585152,0.0009972860570997,0.9710450768470764,0.15695342421531677,0.0019063950749114156
G25,899,11248.94921875,0.10010010004043579,-13178.8681640625,-13178.8681640625,13166.984375,13204.0703125,13246.2734375,13284.0,13284.0,81.76222229003906,-11.876714706420898,0.9861583709716797,0.9372820854187012,0.9935584664344788,0.058887358754873276,0.058887358754873276,0.0009977816371247172,0.9711101651191711,0.15661148726940155,0.0019065289525315166
G25,900,11261.458984375,0.09909909963607788,-13178.9140625,-13178.9140625,13167.236328125,13204.3203125,13246.2734375,13284.0,13284.0,81.61929321289062,-11.671367645263672,0.9861870408058167,0.9373140335083008,0.9935734868049622,0.05845029652118683,0.05845029652118683,0.000998167903162539,0.9711750745773315,0.15627075731754303,0.0019049601396545768
G25,901,11273.9697265625,0.09809809923171997,-13178.9619140625,-13178.9619140625,13167.4873046875,13204.572265625,13246.2734375,13284.0,13284.0,81.47681427001953,-11.46772575378418,0.9862157106399536,0.9373456239700317,0.9935885667800903,0.05801284313201904,0.05801284313201904,0.0009986930526793003,0.9712396860122681,0.15593120455741882,0.0019026213558390737
G25,902,11286.48046875,0.09709709882736206,-13179.009765625,-13179.009765625,13167.7373046875,13204.8203125,13246.2734375,13284.0,13284.0,81.33478546142578,-11.265756607055664,0.9862442016601562,0.9373769760131836,0.993603527545929,0.057575520128011703,0.057575520128011703,0.0009990992257371545,0.9713041186332703,0.15559284389019012,0.0019000556785613298
G25,903,11298.9912109375,0.09609609842300415,-13179.0576171875,-13179.0576171875,13167.9853515625,13205.068359375,13246.2734375,13284.0,13284.0,81.19322204589844,-11.06556510925293,0.9862725734710693,0.9374079704284668,0.9936184883117676,0.05713764578104019,0.05713764578104019,0.0009996281005442142,0.9713683128356934,0.15525566041469574,0.0018983053741976619
G25,904,11311.5009765625,0.09509509801864624,-13179.10546875,-13179.10546875,13168.232421875,13205.314453125,13246.2734375,13284.0,13284.0,81.0521011352539,-10.867019653320312,0.9863009452819824,0.9374386668205261,0.9936332702636719,0.05669977888464928,0.05669977888464928,0.0010000730399042368,0.9714322686195374,0.15491965413093567,0.0018977451836690307
G25,905,11324.01171875,0.09409409761428833,-13179.154296875,-13179.154296875,13168.4775390625,13205.560546875,13246.2734375,13284.0,13284.0,80.91143035888672,-10.670228004455566,0.9863290786743164,0.9374662041664124,0.9936479926109314,0.056261759251356125,0.056261759251356125,0.0010005923686549067,0.971496045589447,0.15458481013774872,0.001898768125101924
G25,906,11336.5224609375,0.09309309720993042,-13179.203125,-13179.203125,13168.720703125,13205.802734375,13246.2734375,13284.0,13284.0,80.77120971679688,-10.475162506103516,0.9863572120666504,0.9374887347221375,0.9936627149581909,0.05582314357161522,0.05582314357161522,0.0010010749101638794,0.9715596437454224,0.1542511135339737,0.0019001163309440017
G25,907,11349.033203125,0.09209209680557251,-13179.251953125,-13179.251953125,13168.962890625,13206.0458984375,13246.2734375,13284.0,13284.0,80.63142395019531,-10.281739234924316,0.9863852262496948,0.9375110864639282,0.9936774373054504,0.055385079234838486,0.055385079234838486,0.0010015867883339524,0.971622884273529,0.1539185792207718,0.0019004931673407555
G25,908,11361.5439453125,0.0910910964012146,-13179.30078125,-13179.30078125,13169.205078125,13206.28515625,13246.2734375,13284.0,13284.0,80.4920883178711,-10.09017562866211,0.9864131212234497,0.9375331401824951,0.9936920404434204,0.05494573712348938,0.05494573712348938,0.0010020878398790956,0.9716860055923462,0.1535871922969818,0.0019003304187208414
G25,909,11374.0537109375,0.09009009599685669,-13179.3515625,-13179.3515625,13169.4443359375,13206.525390625,13246.2734375,13284.0,13284.0,80.35318756103516,-9.90013313293457,0.9864409565925598,0.9375550746917725,0.9937066435813904,0.05450749397277832,0.05450749397277832,0.0010025986703112721,0.971748948097229,0.15325693786144257,0.0018985255155712366
G25,910,11386.564453125,0.08908909559249878,-13179.4013671875,-13179.4013671875,13169.681640625,13206.7626953125,13246.2734375,13284.0,13284.0,80.21472930908203,-9.712045669555664,0.9864686727523804,0.9375766515731812,0.9937211275100708,0.05406766012310982,0.05406766012310982,0.0010031054262071848,0.9718117117881775,0.15292783081531525,0.001896689529530704
G25,911,11399.0751953125,0.08808809518814087,-13179.4521484375,-13179.4521484375,13169.919921875,13207.0,13246.2734375,13284.0,13284.0,80.07670593261719,-9.525433540344238,0.9864962697029114,0.9375981092453003,0.9937354922294617,0.05362894758582115,0.05362894758582115,0.0010036166058853269,0.9718741774559021,0.15259987115859985,0.001894383691251278
G25,912,11411.5859375,0.08708709478378296,-13179.501953125,-13179.501953125,13170.154296875,13207.234375,13246.2734375,13284.0,13284.0,79.93911743164062,-9.340778350830078,0.9865237474441528,0.9376193881034851,0.9937499165534973,0.053188908845186234,0.053188908845186234,0.001004120334982872,0.9719365835189819,0.1522730141878128,0.0018945378251373768
G25,913,11424.095703125,0.08608609437942505,-13179.552734375,-13179.552734375,13170.388671875,13207.46875,13246.2734375,13284.0,13284.0,79.80195617675781,-9.1576509475708,0.9865511655807495,0.937640368938446,0.9937641620635986,0.05274948477745056,0.05274948477745056,0.0010046320967376232,0.9719988107681274,0.1519472897052765,0.001896026311442256
G25,914,11436.6064453125,0.08508509397506714,-13179.6044921875,-13179.6044921875,13170.62109375,13207.701171875,13246.2734375,13284.0,13284.0,79.66522216796875,-8.976388931274414,0.9865784645080566,0.9376612305641174,0.9937785267829895,0.05230940505862236,0.05230940505862236,0.0010051233693957329,0.9720609188079834,0.15162266790866852,0.0018975312123075128
G25,915,11449.1171875,0.08408409357070923,-13179.65625,-13179.65625,13170.8515625,13207.931640625,13246.2734375,13284.0,13284.0,79.5289306640625,-8.79677677154541,0.9866056442260742,0.9376817941665649,0.9937927722930908,0.05186920613050461,0.05186920613050461,0.0010056430473923683,0.972122848033905,0.15129916369915009,0.0018967812648043036
G25,916,11461.6279296875,0.08308309316635132,-13179.7080078125,-13179.7080078125,13171.08203125,13208.1611328125,13246.2734375,13284.0,13284.0,79.39305877685547,-8.618907928466797,0.9866328239440918,0.9377021193504333,0.9938068985939026,0.051429007202386856,0.051429007202386856,0.0010061325738206506,0.9721846580505371,0.15097676217556,0.0018944592447951436
G25,917,11474.1376953125,0.08208209276199341,-13179.759765625,-13179.759765625,13171.310546875,13208.388671875,13246.2734375,13284.0,13284.0,79.25761413574219,-8.442800521850586,0.986659824848175,0.9377222061157227,0.9938210844993591,0.05098821967840195,0.05098821967840195,0.0010066640097647905,0.9722464084625244,0.15065546333789825,0.0018933420069515705
G25,918,11486.6484375,0.0810810923576355,-13179.8125,-13179.8125,13171.5380859375,13208.615234375,13246.2734375,13284.0,13284.0,79.12258911132812,-8.268360137939453,0.9866867661476135,0.9377421736717224,0.9938350915908813,0.05054766684770584,0.05054766684770584,0.0010071808937937021,0.9723080396652222,0.15033525228500366,0.0018937839195132256
G25,919,11499.1591796875,0.08008009195327759,-13179.865234375,-13179.865234375,13171.763671875,13208.841796875,13246.2734375,13284.0,13284.0,78.98798370361328,-8.095724105834961,0.9867135286331177,0.9377618432044983,0.9938490986824036,0.050106462091207504,0.050106462091207504,0.0010077347978949547,0.9723695516586304,0.15001612901687622,0.0018948608776554465
G25,920,11511.669921875,0.07907909154891968,-13179.9189453125,-13179.9189453125,13171.98828125,13209.064453125,13246.2734375,13284.0,13284.0,78.85380554199219,-7.924746990203857,0.9867402911186218,0.9377813339233398,0.9938631057739258,0.04966544732451439,0.04966544732451439,0.001008303021080792,0.9724310636520386,0.14969809353351593,0.0018948604119941592
G25,921,11524.1796875,0.07807809114456177,-13179.97265625,-13179.97265625,13172.2109375,13209.2890625,13246.2734375,13284.0,13284.0,78.72003173828125,-7.755565643310547,0.9867668747901917,0.9378006458282471,0.9938769936561584,0.04922383651137352,0.04922383651137352,0.0010088966228067875,0.9724924564361572,0.1493811309337616,0.0018946598283946514
G25,922,11536.6904296875,0.07707709074020386,-13180.02734375,-13180.02734375,13172.431640625,13209.509765625,13246.2734375,13284.0,13284.0,78.58668518066406,-7.58806037902832,0.9867935180664062,0.9378197193145752,0.9938908815383911,0.04878238961100578,0.04878238961100578,0.001009519794024527,0.9725537896156311,0.14906524121761322,0.0018949528457596898
G25,923,11549.201171875,0.07607609033584595,-13180.0810546875,-13180.0810546875,13172.65234375,13209.73046875,13246.2734375,13284.0,13284.0,78.45375061035156,-7.422346591949463,0.9868199229240417,0.9378384947776794,0.9939046502113342,0.04834030196070671,0.04834030196070671,0.001010171603411436,0.9726151823997498,0.1487504094839096,0.0018960257293656468
G25,924,11561.7119140625,0.07507508993148804,-13180.1357421875,-13180.1357421875,13172.87109375,13209.947265625,13246.2734375,13284.0,13284.0,78.32122802734375,-7.258304595947266,0.9868462085723877,0.9378571510314941,0.9939184188842773,0.047898486256599426,0.047898486256599426,0.001010844949632883,0.9726764559745789,0.14843666553497314,0.0018962877802550793
G25,925,11574.2216796875,0.07407408952713013,-13180.19140625,-13180.19140625,13173.087890625,13210.166015625,13246.2734375,13284.0,13284.0,78.1891098022461,-7.096072673797607,0.9868725538253784,0.9378756284713745,0.9939320683479309,0.047455862164497375,0.047455862164497375,0.0010115554323419929,0.972737729549408,0.14812394976615906,0.0018960951128974557
G25,926,11586.732421875,0.07307308912277222,-13180.24609375,-13180.24609375,13173.3037109375,13210.380859375,13246.2734375,13284.0,13284.0,78.05740356445312,-6.935492515563965,0.9868987202644348,0.9378937482833862,0.9939457774162292,0.04701368138194084,0.04701368138194084,0.001012271037325263,0.9727989435195923,0.14781230688095093,0.0018943492323160172
G25,927,11599.2431640625,0.0720720887184143,-13180.302734375,-13180.302734375,13173.5185546875,13210.595703125,13246.2734375,13284.0,13284.0,77.92610931396484,-6.776747703552246,0.9869247674942017,0.9379118084907532,0.9939594268798828,0.04657052829861641,0.04657052829861641,0.0010130368173122406,0.9728602170944214,0.14750169217586517,0.00189205224160105
G25,928,11611.75390625,0.0710710883140564,-13180.359375,-13180.359375,13173.732421875,13210.80859375,13246.2734375,13284.0,13284.0,77.79521179199219,-6.619636535644531,0.9869507551193237,0.9379295110702515,0.9939737915992737,0.046127915382385254,0.046127915382385254,0.0010137830395251513,0.9729214906692505,0.14719213545322418,0.0018893425585702062
G25,929,11624.2646484375,0.07007008790969849,-13180.416015625,-13180.416015625,13173.943359375,13211.0205078125,13246.2734375,13284.0,13284.0,77.66471862792969,-6.464374542236328,0.986976683139801,0.9379470348358154,0.9939886331558228,0.045684318989515305,0.045684318989515305,0.0010146050481125712,0.9729828238487244,0.14688360691070557,0.0018886550096794963
G25,930,11636.7744140625,0.06906908750534058,-13180.47265625,-13180.47265625,13174.154296875,13211.2314453125,13246.2734375,13284.0,13284.0,77.53462219238281,-6.31074857711792,0.9870024919509888,0.9379644393920898,0.9940034747123718,0.04524113982915878,0.04524113982915878,0.001015371992252767,0.973044216632843,0.14657612144947052,0.0018891760846599936
G25,931,11649.28515625,0.06806808710098267,-13180.529296875,-13180.529296875,13174.36328125,13211.439453125,13246.2734375,13284.0,13284.0,77.40493774414062,-6.1589555740356445,0.9870281219482422,0.9379815459251404,0.9940181970596313,0.044797204434871674,0.044797204434871674,0.001016243826597929,0.9731056690216064,0.14626964926719666,0.0018896927358582616
G25,932,11661.7958984375,0.06706708669662476,-13180.5869140625,-13180.5869140625,13174.5712890625,13211.6484375,13246.2734375,13284.0,13284.0,77.27565002441406,-6.008835792541504,0.9870537519454956,0.9379984140396118,0.9940328001976013,0.044353384524583817,0.044353384524583817,0.0010170349851250648,0.9731672406196594,0.14596420526504517,0.0018880392890423536
G25,933,11674.306640625,0.06606608629226685,-13180.64453125,-13180.64453125,13174.7783203125,13211.853515625,13246.2734375,13284.0,13284.0,77.14674377441406,-5.860508918762207,0.9870793223381042,0.9380151033401489,0.9940475225448608,0.04390903562307358,0.04390903562307358,0.0010179368546232581,0.9732288718223572,0.14565978944301605,0.001884755096398294
G25,934,11686.81640625,0.06506508588790894,-13180.703125,-13180.703125,13174.982421875,13212.060546875,13246.2734375,13284.0,13284.0,77.01824188232422,-5.7138895988464355,0.9871047735214233,0.9380315542221069,0.9940620064735413,0.04346471652388573,0.04346471652388573,0.0010187685256823897,0.9732906818389893,0.14535637199878693,0.00188147381413728
G25,935,11699.3271484375,0.06406408548355103,-13180.76171875,-13180.76171875,13175.1865234375,13212.2626953125,13246.2734375,13284.0,13284.0,76.89013671875,-5.56905460357666,0.9871301651000977,0.9380478262901306,0.9940766096115112,0.043019700795412064,0.043019700795412064,0.0010196841321885586,0.9733526110649109,0.14505396783351898,0.001880053197965026
G25,936,11711.837890625,0.06306308507919312,-13180.8212890625,-13180.8212890625,13175.388671875,13212.466796875,13246.2734375,13284.0,13284.0,76.76242065429688,-5.425909519195557,0.9871554374694824,0.9380638599395752,0.9940909743309021,0.042575083673000336,0.042575083673000336,0.0010205672588199377,0.9734147191047668,0.14475256204605103,0.0018806286389008164
G25,937,11724.3486328125,0.062062084674835205,-13180.880859375,-13180.880859375,13175.58984375,13212.6669921875,13246.2734375,13284.0,13284.0,76.63509368896484,-5.2845964431762695,0.9871805906295776,0.9380797147750854,0.994105339050293,0.04212925210595131,0.04212925210595131,0.0010215010261163116,0.9734771251678467,0.14445215463638306,0.001882870215922594
G25,938,11736.8583984375,0.061061084270477295,-13180.94140625,-13180.94140625,13175.7890625,13212.8671875,13246.2734375,13284.0,13284.0,76.50814819335938,-5.144915580749512,0.9872056841850281,0.9380953311920166,0.9941197633743286,0.04168425500392914,0.04168425500392914,0.0010224318830296397,0.9735397100448608,0.14415274560451508,0.0018843819852918386
G25,939,11749.369140625,0.060060083866119385,-13181.001953125,-13181.001953125,13175.9873046875,13213.064453125,13246.2734375,13284.0,13284.0,76.38159942626953,-5.007119655609131,0.987230658531189,0.9381106495857239,0.9941340088844299,0.041237808763980865,0.041237808763980865,0.0010234052315354347,0.9736025929450989,0.14385433495044708,0.001884616445749998
G25,940,11761.8798828125,0.059059083461761475,-13181.0625,-13181.0625,13176.1845703125,13213.2626953125,13246.2734375,13284.0,13284.0,76.25543212890625,-4.87093448638916,0.9872555732727051,0.9381258487701416,0.9941482543945312,0.04079204797744751,0.04079204797744751,0.0010243734577670693,0.9736657738685608,0.14355690777301788,0.0018822764977812767
G25,941,11774.390625,0.058058083057403564,-13181.1240234375,-13181.1240234375,13176.3798828125,13213.4580078125,13246.2734375,13284.0,13284.0,76.129638671875,-4.7366156578063965,0.9872804284095764,0.938140869140625,0.994162380695343,0.040345337241888046,0.040345337241888046,0.0010254067601636052,0.9737291932106018,0.14326044917106628,0.001879704068414867
G25,942,11786.900390625,0.057057082653045654,-13181.185546875,-13181.185546875,13176.57421875,13213.6533203125,13246.2734375,13284.0,13284.0,76.00424194335938,-4.603974342346191,0.987305223941803,0.9381555318832397,0.9941765069961548,0.03989846259355545,0.03989846259355545,0.0010264194570481777,0.9737930297851562,0.14296495914459229,0.0018777026562020183
G25,943,11799.4111328125,0.056056082248687744,-13181.2470703125,-13181.2470703125,13176.767578125,13213.845703125,13246.2734375,13284.0,13284.0,75.87921142578125,-4.473102569580078,0.98732990026474,0.9381701350212097,0.9941905736923218,0.03945159167051315,0.03945159167051315,0.0010275125969201326,0.9738573431968689,0.14267046749591827,0.001877260860055685
G25,944,11811.921875,0.055055081844329834,-13181.3095703125,-13181.3095703125,13176.958984375,13214.0380859375,13246.2734375,13284.0,13284.0,75.75457000732422,-4.344020843505859,0.9873543977737427,0.9381844401359558,0.994204580783844,0.039003610610961914,0.039003610610961914,0.0010285949101671576,0.9739220142364502,0.14237692952156067,0.0018784234998747706
G25,945,11824.4326171875,0.054054081439971924,-13181.3720703125,-13181.3720703125,13177.1484375,13214.228515625,13246.2734375,13284.0,13284.0,75.63030242919922,-4.216609001159668,0.9873789548873901,0.938198447227478,0.9942184686660767,0.0385562926530838,0.0385562926530838,0.0010297410190105438,0.9739872217178345,0.14208436012268066,0.0018802419072017074
G25,946,11836.943359375,0.053053081035614014,-13181.435546875,-13181.435546875,13177.337890625,13214.41796875,13246.2734375,13284.0,13284.0,75.50640869140625,-4.091059684753418,0.987403392791748,0.9382124543190002,0.9942323565483093,0.038107529282569885,0.038107529282569885,0.0010309125063940883,0.9740529656410217,0.14179272949695587,0.0018823458813130856
G25,947,11849.453125,0.052052080631256104,-13181.4990234375,-13181.4990234375,13177.525390625,13214.6064453125,13246.2734375,13284.0,13284.0,75.38288879394531,-3.9671518802642822,0.9874276518821716,0.938226044178009,0.9942461848258972,0.037659257650375366,0.037659257650375366,0.0010321233421564102,0.974119246006012,0.14150208234786987,0.0018824889557436109
G25,948,11861.9638671875,0.05105108022689819,-13181.564453125,-13181.564453125,13177.7119140625,13214.7919921875,13246.2734375,13284.0,13284.0,75.2597427368164,-3.845090866088867,0.9874519109725952,0.9382395148277283,0.9942599534988403,0.03721005097031593,0.03721005097031593,0.0010333817917853594,0.9741860628128052,0.1412123590707779,0.0018818804528564215
G25,949,11874.474609375,0.05005007982254028,-13181.626953125,-13181.626953125,13177.8974609375,13214.978515625,13246.2734375,13284.0,13284.0,75.13697052001953,-3.724731922149658,0.9874759912490845,0.9382527470588684,0.9942737221717834,0.03676045313477516,0.03676045313477516,0.0010346866911277175,0.9742537140846252,0.1409236043691635,0.0018826513551175594
G25,950,11886.9853515625,0.04904907941818237,-13181.6923828125,-13181.6923828125,13178.0810546875,13215.162109375,13246.2734375,13284.0,13284.0,75.01456451416016,-3.606132745742798,0.9875001311302185,0.9382657408714294,0.9942874312400818,0.036310888826847076,0.036310888826847076,0.0010360252344980836,0.9743219614028931,0.14063577353954315,0.0018860256532207131
G25,951,11899.4951171875,0.04804807901382446,-13181.7578125,-13181.7578125,13178.2626953125,13215.3447265625,13246.2734375,13284.0,13284.0,74.89253234863281,-3.4893364906311035,0.9875240921974182,0.9382785558700562,0.9943009614944458,0.035859860479831696,0.035859860479831696,0.0010374450357630849,0.9743910431861877,0.1403488963842392,0.0018892786465585232
G25,952,11912.005859375,0.04704707860946655,-13181.82421875,-13181.82421875,13178.4443359375,13215.5263671875,13246.2734375,13284.0,13284.0,74.77085876464844,-3.3742032051086426,0.9875479936599731,0.9382911324501038,0.9943144917488098,0.035409748554229736,0.035409748554229736,0.0010388749651610851,0.9744609594345093,0.14006294310092926,0.0018880204297602177
G25,953,11924.5166015625,0.04604607820510864,-13181.890625,-13181.890625,13178.623046875,13215.7060546875,13246.2734375,13284.0,13284.0,74.64955139160156,-3.260960102081299,0.9875718355178833,0.9383034110069275,0.9943280816078186,0.03495737910270691,0.03495737910270691,0.0010404116474092007,0.9745318293571472,0.13977792859077454,0.001884270692244172
G25,954,11937.02734375,0.04504507780075073,-13181.95703125,-13181.95703125,13178.8017578125,13215.8857421875,13246.2734375,13284.0,13284.0,74.52861022949219,-3.149315357208252,0.9875956177711487,0.9383155703544617,0.9943414926528931,0.03450632467865944,0.03450632467865944,0.0010419606696814299,0.9746035933494568,0.13949383795261383,0.00188059126958251
G25,955,11949.537109375,0.04404407739639282,-13182.025390625,-13182.025390625,13178.978515625,13216.0625,13246.2734375,13284.0,13284.0,74.40802764892578,-3.0395989418029785,0.987619161605835,0.9383275508880615,0.9943549633026123,0.03405284136533737,0.03405284136533737,0.001043611904606223,0.9746766090393066,0.13921067118644714,0.0018812131602317095
G25,956,11962.0478515625,0.04304307699203491,-13182.091796875,-13182.091796875,13179.154296875,13216.240234375,13246.2734375,13284.0,13284.0,74.28781127929688,-2.9314780235290527,0.9876428842544556,0.9383392333984375,0.9943682551383972,0.03360031917691231,0.03360031917691231,0.0010453024879097939,0.9747506380081177,0.13892841339111328,0.0018832890782505274
G25,957,11974.55859375,0.042042076587677,-13182.16015625,-13182.16015625,13179.330078125,13216.4140625,13246.2734375,13284.0,13284.0,74.16795349121094,-2.825254440307617,0.9876663088798523,0.9383507370948792,0.9943816065788269,0.033145975321531296,0.033145975321531296,0.001047079567797482,0.9748259782791138,0.13864707946777344,0.0018857890972867608
G25,958,11987.0693359375,0.04104107618331909,-13182.2294921875,-13182.2294921875,13179.501953125,13216.587890625,13246.2734375,13284.0,13284.0,74.04844665527344,-2.7206926345825195,0.987689733505249,0.9383620023727417,0.9943947792053223,0.03269146755337715,0.03269146755337715,0.0010489211417734623,0.9749025106430054,0.1383666694164276,0.0018857195973396301
G25,959,11999.5791015625,0.04004007577896118,-13182.2978515625,-13182.2978515625,13179.6748046875,13216.7607421875,13246.2734375,13284.0,13284.0,73.92930603027344,-2.6179380416870117,0.987713098526001,0.9383730292320251,0.9944080114364624,0.03223629668354988,0.03223629668354988,0.0010508476989343762,0.9749806523323059,0.1380871683359146,0.0018847169121727347
G25,960,12012.08984375,0.03903907537460327,-13182.3671875,-13182.3671875,13179.8447265625,13216.931640625,13246.2734375,13284.0,13284.0,73.81051635742188,-2.5169501304626465,0.9877364039421082,0.938383936882019,0.9944211840629578,0.03177957236766815,0.03177957236766815,0.001052847015671432,0.975060224533081,0.13780856132507324,0.0018852546345442533
G25,961,12024.6005859375,0.03803807497024536,-13182.4375,-13182.4375,13180.0146484375,13217.1015625,13246.2734375,13284.0,13284.0,73.69207763671875,-2.4176673889160156,0.9877595901489258,0.9383945465087891,0.9944342970848083,0.03132319450378418,0.03132319450378418,0.0010549480793997645,0.9751415252685547,0.1375308632850647,0.0018872016808018088
G25,962,12037.111328125,0.03703707456588745,-13182.5078125,-13182.5078125,13180.1826171875,13217.2705078125,13246.2734375,13284.0,13284.0,73.57400512695312,-2.3202390670776367,0.9877826571464539,0.93840491771698,0.9944472312927246,0.030864346772432327,0.030864346772432327,0.0010571239981800318,0.9752246737480164,0.13725407421588898,0.0018902746960520744
G25,963,12049.62109375,0.03603607416152954,-13182.5791015625,-13182.5791015625,13180.3486328125,13217.4384765625,13246.2734375,13284.0,13284.0,73.45626831054688,-2.2244598865509033,0.9878057241439819,0.9384151101112366,0.9944602251052856,0.030406037345528603,0.030406037345528603,0.001059416914358735,0.9753096103668213,0.1369781792163849,0.0018906478071585298
G25,964,12062.1318359375,0.03503507375717163,-13182.650390625,-13182.650390625,13180.513671875,13217.6044921875,13246.2734375,13284.0,13284.0,73.33888244628906,-2.1305553913116455,0.9878286719322205,0.9384250640869141,0.9944731593132019,0.029945267364382744,0.029945267364382744,0.0010617990046739578,0.9753967523574829,0.13670317828655243,0.0018922630697488785
G25,965,12074.642578125,0.03403407335281372,-13182.72265625,-13182.72265625,13180.677734375,13217.76953125,13246.2734375,13284.0,13284.0,73.22186279296875,-2.0383188724517822,0.9878515005111694,0.9384348392486572,0.9944861531257629,0.029484234750270844,0.029484234750270844,0.001064301235601306,0.9754862785339355,0.1364290714263916,0.0018956164130941033
G25,966,12087.1533203125,0.03303307294845581,-13182.794921875,-13182.794921875,13180.841796875,13217.93359375,13246.2734375,13284.0,13284.0,73.10517120361328,-1.9479097127914429,0.9878743290901184,0.9384443759918213,0.9944990277290344,0.02902151085436344,0.02902151085436344,0.001066919299773872,0.9755780696868896,0.1361558735370636,0.001901822630316019
G25,967,12099.6640625,0.0320320725440979,-13182.8681640625,-13182.8681640625,13181.0029296875,13218.095703125,13246.2734375,13284.0,13284.0,72.98883056640625,-1.8592383861541748,0.9878970384597778,0.938453733921051,0.9945117235183716,0.02855719067156315,0.02855719067156315,0.0010696568060666323,0.9756724834442139,0.13588355481624603,0.0019063748186454177
G25,968,12112.173828125,0.03103107213973999,-13182.94140625,-13182.94140625,13181.1630859375,13218.2578125,13246.2734375,13284.0,13284.0,72.87284851074219,-1.77232027053833,0.9879196882247925,0.9384627342224121,0.9945244789123535,0.02809201367199421,0.02809201367199421,0.0010725385509431362,0.9757697582244873,0.1356121301651001,0.0019088044064119458
G25,969,12124.6845703125,0.03003007173538208,-13183.015625,-13183.015625,13181.322265625,13218.4169921875,13246.2734375,13284.0,13284.0,72.7572021484375,-1.6872103214263916,0.9879421591758728,0.9384716749191284,0.9945371747016907,0.02762409672141075,0.02762409672141075,0.0010755494004115462,0.9758701920509338,0.135341614484787,0.0019119755597785115
G25,970,12137.1953125,0.02902907133102417,-13183.08984375,-13183.08984375,13181.48046875,13218.576171875,13246.2734375,13284.0,13284.0,72.64189147949219,-1.6038036346435547,0.9879646897315979,0.9384803175926208,0.9945498108863831,0.02715560980141163,0.02715560980141163,0.001078721834346652,0.9759737849235535,0.13507197797298431,0.0019176307832822204
G25,971,12149.7060546875,0.02802807092666626,-13183.166015625,-13183.166015625,13181.63671875,13218.7333984375,13246.2734375,13284.0,13284.0,72.52693176269531,-1.5222384929656982,0.9879871010780334,0.938488781452179,0.9945624470710754,0.026683716103434563,0.026683716103434563,0.0010820492170751095,0.9760809540748596,0.13480322062969208,0.0019251428311690688
G25,972,12162.2158203125,0.02702707052230835,-13183.240234375,-13183.240234375,13181.79296875,13218.890625,13246.2734375,13284.0,13284.0,72.41231536865234,-1.442365288734436,0.9880094528198242,0.938497006893158,0.9945749044418335,0.026211034506559372,0.026211034506559372,0.0010855513392016292,0.976192057132721,0.13453538715839386,0.0019305197056382895
G25,973,12174.7265625,0.026026010513305664,-13183.31640625,-13183.31640625,13181.947265625,13219.044921875,13246.2734375,13284.0,13284.0,72.29803466796875,-1.3643372058868408,0.9880316853523254,0.9385050535202026,0.9945874214172363,0.02573437988758087,0.02573437988758087,0.0010892415884882212,0.9763072729110718,0.13426843285560608,0.0019343956373631954
G25,974,12187.2373046875,0.025025010108947754,-13183.3935546875,-13183.3935546875,13182.099609375,13219.2001953125,13246.2734375,13284.0,13284.0,72.18409729003906,-1.288006067276001,0.9880538582801819,0.9385128617286682,0.9945999383926392,0.025256585329771042,0.025256585329771042,0.0010931171709671617,0.9764270186424255,0.13400238752365112,0.0019372830865904689
G25,975,12199.748046875,0.024024009704589844,-13183.470703125,-13183.470703125,13182.2509765625,13219.3525390625,13246.2734375,13284.0,13284.0,72.07048797607422,-1.2135288715362549,0.9880759716033936,0.9385204315185547,0.9946123361587524,0.02477429434657097,0.02477429434657097,0.0010972177842631936,0.9765517115592957,0.1337372362613678,0.0019423194462433457
G25,976,12212.2578125,0.023023009300231934,-13183.5478515625,-13183.5478515625,13182.4013671875,13219.505859375,13246.2734375,13284.0,13284.0,71.95721435546875,-1.1407575607299805,0.9880979657173157,0.9385277628898621,0.994624674320221,0.024289952591061592,0.024289952591061592,0.0011015182826668024,0.9766815900802612,0.1334729939699173,0.0019478905014693737
G25,977,12224.7685546875,0.022022008895874023,-13183.626953125,-13183.626953125,13182.55078125,13219.6552734375,13246.2734375,13284.0,13284.0,71.84428405761719,-1.0698270797729492,0.9881199598312378,0.9385349154472351,0.9946369528770447,0.023801054805517197,0.023801054805517197,0.001106074545532465,0.9768171906471252,0.13320966064929962,0.001955189974978566
G25,978,12237.279296875,0.021021008491516113,-13183.705078125,-13183.705078125,13182.69921875,13219.8046875,13246.2734375,13284.0,13284.0,71.731689453125,-1.000644326210022,0.9881418943405151,0.938541829586029,0.9946492314338684,0.02330838143825531,0.02330838143825531,0.0011108637554571033,0.9769589900970459,0.13294726610183716,0.0019644449930638075
G25,979,12249.7900390625,0.020020008087158203,-13183.78515625,-13183.78515625,13182.845703125,13219.953125,13246.2734375,13284.0,13284.0,71.61941528320312,-0.9332679510116577,0.9881636500358582,0.9385484457015991,0.9946615099906921,0.022811291739344597,0.022811291739344597,0.0011159256100654602,0.9771074652671814,0.13268578052520752,0.0019761030562222004
G25,980,12262.2998046875,0.019019007682800293,-13183.865234375,-13183.865234375,13182.9912109375,13220.1005859375,13246.2734375,13284.0,13284.0,71.50748443603516,-0.8676962852478027,0.9881854057312012,0.9385549426078796,0.9946736693382263,0.02230851538479328,0.02230851538479328,0.0011212616227567196,0.9772632718086243,0.1324252486228943,0.0019879236351698637
G25,981,12274.810546875,0.018018007278442383,-13183.9453125,-13183.9453125,13183.1357421875,13220.2470703125,13246.2734375,13284.0,13284.0,71.39588928222656,-0.8039098978042603,0.9882070422172546,0.9385612607002258,0.9946857690811157,0.021800735965371132,0.021800735965371132,0.0011268912348896265,0.9774268269538879,0.13216568529605865,0.0020008054561913013
G25,982,12287.3212890625,0.017017006874084473,-13184.02734375,-13184.02734375,13183.279296875,13220.392578125,13246.2734375,13284.0,13284.0,71.28462219238281,-0.7419664859771729,0.9882286190986633,0.9385672211647034,0.9946978092193604,0.02128581702709198,0.02128581702709198,0.0011328235268592834,0.9775987863540649,0.13190706074237823,0.00201661535538733
G25,983,12299.83203125,0.016016006469726562,-13184.109375,-13184.109375,13183.421875,13220.5361328125,13246.2734375,13284.0,13284.0,71.17369079589844,-0.6818275451660156,0.988250195980072,0.9385730028152466,0.994709849357605,0.020764075219631195,0.020764075219631195,0.0011390765430405736,0.9777798056602478,0.1316494345664978,0.00203179894015193
G25,984,12312.341796875,0.015015006065368652,-13184.19140625,-13184.19140625,13183.5625,13220.6796875,13246.2734375,13284.0,13284.0,71.06307983398438,-0.6235454082489014,0.9882715940475464,0.9385786652565002,0.9947218894958496,0.02023431286215782,0.02023431286215782,0.0011456527281552553,0.9779707789421082,0.13139282166957855,0.0020451254677027464
G25,985,12324.8525390625,0.014014005661010742,-13184.275390625,-13184.275390625,13183.703125,13220.8212890625,13246.2734375,13284.0,13284.0,70.95279693603516,-0.567127525806427,0.988292932510376,0.93858402967453,0.9947338104248047,0.019694695249199867,0.019694695249199867,0.0011525698937475681,0.9781721234321594,0.1311372071504593,0.00206235540099442
G25,986,12337.36328125,0.013013005256652832,-13184.359375,-13184.359375,13183.8408203125,13220.9619140625,13246.2734375,13284.0,13284.0,70.84284973144531,-0.512574315071106,0.9883142709732056,0.9385892152786255,0.9947457313537598,0.019146043807268143,0.019146043807268143,0.001159821404144168,0.9783846735954285,0.13088268041610718,0.0020879243966192007
G25,987,12349.8740234375,0.012012004852294922,-13184.4443359375,-13184.4443359375,13183.978515625,13221.1015625,13246.2734375,13284.0,13284.0,70.73321533203125,-0.45996472239494324,0.9883354306221008,0.9385941028594971,0.9947576522827148,0.018584417179226875,0.018584417179226875,0.0011674180859699845,0.9786092638969421,0.13062921166419983,0.0021165949292480946
G25,988,12362.384765625,0.011011004447937012,-13184.53125,-13184.53125,13184.115234375,13221.240234375,13246.2734375,13284.0,13284.0,70.6239242553711,-0.4092661142349243,0.9883565902709961,0.9385988712310791,0.9947693943977356,0.01801101304590702,0.018011026084423065,0.001175339799374342,0.9788464903831482,0.13037683069705963,0.0021394274663180113
G25,989,12374.89453125,0.010010004043579102,-13184.6171875,-13184.6171875,13184.25,13221.3779296875,13246.2734375,13284.0,13284.0,70.51495361328125,-0.3605806231498718,0.9883777499198914,0.9386033415794373,0.9947811961174011,0.017422452569007874,0.017422452569007874,0.0011835828190669417,0.9790968298912048,0.13012562692165375,0.0021623331122100353
G25,990,12387.4052734375,0.009009003639221191,-13184.7041015625,-13184.7041015625,13184.384765625,13221.515625,13246.2734375,13284.0,13284.0,70.40631103515625,-0.313917875289917,0.9883987307548523,0.9386075735092163,0.9947928786277771,0.016817770898342133,0.01681777648627758,0.0011921151308342814,0.9793611168861389,0.1298755556344986,0.0021942616440355778
G25,991,12399.916015625,0.008008003234863281,-13184.79296875,-13184.79296875,13184.517578125,13221.650390625,13246.2734375,13284.0,13284.0,70.29798889160156,-0.2693535387516022,0.9884196519851685,0.9386116862297058,0.9948045611381531,0.016195137053728104,0.016195157542824745,0.0012009048368781805,0.97963947057724,0.12962669134140015,0.00223549478687346
G25,992,12412.4267578125,0.007007002830505371,-13184.8828125,-13184.8828125,13184.6494140625,13221.78515625,13246.2734375,13284.0,13284.0,70.18999481201172,-0.2269587367773056,0.9884404540061951,0.9386154413223267,0.994816243648529,0.015552688390016556,0.015552771277725697,0.001209906069561839,0.9799320697784424,0.1293790638446808,0.002284140093252063
G25,993,12424.9365234375,0.006006002426147461,-13184.97265625,-13184.97265625,13184.779296875,13221.9189453125,13246.2734375,13284.0,13284.0,70.08232116699219,-0.1868189573287964,0.9884613752365112,0.9386191368103027,0.9948278069496155,0.014887543395161629,0.014887774363160133,0.0012190662091597915,0.9802387356758118,0.1291326880455017,0.0023410595022141933
G25,994,12437.447265625,0.005005002021789551,-13185.064453125,-13185.064453125,13184.91015625,13222.05078125,13246.2734375,13284.0,13284.0,69.9749755859375,-0.1490243524312973,0.9884820580482483,0.9386224746704102,0.9948393702507019,0.014199603348970413,0.014200275763869286,0.001228319015353918,0.9805589914321899,0.1288875788450241,0.0024065147154033184
G25,995,12449.9580078125,0.004004001617431641,-13185.15625,-13185.15625,13185.037109375,13222.1826171875,13246.2734375,13284.0,13284.0,69.8679428100586,-0.11371046304702759,0.9885026812553406,0.9386256337165833,0.9948509335517883,0.013484339229762554,0.013485714793205261,0.0012375974329188466,0.98089200258255,0.12864376604557037,0.002480454742908478
G25,996,12462.46875,0.0030030012130737305,-13185.251953125,-13185.251953125,13185.1640625,13222.3125,13246.2734375,13284.0,13284.0,69.76123809814453,-0.08098697662353516,0.9885232448577881,0.9386285543441772,0.9948623776435852,0.012742121703922749,0.01274554431438446,0.0012468313798308372,0.9812365174293518,0.12840121984481812,0.0025641522370278835
G25,997,12474.978515625,0.0020020008087158203,-13185.34765625,-13185.34765625,13185.291015625,13222.44140625,13246.2734375,13284.0,13284.0,69.65485382080078,-0.051019471138715744,0.9885437488555908,0.9386312961578369,0.9948738217353821,0.011969372630119324,0.011977924965322018,0.001255943556316197,0.9815905690193176,0.12815994024276733,0.002659688238054514
G25,998,12487.4892578125,0.0010010004043579102,-13185.4453125,-13185.4453125,13185.4150390625,13222.5693359375,13246.2734375,13284.0,13284.0,69.54879760742188,-0.02396269328892231,0.988564133644104,0.9386337995529175,0.9948851466178894,0.011165833100676537,0.01119804847985506,0.0012648655101656914,0.9819521903991699,0.12791989743709564,0.002773634158074856
G25,999,12500.0,0.0,-13185.5439453125,-13185.5439453125,13185.5380859375,13222.6953125,13246.2734375,13284.0,13284.0,69.44305419921875,0.0,0.9885845184326172,0.9386361241340637,0.9948965907096863,0.010328578762710094,0.011056730523705482,0.0012735257623717189,0.982318639755249,0.12768103182315826,0.0029183565638959408
