instance,step,beta,gamma,loss_mean,free_energy_mean,expected_cut_mean,expected_cut_max,hard_cut_mean,hard_cut_max,best_cut_so_far,entropy_mean,driver_energy_mean,R_mean,R_min,R_max,rx_mean,rx_abs_mean,rz_mean,rz_abs_mean,grad_norm_raw_R,grad_norm_theta
G33,0,2.0,1.0,-698.09716796875,-698.09716796875,-15.0,-15.0,-28.0,54.0,54.0,1386.1943359375,-20.000038146972656,0.010099499486386776,0.010054475627839565,0.010143536143004894,0.010099247097969055,0.010099247097969055,-1.4899298150794493e-07,6.969316746108234e-05,0.038937605917453766,3.957292574341409e-05
G33,1,14.510510444641113,0.9989989995956421,-100.70849609375,-100.70849609375,-15.0,-15.0,-25.21875,48.0,54.0,1386.1923828125,-20.178274154663086,0.010199987329542637,0.010154515504837036,0.010244457051157951,0.010199971497058868,0.010199971497058868,-3.380491619964232e-08,1.491749117121799e-05,0.03945055231451988,0.00028192289755679667
G33,2,27.021020889282227,0.9979979991912842,-56.659542083740234,-56.659542083740234,-15.0,-15.0,-31.96875,54.0,54.0,1386.190185546875,-20.359102249145508,0.010301503352820873,0.010255583561956882,0.010346410796046257,0.010301397182047367,0.010301397182047367,9.456682192876542e-08,4.573795013129711e-05,0.039812732487916946,7.096212357282639e-05
G33,3,39.531532287597656,0.9969969987869263,-40.60630416870117,-40.60630416870117,-15.0,-15.0,-30.6875,74.0,74.0,1386.188232421875,-20.540924072265625,0.010404073633253574,0.010357700288295746,0.010449424386024475,0.01040392741560936,0.01040392741560936,1.2985070441118296e-07,5.337132097338326e-05,0.04016886651515961,0.00018442478904034942
G33,4,52.04204177856445,0.9959959983825684,-32.36042785644531,-32.36042785644531,-15.0,-15.0,-31.75,44.0,74.0,1386.18603515625,-20.724538803100586,0.010507723316550255,0.010460893623530865,0.010553520172834396,0.010507662780582905,0.010507662780582905,9.427222380509193e-08,3.392028884263709e-05,0.040526192635297775,0.00021716002083849162
G33,5,64.55255126953125,0.9949949979782104,-27.383869171142578,-27.383869171142578,-15.0,-15.0,-28.53125,40.0,74.0,1386.183837890625,-20.91014289855957,0.010612478479743004,0.010565187782049179,0.010658727958798409,0.010612470097839832,0.010612470097839832,1.766666635205638e-08,1.0856019798666239e-05,0.040886372327804565,0.0001404927170369774
G33,6,77.06306457519531,0.9939939975738525,-24.08509063720703,-24.08509063720703,-15.0,-15.0,-37.0625,60.0,74.0,1386.181640625,-21.097461700439453,0.010718369856476784,0.010670612566173077,0.01076507568359375,0.010718327015638351,0.010718327015638351,-5.956654547389917e-08,2.9475160772562958e-05,0.04124930873513222,5.505005901795812e-05
G33,7,89.57357025146484,0.9929929971694946,-21.761762619018555,-21.761762619018555,-15.0,-15.0,-34.625,58.0,74.0,1386.179443359375,-21.28644561767578,0.010825423523783684,0.010777193121612072,0.010872590355575085,0.010825341567397118,0.010825341567397118,-1.026664335768146e-07,4.089519279659726e-05,0.04161510616540909,0.00011965884186793119
G33,8,102.0840835571289,0.9919919967651367,-20.056081771850586,-20.056081771850586,-15.0,-15.0,-34.96875,48.0,74.0,1386.177001953125,-21.477304458618164,0.01093366276472807,0.010884955525398254,0.010981297120451927,0.01093360036611557,0.01093360036611557,-9.841630799201084e-08,3.5210825444664806e-05,0.041984256356954575,0.00016507189138792455
G33,9,114.59459686279297,0.9909909963607788,-18.76653480529785,-18.76653480529785,-15.0,-15.0,-12.921875,66.0,74.0,1386.1748046875,-21.670198440551758,0.01104312390089035,0.01099393516778946,0.011091228574514389,0.011043103411793709,0.011043103411793709,-5.595423857585047e-08,1.9380629964871332e-05,0.04235714673995972,0.0001445393281755969
G33,10,127.1051025390625,0.9899899959564209,-17.770841598510742,-17.770841598510742,-15.0,-15.0,-69.84375,6.0,74.0,1386.17236328125,-21.865123748779297,0.011153830215334892,0.011104153469204903,0.011202412657439709,0.011153822764754295,0.011153822764754295,3.2791478421501097e-09,8.894469829101581e-06,0.04273378849029541,8.150872599799186e-05
G33,11,139.61561584472656,0.988988995552063,-16.990488052368164,-16.990488052368164,-15.0,-15.0,-39.828125,50.0,74.0,1386.169921875,-22.062015533447266,0.011265815235674381,0.01121564581990242,0.011314879171550274,0.011265784502029419,0.011265784502029419,5.629347654689809e-08,2.5653971533756703e-05,0.0431140698492527,5.247901935945265e-05
G33,12,152.12612915039062,0.9879879951477051,-16.372880935668945,-16.372880935668945,-15.0,-15.0,-40.03125,42.0,74.0,1386.16748046875,-22.26091957092285,0.011379104107618332,0.011328436434268951,0.011428656056523323,0.011379057541489601,0.011379057541489601,8.272064633274567e-08,3.160602136631496e-05,0.04349810257554054,0.00010275814565829933
G33,13,164.6366424560547,0.9869869947433472,-15.881503105163574,-15.881503105163574,-15.0,-15.0,6.84375,72.0,74.0,1386.164794921875,-22.461963653564453,0.011493731290102005,0.011442557908594608,0.011543776839971542,0.011493697762489319,0.011493697762489319,7.486683983870535e-08,2.6266585336998105e-05,0.043886128813028336,0.0001276970433536917
G33,14,177.1471405029297,0.9859859943389893,-15.490167617797852,-15.490167617797852,-15.0,-15.0,-25.390625,60.0,74.0,1386.162109375,-22.665246963500977,0.011609728448092937,0.0115580465644598,0.011660273186862469,0.011609717272222042,0.011609717272222042,4.043160117817024e-08,1.5457862900802866e-05,0.04427836090326309,0.00010954747995128855
G33,15,189.65765380859375,0.9849849939346313,-15.17953872680664,-15.17953872680664,-15.0,-15.0,-70.046875,42.0,74.0,1386.15966796875,-22.87079429626465,0.011727125383913517,0.011674926616251469,0.011778175830841064,0.01172711979597807,0.01172711979597807,-5.350441867335576e-09,8.378974598599598e-06,0.0446748323738575,6.451761873904616e-05
G33,16,202.1681671142578,0.9839839935302734,-14.935049057006836,-14.935049057006836,-15.0,-15.0,-45.359375,36.0,74.0,1386.15673828125,-23.078596115112305,0.011845959350466728,0.011793237179517746,0.01189751923084259,0.011845939792692661,0.011845939792692661,-4.448702028980733e-08,2.0369760022731498e-05,0.04507553204894066,4.7036279283929616e-05
G33,17,214.67868041992188,0.9829829931259155,-14.745594024658203,-14.745594024658203,-15.0,-15.0,2.09375,82.0,82.0,1386.154052734375,-23.288715362548828,0.011966251768171787,0.011913000606000423,0.012018328532576561,0.011966223828494549,0.011966223828494549,-6.243132588679146e-08,2.4468863557558507e-05,0.04548058286309242,8.160434663295746e-05
G33,18,227.18919372558594,0.9819819927215576,-14.6025390625,-14.6025390625,-15.0,-15.0,-23.984375,44.0,82.0,1386.151123046875,-23.501232147216797,0.012088047340512276,0.012034261599183083,0.012140649370849133,0.012088027782738209,0.012088027782738209,-5.488163168365645e-08,2.0990393750253133e-05,0.04589013755321503,9.99973708530888e-05
G33,19,239.69969177246094,0.9809809923171997,-14.499102592468262,-14.499102592468262,-15.0,-15.0,-20.25,44.0,82.0,1386.148193359375,-23.716249465942383,0.012211373075842857,0.012157044373452663,0.012264503166079521,0.01221136562526226,0.01221136562526226,-2.8130955342930974e-08,1.2403015716699883e-05,0.04630438610911369,8.654123666929081e-05
G33,20,252.210205078125,0.9799799919128418,-14.429779052734375,-14.429779052734375,-15.0,-15.0,-71.5625,-8.0,82.0,1386.145263671875,-23.933786392211914,0.012336265295743942,0.012281387113034725,0.01238993275910616,0.012336261570453644,0.012336261570453644,5.389805934896685e-09,7.565362011519028e-06,0.046723373234272,5.2011702791787684e-05
G33,21,264.7207336425781,0.9789789915084839,-14.390122413635254,-14.390122413635254,-15.0,-15.0,-10.625,66.0,82.0,1386.14208984375,-24.153881072998047,0.012462753802537918,0.01240732055157423,0.012516964226961136,0.012462741695344448,0.012462741695344448,3.247374991133256e-08,1.6768197383498773e-05,0.04714716225862503,4.0079394239000976e-05
G33,22,277.2312316894531,0.977977991104126,-14.376510620117188,-14.376510620117188,-15.0,-15.0,-27.484375,60.0,82.0,1386.138916015625,-24.376571655273438,0.012590877711772919,0.012534881941974163,0.012645639479160309,0.012590860947966576,0.012590860947966576,4.403899467320116e-08,1.9879960746038705e-05,0.04757583141326904,6.759275129297748e-05
G33,23,289.7417297363281,0.9769769906997681,-14.386000633239746,-14.386000633239746,-15.0,-15.0,-26.6875,50.0,82.0,1386.1357421875,-24.601961135864258,0.012720668688416481,0.012664102017879486,0.012775986455380917,0.012720656581223011,0.012720656581223011,3.825874372864746e-08,1.6113535821205005e-05,0.048009566962718964,8.047917071962729e-05
G33,24,302.25225830078125,0.9759759902954102,-14.416121482849121,-14.416121482849121,-15.0,-15.0,-31.9375,36.0,82.0,1386.132568359375,-24.830110549926758,0.012852165848016739,0.012795023620128632,0.012908047996461391,0.01285216212272644,0.01285216212272644,1.9975399112581727e-08,8.625388545624446e-06,0.048448480665683746,6.6269603848923e-05
G33,25,314.76275634765625,0.9749749898910522,-14.464798927307129,-14.464798927307129,-15.0,-15.0,-23.84375,54.0,82.0,1386.129150390625,-25.061073303222656,0.012985401786863804,0.012927674688398838,0.013041856698691845,0.012985398061573505,0.012985398061573505,-2.8976674393277335e-09,8.380657163797878e-06,0.048892684280872345,3.7339661503210664e-05
G33,26,327.2732849121094,0.9739739894866943,-14.530256271362305,-14.530256271362305,-15.0,-15.0,-32.96875,44.0,82.0,1386.125732421875,-25.294879913330078,0.01312041562050581,0.013062095269560814,0.013177448883652687,0.013120405375957489,0.013120405375957489,-2.250511599299898e-08,1.509815683675697e-05,0.04934222251176834,3.800070771831088e-05
G33,27,339.7837829589844,0.9729729890823364,-14.611023902893066,-14.611023902893066,-15.0,-15.0,-36.421875,40.0,82.0,1386.1220703125,-25.531600952148438,0.013257242739200592,0.013198323547840118,0.013314863666892052,0.013257233425974846,0.013257233425974846,-3.278800519979086e-08,1.5663070371374488e-05,0.04979722946882248,6.014340397086926e-05
G33,28,352.2942810058594,0.9719719886779785,-14.705864906311035,-14.705864906311035,-15.0,-15.0,-37.96875,42.0,82.0,1386.11865234375,-25.771316528320312,0.013395920395851135,0.013336392119526863,0.0134541355073452,0.013395914807915688,0.013395914807915688,-3.09127585751412e-08,1.0991839189955499e-05,0.0502578541636467,6.378415855579078e-05
G33,29,364.8048095703125,0.9709709882736206,-14.813694953918457,-14.813694953918457,-15.0,-15.0,-28.0625,64.0,82.0,1386.11474609375,-26.014087677001953,0.013536486774682999,0.013476342894136906,0.01359530258923769,0.013536483980715275,0.013536483980715275,-1.7627302284495272e-08,5.764582510892069e-06,0.05072421208024025,4.593308040057309e-05
G33,30,377.3153076171875,0.9699699878692627,-14.933581352233887,-14.933581352233887,-15.0,-15.0,-40.25,30.0,82.0,1386.111083984375,-26.259965896606445,0.013678976334631443,0.013618209399282932,0.013738404028117657,0.013678972609341145,0.013678972609341145,2.8992872547206616e-09,9.962544936570339e-06,0.0511963926255703,2.7310470613883808e-05
G33,31,389.8258361816406,0.9689689874649048,-15.064708709716797,-15.064708709716797,-15.0,-15.0,-65.3125,12.0,82.0,1386.107177734375,-26.50899887084961,0.01382343377918005,0.013762031681835651,0.013883479870855808,0.013823426328599453,0.013823426328599453,2.295840140220662e-08,1.3113826753397007e-05,0.05167447775602341,4.043909575557336e-05
G33,32,402.3363342285156,0.9679679870605469,-15.206402778625488,-15.206402778625488,-15.0,-15.0,-40.1875,22.0,82.0,1386.103271484375,-26.761268615722656,0.01396989356726408,0.013907857239246368,0.01403056737035513,0.013969887048006058,0.013969887048006058,3.344583276998492e-08,1.1243936569371726e-05,0.052158623933792114,5.288161992211826e-05
G33,33,414.8468322753906,0.966966986656189,-15.358072280883789,-15.358072280883789,-15.0,-15.0,-29.3125,48.0,82.0,1386.09912109375,-27.01683807373047,0.01411839947104454,0.014055714942514896,0.014179709367454052,0.01411839947104454,0.01411839947104454,2.8373914773283104e-08,6.58722410662449e-06,0.052648961544036865,4.6427117922576144e-05
G33,34,427.35736083984375,0.965965986251831,-15.519195556640625,-15.519195556640625,-15.0,-15.0,-73.921875,4.0,82.0,1386.094970703125,-27.27578353881836,0.014268994331359863,0.014205648563802242,0.01433094684034586,0.014268992468714714,0.014268992468714714,8.715281829552168e-09,6.1506648307840806e-06,0.05314560607075691,2.80321401078254e-05
G33,35,439.86785888671875,0.9649649858474731,-15.689305305480957,-15.689305305480957,-15.0,-15.0,-59.046875,0.0,82.0,1386.0906982421875,-27.53815460205078,0.01442171074450016,0.014357696287333965,0.014484317041933537,0.014421706087887287,0.014421706087887287,-1.6247376777300815e-08,1.0432851922814734e-05,0.053648654371500015,2.7851461709360592e-05
G33,36,452.3783874511719,0.9639639854431152,-15.86800765991211,-15.86800765991211,-15.0,-15.0,-43.78125,18.0,82.0,1386.08642578125,-27.80401039123535,0.014576594345271587,0.014511902816593647,0.01463986374437809,0.014576589688658714,0.014576589688658714,-3.282603699972242e-08,1.0193795787927229e-05,0.05415822193026543,4.1640545532573014e-05
G33,37,464.8888854980469,0.9629629850387573,-16.054962158203125,-16.054962158203125,-15.0,-15.0,-15.953125,52.0,82.0,1386.081787109375,-28.073429107666016,0.014733688905835152,0.014668313786387444,0.014797629788517952,0.014733688905835152,0.014733688905835152,-3.107345847297438e-08,6.591344572370872e-06,0.05467445030808449,4.169806925347075e-05
G33,38,477.3993835449219,0.9619619846343994,-16.24988555908203,-16.24988555908203,-15.0,-15.0,-132.8125,-58.0,82.0,1386.0771484375,-28.346492767333984,0.014893032610416412,0.014826968312263489,0.014957655221223831,0.014893032610416412,0.014893032610416412,-1.1507332864368891e-08,4.344089120422723e-06,0.05519748479127884,2.763925658655353e-05
G33,39,489.909912109375,0.9609609842300415,-16.452484130859375,-16.452484130859375,-15.0,-15.0,-60.40625,20.0,82.0,1386.072509765625,-28.623245239257812,0.015054674819111824,0.014987902715802193,0.015119987539947033,0.015054672956466675,0.015054672956466675,1.4329353703601555e-08,8.366456313524395e-06,0.05572739616036415,2.1736796043114737e-05
G33,40,502.42041015625,0.9599599838256836,-16.662546157836914,-16.662546157836914,-15.0,-15.0,-24.109375,52.0,82.0,1386.067626953125,-28.903766632080078,0.015218659304082394,0.015151171945035458,0.015284672379493713,0.015218657441437244,0.015218657441437244,3.060113229480521e-08,8.685368811711669e-06,0.05626433715224266,3.325352008687332e-05
G33,41,514.930908203125,0.9589589834213257,-16.879878997802734,-16.879878997802734,-15.0,-15.0,-6.796875,72.0,82.0,1386.062744140625,-29.188133239746094,0.015385029837489128,0.015316814184188843,0.015451746061444283,0.015385029837489128,0.015385029837489128,2.7597977236837323e-08,5.957658686384093e-06,0.05680845305323601,3.5498222132446244e-05
G33,42,527.4414672851562,0.9579579830169678,-17.104312896728516,-17.104312896728516,-15.0,-15.0,-84.1875,-4.0,82.0,1386.0576171875,-29.476421356201172,0.015553826466202736,0.015484881587326527,0.015621260739862919,0.015553826466202736,0.015553826466202736,8.121037176067603e-09,3.7898050777585013e-06,0.05735987424850464,2.4825427317409776e-05
G33,43,539.9519653320312,0.9569569826126099,-17.335674285888672,-17.335674285888672,-15.0,-15.0,-35.625,26.0,82.0,1386.052490234375,-29.76868438720703,0.01572510227560997,0.015655409544706345,0.015793265774846077,0.01572510041296482,0.01572510041296482,-1.4708444240341123e-08,6.949436738068471e-06,0.05791869014501572,1.861041528172791e-05
G33,44,552.4624633789062,0.955955982208252,-17.573856353759766,-17.573856353759766,-15.0,-15.0,-14.46875,82.0,82.0,1386.047119140625,-30.065006256103516,0.01589890383183956,0.0158284530043602,0.015967803075909615,0.015898901969194412,0.015898901969194412,-2.6367130701032693e-08,7.28501890989719e-06,0.058485064655542374,2.771686740743462e-05
G33,45,564.9729614257812,0.954954981803894,-17.818756103515625,-17.818756103515625,-15.0,-15.0,-5.75,66.0,82.0,1386.04150390625,-30.365467071533203,0.016075272113084793,0.016004063189029694,0.016144925728440285,0.016075272113084793,0.016075272113084793,-2.0652537457976905e-08,4.957105375069659e-06,0.05905914306640625,2.9716617063968442e-05
G33,46,577.4834594726562,0.9539539813995361,-18.070270538330078,-18.070270538330078,-15.0,-15.0,-135.78125,-66.0,82.0,1386.035888671875,-30.67013931274414,0.01625426858663559,0.016182279214262962,0.01632467657327652,0.01625426858663559,0.01625426858663559,-2.937135867853158e-09,3.4038425837934483e-06,0.059641033411026,2.059264988929499e-05
G33,47,589.9940185546875,0.9529529809951782,-18.32833480834961,-18.32833480834961,-15.0,-15.0,-31.578125,50.0,82.0,1386.030029296875,-30.979106903076172,0.016435936093330383,0.016363151371479034,0.016507113352417946,0.016435932368040085,0.016435932368040085,1.4474179188539438e-08,6.12003395872307e-06,0.060230907052755356,1.6503783626831137e-05
G33,48,602.5045166015625,0.9519519805908203,-18.592876434326172,-18.592876434326172,-15.0,-15.0,-20.0,108.0,108.0,1386.024169921875,-31.292438507080078,0.016620319336652756,0.016546735540032387,0.016692286357283592,0.016620319336652756,0.016620319336652756,2.089097961288644e-08,5.9641452025971375e-06,0.06082887947559357,2.436776048853062e-05
G33,49,615.0150146484375,0.9509509801864624,-18.863849639892578,-18.863849639892578,-15.0,-15.0,-9.546875,56.0,108.0,1386.01806640625,-31.61021614074707,0.01680747978389263,0.0167330801486969,0.01688024029135704,0.01680747978389263,0.01680747978389263,1.3768809203895671e-08,3.7216184409771813e-06,0.06143509969115257,2.4344217308680527e-05
G33,50,627.5255126953125,0.9499499797821045,-19.141223907470703,-19.141223907470703,-15.0,-15.0,-51.03125,42.0,108.0,1386.01171875,-31.93252944946289,0.01699746772646904,0.01692224107682705,0.017071029171347618,0.01699746772646904,0.01699746772646904,-9.338609885389815e-10,3.673291530503775e-06,0.06204972416162491,1.572111614223104e-05
G33,51,640.0360107421875,0.9489489793777466,-19.424968719482422,-19.424968719482422,-15.0,-15.0,-40.109375,86.0,108.0,1386.00537109375,-32.259456634521484,0.01719033159315586,0.017114264890551567,0.0172647126019001,0.01719032973051071,0.01719032973051071,-1.3479228400115062e-08,5.4582137636316475e-06,0.06267289072275162,1.592545049788896e-05
G33,52,652.5465698242188,0.9479479789733887,-19.715057373046875,-19.715057373046875,-15.0,-15.0,-25.546875,58.0,108.0,1385.998779296875,-32.59107208251953,0.017386125400662422,0.017309218645095825,0.017461339011788368,0.017386125400662422,0.017386125400662422,-1.649088154920264e-08,4.526467819232494e-06,0.06330474466085434,2.179645889555104e-05
G33,53,665.0570678710938,0.9469469785690308,-20.011493682861328,-20.011493682861328,-15.0,-15.0,-19.765625,40.0,108.0,1385.991943359375,-32.92747497558594,0.0175849087536335,0.017507145181298256,0.017660968005657196,0.0175849087536335,0.0175849087536335,-8.870943979388812e-09,2.703243580981507e-06,0.06394543498754501,1.8676095351111144e-05
G33,54,677.5675659179688,0.9459459781646729,-20.31427574157715,-20.31427574157715,-15.0,-15.0,-65.609375,60.0,108.0,1385.985107421875,-33.26874542236328,0.017786739394068718,0.017708100378513336,0.017863648012280464,0.017786739394068718,0.017786739394068718,4.1088670243993874e-09,4.0669619920663536e-06,0.06459512561559677,1.212479401146993e-05
G33,55,690.0780639648438,0.9449449181556702,-20.6234130859375,-20.6234130859375,-15.0,-15.0,-37.859375,46.0,108.0,1385.97802734375,-33.6149787902832,0.017991673201322556,0.01791215129196644,0.018069449812173843,0.017991673201322556,0.017991673201322556,1.3925960828942152e-08,4.559971330309054e-06,0.06525398045778275,1.630589395062998e-05
G33,56,702.5885620117188,0.9439439177513123,-20.938922882080078,-20.938922882080078,-15.0,-15.0,-0.328125,74.0,108.0,1385.970703125,-33.96625518798828,0.018199769780039787,0.01811935007572174,0.018278425559401512,0.018199769780039787,0.018199769780039787,1.3841430224204032e-08,3.1081085580808576e-06,0.06592214107513428,1.8498416466172785e-05
G33,57,715.09912109375,0.9429429173469543,-21.260826110839844,-21.260826110839844,-15.0,-15.0,-167.921875,-86.0,108.0,1385.963134765625,-34.32268524169922,0.01841108500957489,0.01832975447177887,0.018490631133317947,0.01841108500957489,0.01841108500957489,3.553130900613155e-09,2.584305775599205e-06,0.06659979373216629,1.2949114534421824e-05
G33,58,727.609619140625,0.9419419169425964,-21.58915138244629,-21.58915138244629,-15.0,-15.0,-46.15625,58.0,108.0,1385.955322265625,-34.68434524536133,0.018625684082508087,0.0185434278100729,0.01870613731443882,0.018625684082508087,0.018625684082508087,-9.599691708217506e-09,4.0077393350657076e-06,0.06728707998991013,1.1648712643363979e-05
G33,59,740.1201171875,0.9409409165382385,-21.923933029174805,-21.923933029174805,-15.0,-15.0,4.0,78.0,108.0,1385.947265625,-35.051334381103516,0.018843628466129303,0.018760429695248604,0.018924998119473457,0.018843628466129303,0.018843628466129303,-1.5172117784345573e-08,3.3161645660584327e-06,0.06798417866230011,1.5991541658877395e-05
G33,60,752.630615234375,0.9399399161338806,-22.265213012695312,-22.265213012695312,-15.0,-15.0,-45.09375,40.0,108.0,1385.939208984375,-35.42375183105469,0.019064979627728462,0.018980827182531357,0.01914728432893753,0.019064979627728462,0.019064979627728462,-8.092659875558184e-09,2.061593932012329e-06,0.06869125366210938,1.3665121514350176e-05
G33,61,765.14111328125,0.9389389157295227,-22.6130428314209,-22.6130428314209,-15.0,-15.0,-45.375,54.0,108.0,1385.930908203125,-35.80170440673828,0.019289802759885788,0.01920468732714653,0.019373051822185516,0.019289802759885788,0.019289802759885788,5.891805265889616e-09,3.2504715363756986e-06,0.06940849125385284,9.424079507880379e-06
G33,62,777.6516723632812,0.9379379153251648,-22.967464447021484,-22.967464447021484,-15.0,-15.0,6.765625,76.0,108.0,1385.922119140625,-36.18527603149414,0.01951816864311695,0.01943206787109375,0.019602373242378235,0.01951816864311695,0.01951816864311695,1.4322965036228652e-08,3.2236209790426074e-06,0.07013604789972305,1.2934880942339078e-05
G33,63,790.1621704101562,0.9369369149208069,-23.328540802001953,-23.328540802001953,-15.0,-15.0,4.28125,66.0,108.0,1385.913330078125,-36.574581146240234,0.019750136882066727,0.019663041457533836,0.019835319370031357,0.019750136882066727,0.019750136882066727,9.553065005718508e-09,2.041322659351863e-06,0.07087411731481552,1.316535872319946e-05
G33,64,802.6726684570312,0.935935914516449,-23.696334838867188,-23.696334838867188,-15.0,-15.0,-39.203125,54.0,108.0,1385.904296875,-36.9697265625,0.019985781982541084,0.019897671416401863,0.020071953535079956,0.019985781982541084,0.019985781982541084,-3.4964020567684884e-09,2.556429308242514e-06,0.07162287831306458,8.763131518207956e-06
G33,65,815.1831665039062,0.9349349141120911,-24.070907592773438,-24.070907592773438,-15.0,-15.0,-1.90625,64.0,108.0,1385.894775390625,-37.37080383300781,0.020225169137120247,0.020136035978794098,0.020312344655394554,0.020225169137120247,0.020225169137120247,-1.2159668827393944e-08,2.956578555313172e-06,0.07238251715898514,1.037816491589183e-05
G33,66,827.6936645507812,0.9339339137077332,-24.452333450317383,-24.452333450317383,-15.0,-15.0,11.078125,84.0,108.0,1385.88525390625,-37.77793884277344,0.020468372851610184,0.020378200337290764,0.02055656909942627,0.020468372851610184,0.020468372851610184,-8.904723181046847e-09,1.9851454453601036e-06,0.07315321266651154,1.1964752047788352e-05
G33,67,840.2042236328125,0.9329329133033752,-24.84068489074707,-24.84068489074707,-15.0,-15.0,-54.21875,44.0,108.0,1385.875244140625,-38.19123840332031,0.020715463906526566,0.020624233409762383,0.020804697647690773,0.020715463906526566,0.020715463906526566,1.7943555530308686e-09,2.0497489003901137e-06,0.07393515855073929,8.338152838405222e-06
G33,68,852.7147216796875,0.9319319128990173,-25.236042022705078,-25.236042022705078,-15.0,-15.0,-17.21875,50.0,108.0,1385.865234375,-38.610801696777344,0.02096652053296566,0.02087421528995037,0.021056802943348885,0.02096652053296566,0.02096652053296566,9.352023155884126e-09,2.6280122256139293e-06,0.07472856342792511,8.60000818647677e-06
G33,69,865.2252197265625,0.9309309124946594,-25.638492584228516,-25.638492584228516,-15.0,-15.0,12.84375,94.0,108.0,1385.854736328125,-39.036766052246094,0.021221619099378586,0.02112821862101555,0.02131296694278717,0.021221619099378586,0.021221619099378586,7.83208964350024e-09,1.8426527503834222e-06,0.07553361356258392,1.0586797543510329e-05
G33,70,877.7357177734375,0.9299299120903015,-26.048118591308594,-26.048118591308594,-15.0,-15.0,-108.84375,-2.0,108.0,1385.843994140625,-39.469234466552734,0.021480830386281013,0.021386323496699333,0.02157326601445675,0.021480830386281013,0.021480830386281013,-8.469618756334896e-11,1.7400610659024096e-06,0.07635051757097244,7.698891749896575e-06
G33,71,890.2462158203125,0.9289289116859436,-26.465011596679688,-26.465011596679688,-15.0,-15.0,-28.28125,38.0,108.0,1385.832763671875,-39.908329010009766,0.02174423821270466,0.02164861001074314,0.02183777280151844,0.02174423821270466,0.02174423821270466,-7.2104460180355545e-09,2.307873955942341e-06,0.07717946916818619,7.445186838594964e-06
G33,72,902.7567749023438,0.9279279112815857,-26.889270782470703,-26.889270782470703,-15.0,-15.0,21.71875,102.0,108.0,1385.821533203125,-40.35417175292969,0.022011926397681236,0.021915152668952942,0.02210657298564911,0.022011926397681236,0.022011926397681236,-7.710087679413391e-09,1.63870470260008e-06,0.07802069187164307,9.297752512793522e-06
G33,73,915.2672729492188,0.9269269108772278,-27.320995330810547,-27.320995330810547,-15.0,-15.0,-130.34375,-70.0,108.0,1385.809814453125,-40.806888580322266,0.022283969447016716,0.02218603901565075,0.02237975038588047,0.022283969447016716,0.022283969447016716,-9.645355625309548e-10,1.5727371192042483e-06,0.0788743793964386,6.856779691588599e-06
G33,74,927.7777709960938,0.9259259104728699,-27.760276794433594,-27.760276794433594,-15.0,-15.0,-16.125,54.0,108.0,1385.797607421875,-41.266605377197266,0.02256045490503311,0.02246135100722313,0.02265739068388939,0.02256045490503311,0.02256045490503311,7.075704910874947e-09,2.018266741288244e-06,0.07974077016115189,6.6937823248736095e-06
G33,75,940.2882690429688,0.924924910068512,-28.20724105834961,-28.20724105834961,-15.0,-15.0,37.203125,116.0,116.0,1385.785400390625,-41.73345184326172,0.022841472178697586,0.022741170600056648,0.022939573973417282,0.022841472178697586,0.022841472178697586,7.940813340212571e-09,1.403517444487079e-06,0.08062006533145905,8.154233000823297e-06
G33,76,952.7987670898438,0.923923909664154,-28.661985397338867,-28.661985397338867,-15.0,-15.0,-90.046875,-2.0,116.0,1385.7724609375,-42.20756149291992,0.023127103224396706,0.023025590926408768,0.02322639524936676,0.023127103224396706,0.023127103224396706,-1.359331119887841e-10,1.4943306041459437e-06,0.08151250332593918,5.919836894463515e-06
G33,77,965.309326171875,0.9229229092597961,-29.12462615966797,-29.12462615966797,-15.0,-15.0,19.21875,104.0,116.0,1385.75927734375,-42.689064025878906,0.023417441174387932,0.023314692080020905,0.02351793646812439,0.023417441174387932,0.023417441174387932,-8.230856884949844e-09,1.7447787286073435e-06,0.0824183002114296,6.21117169430363e-06
G33,78,977.81982421875,0.9219219088554382,-29.59528350830078,-29.59528350830078,-15.0,-15.0,19.4375,100.0,116.0,1385.745849609375,-43.178104400634766,0.023712575435638428,0.023608572781085968,0.02381429448723793,0.023712575435638428,0.023712575435638428,-6.505629812636471e-09,1.1660443988148472e-06,0.0833376869559288,7.092058240232291e-06
G33,79,990.330322265625,0.9209209084510803,-30.074073791503906,-30.074073791503906,-15.0,-15.0,-39.546875,32.0,116.0,1385.73193359375,-43.67481231689453,0.024012601003050804,0.02390732616186142,0.024115564301609993,0.024012601003050804,0.024012601003050804,2.910153007462668e-09,1.4542995359079214e-06,0.0842709094285965,5.028756731917383e-06
G33,80,1002.8408203125,0.9199199080467224,-30.56113052368164,-30.56113052368164,-15.0,-15.0,44.375,136.0,136.0,1385.717529296875,-44.17934036254883,0.024317612871527672,0.02421104535460472,0.02442183904349804,0.024317612871527672,0.024317612871527672,8.248636440555401e-09,1.4659359521829174e-06,0.08521819114685059,5.899114057683619e-06
G33,81,1015.351318359375,0.9189189076423645,-31.05657958984375,-31.05657958984375,-15.0,-15.0,-72.5625,2.0,136.0,1385.702880859375,-44.69182586669922,0.02462770603597164,0.024519825354218483,0.02473321743309498,0.02462770603597164,0.02462770603597164,3.3294278445339387e-09,9.807176866161171e-07,0.08617979288101196,6.007592219248181e-06
G33,82,1027.86181640625,0.9179179072380066,-31.560550689697266,-31.560550689697266,-15.0,-15.0,-9.125,78.0,136.0,1385.687744140625,-45.21242141723633,0.024942979216575623,0.024833768606185913,0.02504979446530342,0.024942979216575623,0.024942979216575623,-5.052641860459062e-09,1.3961802096673637e-06,0.08715595304965973,4.385349711810704e-06
G33,83,1040.372314453125,0.9169169068336487,-32.07318115234375,-32.07318115234375,-15.0,-15.0,50.75,120.0,136.0,1385.672119140625,-45.74127960205078,0.02526353858411312,0.02515297383069992,0.025371674448251724,0.02526353858411312,0.02526353858411312,-6.597062007784871e-09,1.1620034001680324e-06,0.08814692497253418,5.610076186712831e-06
G33,84,1052.8829345703125,0.9159159064292908,-32.594608306884766,-32.594608306884766,-15.0,-15.0,-179.078125,-102.0,136.0,1385.656005859375,-46.2785530090332,0.025589482858777046,0.025477545335888863,0.025698963552713394,0.025589482858777046,0.025589482858777046,-1.3188480862957874e-10,9.594624543751706e-07,0.08915296941995621,4.838092991121812e-06
G33,85,1065.3934326171875,0.9149149060249329,-33.12498474121094,-33.12498474121094,-15.0,-15.0,18.203125,110.0,136.0,1385.639404296875,-46.82439422607422,0.025920916348695755,0.025807581841945648,0.02603176049888134,0.025920916348695755,0.025920916348695755,5.909166489459494e-09,1.2520390555437189e-06,0.09017433226108551,4.20395417677355e-06
G33,86,1077.9039306640625,0.913913905620575,-33.66444396972656,-33.66444396972656,-15.0,-15.0,30.03125,116.0,136.0,1385.622314453125,-47.37896728515625,0.0262579508125782,0.02614320069551468,0.026370178908109665,0.0262579508125782,0.0262579508125782,4.194706360038936e-09,8.817805792205036e-07,0.09121128916740417,5.086339115223382e-06
G33,87,1090.4144287109375,0.912912905216217,-34.21315383911133,-34.21315383911133,-15.0,-15.0,-58.421875,30.0,136.0,1385.604736328125,-47.942440032958984,0.02660069428384304,0.026484504342079163,0.02671433426439762,0.02660069428384304,0.02660069428384304,-2.6404556319192807e-09,1.0458327324158745e-06,0.09226411581039429,3.8007144667062676e-06
G33,88,1102.9249267578125,0.9119119048118591,-34.77125549316406,-34.77125549316406,-15.0,-15.0,67.984375,160.0,160.0,1385.586669921875,-48.514976501464844,0.026949258521199226,0.0268316101282835,0.027064329013228416,0.026949258521199226,0.026949258521199226,-5.610445885650961e-09,1.0112352128999191e-06,0.09333307296037674,4.286547664378304e-06
G33,89,1115.4354248046875,0.9109109044075012,-35.33891677856445,-35.33891677856445,-15.0,-15.0,-167.90625,-58.0,160.0,1385.56787109375,-49.096744537353516,0.027303757146000862,0.0271846242249012,0.027420280501246452,0.027303757146000862,0.027303757146000862,-1.1168587166210386e-09,7.618400559294969e-07,0.09441844373941422,4.1900098040059675e-06
G33,90,1127.9459228515625,0.9099099040031433,-35.91630172729492,-35.91630172729492,-15.0,-15.0,35.625,118.0,160.0,1385.548828125,-49.68791961669922,0.027664311230182648,0.02754366584122181,0.02778230607509613,0.027664311230182648,0.027664311230182648,4.5628185674218e-09,1.0080577794724377e-06,0.09552051872015,3.37870437761012e-06
G33,91,1140.4564208984375,0.9089089035987854,-36.503562927246094,-36.503562927246094,-15.0,-15.0,44.59375,118.0,160.0,1385.52880859375,-50.288673400878906,0.028031038120388985,0.02790885791182518,0.028150534257292747,0.028031038120388985,0.028031038120388985,3.863224851130553e-09,7.443450726896117e-07,0.09663957357406616,4.104786512471037e-06
G33,92,1152.9669189453125,0.9079079031944275,-37.10089111328125,-37.10089111328125,-15.0,-15.0,-41.828125,30.0,160.0,1385.508544921875,-50.899200439453125,0.028404057025909424,0.028280315920710564,0.028525076806545258,0.028404057025909424,0.028404057025909424,-2.155997158581613e-09,8.474328296870226e-07,0.0977759137749672,3.2049749734142097e-06
G33,93,1165.4774169921875,0.9069069027900696,-37.70844268798828,-37.70844268798828,-15.0,-15.0,80.90625,160.0,160.0,1385.4873046875,-51.51966857910156,0.028783494606614113,0.028658177703619003,0.02890606038272381,0.028783494606614113,0.028783494606614113,-5.064829000644977e-09,8.066218128988112e-07,0.09892982989549637,3.504910182527965e-06
G33,94,1177.988037109375,0.9059059023857117,-38.32640075683594,-38.32640075683594,-15.0,-15.0,-164.359375,-86.0,160.0,1385.465576171875,-52.15027618408203,0.0291694775223732,0.029042551293969154,0.029293613508343697,0.0291694775223732,0.0291694775223732,-4.4433431933832424e-10,6.601846394005406e-07,0.10010162740945816,3.367249746588641e-06
G33,95,1190.49853515625,0.9049049019813538,-38.9549560546875,-38.9549560546875,-15.0,-15.0,53.3125,136.0,160.0,1385.443359375,-52.79120635986328,0.02956213429570198,0.02943357266485691,0.02968786470592022,0.02956213429570198,0.02956213429570198,4.953683241382123e-09,8.057942864070355e-07,0.10129159688949585,2.8877218483103206e-06
G33,96,1203.009033203125,0.9039039015769958,-39.59428787231445,-39.59428787231445,-15.0,-15.0,-38.0,30.0,160.0,1385.420166015625,-53.442657470703125,0.0299616027623415,0.029831383377313614,0.03008895181119442,0.0299616027623415,0.0299616027623415,2.47456521940137e-09,5.930978090873396e-07,0.1025000736117363,3.3145581710414262e-06
G33,97,1215.51953125,0.9029029011726379,-40.24458694458008,-40.24458694458008,-15.0,-15.0,1.59375,78.0,160.0,1385.396484375,-54.10483169555664,0.030368009582161903,0.030236108228564262,0.030497003346681595,0.030368009582161903,0.030368009582161903,-4.093809291561001e-09,7.314871481867158e-07,0.10372735559940338,2.5993842882598983e-06
G33,98,1228.030029296875,0.90190190076828,-40.90605545043945,-40.90605545043945,-15.0,-15.0,63.125,156.0,160.0,1385.371826171875,-54.777931213378906,0.030781500041484833,0.03064788691699505,0.030912164598703384,0.030781500041484833,0.030781500041484833,-3.647818269669756e-09,5.969340008959989e-07,0.10497377812862396,3.0104886263870867e-06
G33,99,1240.54052734375,0.9009009003639221,-41.578887939453125,-41.578887939453125,-15.0,-15.0,-89.390625,-20.0,160.0,1385.3466796875,-55.462158203125,0.031202208250761032,0.031066857278347015,0.03133457154035568,0.031202208250761032,0.031202208250761032,3.0122784266950475e-09,6.231445581761363e-07,0.10623966157436371,2.5559388632245827e-06
G33,100,1253.051025390625,0.8998998999595642,-42.263282775878906,-42.263282775878906,-15.0,-15.0,90.28125,160.0,160.0,1385.320556640625,-56.15773010253906,0.03163028508424759,0.0314931683242321,0.031764376908540726,0.03163028508424759,0.03163028508424759,3.993350539133189e-09,6.007034585309157e-07,0.10752534121274948,2.623911314003635e-06
G33,101,1265.5615234375,0.8988988995552063,-42.9594612121582,-42.9594612121582,-15.0,-15.0,-154.421875,-102.0,160.0,1385.293701171875,-56.86485290527344,0.03206586837768555,0.0319269634783268,0.032201722264289856,0.03206586837768555,0.03206586837768555,-1.990629439063696e-09,5.309319135449186e-07,0.10883115231990814,2.5310812361567514e-06
G33,102,1278.072021484375,0.8978978991508484,-43.66762161254883,-43.66762161254883,-15.0,-15.0,85.546875,160.0,160.0,1385.265869140625,-57.5837516784668,0.03250911831855774,0.032368384301662445,0.03264675289392471,0.03250911831855774,0.03250911831855774,-3.748556132165959e-09,5.83206201554276e-07,0.11015743017196655,2.2957424334890675e-06
G33,103,1290.58251953125,0.8968968987464905,-44.38799285888672,-44.38799285888672,-15.0,-15.0,-127.0,-56.0,160.0,1385.2373046875,-58.31465148925781,0.03296017646789551,0.03281759098172188,0.03309962525963783,0.03296017646789551,0.03296017646789551,1.0821871176958098e-09,4.745577371068066e-07,0.11150453984737396,2.4340461095562205e-06
G33,104,1303.0931396484375,0.8958958983421326,-45.12078857421875,-45.12078857421875,-15.0,-15.0,59.734375,160.0,160.0,1385.207763671875,-59.05777359008789,0.03341921418905258,0.03327473998069763,0.03356049209833145,0.03341921418905258,0.03341921418905258,3.3314686564978047e-09,5.473415853884944e-07,0.11287281662225723,2.069968559226254e-06
G33,105,1315.6036376953125,0.8948948979377747,-45.866241455078125,-45.866241455078125,-15.0,-15.0,-71.453125,-12.0,160.0,1385.17724609375,-59.813358306884766,0.033886369317770004,0.033739980310201645,0.034029521048069,0.033886369317770004,0.033886369317770004,-4.3693609841355396e-10,4.4176113078719936e-07,0.11426262557506561,2.277166231579031e-06
G33,106,1328.1141357421875,0.8938938975334167,-46.62458038330078,-46.62458038330078,-15.0,-15.0,33.734375,122.0,160.0,1385.145751953125,-60.581634521484375,0.0343618206679821,0.034213483333587646,0.03450687229633331,0.0343618206679821,0.0343618206679821,-2.9747400098756316e-09,5.034544869886304e-07,0.11567432433366776,1.9209903712180676e-06
G33,107,1340.6246337890625,0.8928928971290588,-47.396034240722656,-47.396034240722656,-15.0,-15.0,-28.71875,58.0,160.0,1385.11328125,-61.36284637451172,0.03484572842717171,0.03469541296362877,0.03499271348118782,0.03484572842717171,0.03484572842717171,2.557579426021306e-10,4.175838341780036e-07,0.1171082928776741,2.0980294266337296e-06
G33,108,1353.1351318359375,0.8918918967247009,-48.18085479736328,-48.18085479736328,-15.0,-15.0,8.90625,112.0,160.0,1385.079833984375,-62.15724182128906,0.03533826395869255,0.03518593683838844,0.03548720106482506,0.03533826395869255,0.03533826395869255,2.4815325350147077e-09,4.606066852375079e-07,0.1185648962855339,1.8064704363496276e-06
G33,109,1365.6456298828125,0.890890896320343,-48.97927474975586,-48.97927474975586,-15.0,-15.0,-7.453125,54.0,160.0,1385.045166015625,-62.96506881713867,0.03583959490060806,0.0356852263212204,0.03599052503705025,0.03583959490060806,0.03583959490060806,-3.0032329401130653e-10,3.948177038637368e-07,0.12004450708627701,1.9263843569206074e-06
G33,110,1378.1561279296875,0.8898898959159851,-49.79155731201172,-49.79155731201172,-15.0,-15.0,-3.375,82.0,160.0,1385.009521484375,-63.786582946777344,0.03634990006685257,0.03619346395134926,0.03650285303592682,0.03634990006685257,0.03634990006685257,-1.8139059143607028e-09,4.226717749133968e-07,0.12154752761125565,1.700729285403213e-06
G33,111,1390.6666259765625,0.8888888955116272,-50.617950439453125,-50.617950439453125,-15.0,-15.0,-2.265625,82.0,160.0,1384.97265625,-64.62203979492188,0.0368693582713604,0.03671081364154816,0.037024371325969696,0.0368693582713604,0.0368693582713604,1.7448303912814822e-10,3.720363963566342e-07,0.12307432293891907,1.7739204167810385e-06
G33,112,1403.1771240234375,0.8878878951072693,-51.458709716796875,-51.458709716796875,-15.0,-15.0,-8.546875,66.0,160.0,1384.9345703125,-65.47171783447266,0.03739815577864647,0.03723746910691261,0.037555254995822906,0.03739815577864647,0.03739815577864647,1.3921640507064126e-09,3.9095277770684334e-07,0.1246253028512001,1.5990000292731565e-06
G33,113,1415.6876220703125,0.8868868947029114,-52.31411361694336,-52.31411361694336,-15.0,-15.0,-10.5,76.0,160.0,1384.895263671875,-66.33586883544922,0.03793647512793541,0.03777361288666725,0.03809570148587227,0.03793647512793541,0.03793647512793541,-9.038919612791574e-11,3.495479745652119e-07,0.126200869679451,1.648985744395759e-06
G33,114,1428.1982421875,0.8858858942985535,-53.184425354003906,-53.184425354003906,-15.0,-15.0,-3.859375,100.0,160.0,1384.854736328125,-67.21478271484375,0.03848451003432274,0.03831943869590759,0.038645897060632706,0.03848451003432274,0.03848451003432274,-1.265920812620891e-09,3.636656060734822e-07,0.12780141830444336,1.5243567759171128e-06
G33,115,1440.708740234375,0.8848848938941956,-54.069923400878906,-54.069923400878906,-15.0,-15.0,-28.421875,60.0,160.0,1384.81298828125,-68.10872650146484,0.03904245048761368,0.038875140249729156,0.03920603543519974,0.03904245048761368,0.03904245048761368,4.672784936765595e-10,3.3017360578924126e-07,0.12942735850811005,1.6186255606953637e-06
G33,116,1453.21923828125,0.8838838934898376,-54.97088623046875,-54.97088623046875,-15.0,-15.0,4.0,88.0,160.0,1384.76953125,-69.01799011230469,0.03961050510406494,0.03944091126322746,0.03977631404995918,0.03961050510406494,0.03961050510406494,6.337967928260468e-10,3.4171108609371004e-07,0.13107910752296448,1.6642180753478897e-06
G33,117,1465.729736328125,0.8828828930854797,-55.887603759765625,-55.887603759765625,-15.0,-15.0,-59.640625,32.0,160.0,1384.724853515625,-69.94287109375,0.04018886387348175,0.04001695662736893,0.040356941521167755,0.04018886387348175,0.04018886387348175,-3.9687683694999976e-10,3.1579943993165216e-07,0.13275709748268127,1.7938450582732912e-06
G33,118,1478.240234375,0.8818818926811218,-56.82036590576172,-56.82036590576172,-15.0,-15.0,12.703125,82.0,160.0,1384.6787109375,-70.88365936279297,0.04077773913741112,0.040603477507829666,0.04094811528921127,0.04077773913741112,0.04077773913741112,1.7061838053500367e-11,3.26115014104289e-07,0.13446173071861267,1.8051264305540826e-06
G33,119,1490.750732421875,0.8808808922767639,-57.769474029541016,-57.769474029541016,-15.0,-15.0,-76.890625,-6.0,160.0,1384.631103515625,-71.84065246582031,0.04137733578681946,0.041200678795576096,0.04155005142092705,0.04137733578681946,0.04137733578681946,-5.741819797400183e-10,3.124923182440398e-07,0.13619345426559448,2.246770691272104e-06
G33,120,1503.26123046875,0.879879891872406,-58.73522186279297,-58.73522186279297,-15.0,-15.0,8.78125,110.0,160.0,1384.581787109375,-72.81417083740234,0.04198787361383438,0.04180878773331642,0.04216296970844269,0.04198787361383438,0.04198787361383438,9.90296955549752e-10,3.2658107329552877e-07,0.13795270025730133,2.9933453333796933e-06
G33,121,1515.771728515625,0.8788788914680481,-59.71792984008789,-59.71792984008789,-15.0,-15.0,-82.609375,2.0,160.0,1384.53076171875,-73.80451202392578,0.042609576135873795,0.042428016662597656,0.04278707504272461,0.042609576135873795,0.042609576135873795,-6.620234915821754e-11,3.293916961411014e-07,0.13973990082740784,4.109407655050745e-06
G33,122,1528.2822265625,0.8778778910636902,-60.7179069519043,-60.7179069519043,-15.0,-15.0,-12.078125,104.0,160.0,1384.478271484375,-74.81200408935547,0.04324265196919441,0.04305858537554741,0.04342260584235191,0.04324265196919441,0.04324265196919441,-1.30202115755651e-09,3.470761669177591e-07,0.14155550301074982,5.103393959871028e-06
G33,123,1540.792724609375,0.8768768906593323,-61.7354736328125,-61.7354736328125,-15.0,-15.0,-76.40625,24.0,160.0,1384.423828125,-75.83695983886719,0.043887339532375336,0.043700721114873886,0.04406978562474251,0.043887339532375336,0.043887339532375336,1.3851927382901863e-09,3.7022701349087583e-07,0.14339995384216309,6.120832040323876e-06
G33,124,1553.3033447265625,0.8758758902549744,-62.770957946777344,-62.770957946777344,-15.0,-15.0,-59.125,8.0,160.0,1384.36767578125,-76.87971496582031,0.044543858617544174,0.04435466229915619,0.0447288379073143,0.044543858617544174,0.044543858617544174,-3.723380492814954e-10,4.0905831610871246e-07,0.14527371525764465,7.061133146635257e-06
G33,125,1565.8138427734375,0.8748748898506165,-63.82469177246094,-63.82469177246094,-15.0,-15.0,-85.671875,-6.0,160.0,1384.3095703125,-77.94061279296875,0.04521246254444122,0.045020632445812225,0.04540000483393669,0.04521246254444122,0.04521246254444122,1.3519957375862646e-10,4.746019328649709e-07,0.14717723429203033,7.890168490121141e-06
G33,126,1578.3243408203125,0.8738738894462585,-64.89701843261719,-64.89701843261719,-15.0,-15.0,-134.890625,-44.0,160.0,1384.24951171875,-79.01997375488281,0.04589337855577469,0.045698873698711395,0.04608353599905968,0.04589337855577469,0.04589337855577469,-1.6724989171379434e-09,5.977699970571848e-07,0.14911095798015594,8.884423550625797e-06
G33,127,1590.8348388671875,0.8728728890419006,-65.98826599121094,-65.98826599121094,-15.0,-15.0,-148.015625,-52.0,160.0,1384.187255859375,-80.1181640625,0.04658685624599457,0.046389635652303696,0.046779658645391464,0.04658685252070427,0.04658685252070427,1.9336594547780805e-09,8.506295898769167e-07,0.15107539296150208,1.084290306607727e-05
G33,128,1603.3453369140625,0.8718718886375427,-67.09880065917969,-67.09880065917969,-15.0,-15.0,-223.859375,-140.0,160.0,1384.123291015625,-81.23552703857422,0.04729313403367996,0.047093164175748825,0.047488629817962646,0.04729313403367996,0.04729313403367996,3.3225089346444747e-09,1.308531182075967e-06,0.15307097136974335,1.528371467429679e-05
G33,129,1615.8558349609375,0.8708708882331848,-68.22897338867188,-68.22897338867188,-15.0,-15.0,-268.046875,-182.0,160.0,1384.056884765625,-82.37242889404297,0.04801248013973236,0.04780970886349678,0.048210714012384415,0.04801248013973236,0.04801248013973236,-9.494768526963071e-09,2.0366655917314347e-06,0.15509818494319916,2.3132599380915053e-05
G33,130,1628.3663330078125,0.8698698878288269,-69.37914276123047,-69.37914276123047,-15.0,-15.0,-344.828125,-222.0,160.0,1383.98828125,-83.52922058105469,0.04874515160918236,0.048539530485868454,0.04894616827368736,0.04874515160918236,0.04874515160918236,6.800890517411062e-09,2.995159547936055e-06,0.1571575105190277,3.351131090312265e-05
G33,131,1640.8768310546875,0.868868887424469,-70.5496826171875,-70.5496826171875,-15.0,-15.0,-400.96875,-304.0,160.0,1383.917236328125,-84.70628356933594,0.04949140548706055,0.04928288981318474,0.049695249646902084,0.04949140548706055,0.04949140548706055,-1.785146253041603e-09,4.072440788149834e-06,0.159249410033226,4.4037322368239984e-05
G33,132,1653.3873291015625,0.8678678870201111,-71.74097442626953,-71.74097442626953,-15.0,-15.0,-441.640625,-326.0,160.0,1383.843994140625,-85.90399932861328,0.050251513719558716,0.05004005879163742,0.05045822635293007,0.050251513719558716,0.050251513719558716,1.4677698167986364e-08,5.179530035093194e-06,0.16137439012527466,5.261295154923573e-05
G33,133,1665.89794921875,0.8668668866157532,-72.95337677001953,-72.95337677001953,-15.0,-15.0,-479.59375,-382.0,160.0,1383.76806640625,-87.12273406982422,0.05102574825286865,0.05081131309270859,0.0512353740632534,0.05102574825286865,0.05102574825286865,-3.475161491905965e-08,6.2479584812535904e-06,0.16353291273117065,5.979275010759011e-05
G33,134,1678.408447265625,0.8658658862113953,-74.18730926513672,-74.18730926513672,-15.0,-15.0,-489.859375,-414.0,160.0,1383.689453125,-88.36289978027344,0.05181439220905304,0.05159691721200943,0.05202696472406387,0.05181438848376274,0.05181438848376274,2.103610974302228e-08,7.413444564008387e-06,0.1657254844903946,6.548010424012318e-05
G33,135,1690.9189453125,0.8648648858070374,-75.4431381225586,-75.4431381225586,-15.0,-15.0,-459.171875,-368.0,160.0,1383.6083984375,-89.6248779296875,0.052617717534303665,0.05239717662334442,0.05283329263329506,0.05261771380901337,0.05261771380901337,2.9742871276994265e-08,8.634168807475362e-06,0.16795259714126587,6.952979310881346e-05
G33,136,1703.429443359375,0.8638638854026794,-76.72128295898438,-76.72128295898438,-15.0,-15.0,-423.125,-344.0,160.0,1383.5244140625,-90.90907287597656,0.05343601852655411,0.05321235582232475,0.053654640913009644,0.05343601480126381,0.05343601480126381,-5.707062911142202e-08,9.79206379270181e-06,0.1702147275209427,7.263773295562714e-05
G33,137,1715.93994140625,0.8628628849983215,-78.02213287353516,-78.02213287353516,-15.0,-15.0,-389.59375,-304.0,160.0,1383.4375,-92.21590423583984,0.05426958575844765,0.0540427602827549,0.0544913075864315,0.05426958575844765,0.05426958575844765,2.533428933304549e-08,1.1113699656561948e-05,0.17251238226890564,7.568294677184895e-05
G33,138,1728.450439453125,0.8618618845939636,-79.34610748291016,-79.34610748291016,-15.0,-15.0,-351.171875,-256.0,160.0,1383.34765625,-93.54576873779297,0.05511872470378876,0.05488867312669754,0.05534359812736511,0.05511872470378876,0.05511872470378876,2.57374210832495e-08,1.2562386473291554e-05,0.17484605312347412,7.919737981865183e-05
G33,139,1740.9609375,0.8608608841896057,-80.69363403320312,-80.69363403320312,-15.0,-15.0,-290.0,-186.0,160.0,1383.254638671875,-94.89909362792969,0.05598372966051102,0.05575041472911835,0.05621180310845375,0.05598372966051102,0.05598372966051102,-3.889184085892339e-08,1.3995592780702282e-05,0.17721623182296753,8.26187533675693e-05
G33,140,1753.471435546875,0.8598598837852478,-82.06513214111328,-82.06513214111328,-15.0,-15.0,-225.609375,-120.0,160.0,1383.158447265625,-96.27632141113281,0.056864917278289795,0.0566282793879509,0.05709622800350189,0.0568649098277092,0.0568649098277092,7.366208087944415e-09,1.5501354937441647e-05,0.17962342500686646,8.597641135565937e-05
G33,141,1765.98193359375,0.8588588237762451,-83.46102142333984,-83.46102142333984,-15.0,-15.0,-185.625,-60.0,160.0,1383.0589599609375,-97.6778564453125,0.057762593030929565,0.05752258747816086,0.057997193187475204,0.05776258185505867,0.05776258185505867,2.6941068043129235e-08,1.6978641724563204e-05,0.1820681095123291,9.000470890896395e-05
G33,142,1778.492431640625,0.8578578233718872,-84.88176727294922,-84.88176727294922,-15.0,-15.0,-160.5,-58.0,160.0,1382.9560546875,-99.10416412353516,0.0586770735681057,0.058433644473552704,0.05891501158475876,0.0586770661175251,0.0586770661175251,-3.421498462330419e-08,1.857724600995425e-05,0.18455080687999725,9.44023413467221e-05
G33,143,1791.0030517578125,0.8568568229675293,-86.32779693603516,-86.32779693603516,-15.0,-15.0,-140.265625,-16.0,160.0,1382.849365234375,-100.5556869506836,0.059608690440654755,0.05936179310083389,0.059850022196769714,0.059608686715364456,0.059608686715364456,2.3461650400236067e-08,2.0378356566652656e-05,0.1870720088481903,9.927054634317756e-05
G33,144,1803.5135498046875,0.8558558225631714,-87.79956817626953,-87.79956817626953,-15.0,-15.0,-149.125,-48.0,160.0,1382.739013671875,-102.03287506103516,0.060557771474123,0.0603073388338089,0.06080254539847374,0.060557764023542404,0.060557764023542404,-3.1291815361100817e-08,2.227535514975898e-05,0.18963220715522766,0.0001048928897944279
G33,145,1816.0240478515625,0.8548548221588135,-89.29753875732422,-89.29753875732422,-15.0,-15.0,-178.25,-66.0,160.0,1382.624755859375,-103.53618621826172,0.0615246444940567,0.06127064302563667,0.061772916465997696,0.061524637043476105,0.061524637043476105,6.955148279530476e-08,2.4534110707463697e-05,0.1922318935394287,0.0001107746284105815
G33,146,1828.5345458984375,0.8538538217544556,-90.8221664428711,-90.8221664428711,-15.0,-15.0,-216.578125,-120.0,160.0,1382.506591796875,-105.06609344482422,0.06250966340303421,0.062252018600702286,0.06276147812604904,0.06250964850187302,0.06250964850187302,-9.723975580300248e-08,2.7219650291954167e-05,0.19487155973911285,0.00011860050290124491
G33,147,1841.0450439453125,0.8528528213500977,-92.3739242553711,-92.3739242553711,-15.0,-15.0,-268.59375,-190.0,160.0,1382.38427734375,-106.62305450439453,0.0635131448507309,0.06325181573629379,0.06376856565475464,0.0635131374001503,0.0635131374001503,8.037944354555293e-08,3.0624498322140425e-05,0.1975516974925995,0.00012859895650763065
G33,148,1853.5555419921875,0.8518518209457397,-93.95329284667969,-93.95329284667969,-15.0,-15.0,-328.59375,-204.0,160.0,1382.257568359375,-108.20755767822266,0.0645354613661766,0.06427039206027985,0.06479454040527344,0.06453544646501541,0.06453544646501541,-1.1031710656084215e-08,3.4838983992813155e-05,0.20027278363704681,0.00014188821660354733
G33,149,1866.0660400390625,0.8508508205413818,-95.56074523925781,-95.56074523925781,-15.000001907348633,-15.000000953674316,-371.328125,-272.0,160.0,1382.12646484375,-109.82008361816406,0.06557698547840118,0.0653081014752388,0.0658397451043129,0.0655769556760788,0.0655769556760788,-7.666688617291584e-08,3.9597707655048e-05,0.20303530991077423,0.000158430339070037
G33,150,1878.5765380859375,0.8498498201370239,-97.19679260253906,-97.19679260253906,-15.000001907348633,-15.000000953674316,-390.46875,-252.0,160.0,1381.990966796875,-111.46113586425781,0.0666380301117897,0.0663653016090393,0.06690454483032227,0.06663800030946732,0.06663800030946732,1.0706447284292153e-07,4.451223503565416e-05,0.20583975315093994,0.00017747200035955757
G33,151,1891.0870361328125,0.848848819732666,-98.86190032958984,-98.86190032958984,-15.000001907348633,-15.000001907348633,-391.765625,-260.0,160.0,1381.850341796875,-113.13117980957031,0.0677189901471138,0.06744235008955002,0.06798931956291199,0.06771896779537201,0.06771896779537201,-5.590053575588172e-08,4.847003583563492e-05,0.20868656039237976,0.00019707881438080221
G33,152,1903.5975341796875,0.8478478193283081,-100.55658721923828,-100.55658721923828,-15.000001907348633,-15.000001907348633,-363.625,-198.0,160.0,1381.704833984375,-114.83074951171875,0.06882023811340332,0.06853964179754257,0.06909443438053131,0.06882020831108093,0.06882020831108093,-2.1871533917305896e-08,5.0822356570279226e-05,0.21157625317573547,0.000212973085581325
G33,153,1916.108154296875,0.8468468189239502,-102.28136444091797,-102.28136444091797,-15.000001907348633,-15.000001907348633,-319.09375,-200.0,160.0,1381.5543212890625,-116.56034088134766,0.06994213163852692,0.06965751945972443,0.07022025436162949,0.06994210183620453,0.06994210183620453,7.26166859976729e-08,5.1475828513503075e-05,0.2145092487335205,0.00022221689869184047
G33,154,1928.61865234375,0.8458458185195923,-104.03672790527344,-104.03672790527344,-15.000001907348633,-15.000000953674316,-286.765625,-194.0,160.0,1381.3984375,-118.32046508789062,0.07108507305383682,0.07079638540744781,0.07136718183755875,0.07108504325151443,0.07108504325151443,-1.0293153707152669e-07,5.125030656927265e-05,0.21748602390289307,0.00022424093913286924
G33,155,1941.129150390625,0.8448448181152344,-105.8232192993164,-105.8232192993164,-15.000001907348633,-15.000000953674316,-254.421875,-156.0,160.0,1381.2369384765625,-120.11165618896484,0.07224944233894348,0.07195661216974258,0.07253558188676834,0.0722494050860405,0.0722494050860405,9.174652859655907e-08,5.091055572847836e-05,0.22050698101520538,0.00022261620324570686
G33,156,1953.6396484375,0.8438438177108765,-107.64134216308594,-107.64134216308594,-15.000001907348633,-15.000000953674316,-232.265625,-128.0,160.0,1381.06982421875,-121.93441772460938,0.07343561202287674,0.07313859462738037,0.07372584193944931,0.07343558222055435,0.07343558222055435,-6.748276604184866e-09,5.0608265155460685e-05,0.22357261180877686,0.00022005567734595388
G33,157,1966.150146484375,0.8428428173065186,-109.49163818359375,-109.49163818359375,-15.000001907348633,-15.000000953674316,-202.25,-108.0,160.0,1380.896728515625,-123.78929138183594,0.07464399188756943,0.07434272766113281,0.07493838667869568,0.07464396953582764,0.07464396953582764,-8.715365851230672e-08,5.016514114686288e-05,0.22668331861495972,0.0002174055262003094
G33,158,1978.66064453125,0.8418418169021606,-111.3746337890625,-111.3746337890625,-15.000001907348633,-15.000000953674316,-170.640625,-94.0,160.0,1380.71728515625,-125.67681884765625,0.07587499171495438,0.07556942105293274,0.0761735811829567,0.07587495446205139,0.07587495446205139,6.613134218014238e-08,4.9598475015955046e-05,0.2298395037651062,0.00021439380361698568
G33,159,1991.171142578125,0.8408408164978027,-113.29084777832031,-113.29084777832031,-15.000000953674316,-15.000000953674316,-140.484375,-26.0,160.0,1380.53173828125,-127.59751892089844,0.07712899893522263,0.0768190547823906,0.07743186503648758,0.07712896913290024,0.07712896913290024,4.943165521353876e-08,4.9076261348091066e-05,0.23304156959056854,0.0002108673215843737
G33,160,2003.681640625,0.8398398160934448,-115.24085998535156,-115.24085998535156,-15.0,-15.0,-118.6875,-20.0,160.0,1380.3394775390625,-129.55197143554688,0.0784064382314682,0.0780920684337616,0.07871361821889877,0.07840641587972641,0.07840641587972641,-1.205361996881038e-07,4.829411409446038e-05,0.23628991842269897,0.00020764520741067827
G33,161,2016.192138671875,0.8388388156890869,-117.22520446777344,-117.22520446777344,-15.0,-15.0,-86.359375,-12.0,160.0,1380.140380859375,-131.54067993164062,0.07970770448446274,0.07938884943723679,0.0800192654132843,0.07970768213272095,0.07970768213272095,1.2357482148672716e-07,4.7873807488940656e-05,0.23958490788936615,0.0002036557561950758
G33,162,2028.70263671875,0.837837815284729,-119.24443054199219,-119.24443054199219,-15.0,-15.0,-69.203125,8.0,160.0,1379.9342041015625,-133.564208984375,0.08103323727846146,0.08070984482765198,0.08134923875331879,0.08103321492671967,0.08103321492671967,-7.291467341019597e-08,4.7307501517934725e-05,0.24292691051959991,0.0002010337047977373
G33,163,2041.2132568359375,0.8368368148803711,-121.29908752441406,-121.29908752441406,-15.0,-15.0,-55.625,14.0,160.0,1379.720703125,-135.62315368652344,0.08238345384597778,0.0820554718375206,0.08270394057035446,0.08238343149423599,0.08238343149423599,-5.131775182576348e-08,4.688628177973442e-05,0.24631628394126892,0.00019809628429356962
G33,164,2053.7236328125,0.8358358144760132,-123.38975524902344,-123.38975524902344,-15.0,-15.0,-39.671875,74.0,160.0,1379.49951171875,-137.71804809570312,0.08375877887010574,0.08342612534761429,0.08408380299806595,0.08375875651836395,0.08375875651836395,1.6527459933968203e-07,4.665205051423982e-05,0.24975334107875824,0.0001959083747351542
G33,165,2066.234130859375,0.8348348140716553,-125.5169677734375,-125.5169677734375,-15.0,-15.0,-40.046875,32.0,160.0,1379.2705078125,-139.8494415283203,0.08515964448451996,0.08482227474451065,0.08548928052186966,0.08515961468219757,0.08515961468219757,-1.1693961710079748e-07,4.6380508138099685e-05,0.25323840975761414,0.0001946716074598953
G33,166,2078.74462890625,0.8338338136672974,-127.68133544921875,-127.68133544921875,-15.0,-15.0,-37.578125,36.0,160.0,1379.0333251953125,-142.01792907714844,0.08658647537231445,0.08624433726072311,0.08692077547311783,0.08658646047115326,0.08658646047115326,-4.938891251526911e-08,4.6494427806464955e-05,0.2567717432975769,0.00019373362010810524
G33,167,2091.255126953125,0.8328328132629395,-129.88339233398438,-129.88339233398438,-15.0,-15.0,-46.890625,40.0,160.0,1378.78759765625,-144.2240753173828,0.08803971856832504,0.0876927450299263,0.08837874233722687,0.08803969621658325,0.08803969621658325,1.0571994835117948e-07,4.670565976994112e-05,0.2603536546230316,0.0001946510310517624
G33,168,2103.765869140625,0.8318318128585815,-132.12371826171875,-132.12371826171875,-15.0,-15.0,-68.171875,40.0,160.0,1378.533203125,-146.46844482421875,0.08951982855796814,0.08916795253753662,0.08986362814903259,0.08951980620622635,0.08951980620622635,2.871362347889317e-08,4.7160119720501825e-05,0.263984352350235,0.0001964514667633921
G33,169,2116.2763671875,0.8308308124542236,-134.40289306640625,-134.40289306640625,-15.0,-15.0,-83.828125,-14.0,160.0,1378.269775390625,-148.75161743164062,0.09102722257375717,0.0906703919172287,0.09137585759162903,0.09102720022201538,0.09102720022201538,-2.075182408134424e-07,4.8014047933975235e-05,0.2676641047000885,0.00019944837549701333
G33,170,2128.786865234375,0.8298298120498657,-136.72149658203125,-136.72149658203125,-15.0,-15.0,-111.859375,-4.0,160.0,1377.996826171875,-151.07418823242188,0.09256237745285034,0.09220052510499954,0.09291590005159378,0.09256236255168915,0.09256236255168915,2.8100268423258967e-07,4.902998625766486e-05,0.2713930904865265,0.0002042718988377601
G33,171,2141.29736328125,0.8288288116455078,-139.080078125,-139.080078125,-15.000001907348633,-15.0,-142.03125,-10.0,160.0,1377.714111328125,-153.43667602539062,0.09412573277950287,0.09375879168510437,0.09448421001434326,0.09412569552659988,0.09412569552659988,-2.3960126327438047e-07,5.049772880738601e-05,0.2751714885234833,0.00021047829068265855
G33,172,2153.807861328125,0.8278278112411499,-141.47927856445312,-141.47927856445312,-15.000001907348633,-15.000000953674316,-177.65625,-52.0,160.0,1377.42138671875,-155.83975219726562,0.09571772813796997,0.09534567594528198,0.0960812121629715,0.09571770578622818,0.09571770578622818,1.3181931990402518e-07,5.213300391915254e-05,0.2789994180202484,0.00021815004583913833
G33,173,2166.318359375,0.826826810836792,-143.91961669921875,-143.91961669921875,-15.000001907348633,-15.000000953674316,-216.3125,-90.0,160.0,1377.118408203125,-158.28392028808594,0.09733884036540985,0.0969616025686264,0.09770738333463669,0.09733881056308746,0.09733881056308746,-1.2165878082726067e-08,5.433243859442882e-05,0.28287699818611145,0.00022738322149962187
G33,174,2178.828857421875,0.8258258104324341,-146.40170288085938,-146.40170288085938,-15.000001907348633,-15.000000953674316,-254.1875,-136.0,160.0,1376.804443359375,-160.76980590820312,0.09898951649665833,0.09860701858997345,0.09936317056417465,0.09898949414491653,0.09898949414491653,-6.89993697733371e-08,5.671257167705335e-05,0.2868043780326843,0.0002387948625255376
G33,175,2191.33935546875,0.8248248100280762,-148.92611694335938,-148.92611694335938,-15.000001907348633,-15.000001907348633,-287.484375,-180.0,160.0,1376.479248046875,-163.2979736328125,0.1006702110171318,0.10028240829706192,0.101049043238163,0.10067018866539001,0.10067018866539001,9.243195364661005e-08,5.912218693993054e-05,0.29078155755996704,0.00025098322657868266
G33,176,2203.849853515625,0.8238238096237183,-151.493408203125,-151.493408203125,-15.000003814697266,-15.000001907348633,-318.0625,-200.0,160.0,1376.142578125,-165.86898803710938,0.1023814007639885,0.10198823362588882,0.10276546329259872,0.10238137096166611,0.10238137096166611,-7.252813105651512e-08,6.18214180576615e-05,0.294808566570282,0.0002632079995237291
G33,177,2216.3603515625,0.8228228092193604,-154.10418701171875,-154.10418701171875,-15.000003814697266,-15.00000286102295,-348.34375,-238.0,160.0,1375.7939453125,-168.4834442138672,0.10412353277206421,0.10372494161128998,0.10451288521289825,0.10412350296974182,0.10412350296974182,4.722255297906486e-08,6.44999454380013e-05,0.29888540506362915,0.00027584211784414947
G33,178,2228.870849609375,0.8218218088150024,-156.759033203125,-156.759033203125,-15.000003814697266,-15.00000286102295,-361.234375,-264.0,160.0,1375.432861328125,-171.14193725585938,0.10589707642793655,0.10549302399158478,0.1062917485833168,0.10589704662561417,0.10589704662561417,-1.3836812584600011e-08,6.690244481433183e-05,0.30301201343536377,0.0002882480330299586
G33,179,2241.38134765625,0.8208208084106445,-159.45846557617188,-159.45846557617188,-15.000003814697266,-15.00000286102295,-381.0625,-260.0,160.0,1375.05908203125,-173.84498596191406,0.10770249366760254,0.10729292035102844,0.10810256004333496,0.10770245641469955,0.10770245641469955,-4.2993423932102814e-08,6.929996743565425e-05,0.3071883022785187,0.0002993707312270999
G33,180,2253.891845703125,0.8198198080062866,-162.203125,-162.203125,-15.000003814697266,-15.000003814697266,-387.34375,-284.0,160.0,1374.671875,-176.59320068359375,0.10954023897647858,0.10912510007619858,0.10994572192430496,0.10954020917415619,0.10954020917415619,5.891757481890636e-08,7.152598118409514e-05,0.3114141523838043,0.00030980247538536787
G33,181,2266.40234375,0.8188188076019287,-164.9935302734375,-164.9935302734375,-15.000005722045898,-15.000003814697266,-385.78125,-312.0,160.0,1374.2711181640625,-179.38714599609375,0.11141078919172287,0.110990010201931,0.11182177066802979,0.11141075193881989,0.11141075193881989,-3.257487080077226e-08,7.345475751208141e-05,0.3156893849372864,0.0003192556614521891
G33,182,2278.912841796875,0.8178178071975708,-167.8302459716797,-167.8302459716797,-15.000005722045898,-15.000003814697266,-383.171875,-290.0,160.0,1373.856201171875,-182.22738647460938,0.11331459879875183,0.11288813501596451,0.11373110860586166,0.11331455409526825,0.11331455409526825,1.0000883321481524e-07,7.513665332226083e-05,0.32001379132270813,0.00032737493165768683
G33,183,2291.42333984375,0.8168168067932129,-170.71383666992188,-170.71383666992188,-15.000005722045898,-15.000003814697266,-377.21875,-278.0,160.0,1373.426513671875,-185.1144561767578,0.11525211483240128,0.11481991410255432,0.11567422747612,0.1152520701289177,0.1152520701289177,-2.884106322653679e-07,7.673944492125884e-05,0.3243871033191681,0.0003346430603414774
G33,184,2303.933837890625,0.815815806388855,-173.6448516845703,-173.6448516845703,-15.000005722045898,-15.000003814697266,-373.75,-266.0,160.0,1372.981689453125,-188.04891967773438,0.11722380667924881,0.11678582429885864,0.1176515594124794,0.11722376197576523,0.11722376197576523,3.4470508580852766e-07,7.815554999979213e-05,0.32880899310112,0.0003412849036976695
G33,185,2316.4443359375,0.8148148059844971,-176.6238250732422,-176.6238250732422,-15.000005722045898,-15.000004768371582,-366.09375,-272.0,160.0,1372.521240234375,-191.03131103515625,0.11923012137413025,0.11878632009029388,0.11966355890035629,0.11923008412122726,0.11923008412122726,-3.6861429464352113e-08,7.959413778735325e-05,0.3332791328430176,0.00034712906926870346
G33,186,2328.954833984375,0.8138138055801392,-179.6512908935547,-179.6512908935547,-15.000005722045898,-15.000004768371582,-358.890625,-276.0,160.0,1372.044677734375,-194.06216430664062,0.1212715283036232,0.12082184106111526,0.12171068042516708,0.12127149105072021,0.12127149105072021,-3.2897713708734955e-07,8.076380618149415e-05,0.3377971053123474,0.00035272646346129477
G33,187,2341.46533203125,0.8128128051757812,-182.72779846191406,-182.72779846191406,-15.000005722045898,-15.000004768371582,-359.890625,-266.0,160.0,1371.55126953125,-197.1420135498047,0.12334845215082169,0.1228928491473198,0.12379338592290878,0.1233484223484993,0.1233484223484993,1.9371155701719545e-07,8.1999933172483e-05,0.34236249327659607,0.000357824785169214
G33,188,2353.97607421875,0.8118118047714233,-185.8538360595703,-185.8538360595703,-15.000005722045898,-15.000004768371582,-348.015625,-246.0,160.0,1371.04052734375,-200.27139282226562,0.1254613697528839,0.12499979138374329,0.12591208517551422,0.12546132504940033,0.12546132504940033,3.563993118405051e-07,8.328378316946328e-05,0.3469747006893158,0.00036263305810280144
G33,189,2366.486572265625,0.8108108043670654,-189.0299072265625,-189.0299072265625,-15.000005722045898,-15.000003814697266,-345.390625,-250.0,160.0,1370.51220703125,-203.45077514648438,0.1276106834411621,0.12714311480522156,0.1280672401189804,0.12761063873767853,0.12761063873767853,-5.344260785022925e-07,8.426065323874354e-05,0.3516331911087036,0.000368166045518592
G33,190,2378.9970703125,0.8098098039627075,-192.25653076171875,-192.25653076171875,-15.000005722045898,-15.000004768371582,-346.9375,-262.0,160.0,1369.96533203125,-206.68067932128906,0.1297968477010727,0.12932324409484863,0.13025929033756256,0.1297968178987503,0.1297968178987503,3.7203960800979985e-08,8.567958866478875e-05,0.35633736848831177,0.0003730759781319648
G33,191,2391.507568359375,0.8088088035583496,-195.53419494628906,-195.53419494628906,-15.000005722045898,-15.000004768371582,-348.46875,-268.0,160.0,1369.3994140625,-209.96157836914062,0.1320202797651291,0.13154061138629913,0.1324886530637741,0.1320202350616455,0.1320202350616455,3.685066758407629e-07,8.70143630891107e-05,0.36108648777008057,0.0003792441566474736
G33,192,2404.01806640625,0.8078078031539917,-198.86334228515625,-198.86334228515625,-15.000005722045898,-15.000004768371582,-353.34375,-264.0,160.0,1368.81396484375,-213.29396057128906,0.1342814415693283,0.13379564881324768,0.13475574553012848,0.13428138196468353,0.13428138196468353,-3.428867856314355e-08,8.853018516674638e-05,0.3658798336982727,0.00038632325595244765
G33,193,2416.528564453125,0.8068068027496338,-202.2444610595703,-202.2444610595703,-15.000007629394531,-15.000004768371582,-356.171875,-260.0,160.0,1368.208251953125,-216.6782684326172,0.136580690741539,0.13608874380588531,0.1370609849691391,0.13658063113689423,0.13658063113689423,-4.814036174138892e-07,9.03784966794774e-05,0.3707166016101837,0.00039362895768135786
G33,194,2429.0390625,0.8058058023452759,-205.67794799804688,-205.67794799804688,-15.000007629394531,-15.000005722045898,-368.921875,-266.0,160.0,1367.58154296875,-220.1149444580078,0.1389184594154358,0.13842035830020905,0.1394047737121582,0.1389184147119522,0.1389184147119522,3.7880300851611537e-07,9.227076225215569e-05,0.37559589743614197,0.000403098325477913
G33,195,2441.549560546875,0.804804801940918,-209.16427612304688,-209.16427612304688,-15.000007629394531,-15.000004768371582,-371.578125,-276.0,160.0,1366.933349609375,-223.6044158935547,0.1412951797246933,0.14079084992408752,0.14178749918937683,0.14129510521888733,0.14129510521888733,1.0183603649238648e-07,9.417117689736187e-05,0.38051676750183105,0.00041266370681114495
G33,196,2454.06005859375,0.8038038015365601,-212.7038116455078,-212.7038116455078,-15.000007629394531,-15.000005722045898,-384.71875,-290.0,160.0,1366.262939453125,-227.14707946777344,0.1437111645936966,0.14320062100887299,0.1442095786333084,0.1437111347913742,0.1437111347913742,-2.1206552958119573e-07,9.643594967201352e-05,0.3854781687259674,0.000423342949943617
G33,197,2466.570556640625,0.8028028011322021,-216.2969970703125,-216.2969970703125,-15.000009536743164,-15.000006675720215,-394.421875,-286.0,160.0,1365.5697021484375,-230.74337768554688,0.1461668610572815,0.14565007388591766,0.1466713547706604,0.1461668163537979,0.1461668163537979,-1.198684600467459e-07,9.874846728052944e-05,0.39047908782958984,0.0004351461539044976
G33,198,2479.0810546875,0.8018018007278442,-219.94415283203125,-219.94415283203125,-15.000009536743164,-15.000007629394531,-407.53125,-298.0,160.0,1364.852783203125,-234.39361572265625,0.14866261184215546,0.14813955128192902,0.14917321503162384,0.14866255223751068,0.14866255223751068,3.271292712270224e-07,0.00010103133536176756,0.39551836252212524,0.0004467927501536906
G33,199,2491.591552734375,0.8008008003234863,-223.64564514160156,-223.64564514160156,-15.000009536743164,-15.000007629394531,-419.671875,-322.0,160.0,1364.111572265625,-238.09817504882812,0.15119878947734833,0.1506694257259369,0.151715487241745,0.15119874477386475,0.15119874477386475,-2.2989223680269788e-07,0.0001036363173625432,0.40059471130371094,0.0004585253191180527
G33,200,2504.10205078125,0.7997997999191284,-227.40184020996094,-227.40184020996094,-15.000011444091797,-15.000008583068848,-431.6875,-360.0,160.0,1363.34521484375,-241.85740661621094,0.15377570688724518,0.15324003994464874,0.1542985439300537,0.1537756472826004,0.1537756472826004,8.393044481636025e-08,0.0001063827148755081,0.40570688247680664,0.0004721895675174892
G33,201,2516.612548828125,0.7987987995147705,-231.21299743652344,-231.21299743652344,-15.000011444091797,-15.000009536743164,-441.46875,-346.0,160.0,1362.55322265625,-245.6715850830078,0.15639372169971466,0.15585173666477203,0.15692269802093506,0.1563936471939087,0.1563936471939087,7.085998987577113e-08,0.00010885550000239164,0.41085344552993774,0.00048563352902419865
G33,202,2529.123046875,0.7977977991104126,-235.0794219970703,-235.0794219970703,-15.00001335144043,-15.00001049041748,-454.546875,-366.0,160.0,1361.734619140625,-249.541015625,0.15905313193798065,0.15850482881069183,0.1595882624387741,0.15905307233333588,0.15905307233333588,-2.7965617732661485e-07,0.00011189145152457058,0.4160330295562744,0.0004988141590729356
G33,203,2541.633544921875,0.7967967987060547,-239.00137329101562,-239.00137329101562,-15.00001335144043,-15.00001049041748,-464.65625,-370.0,160.0,1360.888671875,-253.4659423828125,0.16175426542758942,0.1611996293067932,0.16229555010795593,0.16175420582294464,0.16175420582294464,3.9383562011607864e-07,0.00011484770948300138,0.4212440550327301,0.0005145454779267311
G33,204,2554.14404296875,0.7957957983016968,-242.97906494140625,-242.97906494140625,-15.000015258789062,-15.000011444091797,-472.984375,-364.0,160.0,1360.0146484375,-257.44659423828125,0.16449739038944244,0.16393642127513885,0.1650448441505432,0.16449731588363647,0.16449731588363647,-3.8247057432272413e-07,0.00011741388880182058,0.4264849126338959,0.0005296745803207159
G33,205,2566.654541015625,0.7947947978973389,-247.01272583007812,-247.01272583007812,-15.000015258789062,-15.000012397766113,-475.171875,-352.0,160.0,1359.111572265625,-261.48321533203125,0.16728277504444122,0.16671547293663025,0.16783639788627625,0.16728270053863525,0.16728270053863525,3.6364394873089623e-07,0.0001201288469019346,0.43175390362739563,0.0005429391749203205
G33,206,2579.1650390625,0.793793797492981,-251.10252380371094,-251.10252380371094,-15.000017166137695,-15.00001335144043,-486.078125,-394.0,160.0,1358.1787109375,-265.575927734375,0.17011070251464844,0.16953705251216888,0.17067043483257294,0.17011059820652008,0.17011059820652008,-2.867483033242024e-07,0.0001223991421284154,0.43704932928085327,0.0005560795543715358
G33,207,2591.67578125,0.792792797088623,-255.24859619140625,-255.24859619140625,-15.000017166137695,-15.00001335144043,-487.78125,-392.0,160.0,1357.215576171875,-269.72491455078125,0.17298133671283722,0.17240139842033386,0.17354722321033478,0.17298127710819244,0.17298127710819244,7.740727170357786e-08,0.00012543698539957404,0.4423692524433136,0.000569355150219053
G33,208,2604.186279296875,0.7917917966842651,-259.4510498046875,-259.4510498046875,-15.000019073486328,-15.000014305114746,-496.25,-404.0,160.0,1356.220703125,-273.9302978515625,0.17589496076107025,0.1753087341785431,0.17646698653697968,0.17589490115642548,0.17589490115642548,-8.98394514337042e-09,0.00012804253492504358,0.4477117955684662,0.0005845024134032428
G33,209,2616.69677734375,0.7907907962799072,-263.7099914550781,-263.7099914550781,-15.000019073486328,-15.000015258789062,-498.078125,-388.0,160.0,1355.19384765625,-278.1921081542969,0.17885175347328186,0.1782592386007309,0.17942988872528076,0.1788516789674759,0.1788516789674759,2.5808412829064764e-07,0.00013041272177360952,0.45307493209838867,0.000598071317654103
G33,210,2629.207275390625,0.7897897958755493,-268.02545166015625,-268.02545166015625,-15.000020027160645,-15.000015258789062,-501.46875,-420.0,160.0,1354.133544921875,-282.51043701171875,0.18185187876224518,0.1812531054019928,0.18243609368801117,0.18185178935527802,0.18185178935527802,-3.9806411678000586e-07,0.00013258436229079962,0.4584566056728363,0.0006099133170209825
G33,211,2641.7177734375,0.7887887954711914,-272.3974609375,-272.3974609375,-15.000020980834961,-15.000017166137695,-498.984375,-410.0,160.0,1353.03955078125,-286.88531494140625,0.18489548563957214,0.18429046869277954,0.18548576533794403,0.18489539623260498,0.18489539623260498,1.2218380618378433e-07,0.00013451212726067752,0.4638546407222748,0.000620929291471839
G33,212,2654.228271484375,0.7877877950668335,-276.82598876953125,-276.82598876953125,-15.000020980834961,-15.000016212463379,-504.25,-428.0,160.0,1351.910400390625,-291.316650390625,0.1879827082157135,0.18737150728702545,0.1885790079832077,0.18798261880874634,0.18798261880874634,3.214344701518712e-07,0.0001370166864944622,0.46926674246788025,0.0006314297206699848
G33,213,2666.73876953125,0.7867867946624756,-281.31097412109375,-281.31097412109375,-15.000022888183594,-15.000017166137695,-510.8125,-406.0,160.0,1350.7457275390625,-295.804443359375,0.1911136358976364,0.1904962807893753,0.19171592593193054,0.19111356139183044,0.19111356139183044,-5.104043907522282e-07,0.00013953125744592398,0.47469058632850647,0.0006445812759920955
G33,214,2679.249267578125,0.7857857942581177,-285.852294921875,-285.852294921875,-15.000022888183594,-15.000018119812012,-511.9375,-444.0,160.0,1349.544189453125,-300.3486328125,0.19428840279579163,0.19366489350795746,0.1948966234922409,0.19428831338882446,0.19428831338882446,2.2697761892231938e-07,0.00014158673002384603,0.4801237881183624,0.0006596232997253537
G33,215,2691.759765625,0.7847847938537598,-290.44989013671875,-290.44989013671875,-15.000024795532227,-15.000019073486328,-517.984375,-440.0,160.0,1348.30517578125,-304.9490051269531,0.19750699400901794,0.19687741994857788,0.19812113046646118,0.19750690460205078,0.19750690460205078,1.1193444038326561e-07,0.0001437194150639698,0.48556384444236755,0.0006707831635139883
G33,216,2704.270263671875,0.7837837934494019,-295.10345458984375,-295.10345458984375,-15.000024795532227,-15.000019073486328,-519.8125,-406.0,160.0,1347.027587890625,-309.60540771484375,0.20076946914196014,0.20013388991355896,0.20138946175575256,0.20076939463615417,0.20076939463615417,-2.7385818057723554e-08,0.00014645040209870785,0.4910081923007965,0.0006821863353252411
G33,217,2716.78076171875,0.782782793045044,-299.81292724609375,-299.81292724609375,-15.00002670288086,-15.000019073486328,-524.875,-444.0,160.0,1345.710693359375,-314.317626953125,0.20407582819461823,0.2034342736005783,0.20470163226127625,0.20407573878765106,0.20407573878765106,-1.4033375350663846e-07,0.00014895254571456462,0.4964542090892792,0.0006979551981203258
G33,218,2729.291259765625,0.781781792640686,-304.577880859375,-304.577880859375,-15.000028610229492,-15.000020980834961,-533.765625,-466.0,160.0,1344.3533935546875,-319.08538818359375,0.207426056265831,0.20677857100963593,0.20805761218070984,0.20742596685886383,0.20742596685886383,7.871780383084115e-08,0.00015156215522438288,0.5018990635871887,0.0007135337218642235
G33,219,2741.8017578125,0.7807807922363281,-309.398193359375,-309.398193359375,-15.000028610229492,-15.000022888183594,-543.359375,-462.0,160.0,1342.954833984375,-323.9084167480469,0.21082007884979248,0.21016676723957062,0.2114572674036026,0.21081998944282532,0.21081998944282532,-2.4280470256599074e-07,0.00015445516328327358,0.5073401927947998,0.0007285870378836989
G33,220,2754.312255859375,0.7797797918319702,-314.2733154296875,-314.2733154296875,-15.000030517578125,-15.00002384185791,-549.125,-464.0,160.0,1341.513916015625,-328.78631591796875,0.21425780653953552,0.21359872817993164,0.21490062773227692,0.21425773203372955,0.21425773203372955,5.24091774423141e-07,0.0001573035551700741,0.5127744674682617,0.0007449138793163002
G33,221,2766.82275390625,0.7787787914276123,-319.2030029296875,-319.2030029296875,-15.000032424926758,-15.00002384185791,-554.0,-460.0,160.0,1340.030029296875,-333.71868896484375,0.21773914992809296,0.21707434952259064,0.21838749945163727,0.2177390605211258,0.2177390605211258,-9.580320892155214e-08,0.00016041810158640146,0.5181991457939148,0.0007627457962371409
G33,222,2779.333251953125,0.7777777910232544,-324.186767578125,-324.186767578125,-15.00003433227539,-15.000025749206543,-562.28125,-490.0,160.0,1338.501953125,-338.7052001953125,0.22126393020153046,0.22059349715709686,0.22191771864891052,0.2212638407945633,0.2212638407945633,-5.386126531448099e-07,0.00016317078552674502,0.5236111879348755,0.0007808316731825471
G33,223,2791.84375,0.7767767906188965,-329.22406005859375,-329.22406005859375,-15.000036239624023,-15.00002670288086,-566.03125,-468.0,160.0,1336.928955078125,-343.74517822265625,0.2248319834470749,0.22415605187416077,0.22549115121364594,0.22483189404010773,0.22483189404010773,2.1218390600097337e-07,0.00016622284601908177,0.5290074944496155,0.0007984071271494031
G33,224,2804.354248046875,0.7757757902145386,-334.31439208984375,-334.31439208984375,-15.000038146972656,-15.000028610229492,-575.890625,-482.0,160.0,1335.31005859375,-348.8382568359375,0.22844310104846954,0.22776171565055847,0.22910752892494202,0.22844298183918,0.22844298183918,4.835558797822159e-07,0.00016933218284975737,0.5343849062919617,0.0008164153550751507
G33,225,2816.86474609375,0.7747747898101807,-339.4571533203125,-339.4571533203125,-15.000040054321289,-15.000031471252441,-581.484375,-484.0,160.0,1333.644287109375,-353.98370361328125,0.23209701478481293,0.23141027987003326,0.23276664316654205,0.23209691047668457,0.23209691047668457,-2.1889695744903293e-07,0.00017274197307415307,0.5397403836250305,0.0008357074693776667
G33,226,2829.375244140625,0.7737737894058228,-344.6517333984375,-344.6517333984375,-15.000041007995605,-15.000032424926758,-593.046875,-496.0,160.0,1331.930908203125,-359.18096923828125,0.23579347133636475,0.23510150611400604,0.23646816611289978,0.2357933670282364,0.2357933670282364,-6.583804292858986e-07,0.00017574576486367732,0.5450705885887146,0.0008563557639718056
G33,227,2841.885986328125,0.7727727890014648,-349.89739990234375,-349.89739990234375,-15.000043869018555,-15.000031471252441,-597.859375,-520.0,160.0,1330.168701171875,-364.42938232421875,0.23953214287757874,0.23883503675460815,0.24021181464195251,0.23953203856945038,0.23953203856945038,7.303890470211627e-07,0.0001793338597053662,0.5503722429275513,0.0008762156940065324
G33,228,2854.396484375,0.7717717885971069,-355.19342041015625,-355.19342041015625,-15.000045776367188,-15.000030517578125,-608.84375,-502.0,160.0,1328.35693359375,-369.72808837890625,0.24331268668174744,0.24261057376861572,0.24399720132350922,0.24331256747245789,0.24331256747245789,1.3727536440910626e-07,0.0001828679087338969,0.5556420087814331,0.0008970123599283397
G33,229,2866.906982421875,0.770770788192749,-360.5390625,-360.5390625,-15.00004768371582,-15.00003719329834,-612.640625,-520.0,160.0,1326.4947509765625,-375.076416015625,0.24713470041751862,0.24642767012119293,0.24782398343086243,0.24713459610939026,0.24713459610939026,-6.572689699169132e-07,0.00018616003217175603,0.5608766078948975,0.0009183045476675034
G33,230,2879.41748046875,0.7697697877883911,-365.9334411621094,-365.9334411621094,-15.000049591064453,-15.00003719329834,-623.0625,-528.0,160.0,1324.581298828125,-380.4734802246094,0.2509978115558624,0.2502859830856323,0.25169169902801514,0.2509976625442505,0.2509976625442505,3.556503429535951e-07,0.00018992996774613857,0.5660725831985474,0.00094174052355811
G33,231,2891.927978515625,0.7687687873840332,-371.3756103515625,-371.3756103515625,-15.000051498413086,-15.000039100646973,-624.78125,-510.0,160.0,1322.6156005859375,-385.9183349609375,0.2549014985561371,0.2541850507259369,0.2555999159812927,0.25490137934684753,0.25490137934684753,2.815753497031892e-08,0.00019321663421578705,0.5712264776229858,0.0009636066388338804
G33,232,2904.4384765625,0.7677677869796753,-376.86474609375,-376.86474609375,-15.000053405761719,-15.000040054321289,-632.578125,-552.0,160.0,1320.596923828125,-391.4101257324219,0.25884532928466797,0.25812435150146484,0.2595480680465698,0.2588452100753784,0.2588452100753784,-1.0915348269691094e-07,0.00019637573859654367,0.5763348340988159,0.0009832874638959765
G33,233,2916.948974609375,0.7667667865753174,-382.3997497558594,-382.3997497558594,-15.000057220458984,-15.000041961669922,-637.578125,-546.0,160.0,1318.5244140625,-396.9477844238281,0.2628287374973297,0.2621033787727356,0.2635357081890106,0.2628285884857178,0.2628285884857178,3.49688633605183e-08,0.00019962183432653546,0.5813941955566406,0.0010049957782030106
G33,234,2929.45947265625,0.7657657861709595,-387.9795837402344,-387.9795837402344,-15.000059127807617,-15.000043869018555,-640.421875,-564.0,160.0,1316.397216796875,-402.5302734375,0.26685115694999695,0.2661215662956238,0.26756221055984497,0.2668510377407074,0.2668510377407074,3.6636267353173935e-09,0.000202740469831042,0.5864010453224182,0.0010267026955261827
G33,235,2941.969970703125,0.7647647857666016,-393.6031494140625,-393.6031494140625,-15.00006103515625,-15.000042915344238,-643.390625,-526.0,160.0,1314.214599609375,-408.156494140625,0.2709119915962219,0.27017831802368164,0.2716269791126251,0.27091184258461,0.27091184258461,-2.0569585146290592e-08,0.00020568672334775329,0.5913518667221069,0.0010471359128132463
G33,236,2954.48046875,0.7637637853622437,-399.269287109375,-399.269287109375,-15.000062942504883,-15.000045776367188,-649.859375,-588.0,160.0,1311.975830078125,-413.8253173828125,0.2750106155872345,0.27427300810813904,0.2757294178009033,0.27501046657562256,0.27501046657562256,3.1306578307521704e-07,0.00020834675524383783,0.596243143081665,0.0010656294180080295
G33,237,2966.990966796875,0.7627627849578857,-404.976806640625,-404.976806640625,-15.000064849853516,-15.000054359436035,-651.71875,-586.0,160.0,1309.679931640625,-419.53546142578125,0.27914631366729736,0.27840498089790344,0.2798687219619751,0.2791461944580078,0.2791461944580078,-3.7879109981986403e-07,0.00021147690131329,0.6010713577270508,0.0010834564454853535
G33,238,2979.50146484375,0.7617617845535278,-410.7244567871094,-410.7244567871094,-15.000067710876465,-15.000054359436035,-661.53125,-586.0,160.0,1307.3267822265625,-425.2857666015625,0.2833183705806732,0.2825734615325928,0.2840442955493927,0.28331825137138367,0.28331825137138367,-3.7323485457818606e-07,0.00021522112365346402,0.6058330535888672,0.0011049702297896147
G33,239,2992.011962890625,0.7607607841491699,-416.5108947753906,-416.5108947753906,-15.000070571899414,-15.000056266784668,-663.84375,-576.0,160.0,1304.9150390625,-431.0748291015625,0.28752613067626953,0.2867777645587921,0.28825533390045166,0.2875259816646576,0.2875259816646576,8.99299550383148e-07,0.0002186587662436068,0.6105246543884277,0.0011305921943858266
G33,240,3004.5224609375,0.759759783744812,-422.33477783203125,-422.33477783203125,-15.000073432922363,-15.000057220458984,-669.28125,-592.0,160.0,1302.4444580078125,-436.9013366699219,0.2917686998844147,0.291017085313797,0.2925010025501251,0.2917685806751251,0.2917685806751251,-2.532974576752167e-07,0.00022104392701294273,0.6151427030563354,0.0011550842318683863
G33,241,3017.032958984375,0.7587587833404541,-428.19464111328125,-428.19464111328125,-15.000076293945312,-15.000059127807617,-667.609375,-586.0,160.0,1299.9144287109375,-442.7638854980469,0.29604530334472656,0.29529061913490295,0.2967805862426758,0.2960451543331146,0.2960451543331146,-5.956486006652995e-07,0.00022353108215611428,0.6196838021278381,0.0011720294132828712
G33,242,3029.54345703125,0.7577577829360962,-434.08917236328125,-434.08917236328125,-15.000077247619629,-15.00006103515625,-673.015625,-570.0,160.0,1297.32421875,-448.6610412597656,0.30035504698753357,0.29959753155708313,0.30109313130378723,0.300354927778244,0.300354927778244,2.923197826021351e-07,0.00022676521621178836,0.6241445541381836,0.001190433744341135
G33,243,3042.053955078125,0.7567567825317383,-440.01678466796875,-440.01678466796875,-15.000080108642578,-15.000064849853516,-681.21875,-594.0,160.0,1294.67333984375,-454.59124755859375,0.30469709634780884,0.3039368689060211,0.30543777346611023,0.3046969771385193,0.3046969771385193,5.091214916319586e-07,0.00022945944510865957,0.6285215020179749,0.0012115067802369595
G33,244,3054.564453125,0.7557557821273804,-445.97589111328125,-445.97589111328125,-15.000082015991211,-15.000061988830566,-681.953125,-622.0,160.0,1291.961181640625,-460.552978515625,0.30907049775123596,0.3083077669143677,0.30981355905532837,0.3090703785419464,0.3090703785419464,-2.336359585797254e-07,0.0002329483540961519,0.6328113675117493,0.0012338455999270082
G33,245,3067.074951171875,0.7547547817230225,-451.96490478515625,-451.96490478515625,-15.000085830688477,-15.000064849853516,-691.5,-606.0,160.0,1289.1876220703125,-466.544677734375,0.31347429752349854,0.3127092719078064,0.31421956419944763,0.313474178314209,0.313474178314209,-4.772143711306853e-07,0.00023561320267617702,0.6370108723640442,0.0012579337926581502
G33,246,3079.58544921875,0.7537537813186646,-457.98223876953125,-457.98223876953125,-15.00008773803711,-15.000069618225098,-694.796875,-620.0,160.0,1286.35205078125,-472.56463623046875,0.3179074823856354,0.3171403408050537,0.31865474581718445,0.31790733337402344,0.31790733337402344,4.5789374780724756e-07,0.00023983026039786637,0.641116738319397,0.0012810883345082402
G33,247,3092.09619140625,0.7527527809143066,-464.0262451171875,-464.0262451171875,-15.000091552734375,-15.00007438659668,-699.453125,-612.0,160.0,1283.4539794921875,-478.61126708984375,0.3223690390586853,0.3215999901294708,0.32311809062957764,0.32236889004707336,0.32236889004707336,-3.1676583489570476e-07,0.00024292949819937348,0.6451260447502136,0.0013097896007820964
G33,248,3104.606689453125,0.7517517805099487,-470.0950927734375,-470.0950927734375,-15.00009536743164,-15.000078201293945,-704.515625,-634.0,160.0,1280.4932861328125,-484.6827392578125,0.32685789465904236,0.3260871469974518,0.327608585357666,0.3268577456474304,0.3268577456474304,5.731022270083486e-07,0.00024581284378655255,0.6490354537963867,0.001334317959845066
G33,249,3117.1171875,0.7507507801055908,-476.1871032714844,-476.1871032714844,-15.000099182128906,-15.000079154968262,-712.984375,-630.0,160.0,1277.4696044921875,-490.77740478515625,0.3313729763031006,0.330600768327713,0.33212509751319885,0.33137282729148865,0.33137282729148865,-9.305330763709208e-07,0.0002492734638508409,0.6528420448303223,0.001358958426862955
G33,250,3129.627685546875,0.7497497797012329,-482.30047607421875,-482.30047607421875,-15.000102043151855,-15.000082969665527,-715.5,-648.0,160.0,1274.3828125,-496.8934326171875,0.33591318130493164,0.3351396918296814,0.3366665244102478,0.3359130322933197,0.3359130322933197,1.3883850442653056e-06,0.00025268783792853355,0.6565430760383606,0.0013855225406587124
G33,251,3142.13818359375,0.748748779296875,-488.43341064453125,-488.43341064453125,-15.000104904174805,-15.00008773803711,-720.1875,-638.0,160.0,1271.2325439453125,-503.0289306640625,0.3404773771762848,0.3397027850151062,0.34123170375823975,0.34047722816467285,0.34047722816467285,-1.1573857818802935e-06,0.00025560951326042414,0.6601355075836182,0.0014130447525531054
G33,252,3154.648681640625,0.7477477788925171,-494.583984375,-494.583984375,-15.00010871887207,-15.000085830688477,-723.390625,-592.0,160.0,1268.0189208984375,-509.18212890625,0.34506434202194214,0.3442889153957367,0.34581947326660156,0.3450641930103302,0.3450641930103302,-6.619433889909487e-08,0.00025785237085074186,0.6636168360710144,0.0014350105775520205
G33,253,3167.1591796875,0.7467467784881592,-500.7503662109375,-500.7503662109375,-15.000110626220703,-15.00008487701416,-730.9375,-608.0,160.0,1264.74169921875,-515.3511352539062,0.34967294335365295,0.34889692068099976,0.35042861104011536,0.349672794342041,0.349672794342041,5.905419016016822e-07,0.0002621298481244594,0.6669842600822449,0.0014551227213814855
G33,254,3179.669677734375,0.7457457780838013,-506.9305725097656,-506.9305725097656,-15.000115394592285,-15.00008487701416,-736.4375,-638.0,160.0,1261.40087890625,-521.5339965820312,0.35430192947387695,0.35352545976638794,0.355057954788208,0.354301780462265,0.354301780462265,-2.540015202612267e-07,0.00026576421805657446,0.6702354550361633,0.0014867294812574983
G33,255,3192.18017578125,0.7447447776794434,-513.1227416992188,-513.1227416992188,-15.000120162963867,-15.00008773803711,-740.9375,-644.0,160.0,1257.99658203125,-527.728759765625,0.35895001888275146,0.3581734299659729,0.35970622301101685,0.3589498996734619,0.3589498996734619,-3.050861607789557e-08,0.00026877911295741796,0.6733678579330444,0.0015168647514656186
G33,256,3204.690673828125,0.7437437772750854,-519.3248291015625,-519.3248291015625,-15.000123977661133,-15.000092506408691,-749.65625,-660.0,160.0,1254.529052734375,-533.9334716796875,0.36361607909202576,0.3628394901752472,0.3643721640110016,0.3636159300804138,0.3636159300804138,3.600843001549947e-07,0.0002719173498917371,0.676379382610321,0.0015428065089508891
G33,257,3217.201171875,0.7427427768707275,-525.534912109375,-525.534912109375,-15.000125885009766,-15.000094413757324,-751.640625,-686.0,160.0,1250.998046875,-540.1461791992188,0.3682987093925476,0.36752238869667053,0.36905452609062195,0.3682985305786133,0.3682985305786133,-6.594870001208619e-07,0.0002755130117293447,0.6792678236961365,0.0015688841231167316
G33,258,3229.711669921875,0.7417417764663696,-531.7509155273438,-531.7509155273438,-15.000129699707031,-15.000099182128906,-754.640625,-672.0,160.0,1247.404296875,-546.3648071289062,0.37299665808677673,0.37222081422805786,0.3737519681453705,0.3729964792728424,0.3729964792728424,1.0408738262412953e-06,0.0002778830239549279,0.6820310950279236,0.0015978100709617138
G33,259,3242.22216796875,0.7407407760620117,-537.9708862304688,-537.9708862304688,-15.000133514404297,-15.000102996826172,-753.90625,-672.0,160.0,1243.74755859375,-552.5874633789062,0.3777086138725281,0.3769334852695465,0.3784632086753845,0.37770846486091614,0.37770846486091614,-8.61651301420352e-07,0.0002797862980514765,0.6846675276756287,0.001620959839783609
G33,260,3254.732666015625,0.7397397756576538,-544.1927490234375,-544.1927490234375,-15.00013542175293,-15.000103950500488,-759.78125,-688.0,160.0,1240.028564453125,-558.8118896484375,0.3824332058429718,0.38165897130966187,0.38318681716918945,0.38243305683135986,0.38243305683135986,-5.547623231905163e-07,0.0002826870186254382,0.6871752738952637,0.0016397418221458793
G33,261,3267.2431640625,0.7387387752532959,-550.4144897460938,-550.4144897460938,-15.000139236450195,-15.000110626220703,-765.25,-696.0,160.0,1236.2474365234375,-565.0362548828125,0.3871691823005676,0.3863961100578308,0.38792163133621216,0.3871690332889557,0.3871690332889557,1.4955406868466525e-06,0.0002861084940377623,0.6895527243614197,0.0016650835750624537
G33,262,3279.753662109375,0.737737774848938,-556.6339721679688,-556.6339721679688,-15.000143051147461,-15.000109672546387,-764.46875,-690.0,160.0,1232.40478515625,-571.2583618164062,0.39191511273384094,0.39114344120025635,0.39266619086265564,0.3919149339199066,0.3919149339199066,-1.023034997160721e-06,0.0002894267672672868,0.6917985081672668,0.0016941683134064078
G33,263,3292.26416015625,0.7367367744445801,-562.849365234375,-562.849365234375,-15.000146865844727,-15.000113487243652,-767.546875,-710.0,160.0,1228.501220703125,-577.476318359375,0.3966696560382843,0.39589962363243103,0.39741918444633484,0.39666950702667236,0.39666950702667236,2.9797760703331733e-07,0.00029151191120035946,0.6939113140106201,0.0017217511776834726
G33,264,3304.774658203125,0.7357357740402222,-569.0582275390625,-569.0582275390625,-15.000150680541992,-15.000123023986816,-772.5625,-678.0,160.0,1224.537109375,-583.6878662109375,0.40143150091171265,0.40066325664520264,0.40217915177345276,0.4014313220977783,0.4014313220977783,1.1734027793863788e-07,0.00029386632377281785,0.6958900094032288,0.0017444208497181535
G33,265,3317.28515625,0.7347347736358643,-575.2588500976562,-575.2588500976562,-15.000152587890625,-15.000123023986816,-776.90625,-694.0,160.0,1220.51318359375,-589.89111328125,0.40619921684265137,0.4054329991340637,0.4069448411464691,0.40619906783103943,0.40619906783103943,2.9247896549122743e-08,0.00029632748919539154,0.6977336406707764,0.001766058849170804
G33,266,3329.7958984375,0.7337337732315063,-581.4490356445312,-581.4490356445312,-15.00015640258789,-15.000126838684082,-780.609375,-710.0,160.0,1216.4300537109375,-596.0839233398438,0.41097143292427063,0.41020745038986206,0.4117148518562317,0.4109712541103363,0.4109712541103363,-3.484628621208685e-07,0.00029871013248339295,0.6994413137435913,0.0017909700982272625
G33,267,3342.306396484375,0.7327327728271484,-587.6267700195312,-587.6267700195312,-15.00015926361084,-15.000128746032715,-785.28125,-706.0,160.0,1212.2886962890625,-602.2642211914062,0.4157467782497406,0.4149852991104126,0.41648775339126587,0.4157465994358063,0.4157465994358063,9.164047014564858e-07,0.00030039186822250485,0.701012372970581,0.0018120789900422096
G33,268,3354.81689453125,0.7317317724227905,-593.7899169921875,-593.7899169921875,-15.000162124633789,-15.000127792358398,-782.46875,-682.0,160.0,1208.089599609375,-608.4299926757812,0.42052388191223145,0.4197651147842407,0.4212622046470642,0.4205237030982971,0.4205237030982971,-1.0555137350820587e-06,0.00030279261409305036,0.7024464011192322,0.0018353554187342525
G33,269,3367.327392578125,0.7307307720184326,-599.9365234375,-599.9365234375,-15.000165939331055,-15.000127792358398,-787.609375,-720.0,160.0,1203.8338623046875,-614.5792236328125,0.42530137300491333,0.4245454967021942,0.42603686451911926,0.4253012239933014,0.4253012239933014,2.902040705521358e-07,0.00030481049907393754,0.7037429213523865,0.0018611259292811155
G33,270,3379.837890625,0.7297297716140747,-606.0646362304688,-606.0646362304688,-15.000168800354004,-15.000133514404297,-795.828125,-730.0,160.0,1199.5223388671875,-620.7098999023438,0.4300779104232788,0.4293251037597656,0.4308103322982788,0.43007776141166687,0.43007776141166687,-5.4015547590324786e-08,0.00030754494946449995,0.7049017548561096,0.0018841545097529888
G33,271,3392.348388671875,0.7287287712097168,-612.1721801757812,-612.1721801757812,-15.00017261505127,-15.000129699707031,-795.6875,-704.0,160.0,1195.156005859375,-626.8200073242188,0.43485209345817566,0.4341025948524475,0.4355813264846802,0.43485191464424133,0.43485191464424133,2.794268141315115e-07,0.00030991731910035014,0.7059229016304016,0.0019100141944363713
G33,272,3404.85888671875,0.7277277708053589,-618.2571411132812,-618.2571411132812,-15.000175476074219,-15.000142097473145,-802.953125,-714.0,160.0,1190.73583984375,-632.9076538085938,0.43962258100509644,0.43887656927108765,0.440348356962204,0.4396224021911621,0.4396224021911621,-2.860793131276296e-07,0.00031196558848023415,0.706806480884552,0.001932554878294468
G33,273,3417.369384765625,0.726726770401001,-624.317626953125,-624.317626953125,-15.000179290771484,-15.000144958496094,-805.359375,-726.0,160.0,1186.2628173828125,-638.970703125,0.4443880319595337,0.4436456859111786,0.44511017203330994,0.44438788294792175,0.44438788294792175,3.235069243601174e-07,0.0003162820066791028,0.7075527310371399,0.001959438668563962
G33,274,3429.8798828125,0.7257257699966431,-630.3517456054688,-630.3517456054688,-15.000185012817383,-15.000138282775879,-808.96875,-728.0,160.0,1181.7384033203125,-645.0073852539062,0.44914710521698,0.44840866327285767,0.449865460395813,0.44914692640304565,0.44914692640304565,-3.303246955965733e-07,0.0003181380161549896,0.7081621289253235,0.0019963965751230717
G33,275,3442.390380859375,0.7247247695922852,-636.3576049804688,-636.3576049804688,-15.000186920166016,-15.000142097473145,-809.0625,-718.0,160.0,1177.1634521484375,-651.0158081054688,0.45389851927757263,0.45316413044929504,0.4546128809452057,0.4538983404636383,0.4538983404636383,-5.40514008662285e-07,0.0003189141280017793,0.708635151386261,0.0020173590164631605
G33,276,3454.90087890625,0.7237237691879272,-642.3331298828125,-642.3331298828125,-15.000188827514648,-15.000137329101562,-811.5,-740.0,160.0,1172.539306640625,-656.9939575195312,0.4586409032344818,0.4579107463359833,0.4593510925769806,0.4586406946182251,0.4586406946182251,1.880753686123171e-08,0.0003220291982870549,0.7089726328849792,0.002030737232416868
G33,277,3467.411376953125,0.7227227687835693,-648.2766723632812,-648.2766723632812,-15.000190734863281,-15.000144958496094,-807.765625,-726.0,160.0,1167.8670654296875,-662.9401245117188,0.46337300539016724,0.46264728903770447,0.4640788733959198,0.4633727967739105,0.4633727967739105,5.770016286987811e-07,0.0003240647492930293,0.7091752886772156,0.0020574096124619246
G33,278,3479.921875,0.7217217683792114,-654.1864624023438,-654.1864624023438,-15.000195503234863,-15.000162124633789,-799.75,-726.0,160.0,1163.1483154296875,-668.8524169921875,0.46809351444244385,0.46737244725227356,0.46879488229751587,0.4680933356285095,0.4680933356285095,-6.564939099007461e-07,0.0003268265281803906,0.7092442512512207,0.0020833294838666916
G33,279,3492.432373046875,0.7207207679748535,-660.0606079101562,-660.0606079101562,-15.00019645690918,-15.000153541564941,-783.9375,-720.0,160.0,1158.38427734375,-674.7291870117188,0.4728012979030609,0.47208496928215027,0.47349798679351807,0.4728010892868042,0.4728010892868042,-1.3278760206958395e-06,0.00033077216357924044,0.7091807126998901,0.002104699146002531
G33,280,3504.94287109375,0.7197197675704956,-665.8974609375,-665.8974609375,-15.00019645690918,-15.00015926361084,-743.09375,-642.0,160.0,1153.5762939453125,-680.5685424804688,0.4774949848651886,0.47678354382514954,0.47818684577941895,0.4774948060512543,0.4774948060512543,1.3321897540663485e-06,0.0003381059505045414,0.7089858055114746,0.00213224277831614
G33,281,3517.453369140625,0.7187187671661377,-671.6953125,-671.6953125,-15.000192642211914,-15.000151634216309,-668.625,-538.0,160.0,1148.725830078125,-686.368896484375,0.48217344284057617,0.4814671576023102,0.48286038637161255,0.48217323422431946,0.48217323422431946,-2.6727138902060688e-06,0.0003490460803732276,0.7086609601974487,0.0021641182247549295
G33,282,3529.9638671875,0.717717707157135,-677.452392578125,-677.452392578125,-15.000175476074219,-15.000118255615234,-549.21875,-368.0,160.0,1143.834228515625,-692.1284790039062,0.4868355095386505,0.48613440990448,0.4875172972679138,0.4868353009223938,0.4868353009223938,-5.288019337967853e-07,0.00037116213934496045,0.7082077860832214,0.002190153580158949
G33,283,3542.474365234375,0.7167167067527771,-683.1672973632812,-683.1672973632812,-15.000123977661133,-15.000003814697266,-377.578125,-198.0,160.0,1138.903076171875,-697.8458862304688,0.4914799630641937,0.49078425765037537,0.4921565055847168,0.49147966504096985,0.49147966504096985,-2.1269277112878626e-06,0.00041572219925001264,0.7076279520988464,0.0022111868020147085
G33,284,3554.98486328125,0.7157157063484192,-688.8384399414062,-688.8384399414062,-14.999979019165039,-14.999629974365234,-160.421875,42.0,160.0,1133.93408203125,-703.5194091796875,0.49610573053359985,0.4954155385494232,0.49677687883377075,0.4961051940917969,0.4961051940917969,-4.301737135392614e-06,0.0005043268320150673,0.7069233059883118,0.0022337615955621004
G33,285,3567.495361328125,0.7147147059440613,-694.4642333984375,-694.4642333984375,-14.999568939208984,-14.998616218566895,95.921875,304.0,304.0,1128.9283447265625,-709.1473388671875,0.5007116794586182,0.5000271797180176,0.5013773441314697,0.5007104873657227,0.5007104873657227,-5.19345576321939e-06,0.0006754723726771772,0.7060959339141846,0.0022670533508062363
G33,286,3580.006103515625,0.7137137055397034,-700.0433349609375,-700.0433349609375,-14.998377799987793,-14.995759010314941,368.453125,600.0,600.0,1123.8876953125,-714.727783203125,0.5052967667579651,0.5046179890632629,0.505956768989563,0.5052935481071472,0.5052935481071472,-1.0603936061670538e-05,0.0009961045579984784,0.7051483392715454,0.0023298931773751974
G33,287,3592.5166015625,0.7127127051353455,-705.57470703125,-705.57470703125,-14.99489688873291,-14.987447738647461,630.859375,828.0,828.0,1118.813720703125,-720.2582397460938,0.5098599195480347,0.5091870427131653,0.5105141401290894,0.5098510980606079,0.5098510980606079,-1.5746893041068688e-05,0.0015762258553877473,0.7040844559669495,0.002506343415006995
G33,288,3605.027099609375,0.7117117047309875,-711.0579223632812,-711.0579223632812,-14.984967231750488,-14.96522331237793,846.0625,1004.0,1004.0,1113.707763671875,-725.73388671875,0.5144001245498657,0.5137332081794739,0.5150484442710876,0.5143764615058899,0.5143764615058899,-2.6849978894460946e-05,0.002590741729363799,0.7029111385345459,0.0029806396923959255
G33,289,3617.53759765625,0.7107107043266296,-716.49365234375,-716.49365234375,-14.958560943603516,-14.910667419433594,1009.9375,1152.0,1152.0,1108.57177734375,-731.1456909179688,0.5189164280891418,0.5182556509971619,0.5195587277412415,0.5188573598861694,0.5188573598861694,-4.0612918382976204e-05,0.0042762006632983685,0.7016422152519226,0.004073258489370346
G33,290,3630.048095703125,0.7097097039222717,-721.885009765625,-721.885009765625,-14.895139694213867,-14.790853500366211,1114.953125,1200.0,1200.0,1103.4072265625,-736.4761962890625,0.5234079360961914,0.5227532386779785,0.5240440368652344,0.5232729911804199,0.5232729911804199,-5.6923199736047536e-05,0.006915328558534384,0.7003031373023987,0.00609593978151679
G33,291,3642.55859375,0.7087087035179138,-727.239013671875,-727.239013671875,-14.758633613586426,-14.547415733337402,1175.578125,1228.0,1228.0,1098.215576171875,-741.696044921875,0.5278737545013428,0.527225136756897,0.5285034775733948,0.5275914669036865,0.5275914669036865,-7.959961658343673e-05,0.01079736091196537,0.698936939239502,0.009254967793822289
G33,292,3655.069091796875,0.7077077031135559,-732.566650390625,-732.566650390625,-14.493368148803711,-14.116580963134766,1206.53125,1244.0,1244.0,1092.9986572265625,-746.760986328125,0.5323131084442139,0.5316704511642456,0.5329360961914062,0.5317699909210205,0.5317699909210205,-0.00010320050205336884,0.016158027574419975,0.6976074576377869,0.013697263784706593
G33,293,3667.57958984375,0.706706702709198,-737.8841552734375,-737.8841552734375,-14.023165702819824,-13.417095184326172,1227.125,1268.0,1268.0,1087.7576904296875,-751.6107788085938,0.536725640296936,0.5360882878303528,0.5373411178588867,0.5357563495635986,0.5357563495635986,-0.0001308628561673686,0.023121463134884834,0.6964001059532166,0.01953364536166191
G33,294,3680.090087890625,0.7057057023048401,-743.2117919921875,-743.2117919921875,-13.254962921142578,-12.359099388122559,1242.0,1276.0,1276.0,1082.4940185546875,-756.172607421875,0.541110634803772,0.5404779314994812,0.5417184829711914,0.5394930839538574,0.5394930839538574,-0.00016395209240727127,0.031686484813690186,0.6954166293144226,0.02680676057934761
G33,295,3692.6005859375,0.7047047019004822,-748.5728759765625,-748.5728759765625,-12.085430145263672,-10.84791088104248,1257.71875,1302.0,1302.0,1077.2088623046875,-760.3665771484375,0.5454679727554321,0.544838547706604,0.5460726618766785,0.5429214239120483,0.5429214239120483,-0.00019778384012170136,0.04173418506979942,0.6947677731513977,0.03548569604754448
G33,296,3705.111083984375,0.7037037014961243,-753.9923095703125,-753.9923095703125,-10.408618927001953,-8.786346435546875,1272.8125,1304.0,1304.0,1071.9033203125,-764.111572265625,0.5497978329658508,0.5491694808006287,0.5504352450370789,0.545985996723175,0.545985996723175,-0.00023277659784071147,0.05307924374938011,0.6945643424987793,0.04546840488910675
G33,297,3717.62158203125,0.7027027010917664,-759.4957885742188,-759.4957885742188,-8.122798919677734,-6.077543258666992,1286.265625,1314.0,1314.0,1066.57763671875,-767.3316650390625,0.5541003942489624,0.5534703731536865,0.5548025369644165,0.5486361980438232,0.5486361980438232,-0.00026638052077032626,0.06551818549633026,0.694909930229187,0.056587476283311844
G33,298,3730.132080078125,0.7017017006874084,-765.1082763671875,-765.1082763671875,-5.134042739868164,-2.6315670013427734,1297.3125,1324.0,1324.0,1061.232177734375,-769.9578857421875,0.5583762526512146,0.5577406287193298,0.5592038631439209,0.5508266687393188,0.5508266687393188,-0.0002973403607029468,0.07887034863233566,0.6958977580070496,0.06863073259592056
G33,299,3742.642578125,0.7007007002830505,-770.854248046875,-770.854248046875,-1.3570135831832886,1.6301422119140625,1306.59375,1330.0,1330.0,1055.8671875,-771.92919921875,0.5626264810562134,0.5619804263114929,0.5636218786239624,0.5525164008140564,0.5525164008140564,-0.00032705836929380894,0.09299498796463013,0.6976089477539062,0.08136460185050964
G33,300,3755.153076171875,0.6996996998786926,-776.7560424804688,-776.7560424804688,3.285284996032715,6.775720596313477,1313.609375,1334.0,1334.0,1050.481689453125,-773.1910400390625,0.5668519735336304,0.5661895871162415,0.5680501461029053,0.5536686182022095,0.5536686182022095,-0.0003545988874975592,0.10777655243873596,0.7001132369041443,0.09454345703125
G33,301,3767.66357421875,0.6986986994743347,-782.83349609375,-782.83349609375,8.861088752746582,12.86446762084961,1318.890625,1336.0,1336.0,1045.074951171875,-773.695068359375,0.5710542798042297,0.5703684091567993,0.5724930167198181,0.5542513728141785,0.5542513728141785,-0.0003793014620896429,0.12312543392181396,0.703467607498169,0.107907235622406
G33,302,3780.174072265625,0.6976976990699768,-789.1033325195312,-789.1033325195312,15.428609848022461,19.946365356445312,1322.546875,1340.0,1340.0,1039.645751953125,-773.399658203125,0.5752350091934204,0.5745170712471008,0.57695472240448,0.5542377233505249,0.5542377233505249,-0.0004023464862257242,0.1389603614807129,0.707714855670929,0.12117721140384674
G33,303,3792.6845703125,0.6966966986656189,-795.5780029296875,-795.5780029296875,23.034210205078125,28.069358825683594,1325.921875,1344.0,1344.0,1034.1922607421875,-772.2711181640625,0.57939612865448,0.5786358118057251,0.5814501643180847,0.553607165813446,0.553607165813446,-0.00042354900506325066,0.1552017629146576,0.7128816843032837,0.13405366241931915
G33,304,3805.195068359375,0.695695698261261,-802.2650146484375,-802.2650146484375,31.71051788330078,37.29747772216797,1328.734375,1346.0,1346.0,1028.712890625,-770.2841796875,0.5835394859313965,0.582713782787323,0.5859839916229248,0.5523459911346436,0.5523459911346436,-0.00044191579218022525,0.1717739999294281,0.7189761400222778,0.1462172418832779
G33,305,3817.70556640625,0.6946946978569031,-809.166748046875,-809.166748046875,41.47503662109375,47.60430908203125,1330.96875,1350.0,1350.0,1023.2046508789062,-767.4236450195312,0.5876672863960266,0.586751401424408,0.5905453562736511,0.5504480004310608,0.5504480004310608,-0.0004565020790323615,0.1886008083820343,0.7259865999221802,0.15733785927295685
G33,306,3830.21630859375,0.6936936974525452,-816.279296875,-816.279296875,52.328941345214844,58.98108673095703,1333.046875,1352.0,1352.0,1017.6654663085938,-763.6846923828125,0.5917817950248718,0.5907493829727173,0.5951361060142517,0.5479154586791992,0.5479154586791992,-0.00046812352957203984,0.20560139417648315,0.7338806390762329,0.16708436608314514
G33,307,3842.726806640625,0.6926926970481873,-823.593017578125,-823.593017578125,64.2556381225586,71.3958740234375,1335.1875,1358.0,1358.0,1012.09228515625,-759.073974609375,0.5958850979804993,0.594711422920227,0.5997573137283325,0.5447596311569214,0.5447596311569214,-0.0004775652487296611,0.2226938009262085,0.7426038384437561,0.1751338541507721
G33,308,3855.2373046875,0.6916916966438293,-831.091796875,-831.091796875,77.21940612792969,84.79441833496094,1336.6875,1358.0,1358.0,1006.4822387695312,-753.611328125,0.5999794006347656,0.5986372232437134,0.6044316291809082,0.5410026907920837,0.5410026907920837,-0.0004846845113206655,0.23979216814041138,0.7520797848701477,0.1811816692352295
G33,309,3867.747802734375,0.6906906962394714,-838.7537231445312,-838.7537231445312,91.1639404296875,99.10420227050781,1338.046875,1358.0,1358.0,1000.832275390625,-747.3310546875,0.6040668487548828,0.6025266051292419,0.6091449856758118,0.5366784334182739,0.5366784334182739,-0.0004903419758193195,0.25681036710739136,0.762209415435791,0.18495039641857147
G33,310,3880.25830078125,0.6896896958351135,-846.5512084960938,-846.5512084960938,106.0115737915039,114.33016967773438,1339.09375,1356.0,1358.0,995.1396484375,-740.2831420898438,0.6081491708755493,0.6063792705535889,0.6138927936553955,0.5318324565887451,0.5318324565887451,-0.0004947109846398234,0.27365559339523315,0.7728720307350159,0.18620242178440094
G33,311,3892.768798828125,0.6886886954307556,-854.4518432617188,-854.4518432617188,121.66368865966797,130.3376922607422,1340.25,1358.0,1358.0,989.4012451171875,-732.5340576171875,0.6122281551361084,0.610194742679596,0.6186731457710266,0.5265222191810608,0.5265222191810608,-0.0004964735708199441,0.29023659229278564,0.7839274406433105,0.184757262468338
G33,312,3905.279296875,0.6876876950263977,-862.41943359375,-862.41943359375,138.00189208984375,146.9466552734375,1341.09375,1356.0,1358.0,983.6146240234375,-724.1656494140625,0.6163051724433899,0.6139730215072632,0.623483419418335,0.5208171010017395,0.5208171010017395,-0.0004948158166371286,0.3064638078212738,0.795219361782074,0.18051093816757202
G33,313,3917.789794921875,0.6866866946220398,-870.4154663085938,-870.4154663085938,154.8894805908203,164.00755310058594,1341.953125,1358.0,1358.0,977.7774658203125,-715.2763671875,0.6203811168670654,0.6177139282226562,0.6283201575279236,0.5147991180419922,0.5147991180419922,-0.0004892738070338964,0.322246789932251,0.8065792918205261,0.1734558641910553
G33,314,3930.30029296875,0.6856856942176819,-878.400634765625,-878.400634765625,172.17263793945312,181.35589599609375,1342.765625,1360.0,1360.0,971.8878173828125,-705.980712890625,0.6244568228721619,0.6214171051979065,0.6331788301467896,0.5085626244544983,0.5085626244544983,-0.0004792788822669536,0.3374975621700287,0.8178300857543945,0.16370068490505219
G33,315,3942.810791015625,0.684684693813324,-886.33740234375,-886.33740234375,189.68231201171875,198.81732177734375,1343.375,1358.0,1360.0,965.9442138671875,-696.4100341796875,0.628532350063324,0.6250826716423035,0.6380544900894165,0.502214789390564,0.502214789390564,-0.00046501876204274595,0.35213127732276917,0.8287910223007202,0.1514943242073059
G33,316,3955.3212890625,0.6836836934089661,-894.1922607421875,-894.1922607421875,207.2374725341797,216.20651245117188,1343.9375,1360.0,1360.0,959.9459228515625,-686.7120361328125,0.6326079368591309,0.6287104487419128,0.6429413557052612,0.4958738684654236,0.4958738684654236,-0.00044820757466368377,0.36606958508491516,0.8392830491065979,0.13725659251213074
G33,317,3967.831787109375,0.6826826930046082,-901.9384155273438,-901.9384155273438,224.64901733398438,233.32798767089844,1344.390625,1360.0,1360.0,953.8924560546875,-677.0489501953125,0.6366825103759766,0.6323003172874451,0.6478334069252014,0.48966729640960693,0.48966729640960693,-0.00042983057210221887,0.379237562417984,0.8491349816322327,0.12161841243505478
G33,318,3980.34228515625,0.6816816926002502,-909.5579223632812,-909.5579223632812,241.72543334960938,250.01513671875,1344.8125,1360.0,1360.0,947.7843017578125,-667.5943603515625,0.6407553553581238,0.6358522772789001,0.652724027633667,0.48372751474380493,0.48372751474380493,-0.00040981866186484694,0.3915765583515167,0.8581904172897339,0.10548030585050583
G33,319,3992.852783203125,0.6806806921958923,-917.0438232421875,-917.0438232421875,258.28009033203125,266.34906005859375,1345.140625,1360.0,1360.0,941.62255859375,-658.5278930664062,0.6448249220848083,0.6393663287162781,0.6576066613197327,0.47818636894226074,0.47818636894226074,-0.0003884279285557568,0.40303778648376465,0.8663142323493958,0.09009788930416107
G33,320,4005.36328125,0.6796796917915344,-924.4007568359375,-924.4007568359375,274.14007568359375,281.9730224609375,1345.5,1360.0,1360.0,935.4088134765625,-650.027099609375,0.648889422416687,0.6428424715995789,0.6624745726585388,0.4731682240962982,0.4731682240962982,-0.0003654543834272772,0.4135935306549072,0.8733993768692017,0.07715412229299545
G33,321,4017.873779296875,0.6786786913871765,-931.6439819335938,-931.6439819335938,289.1544189453125,296.95989990234375,1345.78125,1360.0,1360.0,929.1456298828125,-642.25830078125,0.6529467105865479,0.6462805867195129,0.6673212051391602,0.4687822759151459,0.4687822759151459,-0.00034061630140058696,0.42323246598243713,0.8793715834617615,0.06859037280082703
G33,322,4030.38427734375,0.6776776909828186,-938.7981567382812,-938.7981567382812,303.2026062011719,310.94171142578125,1346.0625,1360.0,1360.0,922.8360595703125,-635.3665771484375,0.6569940447807312,0.6496808528900146,0.6721402406692505,0.46511536836624146,0.46511536836624146,-0.00031485327053815126,0.43196621537208557,0.8841918110847473,0.0657430961728096
G33,323,4042.894775390625,0.6766766905784607,-945.89306640625,-945.89306640625,316.2009582519531,323.8413391113281,1346.25,1360.0,1360.0,916.483642578125,-629.4654541015625,0.6610291004180908,0.6530432105064392,0.6769257187843323,0.4622267782688141,0.4622267782688141,-0.00028953063883818686,0.4398237466812134,0.8878572583198547,0.06812703609466553
G33,324,4055.4052734375,0.6756756901741028,-952.960205078125,-952.960205078125,328.10504150390625,335.6268310546875,1346.40625,1360.0,1360.0,910.0925903320312,-624.6307373046875,0.6650487184524536,0.6563675999641418,0.6816720366477966,0.4601442515850067,0.4601442515850067,-0.0002657520235516131,0.4468580484390259,0.8903968930244446,0.07360575348138809
G33,325,4067.916015625,0.6746746897697449,-960.02734375,-960.02734375,338.909912109375,346.30609130859375,1346.546875,1360.0,1360.0,903.66748046875,-620.895263671875,0.6690501570701599,0.6596543788909912,0.6863741278648376,0.45886287093162537,0.45886287093162537,-0.00024373240012209862,0.45313459634780884,0.8918665051460266,0.0798339918255806
G33,326,4080.426513671875,0.673673689365387,-967.1158447265625,-967.1158447265625,348.64825439453125,355.92138671875,1346.625,1360.0,1360.0,897.2131958007812,-618.2476806640625,0.6730302572250366,0.6629031896591187,0.6910273432731628,0.4583461284637451,0.4583461284637451,-0.0002232012921012938,0.45873376727104187,0.8923431038856506,0.08511800318956375
G33,327,4092.93701171875,0.672672688961029,-974.2373657226562,-974.2373657226562,357.38592529296875,364.77813720703125,1346.84375,1360.0,1360.0,890.7349243164062,-616.6337890625,0.676986038684845,0.6661146283149719,0.6956275105476379,0.45852896571159363,0.45852896571159363,-0.0002040957915596664,0.46374639868736267,0.8919180631637573,0.08846937865018845
G33,328,4105.447265625,0.6716716885566711,-981.393798828125,-981.393798828125,365.2166442871094,372.923828125,1346.953125,1360.0,1360.0,884.23779296875,-615.9617919921875,0.6809147000312805,0.6692885160446167,0.7001711130142212,0.4593234360218048,0.4593234360218048,-0.00018650986021384597,0.4682644307613373,0.8906919360160828,0.08942917734384537
G33,329,4117.9580078125,0.6706706881523132,-988.5777587890625,-988.5777587890625,372.255126953125,380.20343017578125,1347.03125,1360.0,1360.0,877.727294921875,-616.1094970703125,0.684813380241394,0.6724251508712769,0.7046551704406738,0.4606257975101471,0.4606257975101471,-0.000170706698554568,0.4723797142505646,0.8887695670127869,0.08791641145944595
G33,330,4130.46826171875,0.6696696877479553,-995.774658203125,-995.774658203125,378.62945556640625,386.74273681640625,1347.125,1360.0,1360.0,871.20849609375,-616.9342651367188,0.6886794567108154,0.6755246520042419,0.7090771198272705,0.462323397397995,0.462323397397995,-0.00015676982002332807,0.4761835038661957,0.8862560987472534,0.08413052558898926
G33,331,4142.97900390625,0.6686686873435974,-1002.965576171875,-1002.965576171875,384.4744873046875,392.6766662597656,1347.109375,1360.0,1360.0,864.6868286132812,-618.2822875976562,0.6925106644630432,0.6785873770713806,0.7134350538253784,0.4643000662326813,0.4643000662326813,-0.0001449341798434034,0.47976332902908325,0.8832536935806274,0.07849040627479553
G33,332,4155.4892578125,0.6676676869392395,-1010.13037109375,-1010.13037109375,389.9275817871094,398.14312744140625,1347.140625,1360.0,1360.0,858.1671142578125,-619.9962158203125,0.6963047385215759,0.6816133856773376,0.7177417278289795,0.466440886259079,0.466440886259079,-0.0001352089166175574,0.4832005202770233,0.8798614144325256,0.07160048931837082
G33,333,4168.0,0.6666666269302368,-1017.250244140625,-1017.250244140625,395.1248474121094,403.2815856933594,1347.25,1360.0,1360.0,851.654052734375,-621.921142578125,0.7000595927238464,0.6846029162406921,0.7220028638839722,0.4686366319656372,0.4686366319656372,-0.00012745648564305156,0.48656922578811646,0.8761739134788513,0.06423775851726532
G33,334,4180.51025390625,0.6656656265258789,-1024.3099365234375,-1024.3099365234375,400.19720458984375,408.23712158203125,1347.34375,1360.0,1360.0,845.1522216796875,-623.9105224609375,0.7037737965583801,0.6875563263893127,0.7261950373649597,0.47078755497932434,0.47078755497932434,-0.00012113488628529012,0.4899347722530365,0.872281014919281,0.057343605905771255
G33,335,4193.02099609375,0.664664626121521,-1031.2982177734375,-1031.2982177734375,405.26654052734375,413.15350341796875,1347.421875,1360.0,1360.0,838.6658325195312,-625.8316040039062,0.7074457406997681,0.690473735332489,0.7303177714347839,0.472805917263031,0.472805917263031,-0.00011585319589357823,0.49335384368896484,0.8682652115821838,0.05196257680654526
G33,336,4205.53173828125,0.6636636257171631,-1038.2088623046875,-1038.2088623046875,410.44281005859375,418.15936279296875,1347.546875,1362.0,1362.0,832.1986694335938,-627.5681762695312,0.7110741138458252,0.6933555006980896,0.7343708872795105,0.474618136882782,0.474618136882782,-0.00011153126251883805,0.49687129259109497,0.864201009273529,0.04901009798049927
G33,337,4218.0419921875,0.6626626253128052,-1045.040283203125,-1045.040283203125,415.82110595703125,423.36151123046875,1347.703125,1362.0,1362.0,825.754150390625,-629.0233154296875,0.7146581411361694,0.6962018609046936,0.7383547425270081,0.47616520524024963,0.47616520524024963,-0.00010869074321817607,0.5005236268043518,0.8601527214050293,0.04884793981909752
G33,338,4230.552734375,0.6616616249084473,-1051.7938232421875,-1051.7938232421875,421.4797668457031,428.8438720703125,1347.84375,1362.0,1362.0,819.3355102539062,-630.1204833984375,0.7181970477104187,0.6990131139755249,0.7422699332237244,0.4774038791656494,0.4774038791656494,-0.0001071962178684771,0.5043334364891052,0.856173574924469,0.05103173479437828
G33,339,4243.06298828125,0.6606606245040894,-1058.4739990234375,-1058.4739990234375,427.4785461425781,434.8505859375,1347.90625,1362.0,1362.0,812.945556640625,-630.8038330078125,0.7216902375221252,0.7017894387245178,0.7461172938346863,0.47830691933631897,0.47830691933631897,-0.00010695094533730298,0.5083113312721252,0.8523040413856506,0.054587312042713165
G33,340,4255.57373046875,0.6596596240997314,-1065.085693359375,-1065.085693359375,433.8565979003906,441.4109191894531,1347.984375,1362.0,1362.0,806.5865478515625,-631.0394287109375,0.7251373529434204,0.7045313119888306,0.7498977780342102,0.4788627028465271,0.4788627028465271,-0.00010729182395152748,0.5124585032463074,0.8485705256462097,0.05850004404783249
G33,341,4268.083984375,0.6586586236953735,-1071.633544921875,-1071.633544921875,440.6320495605469,448.38543701171875,1348.0625,1362.0,1362.0,800.2607421875,-630.8140869140625,0.7285382747650146,0.7072389721870422,0.7536125779151917,0.4790748953819275,0.4790748953819275,-0.00010830921382876113,0.516764760017395,0.8449853658676147,0.061983413994312286
G33,342,4280.5947265625,0.6576576232910156,-1078.1217041015625,-1078.1217041015625,447.80181884765625,455.7589111328125,1348.15625,1362.0,1362.0,793.9699096679688,-630.134521484375,0.7318931221961975,0.7099125981330872,0.7572629451751709,0.478960782289505,0.478960782289505,-0.00010942006338154897,0.5212118625640869,0.8415468335151672,0.06451694667339325
G33,343,4293.10498046875,0.6566566228866577,-1084.552001953125,-1084.552001953125,455.343017578125,463.4996337890625,1348.234375,1362.0,1362.0,787.7156372070312,-629.0255126953125,0.7352018356323242,0.7125527858734131,0.7608499526977539,0.47854939103126526,0.47854939103126526,-0.0001101284651667811,0.5257741212844849,0.8382404446601868,0.06580150872468948
G33,344,4305.61572265625,0.6556556224822998,-1090.92431640625,-1090.92431640625,463.2156066894531,471.560302734375,1348.3125,1362.0,1362.0,781.4990844726562,-627.5272216796875,0.7384645938873291,0.7151596546173096,0.764374852180481,0.4778791069984436,0.4778791069984436,-0.00011017984797945246,0.5304210186004639,0.8350415825843811,0.06570849567651749
G33,345,4318.1259765625,0.6546546220779419,-1097.23681640625,-1097.23681640625,471.3658142089844,479.883056640625,1348.34375,1364.0,1364.0,775.3215942382812,-625.6915283203125,0.7416818141937256,0.7177335023880005,0.767838716506958,0.47699475288391113,0.47699475288391113,-0.00010907716205110773,0.5351195931434631,0.8319174647331238,0.06424084305763245
G33,346,4330.63671875,0.653653621673584,-1103.486328125,-1103.486328125,479.73004150390625,488.4039306640625,1348.453125,1364.0,1364.0,769.1839599609375,-623.5786743164062,0.7448537945747375,0.720274806022644,0.7712424993515015,0.47594568133354187,0.47594568133354187,-0.00010711497452575713,0.5398341417312622,0.8288307785987854,0.0615052692592144
G33,347,4343.14697265625,0.6526526212692261,-1109.66845703125,-1109.66845703125,488.23846435546875,497.05267333984375,1348.5,1364.0,1364.0,763.0870361328125,-621.25439453125,0.7479808926582336,0.7227838635444641,0.7745872735977173,0.4747830331325531,0.4747830331325531,-0.0001044431992340833,0.5445295572280884,0.8257419466972351,0.057690829038619995
G33,348,4355.65771484375,0.6516516208648682,-1115.779052734375,-1115.779052734375,496.8189392089844,505.7547607421875,1348.484375,1364.0,1364.0,757.0316162109375,-618.7862548828125,0.7510635256767273,0.7252609729766846,0.7778736352920532,0.4735579490661621,0.4735579490661621,-0.00010069972631754354,0.5491752028465271,0.8226119875907898,0.05305230990052223
G33,349,4368.16796875,0.6506506204605103,-1121.813720703125,-1121.813720703125,505.4002380371094,514.4346923828125,1348.515625,1364.0,1364.0,751.0184326171875,-616.2415161132812,0.7541019916534424,0.7277065515518188,0.7811025381088257,0.4723188579082489,0.4723188579082489,-9.594846051186323e-05,0.5537423491477966,0.8194047212600708,0.04789574816823006
G33,350,4380.6787109375,0.6496496200561523,-1127.769287109375,-1127.769287109375,513.9156494140625,523.0247802734375,1348.546875,1364.0,1364.0,745.048095703125,-613.6835327148438,0.7570967674255371,0.730120837688446,0.7842809557914734,0.47111016511917114,0.47111016511917114,-9.040749864652753e-05,0.5582067966461182,0.8160886168479919,0.04256554692983627
G33,351,4393.18896484375,0.6486486196517944,-1133.6435546875,-1133.6435546875,522.305419921875,531.4677734375,1348.59375,1364.0,1364.0,739.121337890625,-611.1698608398438,0.7600482702255249,0.7325042486190796,0.7874069213867188,0.4699702560901642,0.4699702560901642,-8.416587661486119e-05,0.5625506639480591,0.8126379251480103,0.03742934763431549
G33,352,4405.69970703125,0.6476476192474365,-1139.43505859375,-1139.43505859375,530.5185546875,539.716064453125,1348.640625,1364.0,1364.0,733.2386474609375,-608.750244140625,0.7629567980766296,0.7348571419715881,0.7904764413833618,0.4689311981201172,0.4689311981201172,-7.744097820250317e-05,0.5667590498924255,0.8090336918830872,0.03285332769155502
G33,353,4418.2099609375,0.6466466188430786,-1145.144287109375,-1145.144287109375,538.51416015625,547.7332153320312,1348.671875,1364.0,1364.0,727.40087890625,-606.4654541015625,0.7658226490020752,0.7371798157691956,0.7934902310371399,0.4680168628692627,0.4680168628692627,-7.048362749628723e-05,0.5708234310150146,0.8052632212638855,0.029153455048799515
G33,354,4430.720703125,0.6456456184387207,-1150.771484375,-1150.771484375,546.2626342773438,555.495849609375,1348.6875,1364.0,1364.0,721.608642578125,-604.3460083007812,0.7686463594436646,0.7394726276397705,0.7964485883712769,0.4672437310218811,0.4672437310218811,-6.334555655485019e-05,0.5747389197349548,0.8013209700584412,0.02651553601026535
G33,355,4443.2314453125,0.6446446180343628,-1156.31787109375,-1156.31787109375,553.7445068359375,562.989990234375,1348.71875,1364.0,1364.0,715.862548828125,-602.4122924804688,0.7714279890060425,0.7417359352111816,0.7993518710136414,0.46661946177482605,0.46661946177482605,-5.636775676975958e-05,0.5785050988197327,0.7972070574760437,0.02491425909101963
G33,356,4455.74169921875,0.6436436176300049,-1161.784912109375,-1161.784912109375,560.9522094726562,570.2125854492188,1348.734375,1364.0,1364.0,710.163330078125,-600.6732788085938,0.7741681337356567,0.7439702153205872,0.8022007942199707,0.46614399552345276,0.46614399552345276,-4.931116200168617e-05,0.5821265578269958,0.7929273843765259,0.02410545013844967
G33,357,4468.25244140625,0.642642617225647,-1167.17333984375,-1167.17333984375,567.8876953125,577.1658935546875,1348.75,1364.0,1364.0,704.51171875,-599.1279296875,0.7768668532371521,0.7461756467819214,0.8049957752227783,0.46580997109413147,0.46580997109413147,-4.301333683542907e-05,0.5856103897094727,0.7884924411773682,0.023732364177703857
G33,358,4480.7626953125,0.6416416168212891,-1172.4842529296875,-1172.4842529296875,574.5621948242188,583.8658447265625,1348.75,1364.0,1364.0,698.9083251953125,-597.76611328125,0.7795246839523315,0.7483526468276978,0.8077372908592224,0.4656038284301758,0.4656038284301758,-3.694594124681316e-05,0.5889682769775391,0.7839162945747375,0.0234646238386631
G33,359,4493.2734375,0.6406406164169312,-1177.718017578125,-1177.718017578125,580.9943237304688,590.33056640625,1348.84375,1364.0,1364.0,693.353759765625,-596.5694580078125,0.7821418642997742,0.7505016326904297,0.8104260563850403,0.465506911277771,0.465506911277771,-3.1707764719612896e-05,0.5922120809555054,0.7792156934738159,0.023085039108991623
G33,360,4505.78369140625,0.6396396160125732,-1182.874755859375,-1182.874755859375,587.208740234375,596.588623046875,1348.859375,1364.0,1364.0,687.8487548828125,-595.5133056640625,0.7847188115119934,0.7526228427886963,0.8130627274513245,0.46549707651138306,0.46549707651138306,-2.6981950213667005e-05,0.5953580141067505,0.7744094729423523,0.02250666916370392
G33,361,4518.29443359375,0.6386386156082153,-1187.9541015625,-1187.9541015625,593.234375,602.6629028320312,1348.875,1364.0,1364.0,682.3936767578125,-594.5687255859375,0.7872557044029236,0.7547167539596558,0.8156480193138123,0.4655493497848511,0.4655493497848511,-2.2529364287038334e-05,0.5984200835227966,0.7695170640945435,0.021755585446953773
G33,362,4530.8046875,0.6376376152038574,-1192.955810546875,-1192.955810546875,599.1029052734375,608.5817260742188,1348.90625,1364.0,1364.0,676.9892578125,-593.7034912109375,0.7897530794143677,0.756783664226532,0.8181827664375305,0.4656386077404022,0.4656386077404022,-1.897537731565535e-05,0.6014119982719421,0.7645585536956787,0.020940912887454033
G33,363,4543.3154296875,0.6366366147994995,-1197.8797607421875,-1197.8797607421875,604.8467407226562,614.372802734375,1348.921875,1364.0,1364.0,671.6358642578125,-592.8851928710938,0.7922112941741943,0.7588239312171936,0.8206679224967957,0.46573978662490845,0.46573978662490845,-1.555860035296064e-05,0.6043480634689331,0.7595530152320862,0.020216114819049835
G33,364,4555.82568359375,0.6356356143951416,-1202.725341796875,-1202.725341796875,610.49755859375,620.065185546875,1348.921875,1364.0,1364.0,666.333984375,-592.0816040039062,0.7946306467056274,0.7608379125595093,0.8231042623519897,0.465829998254776,0.465829998254776,-1.3185740499466192e-05,0.6072402000427246,0.7545185089111328,0.019733309745788574
G33,365,4568.33642578125,0.6346346139907837,-1207.4931640625,-1207.4931640625,616.0846557617188,625.6890869140625,1348.9375,1364.0,1364.0,661.0838012695312,-591.263671875,0.7970117330551147,0.7628259658813477,0.825492799282074,0.465889036655426,0.465889036655426,-1.1289239409961738e-05,0.6100988388061523,0.7494711875915527,0.019590821117162704
G33,366,4580.8466796875,0.6336336135864258,-1212.1829833984375,-1212.1829833984375,621.6339111328125,631.270263671875,1348.9375,1364.0,1364.0,655.8856201171875,-590.4058837890625,0.7993549108505249,0.7647883892059326,0.8278346061706543,0.4658997356891632,0.4658997356891632,-9.899736141960602e-06,0.612933337688446,0.7444252967834473,0.019796008244156837
G33,367,4593.357421875,0.6326326131820679,-1216.795654296875,-1216.795654296875,627.1673583984375,636.833251953125,1348.953125,1364.0,1364.0,650.73974609375,-589.4866943359375,0.8016607165336609,0.7667255997657776,0.8301305770874023,0.46584954857826233,0.46584954857826233,-8.681178769620601e-06,0.6157495379447937,0.7393925189971924,0.0202653631567955
G33,368,4605.86767578125,0.63163161277771,-1221.33203125,-1221.33203125,632.7012939453125,642.4024658203125,1348.96875,1364.0,1364.0,645.6461181640625,-588.4906005859375,0.8039296269416809,0.7686378955841064,0.8323817849159241,0.46572983264923096,0.46572983264923096,-7.303357506316388e-06,0.6185521483421326,0.7343818545341492,0.020857853814959526
G33,369,4618.37841796875,0.630630612373352,-1225.79296875,-1225.79296875,638.2472534179688,647.987060546875,1348.984375,1364.0,1364.0,640.60498046875,-587.406982421875,0.8061621189117432,0.7705256342887878,0.8345891833305359,0.4655369520187378,0.4655369520187378,-5.496502126334235e-06,0.6213439106941223,0.7293998003005981,0.02142096310853958
G33,370,4630.888671875,0.6296296119689941,-1230.17919921875,-1230.17919921875,643.81005859375,653.5963745117188,1349.0,1364.0,1364.0,635.6162109375,-586.231689453125,0.8083587884902954,0.7723891735076904,0.8367538452148438,0.4652712047100067,0.4652712047100067,-3.329396349727176e-06,0.62412428855896,0.724449872970581,0.021822689101099968
G33,371,4643.3994140625,0.6286286115646362,-1234.491455078125,-1234.491455078125,649.39013671875,659.2297973632812,1349.0,1364.0,1364.0,630.6796875,-584.965576171875,0.8105201125144958,0.7742288112640381,0.8388766646385193,0.46493688225746155,0.46493688225746155,-6.496906621578091e-07,0.6268913745880127,0.7195335030555725,0.0219696257263422
G33,372,4655.90966796875,0.6276276111602783,-1238.73095703125,-1238.73095703125,654.9820556640625,664.87890625,1349.015625,1364.0,1364.0,625.79541015625,-583.6143798828125,0.8126466274261475,0.7760448455810547,0.8409586548805237,0.4645411968231201,0.4645411968231201,2.7498008421389386e-06,0.6296434998512268,0.7146499156951904,0.02180945873260498
G33,373,4668.42041015625,0.6266266107559204,-1242.898193359375,-1242.898193359375,660.577392578125,670.5386962890625,1349.03125,1364.0,1364.0,620.9630737304688,-582.187744140625,0.814738929271698,0.7778376936912537,0.8430007100105286,0.4640943706035614,0.4640943706035614,6.2474014157487545e-06,0.6323745250701904,0.7097967863082886,0.02133002132177353
G33,374,4680.9306640625,0.6256256103515625,-1246.9937744140625,-1246.9937744140625,666.16357421875,676.186279296875,1349.03125,1364.0,1364.0,616.1826171875,-580.6986083984375,0.8167974948883057,0.7796076536178589,0.8450037240982056,0.46360769867897034,0.46360769867897034,1.028168207994895e-05,0.6350806355476379,0.7049704790115356,0.02055269666016102
G33,375,4693.44140625,0.6246246099472046,-1251.0185546875,-1251.0185546875,671.7267456054688,681.8118896484375,1349.046875,1364.0,1364.0,611.45361328125,-579.1614990234375,0.818822979927063,0.7813550233840942,0.8469684720039368,0.4630940854549408,0.4630940854549408,1.4796973118791357e-05,0.6377549171447754,0.7001671195030212,0.01952609419822693
G33,376,4705.9521484375,0.6236236095428467,-1254.972900390625,-1254.972900390625,677.251220703125,687.3927001953125,1349.046875,1364.0,1364.0,606.7759399414062,-577.5927734375,0.820815920829773,0.7830802202224731,0.8488958477973938,0.4625655710697174,0.4625655710697174,1.900339157145936e-05,0.6403926610946655,0.6953818202018738,0.018317587673664093
G33,377,4718.46240234375,0.6226226091384888,-1258.857666015625,-1258.857666015625,682.722412109375,692.914794921875,1349.046875,1364.0,1364.0,602.149169921875,-576.007568359375,0.8227767944335938,0.7847834229469299,0.8507866263389587,0.4620344936847687,0.4620344936847687,2.4002196369110607e-05,0.6429888010025024,0.6906108260154724,0.017006531357765198
G33,378,4730.97314453125,0.6216216087341309,-1262.67333984375,-1262.67333984375,688.125732421875,698.36474609375,1349.078125,1364.0,1364.0,597.572998046875,-574.4212036132812,0.8247060775756836,0.7864649295806885,0.8526415228843689,0.4615110754966736,0.4615110754966736,2.8706432203762233e-05,0.6455399990081787,0.685850203037262,0.01567588746547699
G33,379,4743.4833984375,0.620620608329773,-1266.420654296875,-1266.420654296875,693.4490966796875,703.7269897460938,1349.125,1364.0,1364.0,593.0472412109375,-572.8465576171875,0.8266045451164246,0.788125216960907,0.8544611930847168,0.4610044062137604,0.4610044062137604,3.31689152517356e-05,0.6480423808097839,0.6810973286628723,0.014403963461518288
G33,380,4755.994140625,0.619619607925415,-1270.1005859375,-1270.1005859375,698.68212890625,708.9959716796875,1349.125,1364.0,1364.0,588.5714111328125,-571.2947387695312,0.8284724354743958,0.7897644639015198,0.8562465310096741,0.46052107214927673,0.46052107214927673,3.834152448689565e-05,0.6504939198493958,0.6763499975204468,0.013254327699542046
G33,381,4768.50439453125,0.6186186075210571,-1273.7139892578125,-1273.7139892578125,703.8177490234375,714.1632690429688,1349.125,1364.0,1364.0,584.1451416015625,-569.7738037109375,0.8303104639053345,0.7913830280303955,0.8579981327056885,0.46006572246551514,0.46006572246551514,4.249680205248296e-05,0.6528929471969604,0.6716076135635376,0.01227057259529829
G33,382,4781.01513671875,0.6176176071166992,-1277.26171875,-1277.26171875,708.8511352539062,719.2249145507812,1349.125,1364.0,1364.0,579.76806640625,-568.2893676757812,0.8321190476417542,0.7929811477661133,0.8597165942192078,0.45964041352272034,0.45964041352272034,4.7255161916837096e-05,0.655240535736084,0.6668700575828552,0.01147190760821104
G33,383,4793.525390625,0.6166166067123413,-1280.744873046875,-1280.744873046875,713.7808837890625,724.1822509765625,1349.125,1364.0,1364.0,575.43994140625,-566.84375,0.8338988423347473,0.7945591807365417,0.861402690410614,0.4592452049255371,0.4592452049255371,5.151927689439617e-05,0.657537043094635,0.6621387004852295,0.010854980908334255
G33,384,4806.0361328125,0.6156156063079834,-1284.1639404296875,-1284.1639404296875,718.6080322265625,729.03369140625,1349.140625,1364.0,1364.0,571.16015625,-565.43701171875,0.8356500864028931,0.7961174249649048,0.8630571365356445,0.45887812972068787,0.45887812972068787,5.5687309213681147e-05,0.6597845554351807,0.6574152708053589,0.01040094718337059
G33,385,4818.54638671875,0.6146146059036255,-1287.52001953125,-1287.52001953125,723.3360595703125,733.7870483398438,1349.140625,1364.0,1364.0,566.9285888671875,-564.06640625,0.8373734354972839,0.7976561188697815,0.8646805286407471,0.4585353136062622,0.4585353136062622,5.944729127804749e-05,0.6619855165481567,0.6527025103569031,0.010083083063364029
G33,386,4831.05712890625,0.6136136054992676,-1290.814453125,-1290.814453125,727.9708251953125,738.4432373046875,1349.15625,1364.0,1364.0,562.7447509765625,-562.7269897460938,0.8390693664550781,0.7991756796836853,0.8662735819816589,0.4582119584083557,0.4582119584083557,6.330049654934555e-05,0.664143443107605,0.6480036377906799,0.009876422584056854
G33,387,4843.5673828125,0.6126126050949097,-1294.04736328125,-1294.04736328125,732.5192260742188,743.0150756835938,1349.15625,1364.0,1364.0,558.608154296875,-561.412841796875,0.8407383561134338,0.8006762266159058,0.8678368926048279,0.4579019844532013,0.4579019844532013,6.632554868701845e-05,0.6662613749504089,0.6433221101760864,0.00976122822612524
G33,388,4856.078125,0.6116116046905518,-1297.22021484375,-1297.22021484375,736.98974609375,747.507080078125,1349.171875,1364.0,1364.0,554.5184326171875,-560.1163330078125,0.8423808217048645,0.8021580576896667,0.869371235370636,0.45759934186935425,0.45759934186935425,6.972194387344643e-05,0.6683434247970581,0.6386616826057434,0.009724079631268978
G33,389,4868.58837890625,0.6106106042861938,-1300.333740234375,-1300.333740234375,741.390625,751.9340209960938,1349.1875,1364.0,1364.0,550.4752197265625,-558.8299560546875,0.8439972996711731,0.8036215305328369,0.8708770871162415,0.4572978615760803,0.4572978615760803,7.270109927048907e-05,0.6703927516937256,0.6340258121490479,0.009752190671861172
G33,390,4881.09912109375,0.6096096038818359,-1303.388671875,-1303.388671875,745.73046875,756.2991943359375,1349.1875,1364.0,1364.0,546.47802734375,-557.5463256835938,0.8455880880355835,0.8050668239593506,0.8723552227020264,0.4569918215274811,0.4569918215274811,7.555675983894616e-05,0.6724129319190979,0.6294179558753967,0.009831355884671211
G33,391,4893.609375,0.608608603477478,-1306.38623046875,-1306.38623046875,750.0170288085938,760.6165771484375,1349.1875,1364.0,1364.0,542.5264892578125,-556.25830078125,0.8471538424491882,0.8064943552017212,0.8738062381744385,0.4566763937473297,0.4566763937473297,7.855296280467883e-05,0.674405038356781,0.6248410940170288,0.009943022392690182
G33,392,4906.1201171875,0.6076076030731201,-1309.326904296875,-1309.326904296875,754.2569580078125,764.8868408203125,1349.1875,1364.0,1364.0,538.6200561523438,-554.9600830078125,0.848694920539856,0.8079041838645935,0.8752308487892151,0.45634767413139343,0.45634767413139343,8.150637586368248e-05,0.6763731837272644,0.6202976703643799,0.010064864531159401
G33,393,4918.63037109375,0.6066066026687622,-1312.211669921875,-1312.211669921875,758.4559326171875,769.1211547851562,1349.203125,1364.0,1364.0,534.75830078125,-553.6470336914062,0.8502117395401001,0.809296727180481,0.8766295313835144,0.4560031592845917,0.4560031592845917,8.418643847107887e-05,0.6783177852630615,0.6157897114753723,0.010173032991588116
G33,394,4931.14111328125,0.6056056022644043,-1315.04150390625,-1315.04150390625,762.61767578125,773.3162841796875,1349.203125,1364.0,1364.0,530.9407958984375,-552.316162109375,0.8517047762870789,0.8106721639633179,0.8780028820037842,0.45564138889312744,0.45564138889312744,8.727837121114135e-05,0.6802401542663574,0.6113186478614807,0.010243190452456474
G33,395,4943.65185546875,0.6046046018600464,-1317.8173828125,-1317.8173828125,766.7449951171875,777.4786376953125,1349.203125,1364.0,1364.0,527.1671142578125,-550.9656982421875,0.8531745076179504,0.8120307922363281,0.8793516755104065,0.4552617371082306,0.4552617371082306,8.968592010205612e-05,0.6821416616439819,0.6068853735923767,0.010254545137286186
G33,396,4956.162109375,0.6036036014556885,-1320.5399169921875,-1320.5399169921875,770.839111328125,781.6077880859375,1349.203125,1364.0,1364.0,523.4366455078125,-549.59521484375,0.8546212315559387,0.8133728504180908,0.88067626953125,0.4548652470111847,0.4548652470111847,9.228492126567289e-05,0.6840211749076843,0.6024903655052185,0.01019283663481474
G33,397,4968.6728515625,0.6026026010513306,-1323.210205078125,-1323.210205078125,774.899658203125,785.7026977539062,1349.203125,1364.0,1364.0,519.7490234375,-548.2059326171875,0.8560454249382019,0.8146986365318298,0.8819773197174072,0.45445314049720764,0.45445314049720764,9.471345401834697e-05,0.6858798861503601,0.5981336236000061,0.010050464421510696
G33,398,4981.18310546875,0.6016016006469727,-1325.8291015625,-1325.8291015625,778.926025390625,789.7635498046875,1349.203125,1364.0,1364.0,516.1036376953125,-546.7994995117188,0.8574476838111877,0.8160082697868347,0.8832553625106812,0.45402809977531433,0.45402809977531433,9.652472363086417e-05,0.6877158284187317,0.5938149094581604,0.009827487170696259
G33,399,4993.69384765625,0.6006006002426147,-1328.397216796875,-1328.397216796875,782.9155883789062,793.7883911132812,1349.203125,1364.0,1364.0,512.5001220703125,-545.3790283203125,0.8588281869888306,0.8173021078109741,0.8845109343528748,0.45359212160110474,0.45359212160110474,9.881961887003854e-05,0.6895304322242737,0.5895334482192993,0.009529106318950653
G33,400,5006.2041015625,0.5995995998382568,-1330.915771484375,-1330.915771484375,786.86669921875,797.7708740234375,1349.203125,1364.0,1364.0,508.9378967285156,-543.947265625,0.8601874113082886,0.8185802102088928,0.8857443928718567,0.45314887166023254,0.45314887166023254,0.00010035348532255739,0.6913203597068787,0.5852888226509094,0.009168723598122597
G33,401,5018.71484375,0.5985985994338989,-1333.385009765625,-1333.385009765625,790.7757568359375,801.7141723632812,1349.203125,1364.0,1364.0,505.41650390625,-542.508544921875,0.8615257740020752,0.819843053817749,0.8869563341140747,0.45270058512687683,0.45270058512687683,0.00010216677765129134,0.6930874586105347,0.58107990026474,0.00876221526414156
G33,402,5031.22509765625,0.597597599029541,-1335.80615234375,-1335.80615234375,794.6409301757812,805.6089477539062,1349.203125,1364.0,1364.0,501.9354248046875,-541.0655517578125,0.8628436923027039,0.8210906982421875,0.8881472945213318,0.4522506296634674,0.4522506296634674,0.00010423768253531307,0.6948286890983582,0.5769062638282776,0.008329974487423897
G33,403,5043.73583984375,0.5965965986251831,-1338.1800537109375,-1338.1800537109375,798.4588623046875,809.4537353515625,1349.203125,1364.0,1364.0,498.494140625,-539.6223754882812,0.8641414046287537,0.8223233819007874,0.8893176317214966,0.45180100202560425,0.45180100202560425,0.00010565662523731589,0.696545422077179,0.5727669596672058,0.007890073582530022
G33,404,5056.24609375,0.5955955982208252,-1340.50732421875,-1340.50732421875,802.2279663085938,813.2520751953125,1349.21875,1364.0,1364.0,495.0921630859375,-538.181396484375,0.8654194474220276,0.8235413432121277,0.8904678821563721,0.45135366916656494,0.45135366916656494,0.00010839415335794911,0.6982371211051941,0.5686613917350769,0.00746316509321332
G33,405,5068.7568359375,0.5945945978164673,-1342.78857421875,-1342.78857421875,805.9466552734375,816.9931640625,1349.21875,1364.0,1364.0,491.7290344238281,-536.7449340820312,0.8666781187057495,0.8247448801994324,0.8915982842445374,0.450910359621048,0.450910359621048,0.00010983241372741759,0.6999030709266663,0.5645892024040222,0.007066696882247925
G33,406,5081.26708984375,0.5935935974121094,-1345.0250244140625,-1345.0250244140625,809.6138916015625,820.6841430664062,1349.21875,1364.0,1364.0,488.40423583984375,-535.3150024414062,0.8679178953170776,0.825934112071991,0.892709493637085,0.45047155022621155,0.45047155022621155,0.00011271143739577383,0.7015441060066223,0.5605500340461731,0.0067148408852517605
G33,407,5093.77783203125,0.5925925970077515,-1347.217041015625,-1347.217041015625,813.2296142578125,824.3246459960938,1349.21875,1364.0,1364.0,485.1173095703125,-533.8922119140625,0.8691389560699463,0.8271093368530273,0.8938018083572388,0.45003771781921387,0.45003771781921387,0.00011462760448921472,0.7031604051589966,0.5565438866615295,0.006418711971491575
G33,408,5106.2880859375,0.5915915966033936,-1349.3656005859375,-1349.3656005859375,816.7943115234375,827.90771484375,1349.21875,1364.0,1364.0,481.86773681640625,-532.47705078125,0.8703416585922241,0.8282706141471863,0.8948756456375122,0.4496084749698639,0.4496084749698639,0.00011680341413011774,0.7047523260116577,0.552570641040802,0.006184161175042391
G33,409,5118.798828125,0.5905905961990356,-1351.4715576171875,-1351.4715576171875,820.3088989257812,831.4487915039062,1349.21875,1364.0,1364.0,478.655029296875,-531.069091796875,0.8715264797210693,0.8294183015823364,0.8959314823150635,0.4491835832595825,0.4491835832595825,0.00011942232231376693,0.7063203454017639,0.5486305952072144,0.006016172934323549
G33,410,5131.30908203125,0.5895895957946777,-1353.535400390625,-1353.535400390625,823.7748413085938,834.9340209960938,1349.21875,1364.0,1364.0,475.478759765625,-529.6679077148438,0.872693657875061,0.8305524587631226,0.8969696164131165,0.44876137375831604,0.44876137375831604,0.00012100136518711224,0.7078664898872375,0.5447238683700562,0.005912188906222582
G33,411,5143.81982421875,0.5885885953903198,-1355.5579833984375,-1355.5579833984375,827.1944580078125,838.3766479492188,1349.21875,1364.0,1364.0,472.33843994140625,-528.2716064453125,0.8738435506820679,0.8316733837127686,0.8979905247688293,0.4483412802219391,0.4483412802219391,0.00012362540292087942,0.7093906402587891,0.5408509969711304,0.00586596317589283
G33,412,5156.330078125,0.5875875949859619,-1357.5400390625,-1357.5400390625,830.5694580078125,841.7730102539062,1349.21875,1364.0,1364.0,469.2335510253906,-526.8795166015625,0.8749764561653137,0.8327813148498535,0.8989944458007812,0.44792142510414124,0.44792142510414124,0.00012552322004921734,0.7108940482139587,0.5370121598243713,0.005869124550372362
G33,413,5168.8408203125,0.586586594581604,-1359.482177734375,-1359.482177734375,833.902587890625,845.1290283203125,1349.21875,1364.0,1364.0,466.1636962890625,-525.4893798828125,0.8760926723480225,0.833876371383667,0.8999819159507751,0.44750073552131653,0.44750073552131653,0.0001275467948289588,0.7123773097991943,0.5332078337669373,0.005913010332733393
G33,414,5181.3515625,0.5855855941772461,-1361.38525390625,-1361.38525390625,837.1959228515625,848.44482421875,1349.21875,1364.0,1364.0,463.12841796875,-524.0999755859375,0.8771926760673523,0.8349587321281433,0.9009531140327454,0.44707781076431274,0.44707781076431274,0.0001298130810027942,0.7138420939445496,0.529438316822052,0.005986082833260298
G33,415,5193.86181640625,0.5845845937728882,-1363.2498779296875,-1363.2498779296875,840.4517822265625,851.7254028320312,1349.21875,1364.0,1364.0,460.12713623046875,-522.7095947265625,0.8782764673233032,0.8360285758972168,0.9019086360931396,0.4466516375541687,0.4466516375541687,0.0001317609567195177,0.7152884602546692,0.5257037878036499,0.00607752101495862
G33,416,5206.37255859375,0.5835835933685303,-1365.07666015625,-1365.07666015625,843.6718139648438,854.9691162109375,1349.234375,1364.0,1364.0,457.1595764160156,-521.317138671875,0.8793445229530334,0.8370862007141113,0.9028486609458923,0.4462209641933441,0.4462209641933441,0.00013362920435611159,0.7167180776596069,0.5220044851303101,0.006177834235131741
G33,417,5218.8828125,0.5825825929641724,-1366.8665771484375,-1366.8665771484375,846.8583984375,858.1825561523438,1349.234375,1364.0,1364.0,454.22515869140625,-519.9210815429688,0.8803972601890564,0.8381316065788269,0.9037735462188721,0.44578588008880615,0.44578588008880615,0.00013603974366560578,0.7181305289268494,0.5183406472206116,0.006277397274971008
G33,418,5231.3935546875,0.5815815925598145,-1368.619873046875,-1368.619873046875,850.011962890625,861.3607177734375,1349.234375,1364.0,1364.0,451.323486328125,-518.521728515625,0.8814347386360168,0.8391650915145874,0.9046835899353027,0.44534504413604736,0.44534504413604736,0.00013760686852037907,0.7195274829864502,0.5147120356559753,0.006368349771946669
G33,419,5243.90380859375,0.5805805921554565,-1370.33740234375,-1370.33740234375,853.134521484375,864.5115966796875,1349.234375,1364.0,1364.0,448.4540710449219,-517.1173095703125,0.8824573159217834,0.8401867747306824,0.905579149723053,0.44489967823028564,0.44489967823028564,0.0001399517059326172,0.7209075093269348,0.5111188292503357,0.006445629987865686
G33,420,5256.41455078125,0.5795795917510986,-1372.019775390625,-1372.019775390625,856.2255859375,867.6282958984375,1349.234375,1364.0,1364.0,445.61651611328125,-515.7095336914062,0.8834652900695801,0.8411968946456909,0.9064605236053467,0.4444487392902374,0.4444487392902374,0.0001418646570527926,0.7222729325294495,0.5075604319572449,0.0065054502338171005
G33,421,5268.9248046875,0.5785785913467407,-1373.667724609375,-1373.667724609375,859.28662109375,870.715087890625,1349.234375,1364.0,1364.0,442.8103942871094,-514.2970581054688,0.8844588994979858,0.8421955704689026,0.9073281288146973,0.4439936876296997,0.4439936876296997,0.0001437991886632517,0.72362220287323,0.5040370225906372,0.006546312943100929
G33,422,5281.435546875,0.5775775909423828,-1375.281494140625,-1375.281494140625,862.3167724609375,873.775634765625,1349.234375,1364.0,1364.0,440.0352783203125,-512.881591796875,0.8854383826255798,0.8431829810142517,0.9081820845603943,0.4435345530509949,0.4435345530509949,0.00014611947699449956,0.7249560952186584,0.5005478262901306,0.006567419972270727
G33,423,5293.94580078125,0.5765765905380249,-1376.862060546875,-1376.862060546875,865.3162841796875,876.7972412109375,1349.234375,1364.0,1364.0,437.29071044921875,-511.4632873535156,0.8864042162895203,0.8441592454910278,0.9090226888656616,0.44307202100753784,0.44307202100753784,0.00014776838361285627,0.7262758016586304,0.49709275364875793,0.00656970264390111
G33,424,5306.45654296875,0.575575590133667,-1378.4100341796875,-1378.4100341796875,868.2852783203125,879.7967529296875,1349.234375,1364.0,1364.0,434.5762939453125,-510.0428466796875,0.8873563408851624,0.8451246023178101,0.9098502993583679,0.44260725378990173,0.44260725378990173,0.00015018512203823775,0.7275789976119995,0.49367132782936096,0.0065558780916035175
G33,425,5318.966796875,0.5745745897293091,-1379.9256591796875,-1379.9256591796875,871.2227783203125,882.7590942382812,1349.234375,1364.0,1364.0,431.8915710449219,-508.6217346191406,0.8882951140403748,0.8460792303085327,0.9106652736663818,0.44214022159576416,0.44214022159576416,0.00015191675629466772,0.7288680672645569,0.4902830123901367,0.006527830846607685
G33,426,5331.4775390625,0.5735735893249512,-1381.4097900390625,-1381.4097900390625,874.12939453125,885.690185546875,1349.234375,1364.0,1364.0,429.2362060546875,-507.19989013671875,0.8892208933830261,0.8470231294631958,0.9114676713943481,0.441672146320343,0.441672146320343,0.0001540843368275091,0.7301416397094727,0.4869275689125061,0.0064881038852036
G33,427,5343.98779296875,0.5725725889205933,-1382.86279296875,-1382.86279296875,877.0042724609375,888.593505859375,1349.234375,1364.0,1364.0,426.6097106933594,-505.7786865234375,0.890133798122406,0.8479565978050232,0.9122578501701355,0.44120311737060547,0.44120311737060547,0.00015617966710124165,0.7314000129699707,0.4836044907569885,0.006437210366129875
G33,428,5356.49853515625,0.5715715885162354,-1384.2852783203125,-1384.2852783203125,879.8478393554688,891.46044921875,1349.25,1364.0,1364.0,424.0117492675781,-504.3583068847656,0.8910340666770935,0.8488796949386597,0.913036048412323,0.4407336711883545,0.4407336711883545,0.00015810395416337997,0.7326438426971436,0.4803134799003601,0.0063786860555410385
G33,429,5369.0087890625,0.5705705881118774,-1385.6778564453125,-1385.6778564453125,882.6600952148438,894.2967529296875,1349.25,1364.0,1364.0,421.44189453125,-502.9393005371094,0.8919219970703125,0.8497927188873291,0.913802444934845,0.44026392698287964,0.44026392698287964,0.00016036129090934992,0.7338727712631226,0.4770541787147522,0.0063154869712889194
G33,430,5381.51953125,0.5695695877075195,-1387.0408935546875,-1387.0408935546875,885.4412841796875,897.1055297851562,1349.25,1364.0,1364.0,418.8998107910156,-501.5218811035156,0.8927977681159973,0.8506956100463867,0.9145574569702148,0.43979427218437195,0.43979427218437195,0.00016231763584073633,0.7350867986679077,0.47382625937461853,0.006247765850275755
G33,431,5394.02978515625,0.5685685873031616,-1388.375244140625,-1388.375244140625,888.1915893554688,899.8773803710938,1349.25,1364.0,1364.0,416.385009765625,-500.10638427734375,0.8936615586280823,0.8515886664390564,0.9153011441230774,0.439324289560318,0.439324289560318,0.00016444624634459615,0.7362868785858154,0.4706294536590576,0.006176574621349573
G33,432,5406.54052734375,0.5675675868988037,-1389.680908203125,-1389.680908203125,890.9119873046875,902.6237182617188,1349.25,1364.0,1364.0,413.897216796875,-498.69244384765625,0.894513726234436,0.8524718880653381,0.9160338044166565,0.4388541877269745,0.4388541877269745,0.00016652655904181302,0.7374728322029114,0.46746355295181274,0.006102768704295158
G33,433,5419.05078125,0.5665665864944458,-1390.958740234375,-1390.958740234375,893.6027221679688,905.339599609375,1349.25,1364.0,1364.0,411.43597412109375,-497.28021240234375,0.8953542113304138,0.8533455729484558,0.9167556762695312,0.4383834898471832,0.4383834898471832,0.00016846848302520812,0.7386450171470642,0.46432822942733765,0.006027203053236008
G33,434,5431.5615234375,0.5655655860900879,-1392.209228515625,-1392.209228515625,896.2647705078125,908.023681640625,1349.25,1364.0,1364.0,409.0009765625,-495.86920166015625,0.8961834907531738,0.8542097806930542,0.9174686670303345,0.4379121661186218,0.4379121661186218,0.00017054307681974024,0.7398043274879456,0.4612233638763428,0.005949327256530523
G33,435,5444.072265625,0.56456458568573,-1393.432861328125,-1393.432861328125,898.8987426757812,910.6834716796875,1349.25,1364.0,1364.0,406.591796875,-494.4593811035156,0.8970016837120056,0.8550646305084229,0.9181715250015259,0.4374397099018097,0.4374397099018097,0.00017240858869627118,0.7409502863883972,0.45814868807792664,0.005869272630661726
G33,436,5456.58251953125,0.5635635852813721,-1394.6298828125,-1394.6298828125,901.505615234375,913.3129272460938,1349.25,1364.0,1364.0,404.20819091796875,-493.0501708984375,0.8978090286254883,0.8559103012084961,0.9188641905784607,0.43696585297584534,0.43696585297584534,0.0001743624306982383,0.7420840859413147,0.4551040530204773,0.005786038003861904
G33,437,5469.09326171875,0.5625625848770142,-1395.80078125,-1395.80078125,904.086181640625,915.915283203125,1349.25,1364.0,1364.0,401.84967041015625,-491.6412658691406,0.8986055850982666,0.8567468523979187,0.9195467829704285,0.4364905059337616,0.4364905059337616,0.00017621876031626016,0.7432054281234741,0.45208919048309326,0.005697888787835836
G33,438,5481.603515625,0.5615615844726562,-1396.9464111328125,-1396.9464111328125,906.6409912109375,918.4942626953125,1349.25,1364.0,1364.0,399.51593017578125,-490.2325744628906,0.8993915915489197,0.857574462890625,0.9202196002006531,0.4360130727291107,0.4360130727291107,0.00017805576499085873,0.7443152070045471,0.44910383224487305,0.0056035444140434265
G33,439,5494.1142578125,0.5605605840682983,-1398.06689453125,-1398.06689453125,909.1710205078125,921.0428466796875,1349.25,1364.0,1364.0,397.2066955566406,-488.823486328125,0.9001672863960266,0.8583932518959045,0.9208827018737793,0.4355338513851166,0.4355338513851166,0.00017988038598559797,0.7454133629798889,0.4461479187011719,0.005502859130501747
G33,440,5506.62451171875,0.5595595836639404,-1399.16259765625,-1399.16259765625,911.676513671875,923.571044921875,1349.25,1364.0,1364.0,394.92156982421875,-487.414306640625,0.900932788848877,0.8592032790184021,0.9215364456176758,0.4350523054599762,0.4350523054599762,0.00018158377497456968,0.7465002536773682,0.44322097301483154,0.005394496489316225
G33,441,5519.13525390625,0.5585585832595825,-1400.234130859375,-1400.234130859375,914.1585693359375,926.070068359375,1349.25,1364.0,1364.0,392.66021728515625,-486.00433349609375,0.9016883969306946,0.8600049018859863,0.9221821427345276,0.43456873297691345,0.43456873297691345,0.00018338036898057908,0.747575581073761,0.4403229057788849,0.005279206670820713
G33,442,5531.6455078125,0.5575575828552246,-1401.28173828125,-1401.28173828125,916.6170043945312,928.5472412109375,1349.25,1364.0,1364.0,390.42230224609375,-484.59417724609375,0.9024341106414795,0.8607978820800781,0.9228197932243347,0.43408286571502686,0.43408286571502686,0.00018497325072530657,0.7486404180526733,0.43745332956314087,0.00515705905854702
G33,443,5544.15625,0.5565565824508667,-1402.30615234375,-1402.30615234375,919.0527954101562,930.9996948242188,1349.25,1364.0,1364.0,388.20751953125,-483.183349609375,0.9031702280044556,0.8615826368331909,0.9234482645988464,0.43359512090682983,0.43359512090682983,0.00018677998741623014,0.7496941089630127,0.4346120357513428,0.0050299325957894325
G33,444,5556.66650390625,0.5555555820465088,-1403.3074951171875,-1403.3074951171875,921.4656372070312,933.4268798828125,1349.25,1364.0,1364.0,386.01556396484375,-481.7723388671875,0.9038968682289124,0.8623590469360352,0.9240680932998657,0.4331052005290985,0.4331052005290985,0.00018826032464858145,0.7507374286651611,0.4317985773086548,0.004898682236671448
G33,445,5569.17724609375,0.5545545816421509,-1404.2861328125,-1404.2861328125,923.8563842773438,935.8338623046875,1349.25,1364.0,1364.0,383.8460693359375,-480.3609313964844,0.9046143293380737,0.8631274700164795,0.9246792793273926,0.43261387944221497,0.43261387944221497,0.00019008458184543997,0.7517700791358948,0.4290127754211426,0.004766598343849182
G33,446,5581.6875,0.553553581237793,-1405.2427978515625,-1405.2427978515625,926.2244873046875,938.2144775390625,1349.25,1364.0,1364.0,381.69879150390625,-478.94989013671875,0.9053224325180054,0.8638877868652344,0.9252820611000061,0.4321204721927643,0.4321204721927643,0.00019172788597643375,0.7527925372123718,0.42625418305397034,0.004634236451238394
G33,447,5594.1982421875,0.5525525808334351,-1406.177490234375,-1406.177490234375,928.5711669921875,940.5740966796875,1349.25,1364.0,1364.0,379.5733947753906,-477.53851318359375,0.9060217142105103,0.8646402359008789,0.9258764386177063,0.43162623047828674,0.43162623047828674,0.00019320369756314903,0.7538045048713684,0.42352262139320374,0.004505758639425039
G33,448,5606.70849609375,0.5515515804290771,-1407.0909423828125,-1407.0909423828125,930.8953247070312,942.912109375,1349.25,1364.0,1364.0,377.46954345703125,-476.1282653808594,0.9067120552062988,0.8653849363327026,0.9264627695083618,0.43113020062446594,0.43113020062446594,0.0001952964230440557,0.7548068165779114,0.4208175539970398,0.004379242192953825
G33,449,5619.21923828125,0.5505505800247192,-1407.983154296875,-1407.983154296875,933.198486328125,945.2255859375,1349.25,1364.0,1364.0,375.38702392578125,-474.71795654296875,0.9073938131332397,0.8661218881607056,0.9270410537719727,0.4306335151195526,0.4306335151195526,0.00019642783445306122,0.7557987570762634,0.41813892126083374,0.004261285997927189
G33,450,5631.7294921875,0.5495495796203613,-1408.8548583984375,-1408.8548583984375,935.4796142578125,947.52001953125,1349.25,1364.0,1364.0,373.3254699707031,-473.30889892578125,0.9080670475959778,0.8668513298034668,0.9276115894317627,0.4301356375217438,0.4301356375217438,0.00019861150940414518,0.7567809224128723,0.415486216545105,0.00415227934718132
G33,451,5644.240234375,0.5485485792160034,-1409.7060546875,-1409.7060546875,937.73974609375,949.7913208007812,1349.25,1364.0,1364.0,371.28460693359375,-471.90057373046875,0.9087318778038025,0.8675733208656311,0.9281743764877319,0.42963671684265137,0.42963671684265137,0.00019998526840936393,0.7577537298202515,0.4128592014312744,0.004050783347338438
G33,452,5656.75048828125,0.5475475788116455,-1410.5374755859375,-1410.5374755859375,939.9791259765625,952.042236328125,1349.25,1364.0,1364.0,369.2641906738281,-470.4930419921875,0.9093883633613586,0.8682878613471985,0.9287297129631042,0.4291372001171112,0.4291372001171112,0.00020173002849332988,0.7587167024612427,0.4102576673030853,0.003959801513701677
G33,453,5669.26123046875,0.5465465784072876,-1411.34912109375,-1411.34912109375,942.1974487304688,954.2740478515625,1349.25,1364.0,1364.0,367.263916015625,-469.0869140625,0.9100368022918701,0.868995189666748,0.9292775392532349,0.42863646149635315,0.42863646149635315,0.00020340931951068342,0.7596707940101624,0.4076811373233795,0.0038801191840320826
G33,454,5681.77197265625,0.5455455780029297,-1412.1414794921875,-1412.1414794921875,944.3958740234375,956.48291015625,1349.25,1364.0,1364.0,365.28350830078125,-467.68145751953125,0.9106773138046265,0.8696953058242798,0.9298180937767029,0.4281349778175354,0.4281349778175354,0.00020501149992924184,0.7606156468391418,0.4051295518875122,0.0038123459089547396
G33,455,5694.2822265625,0.5445445775985718,-1412.9150390625,-1412.9150390625,946.5740966796875,958.6749267578125,1349.25,1364.0,1364.0,363.32269287109375,-466.2771301269531,0.9113099575042725,0.8703883290290833,0.9303516745567322,0.427632600069046,0.427632600069046,0.00020657623826991767,0.7615516781806946,0.40260252356529236,0.0037585082463920116
G33,456,5706.79296875,0.5435435771942139,-1413.6697998046875,-1413.6697998046875,948.7326049804688,960.8455200195312,1349.25,1364.0,1364.0,361.3812255859375,-464.8738708496094,0.9119348526000977,0.8710744380950928,0.9308788180351257,0.4271288812160492,0.4271288812160492,0.00020822502847295254,0.7624791860580444,0.4000997841358185,0.003718956373631954
G33,457,5719.30322265625,0.542542576789856,-1414.40625,-1414.40625,950.872314453125,962.9976806640625,1349.25,1364.0,1364.0,359.4588317871094,-463.47119140625,0.9125521779060364,0.8717536330223083,0.9314010739326477,0.42662447690963745,0.42662447690963745,0.00020982969726901501,0.7633973956108093,0.39762118458747864,0.0036941198632121086
G33,458,5731.81396484375,0.541541576385498,-1415.1248779296875,-1415.1248779296875,952.99267578125,965.1324462890625,1349.25,1364.0,1364.0,357.55523681640625,-462.06976318359375,0.9131620526313782,0.8724260926246643,0.9319164752960205,0.4261186122894287,0.4261186122894287,0.00021127118088770658,0.7643080353736877,0.395166277885437,0.003683560760691762
G33,459,5744.32421875,0.5405405759811401,-1415.82568359375,-1415.82568359375,955.094970703125,967.2465209960938,1349.25,1364.0,1364.0,355.67022705078125,-460.6687927246094,0.9137647151947021,0.8730917572975159,0.9324252009391785,0.4256116449832916,0.4256116449832916,0.00021311688760761172,0.7652097344398499,0.39273500442504883,0.003688911674544215
G33,460,5756.8349609375,0.5395395755767822,-1416.509033203125,-1416.509033203125,957.178955078125,969.3450927734375,1349.25,1364.0,1364.0,353.80352783203125,-459.2686767578125,0.9143600463867188,0.8737508058547974,0.9329274296760559,0.4251035451889038,0.4251035451889038,0.00021441913850139827,0.7661036252975464,0.3903270363807678,0.0037078564055263996
G33,461,5769.34521484375,0.5385385751724243,-1417.175537109375,-1417.175537109375,959.2451782226562,971.4246215820312,1349.25,1364.0,1364.0,351.95489501953125,-457.8692626953125,0.9149482846260071,0.8744033575057983,0.9334231019020081,0.42459383606910706,0.42459383606910706,0.00021620572078973055,0.7669901251792908,0.3879420757293701,0.0037392552476376295
G33,462,5781.85595703125,0.5375375747680664,-1417.8251953125,-1417.8251953125,961.294189453125,973.4862670898438,1349.25,1364.0,1364.0,350.12408447265625,-456.47027587890625,0.9155296087265015,0.8750495314598083,0.9339125752449036,0.42408329248428345,0.42408329248428345,0.00021771110186818987,0.7678678631782532,0.3855799436569214,0.003781678155064583
G33,463,5794.3662109375,0.5365365743637085,-1418.4581298828125,-1418.4581298828125,963.3255615234375,975.5317993164062,1349.25,1364.0,1364.0,348.31085205078125,-455.0723876953125,0.9161040186882019,0.8756892085075378,0.9343956708908081,0.4235709309577942,0.4235709309577942,0.00021925616601947695,0.7687392830848694,0.3832402527332306,0.0038310482632368803
G33,464,5806.876953125,0.5355355739593506,-1419.074951171875,-1419.074951171875,965.3406372070312,977.5587158203125,1349.25,1364.0,1364.0,346.5150146484375,-453.674560546875,0.9166716933250427,0.8763227462768555,0.9348726868629456,0.42305776476860046,0.42305776476860046,0.00022070910199545324,0.7696018218994141,0.38092294335365295,0.0038868924602866173
G33,465,5819.38720703125,0.5345345735549927,-1419.67578125,-1419.67578125,967.3385620117188,979.569091796875,1349.25,1364.0,1364.0,344.73626708984375,-452.2779846191406,0.9172326922416687,0.8769499659538269,0.935343861579895,0.42254310846328735,0.42254310846328735,0.0002223626506747678,0.7704577445983887,0.37862756848335266,0.003945464268326759
G33,466,5831.89794921875,0.5335335731506348,-1420.260986328125,-1420.260986328125,969.3203125,981.5637817382812,1349.25,1364.0,1364.0,342.97442626953125,-450.8818359375,0.9177872538566589,0.877571165561676,0.9358090162277222,0.42202723026275635,0.42202723026275635,0.00022343004820868373,0.771306037902832,0.3763539791107178,0.004005062393844128
G33,467,5844.408203125,0.5325325727462769,-1420.8306884765625,-1420.8306884765625,971.285888671875,983.5386352539062,1349.25,1364.0,1364.0,341.2292785644531,-449.4864501953125,0.9183353185653687,0.8781863451004028,0.9362683892250061,0.4215104579925537,0.4215104579925537,0.00022518301557283849,0.7721465826034546,0.3741019070148468,0.004064132925122976
G33,468,5856.9189453125,0.531531572341919,-1421.3853759765625,-1421.3853759765625,973.235107421875,985.5023193359375,1349.25,1364.0,1364.0,339.50054931640625,-448.09222412109375,0.9188770651817322,0.8787955641746521,0.9367220401763916,0.4209921360015869,0.4209921360015869,0.00022608031576965004,0.7729808688163757,0.3718710243701935,0.00412155594676733
G33,469,5869.42919921875,0.530530571937561,-1421.925048828125,-1421.925048828125,975.1690673828125,987.4432373046875,1349.25,1364.0,1364.0,337.7880859375,-446.6983642578125,0.9194125533103943,0.8793988227844238,0.9371705651283264,0.42047321796417236,0.42047321796417236,0.00022752977383788675,0.7738068103790283,0.36966121196746826,0.004177810158580542
G33,470,5881.93994140625,0.5295295715332031,-1422.449951171875,-1422.449951171875,977.0869140625,989.3748779296875,1349.25,1364.0,1364.0,336.0916748046875,-445.3059997558594,0.9199419617652893,0.8799964189529419,0.9376168847084045,0.4199528396129608,0.4199528396129608,0.0002286038507008925,0.7746268510818481,0.3674720823764801,0.004231523722410202
G33,471,5894.4501953125,0.5285285711288452,-1422.960693359375,-1422.960693359375,978.98974609375,991.2855834960938,1349.25,1364.0,1364.0,334.4110412597656,-443.9141540527344,0.9204652905464172,0.880588173866272,0.9380576610565186,0.41943177580833435,0.41943177580833435,0.00022959221678320318,0.7754393219947815,0.36530351638793945,0.004281764850020409
G33,472,5906.9609375,0.5275275707244873,-1423.45703125,-1423.45703125,980.8770751953125,993.1834106445312,1349.25,1364.0,1364.0,332.74603271484375,-442.52362060546875,0.9209827184677124,0.8811742663383484,0.938493013381958,0.41890957951545715,0.41890957951545715,0.00023080922255758196,0.7762452960014343,0.36315518617630005,0.0043283989652991295
G33,473,5919.4716796875,0.5265265703201294,-1423.9395751953125,-1423.9395751953125,982.7496337890625,995.0669555664062,1349.265625,1364.0,1364.0,331.096435546875,-441.1340026855469,0.9214943051338196,0.8817548155784607,0.938923180103302,0.41838642954826355,0.41838642954826355,0.00023157049145083874,0.7770444750785828,0.3610268831253052,0.004370929207652807
G33,474,5931.98193359375,0.5255255699157715,-1424.408447265625,-1424.408447265625,984.6073608398438,996.9317626953125,1349.265625,1364.0,1364.0,329.4620361328125,-439.7454833984375,0.9220000505447388,0.8823298215866089,0.939348042011261,0.4178624153137207,0.4178624153137207,0.00023266793868970126,0.7778370976448059,0.3589183986186981,0.004409207962453365
G33,475,5944.49267578125,0.5245245695114136,-1424.86376953125,-1424.86376953125,986.4503173828125,998.787109375,1349.265625,1364.0,1364.0,327.8426513671875,-438.35821533203125,0.9225003123283386,0.8828994631767273,0.9397677779197693,0.41733720898628235,0.41733720898628235,0.0002334463642910123,0.7786235809326172,0.3568294048309326,0.004442465957254171
G33,476,5957.0029296875,0.5235235691070557,-1425.3057861328125,-1425.3057861328125,988.2791748046875,1000.6240234375,1349.265625,1364.0,1364.0,326.2380676269531,-436.97174072265625,0.9229949116706848,0.8834636807441711,0.9401825070381165,0.41681134700775146,0.41681134700775146,0.00023437858908437192,0.7794030904769897,0.3547598421573639,0.004469625186175108
G33,477,5969.513671875,0.5225225687026978,-1425.734619140625,-1425.734619140625,990.0935668945312,1002.4471435546875,1349.265625,1364.0,1364.0,324.64813232421875,-435.5867004394531,0.9234839081764221,0.88402259349823,0.9405922293663025,0.41628438234329224,0.41628438234329224,0.00023506523575633764,0.7801767587661743,0.3527093231678009,0.004491731524467468
G33,478,5982.02392578125,0.5215215682983398,-1426.1507568359375,-1426.1507568359375,991.8942260742188,1004.260009765625,1349.265625,1364.0,1364.0,323.0726318359375,-434.20257568359375,0.9239676594734192,0.8845763206481934,0.9409971833229065,0.415756493806839,0.415756493806839,0.0002359987556701526,0.7809441685676575,0.3506776988506317,0.004509255290031433
G33,479,5994.53466796875,0.5205205678939819,-1426.55419921875,-1426.55419921875,993.6809692382812,1006.0530395507812,1349.265625,1364.0,1364.0,321.5113830566406,-432.819580078125,0.9244459867477417,0.8851248621940613,0.9413973093032837,0.4152278006076813,0.4152278006076813,0.00023655749100726098,0.7817052602767944,0.3486647605895996,0.004520352464169264
G33,480,6007.044921875,0.519519567489624,-1426.9453125,-1426.9453125,995.4541015625,1007.837646484375,1349.265625,1364.0,1364.0,319.9642333984375,-431.43792724609375,0.9249191284179688,0.8856682777404785,0.9417927265167236,0.4146977663040161,0.4146977663040161,0.0002374488249188289,0.7824611067771912,0.3466702401638031,0.004524537827819586
G33,481,6019.5556640625,0.5185185670852661,-1427.32421875,-1427.32421875,997.21435546875,1009.607177734375,1349.265625,1364.0,1364.0,318.430908203125,-430.0569763183594,0.9253870844841003,0.8862066268920898,0.9421834945678711,0.4141673147678375,0.4141673147678375,0.00023805155069567263,0.7832102179527283,0.34469401836395264,0.004522375762462616
G33,482,6032.06591796875,0.5175175666809082,-1427.6910400390625,-1427.6910400390625,998.960693359375,1011.361328125,1349.265625,1364.0,1364.0,316.9113464355469,-428.677734375,0.9258499145507812,0.8867400884628296,0.9425697922706604,0.4136354327201843,0.4136354327201843,0.00023884535767138004,0.7839540839195251,0.34273573756217957,0.004512721206992865
G33,483,6044.57666015625,0.5165165662765503,-1428.046142578125,-1428.046142578125,1000.6947631835938,1013.105712890625,1349.265625,1364.0,1364.0,315.40533447265625,-427.299072265625,0.9263077974319458,0.887268602848053,0.9429529905319214,0.4131028950214386,0.4131028950214386,0.00023953296476975083,0.7846921682357788,0.3407953381538391,0.004497166257351637
G33,484,6057.0869140625,0.5155155658721924,-1428.389404296875,-1428.389404296875,1002.4156494140625,1014.8367919921875,1349.265625,1364.0,1364.0,313.9126892089844,-425.92193603515625,0.9267607927322388,0.88779217004776,0.9433349370956421,0.4125693440437317,0.4125693440437317,0.00024036873946897686,0.7854244709014893,0.3388724625110626,0.004475858993828297
G33,485,6069.59765625,0.5145145654678345,-1428.721435546875,-1428.721435546875,1004.1240234375,1016.550537109375,1349.265625,1364.0,1364.0,312.4332275390625,-424.5458984375,0.9272087812423706,0.8883110284805298,0.9437125325202942,0.4120348393917084,0.4120348393917084,0.00024115182168316096,0.7861514091491699,0.33696702122688293,0.004450291395187378
G33,486,6082.10791015625,0.5135135650634766,-1429.0419921875,-1429.0419921875,1005.8199462890625,1018.2611083984375,1349.265625,1364.0,1364.0,310.9668273925781,-423.17095947265625,0.92765212059021,0.8888251185417175,0.9440856575965881,0.4114994704723358,0.4114994704723358,0.00024202001804951578,0.786872923374176,0.33507877588272095,0.00442276569083333
G33,487,6094.61865234375,0.5125125050544739,-1429.3515625,-1429.3515625,1007.5036010742188,1019.96044921875,1349.265625,1364.0,1364.0,309.5133056640625,-421.7972106933594,0.9280907511711121,0.8893345594406128,0.9444546103477478,0.4109632074832916,0.4109632074832916,0.00024296785704791546,0.7875887751579285,0.33320751786231995,0.00439533032476902
G33,488,6107.12890625,0.511511504650116,-1429.6502685546875,-1429.6502685546875,1009.175048828125,1021.646240234375,1349.265625,1364.0,1364.0,308.072509765625,-420.4248046875,0.9285245537757874,0.8898393511772156,0.9448191523551941,0.41042599081993103,0.41042599081993103,0.00024388672318309546,0.7882997989654541,0.3313530385494232,0.004369130823761225
G33,489,6119.6396484375,0.5105105042457581,-1429.938232421875,-1429.938232421875,1010.8346557617188,1023.322509765625,1349.265625,1364.0,1364.0,306.64422607421875,-419.05352783203125,0.9289539456367493,0.8903394937515259,0.9451797008514404,0.40988799929618835,0.40988799929618835,0.00024490547366440296,0.7890050411224365,0.3295151889324188,0.004345628432929516
G33,490,6132.14990234375,0.5095095038414001,-1430.2158203125,-1430.2158203125,1012.4823608398438,1024.983642578125,1349.265625,1364.0,1364.0,305.2283935546875,-417.6836242675781,0.9293788075447083,0.8908352255821228,0.9455360770225525,0.40934908390045166,0.40934908390045166,0.00024594474234618247,0.7897053360939026,0.32769373059272766,0.00432612793520093
G33,491,6144.66064453125,0.5085085034370422,-1430.48291015625,-1430.48291015625,1014.1185302734375,1026.6356201171875,1349.28125,1364.0,1364.0,303.82476806640625,-416.31494140625,0.9297992587089539,0.8913264870643616,0.9458884596824646,0.40880921483039856,0.40880921483039856,0.0002469495520927012,0.7904009819030762,0.3258884847164154,0.004311439581215382
G33,492,6157.1708984375,0.5075075030326843,-1430.73974609375,-1430.73974609375,1015.7431030273438,1028.27490234375,1349.28125,1364.0,1364.0,302.43328857421875,-414.947509765625,0.9302152395248413,0.8918133974075317,0.9462369084358215,0.40826866030693054,0.40826866030693054,0.0002480863477103412,0.791091799736023,0.32409927248954773,0.004300907254219055
G33,493,6169.681640625,0.5065065026283264,-1430.9864501953125,-1430.9864501953125,1017.3562622070312,1029.902099609375,1349.28125,1364.0,1364.0,301.0537109375,-413.5814208984375,0.9306269884109497,0.8922958374023438,0.9465814828872681,0.40772712230682373,0.40772712230682373,0.00024899948039092124,0.7917776107788086,0.3223259150981903,0.0042932284995913506
G33,494,6182.1923828125,0.5055055022239685,-1431.223388671875,-1431.223388671875,1018.9583129882812,1031.5191650390625,1349.28125,1364.0,1364.0,299.6859436035156,-412.21661376953125,0.9310344457626343,0.8927741050720215,0.9469221234321594,0.4071848392486572,0.4071848392486572,0.00025027646915987134,0.7924586534500122,0.3205682039260864,0.004286713898181915
G33,495,6194.70263671875,0.5045045018196106,-1431.4505615234375,-1431.4505615234375,1020.54931640625,1033.124755859375,1349.28125,1364.0,1364.0,298.32989501953125,-410.8531494140625,0.9314376711845398,0.8932480812072754,0.9472591876983643,0.40664178133010864,0.40664178133010864,0.00025103642838075757,0.7931346893310547,0.31882596015930176,0.004279714077711105
G33,496,6207.21337890625,0.5035035014152527,-1431.668212890625,-1431.668212890625,1022.1292724609375,1034.717529296875,1349.28125,1364.0,1364.0,296.98529052734375,-409.4910888671875,0.9318368434906006,0.8937178254127502,0.9475923776626587,0.4060977101325989,0.4060977101325989,0.00025241353432647884,0.7938063144683838,0.31709906458854675,0.0042706322856247425
G33,497,6219.7236328125,0.5025025010108948,-1431.8763427734375,-1431.8763427734375,1023.6985473632812,1036.30322265625,1349.28125,1364.0,1364.0,295.652099609375,-408.13018798828125,0.9322319030761719,0.8941833972930908,0.9479219913482666,0.40555304288864136,0.40555304288864136,0.00025321319117210805,0.7944726943969727,0.3153872787952423,0.00425732834264636
G33,498,6232.234375,0.5015015006065369,-1432.0751953125,-1432.0751953125,1025.257080078125,1037.873779296875,1349.28125,1364.0,1364.0,294.3301696777344,-406.7708740234375,0.932623028755188,0.8946449756622314,0.9482479095458984,0.40500739216804504,0.40500739216804504,0.00025442219339311123,0.7951349020004272,0.3136904239654541,0.004237490240484476
G33,499,6244.74462890625,0.500500500202179,-1432.2650146484375,-1432.2650146484375,1026.8052978515625,1039.4368896484375,1349.28125,1364.0,1364.0,293.019287109375,-405.41278076171875,0.9330100417137146,0.8951024413108826,0.9485703706741333,0.4044610261917114,0.4044610261917114,0.000255480787018314,0.7957921624183655,0.3120083808898926,0.004210471175611019
G33,500,6257.25537109375,0.49949949979782104,-1432.4456787109375,-1432.4456787109375,1028.343017578125,1040.988037109375,1349.28125,1364.0,1364.0,291.71942138671875,-404.05615234375,0.9333932995796204,0.8955559134483337,0.9488893747329712,0.4039139151573181,0.4039139151573181,0.0002565214817877859,0.7964450120925903,0.310340940952301,0.0041746413335204124
G33,501,6269.765625,0.49849849939346313,-1432.6175537109375,-1432.6175537109375,1029.870361328125,1042.5294189453125,1349.28125,1364.0,1364.0,290.4303894042969,-402.700927734375,0.933772623538971,0.8960054516792297,0.9492048025131226,0.4033658504486084,0.4033658504486084,0.0002576826955191791,0.7970934510231018,0.3086879253387451,0.004128965549170971
G33,502,6282.2763671875,0.4974974989891052,-1432.7808837890625,-1432.7808837890625,1031.3878173828125,1044.0596923828125,1349.28125,1364.0,1364.0,289.15203857421875,-401.34698486328125,0.9341482520103455,0.8964510560035706,0.949517011642456,0.4028172791004181,0.4028172791004181,0.0002587690541986376,0.7977371215820312,0.3070491850376129,0.004072217736393213
G33,503,6294.78662109375,0.4964964985847473,-1432.9354248046875,-1432.9354248046875,1032.89501953125,1045.58203125,1349.28125,1364.0,1364.0,287.88433837890625,-399.9947204589844,0.9345200657844543,0.896892786026001,0.9498263597488403,0.4022676348686218,0.4022676348686218,0.00025987959816120565,0.7983769774436951,0.3054245710372925,0.004004026297479868
G33,504,6307.29736328125,0.4954954981803894,-1433.0816650390625,-1433.0816650390625,1034.392578125,1047.090576171875,1349.28125,1364.0,1364.0,286.62701416015625,-398.6435852050781,0.9348881840705872,0.8973307609558105,0.9501351118087769,0.40171748399734497,0.40171748399734497,0.00026097381487488747,0.7990121245384216,0.3038139045238495,0.003925664350390434
G33,505,6319.8076171875,0.4944944977760315,-1433.219482421875,-1433.219482421875,1035.880126953125,1048.594482421875,1349.28125,1364.0,1364.0,285.38006591796875,-397.294189453125,0.9352527260780334,0.8977649807929993,0.9504406452178955,0.4011664092540741,0.4011664092540741,0.0002621209714561701,0.7996433973312378,0.3022170066833496,0.003837608266621828
G33,506,6332.318359375,0.4934934973716736,-1433.34912109375,-1433.34912109375,1037.358154296875,1050.082763671875,1349.28125,1364.0,1364.0,284.1433410644531,-395.946044921875,0.9356136322021484,0.8981953859329224,0.950742781162262,0.40061473846435547,0.40061473846435547,0.0002630855015013367,0.8002701997756958,0.3006337285041809,0.003740832908079028
G33,507,6344.82861328125,0.4924924969673157,-1433.470703125,-1433.470703125,1038.82666015625,1051.56689453125,1349.28125,1364.0,1364.0,282.91668701171875,-394.5994873046875,0.9359709620475769,0.8986222147941589,0.9510418176651001,0.40006229281425476,0.40006229281425476,0.00026423073722980917,0.8008931279182434,0.29906392097473145,0.0036365361884236336
G33,508,6357.33935546875,0.49149149656295776,-1433.58447265625,-1433.58447265625,1040.28564453125,1053.037353515625,1349.28125,1364.0,1364.0,281.70001220703125,-393.2544250488281,0.9363248944282532,0.8990453481674194,0.9513377547264099,0.3995090126991272,0.3995090126991272,0.0002651572285685688,0.8015119433403015,0.2975074350833893,0.0035262058954685926
G33,509,6369.849609375,0.49049049615859985,-1433.6904296875,-1433.6904296875,1041.735595703125,1054.5009765625,1349.28125,1364.0,1364.0,280.4931945800781,-391.9107360839844,0.9366753697395325,0.8994648456573486,0.9516305327415466,0.39895525574684143,0.39895525574684143,0.000266196031589061,0.8021266460418701,0.2959641218185425,0.003413211088627577
G33,510,6382.3603515625,0.48948949575424194,-1433.78857421875,-1433.78857421875,1043.176025390625,1055.95458984375,1349.28125,1364.0,1364.0,279.296142578125,-390.56878662109375,0.9370224475860596,0.8998808264732361,0.9519230723381042,0.39840051531791687,0.39840051531791687,0.0002672031114343554,0.8027375936508179,0.2944338023662567,0.0033006242010742426
G33,511,6394.87060546875,0.48848849534988403,-1433.879150390625,-1433.879150390625,1044.6075439453125,1057.3980712890625,1349.28125,1364.0,1364.0,278.10870361328125,-389.2281188964844,0.9373661279678345,0.900293231010437,0.9522188305854797,0.3978452682495117,0.3978452682495117,0.0002681467740330845,0.8033442497253418,0.29291635751724243,0.003191710216924548
G33,512,6407.38134765625,0.4874874949455261,-1433.9622802734375,-1433.9622802734375,1046.030029296875,1058.83447265625,1349.28125,1364.0,1364.0,276.9307861328125,-387.88916015625,0.9377065896987915,0.900702178478241,0.9525116086006165,0.3972892165184021,0.3972892165184021,0.000269306794507429,0.8039474487304688,0.2914116084575653,0.003088765311986208
G33,513,6419.89208984375,0.4864864945411682,-1434.0380859375,-1434.0380859375,1047.4434814453125,1060.2601318359375,1349.28125,1364.0,1364.0,275.76226806640625,-386.5516357421875,0.9380438327789307,0.901107668876648,0.9528022408485413,0.39673250913619995,0.39673250913619995,0.000270236749202013,0.8045465350151062,0.2899194657802582,0.002994309877976775
G33,514,6432.40234375,0.4854854941368103,-1434.106689453125,-1434.106689453125,1048.848388671875,1061.677490234375,1349.28125,1364.0,1364.0,274.6030578613281,-385.2156982421875,0.9383777379989624,0.9015098810195923,0.9530896544456482,0.3961751163005829,0.3961751163005829,0.00027157142176292837,0.8051419854164124,0.2884397506713867,0.0029095252975821495
G33,515,6444.9130859375,0.4844844937324524,-1434.168212890625,-1434.168212890625,1050.2445068359375,1063.087646484375,1349.28125,1364.0,1364.0,273.45306396484375,-383.8813781738281,0.9387085437774658,0.9019086360931396,0.9533740878105164,0.3956170976161957,0.3956170976161957,0.00027261508512310684,0.805733859539032,0.286972314119339,0.002835412509739399
G33,516,6457.42333984375,0.4834834933280945,-1434.2227783203125,-1434.2227783203125,1051.6319580078125,1064.4853515625,1349.28125,1364.0,1364.0,272.3121337890625,-382.5486145019531,0.9390361905097961,0.9023040533065796,0.953655481338501,0.39505836367607117,0.39505836367607117,0.0002740425115916878,0.8063217401504517,0.28551703691482544,0.002772819483652711
G33,517,6469.93408203125,0.4824824929237366,-1434.2703857421875,-1434.2703857421875,1053.010986328125,1065.879638671875,1349.28125,1364.0,1364.0,271.18017578125,-381.21746826171875,0.9393607378005981,0.9026962518692017,0.9539339542388916,0.3944989740848541,0.3944989740848541,0.00027527345810085535,0.8069064021110535,0.28407377004623413,0.002722508739680052
G33,518,6482.4443359375,0.48148149251937866,-1434.311279296875,-1434.311279296875,1054.381591796875,1067.2603759765625,1349.28125,1364.0,1364.0,270.05712890625,-379.8879089355469,0.9396823048591614,0.9030850529670715,0.954209566116333,0.39393898844718933,0.39393898844718933,0.00027668726397678256,0.8074870705604553,0.2826424241065979,0.00268371170386672
G33,519,6494.955078125,0.48048049211502075,-1434.345458984375,-1434.345458984375,1055.743896484375,1068.6368408203125,1349.28125,1364.0,1364.0,268.94287109375,-378.55999755859375,0.9400007724761963,0.9034706950187683,0.9544823169708252,0.39337825775146484,0.39337825775146484,0.0002781020593829453,0.8080645203590393,0.28122276067733765,0.0026553606148809195
G33,520,6507.46533203125,0.47947949171066284,-1434.373046875,-1434.373046875,1057.0982666015625,1070.002685546875,1349.28125,1364.0,1364.0,267.8372802734375,-377.23358154296875,0.940316379070282,0.9038528800010681,0.9547521471977234,0.39281702041625977,0.39281702041625977,0.0002794134779833257,0.8086386919021606,0.27981477975845337,0.002635745797306299
G33,521,6519.97607421875,0.47847849130630493,-1434.39404296875,-1434.39404296875,1058.444091796875,1071.36083984375,1349.28125,1364.0,1364.0,266.74029541015625,-375.90899658203125,0.9406289458274841,0.9042319655418396,0.9550192356109619,0.39225488901138306,0.39225488901138306,0.00028095534071326256,0.8092092275619507,0.27841830253601074,0.0026217999402433634
G33,522,6532.486328125,0.477477490901947,-1434.4088134765625,-1434.4088134765625,1059.782470703125,1072.7119140625,1349.28125,1364.0,1364.0,265.65179443359375,-374.5857849121094,0.9409387707710266,0.904607892036438,0.9552835822105408,0.3916924297809601,0.3916924297809601,0.0002821710368152708,0.8097765445709229,0.2770331799983978,0.0026110203471034765
G33,523,6544.9970703125,0.4764764904975891,-1434.417236328125,-1434.417236328125,1061.112548828125,1074.053466796875,1349.28125,1364.0,1364.0,264.5716552734375,-373.2644348144531,0.9412456750869751,0.904980480670929,0.95554518699646,0.3911290466785431,0.3911290466785431,0.0002836499479599297,0.8103402256965637,0.27565932273864746,0.0026017522905021906
G33,524,6557.50732421875,0.4754754900932312,-1434.4195556640625,-1434.4195556640625,1062.4349365234375,1075.388671875,1349.28125,1364.0,1364.0,263.4998779296875,-371.9445495605469,0.9415497183799744,0.9053497910499573,0.9558042287826538,0.39056527614593506,0.39056527614593506,0.000284883746644482,0.8109006881713867,0.2742965817451477,0.0025924278888851404
G33,525,6570.01806640625,0.4744744896888733,-1434.4158935546875,-1434.4158935546875,1063.749267578125,1076.7149658203125,1349.28125,1364.0,1364.0,262.4362487792969,-370.6264953613281,0.9418510794639587,0.905716061592102,0.9560606479644775,0.39000067114830017,0.39000067114830017,0.0002861201937776059,0.8114580512046814,0.272944837808609,0.0025822606403380632
G33,526,6582.5283203125,0.4734734892845154,-1434.406005859375,-1434.406005859375,1065.056396484375,1078.033935546875,1349.28125,1364.0,1364.0,261.38079833984375,-369.3099060058594,0.9421496391296387,0.9060794115066528,0.9563143849372864,0.38943561911582947,0.38943561911582947,0.00028738274704664946,0.8120116591453552,0.2716039717197418,0.002572128549218178
G33,527,6595.0390625,0.47247248888015747,-1434.390380859375,-1434.390380859375,1066.355712890625,1079.34521484375,1349.28125,1364.0,1364.0,260.3333740234375,-367.9952392578125,0.9424454569816589,0.9064399003982544,0.9565660357475281,0.3888697624206543,0.3888697624206543,0.0002883761189877987,0.8125627636909485,0.2702738642692566,0.002561839995905757
G33,528,6607.54931640625,0.47147148847579956,-1434.3690185546875,-1434.3690185546875,1067.647705078125,1080.6494140625,1349.28125,1364.0,1364.0,259.2938232421875,-366.6820373535156,0.9427386522293091,0.9067973494529724,0.9568189978599548,0.3883035480976105,0.3883035480976105,0.0002894921344704926,0.8131101727485657,0.26895445585250854,0.0025516243185847998
G33,529,6620.06005859375,0.47047048807144165,-1434.341796875,-1434.341796875,1068.93212890625,1081.944580078125,1349.28125,1364.0,1364.0,258.2621765136719,-365.3706970214844,0.9430292248725891,0.907151997089386,0.9570693969726562,0.38773655891418457,0.38773655891418457,0.00029039825312793255,0.8136548399925232,0.2676455080509186,0.002540816320106387
G33,530,6632.5703125,0.46946948766708374,-1434.3089599609375,-1434.3089599609375,1070.209228515625,1083.2357177734375,1349.28125,1364.0,1364.0,257.2383117675781,-364.06097412109375,0.9433171153068542,0.9075038433074951,0.9573172330856323,0.3871690332889557,0.3871690332889557,0.00029127730522304773,0.8141961097717285,0.2663469910621643,0.002529282122850418
G33,531,6645.0810546875,0.46846848726272583,-1434.2706298828125,-1434.2706298828125,1071.479248046875,1084.5145263671875,1349.28125,1364.0,1364.0,256.22210693359375,-362.7529602050781,0.943602442741394,0.907852828502655,0.9575625658035278,0.3866008520126343,0.3866008520126343,0.0002921247505582869,0.8147345185279846,0.2650587856769562,0.002516909735277295
G33,532,6657.591796875,0.4674674868583679,-1434.226806640625,-1434.226806640625,1072.741943359375,1085.791748046875,1349.28125,1364.0,1364.0,255.21353149414062,-361.4466552734375,0.943885326385498,0.908198893070221,0.9578053951263428,0.38603219389915466,0.38603219389915466,0.00029287434881553054,0.815269947052002,0.26378074288368225,0.0025045142974704504
G33,533,6670.10205078125,0.46646648645401,-1434.177734375,-1434.177734375,1073.99755859375,1087.05712890625,1349.28125,1364.0,1364.0,254.2124481201172,-360.14208984375,0.9441656470298767,0.908540666103363,0.9580458402633667,0.3854627311229706,0.3854627311229706,0.00029359376640059054,0.815802276134491,0.26251283288002014,0.0024917125701904297
G33,534,6682.61279296875,0.4654654860496521,-1434.123291015625,-1434.123291015625,1075.2462158203125,1088.3175048828125,1349.28125,1364.0,1364.0,253.2188262939453,-358.83917236328125,0.9444435238838196,0.908879816532135,0.9582838416099548,0.38489285111427307,0.38489285111427307,0.0002943105937447399,0.816331684589386,0.2612548768520355,0.0024781778920441866
G33,535,6695.123046875,0.4644644856452942,-1434.063720703125,-1434.063720703125,1076.4879150390625,1089.572265625,1349.28125,1364.0,1364.0,252.2325439453125,-357.5380859375,0.9447188377380371,0.9092162251472473,0.9585196375846863,0.3843221664428711,0.3843221664428711,0.00029496062779799104,0.816858172416687,0.26000678539276123,0.002463388489559293
G33,536,6707.6337890625,0.4634634852409363,-1433.9989013671875,-1433.9989013671875,1077.722900390625,1090.8157958984375,1349.28125,1364.0,1364.0,251.2535400390625,-356.23858642578125,0.9449918866157532,0.9095500111579895,0.9587530493736267,0.3837509751319885,0.3837509751319885,0.0002955689560621977,0.817381739616394,0.2587684690952301,0.002447398379445076
G33,537,6720.14404296875,0.46246248483657837,-1433.92919921875,-1433.92919921875,1078.9510498046875,1092.0579833984375,1349.28125,1364.0,1364.0,250.28175354003906,-354.94085693359375,0.9452624917030334,0.9098812341690063,0.9589841365814209,0.383179247379303,0.383179247379303,0.0002962440485134721,0.8179025053977966,0.257539838552475,0.002431117231026292
G33,538,6732.65478515625,0.46146148443222046,-1433.854248046875,-1433.854248046875,1080.1722412109375,1093.2886962890625,1349.28125,1364.0,1364.0,249.3170928955078,-353.6448974609375,0.9455307126045227,0.9102098941802979,0.9592130780220032,0.38260671496391296,0.38260671496391296,0.00029670383082702756,0.8184203505516052,0.2563207745552063,0.002415731083601713
G33,539,6745.1650390625,0.46046048402786255,-1433.774658203125,-1433.774658203125,1081.38720703125,1094.5150146484375,1349.28125,1364.0,1364.0,248.35946655273438,-352.35052490234375,0.9457966685295105,0.9105359315872192,0.959439754486084,0.3820338845252991,0.3820338845252991,0.0002973872469738126,0.8189353942871094,0.2551111578941345,0.0024022324942052364
G33,540,6757.67578125,0.45945948362350464,-1433.68994140625,-1433.68994140625,1082.5953369140625,1095.735595703125,1349.28125,1364.0,1364.0,247.40882873535156,-351.05816650390625,0.946060299873352,0.9108594059944153,0.9596641063690186,0.3814601004123688,0.3814601004123688,0.00029779854230582714,0.8194476962089539,0.2539108991622925,0.0023913986515253782
G33,541,6770.18603515625,0.45845848321914673,-1433.600830078125,-1433.600830078125,1083.797119140625,1096.9454345703125,1349.28125,1364.0,1364.0,246.465087890625,-349.7672119140625,0.9463216662406921,0.9111804366111755,0.9598864316940308,0.38088610768318176,0.38088610768318176,0.00029840171919204295,0.8199570775032043,0.252719908952713,0.002384207909926772
G33,542,6782.69677734375,0.4574574828147888,-1433.5068359375,-1433.5068359375,1084.992431640625,1098.155517578125,1349.28125,1364.0,1364.0,245.52816772460938,-348.47833251953125,0.946580708026886,0.9114941358566284,0.960106611251831,0.3803113102912903,0.3803113102912903,0.0002988823689520359,0.8204638957977295,0.25153806805610657,0.0023819655179977417
G33,543,6795.20703125,0.4564564824104309,-1433.4083251953125,-1433.4083251953125,1086.1812744140625,1099.3505859375,1349.28125,1364.0,1364.0,244.59800720214844,-347.19110107421875,0.9468375444412231,0.911804735660553,0.9603247046470642,0.37973591685295105,0.37973591685295105,0.0002993638627231121,0.8209680318832397,0.25036531686782837,0.0023850402794778347
G33,544,6807.7177734375,0.455455482006073,-1433.305419921875,-1433.305419921875,1087.3638916015625,1100.548828125,1349.28125,1364.0,1364.0,243.67454528808594,-345.90557861328125,0.9470923542976379,0.9121129512786865,0.9605406522750854,0.37916022539138794,0.37916022539138794,0.0002999122370965779,0.8214691877365112,0.24920152127742767,0.002393880859017372
G33,545,6820.22802734375,0.4544544816017151,-1433.1978759765625,-1433.1978759765625,1088.5401611328125,1101.7314453125,1349.28125,1364.0,1364.0,242.7576904296875,-344.62213134765625,0.9473448991775513,0.9124189019203186,0.9607546329498291,0.37858352065086365,0.37858352065086365,0.0003004114842042327,0.8219681978225708,0.2480466067790985,0.0024089855141937733
G33,546,6832.73876953125,0.4534534811973572,-1433.0859375,-1433.0859375,1089.71044921875,1102.9150390625,1349.28125,1364.0,1364.0,241.84738159179688,-343.3399963378906,0.9475952386856079,0.9127225279808044,0.9609665870666504,0.37800684571266174,0.37800684571266174,0.00030090834479779005,0.822464108467102,0.2469005137681961,0.002430905820801854
G33,547,6845.2490234375,0.45245248079299927,-1432.9697265625,-1432.9697265625,1090.874267578125,1104.0885009765625,1349.28125,1364.0,1364.0,240.94357299804688,-342.06024169921875,0.9478435516357422,0.9130238890647888,0.9611764550209045,0.3774290084838867,0.3774290084838867,0.00030152942053973675,0.8229578137397766,0.24576304852962494,0.002459215931594372
G33,548,6857.759765625,0.45145148038864136,-1432.8492431640625,-1432.8492431640625,1092.032470703125,1105.2564697265625,1349.28125,1364.0,1364.0,240.04617309570312,-340.78173828125,0.9480897784233093,0.913322925567627,0.9613844156265259,0.37685108184814453,0.37685108184814453,0.00030202200287021697,0.823448896408081,0.2446342557668686,0.002494038315489888
G33,549,6870.27001953125,0.45045047998428345,-1432.724609375,-1432.724609375,1093.1842041015625,1106.419921875,1349.28125,1364.0,1364.0,239.15509033203125,-339.5054931640625,0.9483339190483093,0.9136198163032532,0.9615905284881592,0.3762723505496979,0.3762723505496979,0.0003026573685929179,0.823937714099884,0.24351392686367035,0.0025359932333230972
G33,550,6882.78076171875,0.44944947957992554,-1432.595703125,-1432.595703125,1094.330322265625,1107.5753173828125,1349.28125,1364.0,1364.0,238.27032470703125,-338.2308044433594,0.9485759735107422,0.9139145016670227,0.9617947340011597,0.37569302320480347,0.37569302320480347,0.0003032804816029966,0.8244239687919617,0.24240204691886902,0.0025871091056615114
G33,551,6895.291015625,0.4484484791755676,-1432.462890625,-1432.462890625,1095.470703125,1108.7257080078125,1349.28125,1364.0,1364.0,237.39175415039062,-336.9579162597656,0.9488160610198975,0.9142069220542908,0.9619969725608826,0.37511345744132996,0.37511345744132996,0.0003038463764823973,0.8249077200889587,0.24129852652549744,0.002648518653586507
G33,552,6907.8017578125,0.4474474787712097,-1432.326171875,-1432.326171875,1096.604736328125,1109.87109375,1349.28125,1364.0,1364.0,236.51934814453125,-335.6871032714844,0.9490542411804199,0.9144971966743469,0.9621973633766174,0.3745328485965729,0.3745328485965729,0.00030455482192337513,0.8253890872001648,0.24020321667194366,0.0027215126901865005
G33,553,6920.3125,0.4464464783668518,-1432.185302734375,-1432.185302734375,1097.733642578125,1111.008056640625,1349.28125,1364.0,1364.0,235.6530303955078,-334.417724609375,0.9492903351783752,0.9147816300392151,0.9623958468437195,0.37395209074020386,0.37395209074020386,0.00030514266109094024,0.8258679509162903,0.2391161322593689,0.002806429285556078
G33,554,6932.82275390625,0.4454454779624939,-1432.0406494140625,-1432.0406494140625,1098.8563232421875,1112.1424560546875,1349.28125,1364.0,1364.0,234.79273986816406,-333.1505126953125,0.9495245218276978,0.9150636196136475,0.9625926613807678,0.37337061762809753,0.37337061762809753,0.00030576958670280874,0.82634437084198,0.2380370795726776,0.002902932930737734
G33,555,6945.33349609375,0.444444477558136,-1431.8922119140625,-1431.8922119140625,1099.9735107421875,1113.268310546875,1349.28125,1364.0,1364.0,233.93841552734375,-331.885009765625,0.9497568011283875,0.9153435230255127,0.9627876281738281,0.3727884292602539,0.3727884292602539,0.0003064909251406789,0.826818585395813,0.236966073513031,0.0030098119750618935
G33,556,6957.84375,0.4434434771537781,-1431.7401123046875,-1431.7401123046875,1101.0853271484375,1114.39013671875,1349.28125,1364.0,1364.0,233.09002685546875,-330.6211853027344,0.9499871730804443,0.9156214594841003,0.9629808664321899,0.3722061216831207,0.3722061216831207,0.00030695629538968205,0.8272900581359863,0.23590296506881714,0.0031259777024388313
G33,557,6970.3544921875,0.44244247674942017,-1431.5841064453125,-1431.5841064453125,1102.1912841796875,1115.50634765625,1349.28125,1364.0,1364.0,232.24746704101562,-329.35955810546875,0.9502156972885132,0.9158973097801208,0.9631723761558533,0.37162283062934875,0.37162283062934875,0.0003077858709730208,0.8277596831321716,0.23484770953655243,0.003249415894970298
G33,558,6982.86474609375,0.44144147634506226,-1431.424560546875,-1431.424560546875,1103.2919921875,1116.6153564453125,1349.28125,1364.0,1364.0,231.4106903076172,-328.09942626953125,0.9504423141479492,0.9161712527275085,0.9633620381355286,0.3710392713546753,0.3710392713546753,0.0003081674803979695,0.8282265663146973,0.23380021750926971,0.003377328859642148
G33,559,6995.37548828125,0.44044047594070435,-1431.261474609375,-1431.261474609375,1104.3870849609375,1117.721435546875,1349.28125,1364.0,1364.0,230.57965087890625,-326.84136962890625,0.950667142868042,0.9164431095123291,0.9635501503944397,0.3704550266265869,0.3704550266265869,0.0003089348319917917,0.8286914229393005,0.23276038467884064,0.0035065091215074062
G33,560,7007.8857421875,0.43943947553634644,-1431.0948486328125,-1431.0948486328125,1105.4769287109375,1118.8193359375,1349.28125,1364.0,1364.0,229.75430297851562,-325.58514404296875,0.9508901834487915,0.9167131185531616,0.9637364745140076,0.3698703348636627,0.3698703348636627,0.0003093946143053472,0.8291539549827576,0.2317281812429428,0.003634111024439335
G33,561,7020.396484375,0.4384384751319885,-1430.9246826171875,-1430.9246826171875,1106.561279296875,1119.91357421875,1349.296875,1364.0,1364.0,228.9345703125,-324.33074951171875,0.951111376285553,0.9169811606407166,0.963921308517456,0.36928504705429077,0.36928504705429077,0.00030998673173598945,0.8296146392822266,0.23070348799228668,0.0037574507296085358
G33,562,7032.90673828125,0.4374374747276306,-1430.751220703125,-1430.751220703125,1107.640380859375,1121.002197265625,1349.296875,1364.0,1364.0,228.12039184570312,-323.07818603515625,0.9513307809829712,0.9172472953796387,0.9641042947769165,0.36869940161705017,0.36869940161705017,0.00031054389546625316,0.8300732374191284,0.22968626022338867,0.0038741976022720337
G33,563,7045.41748046875,0.4364364743232727,-1430.57421875,-1430.57421875,1108.7142333984375,1122.083984375,1349.296875,1364.0,1364.0,227.31173706054688,-321.82769775390625,0.9515484571456909,0.917511522769928,0.9642858505249023,0.3681129813194275,0.3681129813194275,0.0003110513789579272,0.8305296897888184,0.22867639362812042,0.003981619607657194
G33,564,7057.927734375,0.43543541431427,-1430.393798828125,-1430.393798828125,1109.782958984375,1123.1634521484375,1349.296875,1364.0,1364.0,226.50851440429688,-320.57879638671875,0.9517644643783569,0.9177738428115845,0.9644657969474792,0.36752623319625854,0.36752623319625854,0.00031155801843851805,0.8309839367866516,0.22767382860183716,0.004076319746673107
G33,565,7070.4384765625,0.4344344139099121,-1430.2103271484375,-1430.2103271484375,1110.846435546875,1124.234375,1349.296875,1364.0,1364.0,225.71072387695312,-319.33209228515625,0.9519786834716797,0.9180343747138977,0.9646441340446472,0.36693885922431946,0.36693885922431946,0.00031213476904667914,0.8314360976219177,0.22667847573757172,0.004156316630542278
G33,566,7082.94873046875,0.4334334135055542,-1430.023681640625,-1430.023681640625,1111.90478515625,1125.302490234375,1349.296875,1364.0,1364.0,224.9182586669922,-318.08709716796875,0.9521912336349487,0.9182929396629333,0.9648208618164062,0.36635103821754456,0.36635103821754456,0.00031254434725269675,0.8318860530853271,0.22569027543067932,0.004218896850943565
G33,567,7095.45947265625,0.4324324131011963,-1429.833740234375,-1429.833740234375,1112.9581298828125,1126.364501953125,1349.296875,1364.0,1364.0,224.131103515625,-316.8441162109375,0.9524021744728088,0.9185497760772705,0.9649960994720459,0.36576271057128906,0.36576271057128906,0.00031316018430516124,0.8323338031768799,0.2247091829776764,0.004264150280505419
G33,568,7107.9697265625,0.4314314126968384,-1429.640625,-1429.640625,1114.00634765625,1127.4208984375,1349.296875,1364.0,1364.0,223.34918212890625,-315.60302734375,0.9526113867759705,0.9188048243522644,0.9651699066162109,0.3651738166809082,0.3651738166809082,0.0003135825681965798,0.832779586315155,0.22373507916927338,0.004288018215447664
G33,569,7120.48046875,0.43043041229248047,-1429.444580078125,-1429.444580078125,1115.049560546875,1128.4739990234375,1349.296875,1364.0,1364.0,222.57244873046875,-314.36383056640625,0.9528188705444336,0.919058084487915,0.9653421640396118,0.36458447575569153,0.36458447575569153,0.00031415297416970134,0.8332231640815735,0.2227679193019867,0.004292180761694908
G33,570,7132.99072265625,0.42942941188812256,-1429.24560546875,-1429.24560546875,1116.0877685546875,1129.519775390625,1349.296875,1364.0,1364.0,221.80088806152344,-313.1266174316406,0.9530248641967773,0.9193094968795776,0.9655129313468933,0.36399465799331665,0.36399465799331665,0.00031462861807085574,0.8336647748947144,0.22180762887001038,0.004273421596735716
G33,571,7145.50146484375,0.42842841148376465,-1429.0433349609375,-1429.0433349609375,1117.12109375,1130.5625,1349.296875,1364.0,1364.0,221.03440856933594,-311.8912658691406,0.9532293081283569,0.9195591807365417,0.9656822085380554,0.3634043037891388,0.3634043037891388,0.00031517280149273574,0.8341044187545776,0.22085414826869965,0.004232828970998526
G33,572,7158.01220703125,0.42742741107940674,-1428.83837890625,-1428.83837890625,1118.149658203125,1131.59912109375,1349.296875,1364.0,1364.0,220.27297973632812,-310.6579284667969,0.953432023525238,0.9198071360588074,0.9658501148223877,0.36281344294548035,0.36281344294548035,0.00031565368408337235,0.834541916847229,0.21990740299224854,0.004171817097812891
G33,573,7170.5224609375,0.42642641067504883,-1428.6302490234375,-1428.6302490234375,1119.17333984375,1132.631103515625,1349.296875,1364.0,1364.0,219.51654052734375,-309.42645263671875,0.9536332488059998,0.9200533032417297,0.9660165905952454,0.3622221052646637,0.3622221052646637,0.00031621719244867563,0.8349775075912476,0.21896733343601227,0.004088179673999548
G33,574,7183.033203125,0.4254254102706909,-1428.41943359375,-1428.41943359375,1120.192138671875,1133.658935546875,1349.296875,1364.0,1364.0,218.76504516601562,-308.19696044921875,0.9538329243659973,0.9202978610992432,0.9661816954612732,0.36163032054901123,0.36163032054901123,0.00031668294104747474,0.8354109525680542,0.21803386509418488,0.0039847674779593945
G33,575,7195.54345703125,0.424424409866333,-1428.205810546875,-1428.205810546875,1121.2061767578125,1134.680908203125,1349.296875,1364.0,1364.0,218.01846313476562,-306.969482421875,0.9540309906005859,0.9205406308174133,0.9663453102111816,0.3610379695892334,0.3610379695892334,0.0003172280848957598,0.8358424305915833,0.2171069234609604,0.003864054102450609
G33,576,7208.05419921875,0.4234234094619751,-1427.989501953125,-1427.989501953125,1122.2154541015625,1135.6988525390625,1349.296875,1364.0,1364.0,217.2767333984375,-305.74383544921875,0.9542276263237,0.9207817316055298,0.9665076732635498,0.3604452610015869,0.3604452610015869,0.0003177466569468379,0.8362720012664795,0.21618647873401642,0.0037260823883116245
G33,577,7220.564453125,0.4224224090576172,-1427.7705078125,-1427.7705078125,1123.2200927734375,1136.7119140625,1349.296875,1364.0,1364.0,216.53981018066406,-304.52032470703125,0.9544227719306946,0.9210212230682373,0.9666686058044434,0.35985204577445984,0.35985204577445984,0.0003182034706696868,0.8366994857788086,0.2152724266052246,0.003573465393856168
G33,578,7233.0751953125,0.4214214086532593,-1427.548583984375,-1427.548583984375,1124.219970703125,1137.7197265625,1349.296875,1364.0,1364.0,215.8076629638672,-303.2986755371094,0.954616367816925,0.9212590456008911,0.9668282270431519,0.3592582643032074,0.3592582643032074,0.00031878877780400217,0.8371251821517944,0.21436472237110138,0.0034118604380637407
G33,579,7245.58544921875,0.42042040824890137,-1427.3240966796875,-1427.3240966796875,1125.21533203125,1138.72412109375,1349.296875,1364.0,1364.0,215.08023071289062,-302.0789794921875,0.9548085927963257,0.9214951395988464,0.9669865369796753,0.3586641550064087,0.3586641550064087,0.00031915356521494687,0.8375486731529236,0.21346332132816315,0.0032428214326500893
G33,580,7258.09619140625,0.41941940784454346,-1427.09716796875,-1427.09716796875,1126.2060546875,1139.72216796875,1349.296875,1364.0,1364.0,214.35748291015625,-300.86138916015625,0.9549993276596069,0.9217297434806824,0.9671435952186584,0.3580694794654846,0.3580694794654846,0.00031979443156160414,0.837970495223999,0.21256814897060394,0.0030694622546434402
G33,581,7270.6064453125,0.41841840744018555,-1426.867431640625,-1426.867431640625,1127.1923828125,1140.717529296875,1349.296875,1364.0,1364.0,213.63934326171875,-299.64569091796875,0.9551885724067688,0.9219626188278198,0.9672992825508118,0.3574743866920471,0.3574743866920471,0.00032007982372306287,0.8383902311325073,0.2116791307926178,0.0028980260249227285
G33,582,7283.1171875,0.41741740703582764,-1426.635498046875,-1426.635498046875,1128.174072265625,1141.70654296875,1349.296875,1364.0,1364.0,212.92581176757812,-298.43206787109375,0.9553764462471008,0.9221940636634827,0.96745365858078,0.35687875747680664,0.35687875747680664,0.0003207042464055121,0.8388081192970276,0.21079622209072113,0.0027332105673849583
G33,583,7295.62744140625,0.4164164066314697,-1426.4007568359375,-1426.4007568359375,1129.1513671875,1142.69287109375,1349.296875,1364.0,1364.0,212.21682739257812,-297.2203369140625,0.9555628299713135,0.9224237203598022,0.9676069021224976,0.3562828600406647,0.3562828600406647,0.00032100334647111595,0.8392242193222046,0.20991936326026917,0.0025797041598707438
G33,584,7308.13818359375,0.4154154062271118,-1426.1636962890625,-1426.1636962890625,1130.1241455078125,1143.6727294921875,1349.296875,1364.0,1364.0,211.51235961914062,-296.0107727050781,0.9557479023933411,0.922652006149292,0.96775883436203,0.3556862771511078,0.3556862771511078,0.00032154229120351374,0.8396384119987488,0.20904849469661713,0.0024416781961917877
G33,585,7320.6484375,0.4144144058227539,-1425.92431640625,-1425.92431640625,1131.092529296875,1144.650390625,1349.296875,1364.0,1364.0,210.8123321533203,-294.8030090332031,0.955931544303894,0.9228785634040833,0.9679094552993774,0.3550894260406494,0.3550894260406494,0.0003218574565835297,0.8400506973266602,0.20818357169628143,0.002324766246601939
G33,586,7333.1591796875,0.413413405418396,-1425.6826171875,-1425.6826171875,1132.0565185546875,1145.621337890625,1349.296875,1364.0,1364.0,210.11672973632812,-293.5974426269531,0.9561139345169067,0.9231036901473999,0.9680590033531189,0.3544919490814209,0.3544919490814209,0.000322305946610868,0.8404611945152283,0.20732451975345612,0.0022312409710139036
G33,587,7345.66943359375,0.4124124050140381,-1425.4384765625,-1425.4384765625,1133.0162353515625,1146.590087890625,1349.296875,1364.0,1364.0,209.42552185058594,-292.393798828125,0.9562949538230896,0.9233272075653076,0.9682072997093201,0.3538941442966461,0.3538941442966461,0.0003226633125450462,0.8408697843551636,0.2064712941646576,0.002161907497793436
G33,588,7358.18017578125,0.4114114046096802,-1425.192138671875,-1425.192138671875,1133.9716796875,1147.552734375,1349.296875,1364.0,1364.0,208.7386474609375,-291.19219970703125,0.9564745426177979,0.9235493540763855,0.9683544039726257,0.3532958924770355,0.3532958924770355,0.0003229992580600083,0.8412766456604004,0.20562385022640228,0.002116171643137932
G33,589,7370.6904296875,0.41041040420532227,-1424.943603515625,-1424.943603515625,1134.9227294921875,1148.51220703125,1349.296875,1364.0,1364.0,208.05606079101562,-289.99261474609375,0.9566528797149658,0.9237698316574097,0.9685002565383911,0.35269710421562195,0.35269710421562195,0.0003233754832763225,0.8416816592216492,0.20478211343288422,0.0020914971828460693
G33,590,7383.201171875,0.40940940380096436,-1424.69287109375,-1424.69287109375,1135.86962890625,1149.467041015625,1349.296875,1364.0,1364.0,207.3777618408203,-288.79498291015625,0.9568299651145935,0.9239889979362488,0.9686450958251953,0.3520979881286621,0.3520979881286621,0.00032365479273721576,0.8420849442481995,0.2039460390806198,0.0020839963108301163
G33,591,7395.7119140625,0.40840840339660645,-1424.4398193359375,-1424.4398193359375,1136.8123779296875,1150.417236328125,1349.296875,1364.0,1364.0,206.7036590576172,-287.59954833984375,0.9570056796073914,0.924206554889679,0.968788743019104,0.35149824619293213,0.35149824619293213,0.0003240223159082234,0.8424865007400513,0.2031155675649643,0.0020891933236271143
G33,592,7408.22216796875,0.40740740299224854,-1424.184814453125,-1424.184814453125,1137.7509765625,1151.364013671875,1349.296875,1364.0,1364.0,206.0337677001953,-286.4059753417969,0.9571800827980042,0.9244228005409241,0.9689311981201172,0.35089820623397827,0.35089820623397827,0.00032427074620500207,0.842886209487915,0.20229066908359528,0.0021028388291597366
G33,593,7420.73291015625,0.4064064025878906,-1423.9276123046875,-1423.9276123046875,1138.685302734375,1152.305908203125,1349.296875,1364.0,1364.0,205.36801147460938,-285.21453857421875,0.9573532342910767,0.924637496471405,0.9690725803375244,0.3502976596355438,0.3502976596355438,0.00032462537637911737,0.8432842493057251,0.2014712691307068,0.0021209653932601213
G33,594,7433.2431640625,0.4054054021835327,-1423.668212890625,-1423.668212890625,1139.61572265625,1153.2440185546875,1349.296875,1364.0,1364.0,204.70635986328125,-284.0251159667969,0.9575251936912537,0.9248507618904114,0.9692128300666809,0.34969666600227356,0.34969666600227356,0.0003248709545005113,0.8436805605888367,0.20065733790397644,0.0021402158308774233
G33,595,7445.75390625,0.4044044017791748,-1423.406982421875,-1423.406982421875,1140.5419921875,1154.1787109375,1349.296875,1364.0,1364.0,204.0487823486328,-282.83770751953125,0.9576959013938904,0.9250625967979431,0.9693519473075867,0.34909528493881226,0.34909528493881226,0.00032523393747396767,0.844075083732605,0.19984880089759827,0.002159220864996314
G33,596,7458.26416015625,0.4034034013748169,-1423.1439208984375,-1423.1439208984375,1141.464111328125,1155.1070556640625,1349.296875,1364.0,1364.0,203.395263671875,-281.6524658203125,0.9578653573989868,0.9252729415893555,0.969490110874176,0.34849339723587036,0.34849339723587036,0.0003254952607676387,0.8444680571556091,0.19904561340808868,0.0021764421835541725
G33,597,7470.77490234375,0.402402400970459,-1422.878662109375,-1422.878662109375,1142.38232421875,1156.03515625,1349.296875,1364.0,1364.0,202.7457275390625,-280.4691162109375,0.9580336213111877,0.9254820346832275,0.9696270227432251,0.347891241312027,0.347891241312027,0.00032588496105745435,0.8448593020439148,0.1982477456331253,0.0021915396209806204
G33,598,7483.28515625,0.4014014005661011,-1422.611572265625,-1422.611572265625,1143.29638671875,1156.9542236328125,1349.296875,1364.0,1364.0,202.10015869140625,-279.28802490234375,0.9582006931304932,0.9256896376609802,0.9697629809379578,0.3472883999347687,0.3472883999347687,0.00032622195431031287,0.8452489376068115,0.19745509326457977,0.0022037564776837826
G33,599,7495.7958984375,0.40040040016174316,-1422.342529296875,-1422.342529296875,1144.206787109375,1157.874755859375,1349.296875,1364.0,1364.0,201.45852661132812,-278.10882568359375,0.9583665132522583,0.9258959293365479,0.9698978662490845,0.3466854691505432,0.3466854691505432,0.0003266538551542908,0.8456369042396545,0.19666768610477448,0.002211974700912833
G33,600,7508.30615234375,0.39939939975738525,-1422.0716552734375,-1422.0716552734375,1145.113037109375,1158.786376953125,1349.296875,1364.0,1364.0,200.82078552246094,-276.93194580078125,0.9585312008857727,0.9261009097099304,0.9700317978858948,0.34608179330825806,0.34608179330825806,0.00032709850347600877,0.8460234999656677,0.19588540494441986,0.002214112551882863
G33,601,7520.81689453125,0.39839839935302734,-1421.799072265625,-1421.799072265625,1146.015625,1159.69775390625,1349.296875,1364.0,1364.0,200.1868896484375,-275.7568664550781,0.9586947560310364,0.9263043999671936,0.9701646566390991,0.3454780578613281,0.3454780578613281,0.00032759548048488796,0.8464083671569824,0.19510823488235474,0.0022096994798630476
G33,602,7533.3271484375,0.39739739894866943,-1421.5245361328125,-1421.5245361328125,1146.9139404296875,1160.603271484375,1349.296875,1364.0,1364.0,199.5568389892578,-274.5841064453125,0.9588571190834045,0.9265066385269165,0.9702965021133423,0.3448736071586609,0.3448736071586609,0.0003281386161688715,0.8467918038368225,0.19433611631393433,0.00219948822632432
G33,603,7545.837890625,0.3963963985443115,-1421.248291015625,-1421.248291015625,1147.8087158203125,1161.5050048828125,1349.296875,1364.0,1364.0,198.93057250976562,-273.41326904296875,0.9590182304382324,0.9267075657844543,0.9704272747039795,0.34426894783973694,0.34426894783973694,0.000328692578477785,0.8471735119819641,0.19356903433799744,0.0021855002269148827
G33,604,7558.34814453125,0.3953953981399536,-1420.970458984375,-1420.970458984375,1148.699462890625,1162.4044189453125,1349.296875,1364.0,1364.0,198.30807495117188,-272.24468994140625,0.9591783285140991,0.9269063472747803,0.9705571532249451,0.34366369247436523,0.34366369247436523,0.00032930029556155205,0.8475538492202759,0.1928069144487381,0.0021690737921744585
G33,605,7570.85888671875,0.3943943977355957,-1420.690673828125,-1420.690673828125,1149.586669921875,1163.29736328125,1349.296875,1364.0,1364.0,197.68931579589844,-271.07806396484375,0.9593373537063599,0.9271016716957092,0.9706859588623047,0.34305816888809204,0.34305816888809204,0.0003298949159216136,0.8479326367378235,0.19204971194267273,0.002152503002434969
G33,606,7583.369140625,0.3933933973312378,-1420.409423828125,-1420.409423828125,1150.4698486328125,1164.189697265625,1349.296875,1364.0,1364.0,197.07423400878906,-269.91363525390625,0.9594951868057251,0.9272956848144531,0.9708139300346375,0.3424520194530487,0.3424520194530487,0.00033051849459297955,0.8483099937438965,0.19129739701747894,0.0021355191711336374
G33,607,7595.8798828125,0.3923923969268799,-1420.12646484375,-1420.12646484375,1151.349609375,1165.0751953125,1349.296875,1364.0,1364.0,196.46282958984375,-268.7510986328125,0.9596518874168396,0.9274885654449463,0.9709407687187195,0.34184566140174866,0.34184566140174866,0.00033112897654064,0.8486856818199158,0.19054995477199554,0.002117769094184041
G33,608,7608.39013671875,0.391391396522522,-1419.842041015625,-1419.842041015625,1152.225341796875,1165.959228515625,1349.296875,1364.0,1364.0,195.85504150390625,-267.59088134765625,0.9598075151443481,0.927680253982544,0.9710667729377747,0.3412386476993561,0.3412386476993561,0.0003317526716273278,0.8490599393844604,0.18980728089809418,0.002099419943988323
G33,609,7620.90087890625,0.39039039611816406,-1419.5557861328125,-1419.5557861328125,1153.09765625,1166.83837890625,1349.296875,1364.0,1364.0,195.2508544921875,-266.43255615234375,0.9599621891975403,0.9278705716133118,0.9711918234825134,0.340631365776062,0.340631365776062,0.00033234155853278935,0.8494324684143066,0.18906937539577484,0.0020809699781239033
G33,610,7633.4111328125,0.38938939571380615,-1419.26806640625,-1419.26806640625,1153.96630859375,1167.7138671875,1349.296875,1364.0,1364.0,194.65023803710938,-265.2764587402344,0.9601156711578369,0.9280596971511841,0.9713159799575806,0.3400234878063202,0.3400234878063202,0.0003329514293000102,0.849803626537323,0.18833617866039276,0.0020632308442145586
G33,611,7645.921875,0.38838839530944824,-1418.97900390625,-1418.97900390625,1154.8311767578125,1168.586669921875,1349.296875,1364.0,1364.0,194.05316162109375,-264.1223449707031,0.9602681994438171,0.9282476305961609,0.9714391231536865,0.33941537141799927,0.33941537141799927,0.00033349302248097956,0.8501731157302856,0.18760767579078674,0.002046292182058096
G33,612,7658.4326171875,0.38738739490509033,-1418.688232421875,-1418.688232421875,1155.692626953125,1169.4539794921875,1349.296875,1364.0,1364.0,193.4595947265625,-262.9704284667969,0.9604195356369019,0.9284343719482422,0.9715614318847656,0.3388065993785858,0.3388065993785858,0.00033411517506465316,0.8505412340164185,0.18688379228115082,0.002030962845310569
G33,613,7670.94287109375,0.3863863945007324,-1418.39599609375,-1418.39599609375,1156.5504150390625,1170.320068359375,1349.296875,1364.0,1364.0,192.8695068359375,-261.82049560546875,0.9605699181556702,0.928619921207428,0.9716828465461731,0.33819761872291565,0.33819761872291565,0.0003345217846799642,0.8509077429771423,0.1861645132303238,0.0020191743969917297
G33,614,7683.45361328125,0.3853853940963745,-1418.102294921875,-1418.102294921875,1157.4046630859375,1171.1798095703125,1349.296875,1364.0,1364.0,192.2828826904297,-260.6728210449219,0.9607193470001221,0.9288042783737183,0.9718034267425537,0.33758798241615295,0.33758798241615295,0.0003352080821059644,0.8512731194496155,0.18544979393482208,0.0020108872558921576
G33,615,7695.9638671875,0.3843843936920166,-1417.807373046875,-1417.807373046875,1158.2554931640625,1172.038818359375,1349.296875,1364.0,1364.0,191.6996612548828,-259.5270690917969,0.9608675837516785,0.928987443447113,0.9719229936599731,0.33697816729545593,0.33697816729545593,0.0003354627115186304,0.8516367673873901,0.18473957479000092,0.002007072791457176
G33,616,7708.474609375,0.3833833932876587,-1417.510986328125,-1417.510986328125,1159.1025390625,1172.8916015625,1349.296875,1364.0,1364.0,191.1198272705078,-258.3836669921875,0.9610149264335632,0.9291694760322571,0.972041666507721,0.3363676369190216,0.3363676369190216,0.00033615482971072197,0.851999044418335,0.1840338408946991,0.002006308874115348
G33,617,7720.98486328125,0.3823823928833008,-1417.213134765625,-1417.213134765625,1159.9464111328125,1173.7432861328125,1349.296875,1364.0,1364.0,190.54336547851562,-257.2420959472656,0.9611613154411316,0.9293497204780579,0.9721596240997314,0.33575692772865295,0.33575692772865295,0.0003363437717780471,0.8523597121238708,0.18333254754543304,0.0020090278703719378
G33,618,7733.49560546875,0.38138139247894287,-1416.9140625,-1416.9140625,1160.78662109375,1174.58935546875,1349.296875,1364.0,1364.0,189.97021484375,-256.1028747558594,0.9613066911697388,0.9295278787612915,0.9722766876220703,0.33514565229415894,0.33514565229415894,0.0003369449404999614,0.8527190089225769,0.18263563513755798,0.002013105433434248
G33,619,7746.005859375,0.38038039207458496,-1416.613525390625,-1416.613525390625,1161.62353515625,1175.43359375,1349.296875,1364.0,1364.0,189.400390625,-254.9656524658203,0.9614510536193848,0.9297048449516296,0.9723929166793823,0.33453401923179626,0.33453401923179626,0.0003371786151546985,0.853076696395874,0.18194308876991272,0.0020183641463518143
G33,620,7758.5166015625,0.37937939167022705,-1416.3118896484375,-1416.3118896484375,1162.45703125,1176.273193359375,1349.296875,1364.0,1364.0,188.83384704589844,-253.83059692382812,0.9615944623947144,0.929880678653717,0.9725082516670227,0.3339219391345978,0.3339219391345978,0.0003376181412022561,0.8534330129623413,0.18125486373901367,0.0020226354245096445
G33,621,7771.02685546875,0.37837839126586914,-1416.0089111328125,-1416.0089111328125,1163.2869873046875,1177.110107421875,1349.296875,1364.0,1364.0,188.2705535888672,-252.69769287109375,0.9617368578910828,0.9300554394721985,0.972622811794281,0.3333094120025635,0.3333094120025635,0.00033794535556808114,0.853787899017334,0.18057091534137726,0.00202563451603055
G33,622,7783.53759765625,0.37737739086151123,-1415.7047119140625,-1415.7047119140625,1164.11376953125,1177.9432373046875,1349.296875,1364.0,1364.0,187.71047973632812,-251.56686401367188,0.9618783593177795,0.930229127407074,0.9727364778518677,0.33269649744033813,0.33269649744033813,0.0003382632858119905,0.8541411757469177,0.17989122867584229,0.002026428934186697
G33,623,7796.0478515625,0.3763763904571533,-1415.399169921875,-1415.399169921875,1164.93701171875,1178.77294921875,1349.296875,1364.0,1364.0,187.15359497070312,-250.43820190429688,0.9620189666748047,0.9304017424583435,0.972849428653717,0.33208319544792175,0.33208319544792175,0.00033865406294353306,0.8544930815696716,0.17921572923660278,0.0020260328892618418
G33,624,7808.55859375,0.3753753900527954,-1415.0926513671875,-1415.0926513671875,1165.7569580078125,1179.5994873046875,1349.296875,1364.0,1364.0,186.59988403320312,-249.31170654296875,0.9621585607528687,0.9305728673934937,0.9729615449905396,0.33146926760673523,0.33146926760673523,0.0003389133489690721,0.8548435568809509,0.17854441702365875,0.002025358844548464
G33,625,7821.06884765625,0.3743743896484375,-1414.784912109375,-1414.784912109375,1166.5738525390625,1180.4228515625,1349.296875,1364.0,1364.0,186.04931640625,-248.18719482421875,0.962297260761261,0.9307425022125244,0.9730728268623352,0.33085525035858154,0.33085525035858154,0.0003393419028725475,0.8551924228668213,0.17787723243236542,0.0020255749113857746
G33,626,7833.57958984375,0.3733733892440796,-1414.475830078125,-1414.475830078125,1167.3870849609375,1181.241943359375,1349.296875,1364.0,1364.0,185.50189208984375,-247.06507873535156,0.9624350666999817,0.9309110641479492,0.9731833338737488,0.3302404284477234,0.3302404284477234,0.00033962001907639205,0.8555400967597961,0.1772141307592392,0.002027116948738694
G33,627,7846.08984375,0.3723723888397217,-1414.1658935546875,-1414.1658935546875,1168.197509765625,1182.05908203125,1349.296875,1364.0,1364.0,184.95751953125,-245.94482421875,0.962571918964386,0.9310786724090576,0.973293125629425,0.32962551712989807,0.32962551712989807,0.00034006632631644607,0.8558862805366516,0.1765551120042801,0.002030742121860385
G33,628,7858.6005859375,0.37137138843536377,-1413.854736328125,-1413.854736328125,1169.0042724609375,1182.87158203125,1349.296875,1364.0,1364.0,184.41622924804688,-244.82693481445312,0.9627078771591187,0.9312451481819153,0.9734020829200745,0.3290099501609802,0.3290099501609802,0.0003404082090128213,0.8562312126159668,0.17590010166168213,0.0020367882680147886
G33,629,7871.11083984375,0.37037038803100586,-1413.54248046875,-1413.54248046875,1169.807861328125,1183.6820068359375,1349.296875,1364.0,1364.0,183.87799072265625,-243.71112060546875,0.9628429412841797,0.9314106106758118,0.9735103249549866,0.32839399576187134,0.32839399576187134,0.0003409121127333492,0.8565748929977417,0.1752490997314453,0.0020420344080775976
G33,630,7883.62158203125,0.36936938762664795,-1413.229248046875,-1413.229248046875,1170.608642578125,1184.488525390625,1349.296875,1364.0,1364.0,183.34275817871094,-242.5973663330078,0.9629771709442139,0.9315750598907471,0.9736177921295166,0.3277779221534729,0.3277779221534729,0.0003413400845602155,0.8569170236587524,0.17460203170776367,0.002045638160780072
G33,631,7896.13232421875,0.36836838722229004,-1412.9149169921875,-1412.9149169921875,1171.40576171875,1185.291259765625,1349.296875,1364.0,1364.0,182.81051635742188,-241.48602294921875,0.9631105065345764,0.931738555431366,0.9737246036529541,0.32716095447540283,0.32716095447540283,0.00034191086888313293,0.8572580218315125,0.17395886778831482,0.0020432258024811745
G33,632,7908.642578125,0.36736738681793213,-1412.599609375,-1412.599609375,1172.199951171875,1186.0926513671875,1349.296875,1364.0,1364.0,182.28125,-240.3765106201172,0.9632429480552673,0.9319009780883789,0.97383052110672,0.32654404640197754,0.32654404640197754,0.00034245720598846674,0.8575975298881531,0.17331962287425995,0.002034964272752404
G33,633,7921.1533203125,0.3663663864135742,-1412.283203125,-1412.283203125,1172.99072265625,1186.887939453125,1349.296875,1364.0,1364.0,181.75494384765625,-239.26950073242188,0.9633745551109314,0.9320623874664307,0.9739357829093933,0.32592642307281494,0.32592642307281494,0.0003430641954764724,0.8579358458518982,0.1726841926574707,0.0020212787203490734
G33,634,7933.66357421875,0.3653653860092163,-1411.9658203125,-1411.9658203125,1173.778564453125,1187.68359375,1349.296875,1364.0,1364.0,181.23153686523438,-238.16445922851562,0.9635052680969238,0.932222843170166,0.9740403890609741,0.3253084123134613,0.3253084123134613,0.0003436867264099419,0.8582727909088135,0.17205259203910828,0.0020071263425052166
G33,635,7946.17431640625,0.3643643856048584,-1411.647705078125,-1411.647705078125,1174.563232421875,1188.472412109375,1349.296875,1364.0,1364.0,180.71102905273438,-237.06161499023438,0.9636353254318237,0.9323822855949402,0.9741442203521729,0.3246902525424957,0.3246902525424957,0.00034434153349138796,0.8586084842681885,0.1714247763156891,0.0019942731596529484
G33,636,7958.6845703125,0.3633633852005005,-1411.3284912109375,-1411.3284912109375,1175.3447265625,1189.26123046875,1349.296875,1364.0,1364.0,180.19338989257812,-235.96109008789062,0.9637643098831177,0.932540774345398,0.9742472767829895,0.3240712881088257,0.3240712881088257,0.00034494412830099463,0.8589430451393127,0.17080070078372955,0.001987393945455551
G33,637,7971.1953125,0.3623623847961426,-1411.0084228515625,-1411.0084228515625,1176.1234130859375,1190.045166015625,1349.296875,1364.0,1364.0,179.67861938476562,-234.8624725341797,0.9638926386833191,0.9326983690261841,0.9743496775627136,0.3234524130821228,0.3234524130821228,0.0003456231497693807,0.8592761754989624,0.17018035054206848,0.0019859278108924627
G33,638,7983.70556640625,0.36136138439178467,-1410.6875,-1410.6875,1176.898681640625,1190.8258056640625,1349.296875,1364.0,1364.0,179.16665649414062,-233.76641845703125,0.9640200734138489,0.9328548908233643,0.9744514226913452,0.3228325843811035,0.3228325843811035,0.0003462218155618757,0.8596081137657166,0.1695636659860611,0.001990952529013157
G33,639,7996.21630859375,0.36036038398742676,-1410.3656005859375,-1410.3656005859375,1177.671142578125,1191.605224609375,1349.296875,1364.0,1364.0,178.65750122070312,-232.67214965820312,0.9641467332839966,0.9330105185508728,0.9745523929595947,0.32221293449401855,0.32221293449401855,0.0003468570939730853,0.8599388599395752,0.16895067691802979,0.0019995272159576416
G33,640,8008.7265625,0.35935938358306885,-1410.04296875,-1410.04296875,1178.440185546875,1192.378662109375,1349.296875,1364.0,1364.0,178.15115356445312,-231.58047485351562,0.9642724990844727,0.9331652522087097,0.9746527075767517,0.3215924799442291,0.3215924799442291,0.00034751452039927244,0.8602684140205383,0.168341264128685,0.0020075098145753145
G33,641,8021.2373046875,0.35835838317871094,-1409.7193603515625,-1409.7193603515625,1179.20654296875,1193.152099609375,1349.296875,1364.0,1364.0,177.64755249023438,-230.49072265625,0.9643974900245667,0.9333189129829407,0.9747523665428162,0.32097184658050537,0.32097184658050537,0.00034810855868272483,0.8605967164039612,0.16773545742034912,0.002011675853282213
G33,642,8033.74755859375,0.357357382774353,-1409.39501953125,-1409.39501953125,1179.9697265625,1193.92041015625,1349.296875,1364.0,1364.0,177.1466827392578,-229.4033203125,0.9645217657089233,0.9334716796875,0.9748514294624329,0.32035088539123535,0.32035088539123535,0.00034885527566075325,0.8609238266944885,0.16713321208953857,0.0020107978489249945
G33,643,8046.25830078125,0.3563563823699951,-1409.0699462890625,-1409.0699462890625,1180.729736328125,1194.686279296875,1349.296875,1364.0,1364.0,176.64852905273438,-228.31814575195312,0.9646452069282532,0.9336236119270325,0.9749497175216675,0.3197293281555176,0.3197293281555176,0.0003494591801427305,0.8612497448921204,0.16653449833393097,0.002005314687266946
G33,644,8058.7685546875,0.3553553819656372,-1408.744140625,-1408.744140625,1181.487060546875,1195.449951171875,1349.296875,1364.0,1364.0,176.15309143066406,-227.23504638671875,0.9647678732872009,0.9337745904922485,0.9750474095344543,0.3191075921058655,0.3191075921058655,0.000350200425600633,0.8615744113922119,0.16593928635120392,0.001997009851038456
G33,645,8071.279296875,0.3543543815612793,-1408.41748046875,-1408.41748046875,1182.2413330078125,1196.2086181640625,1349.296875,1364.0,1364.0,175.66030883789062,-226.15432739257812,0.9648898243904114,0.9339246153831482,0.9751444458961487,0.318485289812088,0.318485289812088,0.0003509115194901824,0.8618977665901184,0.16534756124019623,0.0019886314403265715
G33,646,8083.78955078125,0.3533533811569214,-1408.090087890625,-1408.090087890625,1182.9927978515625,1196.967041015625,1349.296875,1364.0,1364.0,175.17018127441406,-225.07568359375,0.9650108814239502,0.9340738654136658,0.9752408266067505,0.31786268949508667,0.31786268949508667,0.0003515583521220833,0.8622199892997742,0.1647592931985855,0.001982955727726221
G33,647,8096.30029296875,0.3523523807525635,-1407.761962890625,-1407.761962890625,1183.7412109375,1197.7197265625,1349.296875,1364.0,1364.0,174.68270874023438,-223.99932861328125,0.9651312828063965,0.9342221021652222,0.9753366112709045,0.31723955273628235,0.31723955273628235,0.0003523395280353725,0.8625409603118896,0.16417443752288818,0.0019799352157860994
G33,648,8108.810546875,0.35135138034820557,-1407.433349609375,-1407.433349609375,1184.48681640625,1198.4716796875,1349.296875,1364.0,1364.0,174.19784545898438,-222.92507934570312,0.9652509689331055,0.934368371963501,0.9754317998886108,0.31661614775657654,0.31661614775657654,0.0003529333043843508,0.8628606200218201,0.16359300911426544,0.001980777597054839
G33,649,8121.3212890625,0.35035037994384766,-1407.103759765625,-1407.103759765625,1185.2293701171875,1199.219482421875,1349.296875,1364.0,1364.0,173.71556091308594,-221.8531494140625,0.9653698205947876,0.9345123171806335,0.9755262732505798,0.315992146730423,0.315992146730423,0.0003537061274982989,0.8631792068481445,0.1630149483680725,0.001982426270842552
G33,650,8133.83203125,0.34934937953948975,-1406.7738037109375,-1406.7738037109375,1185.96923828125,1199.9647216796875,1349.296875,1364.0,1364.0,173.23585510253906,-220.78330993652344,0.9654879570007324,0.934655487537384,0.9756213426589966,0.3153679072856903,0.3153679072856903,0.00035428738920018077,0.8634963035583496,0.1624402403831482,0.0019843271002173424
G33,651,8146.34228515625,0.34834837913513184,-1406.443115234375,-1406.443115234375,1186.7060546875,1200.707275390625,1349.296875,1364.0,1364.0,172.75869750976562,-219.71578979492188,0.9656053781509399,0.9347978830337524,0.9757165908813477,0.3147430717945099,0.3147430717945099,0.0003550034889485687,0.8638125061988831,0.1618688404560089,0.001983869122341275
G33,652,8158.85302734375,0.3473473787307739,-1406.11181640625,-1406.11181640625,1187.4403076171875,1201.4466552734375,1349.296875,1364.0,1364.0,172.28408813476562,-218.65032958984375,0.9657220840454102,0.9349393844604492,0.975811243057251,0.31411799788475037,0.31411799788475037,0.0003556252922862768,0.8641270995140076,0.16130076348781586,0.0019811757374554873
G33,653,8171.36328125,0.346346378326416,-1405.77978515625,-1405.77978515625,1188.171630859375,1202.182861328125,1349.296875,1364.0,1364.0,171.81199645996094,-217.5872344970703,0.9658381342887878,0.9350799918174744,0.9759052395820618,0.3134923279285431,0.3134923279285431,0.00035628105979412794,0.8644407391548157,0.16073594987392426,0.0019767608027905226
G33,654,8183.8740234375,0.3453453779220581,-1405.447265625,-1405.447265625,1188.900146484375,1202.9176025390625,1349.296875,1364.0,1364.0,171.34237670898438,-216.52621459960938,0.9659534096717834,0.9352198839187622,0.97599858045578,0.3128664195537567,0.3128664195537567,0.00035691788070835173,0.8647528886795044,0.1601743847131729,0.0019727207254618406
G33,655,8196.384765625,0.3443443775177002,-1405.1141357421875,-1405.1141357421875,1189.625732421875,1203.64697265625,1349.296875,1364.0,1364.0,170.875244140625,-215.4675750732422,0.966067910194397,0.9353587627410889,0.976091206073761,0.3122398853302002,0.3122398853302002,0.00035754014970734715,0.8650640845298767,0.15961603820323944,0.001969837350770831
G33,656,8208.89453125,0.3433433771133423,-1404.780517578125,-1404.780517578125,1190.3486328125,1204.376708984375,1349.296875,1364.0,1364.0,170.41058349609375,-214.4109649658203,0.9661818146705627,0.935496985912323,0.9761833548545837,0.3116132616996765,0.3116132616996765,0.00035818363539874554,0.8653736710548401,0.15906089544296265,0.001968370983377099
G33,657,8221.4052734375,0.3423423767089844,-1404.4462890625,-1404.4462890625,1191.06884765625,1205.1005859375,1349.296875,1364.0,1364.0,169.94833374023438,-213.35682678222656,0.9662949442863464,0.9356343746185303,0.9762749075889587,0.31098589301109314,0.31098589301109314,0.0003587445244193077,0.8656823039054871,0.15850891172885895,0.001968143507838249
G33,658,8233.916015625,0.34134137630462646,-1404.111572265625,-1404.111572265625,1191.786376953125,1205.823974609375,1349.296875,1364.0,1364.0,169.488525390625,-212.3046875,0.9664074778556824,0.9357709288597107,0.9763658046722412,0.3103584051132202,0.3103584051132202,0.0003594255540519953,0.8659896850585938,0.15796008706092834,0.001969169592484832
G33,659,8246.4267578125,0.34034037590026855,-1403.7763671875,-1403.7763671875,1192.5008544921875,1206.543212890625,1349.296875,1364.0,1364.0,169.03111267089844,-211.25498962402344,0.966519296169281,0.9359066486358643,0.9764561653137207,0.3097303509712219,0.3097303509712219,0.00035987485898658633,0.8662956953048706,0.15741434693336487,0.001970317680388689
G33,660,8258.9365234375,0.33933937549591064,-1403.4405517578125,-1403.4405517578125,1193.212890625,1207.260498046875,1349.296875,1364.0,1364.0,168.57608032226562,-210.2073974609375,0.9666303992271423,0.9360415935516357,0.9765459895133972,0.30910202860832214,0.30910202860832214,0.000360599544364959,0.8666006326675415,0.1568717360496521,0.001970514887943864
G33,661,8271.447265625,0.33833837509155273,-1403.1044921875,-1403.1044921875,1193.921875,1207.97412109375,1349.296875,1364.0,1364.0,168.12342834472656,-209.1621551513672,0.9667409062385559,0.9361758232116699,0.9766350984573364,0.3084731698036194,0.3084731698036194,0.0003609820851124823,0.8669043183326721,0.15633217990398407,0.0019684969447553158
G33,662,8283.9580078125,0.3373373746871948,-1402.7677001953125,-1402.7677001953125,1194.62841796875,1208.686279296875,1349.296875,1364.0,1364.0,167.67311096191406,-208.11904907226562,0.9668506979942322,0.9363091588020325,0.9767236709594727,0.3078441023826599,0.3078441023826599,0.0003616392787080258,0.8672068119049072,0.15579567849636078,0.0019635327626019716
G33,663,8296.46875,0.3363363742828369,-1402.4306640625,-1402.4306640625,1195.3321533203125,1209.3941650390625,1349.296875,1364.0,1364.0,167.22512817382812,-207.07833862304688,0.9669597744941711,0.9364417791366577,0.9768117070198059,0.3072143495082855,0.3072143495082855,0.00036207487573847175,0.8675081729888916,0.15526217222213745,0.0019561757799237967
G33,664,8308.978515625,0.335335373878479,-1402.093017578125,-1402.093017578125,1196.033447265625,1210.1009521484375,1349.296875,1364.0,1364.0,166.77944946289062,-206.03964233398438,0.9670682549476624,0.9365735054016113,0.9768990874290466,0.30658453702926636,0.30658453702926636,0.00036258617183193564,0.8678082227706909,0.15473167598247528,0.0019473392749205232
G33,665,8321.4892578125,0.3343343734741211,-1401.755126953125,-1401.755126953125,1196.731689453125,1210.803466796875,1349.296875,1364.0,1364.0,166.33607482910156,-205.00347900390625,0.9671761989593506,0.9367046356201172,0.9769859910011292,0.3059539496898651,0.3059539496898651,0.00036307956906966865,0.8681073188781738,0.15420414507389069,0.0019372414099052548
G33,666,8334.0,0.3333333134651184,-1401.416748046875,-1401.416748046875,1197.4276123046875,1211.504638671875,1349.296875,1364.0,1364.0,165.89498901367188,-203.9692840576172,0.9672833681106567,0.9368348717689514,0.9770723581314087,0.3053232431411743,0.3053232431411743,0.0003635035827755928,0.8684054017066956,0.15367956459522247,0.0019265272421762347
G33,667,8346.5107421875,0.3323323130607605,-1401.078125,-1401.078125,1198.1207275390625,1212.202392578125,1349.296875,1364.0,1364.0,165.45614624023438,-202.9375457763672,0.9673899412155151,0.9369644522666931,0.9771580696105957,0.30469197034835815,0.30469197034835815,0.00036391857429407537,0.8687023520469666,0.15315790474414825,0.0019158771028742194
G33,668,8359.0205078125,0.3313313126564026,-1400.739013671875,-1400.739013671875,1198.811279296875,1212.8975830078125,1349.296875,1364.0,1364.0,165.01954650878906,-201.90797424316406,0.9674959182739258,0.937093198299408,0.9772433638572693,0.3040603697299957,0.3040603697299957,0.0003643847885541618,0.8689981698989868,0.15263915061950684,0.0019065600354224443
G33,669,8371.53125,0.3303303122520447,-1400.3995361328125,-1400.3995361328125,1199.499267578125,1213.5904541015625,1349.296875,1364.0,1364.0,164.58518981933594,-200.8807373046875,0.9676011204719543,0.9372212290763855,0.9773280620574951,0.3034283220767975,0.3034283220767975,0.0003646124678198248,0.8692928552627563,0.15212327241897583,0.0018987662624567747
G33,670,8384.0419921875,0.32932931184768677,-1400.059814453125,-1400.059814453125,1200.1845703125,1214.2799072265625,1349.296875,1364.0,1364.0,164.15304565429688,-199.85568237304688,0.9677058458328247,0.937348484992981,0.977412223815918,0.3027959167957306,0.3027959167957306,0.0003651060105767101,0.8695863485336304,0.15161024034023285,0.001892262022010982
G33,671,8396.552734375,0.32832831144332886,-1399.7197265625,-1399.7197265625,1200.8671875,1214.9677734375,1349.296875,1364.0,1364.0,163.72308349609375,-198.83294677734375,0.9678098559379578,0.9374750256538391,0.9774959087371826,0.30216309428215027,0.30216309428215027,0.0003652161394711584,0.8698787689208984,0.1511000543832779,0.0018869255436584353
G33,672,8409.0634765625,0.32732731103897095,-1399.3792724609375,-1399.3792724609375,1201.54736328125,1215.6519775390625,1349.296875,1364.0,1364.0,163.29531860351562,-197.81246948242188,0.9679133296012878,0.9376007318496704,0.9775789380073547,0.3015298545360565,0.3015298545360565,0.0003655694890767336,0.8701699376106262,0.15059268474578857,0.0018826958257704973
G33,673,8421.5732421875,0.32632631063461304,-1399.03857421875,-1399.03857421875,1202.224853515625,1216.33447265625,1349.296875,1364.0,1364.0,162.86968994140625,-196.79425048828125,0.9680161476135254,0.9377257823944092,0.9776615500450134,0.3008962571620941,0.3008962571620941,0.00036570706288330257,0.8704601526260376,0.1500881016254425,0.0018801046535372734
G33,674,8434.083984375,0.3253253102302551,-1398.697509765625,-1398.697509765625,1202.9000244140625,1217.013671875,1349.296875,1364.0,1364.0,162.44622802734375,-195.7783203125,0.96811842918396,0.9378502368927002,0.9777436256408691,0.3002621531486511,0.3002621531486511,0.00036579466541297734,0.8707491159439087,0.1495862901210785,0.0018797846278175712
G33,675,8446.5947265625,0.3243243098258972,-1398.3563232421875,-1398.3563232421875,1203.5723876953125,1217.69091796875,1349.296875,1364.0,1364.0,162.02490234375,-194.7646484375,0.9682201147079468,0.9379737973213196,0.9778252243995667,0.29962781071662903,0.29962781071662903,0.00036598529550246894,0.8710370063781738,0.14908720552921295,0.0018821503035724163
G33,676,8459.10546875,0.3233233094215393,-1398.014892578125,-1398.014892578125,1204.242431640625,1218.3651123046875,1349.296875,1364.0,1364.0,161.60568237304688,-193.75331115722656,0.9683212041854858,0.9380967020988464,0.9779062867164612,0.29899293184280396,0.29899293184280396,0.0003658720524981618,0.8713239431381226,0.14859086275100708,0.0018866111058741808
G33,677,8471.615234375,0.3223223090171814,-1397.673095703125,-1397.673095703125,1204.909912109375,1219.036865234375,1349.296875,1364.0,1364.0,161.18856811523438,-192.74417114257812,0.9684216976165771,0.9382189512252808,0.977986752986908,0.2983578145503998,0.2983578145503998,0.00036598005681298673,0.8716094493865967,0.1480972319841385,0.0018931209342554212
G33,678,8484.1259765625,0.3213213086128235,-1397.3310546875,-1397.3310546875,1205.57470703125,1219.706298828125,1349.296875,1364.0,1364.0,160.77352905273438,-191.7374267578125,0.9685215353965759,0.9383403658866882,0.9780668020248413,0.29772210121154785,0.29772210121154785,0.0003658194618765265,0.8718940615653992,0.1476062834262848,0.0019020640756934881
G33,679,8496.63671875,0.3203203082084656,-1396.98876953125,-1396.98876953125,1206.2371826171875,1220.372802734375,1349.296875,1364.0,1364.0,160.360595703125,-190.73284912109375,0.9686208963394165,0.938461184501648,0.9781481027603149,0.2970861792564392,0.2970861792564392,0.0003657094493974,0.8721775412559509,0.1471180021762848,0.0019136123592033982
G33,680,8509.1474609375,0.31931930780410767,-1396.646484375,-1396.646484375,1206.89697265625,1221.037109375,1349.296875,1364.0,1364.0,159.94967651367188,-189.73068237304688,0.9687196612358093,0.9385812282562256,0.9782304763793945,0.2964497208595276,0.2964497208595276,0.0003655691398307681,0.8724601864814758,0.1466323435306549,0.0019262582063674927
G33,681,8521.6572265625,0.31831830739974976,-1396.303955078125,-1396.303955078125,1207.554443359375,1221.698486328125,1349.296875,1364.0,1364.0,159.54083251953125,-188.730712890625,0.9688177704811096,0.9387006163597107,0.9783123731613159,0.2958129346370697,0.2958129346370697,0.0003652482118923217,0.8727415204048157,0.14614933729171753,0.0019383286125957966
G33,682,8534.16796875,0.31731730699539185,-1395.961181640625,-1395.961181640625,1208.2093505859375,1222.35791015625,1349.296875,1364.0,1364.0,159.1339874267578,-187.73312377929688,0.9689154624938965,0.9388193488121033,0.9783937335014343,0.2951757311820984,0.2951757311820984,0.00036504591116681695,0.8730217814445496,0.1456689089536667,0.0019479255424812436
G33,683,8546.6787109375,0.31631630659103394,-1395.6181640625,-1395.6181640625,1208.86181640625,1223.014404296875,1349.296875,1364.0,1364.0,158.7291717529297,-186.73779296875,0.9690124988555908,0.9389373660087585,0.9784745573997498,0.29453811049461365,0.29453811049461365,0.0003646788827609271,0.8733010292053223,0.14519107341766357,0.001954004867002368
G33,684,8559.189453125,0.315315306186676,-1395.2752685546875,-1395.2752685546875,1209.511962890625,1223.668701171875,1349.296875,1364.0,1364.0,158.32635498046875,-185.7447509765625,0.9691089987754822,0.9390546679496765,0.9785547852516174,0.29390019178390503,0.29390019178390503,0.0003643100499175489,0.8735790252685547,0.144715815782547,0.0019557334017008543
G33,685,8571.69921875,0.3143143057823181,-1394.931884765625,-1394.931884765625,1210.1595458984375,1224.3201904296875,1349.296875,1364.0,1364.0,157.92550659179688,-184.75405883789062,0.9692049622535706,0.939171314239502,0.9786345958709717,0.29326170682907104,0.29326170682907104,0.0003640509967226535,0.873856246471405,0.14424307644367218,0.001952243153937161
G33,686,8584.2099609375,0.3133133053779602,-1394.588623046875,-1394.588623046875,1210.8046875,1224.9697265625,1349.296875,1364.0,1364.0,157.52664184570312,-183.76556396484375,0.969300389289856,0.9392873644828796,0.9787138104438782,0.29262298345565796,0.29262298345565796,0.0003635486646089703,0.8741320967674255,0.1437728852033615,0.0019440250471234322
G33,687,8596.720703125,0.3123123049736023,-1394.2451171875,-1394.2451171875,1211.4473876953125,1225.6158447265625,1349.296875,1364.0,1364.0,157.12973022460938,-182.7794952392578,0.9693952202796936,0.9394026398658752,0.9787926077842712,0.2919836640357971,0.2919836640357971,0.0003634162130765617,0.874407172203064,0.14330518245697021,0.0019323945743963122
G33,688,8609.2314453125,0.3113113045692444,-1393.901611328125,-1393.901611328125,1212.0877685546875,1226.2608642578125,1349.296875,1364.0,1364.0,156.73475646972656,-181.79562377929688,0.969489574432373,0.9395173192024231,0.9788708686828613,0.29134413599967957,0.29134413599967957,0.00036293306038714945,0.8746809363365173,0.1428399682044983,0.0019192295148968697
G33,689,8621.7412109375,0.3103103041648865,-1393.557861328125,-1393.557861328125,1212.7255859375,1226.9019775390625,1349.296875,1364.0,1364.0,156.34170532226562,-180.81417846679688,0.9695833921432495,0.9396312832832336,0.9789486527442932,0.29070404171943665,0.29070404171943665,0.00036285555688664317,0.8749539256095886,0.14237722754478455,0.0019064536318182945
G33,690,8634.251953125,0.30930930376052856,-1393.2142333984375,-1393.2142333984375,1213.3612060546875,1227.5419921875,1349.296875,1364.0,1364.0,155.95059204101562,-179.8349151611328,0.969676673412323,0.9397446513175964,0.9790260195732117,0.2900637686252594,0.2900637686252594,0.0003625346580520272,0.8752257227897644,0.1419169306755066,0.0018957185093313456
G33,691,8646.7626953125,0.30830830335617065,-1392.870361328125,-1392.870361328125,1213.9942626953125,1228.1783447265625,1349.296875,1364.0,1364.0,155.56137084960938,-178.85813903808594,0.9697694182395935,0.9398573040962219,0.9791027903556824,0.2894228994846344,0.2894228994846344,0.00036247732350602746,0.8754966259002686,0.14145904779434204,0.0018872260116040707
G33,692,8659.2734375,0.30730730295181274,-1392.5263671875,-1392.5263671875,1214.625,1228.813232421875,1349.296875,1364.0,1364.0,155.1740264892578,-177.88352966308594,0.969861626625061,0.9399693608283997,0.9791791439056396,0.28878194093704224,0.28878194093704224,0.0003623324737418443,0.8757665157318115,0.1410035938024521,0.0018782016122713685
G33,693,8671.7841796875,0.30630630254745483,-1392.1824951171875,-1392.1824951171875,1215.253173828125,1229.445068359375,1349.296875,1364.0,1364.0,154.78857421875,-176.91143798828125,0.9699534177780151,0.9400808215141296,0.9792550206184387,0.28814029693603516,0.28814029693603516,0.0003623529919423163,0.8760354518890381,0.14055050909519196,0.001864913385361433
G33,694,8684.2939453125,0.3053053021430969,-1391.8385009765625,-1391.8385009765625,1215.879150390625,1230.0751953125,1349.296875,1364.0,1364.0,154.40496826171875,-175.9415283203125,0.9700445532798767,0.9401915669441223,0.9793304800987244,0.2874985635280609,0.2874985635280609,0.0003622742951847613,0.8763033747673035,0.14009980857372284,0.0018453325610607862
G33,695,8696.8046875,0.304304301738739,-1391.4945068359375,-1391.4945068359375,1216.502685546875,1230.7021484375,1349.296875,1364.0,1364.0,154.02322387695312,-174.97409057617188,0.9701352715492249,0.9403016567230225,0.9794053435325623,0.2868562936782837,0.2868562936782837,0.00036243212525732815,0.8765706419944763,0.13965143263339996,0.0018208069959655404
G33,696,8709.3154296875,0.3033033013343811,-1391.1505126953125,-1391.1505126953125,1217.1239013671875,1231.327392578125,1349.296875,1364.0,1364.0,153.643310546875,-174.00892639160156,0.9702255129814148,0.9404110908508301,0.9794798493385315,0.2862137258052826,0.2862137258052826,0.0003623596567194909,0.8768371939659119,0.13920539617538452,0.0017940968973562121
G33,697,8721.826171875,0.3023023009300232,-1390.806396484375,-1390.806396484375,1217.74267578125,1231.9498291015625,1349.296875,1364.0,1364.0,153.26522827148438,-173.046142578125,0.970315158367157,0.9405199885368347,0.9795538187026978,0.2855706810951233,0.2855706810951233,0.0003626276447903365,0.8771029114723206,0.13876168429851532,0.001768766320310533
G33,698,8734.3359375,0.3013013005256653,-1390.46240234375,-1390.46240234375,1218.359375,1232.5699462890625,1349.296875,1364.0,1364.0,152.88894653320312,-172.08563232421875,0.970404326915741,0.9406282305717468,0.9796273708343506,0.2849273681640625,0.2849273681640625,0.0003625981917139143,0.877367377281189,0.13832028210163116,0.0017479201778769493
G33,699,8746.8466796875,0.3003003001213074,-1390.118408203125,-1390.118408203125,1218.973388671875,1233.188232421875,1349.296875,1364.0,1364.0,152.51446533203125,-171.1275634765625,0.9704930782318115,0.9407358169555664,0.97970050573349,0.28428342938423157,0.28428342938423157,0.0003629112325143069,0.8776310682296753,0.13788112998008728,0.001733062439598143
G33,700,8759.357421875,0.29929929971694946,-1389.7744140625,-1389.7744140625,1219.58544921875,1233.80322265625,1349.296875,1364.0,1364.0,152.1417694091797,-170.17166137695312,0.9705812335014343,0.9408429265022278,0.9797731637954712,0.2836393713951111,0.2836393713951111,0.0003630018327385187,0.8778936862945557,0.13744427263736725,0.001723102293908596
G33,701,8771.8681640625,0.29829829931259155,-1389.4305419921875,-1389.4305419921875,1220.1949462890625,1234.416748046875,1349.296875,1364.0,1364.0,151.77084350585938,-169.21826171875,0.9706689715385437,0.9409492611885071,0.9798454642295837,0.28299468755722046,0.28299468755722046,0.00036331344745121896,0.8781552910804749,0.1370096653699875,0.0017176594119518995
G33,702,8784.3779296875,0.29729729890823364,-1389.086669921875,-1389.086669921875,1220.80224609375,1235.0272216796875,1349.296875,1364.0,1364.0,151.40170288085938,-168.26708984375,0.9707562923431396,0.9410550594329834,0.9799172282218933,0.28234952688217163,0.28234952688217163,0.0003635395842138678,0.8784160614013672,0.1365772932767868,0.0017118708929046988
G33,703,8796.888671875,0.29629629850387573,-1388.7427978515625,-1388.7427978515625,1221.407470703125,1235.636474609375,1349.296875,1364.0,1364.0,151.03428649902344,-167.3182373046875,0.9708430767059326,0.9411602020263672,0.9799885749816895,0.281704306602478,0.281704306602478,0.0003638531197793782,0.8786756992340088,0.136147141456604,0.001707377377897501
G33,704,8809.3994140625,0.2952952980995178,-1388.39892578125,-1388.39892578125,1222.010009765625,1236.24169921875,1349.296875,1364.0,1364.0,150.6686248779297,-166.3719024658203,0.9709293842315674,0.9412647485733032,0.9800595641136169,0.2810581624507904,0.2810581624507904,0.0003642088267952204,0.8789344429969788,0.1357191950082779,0.0017040572129189968
G33,705,8821.91015625,0.2942942976951599,-1388.055419921875,-1388.055419921875,1222.610595703125,1236.8468017578125,1349.296875,1364.0,1364.0,150.3046875,-165.4276123046875,0.9710151553153992,0.941368818283081,0.9801299571990967,0.28041213750839233,0.28041213750839233,0.00036452020867727697,0.8791921734809875,0.13529345393180847,0.0016997808124870062
G33,706,8834.419921875,0.293293297290802,-1387.7117919921875,-1387.7117919921875,1223.208740234375,1237.447021484375,1349.296875,1364.0,1364.0,149.9424591064453,-164.4859619140625,0.9711005687713623,0.9414721131324768,0.9802000522613525,0.27976521849632263,0.27976521849632263,0.00036495280801318586,0.8794490098953247,0.13486987352371216,0.0016967838164418936
G33,707,8846.9306640625,0.2922922968864441,-1387.3681640625,-1387.3681640625,1223.804931640625,1238.0478515625,1349.296875,1364.0,1364.0,149.58193969726562,-163.5464324951172,0.9711854457855225,0.9415749311447144,0.9802697896957397,0.27911821007728577,0.27911821007728577,0.0003653090097941458,0.8797047734260559,0.13444846868515015,0.0016946934629231691
G33,708,8859.44140625,0.2912912964820862,-1387.02490234375,-1387.02490234375,1224.398681640625,1238.6434326171875,1349.296875,1364.0,1364.0,149.22311401367188,-162.60940551757812,0.9712699055671692,0.9416771531105042,0.980338990688324,0.2784706950187683,0.2784706950187683,0.00036577571881935,0.8799597024917603,0.13402919471263885,0.00169356819242239
G33,709,8871.9521484375,0.29029029607772827,-1386.681640625,-1386.681640625,1224.990234375,1239.239501953125,1349.296875,1364.0,1364.0,148.865966796875,-161.67465209960938,0.9713538885116577,0.9417787790298462,0.9804078936576843,0.27782270312309265,0.27782270312309265,0.00036613669362850487,0.8802136778831482,0.13361206650733948,0.001693256082944572
G33,710,8884.462890625,0.28928929567337036,-1386.33837890625,-1386.33837890625,1225.57958984375,1239.83154296875,1349.296875,1364.0,1364.0,148.51048278808594,-160.7422637939453,0.971437394618988,0.9418798685073853,0.9804762601852417,0.2771744430065155,0.2771744430065155,0.00036666751839220524,0.8804665207862854,0.13319703936576843,0.0016926766838878393
G33,711,8896.97265625,0.28828829526901245,-1385.99560546875,-1385.99560546875,1226.16650390625,1240.42138671875,1349.296875,1364.0,1364.0,148.15664672851562,-159.8123016357422,0.9715204834938049,0.9419803023338318,0.98054438829422,0.2765256464481354,0.2765256464481354,0.00036702025681734085,0.8807186484336853,0.13278411328792572,0.0016914027510210872
G33,712,8909.4833984375,0.28728729486465454,-1385.6527099609375,-1385.6527099609375,1226.75146484375,1241.01025390625,1349.296875,1364.0,1364.0,147.80447387695312,-158.8845977783203,0.9716032147407532,0.9420801997184753,0.9806118607521057,0.27587661147117615,0.27587661147117615,0.0003675777988974005,0.880969762802124,0.13237327337265015,0.0016893516294658184
G33,713,8921.994140625,0.28628629446029663,-1385.31005859375,-1385.31005859375,1227.3341064453125,1241.59521484375,1349.296875,1364.0,1364.0,147.45394897460938,-157.95936584472656,0.9716853499412537,0.9421794414520264,0.9806791543960571,0.27522698044776917,0.27522698044776917,0.0003679778892546892,0.8812199234962463,0.13196450471878052,0.001686795032583177
G33,714,8934.5048828125,0.2852852940559387,-1384.967529296875,-1384.967529296875,1227.9146728515625,1242.17919921875,1349.296875,1364.0,1364.0,147.10504150390625,-157.03640747070312,0.9717670679092407,0.942278265953064,0.9807460308074951,0.27457714080810547,0.27457714080810547,0.0003684762923512608,0.881469190120697,0.13155779242515564,0.0016836003633216023
G33,715,8947.0146484375,0.2842842936515808,-1384.625244140625,-1384.625244140625,1228.492919921875,1242.7607421875,1349.296875,1364.0,1364.0,146.7577362060547,-156.11590576171875,0.9718484282493591,0.942376434803009,0.9808124303817749,0.27392664551734924,0.27392664551734924,0.00036901343264617026,0.8817175030708313,0.13115310668945312,0.0016801266465336084
G33,716,8959.525390625,0.2832832932472229,-1384.283203125,-1384.283203125,1229.069091796875,1243.3389892578125,1349.296875,1364.0,1364.0,146.41204833984375,-155.1976776123047,0.9719293117523193,0.9424740672111511,0.980878472328186,0.27327606081962585,0.27327606081962585,0.0003693926555570215,0.881964921951294,0.13075044751167297,0.0016762686427682638
G33,717,8972.0361328125,0.282282292842865,-1383.941162109375,-1383.941162109375,1229.6429443359375,1243.9169921875,1349.296875,1364.0,1364.0,146.0679473876953,-154.28196716308594,0.9720098376274109,0.9425711631774902,0.9809442162513733,0.272624671459198,0.272624671459198,0.00037005747435614467,0.882211446762085,0.130349799990654,0.0016724485903978348
G33,718,8984.546875,0.2812812924385071,-1383.599609375,-1383.599609375,1230.21484375,1244.490966796875,1349.296875,1364.0,1364.0,145.72543334960938,-153.36843872070312,0.9720898270606995,0.9426676630973816,0.9810094833374023,0.27197328209877014,0.27197328209877014,0.00037037470610812306,0.8824570178985596,0.12995116412639618,0.0016687610186636448
G33,719,8997.056640625,0.28028029203414917,-1383.258056640625,-1383.258056640625,1230.784423828125,1245.0634765625,1349.296875,1364.0,1364.0,145.38449096679688,-152.45748901367188,0.9721694588661194,0.94276362657547,0.9810743927955627,0.271321177482605,0.271321177482605,0.0003710706369020045,0.8827016353607178,0.12955448031425476,0.0016656534280627966
G33,720,9009.5673828125,0.27927929162979126,-1382.916748046875,-1382.916748046875,1231.351806640625,1245.63427734375,1349.296875,1364.0,1364.0,145.04510498046875,-151.54876708984375,0.9722486138343811,0.9428591132164001,0.9811388850212097,0.27066874504089355,0.27066874504089355,0.0003714417398441583,0.8829453587532043,0.12915979325771332,0.0016627007862553
G33,721,9022.078125,0.27827829122543335,-1382.57568359375,-1382.57568359375,1231.917236328125,1246.2017822265625,1349.296875,1364.0,1364.0,144.707275390625,-150.6424560546875,0.9723273515701294,0.9429539442062378,0.981203019618988,0.27001601457595825,0.27001601457595825,0.00037205900298431516,0.883188009262085,0.12876705825328827,0.0016598213696852326
G33,722,9034.5888671875,0.27727729082107544,-1382.23486328125,-1382.23486328125,1232.4803466796875,1246.7679443359375,1349.296875,1364.0,1364.0,144.37100219726562,-149.73861694335938,0.972405731678009,0.9430482983589172,0.9812668561935425,0.2693626284599304,0.2693626284599304,0.0003725645656231791,0.8834299445152283,0.12837627530097961,0.0016568675637245178
G33,723,9047.0986328125,0.27627629041671753,-1381.894287109375,-1381.894287109375,1233.04150390625,1247.3321533203125,1349.296875,1364.0,1364.0,144.0362548828125,-148.83700561523438,0.9724836945533752,0.9431420564651489,0.9813303351402283,0.2687091827392578,0.2687091827392578,0.0003731065080501139,0.8836706876754761,0.12798741459846497,0.0016537707997485995
G33,724,9059.609375,0.2752752900123596,-1381.5540771484375,-1381.5540771484375,1233.600341796875,1247.892822265625,1349.296875,1364.0,1364.0,143.7030029296875,-147.93797302246094,0.9725611805915833,0.9432353377342224,0.9813933968544006,0.26805493235588074,0.26805493235588074,0.00037370945210568607,0.8839107155799866,0.12760046124458313,0.0016504961531609297
G33,725,9072.1201171875,0.2742742896080017,-1381.214111328125,-1381.214111328125,1234.1571044921875,1248.4532470703125,1349.296875,1364.0,1364.0,143.37130737304688,-147.0411376953125,0.9726383686065674,0.9433280825614929,0.9814560413360596,0.2674005627632141,0.2674005627632141,0.0003742702247109264,0.8841496109962463,0.1272154301404953,0.0016472218558192253
G33,726,9084.630859375,0.2732732892036438,-1380.8743896484375,-1380.8743896484375,1234.711669921875,1249.010009765625,1349.296875,1364.0,1364.0,143.04107666015625,-146.1468505859375,0.9727151393890381,0.9434202313423157,0.9815183877944946,0.2667456567287445,0.2667456567287445,0.0003748823655769229,0.8843876123428345,0.1268322914838791,0.001644418458454311
G33,727,9097.140625,0.2722722887992859,-1380.534912109375,-1380.534912109375,1235.264404296875,1249.5648193359375,1349.296875,1364.0,1364.0,142.71237182617188,-145.25489807128906,0.9727914333343506,0.943511962890625,0.9815804362297058,0.2660902738571167,0.2660902738571167,0.00037553944275714457,0.8846247792243958,0.1264510303735733,0.0016419407911598682
G33,728,9109.6513671875,0.271271288394928,-1380.19580078125,-1380.19580078125,1235.8148193359375,1250.119140625,1349.296875,1364.0,1364.0,142.3851318359375,-144.36529541015625,0.9728673696517944,0.9436030983924866,0.9816421270370483,0.26543471217155457,0.26543471217155457,0.0003761655243579298,0.8848608732223511,0.12607163190841675,0.0016394262202084064
G33,729,9122.162109375,0.27027028799057007,-1379.85693359375,-1379.85693359375,1236.3631591796875,1250.66796875,1349.296875,1364.0,1364.0,142.05935668945312,-143.4782257080078,0.9729428887367249,0.9436937570571899,0.9817033410072327,0.26477834582328796,0.26477834582328796,0.0003768666065298021,0.8850961923599243,0.12569409608840942,0.0016368321375921369
G33,730,9134.6728515625,0.26926928758621216,-1379.518310546875,-1379.518310546875,1236.9095458984375,1251.218994140625,1349.296875,1364.0,1364.0,141.73504638671875,-142.5933380126953,0.9730181097984314,0.9437838196754456,0.9817643761634827,0.26412200927734375,0.26412200927734375,0.0003775537188630551,0.8853303790092468,0.12531839311122894,0.0016341388691216707
G33,731,9147.18359375,0.26826828718185425,-1379.18017578125,-1379.18017578125,1237.45361328125,1251.763427734375,1349.296875,1364.0,1364.0,141.41221618652344,-141.7111358642578,0.973092794418335,0.943873405456543,0.9818249344825745,0.2634647786617279,0.2634647786617279,0.00037826027255505323,0.8855637907981873,0.12494450807571411,0.0016316231340169907
G33,732,9159.693359375,0.26726728677749634,-1378.84228515625,-1378.84228515625,1237.995849609375,1252.309814453125,1349.296875,1364.0,1364.0,141.0908203125,-140.8310089111328,0.9731673002243042,0.9439625144004822,0.9818852543830872,0.26280760765075684,0.26280760765075684,0.00037900402094237506,0.8857961893081665,0.12457246333360672,0.0016290730563923717
G33,733,9172.2041015625,0.2662662863731384,-1378.5047607421875,-1378.5047607421875,1238.5357666015625,1252.85107421875,1349.296875,1364.0,1364.0,140.77084350585938,-139.95361328125,0.9732412695884705,0.9440510272979736,0.9819451570510864,0.26214951276779175,0.26214951276779175,0.0003796749224420637,0.8860277533531189,0.124202199280262,0.0016267814207822084
G33,734,9184.71484375,0.2652652859687805,-1378.16748046875,-1378.16748046875,1239.073974609375,1253.391845703125,1349.296875,1364.0,1364.0,140.45233154296875,-139.0783233642578,0.9733148813247681,0.9441391229629517,0.9820047616958618,0.26149141788482666,0.26149141788482666,0.0003804111620411277,0.8862583637237549,0.12383374571800232,0.0016245479928329587
G33,735,9197.2255859375,0.2642642855644226,-1377.8306884765625,-1377.8306884765625,1239.6097412109375,1253.93017578125,1349.296875,1364.0,1364.0,140.13519287109375,-138.20565795898438,0.973388135433197,0.9442266821861267,0.9820641279220581,0.26083260774612427,0.26083260774612427,0.000381068472051993,0.8864880204200745,0.12346705794334412,0.0016223446000367403
G33,736,9209.7353515625,0.2632632851600647,-1377.494140625,-1377.494140625,1240.143798828125,1254.4658203125,1349.296875,1364.0,1364.0,139.8195037841797,-137.33529663085938,0.9734609723091125,0.9443137049674988,0.9821229577064514,0.26017341017723083,0.26017341017723083,0.0003817163815256208,0.8867168426513672,0.12310214340686798,0.0016202039550989866
G33,737,9222.24609375,0.2622622847557068,-1377.157958984375,-1377.157958984375,1240.675537109375,1255.00048828125,1349.296875,1364.0,1364.0,139.50518798828125,-136.46734619140625,0.9735335111618042,0.9444003701210022,0.9821816086769104,0.2595139145851135,0.2595139145851135,0.0003823218576144427,0.8869447112083435,0.12273898720741272,0.0016183929983526468
G33,738,9234.7568359375,0.2612612843513489,-1376.822265625,-1376.822265625,1241.205322265625,1255.5322265625,1349.296875,1364.0,1364.0,139.19229125976562,-135.60186767578125,0.9736056327819824,0.9444863796234131,0.9822399616241455,0.25885382294654846,0.25885382294654846,0.0003828935732599348,0.8871716856956482,0.12237757444381714,0.0016166747082024813
G33,739,9247.267578125,0.26026028394699097,-1376.48681640625,-1376.48681640625,1241.733154296875,1256.061767578125,1349.296875,1364.0,1364.0,138.88075256347656,-134.73873901367188,0.9736773371696472,0.9445720314979553,0.9822978973388672,0.2581934332847595,0.2581934332847595,0.00038340414175763726,0.8873977065086365,0.12201789766550064,0.0016144983237609267
G33,740,9259.77734375,0.25925928354263306,-1376.15185546875,-1376.15185546875,1242.2589111328125,1256.590576171875,1349.296875,1364.0,1364.0,138.5706024169922,-133.87808227539062,0.9737486839294434,0.9446570873260498,0.982355535030365,0.25753253698349,0.25753253698349,0.0003839221317321062,0.8876227736473083,0.12165992707014084,0.0016119616338983178
G33,741,9272.2880859375,0.25825828313827515,-1375.8173828125,-1375.8173828125,1242.782470703125,1257.114990234375,1349.296875,1364.0,1364.0,138.26181030273438,-133.01983642578125,0.9738197326660156,0.9447416663169861,0.9824129343032837,0.25687122344970703,0.25687122344970703,0.00038434017915278673,0.8878468871116638,0.12130367755889893,0.0016095956088975072
G33,742,9284.798828125,0.25725728273391724,-1375.483154296875,-1375.483154296875,1243.3043212890625,1257.64013671875,1349.296875,1364.0,1364.0,137.95437622070312,-132.1639862060547,0.973890483379364,0.9448257684707642,0.982469916343689,0.25620949268341064,0.25620949268341064,0.00038481332012452185,0.8880701065063477,0.12094912678003311,0.001607675338163972
G33,743,9297.3095703125,0.2562562823295593,-1375.1494140625,-1375.1494140625,1243.823974609375,1258.160888671875,1349.296875,1364.0,1364.0,137.64828491210938,-131.310546875,0.9739607572555542,0.944909393787384,0.9825266003608704,0.2555473744869232,0.2555473744869232,0.000385220191674307,0.8882923722267151,0.1205962523818016,0.001605696976184845
G33,744,9309.8193359375,0.2552552819252014,-1374.81591796875,-1374.81591796875,1244.341552734375,1258.6806640625,1349.296875,1364.0,1364.0,137.3435516357422,-130.45962524414062,0.9740306735038757,0.9449925422668457,0.9825830459594727,0.2548845708370209,0.2548845708370209,0.00038563276757486165,0.8885138034820557,0.120245061814785,0.0016036275774240494
G33,745,9322.330078125,0.2542542815208435,-1374.483154296875,-1374.483154296875,1244.857421875,1259.198974609375,1349.296875,1364.0,1364.0,137.04013061523438,-129.61099243164062,0.9741004109382629,0.9450751543045044,0.9826391935348511,0.25422170758247375,0.25422170758247375,0.0003860824217554182,0.8887340426445007,0.11989554762840271,0.001601804280653596
G33,746,9334.8408203125,0.2532532811164856,-1374.150634765625,-1374.150634765625,1245.3709716796875,1259.71337890625,1349.296875,1364.0,1364.0,136.738037109375,-128.7649688720703,0.9741696119308472,0.9451573491096497,0.9826949238777161,0.2535580098628998,0.2535580098628998,0.0003864910686388612,0.8889535069465637,0.11954766511917114,0.0016004631761461496
G33,747,9347.3515625,0.2522522807121277,-1373.818603515625,-1373.818603515625,1245.8828125,1260.228271484375,1349.296875,1364.0,1364.0,136.43727111816406,-127.9211654663086,0.9742385745048523,0.9452391266822815,0.982750415802002,0.2528941333293915,0.2528941333293915,0.0003869605134241283,0.8891719579696655,0.11920145153999329,0.0015990310348570347
G33,748,9359.861328125,0.2512512803077698,-1373.4869384765625,-1373.4869384765625,1246.3924560546875,1260.7388916015625,1349.296875,1364.0,1364.0,136.1378173828125,-127.0799560546875,0.974307119846344,0.9453203082084656,0.9828056693077087,0.2522297501564026,0.2522297501564026,0.00038744581979699433,0.8893895745277405,0.11885685473680496,0.0015973164699971676
G33,749,9372.3720703125,0.25025027990341187,-1373.15576171875,-1373.15576171875,1246.900146484375,1261.248291015625,1349.296875,1364.0,1364.0,135.8396453857422,-126.24113464355469,0.9743753671646118,0.9454010725021362,0.9828605651855469,0.25156474113464355,0.25156474113464355,0.00038789751124568284,0.8896061182022095,0.11851388961076736,0.0015955595299601555
G33,750,9384.8828125,0.24924927949905396,-1372.8251953125,-1372.8251953125,1247.406005859375,1261.7567138671875,1349.296875,1364.0,1364.0,135.5427703857422,-125.40464782714844,0.974443256855011,0.9454814195632935,0.9829151630401611,0.25089970231056213,0.25089970231056213,0.00038847746327519417,0.8898217082023621,0.1181725338101387,0.001593547174707055
G33,751,9397.3935546875,0.24824827909469604,-1372.494873046875,-1372.494873046875,1247.90966796875,1262.260986328125,1349.296875,1364.0,1364.0,135.2471923828125,-124.57083129882812,0.9745107889175415,0.9455613493919373,0.9829694032669067,0.25023359060287476,0.25023359060287476,0.00038894274621270597,0.890036404132843,0.11783277243375778,0.0015910797519609332
G33,752,9409.904296875,0.24724727869033813,-1372.1651611328125,-1372.1651611328125,1248.41162109375,1262.765625,1349.296875,1364.0,1364.0,134.952880859375,-123.7391357421875,0.9745780229568481,0.9456406235694885,0.983023464679718,0.2495676726102829,0.2495676726102829,0.00038954283809289336,0.890250027179718,0.1174946129322052,0.0015882514417171478
G33,753,9422.4140625,0.24624627828598022,-1371.8359375,-1371.8359375,1248.911376953125,1263.2664794921875,1349.296875,1364.0,1364.0,134.65982055664062,-122.91021728515625,0.9746449589729309,0.9457196593284607,0.9830772280693054,0.24890072643756866,0.24890072643756866,0.00039007404120638967,0.8904629349708557,0.11715801805257797,0.0015859000850468874
G33,754,9434.9248046875,0.24524527788162231,-1371.507080078125,-1371.507080078125,1249.409423828125,1263.76611328125,1349.296875,1364.0,1364.0,134.3680419921875,-122.08345031738281,0.9747114777565002,0.9457980990409851,0.983130693435669,0.24823375046253204,0.24823375046253204,0.00039063693839125335,0.8906745910644531,0.11682301759719849,0.001583995996043086
G33,755,9447.435546875,0.2442442774772644,-1371.1788330078125,-1371.1788330078125,1249.9052734375,1264.26416015625,1349.296875,1364.0,1364.0,134.0775146484375,-121.25933074951172,0.9747776985168457,0.9458760619163513,0.9831838011741638,0.24756601452827454,0.24756601452827454,0.0003912250103894621,0.8908854722976685,0.11648955941200256,0.0015820664120838046
G33,756,9459.9462890625,0.2432432770729065,-1370.85107421875,-1370.85107421875,1250.3994140625,1264.7591552734375,1349.296875,1364.0,1364.0,133.78822326660156,-120.43753051757812,0.9748436212539673,0.9459537267684937,0.9832367300987244,0.24689799547195435,0.24689799547195435,0.00039176858263090253,0.8910952806472778,0.116157665848732,0.0015802134294062853
G33,757,9472.4560546875,0.24224227666854858,-1370.52392578125,-1370.52392578125,1250.8916015625,1265.2529296875,1349.296875,1364.0,1364.0,133.50018310546875,-119.61825561523438,0.974909245967865,0.9460307359695435,0.9832894206047058,0.2462294101715088,0.2462294101715088,0.0003923444892279804,0.8913041353225708,0.11582730710506439,0.0015785250579938293
G33,758,9484.966796875,0.24124127626419067,-1370.197265625,-1370.197265625,1251.3818359375,1265.7449951171875,1349.296875,1364.0,1364.0,133.21336364746094,-118.8013916015625,0.9749743938446045,0.9461074471473694,0.9833417534828186,0.24556037783622742,0.24556037783622742,0.0003929292142856866,0.8915119767189026,0.11549847573041916,0.0015768088633194566
G33,759,9497.4775390625,0.24024027585983276,-1369.870849609375,-1369.870849609375,1251.8699951171875,1266.2337646484375,1349.296875,1364.0,1364.0,132.92776489257812,-117.98698425292969,0.9750393629074097,0.9461836814880371,0.9833937287330627,0.2448909431695938,0.2448909431695938,0.00039343288517557085,0.891718864440918,0.1151711717247963,0.0015750126913189888
G33,760,9509.98828125,0.23923927545547485,-1369.5452880859375,-1369.5452880859375,1252.356201171875,1266.72265625,1349.296875,1364.0,1364.0,132.6433868408203,-117.17505645751953,0.9751039743423462,0.9462595582008362,0.9834454655647278,0.24422085285186768,0.24422085285186768,0.00039405550342053175,0.8919248580932617,0.11484537273645401,0.0015731514431536198
G33,761,9522.498046875,0.23823827505111694,-1369.22021484375,-1369.22021484375,1252.8408203125,1267.207275390625,1349.296875,1364.0,1364.0,132.36019897460938,-116.36550903320312,0.9751683473587036,0.9463348388671875,0.9834970235824585,0.24355058372020721,0.24355058372020721,0.00039452852797694504,0.8921295404434204,0.1145210787653923,0.0015711382729932666
G33,762,9535.0087890625,0.23723727464675903,-1368.8955078125,-1368.8955078125,1253.3231201171875,1267.69189453125,1349.296875,1364.0,1364.0,132.0782470703125,-115.55854797363281,0.9752323627471924,0.9464097619056702,0.9835483431816101,0.24287943542003632,0.24287943542003632,0.0003950970422010869,0.8923335671424866,0.11419827491044998,0.001569003565236926
G33,763,9547.51953125,0.23623627424240112,-1368.571533203125,-1368.571533203125,1253.8038330078125,1268.17333984375,1349.296875,1364.0,1364.0,131.79747009277344,-114.75386047363281,0.9752959609031677,0.9464842081069946,0.9835993051528931,0.24220821261405945,0.24220821261405945,0.0003956147702410817,0.8925363421440125,0.11387696862220764,0.0015669739805161953
G33,764,9560.0302734375,0.2352352738380432,-1368.248046875,-1368.248046875,1254.282470703125,1268.653564453125,1349.296875,1364.0,1364.0,131.5178680419922,-113.95182800292969,0.9753593802452087,0.9465582966804504,0.9836499691009521,0.24153615534305573,0.24153615534305573,0.0003960844478569925,0.8927383422851562,0.1135571226477623,0.0015654753660783172
G33,765,9572.5400390625,0.2342342734336853,-1367.9251708984375,-1367.9251708984375,1254.75927734375,1269.13134765625,1349.296875,1364.0,1364.0,131.2394561767578,-113.15208435058594,0.9754223823547363,0.946631908416748,0.9837004542350769,0.2408638447523117,0.2408638447523117,0.0003966173098888248,0.892939031124115,0.11323875188827515,0.001563752070069313
G33,766,9585.05078125,0.2332332730293274,-1367.602783203125,-1367.602783203125,1255.234130859375,1269.6080322265625,1349.296875,1364.0,1364.0,130.96221923828125,-112.35491943359375,0.9754852056503296,0.9467051029205322,0.9837506413459778,0.24019087851047516,0.24019087851047516,0.0003970409743487835,0.8931387662887573,0.11292184144258499,0.001561760320328176
G33,767,9597.5615234375,0.23223227262496948,-1367.281005859375,-1367.281005859375,1255.7071533203125,1270.0814208984375,1349.296875,1364.0,1364.0,130.68612670898438,-111.56013488769531,0.9755476713180542,0.946777880191803,0.9838005900382996,0.23951755464076996,0.23951755464076996,0.0003975158033426851,0.8933374881744385,0.11260637640953064,0.0015600922051817179
G33,768,9610.072265625,0.2312312126159668,-1366.959716796875,-1366.959716796875,1256.1783447265625,1270.5546875,1349.296875,1364.0,1364.0,130.41122436523438,-110.76786804199219,0.9756098389625549,0.9468501210212708,0.9838502407073975,0.23884345591068268,0.23884345591068268,0.00039793469477444887,0.8935352563858032,0.1122923418879509,0.0015592267736792564
G33,769,9622.5830078125,0.2302302122116089,-1366.63916015625,-1366.63916015625,1256.647705078125,1271.02392578125,1349.296875,1364.0,1364.0,130.137451171875,-109.97795104980469,0.9756717085838318,0.9469220042228699,0.983899712562561,0.2381693422794342,0.2381693422794342,0.0003983466885983944,0.8937317728996277,0.11197974532842636,0.0015581636689603329
G33,770,9635.0927734375,0.22922921180725098,-1366.319091796875,-1366.319091796875,1257.1148681640625,1271.49365234375,1349.296875,1364.0,1364.0,129.86483764648438,-109.19073486328125,0.9757332801818848,0.9469935297966003,0.9839488863945007,0.23749403655529022,0.23749403655529022,0.00039874197682365775,0.8939274549484253,0.11166857182979584,0.0015565877547487617
G33,771,9647.603515625,0.22822821140289307,-1365.999755859375,-1365.999755859375,1257.58056640625,1271.958984375,1349.296875,1364.0,1364.0,129.59335327148438,-108.40567016601562,0.9757945537567139,0.9470645189285278,0.9839977025985718,0.23681902885437012,0.23681902885437012,0.00039913333603180945,0.8941218852996826,0.11135881394147873,0.0015544776106253266
G33,772,9660.1142578125,0.22722721099853516,-1365.680908203125,-1365.680908203125,1258.0440673828125,1272.4246826171875,1349.296875,1364.0,1364.0,129.322998046875,-107.62345123291016,0.9758555293083191,0.9471352100372314,0.9840463995933533,0.23614265024662018,0.23614265024662018,0.0003995005099568516,0.8943153619766235,0.11105044931173325,0.0015524544287472963
G33,773,9672.625,0.22622621059417725,-1365.36279296875,-1365.36279296875,1258.506103515625,1272.886962890625,1349.296875,1364.0,1364.0,129.05377197265625,-106.84330749511719,0.9759162068367004,0.9472053647041321,0.9840949177742004,0.23546655476093292,0.23546655476093292,0.00039990319055505097,0.8945075273513794,0.11074350029230118,0.0015503246104344726
G33,774,9685.134765625,0.22522521018981934,-1365.045166015625,-1365.045166015625,1258.9658203125,1273.3480224609375,1349.296875,1364.0,1364.0,128.78567504882812,-106.06600952148438,0.9759765863418579,0.9472752213478088,0.9841430187225342,0.23478928208351135,0.23478928208351135,0.0004002639325335622,0.8946988582611084,0.11043792217969894,0.0015487681375816464
G33,775,9697.6455078125,0.22422420978546143,-1364.7281494140625,-1364.7281494140625,1259.424072265625,1273.807373046875,1349.296875,1364.0,1364.0,128.51866149902344,-105.29087829589844,0.9760366678237915,0.9473446607589722,0.9841909408569336,0.234111949801445,0.234111949801445,0.000400695571443066,0.8948888182640076,0.11013372987508774,0.001547312131151557
G33,776,9710.15625,0.22322320938110352,-1364.411865234375,-1364.411865234375,1259.88037109375,1274.26416015625,1349.296875,1364.0,1364.0,128.25277709960938,-104.5184326171875,0.9760965704917908,0.9474135637283325,0.9842386841773987,0.23343372344970703,0.23343372344970703,0.0004010745615232736,0.8950778245925903,0.10983090847730637,0.0015458414563909173
G33,777,9722.6669921875,0.2222222089767456,-1364.09619140625,-1364.09619140625,1260.334716796875,1274.7198486328125,1349.296875,1364.0,1364.0,127.98797607421875,-103.74830627441406,0.9761560559272766,0.947482168674469,0.9842861294746399,0.23275528848171234,0.23275528848171234,0.0004015301528852433,0.8952655792236328,0.10952945798635483,0.0015441931318491697
G33,778,9735.1767578125,0.2212212085723877,-1363.78125,-1363.78125,1260.787353515625,1275.1734619140625,1349.296875,1364.0,1364.0,127.7242660522461,-102.9808120727539,0.9762153625488281,0.9475502967834473,0.9843332171440125,0.23207585513591766,0.23207585513591766,0.00040194668690674007,0.8954523205757141,0.10922935605049133,0.0015424528392031789
G33,779,9747.6875,0.22022020816802979,-1363.466796875,-1363.466796875,1261.238037109375,1275.624755859375,1349.296875,1364.0,1364.0,127.4616470336914,-102.215576171875,0.976274311542511,0.9476180672645569,0.9843802452087402,0.23139652609825134,0.23139652609825134,0.0004024122026748955,0.8956376910209656,0.10893060266971588,0.0015406521270051599
G33,780,9760.1982421875,0.21921920776367188,-1363.153076171875,-1363.153076171875,1261.6868896484375,1276.0751953125,1349.296875,1364.0,1364.0,127.20011901855469,-101.453125,0.9763330221176147,0.9476854205131531,0.9844281077384949,0.2307157963514328,0.2307157963514328,0.0004028657858725637,0.8958219885826111,0.10863319039344788,0.001539049670100212
G33,781,9772.708984375,0.21821820735931396,-1362.8399658203125,-1362.8399658203125,1262.13427734375,1276.522705078125,1349.296875,1364.0,1364.0,126.93965148925781,-100.69276428222656,0.9763913750648499,0.9477524161338806,0.9844769239425659,0.23003540933132172,0.23003540933132172,0.00040333630749955773,0.8960049748420715,0.10833712667226791,0.0015376221854239702
G33,782,9785.21875,0.21721720695495605,-1362.527587890625,-1362.527587890625,1262.579345703125,1276.96923828125,1349.296875,1364.0,1364.0,126.68025207519531,-99.93529510498047,0.9764496088027954,0.94781893491745,0.9845255017280579,0.22935359179973602,0.22935359179973602,0.0004037913167849183,0.896186888217926,0.10804236680269241,0.001536680618301034
G33,783,9797.7294921875,0.21621620655059814,-1362.2158203125,-1362.2158203125,1263.0230712890625,1277.413818359375,1349.296875,1364.0,1364.0,126.42190551757812,-99.17991638183594,0.9765074849128723,0.9478850960731506,0.9845737814903259,0.2286718338727951,0.2286718338727951,0.000404286285629496,0.8963673710823059,0.10774894058704376,0.0015353035414591432
G33,784,9810.240234375,0.21521520614624023,-1361.90478515625,-1361.90478515625,1263.464599609375,1277.85595703125,1349.296875,1364.0,1364.0,126.16461944580078,-98.42730712890625,0.9765651226043701,0.9479508996009827,0.9846217632293701,0.22798912227153778,0.22798912227153778,0.00040469408850185573,0.8965466618537903,0.10745681822299957,0.0015339063247665763
G33,785,9822.7509765625,0.21421420574188232,-1361.594482421875,-1361.594482421875,1263.9046630859375,1278.2972412109375,1349.296875,1364.0,1364.0,125.90838623046875,-97.677001953125,0.9766224026679993,0.9480162262916565,0.98466956615448,0.22730593383312225,0.22730593383312225,0.00040521431947126985,0.8967246413230896,0.10716600716114044,0.0015323793049901724
G33,786,9835.2607421875,0.21321320533752441,-1361.2847900390625,-1361.2847900390625,1264.3426513671875,1278.73583984375,1349.296875,1364.0,1364.0,125.6531982421875,-96.92925262451172,0.9766795635223389,0.9480812549591064,0.984717071056366,0.22662214934825897,0.22662214934825897,0.00040557017200626433,0.8969013094902039,0.10687648504972458,0.0015308685833588243
G33,787,9847.771484375,0.2122122049331665,-1360.975830078125,-1360.975830078125,1264.779052734375,1279.1732177734375,1349.296875,1364.0,1364.0,125.39903259277344,-96.18397521972656,0.976736307144165,0.9481458067893982,0.9847643971443176,0.22593772411346436,0.22593772411346436,0.00040607870323583484,0.8970765471458435,0.10658825933933258,0.0015292370226234198
G33,788,9860.2822265625,0.2112112045288086,-1360.66748046875,-1360.66748046875,1265.213623046875,1279.6085205078125,1349.296875,1364.0,1364.0,125.14590454101562,-95.44115447998047,0.9767928719520569,0.9482100009918213,0.9848114252090454,0.22525261342525482,0.22525261342525482,0.0004064275126438588,0.8972505331039429,0.10630132257938385,0.0015275942860171199
G33,789,9872.79296875,0.21021020412445068,-1360.35986328125,-1360.35986328125,1265.646484375,1280.042236328125,1349.296875,1364.0,1364.0,124.893798828125,-94.70079803466797,0.9768491387367249,0.9482738971710205,0.9848582744598389,0.22456704080104828,0.22456704080104828,0.00040687635191716254,0.8974230289459229,0.1060156524181366,0.0015260454965755343
G33,790,9885.3037109375,0.20920920372009277,-1360.052978515625,-1360.052978515625,1266.077392578125,1280.47412109375,1349.296875,1364.0,1364.0,124.64270782470703,-93.96298217773438,0.9769052267074585,0.9483372569084167,0.9849047660827637,0.22388051450252533,0.22388051450252533,0.00040728176827542484,0.897594153881073,0.10573125630617142,0.0015247613191604614
G33,791,9897.8134765625,0.20820820331573486,-1359.7469482421875,-1359.7469482421875,1266.5068359375,1280.90380859375,1349.296875,1364.0,1364.0,124.39263153076172,-93.2275161743164,0.9769608974456787,0.9484002590179443,0.9849511384963989,0.22319373488426208,0.22319373488426208,0.0004076537152286619,0.8977636694908142,0.10544812679290771,0.0015237617772072554
G33,792,9910.32421875,0.20720720291137695,-1359.4415283203125,-1359.4415283203125,1266.934326171875,1281.33251953125,1349.296875,1364.0,1364.0,124.1435546875,-92.49468994140625,0.9770164489746094,0.9484630227088928,0.9849971532821655,0.22250571846961975,0.22250571846961975,0.00040814164094626904,0.897931694984436,0.1051662489771843,0.001523028127849102
G33,793,9922.8349609375,0.20620620250701904,-1359.1368408203125,-1359.1368408203125,1267.3603515625,1281.7579345703125,1349.296875,1364.0,1364.0,123.89549255371094,-91.76412200927734,0.9770717024803162,0.9485253095626831,0.9850430488586426,0.22181761264801025,0.22181761264801025,0.00040853238897398114,0.8980980515480042,0.10488563776016235,0.001522050122730434
G33,794,9935.345703125,0.20520520210266113,-1358.8328857421875,-1358.8328857421875,1267.7841796875,1282.18359375,1349.296875,1364.0,1364.0,123.6484146118164,-91.0362548828125,0.9771267175674438,0.94858717918396,0.9850886464118958,0.22112803161144257,0.22112803161144257,0.0004090693255420774,0.8982628583908081,0.1046062558889389,0.001521222060546279
G33,795,9947.85546875,0.20420420169830322,-1358.52978515625,-1358.52978515625,1268.206787109375,1282.605224609375,1349.296875,1364.0,1364.0,123.40232849121094,-90.310546875,0.9771814346313477,0.9486486911773682,0.9851340055465698,0.22043846547603607,0.22043846547603607,0.00040961720515042543,0.8984256982803345,0.10432813316583633,0.00152025674469769
G33,796,9960.3662109375,0.2032032012939453,-1358.2271728515625,-1358.2271728515625,1268.6273193359375,1283.026611328125,1349.296875,1364.0,1364.0,123.1572265625,-89.58760070800781,0.9772359728813171,0.9487098455429077,0.9851791262626648,0.21974720060825348,0.21974720060825348,0.0004102656967006624,0.8985867500305176,0.10405123978853226,0.0015189865371212363
G33,797,9972.876953125,0.2022022008895874,-1357.925537109375,-1357.925537109375,1269.046630859375,1283.4456787109375,1349.296875,1364.0,1364.0,122.91310119628906,-88.86672973632812,0.9772902131080627,0.9487706422805786,0.9852240085601807,0.21905596554279327,0.21905596554279327,0.00041097713983617723,0.8987455368041992,0.10377560555934906,0.0015175347216427326
G33,798,9985.3876953125,0.2012012004852295,-1357.6246337890625,-1357.6246337890625,1269.463623046875,1283.86279296875,1349.296875,1364.0,1364.0,122.66993713378906,-88.14863586425781,0.9773442149162292,0.9488309621810913,0.9852686524391174,0.21836289763450623,0.21836289763450623,0.0004118664364796132,0.898902416229248,0.10350119322538376,0.0015168723184615374
G33,799,9997.8974609375,0.20020020008087158,-1357.324462890625,-1357.324462890625,1269.879638671875,1284.2791748046875,1349.296875,1364.0,1364.0,122.42774963378906,-87.43258666992188,0.9773979783058167,0.9488911032676697,0.9853131175041199,0.21766972541809082,0.21766972541809082,0.00041273763054050505,0.8990565538406372,0.10322802513837814,0.0015162149211391807
G33,800,10010.408203125,0.19919919967651367,-1357.025146484375,-1357.025146484375,1270.293701171875,1284.6923828125,1349.296875,1364.0,1364.0,122.1865234375,-86.7192611694336,0.9774514436721802,0.9489507675170898,0.9853574633598328,0.21697483956813812,0.21697483956813812,0.0004138319636695087,0.8992086052894592,0.10295607894659042,0.001516004791483283
G33,801,10022.9189453125,0.19819819927215576,-1356.7265625,-1356.7265625,1270.706298828125,1285.1055908203125,1349.296875,1364.0,1364.0,121.94625091552734,-86.00804138183594,0.9775047302246094,0.9490100145339966,0.985401451587677,0.21627949178218842,0.21627949178218842,0.0004148726584389806,0.8993579149246216,0.10268538445234299,0.0015161811606958508
G33,802,10035.4296875,0.19719719886779785,-1356.4285888671875,-1356.4285888671875,1271.1171875,1285.515380859375,1349.296875,1364.0,1364.0,121.70692443847656,-85.2994155883789,0.9775577783584595,0.9490689635276794,0.9854452013969421,0.21558280289173126,0.21558280289173126,0.0004160502285230905,0.8995047807693481,0.10241590440273285,0.0015167593955993652
G33,803,10047.939453125,0.19619619846343994,-1356.131591796875,-1356.131591796875,1271.5264892578125,1285.925537109375,1349.296875,1364.0,1364.0,121.46853637695312,-84.59304809570312,0.9776105880737305,0.9491274952888489,0.9854887127876282,0.21488535404205322,0.21488535404205322,0.0004171151085756719,0.8996490836143494,0.1021476536989212,0.0015165273798629642
G33,804,10060.4501953125,0.19519519805908203,-1355.83544921875,-1355.83544921875,1271.934326171875,1286.331787109375,1349.296875,1364.0,1364.0,121.23109436035156,-83.88917541503906,0.9776631593704224,0.9491856694221497,0.9855321049690247,0.2141869068145752,0.2141869068145752,0.00041821744525805116,0.8997911214828491,0.10188060998916626,0.0015150319086387753
G33,805,10072.9609375,0.19419419765472412,-1355.5399169921875,-1355.5399169921875,1272.34033203125,1286.739013671875,1349.296875,1364.0,1364.0,120.99457550048828,-83.18770599365234,0.9777154326438904,0.9492436051368713,0.9855751991271973,0.21348777413368225,0.21348777413368225,0.00041913570021279156,0.8999308943748474,0.10161477327346802,0.0015128272352740169
G33,806,10085.4716796875,0.1931931972503662,-1355.245361328125,-1355.245361328125,1272.74462890625,1287.141845703125,1349.296875,1364.0,1364.0,120.75898742675781,-82.48876953125,0.9777675867080688,0.9493010640144348,0.9856181740760803,0.21278788149356842,0.21278788149356842,0.0004199930699542165,0.9000688791275024,0.10135012865066528,0.0015107475919649005
G33,807,10097.9814453125,0.1921921968460083,-1354.95166015625,-1354.95166015625,1273.1473388671875,1287.545166015625,1349.296875,1364.0,1364.0,120.52432250976562,-81.79234313964844,0.9778193831443787,0.9493581056594849,0.9856607913970947,0.21208763122558594,0.21208763122558594,0.00042064895387738943,0.9002053737640381,0.10108663886785507,0.001509548630565405
G33,808,10110.4921875,0.1911911964416504,-1354.658447265625,-1354.658447265625,1273.548095703125,1287.945068359375,1349.296875,1364.0,1364.0,120.29057312011719,-81.09857177734375,0.9778710007667542,0.9494149684906006,0.9857032895088196,0.21138699352741241,0.21138699352741241,0.0004212950589135289,0.9003409743309021,0.10082429647445679,0.0015088246436789632
G33,809,10123.0029296875,0.19019019603729248,-1354.366455078125,-1354.366455078125,1273.947021484375,1288.343505859375,1349.296875,1364.0,1364.0,120.0577163696289,-80.40745544433594,0.9779223799705505,0.9494713544845581,0.9857455492019653,0.2106863558292389,0.2106863558292389,0.0004216959641780704,0.9004760980606079,0.10056306421756744,0.0015087472274899483
G33,810,10135.513671875,0.18918919563293457,-1354.074951171875,-1354.074951171875,1274.343994140625,1288.740234375,1349.296875,1364.0,1364.0,119.82577514648438,-79.71916198730469,0.9779735803604126,0.949527382850647,0.9857876300811768,0.20998553931713104,0.20998553931713104,0.00042225816287100315,0.9006115198135376,0.10030291974544525,0.0015096869319677353
G33,811,10148.0244140625,0.18818819522857666,-1353.784423828125,-1353.784423828125,1274.739013671875,1289.1337890625,1349.296875,1364.0,1364.0,119.59474182128906,-79.03359985351562,0.9780244827270508,0.9495830535888672,0.9858294129371643,0.20928534865379333,0.20928534865379333,0.00042256928281858563,0.9007474184036255,0.10004382580518723,0.001512064365670085
G33,812,10160.5341796875,0.18718719482421875,-1353.49462890625,-1353.49462890625,1275.1319580078125,1289.526611328125,1349.296875,1364.0,1364.0,119.36458587646484,-78.35107421875,0.9780752062797546,0.9496384263038635,0.9858711361885071,0.208584725856781,0.208584725856781,0.00042308130650781095,0.900884211063385,0.09978576749563217,0.0015150625258684158
G33,813,10173.044921875,0.18618619441986084,-1353.205810546875,-1353.205810546875,1275.52294921875,1289.915771484375,1349.296875,1364.0,1364.0,119.13533020019531,-77.67118835449219,0.9781256914138794,0.9496934413909912,0.9859126210212708,0.20788517594337463,0.20788517594337463,0.00042336274054832757,0.9010216593742371,0.0995287224650383,0.001516679534688592
G33,814,10185.5556640625,0.18518519401550293,-1352.917724609375,-1352.917724609375,1275.91162109375,1290.3046875,1349.296875,1364.0,1364.0,118.90695190429688,-76.99451446533203,0.978175938129425,0.9497480392456055,0.9859538674354553,0.2071848213672638,0.2071848213672638,0.0004237862885929644,0.9011600613594055,0.09927267581224442,0.0015171070117503405
G33,815,10198.06640625,0.18418419361114502,-1352.630615234375,-1352.630615234375,1276.298583984375,1290.68994140625,1349.296875,1364.0,1364.0,118.67945861816406,-76.3203353881836,0.9782260060310364,0.9498023986816406,0.9859948754310608,0.20648545026779175,0.20648545026779175,0.00042391481110826135,0.9012988805770874,0.09901764243841171,0.0015171500854194164
G33,816,10210.576171875,0.1831831932067871,-1352.34423828125,-1352.34423828125,1276.6832275390625,1291.0760498046875,1349.296875,1364.0,1364.0,118.45283508300781,-75.64933013916016,0.9782757759094238,0.9498562812805176,0.9860357046127319,0.20578522980213165,0.20578522980213165,0.0004240956623107195,0.9014381766319275,0.098763607442379,0.001518018078058958
G33,817,10223.0869140625,0.1821821928024292,-1352.05859375,-1352.05859375,1277.06640625,1291.457275390625,1349.296875,1364.0,1364.0,118.22708129882812,-74.98080444335938,0.9783254265785217,0.9499099254608154,0.9860763549804688,0.20508548617362976,0.20508548617362976,0.0004239627451170236,0.9015769362449646,0.09851059317588806,0.0015186283271759748
G33,818,10235.59765625,0.1811811923980713,-1351.77392578125,-1351.77392578125,1277.4471435546875,1291.841064453125,1349.296875,1364.0,1364.0,118.00218200683594,-74.31526184082031,0.9783747792243958,0.9499631524085999,0.9861168265342712,0.20438498258590698,0.20438498258590698,0.0004237835528329015,0.9017153382301331,0.0982585996389389,0.0015185198280960321
G33,819,10248.1083984375,0.18018019199371338,-1351.490234375,-1351.490234375,1277.826416015625,1292.2198486328125,1349.296875,1364.0,1364.0,117.77815246582031,-73.6522445678711,0.9784240126609802,0.9500160813331604,0.9861570596694946,0.2036844938993454,0.2036844938993454,0.00042338791536167264,0.9018527269363403,0.09800764173269272,0.0015181329799816012
G33,820,10260.6181640625,0.17917919158935547,-1351.207275390625,-1351.207275390625,1278.20361328125,1292.59912109375,1349.296875,1364.0,1364.0,117.55497741699219,-72.9920425415039,0.9784729480743408,0.9500685930252075,0.9861970543861389,0.20298326015472412,0.20298326015472412,0.0004229183541610837,0.9019890427589417,0.0977577194571495,0.0015185062075033784
G33,821,10273.12890625,0.17817819118499756,-1350.925048828125,-1350.925048828125,1278.5792236328125,1292.9764404296875,1349.296875,1364.0,1364.0,117.33265686035156,-72.33436584472656,0.9785216450691223,0.9501209259033203,0.9862369298934937,0.20228180289268494,0.20228180289268494,0.0004224178846925497,0.9021240472793579,0.09750884026288986,0.0015195723390206695
G33,822,10285.6396484375,0.17717719078063965,-1350.643798828125,-1350.643798828125,1278.952880859375,1293.3507080078125,1349.296875,1364.0,1364.0,117.11119079589844,-71.679443359375,0.9785701632499695,0.9501727819442749,0.9862766265869141,0.20157966017723083,0.20157966017723083,0.00042197812581434846,0.9022578597068787,0.09726101160049438,0.0015199803747236729
G33,823,10298.150390625,0.17617619037628174,-1350.363525390625,-1350.363525390625,1279.324951171875,1293.724609375,1349.296875,1364.0,1364.0,116.89054870605469,-71.02706909179688,0.9786185026168823,0.9502243399620056,0.9863161444664001,0.2008771449327469,0.2008771449327469,0.00042169407242909074,0.90239018201828,0.09701421856880188,0.0015188859542831779
G33,824,10310.66015625,0.17517518997192383,-1350.083984375,-1350.083984375,1279.6953125,1294.094970703125,1349.296875,1364.0,1364.0,116.67076110839844,-70.37738037109375,0.9786666035652161,0.9502755999565125,0.9863553643226624,0.2001742720603943,0.2001742720603943,0.0004215848748572171,0.9025214314460754,0.09676846116781235,0.0015173419378697872
G33,825,10323.1708984375,0.17417418956756592,-1349.805419921875,-1349.805419921875,1280.063720703125,1294.46337890625,1349.296875,1364.0,1364.0,116.45179748535156,-69.7303695678711,0.9787145256996155,0.9503265023231506,0.9863944053649902,0.19947074353694916,0.19947074353694916,0.00042161394958384335,0.9026515483856201,0.0965237244963646,0.001515597919933498
G33,826,10335.681640625,0.173173189163208,-1349.527587890625,-1349.527587890625,1280.430419921875,1294.830810546875,1349.296875,1364.0,1364.0,116.23367309570312,-69.08596801757812,0.9787622094154358,0.9503769874572754,0.9864333868026733,0.19876731932163239,0.19876731932163239,0.0004216785600874573,0.9027808904647827,0.09628001600503922,0.001513022929430008
G33,827,10348.1923828125,0.1721721887588501,-1349.250732421875,-1349.250732421875,1280.795166015625,1295.19384765625,1349.296875,1364.0,1364.0,116.01636505126953,-68.44440460205078,0.9788097143173218,0.9504271745681763,0.9864721298217773,0.19806329905986786,0.19806329905986786,0.0004218988760840148,0.9029096961021423,0.09603729099035263,0.0015099904267117381
G33,828,10360.703125,0.1711711883544922,-1348.974853515625,-1348.974853515625,1281.158203125,1295.55712890625,1349.296875,1364.0,1364.0,115.79988861083984,-67.80545806884766,0.9788569808006287,0.950477123260498,0.986510694026947,0.1973593384027481,0.1973593384027481,0.00042202367330901325,0.9030381441116333,0.09579555690288544,0.0015070560621097684
G33,829,10373.212890625,0.17017018795013428,-1348.69970703125,-1348.69970703125,1281.5191650390625,1295.916015625,1349.296875,1364.0,1364.0,115.584228515625,-67.16934204101562,0.978904128074646,0.9505266547203064,0.9865490794181824,0.1966552734375,0.1966552734375,0.0004224055155646056,0.9031662940979004,0.09555479139089584,0.0015042247250676155
G33,830,10385.7236328125,0.16916918754577637,-1348.425537109375,-1348.425537109375,1281.87841796875,1296.27490234375,1349.296875,1364.0,1364.0,115.36936950683594,-66.53602600097656,0.9789509773254395,0.9505758881568909,0.9865872263908386,0.19595091044902802,0.19595091044902802,0.0004226478631608188,0.9032944440841675,0.09531497955322266,0.0015015148092061281
G33,831,10398.234375,0.16816818714141846,-1348.1522216796875,-1348.1522216796875,1282.2357177734375,1296.630615234375,1349.296875,1364.0,1364.0,115.15531921386719,-65.90541076660156,0.9789975881576538,0.9506248235702515,0.9866251945495605,0.1952466517686844,0.1952466517686844,0.00042311407742090523,0.9034222960472107,0.09507611393928528,0.0014982952270656824
G33,832,10410.7451171875,0.16716718673706055,-1347.8798828125,-1347.8798828125,1282.591064453125,1296.98486328125,1349.296875,1364.0,1364.0,114.94208526611328,-65.27766418457031,0.9790440797805786,0.9506732821464539,0.9866630434989929,0.19454213976860046,0.19454213976860046,0.000423494610004127,0.9035500884056091,0.0948382019996643,0.0014956474769860506
G33,833,10423.2548828125,0.16616618633270264,-1347.6083984375,-1347.6083984375,1282.94482421875,1297.338134765625,1349.296875,1364.0,1364.0,114.72964477539062,-64.65264892578125,0.9790903925895691,0.9507215619087219,0.9867005944252014,0.19383731484413147,0.19383731484413147,0.0004240087582729757,0.9036775231361389,0.09460122138261795,0.0014946034643799067
G33,834,10435.765625,0.16516518592834473,-1347.337890625,-1347.337890625,1283.29638671875,1297.68896484375,1349.296875,1364.0,1364.0,114.51800537109375,-64.03034973144531,0.9791364073753357,0.9507694840431213,0.9867380857467651,0.19313251972198486,0.19313251972198486,0.0004244488663971424,0.9038044810295105,0.0943651869893074,0.0014936089282855392
G33,835,10448.2763671875,0.16416418552398682,-1347.068115234375,-1347.068115234375,1283.646240234375,1298.0390625,1349.296875,1364.0,1364.0,114.30715942382812,-63.410884857177734,0.9791823029518127,0.9508171677589417,0.9867753982543945,0.19242700934410095,0.19242700934410095,0.00042492474312894046,0.9039307236671448,0.09413009136915207,0.0014905912103131413
G33,836,10460.787109375,0.1631631851196289,-1346.79931640625,-1346.79931640625,1283.9945068359375,1298.3876953125,1349.296875,1364.0,1364.0,114.09709167480469,-62.79400634765625,0.9792280197143555,0.9508643746376038,0.9868125319480896,0.19172143936157227,0.19172143936157227,0.0004252672370057553,0.904056191444397,0.09389594942331314,0.0014854548498988152
G33,837,10473.296875,0.162162184715271,-1346.5316162109375,-1346.5316162109375,1284.3408203125,1298.7332763671875,1349.296875,1364.0,1364.0,113.88780975341797,-62.179935455322266,0.9792734384536743,0.9509113430976868,0.9868494272232056,0.19101527333259583,0.19101527333259583,0.0004255646781530231,0.9041805863380432,0.09366274625062943,0.0014804439852014184
G33,838,10485.8076171875,0.16116118431091309,-1346.2646484375,-1346.2646484375,1284.685302734375,1299.08056640625,1349.296875,1364.0,1364.0,113.6793212890625,-61.56848907470703,0.9793187975883484,0.9509578943252563,0.9868862628936768,0.19030900299549103,0.19030900299549103,0.0004256773099768907,0.9043041467666626,0.09343048185110092,0.0014762732898816466
G33,839,10498.318359375,0.16016018390655518,-1345.998779296875,-1345.998779296875,1285.028076171875,1299.421142578125,1349.296875,1364.0,1364.0,113.47159576416016,-60.95984649658203,0.9793638586997986,0.9510042667388916,0.9869228005409241,0.18960203230381012,0.18960203230381012,0.000425765902036801,0.9044268131256104,0.09319916367530823,0.0014732618583366275
G33,840,10510.8291015625,0.15915918350219727,-1345.7337646484375,-1345.7337646484375,1285.369140625,1299.7647705078125,1349.296875,1364.0,1364.0,113.2646484375,-60.35380172729492,0.9794087409973145,0.9510502815246582,0.9869592785835266,0.18889541923999786,0.18889541923999786,0.0004257723339833319,0.9045487642288208,0.09296877682209015,0.001470643444918096
G33,841,10523.3388671875,0.15815818309783936,-1345.4697265625,-1345.4697265625,1285.708251953125,1300.1024169921875,1349.296875,1364.0,1364.0,113.0584716796875,-59.75071334838867,0.9794535040855408,0.9510959386825562,0.98699551820755,0.18818768858909607,0.18818768858909607,0.000425792473834008,0.9046702980995178,0.09273930639028549,0.0014678650768473744
G33,842,10535.849609375,0.15715718269348145,-1345.20654296875,-1345.20654296875,1286.045654296875,1300.4404296875,1349.296875,1364.0,1364.0,112.85305786132812,-59.150089263916016,0.9794979691505432,0.9511412978172302,0.9870315194129944,0.18748082220554352,0.18748082220554352,0.00042591418605297804,0.9047910571098328,0.09251075237989426,0.0014647044008597732
G33,843,10548.3603515625,0.15615618228912354,-1344.9442138671875,-1344.9442138671875,1286.381103515625,1300.77587890625,1349.296875,1364.0,1364.0,112.64840698242188,-58.552574157714844,0.9795423150062561,0.9511862993240356,0.9870675206184387,0.1867726445198059,0.1867726445198059,0.0004260318528395146,0.9049115180969238,0.09228308498859406,0.001462392508983612
G33,844,10560.87109375,0.15515518188476562,-1344.68310546875,-1344.68310546875,1286.71484375,1301.1083984375,1349.296875,1364.0,1364.0,112.44451904296875,-57.957481384277344,0.9795864820480347,0.951231062412262,0.987103283405304,0.1860651969909668,0.1860651969909668,0.0004263535956852138,0.9050315022468567,0.09205633401870728,0.001460211118683219
G33,845,10573.380859375,0.15415418148040771,-1344.4227294921875,-1344.4227294921875,1287.046630859375,1301.440673828125,1349.296875,1364.0,1364.0,112.24137878417969,-57.365455627441406,0.9796304106712341,0.9512755274772644,0.9871388077735901,0.1853567510843277,0.1853567510843277,0.0004265953612048179,0.9051510691642761,0.09183046221733093,0.0014584243763238192
G33,846,10585.8916015625,0.1531531810760498,-1344.163330078125,-1344.163330078125,1287.3768310546875,1301.7696533203125,1349.296875,1364.0,1364.0,112.03898620605469,-56.775943756103516,0.9796741604804993,0.9513196349143982,0.9871742725372314,0.1846485137939453,0.1846485137939453,0.0004269976925570518,0.9052699208259583,0.09160549193620682,0.0014561889693140984
G33,847,10598.40234375,0.1521521806716919,-1343.90478515625,-1343.90478515625,1287.705078125,1302.0972900390625,1349.296875,1364.0,1364.0,111.83734130859375,-56.18933868408203,0.9797177910804749,0.9513633251190186,0.9872094392776489,0.18393971025943756,0.18393971025943756,0.00042726541869342327,0.9053882360458374,0.09138139337301254,0.0014544653240591288
G33,848,10610.9130859375,0.15115118026733398,-1343.6474609375,-1343.6474609375,1288.031494140625,1302.423828125,1349.296875,1364.0,1364.0,111.63644409179688,-55.605403900146484,0.9797613024711609,0.9514067769050598,0.9872446656227112,0.1832307130098343,0.1832307130098343,0.00042760983342304826,0.9055057764053345,0.0911581888794899,0.001452681259252131
G33,849,10623.423828125,0.15015017986297607,-1343.390869140625,-1343.390869140625,1288.356201171875,1302.74755859375,1349.296875,1364.0,1364.0,111.436279296875,-55.02424621582031,0.979804515838623,0.951449990272522,0.9872795343399048,0.18252144753932953,0.18252144753932953,0.00042782022501342,0.9056226015090942,0.0909358561038971,0.0014503804268315434
G33,850,10635.93359375,0.14914917945861816,-1343.135498046875,-1343.135498046875,1288.67919921875,1303.070556640625,1349.296875,1364.0,1364.0,111.23686218261719,-54.44584655761719,0.9798474907875061,0.9514929056167603,0.9873144030570984,0.18181177973747253,0.18181177973747253,0.00042802919051609933,0.9057388305664062,0.09071440249681473,0.0014472792390733957
G33,851,10648.4443359375,0.14814817905426025,-1342.880859375,-1342.880859375,1289.000244140625,1303.391845703125,1349.296875,1364.0,1364.0,111.03816223144531,-53.87016296386719,0.9798903465270996,0.9515354633331299,0.9873490333557129,0.181101992726326,0.181101992726326,0.00042811979074031115,0.9058541059494019,0.0904938355088234,0.0014445604756474495
G33,852,10660.955078125,0.14714717864990234,-1342.62744140625,-1342.62744140625,1289.319580078125,1303.710205078125,1349.296875,1364.0,1364.0,110.84020233154297,-53.29729461669922,0.9799330234527588,0.9515776634216309,0.9873834252357483,0.18039178848266602,0.18039178848266602,0.000428232568083331,0.9059689044952393,0.09027412533760071,0.0014425331028178334
G33,853,10673.4658203125,0.14614617824554443,-1342.374755859375,-1342.374755859375,1289.63720703125,1304.0291748046875,1349.296875,1364.0,1364.0,110.64295959472656,-52.727142333984375,0.9799755215644836,0.9516196250915527,0.9874176979064941,0.17968149483203888,0.17968149483203888,0.0004282249428797513,0.9060830473899841,0.09005527198314667,0.0014402609085664153
G33,854,10685.9755859375,0.14514517784118652,-1342.123046875,-1342.123046875,1289.952880859375,1304.343505859375,1349.296875,1364.0,1364.0,110.44644165039062,-52.15980529785156,0.9800178408622742,0.9516611099243164,0.9874518513679504,0.17897096276283264,0.17897096276283264,0.00042832805775105953,0.9061968326568604,0.08983728289604187,0.0014374039601534605
G33,855,10698.486328125,0.1441441774368286,-1341.872314453125,-1341.872314453125,1290.266845703125,1304.65869140625,1349.296875,1364.0,1364.0,110.25064086914062,-51.595245361328125,0.9800599813461304,0.9517018795013428,0.987485945224762,0.17825999855995178,0.17825999855995178,0.00042831673636101186,0.9063102006912231,0.08962012827396393,0.0014345234958454967
G33,856,10710.9970703125,0.1431431770324707,-1341.6226806640625,-1341.6226806640625,1290.5791015625,1304.969970703125,1349.296875,1364.0,1364.0,110.05555725097656,-51.033409118652344,0.980102002620697,0.9517425298690796,0.9875197410583496,0.17754921317100525,0.17754921317100525,0.00042848385055549443,0.906423032283783,0.08940381556749344,0.0014323515351861715
G33,857,10723.5078125,0.1421421766281128,-1341.3740234375,-1341.3740234375,1290.8892822265625,1305.280517578125,1349.296875,1364.0,1364.0,109.86119079589844,-50.474464416503906,0.9801437258720398,0.9517827033996582,0.9875534772872925,0.17683765292167664,0.17683765292167664,0.00042857220978476107,0.9065356850624084,0.0891883447766304,0.0014309125253930688
G33,858,10736.017578125,0.14114117622375488,-1341.1263427734375,-1341.1263427734375,1291.197998046875,1305.5887451171875,1349.296875,1364.0,1364.0,109.66752624511719,-49.91814422607422,0.9801853895187378,0.9518226385116577,0.9875869750976562,0.17612643539905548,0.17612643539905548,0.00042882587877102196,0.9066477417945862,0.08897369354963303,0.0014298680471256375
G33,859,10748.5283203125,0.14014017581939697,-1340.879638671875,-1340.879638671875,1291.504638671875,1305.895263671875,1349.296875,1364.0,1364.0,109.47456359863281,-49.364776611328125,0.9802268743515015,0.9518622756004333,0.9876204133033752,0.17541444301605225,0.17541444301605225,0.00042904927977360785,0.9067594408988953,0.08875986933708191,0.0014291448751464486
G33,860,10761.0390625,0.13913917541503906,-1340.6339111328125,-1340.6339111328125,1291.809814453125,1306.1998291015625,1349.296875,1364.0,1364.0,109.28230285644531,-48.81403350830078,0.980268120765686,0.9519016742706299,0.9876535534858704,0.17470255494117737,0.17470255494117737,0.00042931188363581896,0.906870424747467,0.08854686468839645,0.0014278836315497756
G33,861,10773.5498046875,0.13813817501068115,-1340.3892822265625,-1340.3892822265625,1292.1129150390625,1306.503173828125,1349.296875,1364.0,1364.0,109.09074401855469,-48.266178131103516,0.980309247970581,0.9519407153129578,0.9876866936683655,0.17399023473262787,0.17399023473262787,0.0004296006227377802,0.9069808721542358,0.08833469450473785,0.0014262761687859893
G33,862,10786.0595703125,0.13713717460632324,-1340.1455078125,-1340.1455078125,1292.414306640625,1306.8035888671875,1349.296875,1364.0,1364.0,108.89987182617188,-47.72105407714844,0.980350136756897,0.9519794583320618,0.9877196550369263,0.1732775717973709,0.1732775717973709,0.00042979695717804134,0.9070907235145569,0.08812333643436432,0.0014241908211261034
G33,863,10798.5703125,0.13613617420196533,-1339.90283203125,-1339.90283203125,1292.7139892578125,1307.10400390625,1349.296875,1364.0,1364.0,108.70970153808594,-47.178688049316406,0.9803909063339233,0.9520179629325867,0.9877525568008423,0.17256495356559753,0.17256495356559753,0.00043002417078241706,0.9071998596191406,0.08791279792785645,0.0014214623952284455
G33,864,10811.0810546875,0.13513517379760742,-1339.6611328125,-1339.6611328125,1293.011962890625,1307.400634765625,1349.296875,1364.0,1364.0,108.52020263671875,-46.639190673828125,0.9804315567016602,0.9520560503005981,0.9877851009368896,0.17185156047344208,0.17185156047344208,0.0004301351436879486,0.9073083400726318,0.08770307898521423,0.0014186460757628083
G33,865,10823.591796875,0.1341341733932495,-1339.42041015625,-1339.42041015625,1293.30810546875,1307.6976318359375,1349.296875,1364.0,1364.0,108.33140563964844,-46.102333068847656,0.9804719686508179,0.9520940184593201,0.9878177046775818,0.17113856971263885,0.17113856971263885,0.0004302352899685502,0.9074161648750305,0.08749416470527649,0.0014164375606924295
G33,866,10836.1015625,0.1331331729888916,-1339.1807861328125,-1339.1807861328125,1293.602294921875,1307.990966796875,1349.296875,1364.0,1364.0,108.14328002929688,-45.568443298339844,0.980512261390686,0.9521316289901733,0.98785001039505,0.170424684882164,0.170424684882164,0.0004302665183786303,0.907523512840271,0.08728604763746262,0.0014154810924082994
G33,867,10848.6123046875,0.1321321725845337,-1338.942138671875,-1338.942138671875,1293.89501953125,1308.2838134765625,1349.296875,1364.0,1364.0,107.95584106445312,-45.03717041015625,0.9805523753166199,0.952168881893158,0.9878822565078735,0.16971106827259064,0.16971106827259064,0.0004303012101445347,0.907630443572998,0.08707874268293381,0.0014146799221634865
G33,868,10861.123046875,0.13113117218017578,-1338.704345703125,-1338.704345703125,1294.185791015625,1308.57470703125,1349.296875,1364.0,1364.0,107.76907348632812,-44.508819580078125,0.9805922508239746,0.9522059559822083,0.9879143834114075,0.16899700462818146,0.16899700462818146,0.0004302913148421794,0.9077367186546326,0.08687221258878708,0.001413394114933908
G33,869,10873.6337890625,0.13013017177581787,-1338.4677734375,-1338.4677734375,1294.474609375,1308.86279296875,1349.296875,1364.0,1364.0,107.58297729492188,-43.98321533203125,0.9806320071220398,0.9522426128387451,0.9879463315010071,0.16828259825706482,0.16828259825706482,0.0004303478344809264,0.9078428149223328,0.08666647225618362,0.0014115340309217572
G33,870,10886.14453125,0.12912917137145996,-1338.232177734375,-1338.232177734375,1294.761962890625,1309.150634765625,1349.296875,1364.0,1364.0,107.39755249023438,-43.46038818359375,0.9806717038154602,0.9522790312767029,0.9879781007766724,0.16756834089756012,0.16756834089756012,0.0004303483001422137,0.9079484939575195,0.08646151423454285,0.0014101139968261123
G33,871,10898.654296875,0.12812811136245728,-1337.99755859375,-1337.99755859375,1295.04736328125,1309.435302734375,1349.296875,1364.0,1364.0,107.21279907226562,-42.940425872802734,0.9807111024856567,0.9523152709007263,0.9880097508430481,0.16685329377651215,0.16685329377651215,0.00043045199709013104,0.9080538153648376,0.08625733107328415,0.00140950211789459
G33,872,10911.1650390625,0.12712711095809937,-1337.763916015625,-1337.763916015625,1295.3310546875,1309.718994140625,1349.296875,1364.0,1364.0,107.02870178222656,-42.423152923583984,0.9807504415512085,0.9523511528968811,0.9880412817001343,0.16613854467868805,0.16613854467868805,0.00043050909880548716,0.9081586599349976,0.08605392277240753,0.0014079242246225476
G33,873,10923.67578125,0.12612611055374146,-1337.5316162109375,-1337.5316162109375,1295.6129150390625,1310.001220703125,1349.296875,1364.0,1364.0,106.84526062011719,-41.9088134765625,0.9807894825935364,0.952386736869812,0.9880727529525757,0.1654232144355774,0.1654232144355774,0.00043062533950433135,0.9082631468772888,0.0858512744307518,0.0014058385277166963
G33,874,10936.1865234375,0.12512511014938354,-1337.300048828125,-1337.300048828125,1295.89306640625,1310.2802734375,1349.296875,1364.0,1364.0,106.6624755859375,-41.397193908691406,0.9808284044265747,0.9524219632148743,0.9881039261817932,0.1647077351808548,0.1647077351808548,0.00043072737753391266,0.9083672165870667,0.08564940094947815,0.0014038939261808991
G33,875,10948.6962890625,0.12412410974502563,-1337.0697021484375,-1337.0697021484375,1296.1715087890625,1310.5595703125,1349.296875,1364.0,1364.0,106.48035430908203,-40.88840103149414,0.9808672070503235,0.9524570107460022,0.9881350994110107,0.16399216651916504,0.16399216651916504,0.00043082048068754375,0.9084707498550415,0.08544827997684479,0.0014025283744558692
G33,876,10961.20703125,0.12312310934066772,-1336.84033203125,-1336.84033203125,1296.447998046875,1310.835205078125,1349.296875,1364.0,1364.0,106.29887390136719,-40.38245391845703,0.9809059500694275,0.9524917006492615,0.988166093826294,0.1632760465145111,0.1632760465145111,0.0004308923671487719,0.9085739254951477,0.08524791896343231,0.0014012716710567474
G33,877,10973.7177734375,0.12212210893630981,-1336.61181640625,-1336.61181640625,1296.7230224609375,1311.1103515625,1349.296875,1364.0,1364.0,106.11804962158203,-39.87922668457031,0.9809443950653076,0.9525261521339417,0.9881969094276428,0.1625600904226303,0.1625600904226303,0.0004309448122512549,0.9086765646934509,0.08504831790924072,0.0013997943606227636
G33,878,10986.228515625,0.1211211085319519,-1336.384521484375,-1336.384521484375,1296.9959716796875,1311.383056640625,1349.296875,1364.0,1364.0,105.9378662109375,-39.3789176940918,0.9809827208518982,0.952560305595398,0.9882276654243469,0.16184353828430176,0.16184353828430176,0.00043095924775116146,0.9087787866592407,0.08484946191310883,0.001398085500113666
G33,879,10998.73828125,0.120120108127594,-1336.158203125,-1336.158203125,1297.267333984375,1311.654052734375,1349.296875,1364.0,1364.0,105.7583236694336,-38.881324768066406,0.9810208678245544,0.9525941610336304,0.9882581830024719,0.16112689673900604,0.16112689673900604,0.0004309578216634691,0.9088805913925171,0.08465135842561722,0.001396078267134726
G33,880,11011.2490234375,0.11911910772323608,-1335.93310546875,-1335.93310546875,1297.536865234375,1311.924072265625,1349.296875,1364.0,1364.0,105.57942199707031,-38.3865852355957,0.9810588955879211,0.9526277780532837,0.9882886409759521,0.16041025519371033,0.16041025519371033,0.000430949468864128,0.9089819192886353,0.0844539999961853,0.0013943446101620793
G33,881,11023.759765625,0.11811810731887817,-1335.708984375,-1335.708984375,1297.8046875,1312.19091796875,1349.296875,1364.0,1364.0,105.40115356445312,-37.89470672607422,0.9810967445373535,0.9526610970497131,0.988318920135498,0.1596926897764206,0.1596926897764206,0.0004309093055780977,0.9090830087661743,0.08425737172365189,0.0013929533306509256
G33,882,11036.2705078125,0.11711710691452026,-1335.48583984375,-1335.48583984375,1298.07080078125,1312.4576416015625,1349.296875,1364.0,1364.0,105.22352600097656,-37.40549087524414,0.9811344742774963,0.9526941180229187,0.988349199295044,0.15897595882415771,0.15897595882415771,0.00043091512634418905,0.9091835021972656,0.08406149595975876,0.0013916067546233535
G33,883,11048.7802734375,0.11611610651016235,-1335.2637939453125,-1335.2637939453125,1298.3349609375,1312.720947265625,1349.296875,1364.0,1364.0,105.04652404785156,-36.919334411621094,0.9811719655990601,0.9527269005775452,0.9883792400360107,0.15825772285461426,0.15825772285461426,0.00043087542871944606,0.9092838168144226,0.08386632800102234,0.0013904385268688202
G33,884,11061.291015625,0.11511510610580444,-1335.0428466796875,-1335.0428466796875,1298.59765625,1312.984130859375,1349.296875,1364.0,1364.0,104.87015533447266,-36.43571090698242,0.981209397315979,0.9527593851089478,0.988409161567688,0.1575404703617096,0.1575404703617096,0.0004309130017645657,0.9093835949897766,0.08367190510034561,0.0013887817040085793
G33,885,11073.8017578125,0.11411410570144653,-1334.82275390625,-1334.82275390625,1298.8582763671875,1313.243896484375,1349.296875,1364.0,1364.0,104.69440460205078,-35.955177307128906,0.9812466502189636,0.9527915120124817,0.9884390234947205,0.15682202577590942,0.15682202577590942,0.0004308960633352399,0.9094831347465515,0.08347819745540619,0.0013875525910407305
G33,886,11086.3125,0.11311310529708862,-1334.60400390625,-1334.60400390625,1299.117431640625,1313.503662109375,1349.296875,1364.0,1364.0,104.51927185058594,-35.47725296020508,0.9812837243080139,0.9528234601020813,0.9884687066078186,0.1561039239168167,0.1561039239168167,0.00043095412547700107,0.9095823168754578,0.08328521251678467,0.0013862026389688253
G33,887,11098.8232421875,0.11211210489273071,-1334.38623046875,-1334.38623046875,1299.37451171875,1313.7601318359375,1349.296875,1364.0,1364.0,104.34477233886719,-35.00227737426758,0.9813206791877747,0.9528550505638123,0.9884981513023376,0.155385360121727,0.155385360121727,0.0004309635260142386,0.9096811413764954,0.08309293538331985,0.001385062700137496
G33,888,11111.3330078125,0.1111111044883728,-1334.16943359375,-1334.16943359375,1299.630126953125,1314.0159912109375,1349.296875,1364.0,1364.0,104.17088317871094,-34.53007507324219,0.9813574552536011,0.9528864026069641,0.9885276556015015,0.15466663241386414,0.15466663241386414,0.0004310124204494059,0.9097797274589539,0.08290137350559235,0.001383759779855609
G33,889,11123.84375,0.11011010408401489,-1333.953857421875,-1333.953857421875,1299.8837890625,1314.269287109375,1349.296875,1364.0,1364.0,103.99761199951172,-34.06071472167969,0.9813941121101379,0.9529175162315369,0.9885568618774414,0.15394751727581024,0.15394751727581024,0.0004310511576477438,0.9098780751228333,0.08271051943302155,0.001382017508149147
G33,890,11136.3544921875,0.10910910367965698,-1333.7392578125,-1333.7392578125,1300.1357421875,1314.521240234375,1349.296875,1364.0,1364.0,103.82494354248047,-33.59415054321289,0.9814305901527405,0.9529483318328857,0.9885861277580261,0.15322862565517426,0.15322862565517426,0.000431058433605358,0.909976065158844,0.08252036571502686,0.0013804207555949688
G33,891,11148.865234375,0.10810810327529907,-1333.52587890625,-1333.52587890625,1300.3861083984375,1314.771484375,1349.296875,1364.0,1364.0,103.65289306640625,-33.13050842285156,0.9814669489860535,0.9529788494110107,0.9886151552200317,0.1525086760520935,0.1525086760520935,0.00043111899867653847,0.9100738763809204,0.08233091980218887,0.001379165449179709
G33,892,11161.375,0.10710710287094116,-1333.3134765625,-1333.3134765625,1300.634765625,1315.019775390625,1349.296875,1364.0,1364.0,103.4814453125,-32.669517517089844,0.9815031886100769,0.9530091881752014,0.9886441230773926,0.15178963541984558,0.15178963541984558,0.0004310761869419366,0.910171389579773,0.08214215934276581,0.0013773103710263968
G33,893,11173.8857421875,0.10610610246658325,-1333.10205078125,-1333.10205078125,1300.88134765625,1315.2664794921875,1349.296875,1364.0,1364.0,103.31059265136719,-32.21160888671875,0.981539249420166,0.9530391693115234,0.9886729121208191,0.15106907486915588,0.15106907486915588,0.00043113186256960034,0.9102688431739807,0.08195409178733826,0.001375544467009604
G33,894,11186.396484375,0.10510510206222534,-1332.891845703125,-1332.891845703125,1301.12646484375,1315.5111083984375,1349.296875,1364.0,1364.0,103.1403579711914,-31.756258010864258,0.9815751314163208,0.9530688524246216,0.988701581954956,0.1503494530916214,0.1503494530916214,0.0004310654476284981,0.9103658199310303,0.08176672458648682,0.0013740996364504099
G33,895,11198.9072265625,0.10410410165786743,-1332.6827392578125,-1332.6827392578125,1301.36962890625,1315.7548828125,1349.296875,1364.0,1364.0,102.970703125,-31.30398941040039,0.9816109538078308,0.9530982971191406,0.9887301325798035,0.14962874352931976,0.14962874352931976,0.0004310846561565995,0.9104627966880798,0.0815800279378891,0.0013733794912695885
G33,896,11211.4169921875,0.10310310125350952,-1332.474609375,-1332.474609375,1301.6112060546875,1315.995361328125,1349.296875,1364.0,1364.0,102.80165100097656,-30.8543701171875,0.9816465377807617,0.9531274437904358,0.9887585639953613,0.14890828728675842,0.14890828728675842,0.0004310274380259216,0.9105594158172607,0.0813940167427063,0.0013726145261898637
G33,897,11223.927734375,0.10210210084915161,-1332.2677001953125,-1332.2677001953125,1301.8509521484375,1316.2362060546875,1349.296875,1364.0,1364.0,102.6332015991211,-30.407695770263672,0.9816820025444031,0.9531563520431519,0.9887869954109192,0.1481873244047165,0.1481873244047165,0.0004310034855734557,0.9106559157371521,0.08120869100093842,0.0013719915878027678
G33,898,11236.4384765625,0.1011011004447937,-1332.0618896484375,-1332.0618896484375,1302.0888671875,1316.472900390625,1349.296875,1364.0,1364.0,102.46533203125,-29.963802337646484,0.9817173480987549,0.9531850814819336,0.9888152480125427,0.14746637642383575,0.14746637642383575,0.00043096128501929343,0.9107522368431091,0.08102402836084366,0.0013712492072954774
G33,899,11248.94921875,0.10010010004043579,-1331.857177734375,-1331.857177734375,1302.3251953125,1316.7103271484375,1349.296875,1364.0,1364.0,102.29806518554688,-29.522796630859375,0.9817525744438171,0.9532133340835571,0.9888433218002319,0.1467447578907013,0.1467447578907013,0.00043091989937238395,0.9108484387397766,0.08084005117416382,0.0013702280120924115
G33,900,11261.458984375,0.09909909963607788,-1331.6533203125,-1331.6533203125,1302.559814453125,1316.94384765625,1349.296875,1364.0,1364.0,102.13136291503906,-29.084545135498047,0.9817876219749451,0.9532414674758911,0.9888712763786316,0.14602366089820862,0.14602366089820862,0.0004308787756599486,0.910944402217865,0.0806567370891571,0.0013684987789019942
G33,901,11273.9697265625,0.09809809923171997,-1331.450927734375,-1331.450927734375,1302.79248046875,1317.177001953125,1349.296875,1364.0,1364.0,101.96526336669922,-28.6492862701416,0.9818224906921387,0.9532692432403564,0.9888991713523865,0.14530114829540253,0.14530114829540253,0.0004308500501792878,0.9110403060913086,0.08047407865524292,0.0013666540617123246
G33,902,11286.48046875,0.09709709882736206,-1331.249267578125,-1331.249267578125,1303.023681640625,1317.4080810546875,1349.296875,1364.0,1364.0,101.79972839355469,-28.216642379760742,0.9818572998046875,0.9532968401908875,0.988926887512207,0.1445799022912979,0.1445799022912979,0.00043080130126327276,0.9111360311508179,0.08029209077358246,0.0013651381013914943
G33,903,11298.9912109375,0.09609609842300415,-1331.049072265625,-1331.049072265625,1303.2528076171875,1317.63671875,1349.296875,1364.0,1364.0,101.63478088378906,-27.787128448486328,0.9818918704986572,0.953324019908905,0.9889545440673828,0.14385679364204407,0.14385679364204407,0.00043079748866148293,0.9112318754196167,0.08011075109243393,0.0013647024752572179
G33,904,11311.5009765625,0.09509509801864624,-1330.8497314453125,-1330.8497314453125,1303.480712890625,1317.865234375,1349.296875,1364.0,1364.0,101.47041320800781,-27.360149383544922,0.981926441192627,0.9533511400222778,0.9889820218086243,0.1431349813938141,0.1431349813938141,0.0004307443159632385,0.9113274812698364,0.07993007451295853,0.0013634187635034323
G33,905,11324.01171875,0.09409409761428833,-1330.651611328125,-1330.651611328125,1303.7064208984375,1318.08984375,1349.296875,1364.0,1364.0,101.30661010742188,-26.936309814453125,0.9819607734680176,0.953377902507782,0.989009439945221,0.14241163432598114,0.14241163432598114,0.00043075313442386687,0.9114232659339905,0.07975003868341446,0.0013624222483485937
G33,906,11336.5224609375,0.09309309720993042,-1330.4547119140625,-1330.4547119140625,1303.9306640625,1318.31494140625,1349.296875,1364.0,1364.0,101.14338684082031,-26.51507568359375,0.9819950461387634,0.9534043073654175,0.9890367388725281,0.14168891310691833,0.14168891310691833,0.0004307038907427341,0.9115188717842102,0.07957065850496292,0.0013611918548122048
G33,907,11349.033203125,0.09209209680557251,-1330.2587890625,-1330.2587890625,1304.1529541015625,1318.53662109375,1349.296875,1364.0,1364.0,100.98072814941406,-26.09685516357422,0.9820290803909302,0.9534305334091187,0.9890639185905457,0.14096546173095703,0.14096546173095703,0.00043070531683042645,0.9116145372390747,0.07939191162586212,0.001360642840154469
G33,908,11361.5439453125,0.0910910964012146,-1330.06396484375,-1330.06396484375,1304.37353515625,1318.75732421875,1349.296875,1364.0,1364.0,100.81863403320312,-25.681398391723633,0.9820630550384521,0.953456461429596,0.9890910983085632,0.14024192094802856,0.14024192094802856,0.0004306675400584936,0.9117103815078735,0.07921380549669266,0.0013595788041129708
G33,909,11374.0537109375,0.09009009599685669,-1329.8701171875,-1329.8701171875,1304.592529296875,1318.9765625,1349.296875,1364.0,1364.0,100.6571044921875,-25.268814086914062,0.9820968508720398,0.9534821510314941,0.9891180396080017,0.1395181566476822,0.1395181566476822,0.00043064882629550993,0.9118061065673828,0.07903633266687393,0.0013578006764873862
G33,910,11386.564453125,0.08908909559249878,-1329.6776123046875,-1329.6776123046875,1304.809814453125,1319.19287109375,1349.296875,1364.0,1364.0,100.49613952636719,-24.85909080505371,0.9821305274963379,0.9535074830055237,0.9891448616981506,0.13879407942295074,0.13879407942295074,0.0004306192568037659,0.9119020104408264,0.07885950058698654,0.0013556162593886256
G33,911,11399.0751953125,0.08808809518814087,-1329.486328125,-1329.486328125,1305.025146484375,1319.409423828125,1349.296875,1364.0,1364.0,100.33573913574219,-24.45220947265625,0.9821640253067017,0.9535326361656189,0.98917156457901,0.13806961476802826,0.13806961476802826,0.00043058337178081274,0.9119980335235596,0.0786832943558693,0.0013534894678741693
G33,912,11411.5859375,0.08708709478378296,-1329.2958984375,-1329.2958984375,1305.239013671875,1319.6221923828125,1349.296875,1364.0,1364.0,100.17588806152344,-24.04816436767578,0.9821975231170654,0.953557550907135,0.9891982674598694,0.13734528422355652,0.13734528422355652,0.00043055141577497125,0.9120941758155823,0.07850771397352219,0.0013515378814190626
G33,913,11424.095703125,0.08608609437942505,-1329.1068115234375,-1329.1068115234375,1305.450927734375,1319.834716796875,1349.296875,1364.0,1364.0,100.0166015625,-23.647035598754883,0.9822307825088501,0.9535821676254272,0.9892247319221497,0.13662002980709076,0.13662002980709076,0.0004305074398871511,0.9121906161308289,0.07833275943994522,0.0013499577762559056
G33,914,11436.6064453125,0.08508509397506714,-1328.9188232421875,-1328.9188232421875,1305.661376953125,1320.0447998046875,1349.296875,1364.0,1364.0,99.85786437988281,-23.248653411865234,0.9822639226913452,0.9536064267158508,0.9892511963844299,0.1358952671289444,0.1358952671289444,0.0004304723988752812,0.9122870564460754,0.0781584158539772,0.0013483298243954778
G33,915,11449.1171875,0.08408409357070923,-1328.73193359375,-1328.73193359375,1305.869873046875,1320.253173828125,1349.296875,1364.0,1364.0,99.69967651367188,-22.853261947631836,0.9822969436645508,0.9536305069923401,0.9892774820327759,0.13516944646835327,0.13516944646835327,0.0004304292378947139,0.9123839735984802,0.07798469811677933,0.0013471950078383088
G33,916,11461.6279296875,0.08308309316635132,-1328.5460205078125,-1328.5460205078125,1306.0767822265625,1320.46044921875,1349.296875,1364.0,1364.0,99.54203796386719,-22.460590362548828,0.9823298454284668,0.9536543488502502,0.989303708076477,0.13444405794143677,0.13444405794143677,0.0004303885798435658,0.9124810099601746,0.0778115838766098,0.0013468917459249496
G33,917,11474.1376953125,0.08208209276199341,-1328.3614501953125,-1328.3614501953125,1306.2818603515625,1320.665283203125,1349.296875,1364.0,1364.0,99.38494110107422,-22.07089614868164,0.9823625087738037,0.9536778926849365,0.9893297553062439,0.13371774554252625,0.13371774554252625,0.0004303592722862959,0.9125784039497375,0.07763908058404922,0.0013465668307617307
G33,918,11486.6484375,0.0810810923576355,-1328.177978515625,-1328.177978515625,1306.4853515625,1320.8687744140625,1349.296875,1364.0,1364.0,99.2283935546875,-21.6839599609375,0.9823951125144958,0.9537011981010437,0.989355742931366,0.13299167156219482,0.13299167156219482,0.00043030502274632454,0.912676215171814,0.0774671882390976,0.0013460273621603847
G33,919,11499.1591796875,0.08008009195327759,-1327.99560546875,-1327.99560546875,1306.68701171875,1321.070556640625,1349.296875,1364.0,1364.0,99.0723876953125,-21.299968719482422,0.9824276566505432,0.9537243247032166,0.9893816709518433,0.13226479291915894,0.13226479291915894,0.0004302967863623053,0.9127744436264038,0.07729589194059372,0.0013455216540023685
G33,920,11511.669921875,0.07907909154891968,-1327.8143310546875,-1327.8143310546875,1306.886962890625,1321.2703857421875,1349.296875,1364.0,1364.0,98.91691589355469,-20.918758392333984,0.9824600219726562,0.9537470936775208,0.989407479763031,0.13153806328773499,0.13153806328773499,0.0004302305169403553,0.9128730893135071,0.0771251916885376,0.0013438998721539974
G33,921,11524.1796875,0.07807809114456177,-1327.63427734375,-1327.63427734375,1307.085205078125,1321.4686279296875,1349.296875,1364.0,1364.0,98.76199340820312,-20.54047966003418,0.982492208480835,0.9537695050239563,0.9894331097602844,0.13081063330173492,0.13081063330173492,0.000430233747465536,0.9129722118377686,0.07695508748292923,0.0013419652823358774
G33,922,11536.6904296875,0.07707709074020386,-1327.4554443359375,-1327.4554443359375,1307.281982421875,1321.6654052734375,1349.296875,1364.0,1364.0,98.60760498046875,-20.16500473022461,0.9825243353843689,0.9537917375564575,0.9894586801528931,0.1300830990076065,0.1300830990076065,0.00043016744893975556,0.9130718111991882,0.07678557932376862,0.001340846880339086
G33,923,11549.201171875,0.07607609033584595,-1327.277587890625,-1327.277587890625,1307.4766845703125,1321.8597412109375,1349.296875,1364.0,1364.0,98.45375061035156,-19.79242706298828,0.9825562834739685,0.9538137912750244,0.9894842505455017,0.12935520708560944,0.12935520708560944,0.0004301670996937901,0.9131720662117004,0.07661665976047516,0.0013400169555097818
G33,924,11561.7119140625,0.07507508993148804,-1327.10107421875,-1327.10107421875,1307.669921875,1322.0535888671875,1349.296875,1364.0,1364.0,98.30042266845703,-19.422706604003906,0.9825881719589233,0.9538354873657227,0.9895095825195312,0.1286267638206482,0.1286267638206482,0.0004301119188312441,0.9132728576660156,0.07644832134246826,0.00133952044416219
G33,925,11574.2216796875,0.07407408952713013,-1326.925537109375,-1326.925537109375,1307.861328125,1322.244384765625,1349.296875,1364.0,1364.0,98.14762878417969,-19.05582046508789,0.9826199412345886,0.9538569450378418,0.9895349144935608,0.12789836525917053,0.12789836525917053,0.00043009567889384925,0.9133744239807129,0.07628056406974792,0.001338593428954482
G33,926,11586.732421875,0.07307308912277222,-1326.7513427734375,-1326.7513427734375,1308.051025390625,1322.4346923828125,1349.296875,1364.0,1364.0,97.995361328125,-18.691856384277344,0.9826515316963196,0.9538781046867371,0.9895601272583008,0.12716904282569885,0.12716904282569885,0.00043006017222069204,0.9134767055511475,0.07611338794231415,0.0013371595414355397
G33,927,11599.2431640625,0.0720720887184143,-1326.578125,-1326.578125,1308.239013671875,1322.6224365234375,1349.296875,1364.0,1364.0,97.84362030029297,-18.33067512512207,0.9826828837394714,0.9538990259170532,0.9895851016044617,0.1264398992061615,0.1264398992061615,0.0004300320288166404,0.9135797619819641,0.07594678550958633,0.00133531354367733
G33,928,11611.75390625,0.0710710883140564,-1326.40625,-1326.40625,1308.42529296875,1322.808837890625,1349.296875,1364.0,1364.0,97.69241333007812,-17.972442626953125,0.9827142953872681,0.9539197087287903,0.9896100759506226,0.12570996582508087,0.12570996582508087,0.0004300108121242374,0.9136836528778076,0.07578075677156448,0.0013336817501112819
G33,929,11624.2646484375,0.07007008790969849,-1326.2353515625,-1326.2353515625,1308.6099853515625,1322.993408203125,1349.296875,1364.0,1364.0,97.54171752929688,-17.617015838623047,0.9827455282211304,0.9539401531219482,0.9896349310874939,0.12497974187135696,0.12497974187135696,0.0004299816209822893,0.9137884974479675,0.0756153017282486,0.0013330422807484865
G33,930,11636.7744140625,0.06906908750534058,-1326.0657958984375,-1326.0657958984375,1308.79296875,1323.176513671875,1349.296875,1364.0,1364.0,97.39154815673828,-17.26447105407715,0.9827765822410583,0.9539602994918823,0.98965984582901,0.12424922734498978,0.12424922734498978,0.0004299688444007188,0.9138943552970886,0.07545039802789688,0.0013330691726878285
G33,931,11649.28515625,0.06806808710098267,-1325.897216796875,-1325.897216796875,1308.97412109375,1323.357666015625,1349.296875,1364.0,1364.0,97.24189758300781,-16.914813995361328,0.9828075170516968,0.9539801478385925,0.9896844625473022,0.1235179528594017,0.1235179528594017,0.0004299373831599951,0.9140012860298157,0.07528606057167053,0.0013325039763003588
G33,932,11661.7958984375,0.06706708669662476,-1325.72998046875,-1325.72998046875,1309.1536865234375,1323.537353515625,1349.296875,1364.0,1364.0,97.09275817871094,-16.567977905273438,0.9828384518623352,0.9539998173713684,0.9897090792655945,0.12278657406568527,0.12278657406568527,0.0004299348802305758,0.9141092896461487,0.07512228190898895,0.0013311594957485795
G33,933,11674.306640625,0.06606608629226685,-1325.5638427734375,-1325.5638427734375,1309.33154296875,1323.715087890625,1349.296875,1364.0,1364.0,96.94413757324219,-16.224056243896484,0.9828691482543945,0.9540192484855652,0.9897336363792419,0.12205449491739273,0.12205449491739273,0.00042989637586288154,0.9142186045646667,0.07495906203985214,0.0013299314305186272
G33,934,11686.81640625,0.06506508588790894,-1325.39892578125,-1325.39892578125,1309.5076904296875,1323.891357421875,1349.296875,1364.0,1364.0,96.79603576660156,-15.88297176361084,0.9828997254371643,0.9540383219718933,0.9897578954696655,0.12132182717323303,0.12132182717323303,0.0004299003048799932,0.9143292307853699,0.0747963935136795,0.0013298188569024205
G33,935,11699.3271484375,0.06406408548355103,-1325.235107421875,-1325.235107421875,1309.68212890625,1324.0657958984375,1349.296875,1364.0,1364.0,96.64842987060547,-15.544742584228516,0.9829302430152893,0.9540570974349976,0.9897823333740234,0.12058918178081512,0.12058918178081512,0.0004298527492210269,0.9144412279129028,0.07463426887989044,0.0013302292209118605
G33,936,11711.837890625,0.06306308507919312,-1325.0726318359375,-1325.0726318359375,1309.8548583984375,1324.238525390625,1349.296875,1364.0,1364.0,96.5013427734375,-15.209450721740723,0.9829606413841248,0.9540757536888123,0.9898064732551575,0.11985492706298828,0.11985492706298828,0.0004298505955375731,0.9145546555519104,0.07447268813848495,0.0013306016335263848
G33,937,11724.3486328125,0.062062084674835205,-1324.9111328125,-1324.9111328125,1310.026123046875,1324.409912109375,1349.296875,1364.0,1364.0,96.35476684570312,-14.87689208984375,0.9829909205436707,0.9540941119194031,0.9898305535316467,0.11912160366773605,0.11912160366773605,0.00042980469879694283,0.9146696925163269,0.07431165128946304,0.0013296817196533084
G33,938,11736.8583984375,0.061061084270477295,-1324.7508544921875,-1324.7508544921875,1310.1953125,1324.5789794921875,1349.296875,1364.0,1364.0,96.20869445800781,-14.547388076782227,0.9830209612846375,0.9541122317314148,0.989854633808136,0.11838590353727341,0.11838590353727341,0.00042977608973160386,0.9147864580154419,0.07415115088224411,0.0013285503955557942
G33,939,11749.369140625,0.060060083866119385,-1324.5919189453125,-1324.5919189453125,1310.36328125,1324.747314453125,1349.296875,1364.0,1364.0,96.0631332397461,-14.220535278320312,0.9830509424209595,0.9541299939155579,0.9898785352706909,0.11765134334564209,0.11765134334564209,0.0004297418927308172,0.9149050116539001,0.07399118691682816,0.001326361671090126
G33,940,11761.8798828125,0.059059083461761475,-1324.43408203125,-1324.43408203125,1310.5291748046875,1324.9130859375,1349.296875,1364.0,1364.0,95.91807556152344,-13.896760940551758,0.9830808639526367,0.9541475772857666,0.9899023771286011,0.11691464483737946,0.11691464483737946,0.00042968240450136364,0.9150254726409912,0.07383175194263458,0.0013251458294689655
G33,941,11774.390625,0.058058083057403564,-1324.2774658203125,-1324.2774658203125,1310.693603515625,1325.07763671875,1349.296875,1364.0,1364.0,95.77350616455078,-13.575679779052734,0.9831106662750244,0.9541648626327515,0.9899260997772217,0.11617815494537354,0.11617815494537354,0.0004296477127354592,0.9151480197906494,0.07367284595966339,0.0013243263820186257
G33,942,11786.900390625,0.057057082653045654,-1324.1220703125,-1324.1220703125,1310.8563232421875,1325.240478515625,1349.296875,1364.0,1364.0,95.62944030761719,-13.257572174072266,0.983140230178833,0.9541819095611572,0.9899497032165527,0.11544075608253479,0.11544075608253479,0.0004295741382520646,0.9152728319168091,0.07351446151733398,0.0013245726004242897
G33,943,11799.4111328125,0.056056082248687744,-1323.9677734375,-1323.9677734375,1311.017333984375,1325.4014892578125,1349.296875,1364.0,1364.0,95.48588562011719,-12.94231128692627,0.9831697940826416,0.9541987180709839,0.9899733066558838,0.11470195651054382,0.11470195651054382,0.00042952276999130845,0.915399968624115,0.07335659861564636,0.0013249324401840568
G33,944,11811.921875,0.055055081844329834,-1323.814697265625,-1323.814697265625,1311.1767578125,1325.56103515625,1349.296875,1364.0,1364.0,95.34281921386719,-12.629850387573242,0.9831991195678711,0.9542152285575867,0.9899967908859253,0.1139635518193245,0.1139635518193245,0.00042944957385770977,0.9155294895172119,0.07319925725460052,0.001324669923633337
G33,945,11824.4326171875,0.054054081439971924,-1323.662841796875,-1323.662841796875,1311.33447265625,1325.71875,1349.296875,1364.0,1364.0,95.20024108886719,-12.320389747619629,0.9832284450531006,0.9542315006256104,0.9900201559066772,0.11322273313999176,0.11322273313999176,0.00042937626130878925,0.9156617522239685,0.07304242253303528,0.0013244760921224952
G33,946,11836.943359375,0.053053081035614014,-1323.51220703125,-1323.51220703125,1311.490478515625,1325.8748779296875,1349.296875,1364.0,1364.0,95.05816650390625,-12.013628959655762,0.9832575917243958,0.9542474746704102,0.9900434017181396,0.11248243600130081,0.11248243600130081,0.00042929829214699566,0.9157967567443848,0.07288610190153122,0.0013233585050329566
G33,947,11849.453125,0.052052080631256104,-1323.36279296875,-1323.36279296875,1311.644775390625,1326.0294189453125,1349.296875,1364.0,1364.0,94.91658020019531,-11.709888458251953,0.9832866787910461,0.9542632699012756,0.990066647529602,0.11174007505178452,0.11174007505178452,0.0004292092635296285,0.9159348011016846,0.07273028790950775,0.00132269028108567
G33,948,11861.9638671875,0.05105108022689819,-1323.214599609375,-1323.214599609375,1311.7977294921875,1326.18212890625,1349.296875,1364.0,1364.0,94.7754898071289,-11.408902168273926,0.9833155870437622,0.9542787075042725,0.9900897741317749,0.11099709570407867,0.11099709570407867,0.0004291179357096553,0.9160760641098022,0.07257498055696487,0.0013218800304457545
G33,949,11874.474609375,0.05005007982254028,-1323.067626953125,-1323.067626953125,1311.9488525390625,1326.33349609375,1349.296875,1364.0,1364.0,94.6348876953125,-11.110828399658203,0.9833444356918335,0.9542940258979797,0.9901127815246582,0.11025319248437881,0.11025319248437881,0.00042901147389784455,0.9162208437919617,0.0724201649427414,0.0013217703672125936
G33,950,11886.9853515625,0.04904907941818237,-1322.921875,-1322.921875,1312.0982666015625,1326.48291015625,1349.296875,1364.0,1364.0,94.49476623535156,-10.815635681152344,0.9833731651306152,0.9543089866638184,0.9901357293128967,0.10950734466314316,0.10950734466314316,0.0004289051576051861,0.9163692593574524,0.0722658559679985,0.0013220265973359346
G33,951,11899.4951171875,0.04804807901382446,-1322.77734375,-1322.77734375,1312.2462158203125,1326.631103515625,1349.296875,1364.0,1364.0,94.35514068603516,-10.523235321044922,0.9834017753601074,0.9543237686157227,0.9901584982872009,0.10876113176345825,0.10876113176345825,0.0004287719784770161,0.9165215492248535,0.07211203873157501,0.001321603893302381
G33,952,11912.005859375,0.04704707860946655,-1322.634033203125,-1322.634033203125,1312.392333984375,1326.777099609375,1349.296875,1364.0,1364.0,94.21600341796875,-10.233786582946777,0.9834302067756653,0.9543381929397583,0.9901812672615051,0.10801269114017487,0.10801269114017487,0.00042864956776611507,0.9166779518127441,0.07195870578289032,0.0013208022573962808
G33,953,11924.5166015625,0.04604607820510864,-1322.491943359375,-1322.491943359375,1312.5369873046875,1326.9222412109375,1349.296875,1364.0,1364.0,94.07733917236328,-9.947121620178223,0.9834585189819336,0.9543524384498596,0.9902039766311646,0.10726320743560791,0.10726320743560791,0.0004284862370695919,0.9168388843536377,0.07180586457252502,0.0013199257664382458
G33,954,11937.02734375,0.04504507780075073,-1322.35107421875,-1322.35107421875,1312.679931640625,1327.064697265625,1349.296875,1364.0,1364.0,93.93916320800781,-9.663358688354492,0.9834868907928467,0.9543663263320923,0.9902265071868896,0.10651207715272903,0.10651207715272903,0.0004283390298951417,0.9170045852661133,0.07165350764989853,0.0013200916582718492
G33,955,11949.537109375,0.04404407739639282,-1322.2115478515625,-1322.2115478515625,1312.821044921875,1327.20654296875,1349.296875,1364.0,1364.0,93.80146789550781,-9.382452011108398,0.9835149645805359,0.9543800950050354,0.9902490973472595,0.10575883835554123,0.10575883835554123,0.00042815328924916685,0.9171753525733948,0.07150163501501083,0.0013212395133450627
G33,956,11962.0478515625,0.04304307699203491,-1322.0732421875,-1322.0732421875,1312.9609375,1327.3460693359375,1349.296875,1364.0,1364.0,93.66426086425781,-9.104371070861816,0.9835430383682251,0.9543935656547546,0.9902715086936951,0.10500424355268478,0.10500424355268478,0.0004279620770830661,0.917351484298706,0.07135023921728134,0.001321991323493421
G33,957,11974.55859375,0.042042076587677,-1321.9361572265625,-1321.9361572265625,1313.09912109375,1327.484619140625,1349.296875,1364.0,1364.0,93.52752685546875,-8.829193115234375,0.9835708737373352,0.95440673828125,0.9902938604354858,0.1042470782995224,0.1042470782995224,0.0004277638508938253,0.9175335168838501,0.07119931280612946,0.0013221065746620297
G33,958,11987.0693359375,0.04104107618331909,-1321.80029296875,-1321.80029296875,1313.235595703125,1327.620849609375,1349.296875,1364.0,1364.0,93.39127349853516,-8.55682373046875,0.9835987091064453,0.9544196128845215,0.9903160929679871,0.10348805785179138,0.10348805785179138,0.00042751969886012375,0.9177217483520508,0.07104887068271637,0.0013218309031799436
G33,959,11999.5791015625,0.04004007577896118,-1321.665771484375,-1321.665771484375,1313.37060546875,1327.756103515625,1349.296875,1364.0,1364.0,93.25550842285156,-8.287338256835938,0.9836263656616211,0.9544323682785034,0.9903382658958435,0.10272642970085144,0.10272642970085144,0.0004273001104593277,0.9179166555404663,0.07089889049530029,0.0013226683950051665
G33,960,12012.08984375,0.03903907537460327,-1321.5323486328125,-1321.5323486328125,1313.50390625,1327.889404296875,1349.296875,1364.0,1364.0,93.12020874023438,-8.020689010620117,0.9836539030075073,0.9544447064399719,0.9903603792190552,0.10196220129728317,0.10196220129728317,0.0004270149802323431,0.9181187152862549,0.07074938714504242,0.0013242362765595317
G33,961,12024.6005859375,0.03803807497024536,-1321.400390625,-1321.400390625,1313.6357421875,1328.021484375,1349.296875,1364.0,1364.0,92.98538208007812,-7.756891250610352,0.983681321144104,0.9544568657875061,0.9903823733329773,0.1011950746178627,0.1011950746178627,0.0004267485346645117,0.9183284640312195,0.07060034573078156,0.0013250531628727913
G33,962,12037.111328125,0.03703707456588745,-1321.26953125,-1321.26953125,1313.765869140625,1328.151611328125,1349.296875,1364.0,1364.0,92.85104370117188,-7.495938301086426,0.9837086796760559,0.954468846321106,0.9904042482376099,0.10042493790388107,0.10042493790388107,0.0004264353774487972,0.9185464382171631,0.0704517737030983,0.0013248686445876956
G33,963,12049.62109375,0.03603607416152954,-1321.14013671875,-1321.14013671875,1313.8946533203125,1328.280517578125,1349.296875,1364.0,1364.0,92.71717834472656,-7.2378411293029785,0.9837358593940735,0.9544804692268372,0.9904261231422424,0.0996510460972786,0.0996510460972786,0.00042610493255779147,0.9187732338905334,0.07030367106199265,0.0013257656246423721
G33,964,12062.1318359375,0.03503507375717163,-1321.011962890625,-1321.011962890625,1314.0218505859375,1328.4075927734375,1349.296875,1364.0,1364.0,92.58377838134766,-6.98256254196167,0.9837630391120911,0.9544918537139893,0.9904478788375854,0.09887386113405228,0.09887386113405228,0.00042575193219818175,0.9190095663070679,0.070156030356884,0.0013286559842526913
G33,965,12074.642578125,0.03403407335281372,-1320.88525390625,-1320.88525390625,1314.1473388671875,1328.533447265625,1349.296875,1364.0,1364.0,92.45085906982422,-6.730159759521484,0.9837900996208191,0.954503059387207,0.9904695153236389,0.09809193760156631,0.09809193760156631,0.0004253673832863569,0.9192562103271484,0.07000885903835297,0.0013324909377843142
G33,966,12087.1533203125,0.03303307294845581,-1320.7596435546875,-1320.7596435546875,1314.271484375,1328.657470703125,1349.296875,1364.0,1364.0,92.31840515136719,-6.480555534362793,0.983816921710968,0.9545139074325562,0.9904911518096924,0.09730597585439682,0.09730597585439682,0.00042494668741710484,0.9195137619972229,0.06986215710639954,0.0013350663939490914
G33,967,12099.6640625,0.0320320725440979,-1320.635498046875,-1320.635498046875,1314.39404296875,1328.780029296875,1349.296875,1364.0,1364.0,92.18643188476562,-6.233823776245117,0.9838437438011169,0.954524576663971,0.9905126690864563,0.09651457518339157,0.09651457518339157,0.0004245163290761411,0.9197832345962524,0.06971592456102371,0.0013368312502279878
G33,968,12112.173828125,0.03103107213973999,-1320.5125732421875,-1320.5125732421875,1314.51513671875,1328.901123046875,1349.296875,1364.0,1364.0,92.054931640625,-5.989901542663574,0.9838703870773315,0.9545348882675171,0.9905340671539307,0.09571771323680878,0.09571771323680878,0.00042400494567118585,0.9200654625892639,0.06957016885280609,0.0013388785300776362
G33,969,12124.6845703125,0.03003007173538208,-1320.39111328125,-1320.39111328125,1314.634765625,1329.0208740234375,1349.296875,1364.0,1364.0,91.92390441894531,-5.748819351196289,0.9838969707489014,0.9545449614524841,0.990555465221405,0.09491482377052307,0.09491482377052307,0.00042351247975602746,0.9203615784645081,0.06942488998174667,0.0013422623742371798
G33,970,12137.1953125,0.02902907133102417,-1320.27099609375,-1320.27099609375,1314.7529296875,1329.1390380859375,1349.296875,1364.0,1364.0,91.79334259033203,-5.510578155517578,0.9839233756065369,0.9545548558235168,0.9905766248703003,0.09410454332828522,0.09410454332828522,0.00042291273712180555,0.9206725358963013,0.06928010284900665,0.0013461658963933587
G33,971,12149.7060546875,0.02802807092666626,-1320.15234375,-1320.15234375,1314.8695068359375,1329.2557373046875,1349.296875,1364.0,1364.0,91.66326141357422,-5.275136947631836,0.9839497804641724,0.9545643925666809,0.9905979037284851,0.09328742325305939,0.09328742325305939,0.00042232562555000186,0.9209996461868286,0.06913582235574722,0.0013497991021722555
G33,972,12162.2158203125,0.02702707052230835,-1320.034912109375,-1320.034912109375,1314.98486328125,1329.3709716796875,1349.296875,1364.0,1364.0,91.53364562988281,-5.042571544647217,0.9839759469032288,0.9545737504959106,0.9906189441680908,0.09246057271957397,0.09246057271957397,0.0004216376692056656,0.9213441610336304,0.06899203360080719,0.0013538073981180787
G33,973,12174.7265625,0.026026010513305664,-1319.9190673828125,-1319.9190673828125,1315.0987548828125,1329.48486328125,1349.296875,1364.0,1364.0,91.40450286865234,-4.8127593994140625,0.9840020537376404,0.9545828700065613,0.9906400442123413,0.09162552654743195,0.09162552654743195,0.0004209231410641223,0.9217075109481812,0.06884878873825073,0.0013584154658019543
G33,974,12187.2373046875,0.025025010108947754,-1319.8045654296875,-1319.8045654296875,1315.211181640625,1329.597412109375,1349.296875,1364.0,1364.0,91.27584838867188,-4.585859298706055,0.9840280413627625,0.954591691493988,0.9906609654426575,0.09077826142311096,0.09077826142311096,0.00042013038182631135,0.9220913052558899,0.06870608031749725,0.0013648101594299078
G33,975,12199.748046875,0.024024009704589844,-1319.691650390625,-1319.691650390625,1315.322265625,1329.70849609375,1349.296875,1364.0,1364.0,91.14765167236328,-4.361716270446777,0.9840539693832397,0.9546002745628357,0.9906818866729736,0.08992039412260056,0.08992039412260056,0.00041926850099116564,0.9224970936775208,0.06856394559144974,0.0013714737724512815
G33,976,12212.2578125,0.023023009300231934,-1319.580078125,-1319.580078125,1315.43212890625,1329.8182373046875,1349.296875,1364.0,1364.0,91.01992797851562,-4.140475749969482,0.9840797185897827,0.9546086192131042,0.990702748298645,0.08904784172773361,0.08904784172773361,0.00041833260911516845,0.9229268431663513,0.06842239946126938,0.001378009095788002
G33,977,12224.7685546875,0.022022008895874023,-1319.4700927734375,-1319.4700927734375,1315.5406494140625,1329.926513671875,1349.296875,1364.0,1364.0,90.89269256591797,-3.9220242500305176,0.9841054081916809,0.9546166658401489,0.9907234311103821,0.08816064894199371,0.08816064894199371,0.0004173057386651635,0.923382580280304,0.06828147917985916,0.0013843921478837729
G33,978,12237.279296875,0.021021008491516113,-1319.3616943359375,-1319.3616943359375,1315.64794921875,1330.03369140625,1349.296875,1364.0,1364.0,90.76593017578125,-3.706451416015625,0.9841309785842896,0.9546244740486145,0.9907440543174744,0.08725608140230179,0.08725608140230179,0.0004161735996603966,0.9238662123680115,0.06814123690128326,0.0013940848875790834
G33,979,12249.7900390625,0.020020008087158203,-1319.2550048828125,-1319.2550048828125,1315.7537841796875,1330.1396484375,1349.296875,1364.0,1364.0,90.63963317871094,-3.493734836578369,0.9841564297676086,0.9546319842338562,0.9907646179199219,0.08633168041706085,0.08633168041706085,0.0004149492015130818,0.9243801236152649,0.06800170242786407,0.0014076577499508858
G33,980,12262.2998046875,0.019019007682800293,-1319.14990234375,-1319.14990234375,1315.858642578125,1330.244140625,1349.296875,1364.0,1364.0,90.51382446289062,-3.2838854789733887,0.9841817021369934,0.9546392560005188,0.9907852411270142,0.08538580685853958,0.08538580685853958,0.00041357066947966814,0.9249268174171448,0.06786295026540756,0.0014241432072594762
G33,981,12274.810546875,0.018018007278442383,-1319.0465087890625,-1319.0465087890625,1315.9622802734375,1330.34765625,1349.296875,1364.0,1364.0,90.38850402832031,-3.0769639015197754,0.9842069745063782,0.9546463489532471,0.9908055663108826,0.08441416174173355,0.08441416174173355,0.00041208151378668845,0.9255086779594421,0.0677250400185585,0.0014398910570889711
G33,982,12287.3212890625,0.017017006874084473,-1318.9449462890625,-1318.9449462890625,1316.064697265625,1330.44970703125,1349.296875,1364.0,1364.0,90.26365661621094,-2.872952699661255,0.9842320084571838,0.9546530842781067,0.9908259510993958,0.08341464400291443,0.08341464400291443,0.0004104082763660699,0.9261284470558167,0.06758805364370346,0.0014571677893400192
G33,983,12299.83203125,0.016016006469726562,-1318.84521484375,-1318.84521484375,1316.166015625,1330.551025390625,1349.296875,1364.0,1364.0,90.13929748535156,-2.671938896179199,0.9842569828033447,0.9546595811843872,0.9908463358879089,0.08238270878791809,0.08238270878791809,0.0004085662658326328,0.9267889857292175,0.067452073097229,0.0014845093246549368
G33,984,12312.341796875,0.015015006065368652,-1318.74755859375,-1318.74755859375,1316.2662353515625,1330.650634765625,1349.296875,1364.0,1364.0,90.01542663574219,-2.4739537239074707,0.9842818379402161,0.9546657800674438,0.9908664226531982,0.08131388574838638,0.08131388574838638,0.0004065113316755742,0.9274929761886597,0.06731720268726349,0.0015166086377575994
G33,985,12324.8525390625,0.014014005661010742,-1318.65185546875,-1318.65185546875,1316.365478515625,1330.749755859375,1349.296875,1364.0,1364.0,89.89203643798828,-2.279066562652588,0.9843065738677979,0.9546717405319214,0.9908865690231323,0.08020422607660294,0.08020422607660294,0.0004042146319989115,0.928243100643158,0.06718356907367706,0.001543763792142272
G33,986,12337.36328125,0.013013005256652832,-1318.5582275390625,-1318.5582275390625,1316.463623046875,1330.847412109375,1349.296875,1364.0,1364.0,89.76914978027344,-2.0873961448669434,0.9843312501907349,0.9546775221824646,0.9909067153930664,0.07904697209596634,0.07904697209596634,0.00040164304664358497,0.9290419816970825,0.06705129891633987,0.001578643568791449
G33,987,12349.8740234375,0.012012004852294922,-1318.467041015625,-1318.467041015625,1316.560791015625,1330.944091796875,1349.296875,1364.0,1364.0,89.64675903320312,-1.8990248441696167,0.9843557476997375,0.9546829462051392,0.9909267425537109,0.07783699035644531,0.07783699035644531,0.00039874567301012576,0.9298918843269348,0.06692053377628326,0.0016278813127428293
G33,988,12362.384765625,0.011011004447937012,-1318.3782958984375,-1318.3782958984375,1316.656982421875,1331.0400390625,1349.296875,1364.0,1364.0,89.52485656738281,-1.7141268253326416,0.9843801259994507,0.9546881318092346,0.9909466505050659,0.07656776160001755,0.07656776160001755,0.0003954748099204153,0.9307949542999268,0.06679143756628036,0.0016736766556277871
G33,989,12374.89453125,0.010010004043579102,-1318.2921142578125,-1318.2921142578125,1316.7520751953125,1331.13427734375,1349.296875,1364.0,1364.0,89.4034652709961,-1.5328871011734009,0.9844043254852295,0.9546931385993958,0.9909664392471313,0.07523035258054733,0.07523035258054733,0.000391766574466601,0.9317524433135986,0.06666413694620132,0.0017334988806396723
G33,990,12387.4052734375,0.009009003639221191,-1318.208984375,-1318.208984375,1316.84619140625,1331.228271484375,1349.296875,1364.0,1364.0,89.28257751464844,-1.3555009365081787,0.9844285845756531,0.954697847366333,0.9909862279891968,0.0738200843334198,0.073820099234581,0.0003875528636854142,0.9327650666236877,0.06653881818056107,0.0018156056758016348
G33,991,12399.916015625,0.008008003234863281,-1318.1287841796875,-1318.1287841796875,1316.9393310546875,1331.320556640625,1349.296875,1364.0,1364.0,89.16220092773438,-1.1823029518127441,0.9844526052474976,0.9547022581100464,0.9910059571266174,0.07232493907213211,0.07232502847909927,0.0003827629261650145,0.9338328242301941,0.06641560792922974,0.0019010878168046474
G33,992,12412.4267578125,0.007007002830505371,-1318.0517578125,-1318.0517578125,1317.03125,1331.411865234375,1349.296875,1364.0,1364.0,89.0423355102539,-1.0135622024536133,0.9844765663146973,0.9547064304351807,0.9910256266593933,0.07073872536420822,0.07073893398046494,0.000377299205865711,0.9349545240402222,0.06629464030265808,0.0020009013824164867
G33,993,12424.9365234375,0.006006002426147461,-1317.978759765625,-1317.978759765625,1317.121826171875,1331.5018310546875,1349.296875,1364.0,1364.0,88.92298889160156,-0.849713921546936,0.9845002889633179,0.9547103047370911,0.9910451769828796,0.06905139237642288,0.06905160844326019,0.0003711019817274064,0.9361280798912048,0.06617600470781326,0.0021171721164137125
G33,994,12437.447265625,0.005005002021789551,-1317.90966796875,-1317.90966796875,1317.211181640625,1331.590576171875,1349.296875,1364.0,1364.0,88.80416870117188,-0.6912046670913696,0.9845239520072937,0.9547140002250671,0.9910646677017212,0.06725233048200607,0.06725270301103592,0.0003640715149231255,0.9373501539230347,0.06605977565050125,0.0022457654122263193
G33,995,12449.9580078125,0.004004001617431641,-1317.8448486328125,-1317.8448486328125,1317.299072265625,1331.677490234375,1349.296875,1364.0,1364.0,88.68587493896484,-0.5385568141937256,0.9845475554466248,0.9547173976898193,0.991084098815918,0.06532996147871017,0.06533142179250717,0.0003561679332051426,0.9386164546012878,0.06594594568014145,0.002410084707662463
G33,996,12462.46875,0.0030030012130737305,-1317.78466796875,-1317.78466796875,1317.38525390625,1331.76318359375,1349.296875,1364.0,1364.0,88.56810760498047,-0.39237189292907715,0.9845709800720215,0.9547205567359924,0.9911035299301147,0.06327533721923828,0.06327693164348602,0.0003473441756796092,0.9399212598800659,0.06583447009325027,0.0026051842141896486
G33,997,12474.978515625,0.0020020008087158203,-1317.730224609375,-1317.730224609375,1317.4697265625,1331.846923828125,1349.296875,1364.0,1364.0,88.45085906982422,-0.253354549407959,0.9845941662788391,0.9547233581542969,0.9911227226257324,0.06107029318809509,0.06107471138238907,0.00033762218663468957,0.9412574172019958,0.06572527438402176,0.0028157124761492014
G33,998,12487.4892578125,0.0010010004043579102,-1317.6812744140625,-1317.6812744140625,1317.552001953125,1331.928466796875,1349.296875,1364.0,1364.0,88.33415222167969,-0.12226276099681854,0.9846173524856567,0.954725980758667,0.9911419153213501,0.05870262533426285,0.05872533097863197,0.0003270636952947825,0.9426167607307434,0.06561816483736038,0.003070209175348282
G33,999,12500.0,0.0,-1317.63916015625,-1317.63916015625,1317.632080078125,1332.0078125,1349.296875,1364.0,1364.0,88.21797180175781,0.0,0.9846404194831848,0.954728364944458,0.9911611080169678,0.05615336820483208,0.057338371872901917,0.00031579387723468244,0.943988561630249,0.06551294773817062,0.0033678084146231413
