instance,step,beta,gamma,loss_mean,free_energy_mean,expected_cut_mean,expected_cut_max,hard_cut_mean,hard_cut_max,best_cut_so_far,entropy_mean,driver_energy_mean,R_mean,R_min,R_max,rx_mean,rx_abs_mean,rz_mean,rz_abs_mean,grad_norm_raw_R,grad_norm_theta
G17,0,2.0,1.0,-2618.73876953125,-2618.73876953125,2333.5,2333.5,2313.171875,2380.0,2380.0,554.4776611328125,-7.999996185302734,0.010099474340677261,0.010056464932858944,0.010143181309103966,0.010099222883582115,0.010099222883582115,7.090020659461516e-08,6.969142850721255e-05,0.024626243859529495,2.49845179496333e-05
G17,1,14.510510444641113,0.9989989995956421,-2379.783447265625,-2379.783447265625,2333.5,2333.5,2320.1484375,2395.0,2395.0,554.4769287109375,-8.071290969848633,0.010199961252510548,0.010156523436307907,0.010244099423289299,0.010199946351349354,0.010199946351349354,5.018550197632976e-08,1.4874227417749353e-05,0.024950658902525902,0.0001784045743988827
G17,2,27.021020889282227,0.9979979991912842,-2362.1640625,-2362.1640625,2333.5,2333.5,2307.1953125,2379.0,2395.0,554.47607421875,-8.143621444702148,0.010301477275788784,0.010257611982524395,0.01034605037420988,0.010301372036337852,0.010301372036337852,-7.735398099839585e-09,4.57769820059184e-05,0.025179723277688026,4.47835263912566e-05
G17,3,39.531532287597656,0.9969969987869263,-2355.74267578125,-2355.74267578125,2333.5,2333.5,2311.0,2405.0,2405.0,554.4752197265625,-8.216349601745605,0.010404047556221485,0.0103597491979599,0.010449059307575226,0.010403902269899845,0.010403902269899845,-7.346437058686206e-08,5.336664980859496e-05,0.02540495991706848,0.00011679475574055687
G17,4,52.04204177856445,0.9959959983825684,-2352.4443359375,-2352.4443359375,2333.5,2333.5,2314.84375,2413.0,2413.0,554.474365234375,-8.289794921875,0.01050769817084074,0.010462962090969086,0.010553152300417423,0.010507635772228241,0.010507635772228241,-8.404551010698924e-08,3.388342520338483e-05,0.025630952790379524,0.00013742443115916103
G17,5,64.55255126953125,0.9949949979782104,-2350.45361328125,-2350.45361328125,2333.5,2333.5,2313.578125,2390.0,2413.0,554.4735107421875,-8.364036560058594,0.01061245333403349,0.010567276738584042,0.010658356361091137,0.010612444952130318,0.010612444952130318,-4.4756305328519375e-08,1.0862885574169923e-05,0.025858750566840172,8.884307317202911e-05
G17,6,77.06306457519531,0.9939939975738525,-2349.13427734375,-2349.13427734375,2333.5,2333.5,2303.46875,2402.0,2413.0,554.47265625,-8.43896484375,0.01071834284812212,0.010672721080482006,0.01076470036059618,0.010718300007283688,0.010718300007283688,1.9517207405783665e-08,2.9492768589989282e-05,0.0260882917791605,3.489747905405238e-05
G17,7,89.57357025146484,0.9929929971694946,-2348.20458984375,-2348.20458984375,2333.5,2333.5,2306.5,2395.0,2413.0,554.4718017578125,-8.514557838439941,0.01082539651542902,0.010779323056340218,0.010872210375964642,0.010825314559042454,0.010825314559042454,6.972887689471463e-08,4.088363129994832e-05,0.02631963975727558,7.579641533084214e-05
G17,8,102.0840835571289,0.9919919967651367,-2347.5224609375,-2347.5224609375,2333.5,2333.5,2311.296875,2413.0,2413.0,554.4708251953125,-8.590900421142578,0.01093363482505083,0.010887106880545616,0.010980913415551186,0.010933573357760906,0.010933573357760906,7.929099865577882e-08,3.5178778489353135e-05,0.026553113013505936,0.00010445898806210607
G17,9,114.59459686279297,0.9909909963607788,-2347.0068359375,-2347.0068359375,2333.5,2333.5,2330.1484375,2396.0,2413.0,554.4698486328125,-8.668058395385742,0.011043095029890537,0.010996106080710888,0.011090842075645924,0.011043076403439045,0.011043076403439045,5.1002036371983195e-08,1.9405633793212473e-05,0.026788948103785515,9.143860370386392e-05
G17,10,127.1051025390625,0.9899899959564209,-2346.6083984375,-2346.6083984375,2333.5,2333.5,2267.4375,2361.0,2413.0,554.468994140625,-8.746028900146484,0.011153802275657654,0.011106347665190697,0.011202020570635796,0.011153793893754482,0.011153793893754482,2.534136456233682e-09,8.921273547457531e-06,0.027027156203985214,5.15937790623866e-05
G17,11,139.61561584472656,0.988988995552063,-2346.29638671875,-2346.29638671875,2333.5,2333.5,2300.125,2388.0,2413.0,554.468017578125,-8.824784278869629,0.011265788227319717,0.01121786143630743,0.011314484290778637,0.01126575656235218,0.01126575656235218,-4.184442659038723e-08,2.5641958927735686e-05,0.027267666533589363,3.3273543522227556e-05
G17,12,152.12612915039062,0.9879879951477051,-2346.04931640625,-2346.04931640625,2333.5,2333.5,2305.40625,2400.0,2413.0,554.4669189453125,-8.904346466064453,0.011379077099263668,0.011330673471093178,0.011428257450461388,0.011379029601812363,0.011379029601812363,-6.215533687736752e-08,3.157611354254186e-05,0.027510549873113632,6.503197073470801e-05
G17,13,164.6366424560547,0.9869869947433472,-2345.8525390625,-2345.8525390625,2333.5,2333.5,2342.265625,2433.0,2433.0,554.4659423828125,-8.984763145446777,0.011493702419102192,0.0114448182284832,0.01154337264597416,0.011493667960166931,0.011493667960166931,-5.3142461098332205e-08,2.631535244290717e-05,0.02775595895946026,8.080834231805056e-05
G17,14,177.1471405029297,0.9859859943389893,-2345.69580078125,-2345.69580078125,2333.5,2333.5,2324.6953125,2399.0,2433.0,554.46484375,-9.066078186035156,0.011609699577093124,0.011560327373445034,0.011659866198897362,0.011609687469899654,0.011609687469899654,-2.4185595748349442e-08,1.5425097444676794e-05,0.028004027903079987,6.933655822649598e-05
G17,15,189.65765380859375,0.9849849939346313,-2345.57177734375,-2345.57177734375,2333.5,2333.5,2262.4921875,2358.0,2433.0,554.4638671875,-9.148294448852539,0.011727096512913704,0.011677232570946217,0.011777765117585659,0.011727090924978256,0.011727090924978256,8.964501141406345e-09,8.383378371945582e-06,0.028254777193069458,4.0818016714183614e-05
G17,16,202.1681671142578,0.9839839935302734,-2345.47412109375,-2345.47412109375,2333.5,2333.5,2302.6640625,2385.0,2433.0,554.4627685546875,-9.231416702270508,0.01184592954814434,0.01179556455463171,0.011897104792296886,0.011845909990370274,0.011845909990370274,3.30269571691133e-08,2.0347788449726067e-05,0.028508203104138374,2.9717166398768313e-05
G17,17,214.67868041992188,0.9829829931259155,-2345.3984375,-2345.3984375,2333.5,2333.5,2342.5,2430.0,2433.0,554.4615478515625,-9.31546401977539,0.0119662219658494,0.011915352195501328,0.012017911300063133,0.011966194957494736,0.011966194957494736,4.0537351253533416e-08,2.450811916787643e-05,0.028764378279447556,5.166324262972921e-05
G17,18,227.18919372558594,0.9819819927215576,-2345.3408203125,-2345.3408203125,2333.5,2333.5,2323.1953125,2398.0,2433.0,554.46044921875,-9.400470733642578,0.012088017538189888,0.012036636471748352,0.012140224687755108,0.012087997980415821,0.012087997980415821,3.223856381850965e-08,2.098381992254872e-05,0.02902340143918991,6.331999611575156e-05
G17,19,239.69969177246094,0.9809809923171997,-2345.2998046875,-2345.2998046875,2333.5,2333.5,2322.046875,2406.0,2433.0,554.459228515625,-9.48647689819336,0.01221134141087532,0.012159443460404873,0.012264076620340347,0.012211334891617298,0.012211334891617298,1.5321008461910424e-08,1.233800776390126e-05,0.02928539551794529,5.474988938658498e-05
G17,20,252.210205078125,0.9799799919128418,-2345.27197265625,-2345.27197265625,2333.5,2333.5,2273.3515625,2403.0,2433.0,554.4581298828125,-9.573492050170898,0.01233623456209898,0.01228381134569645,0.012389500625431538,0.012336230836808681,0.012336230836808681,-3.3554294898152648e-09,7.589132565044565e-06,0.02955038473010063,3.2824769732542336e-05
G17,21,264.7207336425781,0.9789789915084839,-2345.255859375,-2345.255859375,2333.5,2333.5,2333.6875,2415.0,2433.0,554.456787109375,-9.661527633666992,0.012462723068892956,0.012409769929945469,0.012516528367996216,0.012462710961699486,0.012462710961699486,-1.8813684832252875e-08,1.6788850189186633e-05,0.02981841191649437,2.5384046239196323e-05
G17,22,277.2312316894531,0.977977991104126,-2345.25048828125,-2345.25048828125,2333.5,2333.5,2320.6796875,2402.0,2433.0,554.45556640625,-9.750604629516602,0.012590846978127956,0.012537355534732342,0.012645198032259941,0.012590830214321613,0.012590830214321613,-2.7136101365954346e-08,1.9868495655828156e-05,0.030089525505900383,4.2846186261158437e-05
G17,23,289.7417297363281,0.9769769906997681,-2345.25439453125,-2345.25439453125,2333.5,2333.5,2313.2109375,2415.0,2433.0,554.454345703125,-9.840761184692383,0.01272063609212637,0.01266660075634718,0.012775540351867676,0.012720624916255474,0.012720624916255474,-2.6878810288621935e-08,1.6062986105680466e-05,0.030363842844963074,5.093241634313017e-05
G17,24,302.25225830078125,0.9759759902954102,-2345.2666015625,-2345.2666015625,2333.5,2333.5,2315.6875,2384.0,2433.0,554.4530029296875,-9.93202018737793,0.012852133251726627,0.01279754750430584,0.012907599098980427,0.012852130457758904,0.012852130457758904,-1.791984871601926e-08,8.603597052569967e-06,0.03064143843948841,4.1880430217133835e-05
G17,25,314.76275634765625,0.9749749898910522,-2345.285888671875,-2345.285888671875,2333.5,2333.5,2323.890625,2404.0,2433.0,554.45166015625,-10.024404525756836,0.012985370121896267,0.01293022371828556,0.013041402213275433,0.012985367327928543,0.012985367327928543,-1.7215324721320258e-09,8.384828106500208e-06,0.03092237375676632,2.3610231437487528e-05
G17,26,327.2732849121094,0.9739739894866943,-2345.31201171875,-2345.31201171875,2333.5,2333.5,2313.921875,2385.0,2433.0,554.4503173828125,-10.117927551269531,0.013120383024215698,0.013064670376479626,0.013176989741623402,0.013120374642312527,0.013120374642312527,1.6449689610453788e-08,1.507514389231801e-05,0.031206687912344933,2.4120854504872113e-05
G17,27,339.7837829589844,0.9729729890823364,-2345.344482421875,-2345.344482421875,2333.5,2333.5,2300.7421875,2382.0,2433.0,554.4488525390625,-10.212615013122559,0.013257211074233055,0.013200925663113594,0.013314398936927319,0.013257200829684734,0.013257200829684734,2.8868623047628716e-08,1.5638563127140515e-05,0.03149445727467537,3.809076952165924e-05
G17,28,352.2942810058594,0.9719719886779785,-2345.38232421875,-2345.38232421875,2333.5,2333.5,2304.46875,2386.0,2433.0,554.4473876953125,-10.308502197265625,0.013395885936915874,0.013339023105800152,0.013453667052090168,0.013395881280303001,0.013395881280303001,2.898800310902061e-08,1.0948490853479598e-05,0.031785786151885986,4.035527308587916e-05
G17,29,364.8048095703125,0.9709709882736206,-2345.42529296875,-2345.42529296875,2333.5,2333.5,2317.5625,2400.0,2433.0,554.4459228515625,-10.405611038208008,0.013536453247070312,0.013478999026119709,0.01359483040869236,0.013536453247070312,0.013536453247070312,1.514304592831195e-08,5.73991337660118e-06,0.03208073228597641,2.9029730285401456e-05
G17,30,377.3153076171875,0.9699699878692627,-2345.4736328125,-2345.4736328125,2333.5,2333.5,2301.5859375,2370.0,2433.0,554.4444580078125,-10.503961563110352,0.013678942807018757,0.0136208925396204,0.013737926259636879,0.013678939081728458,0.013678939081728458,-7.05662195343848e-09,9.937421054928564e-06,0.03237936273217201,1.7273678167839535e-05
G17,31,389.8258361816406,0.9689689874649048,-2345.52587890625,-2345.52587890625,2333.5,2333.5,2281.1015625,2371.0,2433.0,554.44287109375,-10.603574752807617,0.013823399320244789,0.013764744624495506,0.013882995583117008,0.013823391869664192,0.013823391869664192,-2.6388828899825967e-08,1.311477262788685e-05,0.03268173336982727,2.5664528948254883e-05
G17,32,402.3363342285156,0.9679679870605469,-2345.58251953125,-2345.58251953125,2333.5,2333.5,2298.3046875,2382.0,2433.0,554.4412841796875,-10.70448112487793,0.013969860039651394,0.013910598121583462,0.01403007935732603,0.013969853520393372,0.013969853520393372,-3.227092548740984e-08,1.1183300557604525e-05,0.03298793360590935,3.350253609823994e-05
G17,33,414.8468322753906,0.966966986656189,-2345.64306640625,-2345.64306640625,2333.5,2333.5,2321.6171875,2390.0,2433.0,554.439697265625,-10.806711196899414,0.01411836501210928,0.014058482833206654,0.014179215766489506,0.01411836314946413,0.01411836314946413,-2.102115459479137e-08,6.520041551993927e-06,0.03329804912209511,2.9321656256797723e-05
G17,34,427.35736083984375,0.965965986251831,-2345.70751953125,-2345.70751953125,2333.5,2333.5,2265.296875,2361.0,2433.0,554.43798828125,-10.910287857055664,0.014268957078456879,0.014208445325493813,0.014330446720123291,0.014268956147134304,0.014268956147134304,1.6510471878561361e-09,6.160300472402014e-06,0.03361215442419052,1.768067158991471e-05
G17,35,439.86785888671875,0.9649649858474731,-2345.77587890625,-2345.77587890625,2333.5,2333.5,2279.1640625,2382.0,2433.0,554.436279296875,-11.01523494720459,0.01442167442291975,0.014360526576638222,0.014483814127743244,0.014421669766306877,0.014421669766306877,2.3176216501497038e-08,1.0416933946544304e-05,0.03393030911684036,1.7758067770046182e-05
G17,36,452.3783874511719,0.9639639854431152,-2345.84716796875,-2345.84716796875,2333.5,2333.5,2301.5859375,2397.0,2433.0,554.4345703125,-11.121577262878418,0.014576558955013752,0.014514761976897717,0.01463935524225235,0.014576554298400879,0.014576554298400879,3.136957360538872e-08,1.0120950719283428e-05,0.0342525877058506,2.640187449287623e-05
G17,37,464.8888854980469,0.9629629850387573,-2345.921875,-2345.921875,2333.5,2333.5,2336.0234375,2425.0,2433.0,554.4327392578125,-11.229345321655273,0.014733652584254742,0.014671199955046177,0.01479711476713419,0.014733651652932167,0.014733651652932167,2.1643012715344412e-08,6.535414740937995e-06,0.0345790795981884,2.6315843570046127e-05
G17,38,477.3993835449219,0.9619619846343994,-2346.0,-2346.0,2333.5,2333.5,2189.53125,2276.0,2433.0,554.430908203125,-11.338570594787598,0.014892997220158577,0.014829885214567184,0.014957134611904621,0.014892995357513428,0.014892995357513428,-2.8060126444628963e-10,4.39403765994939e-06,0.034909870475530624,1.7450131053919904e-05
G17,39,489.909912109375,0.9609609842300415,-2346.0810546875,-2346.0810546875,2333.5,2333.5,2284.109375,2386.0,2433.0,554.428955078125,-11.449271202087402,0.015054638497531414,0.014990851283073425,0.015119463205337524,0.01505463570356369,0.01505463570356369,-2.1375351266783582e-08,8.333108780789189e-06,0.03524501621723175,1.3893873074266594e-05
G17,40,502.42041015625,0.9599599838256836,-2346.1650390625,-2346.1650390625,2333.5,2333.5,2318.078125,2403.0,2433.0,554.427001953125,-11.561478614807129,0.015218621119856834,0.015154151245951653,0.015284139662981033,0.01521861832588911,0.01521861832588911,-2.897126627487978e-08,8.633984180050902e-06,0.03558460995554924,2.1083795218146406e-05
G17,41,514.930908203125,0.9589589834213257,-2346.251953125,-2346.251953125,2333.5,2333.5,2345.1640625,2419.0,2433.0,554.425048828125,-11.675226211547852,0.015384993515908718,0.015319827012717724,0.015451210550963879,0.015384990721940994,0.015384990721940994,-1.8692905001671534e-08,5.893050456506899e-06,0.03592873737215996,2.240517824247945e-05
G17,42,527.4414672851562,0.9579579830169678,-2346.341796875,-2346.341796875,2333.5,2333.5,2231.546875,2346.0,2433.0,554.423095703125,-11.79054069519043,0.015553789213299751,0.01548792701214552,0.015620718710124493,0.015553787350654602,0.015553787350654602,2.663773424060878e-09,3.815169748122571e-06,0.03627748414874077,1.566649370943196e-05
G17,43,539.9519653320312,0.9569569826126099,-2346.434326171875,-2346.434326171875,2333.5,2333.5,2300.6875,2381.0,2433.0,554.4208984375,-11.907444953918457,0.015725063160061836,0.015658488497138023,0.015792720019817352,0.015725061297416687,0.015725061297416687,2.116390973583293e-08,6.928935817995807e-06,0.03663090988993645,1.1896853720827494e-05
G17,44,552.4624633789062,0.955955982208252,-2346.52978515625,-2346.52978515625,2333.5,2333.5,2329.34375,2412.0,2433.0,554.4188232421875,-12.02597427368164,0.015898864716291428,0.015831565484404564,0.015967248007655144,0.01589886099100113,0.01589886099100113,2.497715279048407e-08,7.216143330879277e-06,0.03698911890387535,1.7589714843779802e-05
G17,45,564.9729614257812,0.954954981803894,-2346.62744140625,-2346.62744140625,2333.5,2333.5,2344.6328125,2423.0,2433.0,554.4166259765625,-12.146158218383789,0.01607523486018181,0.016007209196686745,0.016144365072250366,0.01607523299753666,0.01607523299753666,1.2499709711732976e-08,4.884632744506234e-06,0.037352193146944046,1.8726188500295393e-05
G17,46,577.4834594726562,0.9539539813995361,-2346.72802734375,-2346.72802734375,2333.5,2333.5,2203.1015625,2283.0,2433.0,554.414306640625,-12.268026351928711,0.016254229471087456,0.0161854587495327,0.016324108466506004,0.016254229471087456,0.016254229471087456,-6.846379019265214e-09,3.463054781605024e-06,0.0377202108502388,1.2993717973586172e-05
G17,47,589.9940185546875,0.9529529809951782,-2346.83154296875,-2346.83154296875,2333.5,2333.5,2312.9375,2391.0,2433.0,554.4119873046875,-12.391613006591797,0.0164358951151371,0.016366368159651756,0.01650654338300228,0.01643589325249195,0.01643589325249195,-1.975974228685118e-08,6.07699394095107e-06,0.03809328004717827,1.061092370946426e-05
G17,48,602.5045166015625,0.9519519805908203,-2346.93701171875,-2346.93701171875,2333.5,2333.5,2329.0078125,2410.0,2433.0,554.40966796875,-12.516944885253906,0.016620280221104622,0.016549985855817795,0.01669170707464218,0.016620278358459473,0.016620278358459473,-1.8681921787333522e-08,5.876070190424798e-06,0.03847147151827812,1.542016616440378e-05
G17,49,615.0150146484375,0.9509509801864624,-2347.04541015625,-2347.04541015625,2333.5,2333.5,2344.71875,2425.0,2433.0,554.4072265625,-12.64405632019043,0.01680743880569935,0.016736367717385292,0.016879655420780182,0.01680743880569935,0.01680743880569935,-6.160245202835313e-09,3.6912319956172723e-06,0.03885487839579582,1.530569716123864e-05
G17,50,627.5255126953125,0.9499499797821045,-2347.15673828125,-2347.15673828125,2333.5,2333.5,2271.8125,2355.0,2433.0,554.4046630859375,-12.772980690002441,0.016997424885630608,0.016925565898418427,0.017070436850190163,0.016997424885630608,0.016997424885630608,8.650664184983725e-09,3.660012680484215e-06,0.03924359753727913,1.0008087883761618e-05
G17,51,640.0360107421875,0.9489489793777466,-2347.27001953125,-2347.27001953125,2333.5,2333.5,2309.65625,2405.0,2433.0,554.402099609375,-12.903751373291016,0.01719028875231743,0.01711762696504593,0.01726411283016205,0.01719028688967228,0.01719028688967228,1.692306916822872e-08,5.3870348892814945e-06,0.039637722074985504,1.0194452443101909e-05
G17,52,652.5465698242188,0.9479479789733887,-2347.38623046875,-2347.38623046875,2333.5,2333.5,2338.2421875,2405.0,2433.0,554.3995361328125,-13.036397933959961,0.01738608255982399,0.017312616109848022,0.017460733652114868,0.01738608069717884,0.01738608069717884,1.4604992770728131e-08,4.455649104784243e-06,0.04003734141588211,1.3733568266616203e-05
G17,53,665.0570678710938,0.9469469785690308,-2347.50439453125,-2347.50439453125,2333.5,2333.5,2322.6328125,2407.0,2433.0,554.3968505859375,-13.170957565307617,0.017584865912795067,0.017510581761598587,0.0176603551954031,0.017584864050149918,0.017584864050149918,3.120908198539496e-09,2.702333631532383e-06,0.04044254869222641,1.1757289030356333e-05
G17,54,677.5675659179688,0.9459459781646729,-2347.62548828125,-2347.62548828125,2333.5,2333.5,2287.5546875,2401.0,2433.0,554.39404296875,-13.307466506958008,0.017786696553230286,0.0177115760743618,0.01786302775144577,0.017786694690585136,0.017786694690585136,-1.127536730649581e-08,4.01876968680881e-06,0.04085344821214676,7.807386282365769e-06
G17,55,690.0780639648438,0.9449449181556702,-2347.74951171875,-2347.74951171875,2333.5,2333.5,2321.6796875,2405.0,2433.0,554.39111328125,-13.445959091186523,0.017991628497838974,0.017915666103363037,0.018068823963403702,0.017991628497838974,0.017991628497838974,-1.8996781037117216e-08,4.47575166617753e-06,0.041270140558481216,1.0350167030992452e-05
G17,56,702.5885620117188,0.9439439177513123,-2347.87548828125,-2347.87548828125,2333.5,2333.5,2357.734375,2447.0,2447.0,554.38818359375,-13.586471557617188,0.018199725076556206,0.018122904002666473,0.018277792260050774,0.018199725076556206,0.018199725076556206,-1.245298797414307e-08,3.0629073535237694e-06,0.04169272631406784,1.1612857633735985e-05
G17,57,715.09912109375,0.9429429173469543,-2348.00439453125,-2348.00439453125,2333.5,2333.5,2202.9453125,2301.0,2447.0,554.38525390625,-13.72904109954834,0.01841104030609131,0.018333347514271736,0.01848999224603176,0.01841104030609131,0.01841104030609131,5.834721150677069e-09,2.59308308159234e-06,0.04212130606174469,8.229056220443454e-06
G17,58,727.609619140625,0.9419419169425964,-2348.1357421875,-2348.1357421875,2333.5,2333.5,2310.7734375,2397.0,2447.0,554.382080078125,-13.87370491027832,0.018625637516379356,0.018547063693404198,0.018705489113926888,0.018625637516379356,0.018625637516379356,2.112908248363965e-08,3.927177658624714e-06,0.04255598410964012,7.489787549275206e-06
G17,59,740.1201171875,0.9409409165382385,-2348.26953125,-2348.26953125,2333.5,2333.5,2362.421875,2458.0,2458.0,554.37890625,-14.020500183105469,0.018843581900000572,0.018764106556773186,0.018924344331026077,0.018843581900000572,0.018843581900000572,1.7936596208301125e-08,3.2509697120985948e-06,0.04299686849117279,1.0049489901575726e-05
G17,60,752.630615234375,0.9399399161338806,-2348.40625,-2348.40625,2333.5,2333.5,2286.28125,2364.0,2458.0,554.375732421875,-14.16946792602539,0.01906493306159973,0.01898454874753952,0.019146621227264404,0.01906493306159973,0.01906493306159973,-3.0766034164741995e-09,2.0766572106367676e-06,0.043444063514471054,8.607380550529342e-06
G17,61,765.14111328125,0.9389389157295227,-2348.54541015625,-2348.54541015625,2333.5,2333.5,2307.9375,2395.0,2458.0,554.372314453125,-14.320646286010742,0.019289758056402206,0.019208449870347977,0.019372383132576942,0.019289758056402206,0.019289758056402206,-2.2121511733530497e-08,3.1817912713449914e-06,0.043897680938243866,6.101418421167182e-06
G17,62,777.6516723632812,0.9379379153251648,-2348.68701171875,-2348.68701171875,2333.5,2333.5,2361.671875,2431.0,2458.0,554.368896484375,-14.474075317382812,0.01951812021434307,0.019435875117778778,0.019601697102189064,0.01951812021434307,0.01951812021434307,-1.9249904781304394e-08,3.1436109111382393e-06,0.04435782879590988,8.16633109934628e-06
G17,63,790.1621704101562,0.9369369149208069,-2348.83154296875,-2348.83154296875,2333.5,2333.5,2355.4296875,2431.0,2458.0,554.3653564453125,-14.62979793548584,0.019750088453292847,0.019666891545057297,0.01983463577926159,0.019750088453292847,0.019750088453292847,3.368751499976952e-09,2.025283492912422e-06,0.04482462629675865,8.251146937254816e-06
G17,64,802.6726684570312,0.935935914516449,-2348.978515625,-2348.978515625,2333.5,2333.5,2299.3203125,2380.0,2458.0,554.3616943359375,-14.787854194641113,0.019985729828476906,0.019901568070054054,0.020071258768439293,0.019985729828476906,0.019985729828476906,2.2079214900827537e-08,2.5029514745256165e-06,0.04529817774891853,5.651368155668024e-06
G17,65,815.1831665039062,0.9349349141120911,-2349.12841796875,-2349.12841796875,2333.5,2333.5,2354.4140625,2431.0,2458.0,554.35791015625,-14.948287010192871,0.020225118845701218,0.02013997733592987,0.020311644300818443,0.020225118845701218,0.020225118845701218,1.7046831501943416e-08,2.8661295345955295e-06,0.04577861353754997,6.598137588298414e-06
G17,66,827.6936645507812,0.9339339137077332,-2349.28076171875,-2349.28076171875,2333.5,2333.5,2370.5234375,2439.0,2458.0,554.3541259765625,-15.111139297485352,0.020468320697546005,0.020382188260555267,0.020555861294269562,0.020468320697546005,0.020468320697546005,-5.7015232535206906e-09,1.959068868018221e-06,0.046266041696071625,7.4736894930538256e-06
G17,67,840.2042236328125,0.9329329133033752,-2349.43603515625,-2349.43603515625,2333.5,2333.5,2275.0859375,2350.0,2458.0,554.35009765625,-15.276457786560059,0.020715415477752686,0.020628269761800766,0.02080398052930832,0.020715415477752686,0.020715415477752686,-2.092438755596504e-08,2.012762024605763e-06,0.046760592609643936,5.353845608624397e-06
G17,68,852.7147216796875,0.9319319128990173,-2349.594482421875,-2349.594482421875,2333.5,2333.5,2348.125,2427.0,2458.0,554.3460693359375,-15.444284439086914,0.02096647210419178,0.020878298208117485,0.021056076511740685,0.02096647210419178,0.02096647210419178,-1.2392188608600918e-08,2.5373003609274747e-06,0.04726238548755646,5.4985430324450135e-06
G17,69,865.2252197265625,0.9309309124946594,-2349.75537109375,-2349.75537109375,2333.5,2333.5,2377.40625,2452.0,2458.0,554.3419189453125,-15.614669799804688,0.021221565082669258,0.021132351830601692,0.021312233060598373,0.021221565082669258,0.021221565082669258,9.064558881277662e-09,1.8134805941372178e-06,0.04777154326438904,6.599772405024851e-06
G17,70,877.7357177734375,0.9299299120903015,-2349.91943359375,-2349.91943359375,2333.5,2333.5,2248.0078125,2343.0,2458.0,554.3375244140625,-15.787654876708984,0.021480780094861984,0.021390506997704506,0.021572520956397057,0.021480780094861984,0.021480780094861984,1.8363465414950042e-08,1.7138421526396996e-06,0.048288192600011826,4.935040124109946e-06
G17,71,890.2462158203125,0.9289289116859436,-2350.0859375,-2350.0859375,2333.5,2333.5,2345.0703125,2417.0,2458.0,554.3331298828125,-15.963293075561523,0.02174418605864048,0.021652843803167343,0.021837016567587852,0.02174418605864048,0.02174418605864048,5.6617817101312085e-09,2.220246869910625e-06,0.048812467604875565,4.770073701365618e-06
G17,72,902.7567749023438,0.9279279112815857,-2350.255859375,-2350.255859375,2333.5,2333.5,2378.1796875,2469.0,2469.0,554.32861328125,-16.141630172729492,0.02201187051832676,0.021919434890151024,0.022105809301137924,0.02201187051832676,0.02201187051832676,-1.2125921600159018e-08,1.613596623428748e-06,0.049344502389431,5.788012458651792e-06
G17,73,915.2672729492188,0.9269269108772278,-2350.428466796875,-2350.428466796875,2333.5,2333.5,2246.3203125,2340.0,2469.0,554.3238525390625,-16.322715759277344,0.02228391356766224,0.02219037152826786,0.02237897925078869,0.02228391356766224,0.02228391356766224,-1.2902630075473098e-08,1.5409389106935123e-06,0.04988442361354828,4.403957063914277e-06
G17,74,927.7777709960938,0.9259259104728699,-2350.60400390625,-2350.60400390625,2333.5,2333.5,2359.5859375,2447.0,2469.0,554.319091796875,-16.506603240966797,0.022560400888323784,0.02246573194861412,0.02265661023557186,0.022560400888323784,0.022560400888323784,2.161437473446881e-09,1.9355418316990836e-06,0.05043237283825874,4.2781070987985e-06
G17,75,940.2882690429688,0.924924910068512,-2350.783203125,-2350.783203125,2333.5,2333.5,2374.984375,2469.0,2469.0,554.3140869140625,-16.693340301513672,0.02284141443669796,0.022745605558156967,0.02293878234922886,0.02284141443669796,0.02284141443669796,1.150896267176904e-08,1.3879582638764987e-06,0.050988487899303436,5.0716603254841175e-06
G17,76,952.7987670898438,0.923923909664154,-2350.96484375,-2350.96484375,2333.5,2333.5,2274.125,2348.0,2469.0,554.3089599609375,-16.882984161376953,0.02312704548239708,0.023030079901218414,0.02322559617459774,0.02312704548239708,0.02312704548239708,4.11801215349783e-09,1.4455914651989588e-06,0.0515529103577137,3.826069587375969e-06
G17,77,965.309326171875,0.9229229092597961,-2351.14990234375,-2351.14990234375,2333.5,2333.5,2377.859375,2463.0,2469.0,554.3037109375,-17.075584411621094,0.023417383432388306,0.023319236934185028,0.023517126217484474,0.023417383432388306,0.023417383432388306,-6.406328356689528e-09,1.6707828081052867e-06,0.05212578922510147,3.9417282096110284e-06
G17,78,977.81982421875,0.9219219088554382,-2351.338134765625,-2351.338134765625,2333.5,2333.5,2353.234375,2437.0,2469.0,554.29833984375,-17.27120018005371,0.0237125176936388,0.02361317351460457,0.02381347492337227,0.0237125176936388,0.0237125176936388,-4.97552044009808e-09,1.1681710248012678e-06,0.052707258611917496,4.413580427353736e-06
G17,79,990.330322265625,0.9209209084510803,-2351.52978515625,-2351.52978515625,2333.5,2333.5,2309.1875,2378.0,2469.0,554.2928466796875,-17.46988296508789,0.024012543261051178,0.023911984637379646,0.024114735424518585,0.024012543261051178,0.024012543261051178,2.563666612331872e-09,1.389318072142487e-06,0.05329747498035431,3.2817360988701694e-06
G17,80,1002.8408203125,0.9199199080467224,-2351.724609375,-2351.724609375,2333.5,2333.5,2388.890625,2463.0,2469.0,554.287109375,-17.671693801879883,0.024317555129528046,0.024215759709477425,0.024420997127890587,0.024317555129528046,0.024317555129528046,2.8618654113188313e-09,1.4029466228748788e-06,0.05389659106731415,3.7045610952191055e-06
G17,81,1015.351318359375,0.9189189076423645,-2351.922607421875,-2351.922607421875,2333.5,2333.5,2298.3671875,2412.0,2469.0,554.2811279296875,-17.87668800354004,0.024627646431326866,0.024524599313735962,0.02473236806690693,0.024627646431326866,0.024627646431326866,-1.7578869471179814e-09,1.0049872116724146e-06,0.05450476333498955,3.7551833429461112e-06
G17,82,1027.86181640625,0.9179179072380066,-2352.124267578125,-2352.124267578125,2333.5,2333.5,2341.3671875,2427.0,2469.0,554.2750854492188,-18.08492660522461,0.024942919611930847,0.02483859844505787,0.025048933923244476,0.024942919611930847,0.024942919611930847,-8.640642645829644e-10,1.316669454354269e-06,0.05512213706970215,2.8808765364374267e-06
G17,83,1040.372314453125,0.9169169068336487,-2352.3291015625,-2352.3291015625,2333.5,2333.5,2394.9140625,2474.0,2474.0,554.268798828125,-18.296466827392578,0.025263475254178047,0.0251578651368618,0.025370802730321884,0.025263475254178047,0.025263475254178047,3.0113098681283645e-09,1.1314413086438435e-06,0.05574887990951538,3.4775305266521173e-06
G17,84,1052.8829345703125,0.9159159064292908,-2352.53759765625,-2352.53759765625,2333.5,2333.5,2255.28125,2345.0,2474.0,554.262451171875,-18.511375427246094,0.025589417666196823,0.02548249438405037,0.02569807879626751,0.025589417666196823,0.025589417666196823,4.503816208867306e-10,9.546704404783668e-07,0.05638515576720238,3.081053591813543e-06
G17,85,1065.3934326171875,0.9149149060249329,-2352.75,-2352.75,2333.5,2333.5,2376.484375,2446.0,2474.0,554.2557373046875,-18.729713439941406,0.02592085301876068,0.02581259422004223,0.02603086642920971,0.02592085301876068,0.02592085301876068,-4.5214472166321684e-09,1.1831172059828532e-06,0.05703112110495567,2.703682184801437e-06
G17,86,1077.9039306640625,0.913913905620575,-2352.9658203125,-2352.9658203125,2333.5,2333.5,2357.921875,2444.0,2474.0,554.2489013671875,-18.951541900634766,0.026257885619997978,0.026148276403546333,0.026369275525212288,0.026257885619997978,0.026257885619997978,-1.344326316932154e-09,8.888293336895003e-07,0.057686954736709595,3.14673798129661e-06
G17,87,1090.4144287109375,0.912912905216217,-2353.185302734375,-2353.185302734375,2333.5,2333.5,2310.8671875,2374.0,2474.0,554.241943359375,-19.176931381225586,0.026600627228617668,0.02648964338004589,0.0267134178429842,0.026600627228617668,0.026600627228617668,5.086423282563146e-09,9.887252190310392e-07,0.05835281312465668,2.4858777578629088e-06
G17,88,1102.9249267578125,0.9119119048118591,-2353.40869140625,-2353.40869140625,2333.5,2333.5,2399.21875,2480.0,2480.0,554.234619140625,-19.40594482421875,0.026949193328619003,0.026836806908249855,0.0270634014159441,0.026949193328619003,0.026949193328619003,2.499335627348387e-09,9.711798156786244e-07,0.059028882533311844,2.6732807327789487e-06
G17,89,1115.4354248046875,0.9109109044075012,-2353.6357421875,-2353.6357421875,2333.5,2333.5,2279.125,2376.0,2480.0,554.2271728515625,-19.638652801513672,0.02730369009077549,0.027189888060092926,0.02741933986544609,0.02730369009077549,0.02730369009077549,-4.447453516576161e-09,7.723066346443375e-07,0.059715334326028824,2.638475962157827e-06
G17,90,1127.9459228515625,0.9099099040031433,-2353.86669921875,-2353.86669921875,2333.5,2333.5,2374.640625,2448.0,2480.0,554.219482421875,-19.875120162963867,0.027664246037602425,0.02754899673163891,0.027781354263424873,0.027664246037602425,0.027664246037602425,-3.037858853360831e-09,9.450299671698303e-07,0.060412343591451645,2.1933685729891295e-06
G17,91,1140.4564208984375,0.9089089035987854,-2354.101318359375,-2354.101318359375,2333.5,2333.5,2363.7265625,2470.0,2480.0,554.2115478515625,-20.11542320251465,0.028030969202518463,0.0279142614454031,0.028149567544460297,0.028030969202518463,0.028030969202518463,2.918673969176666e-09,7.517073754570447e-07,0.06112009659409523,2.5320548502349993e-06
G17,92,1152.9669189453125,0.9079079031944275,-2354.34033203125,-2354.34033203125,2333.5,2333.5,2319.484375,2385.0,2480.0,554.203369140625,-20.359630584716797,0.028403988108038902,0.028285790234804153,0.02852409891784191,0.028403988108038902,0.028403988108038902,2.7763567000960165e-09,7.992514952093188e-07,0.0618387795984745,2.09458494282444e-06
G17,93,1165.4774169921875,0.9069069027900696,-2354.58349609375,-2354.58349609375,2333.5,2333.5,2397.53125,2480.0,2480.0,554.1949462890625,-20.607818603515625,0.028783423826098442,0.028663713485002518,0.028905071318149567,0.028783423826098442,0.028783423826098442,-1.0312150022784294e-09,7.815621074769297e-07,0.06256857514381409,2.177657506763353e-06
G17,94,1177.988037109375,0.9059059023857117,-2354.83056640625,-2354.83056640625,2333.5,2333.5,2286.625,2356.0,2480.0,554.186279296875,-20.86005973815918,0.02916940674185753,0.029048161581158638,0.02929261140525341,0.02916940674185753,0.02916940674185753,-2.146998356877816e-09,6.567986474692589e-07,0.0633096769452095,2.135381919288193e-06
G17,95,1190.49853515625,0.9049049019813538,-2355.08203125,-2355.08203125,2333.5,2333.5,2383.2890625,2452.0,2480.0,554.1773681640625,-21.116432189941406,0.02956206165254116,0.029439255595207214,0.02968684956431389,0.02956206165254116,0.02956206165254116,-5.697944893690021e-10,7.60656519105396e-07,0.06406228244304657,1.8491483615434845e-06
G17,96,1203.009033203125,0.9039039015769958,-2355.337890625,-2355.337890625,2333.5,2333.5,2330.5,2414.0,2480.0,554.1680908203125,-21.377012252807617,0.02996153011918068,0.02983713522553444,0.030087921768426895,0.02996153011918068,0.02996153011918068,1.6483365783415138e-09,6.051931222827989e-07,0.0648265853524208,2.0563370526360814e-06
G17,97,1215.51953125,0.9029029011726379,-2355.59765625,-2355.59765625,2333.5,2333.5,2355.4765625,2448.0,2480.0,554.1585693359375,-21.641881942749023,0.030367936939001083,0.030241932719945908,0.030495960265398026,0.030367936939001083,0.030367936939001083,1.2143854810631183e-09,6.850650038359163e-07,0.06560278683900833,1.6985156889859354e-06
G17,98,1228.030029296875,0.90190190076828,-2355.8623046875,-2355.8623046875,2333.5,2333.5,2373.046875,2468.0,2480.0,554.1488037109375,-21.911121368408203,0.030781425535678864,0.03065378963947296,0.03091110847890377,0.030781425535678864,0.030781425535678864,-1.132641425094505e-09,5.985175448586233e-07,0.06639109551906586,1.8568005089036888e-06
G17,99,1240.54052734375,0.9009009003639221,-2356.1318359375,-2356.1318359375,2333.5,2333.5,2319.125,2394.0,2480.0,554.138671875,-22.184810638427734,0.031202133744955063,0.031072836369276047,0.031333502382040024,0.031202133744955063,0.031202133744955063,-8.604072454510003e-10,5.926198696215579e-07,0.0671917125582695,1.656974063735106e-06
G17,100,1253.051025390625,0.8998998999595642,-2356.4052734375,-2356.4052734375,2333.5,2333.5,2385.3125,2488.0,2488.0,554.128173828125,-22.463037490844727,0.03163020685315132,0.0314992256462574,0.03176329284906387,0.03163020685315132,0.03163020685315132,-9.872991313386592e-12,5.876883051314508e-07,0.06800484657287598,1.6311824992953916e-06
G17,101,1265.5615234375,0.8988988995552063,-2356.68359375,-2356.68359375,2333.5,2333.5,2304.9765625,2373.0,2488.0,554.117431640625,-22.745887756347656,0.03206579387187958,0.03193309158086777,0.03220062330365181,0.03206579387187958,0.03206579387187958,7.080011021898258e-10,5.198749590817897e-07,0.068830706179142,1.6134194993355777e-06
G17,102,1278.072021484375,0.8978978991508484,-2356.96728515625,-2356.96728515625,2333.5,2333.5,2384.796875,2454.0,2488.0,554.1063232421875,-23.033447265625,0.03250904008746147,0.03237459436058998,0.03264563903212547,0.03250904008746147,0.03250904008746147,1.2628045276130706e-09,5.602575470220472e-07,0.06966952234506607,1.449373826289957e-06
G17,103,1290.58251953125,0.8968968987464905,-2357.25537109375,-2357.25537109375,2333.5,2333.5,2315.1875,2410.0,2488.0,554.0949096679688,-23.325803756713867,0.03296009823679924,0.03282389044761658,0.0330984964966774,0.03296009823679924,0.03296009823679924,-1.6367235344816322e-09,4.7390165036631515e-07,0.07052150368690491,1.5307982721424196e-06
G17,104,1303.0931396484375,0.8958958983421326,-2357.54833984375,-2357.54833984375,2333.5,2333.5,2374.015625,2440.0,2488.0,554.0831298828125,-23.62305450439453,0.033419132232666016,0.0332811214029789,0.03355935588479042,0.033419132232666016,0.033419132232666016,-9.58700230313525e-10,5.212647806729365e-07,0.07138688117265701,1.32412117181957e-06
G17,105,1315.6036376953125,0.8948948979377747,-2357.8466796875,-2357.8466796875,2333.5,2333.5,2334.71875,2431.0,2488.0,554.0709228515625,-23.9252872467041,0.03388628736138344,0.033746447414159775,0.034028369933366776,0.03388628736138344,0.03388628736138344,2.0662251909442375e-09,4.437075915575406e-07,0.0722658708691597,1.4218511523722555e-06
G17,106,1328.1141357421875,0.8938938975334167,-2358.14990234375,-2358.14990234375,2333.5,2333.5,2365.8125,2465.0,2488.0,554.058349609375,-24.23259735107422,0.034361738711595535,0.03422003984451294,0.034505706280469894,0.034361738711595535,0.034361738711595535,-2.9073091156739395e-10,4.791933747583244e-07,0.07315870374441147,1.235025024470815e-06
G17,107,1340.6246337890625,0.8928928971290588,-2358.45849609375,-2358.45849609375,2333.5,2333.5,2344.3828125,2420.0,2488.0,554.0452880859375,-24.545082092285156,0.03484564274549484,0.034702055156230927,0.03499152883887291,0.03484564274549484,0.03484564274549484,-1.086346346212963e-09,4.19240677729249e-07,0.07406561821699142,1.307831666963466e-06
G17,108,1353.1351318359375,0.8918918967247009,-2358.7724609375,-2358.7724609375,2333.5,2333.5,2356.2734375,2455.0,2488.0,554.031982421875,-24.862838745117188,0.035338178277015686,0.03519267588853836,0.03548600524663925,0.035338178277015686,0.035338178277015686,6.884844916399402e-10,4.396037525111751e-07,0.07498685270547867,1.1612410162342712e-06
G17,109,1365.6456298828125,0.890890896320343,-2359.091796875,-2359.091796875,2333.5,2333.5,2350.1015625,2446.0,2488.0,554.01806640625,-25.18596839904785,0.0358395092189312,0.03569205477833748,0.035989318042993546,0.0358395092189312,0.0358395092189312,-3.995520234112426e-11,3.9512013927378575e-07,0.0759226381778717,1.202119278786995e-06
G17,110,1378.1561279296875,0.8898898959159851,-2359.416748046875,-2359.416748046875,2333.5,2333.5,2349.546875,2418.0,2488.0,554.0037841796875,-25.514572143554688,0.036349810659885406,0.036200378090143204,0.03650163114070892,0.036349810659885406,0.036349810659885406,-1.3782486263380633e-10,4.0554766655986896e-07,0.07687322795391083,1.0911755907727638e-06
G17,111,1390.6666259765625,0.8888888955116272,-2359.7470703125,-2359.7470703125,2333.5,2333.5,2348.1640625,2441.0,2488.0,553.9890747070312,-25.8487548828125,0.03686927258968353,0.036717820912599564,0.03702313080430031,0.03686927258968353,0.03686927258968353,3.6357972188483245e-11,3.7154714505049924e-07,0.07783886045217514,1.112145469051029e-06
G17,112,1403.1771240234375,0.8878878951072693,-2360.08349609375,-2360.08349609375,2333.5,2333.5,2344.265625,2430.0,2488.0,553.973876953125,-26.18862533569336,0.037398066371679306,0.03724457323551178,0.03755400329828262,0.037398066371679306,0.037398066371679306,9.084928365155065e-10,3.780011468279554e-07,0.07881978899240494,1.030964995152317e-06
G17,113,1415.6876220703125,0.8868868947029114,-2360.42578125,-2360.42578125,2333.5,2333.5,2341.0390625,2422.0,2488.0,553.9581298828125,-26.534284591674805,0.037936385720968246,0.03778081387281418,0.03809443861246109,0.037936385720968246,0.037936385720968246,-3.207550669515058e-09,3.508521899675543e-07,0.07981625944375992,1.065201217897993e-06
G17,114,1428.1982421875,0.8858858942985535,-2360.77392578125,-2360.77392578125,2333.5,2333.5,2333.796875,2429.0,2488.0,553.94189453125,-26.885847091674805,0.038484420627355576,0.03832673653960228,0.038644611835479736,0.038484420627355576,0.038484420627355576,6.518092732221703e-09,3.601454068302701e-07,0.08082853257656097,1.0919508213191875e-06
G17,115,1440.708740234375,0.8848848938941956,-2361.1279296875,-2361.1279296875,2333.5,2333.5,2315.765625,2435.0,2488.0,553.9251708984375,-27.243423461914062,0.039042361080646515,0.038882531225681305,0.039204731583595276,0.039042361080646515,0.039042361080646515,-1.0649849890853602e-08,3.444046114964294e-07,0.081856869161129,1.3699878991246806e-06
G17,116,1453.21923828125,0.8838838934898376,-2361.48828125,-2361.48828125,2333.5,2333.5,2295.5078125,2417.0,2488.0,553.9078369140625,-27.607131958007812,0.03961040824651718,0.03944840282201767,0.03977499529719353,0.03961040824651718,0.03961040824651718,1.4272656834179998e-08,3.639918588760338e-07,0.08290152251720428,1.698194864729885e-06
G17,117,1465.729736328125,0.8828828930854797,-2361.85498046875,-2361.85498046875,2333.5,2333.5,2251.3984375,2419.0,2488.0,553.8900146484375,-27.97708511352539,0.04018877074122429,0.0400245375931263,0.04035560414195061,0.04018877074122429,0.04018877074122429,-1.1779742514761438e-08,3.598757416511944e-07,0.08396276831626892,1.948191311385017e-06
G17,118,1478.240234375,0.8818818926811218,-2362.22802734375,-2362.22802734375,2333.5,2333.5,2210.578125,2413.0,2488.0,553.8714599609375,-28.353397369384766,0.04077763855457306,0.04061116650700569,0.04094675928354263,0.04077763855457306,0.04077763855457306,-3.1563420765934325e-09,4.0087758179652155e-07,0.0850408747792244,2.3215975488710683e-06
G17,119,1490.750732421875,0.8808808922767639,-2362.607666015625,-2362.607666015625,2333.5,2333.5,2099.9921875,2385.0,2488.0,553.8524169921875,-28.73619842529297,0.0413772389292717,0.041208475828170776,0.041548680514097214,0.0413772389292717,0.0413772389292717,2.9748015606401168e-08,4.435073606146034e-07,0.0861361101269722,3.0638216230727267e-06
G17,120,1503.26123046875,0.879879891872406,-2362.993896484375,-2362.993896484375,2333.5,2333.5,1974.3203125,2411.0,2488.0,553.8326416015625,-29.12560272216797,0.04198778048157692,0.04181669279932976,0.042161572724580765,0.04198778048157692,0.04198778048157692,-6.188751200397746e-08,5.604084094557038e-07,0.08724875003099442,4.070702743774746e-06
G17,121,1515.771728515625,0.8788788914680481,-2363.38720703125,-2363.38720703125,2333.5,2333.5,1736.7265625,2370.0,2488.0,553.8123168945312,-29.521738052368164,0.04260947182774544,0.04243602976202965,0.042785659432411194,0.04260947182774544,0.04260947182774544,9.871197192978798e-08,7.727774118393427e-07,0.08837907761335373,5.457285169541137e-06
G17,122,1528.2822265625,0.8778778910636902,-2363.787109375,-2363.787109375,2333.5,2333.5,1449.609375,2359.0,2488.0,553.791259765625,-29.924732208251953,0.043242547661066055,0.043066710233688354,0.043421171605587006,0.043242547661066055,0.043242547661066055,-1.4412941595765005e-07,1.2122085308874375e-06,0.08952736109495163,7.847706001484767e-06
G17,123,1540.792724609375,0.8768768906593323,-2364.194091796875,-2364.194091796875,2333.5,2333.5,1054.5546875,2211.0,2488.0,553.76953125,-30.334714889526367,0.04388723149895668,0.04370895400643349,0.04406832903623581,0.04388723149895668,0.04388723149895668,1.9062450462570268e-07,2.0417696759977844e-06,0.0906938910484314,1.1677290785883088e-05
G17,124,1553.3033447265625,0.8758758902549744,-2364.6083984375,-2364.6083984375,2333.5,2333.5,711.1015625,2184.0,2488.0,553.7470703125,-30.751815795898438,0.044543758034706116,0.044363003224134445,0.04472736269235611,0.04454375058412552,0.04454375058412552,-2.0747623352690425e-07,3.5677733194461325e-06,0.09187895804643631,1.763603177096229e-05
G17,125,1565.8138427734375,0.8748748898506165,-2365.02978515625,-2365.02978515625,2333.5,2333.5,439.3046875,2133.0,2488.0,553.7237548828125,-31.17617416381836,0.04521235451102257,0.04502908140420914,0.04539850726723671,0.04521235451102257,0.04521235451102257,1.6297900629069773e-07,6.1944510889588855e-06,0.09308283776044846,2.6749374228529632e-05
G17,126,1578.3243408203125,0.8738738894462585,-2365.458740234375,-2365.458740234375,2333.5,2333.5,271.6796875,1942.0,2488.0,553.6997680664062,-31.60791778564453,0.045893266797065735,0.04570743814110756,0.046082012355327606,0.045893266797065735,0.045893266797065735,-7.936810675346351e-08,1.0332977581128944e-05,0.09430583566427231,3.968571763834916e-05
G17,127,1590.8348388671875,0.8728728890419006,-2365.895263671875,-2365.895263671875,2333.5,2333.5,194.28125,1786.0,2488.0,553.6749267578125,-32.04718780517578,0.046586740761995316,0.04639831930398941,0.0467781163752079,0.04658673331141472,0.04658673331141472,1.0168870545612663e-07,1.624920878384728e-05,0.09554824233055115,5.6595315982121974e-05
G17,128,1603.3453369140625,0.8718718886375427,-2366.33935546875,-2366.33935546875,2333.5,2333.5,198.7109375,1715.0,2488.0,553.6492919921875,-32.49413299560547,0.04729302227497101,0.04710196703672409,0.047487080097198486,0.04729301482439041,0.04729301482439041,-5.880158369109267e-07,2.3688118744757958e-05,0.09681034833192825,7.755847036605701e-05
G17,129,1615.8558349609375,0.8708708882331848,-2366.79150390625,-2366.79150390625,2333.5,2333.5,307.265625,1911.0,2488.0,553.6226806640625,-32.94888687133789,0.04801236838102341,0.047818638384342194,0.048209141939878464,0.04801235720515251,0.04801235720515251,2.0394631974340882e-06,3.126314186374657e-05,0.0980924516916275,0.00010153374023502693
G17,130,1628.3663330078125,0.8698698878288269,-2367.251708984375,-2367.251708984375,2333.5,2333.5,443.453125,2029.0,2488.0,553.5953369140625,-33.411598205566406,0.048745039850473404,0.04854859784245491,0.04894457012414932,0.04874501749873161,0.04874501749873161,-4.305786205804907e-06,3.621381620177999e-05,0.09939485788345337,0.00012403012078721076
G17,131,1640.8768310546875,0.868868887424469,-2367.7197265625,-2367.7197265625,2333.5,2333.5,640.0078125,2104.0,2488.0,553.56689453125,-33.882423400878906,0.049491290003061295,0.04929208755493164,0.04969362914562225,0.0494912713766098,0.0494912713766098,5.723316007788526e-06,3.578297400963493e-05,0.10071788728237152,0.00013579294318333268
G17,132,1653.3873291015625,0.8678678870201111,-2368.1962890625,-2368.1962890625,2333.5,2333.5,879.140625,2237.0,2488.0,553.53759765625,-34.36151123046875,0.050251398235559464,0.05004938691854477,0.05045657232403755,0.05025137960910797,0.05025137960910797,-4.520892161963275e-06,3.230159200029448e-05,0.10206183791160583,0.00012983130000066012
G17,133,1665.89794921875,0.8668668866157532,-2368.68115234375,-2368.68115234375,2333.5,2333.5,774.2734375,2150.0,2488.0,553.5072021484375,-34.84900665283203,0.0510256290435791,0.05082077533006668,0.05123370885848999,0.05102561414241791,0.05102561414241791,1.293196078222536e-06,3.282928446424194e-05,0.10342703014612198,0.0001148132942034863
G17,134,1678.408447265625,0.8658658862113953,-2369.1748046875,-2369.1748046875,2333.5,2333.5,672.8359375,2120.0,2488.0,553.475830078125,-35.345069885253906,0.05181426927447319,0.051606521010398865,0.05202527716755867,0.0518142506480217,0.0518142506480217,1.795983052943484e-06,3.543519051163457e-05,0.10481373220682144,0.00011097688548034057
G17,135,1690.9189453125,0.8648648858070374,-2369.67724609375,-2369.67724609375,2333.5,2333.5,875.96875,2197.0,2488.0,553.443359375,-35.84986114501953,0.05261759087443352,0.0524069108068943,0.05283157899975777,0.052617575973272324,0.052617575973272324,-3.4225026865897235e-06,3.3487009204691276e-05,0.10622227191925049,0.00011840325896628201
G17,136,1703.429443359375,0.8638638854026794,-2370.1884765625,-2370.1884765625,2333.5,2333.5,1287.984375,2198.0,2488.0,553.4097900390625,-36.36354064941406,0.05343589559197426,0.053222231566905975,0.05365290120244026,0.05343588814139366,0.05343588814139366,3.237111968701356e-06,2.7321804736857302e-05,0.10765296965837479,0.00011379548959666863
G17,137,1715.93994140625,0.8628628849983215,-2370.708740234375,-2370.708740234375,2333.5,2333.5,1152.3125,2173.0,2488.0,553.375,-36.88627243041992,0.0542694590985775,0.05405276641249657,0.05448954552412033,0.0542694516479969,0.0542694516479969,-1.646649820941093e-06,2.6863517632591538e-05,0.1091061532497406,9.362654236610979e-05
G17,138,1728.450439453125,0.8618618845939636,-2371.23828125,-2371.23828125,2333.5,2333.5,756.296875,2018.0,2488.0,553.339111328125,-37.41822052001953,0.05511859804391861,0.05489882454276085,0.055341798812150955,0.05511857941746712,0.05511857941746712,-1.5104964745660254e-07,3.200600258423947e-05,0.11058209091424942,8.922080451156944e-05
G17,139,1740.9609375,0.8608608841896057,-2371.77734375,-2371.77734375,2333.5,2333.5,737.0859375,1909.0,2488.0,553.3018798828125,-37.95954895019531,0.05598359927535057,0.0557607039809227,0.056209977716207504,0.055983588099479675,0.055983588099479675,1.1515866162881139e-06,3.297786315670237e-05,0.1120811179280281,0.00010878963075811043
G17,140,1753.471435546875,0.8598598837852478,-2372.325927734375,-2372.325927734375,2333.5,2333.5,1193.2421875,2222.0,2488.0,553.263427734375,-38.510433197021484,0.05686478316783905,0.05663871765136719,0.057094376534223557,0.05686477571725845,0.05686477571725845,-1.1375956319170655e-06,2.7270680220681243e-05,0.11360355466604233,0.00011432947940193117
G17,141,1765.98193359375,0.8588588237762451,-2372.88427734375,-2372.88427734375,2333.5,2333.5,1491.609375,2166.0,2488.0,553.2236328125,-39.07105255126953,0.05776245519518852,0.05753317102789879,0.05799531936645508,0.057762451469898224,0.057762451469898224,2.267258878418943e-07,2.3934810087666847e-05,0.11514971405267715,9.400004637427628e-05
G17,142,1778.492431640625,0.8578578233718872,-2373.45263671875,-2373.45263671875,2333.5,2333.5,1157.8203125,2075.0,2488.0,553.182373046875,-39.64157485961914,0.05867693945765495,0.05844438821077347,0.058913107961416245,0.05867692828178406,0.05867692828178406,1.2027409184156568e-06,2.6903571779257618e-05,0.11671991646289825,7.984258263604715e-05
G17,143,1791.0030517578125,0.8568568229675293,-2374.031005859375,-2374.031005859375,2333.5,2333.5,907.5859375,2098.0,2488.0,553.1397705078125,-40.22218322753906,0.05960855260491371,0.059372685849666595,0.059848081320524216,0.059608545154333115,0.059608545154333115,-2.3917439193610335e-06,3.0015517040737905e-05,0.1183144599199295,9.424785821465775e-05
G17,144,1803.5135498046875,0.8558558225631714,-2374.61962890625,-2374.61962890625,2333.5,2333.5,977.8203125,2056.0,2488.0,553.0955810546875,-40.81305694580078,0.06055762991309166,0.06031839922070503,0.06080058589577675,0.06055762246251106,0.06055762246251106,2.5224055661965394e-06,2.9629854907398112e-05,0.11993366479873657,0.0001071544538717717
G17,145,1816.0240478515625,0.8548548221588135,-2375.21875,-2375.21875,2333.5,2333.5,1167.2109375,2207.0,2488.0,553.0499267578125,-41.41438293457031,0.06152450293302536,0.06128184497356415,0.06177092343568802,0.06152449548244476,0.06152449548244476,-1.1501571179906023e-06,2.7862348360940814e-05,0.12157785147428513,0.00010540845687501132
G17,146,1828.5345458984375,0.8538538217544556,-2375.828857421875,-2375.828857421875,2333.5,2333.5,1250.046875,2215.0,2488.0,553.002685546875,-42.02634048461914,0.06250951439142227,0.06226338818669319,0.06275945156812668,0.06250950694084167,0.06250950694084167,-1.3505821243597893e-06,2.761788164207246e-05,0.12324732542037964,9.967802907340229e-05
G17,147,1841.0450439453125,0.8528528213500977,-2376.449462890625,-2376.449462890625,2333.5,2333.5,1117.1171875,2117.0,2488.0,552.9537353515625,-42.64912796020508,0.06351300328969955,0.06326336413621902,0.06376651674509048,0.06351298838853836,0.06351298838853836,3.835491497738985e-06,2.9707614885410294e-05,0.12494239211082458,0.00010229693725705147
G17,148,1853.5555419921875,0.8518518209457397,-2377.081298828125,-2377.081298828125,2333.5,2333.5,969.203125,2151.0,2488.0,552.903076171875,-43.282928466796875,0.06453531980514526,0.06428211182355881,0.0647924542427063,0.06453531235456467,0.06453531235456467,-5.283202426653588e-06,3.2092906621983275e-05,0.12666335701942444,0.00011113402433693409
G17,149,1866.0660400390625,0.8508508205413818,-2377.724365234375,-2377.724365234375,2333.5,2333.5,870.1484375,2170.0,2488.0,552.8506469726562,-43.92793655395508,0.06557682156562805,0.06531999260187149,0.06583762913942337,0.06557680666446686,0.06557680666446686,5.435215371107915e-06,3.487167487037368e-05,0.12841053307056427,0.00012297257489990443
G17,150,1878.5765380859375,0.8498498201370239,-2378.37841796875,-2378.37841796875,2333.5,2333.5,861.109375,2211.0,2488.0,552.79638671875,-44.584354400634766,0.06663787364959717,0.06637735664844513,0.06690242141485214,0.06663785874843597,0.06663785874843597,-4.125151917833136e-06,3.6231511330697685e-05,0.13018420338630676,0.0001377414882881567
G17,151,1891.0870361328125,0.848848819732666,-2379.044677734375,-2379.044677734375,2333.5,2333.5,900.28125,2195.0,2488.0,552.7401123046875,-45.25237274169922,0.06771884113550186,0.06745459139347076,0.06798715889453888,0.06771881878376007,0.06771881878376007,1.6161415032911464e-06,3.565263978089206e-05,0.13198469579219818,0.00014323520008474588
G17,152,1903.5975341796875,0.8478478193283081,-2379.72265625,-2379.72265625,2333.5,2333.5,871.75,2189.0,2488.0,552.6820068359375,-45.93220520019531,0.06882007420063019,0.06855203956365585,0.06909223645925522,0.0688200518488884,0.0688200518488884,1.0620765777957786e-07,3.8558187952730805e-05,0.1338122934103012,0.0001396393490722403
G17,153,1916.108154296875,0.8468468189239502,-2380.412353515625,-2380.412353515625,2333.5,2333.5,783.5078125,2217.0,2488.0,552.6217041015625,-46.62403869628906,0.06994197517633438,0.06967009603977203,0.0702180340886116,0.06994195282459259,0.06994195282459259,6.055249741621083e-07,4.277171319699846e-05,0.13566727936267853,0.00015728110156487674
G17,154,1928.61865234375,0.8458458185195923,-2381.11474609375,-2381.11474609375,2333.5,2333.5,725.6640625,2229.0,2488.0,552.559326171875,-47.328086853027344,0.07108490914106369,0.07080914080142975,0.07136491686105728,0.0710848867893219,0.0710848867893219,-2.4998216758831404e-06,4.5270448026712984e-05,0.13754992187023163,0.00017568033945281059
G17,155,1941.129150390625,0.8448448181152344,-2381.8291015625,-2381.8291015625,2333.5,2333.5,631.640625,2203.0,2488.0,552.4947509765625,-48.044559478759766,0.07224927097558975,0.07196955382823944,0.07253327965736389,0.07224924117326736,0.07224924117326736,2.9386690130195348e-06,4.811798135051504e-05,0.13946054875850677,0.0001854830770753324
G17,156,1953.6396484375,0.8438438177108765,-2382.556396484375,-2382.556396484375,2333.5,2333.5,639.28125,2169.0,2488.0,552.4279174804688,-48.773658752441406,0.07343544065952301,0.07315172255039215,0.07372351735830307,0.07343541085720062,0.07343541085720062,-9.28290944557375e-07,4.8517922550672665e-05,0.14139941334724426,0.0001990536111406982
G17,157,1966.150146484375,0.8428428173065186,-2383.296630859375,-2383.296630859375,2333.5,2333.5,619.6171875,2144.0,2488.0,552.358642578125,-49.51560974121094,0.0746438205242157,0.07435604929924011,0.07493602484464645,0.07464379072189331,0.07464379072189331,-8.812648957245983e-07,5.1912244089180604e-05,0.1433667689561844,0.00020001786469947547
G17,158,1978.66064453125,0.8418418169021606,-2384.049560546875,-2384.049560546875,2333.5,2333.5,538.2734375,2221.0,2488.0,552.2869873046875,-50.27061462402344,0.07587481290102005,0.07558292895555496,0.07617118954658508,0.07587477564811707,0.07587477564811707,-8.628885552752763e-07,6.047172428225167e-05,0.14536289870738983,0.00021785512217320502
G17,159,1991.171142578125,0.8408408164978027,-2384.816162109375,-2384.816162109375,2333.5,2333.5,507.9765625,2183.0,2488.0,552.2127075195312,-51.03888702392578,0.0771288201212883,0.07683275640010834,0.07742942124605179,0.07712878286838531,0.07712878286838531,4.45263640358462e-06,6.47547931293957e-05,0.1473880261182785,0.0002536712563596666
G17,160,2003.681640625,0.8398398160934448,-2385.59619140625,-2385.59619140625,2333.5,2333.5,547.515625,1954.0,2488.0,552.1358032226562,-51.820655822753906,0.07840625196695328,0.07810594886541367,0.0787111446261406,0.0784062072634697,0.0784062072634697,-3.28585315401142e-06,6.467534694820642e-05,0.14944243431091309,0.00026995904045179486
G17,161,2016.192138671875,0.8388388156890869,-2386.39013671875,-2386.39013671875,2333.5,2333.5,557.6796875,1861.0,2488.0,552.05615234375,-52.61614227294922,0.07970752567052841,0.07940295338630676,0.08001675456762314,0.07970748841762543,0.07970748841762543,-3.6360311241878662e-06,6.163644138723612e-05,0.15152637660503387,0.0002692485286388546
G17,162,2028.70263671875,0.837837815284729,-2387.197509765625,-2387.197509765625,2333.5,2333.5,508.9765625,1873.0,2488.0,551.9736938476562,-53.425559997558594,0.08103305846452713,0.08072414994239807,0.08134669065475464,0.08103302121162415,0.08103302121162415,7.853628630982712e-06,6.418276461772621e-05,0.15364006161689758,0.0002557912084739655
G17,163,2041.2132568359375,0.8368368148803711,-2388.01953125,-2388.01953125,2333.5,2333.5,503.0,1866.0,2488.0,551.8883056640625,-54.24913024902344,0.08238326758146286,0.08206995576620102,0.08270135521888733,0.08238322287797928,0.08238322287797928,-3.676493179227691e-06,6.862752343295142e-05,0.15578366816043854,0.0002676794247236103
G17,164,2053.7236328125,0.8358358144760132,-2388.85595703125,-2388.85595703125,2333.5,2333.5,546.125,2137.0,2488.0,551.7998046875,-55.08708190917969,0.08375857770442963,0.08344081789255142,0.08408119529485703,0.08375854045152664,0.08375854045152664,-3.857376668747747e-06,7.025477680144832e-05,0.15795743465423584,0.00029184320010244846
G17,165,2066.234130859375,0.8348348140716553,-2389.706787109375,-2389.706787109375,2333.5,2333.5,637.1640625,1814.0,2488.0,551.708251953125,-55.93963623046875,0.08515944331884384,0.0848371759057045,0.08548662811517715,0.08515939861536026,0.08515939861536026,7.2605148488946725e-06,6.592406862182543e-05,0.1601615697145462,0.0002940987469628453
G17,166,2078.74462890625,0.8338338136672974,-2390.572265625,-2390.572265625,2333.5,2333.5,674.96875,1836.0,2488.0,551.6133422851562,-56.80703353881836,0.08658627420663834,0.08625944703817368,0.08691809326410294,0.08658623695373535,0.08658623695373535,-3.105218638665974e-06,6.511229003081098e-05,0.16239626705646515,0.0002788888232316822
G17,167,2091.255126953125,0.8328328132629395,-2391.453125,-2391.453125,2333.5,2333.5,628.84375,1834.0,2488.0,551.5150146484375,-57.68948745727539,0.08803950995206833,0.08770807087421417,0.08837603777647018,0.08803949505090714,0.08803949505090714,-4.830718353332486e-06,6.331188342301175e-05,0.16466164588928223,0.000283345696516335
G17,168,2103.765869140625,0.8318318128585815,-2392.349365234375,-2392.349365234375,2333.5,2333.5,642.5390625,1787.0,2488.0,551.413330078125,-58.58723449707031,0.08951961249113083,0.08918347954750061,0.08986087888479233,0.08951958268880844,0.08951958268880844,8.476063158013858e-06,6.305810529738665e-05,0.16695792973041534,0.00026995164807885885
G17,169,2116.2763671875,0.8308308124542236,-2393.260986328125,-2393.260986328125,2333.5,2333.5,662.2265625,1796.0,2488.0,551.307861328125,-59.50050354003906,0.09102700650691986,0.0906861424446106,0.09137307107448578,0.09102696925401688,0.09102696925401688,-6.609841420868179e-06,6.511939864140004e-05,0.16928522288799286,0.0002632813120726496
G17,170,2128.786865234375,0.8298298120498657,-2394.1884765625,-2394.1884765625,2333.5,2333.5,702.984375,1863.0,2488.0,551.19873046875,-60.42952346801758,0.09256216138601303,0.09221651405096054,0.09291308373212814,0.09256213903427124,0.09256213903427124,5.854778919456294e-06,6.317102088360116e-05,0.17164359986782074,0.0002832533500622958
G17,171,2141.29736328125,0.8288288116455078,-2395.1318359375,-2395.1318359375,2333.5,2333.5,624.7109375,1785.0,2488.0,551.085693359375,-61.37453079223633,0.09412550926208496,0.09377500414848328,0.09448135644197464,0.09412547945976257,0.09412547945976257,-9.636311006033793e-06,6.633097655139863e-05,0.1740332692861557,0.00027604238130152225
G17,172,2153.807861328125,0.8278278112411499,-2396.091552734375,-2396.091552734375,2333.5,2333.5,696.5703125,1804.0,2488.0,550.9686279296875,-62.335750579833984,0.09571750462055206,0.0953621193766594,0.0960783064365387,0.09571748226881027,0.09571748226881027,1.2563574273372069e-05,6.257780478335917e-05,0.17645426094532013,0.00028896244475618005
G17,173,2166.318359375,0.826826810836792,-2397.06787109375,-2397.06787109375,2333.5,2333.5,785.7578125,1854.0,2488.0,550.847412109375,-63.31342315673828,0.09733861684799194,0.09697825461626053,0.0977044403553009,0.09733858704566956,0.09733858704566956,-9.58487180469092e-06,6.119622412370518e-05,0.17890669405460358,0.0002685225917957723
G17,174,2178.828857421875,0.8258258104324341,-2398.060302734375,-2398.060302734375,2333.5,2333.5,696.140625,1712.0,2488.0,550.7218017578125,-64.30776977539062,0.09898928552865982,0.09862390905618668,0.09936019033193588,0.09898925572633743,0.09898925572633743,2.7209578092879383e-06,6.686319102300331e-05,0.18139058351516724,0.00026911398163065314
G17,175,2191.33935546875,0.8248248100280762,-2399.0703125,-2399.0703125,2333.5,2333.5,706.90625,1774.0,2488.0,550.5917358398438,-65.31903839111328,0.1006699800491333,0.10029952973127365,0.10104603320360184,0.10066995024681091,0.10066995024681091,4.297463874536334e-06,6.754870992153883e-05,0.1839059442281723,0.00030015205265954137
G17,176,2203.849853515625,0.8238238096237183,-2400.09716796875,-2400.09716796875,2333.5,2333.5,724.4296875,1851.0,2488.0,550.45703125,-66.34744262695312,0.10238116979598999,0.10200559347867966,0.10276240110397339,0.102381132543087,0.102381132543087,-9.473211321164854e-06,6.744443089701235e-05,0.18645285069942474,0.0003037442220374942
G17,177,2216.3603515625,0.8228228092193604,-2401.1416015625,-2401.1416015625,2333.5,2333.5,718.7265625,1834.0,2488.0,550.3175659179688,-67.39323425292969,0.1041233018040657,0.1037425547838211,0.10450977832078934,0.10412326455116272,0.10412326455116272,9.51399761106586e-06,6.615417805733159e-05,0.18903127312660217,0.0003109387762378901
G17,178,2228.870849609375,0.8218218088150024,-2402.203369140625,-2402.203369140625,2333.5,2333.5,681.0,1804.0,2488.0,550.1731567382812,-68.45661926269531,0.10589683055877686,0.10551086813211441,0.1062886044383049,0.10589679330587387,0.10589679330587387,-3.0663404686492868e-06,6.999554170761257e-05,0.1916411817073822,0.0002971328212879598
G17,179,2241.38134765625,0.8208208084106445,-2403.283203125,-2403.283203125,2333.5,2333.5,728.078125,1738.0,2488.0,550.0236206054688,-69.537841796875,0.10770225524902344,0.10731098800897598,0.10809935629367828,0.10770221799612045,0.10770221799612045,-5.014113867218839e-06,7.194428326329216e-05,0.19428248703479767,0.00031865955679677427
G17,180,2253.891845703125,0.8198198080062866,-2404.381103515625,-2404.381103515625,2333.5,2333.5,750.0234375,1841.0,2488.0,549.8687744140625,-70.63712310791016,0.10953999310731888,0.10914341360330582,0.10994250327348709,0.10953996330499649,0.10953996330499649,8.258637535618618e-06,6.934576231287792e-05,0.1969551295042038,0.0003394684463273734
G17,181,2266.40234375,0.8188188076019287,-2405.4970703125,-2405.4970703125,2333.5,2333.5,694.5390625,1873.0,2488.0,549.70849609375,-71.75469970703125,0.11141053587198257,0.11100857704877853,0.11181849986314774,0.11141049861907959,0.11141049861907959,-5.773233624495333e-06,7.203288259916008e-05,0.19965903460979462,0.0003281724639236927
G17,182,2278.912841796875,0.8178178071975708,-2406.6318359375,-2406.6318359375,2333.5,2333.5,661.9921875,1723.0,2488.0,549.54248046875,-72.89079284667969,0.11331433802843094,0.11290694028139114,0.11372780054807663,0.11331430077552795,0.11331430077552795,1.8478268657418084e-06,7.428684330079705e-05,0.202394038438797,0.0003379953559488058
G17,183,2291.42333984375,0.8168168067932129,-2407.785400390625,-2407.785400390625,2333.5,2333.5,653.40625,1819.0,2488.0,549.37060546875,-74.04562377929688,0.11525185406208038,0.11483899503946304,0.11567085981369019,0.1152518019080162,0.1152518019080162,-4.6394967512242147e-07,7.915887545095757e-05,0.20515994727611542,0.0003546725492924452
G17,184,2303.933837890625,0.815815806388855,-2408.95751953125,-2408.95751953125,2333.5,2333.5,627.09375,1792.0,2488.0,549.1926879882812,-75.21939849853516,0.11722353845834732,0.11680515855550766,0.11764813959598541,0.11722350120544434,0.11722350120544434,2.6755142243928276e-06,8.197881106752902e-05,0.20795656740665436,0.0003913076943717897
G17,185,2316.4443359375,0.8148148059844971,-2410.1494140625,-2410.1494140625,2333.5,2333.5,674.625,1717.0,2488.0,549.008544921875,-76.412353515625,0.11922986060380936,0.1188059151172638,0.11966009438037872,0.11922981590032578,0.11922981590032578,-7.356592050200561e-06,8.297392923850566e-05,0.2107837200164795,0.00040604767855256796
G17,186,2328.954833984375,0.8138138055801392,-2411.3603515625,-2411.3603515625,2333.5,2333.5,597.6328125,1941.0,2488.0,548.81787109375,-77.62469482421875,0.12127125263214111,0.12084169685840607,0.12170716375112534,0.12127120792865753,0.12127120792865753,1.3255435987957753e-05,8.920153049984947e-05,0.21364113688468933,0.000420017255237326
G17,187,2341.46533203125,0.8128128051757812,-2412.5908203125,-2412.5908203125,2333.5,2333.5,690.0234375,1799.0,2488.0,548.6204833984375,-78.85662841796875,0.1233481839299202,0.12291297316551208,0.12378981709480286,0.12334813922643661,0.12334813922643661,-1.8922839444712736e-05,8.536756649846211e-05,0.21652847528457642,0.00045847517321817577
G17,188,2353.97607421875,0.8118118047714233,-2413.84130859375,-2413.84130859375,2333.5,2333.5,715.484375,1702.0,2488.0,548.416259765625,-80.10838317871094,0.12546108663082123,0.12502019107341766,0.12590846419334412,0.12546104192733765,0.12546104192733765,1.7781534552341327e-05,8.508902101311833e-05,0.21944552659988403,0.0004440606862772256
G17,189,2366.486572265625,0.8108108043670654,-2415.11181640625,-2415.11181640625,2333.5,2333.5,635.8671875,1970.0,2488.0,548.2048950195312,-81.380126953125,0.12761040031909943,0.12716376781463623,0.12806358933448792,0.12761035561561584,0.12761035561561584,-6.3210995904228184e-06,8.916576916817576e-05,0.22239182889461517,0.00044360788888297975
G17,190,2378.9970703125,0.8098098039627075,-2416.40234375,-2416.40234375,2333.5,2333.5,610.0859375,1734.0,2488.0,547.9861450195312,-82.67208862304688,0.12979656457901,0.1293441504240036,0.1302555948495865,0.12979650497436523,0.12979650497436523,-4.452907887753099e-06,9.356217196909711e-05,0.2253669798374176,0.0004593779449351132
G17,191,2391.507568359375,0.8088088035583496,-2417.71337890625,-2417.71337890625,2333.5,2333.5,590.171875,1750.0,2488.0,547.7598266601562,-83.98445129394531,0.1320199966430664,0.13156180083751678,0.13248491287231445,0.13201993703842163,0.13201993703842163,4.523959432845004e-06,9.624144877307117e-05,0.2283705770969391,0.0004927555564790964
G17,192,2404.01806640625,0.8078078031539917,-2419.045166015625,-2419.045166015625,2333.5,2333.5,553.546875,1762.0,2488.0,547.525634765625,-85.31739807128906,0.13428114354610443,0.13381709158420563,0.13475196063518524,0.13428108394145966,0.13428108394145966,-7.896474585322721e-07,0.00010171005123993382,0.23140214383602142,0.0005077705136500299
G17,193,2416.528564453125,0.8068068027496338,-2420.397705078125,-2420.397705078125,2333.5,2333.5,481.6015625,1791.0,2488.0,547.2833251953125,-86.67111206054688,0.13658039271831512,0.13611048460006714,0.13705715537071228,0.13658031821250916,0.13658031821250916,3.120075234619435e-06,0.00011329969129292294,0.23446114361286163,0.0005375286564230919
G17,194,2429.0390625,0.8058058023452759,-2421.770751953125,-2421.770751953125,2333.5,2333.5,528.7265625,2019.0,2488.0,547.0326538085938,-88.04576873779297,0.13891816139221191,0.13844235241413116,0.1394008845090866,0.13891807198524475,0.13891807198524475,-7.795401870680507e-06,0.00011935867951251566,0.23754701018333435,0.0006127774831838906
G17,195,2441.549560546875,0.804804801940918,-2423.165283203125,-2423.165283203125,2333.5,2333.5,564.390625,1851.0,2488.0,546.7733764648438,-89.4415512084961,0.14129485189914703,0.14081312716007233,0.14178359508514404,0.14129477739334106,0.14129477739334106,3.833341452263994e-06,0.00011574540985748172,0.24065916240215302,0.0006754622445441782
G17,196,2454.06005859375,0.8038038015365601,-2424.5810546875,-2424.5810546875,2333.5,2333.5,616.75,1727.0,2488.0,546.5052490234375,-90.85862731933594,0.14371085166931152,0.14322318136692047,0.14420561492443085,0.14371077716350555,0.14371077716350555,8.03853981778957e-06,0.00011405332043068483,0.24379710853099823,0.0006432277732528746
G17,197,2466.570556640625,0.8028028011322021,-2426.0185546875,-2426.0185546875,2333.5,2333.5,532.484375,1577.0,2488.0,546.2279052734375,-92.29713439941406,0.14616654813289642,0.14567291736602783,0.14666734635829926,0.14616645872592926,0.14616645872592926,-1.53612836584216e-05,0.0001217332246596925,0.24695996940135956,0.0006503108888864517
G17,198,2479.0810546875,0.8018018007278442,-2427.4775390625,-2427.4775390625,2333.5,2333.5,532.3984375,1682.0,2488.0,545.941162109375,-93.75723266601562,0.1486622840166092,0.14816266298294067,0.1491691619157791,0.14866222441196442,0.14866222441196442,1.2591585800691973e-05,0.0001233981893165037,0.2501470446586609,0.0006897945422679186
G17,199,2491.591552734375,0.8008008003234863,-2428.9580078125,-2428.9580078125,2333.5,2333.5,511.984375,1752.0,2488.0,545.6446533203125,-95.23905944824219,0.15119844675064087,0.15069282054901123,0.1517113894224167,0.1511983573436737,0.1511983573436737,-6.501860752905486e-06,0.00013171840691938996,0.25335758924484253,0.0006982692866586149
G17,200,2504.10205078125,0.7997997999191284,-2430.46044921875,-2430.46044921875,2333.5,2333.5,467.734375,1798.0,2488.0,545.3381958007812,-96.74273681640625,0.15377536416053772,0.15326371788978577,0.15429440140724182,0.15377527475357056,0.15377527475357056,4.30069394496968e-06,0.0001338205620413646,0.25659075379371643,0.0007641847478225827
G17,201,2516.612548828125,0.7987987995147705,-2431.98486328125,-2431.98486328125,2333.5,2333.5,451.0703125,1510.0,2488.0,545.0213623046875,-98.2684097290039,0.1563933789730072,0.15587568283081055,0.15691852569580078,0.15639328956604004,0.15639328956604004,-4.663784693548223e-06,0.00013980688527226448,0.2598457634449005,0.0007683663861826062
G17,202,2529.123046875,0.7977977991104126,-2433.531494140625,-2433.531494140625,2333.5,2333.5,440.7265625,1557.0,2488.0,544.6939086914062,-99.81617736816406,0.1590527892112732,0.15852907299995422,0.15958404541015625,0.15905269980430603,0.15905269980430603,2.0157581275270786e-06,0.00014447959256358445,0.2631215751171112,0.0008050947799347341
G17,203,2541.633544921875,0.7967967987060547,-2435.10009765625,-2435.10009765625,2333.5,2333.5,466.484375,1635.0,2488.0,544.3555297851562,-101.38614654541016,0.16175392270088196,0.1612241566181183,0.1622912585735321,0.1617538034915924,0.1617538034915924,4.856581654166803e-06,0.00014627868949901313,0.2664172947406769,0.000833757861983031
G17,204,2554.14404296875,0.7957957983016968,-2436.69140625,-2436.69140625,2333.5,2333.5,498.921875,1657.0,2488.0,544.005859375,-102.97840881347656,0.1644970327615738,0.16396121680736542,0.1650404930114746,0.16449692845344543,0.16449692845344543,-1.1157158951391466e-05,0.0001436923339497298,0.26973187923431396,0.000869380310177803
G17,205,2566.654541015625,0.7947947978973389,-2438.304931640625,-2438.304931640625,2333.5,2333.5,547.2421875,1637.0,2488.0,543.6446533203125,-104.59304809570312,0.16728240251541138,0.1667405664920807,0.16783198714256287,0.1672823280096054,0.1672823280096054,1.1690877727232873e-05,0.00012804934522137046,0.27306434512138367,0.0008509674808010459
G17,206,2579.1650390625,0.793793797492981,-2439.94091796875,-2439.94091796875,2333.5,2333.5,496.6640625,1571.0,2488.0,543.2716064453125,-106.23014831542969,0.1701103150844574,0.169562429189682,0.17066599428653717,0.17011022567749023,0.17011022567749023,-5.829195742990123e-06,0.00014051735342945904,0.27641355991363525,0.0007483188528567553
G17,207,2591.67578125,0.792792797088623,-2441.59912109375,-2441.59912109375,2333.5,2333.5,477.59375,1508.0,2488.0,542.88623046875,-107.88973236083984,0.17298094928264618,0.17242705821990967,0.17354275286197662,0.1729808747768402,0.1729808747768402,-4.304843059799168e-06,0.00014238501898944378,0.2797780930995941,0.0008414131589233875
G17,208,2604.186279296875,0.7917917966842651,-2443.280029296875,-2443.280029296875,2333.5,2333.5,554.21875,1540.0,2488.0,542.4883422851562,-109.5718765258789,0.1758945733308792,0.17533466219902039,0.17646242678165436,0.17589449882507324,0.17589449882507324,1.2739532394334674e-05,0.00013151053281035274,0.28315699100494385,0.0008529806509613991
G17,209,2616.69677734375,0.7907907962799072,-2444.98388671875,-2444.98388671875,2333.5,2333.5,505.3359375,1721.0,2488.0,542.0775146484375,-111.276611328125,0.17885135114192963,0.17828544974327087,0.17942526936531067,0.17885127663612366,0.17885127663612366,-1.2813110515708104e-05,0.00014156957331579179,0.28654906153678894,0.000784611445851624
G17,210,2629.207275390625,0.7897897958755493,-2446.7099609375,-2446.7099609375,2333.5,2333.5,518.375,1557.0,2488.0,541.6534423828125,-113.00394439697266,0.18185147643089294,0.18127959966659546,0.1824314147233963,0.18185140192508698,0.18185140192508698,5.824779236718314e-06,0.00013837723236065358,0.28995266556739807,0.0008660499006509781
G17,211,2641.7177734375,0.7887887954711914,-2448.45849609375,-2448.45849609375,2333.5,2333.5,561.7890625,1561.0,2488.0,541.2158203125,-114.7538833618164,0.1848950982093811,0.18431727588176727,0.18548104166984558,0.18489500880241394,0.18489500880241394,1.2840085901189013e-06,0.00013314247189555317,0.2933666706085205,0.0008508809260092676
G17,212,2654.228271484375,0.7877877950668335,-2450.230224609375,-2450.230224609375,2333.5,2333.5,552.9296875,1580.0,2488.0,540.7642211914062,-116.52643585205078,0.18798229098320007,0.18739856779575348,0.18857423961162567,0.1879822313785553,0.1879822313785553,-3.3706035083014285e-06,0.00013635470531880856,0.29678964614868164,0.0008208968210965395
G17,213,2666.73876953125,0.7867867946624756,-2452.024169921875,-2452.024169921875,2333.5,2333.5,532.0625,1604.0,2488.0,540.29833984375,-118.32154846191406,0.19111323356628418,0.19052360951900482,0.19171111285686493,0.19111314415931702,0.19111314415931702,1.945228405020316e-06,0.00014718022430315614,0.30021995306015015,0.00085546012269333
G17,214,2679.249267578125,0.7857857942581177,-2453.840576171875,-2453.840576171875,2333.5,2333.5,486.6796875,1611.0,2488.0,539.8177490234375,-120.13920593261719,0.1942879855632782,0.19369250535964966,0.19489175081253052,0.19428786635398865,0.19428786635398865,9.070208761841059e-07,0.0001542328973300755,0.30365613102912903,0.0009715053020045161
G17,215,2691.759765625,0.7847847938537598,-2455.6796875,-2455.6796875,2333.5,2333.5,531.75,1589.0,2488.0,539.3221435546875,-121.97933959960938,0.19750656187534332,0.19690531492233276,0.1981162130832672,0.19750648736953735,0.19750648736953735,-4.300272394175408e-06,0.00014754912990611047,0.3070966899394989,0.0010207071900367737
G17,216,2704.270263671875,0.7837837934494019,-2457.541015625,-2457.541015625,2333.5,2333.5,485.8515625,1586.0,2488.0,538.8111572265625,-123.84190368652344,0.20076903700828552,0.20016202330589294,0.20138448476791382,0.20076896250247955,0.20076896250247955,1.020730110212753e-06,0.00015984621131792665,0.3105400800704956,0.0009669103310443461
G17,217,2716.78076171875,0.782782793045044,-2459.425048828125,-2459.425048828125,2333.5,2333.5,433.1875,1616.0,2488.0,538.2843017578125,-125.72679138183594,0.2040753960609436,0.20346270501613617,0.20469661056995392,0.20407530665397644,0.20407530665397644,1.5414423614856787e-05,0.00016953803424257785,0.31398433446884155,0.0010731796501204371
G17,218,2729.291259765625,0.781781792640686,-2461.330810546875,-2461.330810546875,2333.5,2333.5,495.6640625,1561.0,2488.0,537.741455078125,-127.63388061523438,0.20742560923099518,0.20680725574493408,0.20805253088474274,0.2074255347251892,0.2074255347251892,-3.55874071829021e-05,0.00016372119716834277,0.31742793321609497,0.0011643128236755729
G17,219,2741.8017578125,0.7807807922363281,-2463.259033203125,-2463.259033203125,2333.5,2333.5,515.0,1843.0,2488.0,537.1820068359375,-129.56309509277344,0.21081961691379547,0.21019569039344788,0.2114522010087967,0.2108195424079895,0.2108195424079895,4.558068030746654e-05,0.0001656343520153314,0.32086920738220215,0.0011157046537846327
G17,220,2754.312255859375,0.7797797918319702,-2465.208984375,-2465.208984375,2333.5,2333.5,580.4609375,1531.0,2488.0,536.605712890625,-131.51425170898438,0.2142573744058609,0.2136279195547104,0.21489547193050385,0.21425725519657135,0.21425725519657135,-3.614414526964538e-05,0.0001668362965574488,0.3243061900138855,0.0011642032768577337
G17,221,2766.82275390625,0.7787787914276123,-2467.18115234375,-2467.18115234375,2333.5,2333.5,572.4140625,1663.0,2488.0,536.0120849609375,-133.48721313476562,0.21773868799209595,0.21710380911827087,0.21838228404521942,0.21773859858512878,0.21773859858512878,1.1769382581405807e-05,0.00016240455443039536,0.3277370035648346,0.0012093206169083714
G17,222,2779.333251953125,0.7777777910232544,-2469.17431640625,-2469.17431640625,2333.5,2333.5,535.53125,1695.0,2488.0,535.40087890625,-135.4818115234375,0.22126346826553345,0.2206232100725174,0.22191248834133148,0.2212633639574051,0.2212633639574051,1.3901381862524431e-05,0.00017449594452045858,0.33115994930267334,0.0011468748562037945
G17,223,2791.84375,0.7767767906188965,-2471.189453125,-2471.189453125,2333.5,2333.5,508.8671875,1974.0,2488.0,534.771728515625,-137.497802734375,0.22483152151107788,0.224185973405838,0.22548586130142212,0.22483138740062714,0.22483138740062714,-2.5922348868334666e-05,0.0001895106688607484,0.33457279205322266,0.001255623297765851
G17,224,2804.354248046875,0.7757757902145386,-2473.22509765625,-2473.22509765625,2333.5,2333.5,577.015625,1963.0,2488.0,534.1241455078125,-139.53500366210938,0.22844260931015015,0.2277919054031372,0.22910219430923462,0.22844253480434418,0.22844253480434418,2.388898610661272e-05,0.0001876150054158643,0.3379737138748169,0.0013713082298636436
G17,225,2816.86474609375,0.7747747898101807,-2475.28271484375,-2475.28271484375,2333.5,2333.5,719.765625,2079.0,2488.0,533.4578247070312,-141.59320068359375,0.23209653794765472,0.2314406931400299,0.23276126384735107,0.23209640383720398,0.23209640383720398,-1.2242598131706472e-05,0.00019646584405563772,0.34136083722114563,0.0013626661384478211
G17,226,2829.375244140625,0.7737737894058228,-2477.3603515625,-2477.3603515625,2333.5,2333.500244140625,801.671875,2361.0,2488.0,532.7724609375,-143.67208862304688,0.23579299449920654,0.2351321429014206,0.2364627867937088,0.2357928454875946,0.2357928454875946,7.465792350558331e-06,0.00021396565716713667,0.344731867313385,0.0014519864926114678
G17,227,2841.885986328125,0.7727727890014648,-2479.45849609375,-2479.45849609375,2333.5,2333.50048828125,1036.3359375,2407.0,2488.0,532.0675659179688,-145.77142333984375,0.23953166604042053,0.2388659119606018,0.24020637571811676,0.2395314872264862,0.2395314872264862,-7.490040388802299e-06,0.00021910335635766387,0.3480848968029022,0.0015644616214558482
G17,228,2854.396484375,0.7717717885971069,-2481.57666015625,-2481.57666015625,2333.5,2333.5009765625,1240.859375,2558.0,2558.0,531.3428955078125,-147.8909149169922,0.24331218004226685,0.2426416426897049,0.24399174749851227,0.24331195652484894,0.24331195652484894,1.9819890439976007e-05,0.00023901100212242454,0.35141798853874207,0.0015202203067019582
G17,229,2866.906982421875,0.770770788192749,-2483.71533203125,-2483.71533203125,2333.5,2333.50244140625,1531.71875,2620.0,2620.0,530.5980224609375,-150.0301971435547,0.24713420867919922,0.2464589774608612,0.2478184849023819,0.24713382124900818,0.24713382124900818,-1.4478978300758172e-05,0.00028079014737159014,0.3547288775444031,0.0015450002392753959
G17,230,2879.41748046875,0.7697697877883911,-2485.873046875,-2485.873046875,2333.5,2333.504638671875,1768.9765625,2667.0,2667.0,529.8326416015625,-152.18893432617188,0.25099727511405945,0.2503175139427185,0.251686155796051,0.2509966194629669,0.2509966194629669,1.4424786968447734e-05,0.00035120031679980457,0.3580155074596405,0.0016389249358326197
G17,231,2891.927978515625,0.7687687873840332,-2488.0498046875,-2488.0498046875,2333.50048828125,2333.509033203125,1974.234375,2677.0,2677.0,529.0463256835938,-154.36669921875,0.2549009919166565,0.2542167603969574,0.25559431314468384,0.25489968061447144,0.25489968061447144,1.1873834409925621e-05,0.00047557696234434843,0.3612760901451111,0.0017442724201828241
G17,232,2904.4384765625,0.7677677869796753,-2490.245849609375,-2490.245849609375,2333.5009765625,2333.515380859375,2191.484375,2692.0,2692.0,528.2388305664062,-156.56301879882812,0.2588448226451874,0.25815626978874207,0.25954246520996094,0.25884222984313965,0.25884222984313965,5.285511406327714e-07,0.0006553445709869266,0.36450862884521484,0.0021296392660588026
G17,233,2916.948974609375,0.7667667865753174,-2492.46044921875,-2492.46044921875,2333.501953125,2333.5263671875,2382.1875,2694.0,2694.0,527.4098510742188,-158.77731323242188,0.26282820105552673,0.26213550567626953,0.26353004574775696,0.26282331347465515,0.26282331347465515,2.3631544536328875e-05,0.0009096096036955714,0.3677122890949249,0.0025845395866781473
G17,234,2929.45947265625,0.7657657861709595,-2494.693115234375,-2494.693115234375,2333.50439453125,2333.54248046875,2467.453125,2711.0,2711.0,526.5589599609375,-161.00889587402344,0.26685065031051636,0.26615387201309204,0.2675565183162689,0.26684147119522095,0.26684147119522095,1.057197778209229e-06,0.001301016891375184,0.37088608741760254,0.0031554612796753645
G17,235,2941.969970703125,0.7647647857666016,-2496.94384765625,-2496.94384765625,2333.508544921875,2333.56689453125,2577.7890625,2717.0,2717.0,525.6859741210938,-163.25677490234375,0.2709115445613861,0.27021080255508423,0.2716212570667267,0.2708948850631714,0.2708948850631714,4.213176725897938e-05,0.0018068760400637984,0.3740297257900238,0.004220261238515377
G17,236,2954.48046875,0.7637637853622437,-2499.212890625,-2499.212890625,2333.515380859375,2333.602783203125,2621.1953125,2748.0,2748.0,524.7904052734375,-165.51976013183594,0.27501022815704346,0.27430567145347595,0.2757236063480377,0.27498117089271545,0.27498117089271545,-1.1376058637324604e-06,0.0024897116236388683,0.37714481353759766,0.005674492567777634
G17,237,2966.990966796875,0.7627627849578857,-2501.49951171875,-2501.49951171875,2333.52685546875,2333.652587890625,2662.296875,2761.0,2761.0,523.8721313476562,-167.79632568359375,0.27914607524871826,0.2784377932548523,0.27997928857803345,0.2790969908237457,0.2790969908237457,3.0479430279228836e-05,0.0033624719362705946,0.38023364543914795,0.007387823425233364
G17,238,2979.50146484375,0.7617617845535278,-2503.804931640625,-2503.804931640625,2333.544921875,2333.72216796875,2708.578125,2774.0,2774.0,522.9307250976562,-170.08433532714844,0.283318430185318,0.28260645270347595,0.2844615876674652,0.2832380533218384,0.2832380533218384,4.43532298959326e-05,0.004441655706614256,0.3833009898662567,0.009612932801246643
G17,239,2992.011962890625,0.7607607841491699,-2506.12890625,-2506.12890625,2333.5732421875,2333.816162109375,2726.8515625,2786.0,2786.0,521.9660034179688,-172.3811492919922,0.28752657771110535,0.28681090474128723,0.2890756130218506,0.2873992919921875,0.2873992919921875,1.018394686980173e-05,0.00577396247535944,0.38635361194610596,0.01234056893736124
G17,240,3004.5224609375,0.759759783744812,-2508.471435546875,-2508.471435546875,2333.61474609375,2333.9384765625,2747.7421875,2794.0,2794.0,520.9776611328125,-174.68353271484375,0.2917698323726654,0.29105040431022644,0.2938343286514282,0.2915743887424469,0.2915743887424469,4.101855665794574e-05,0.007354958448559046,0.38940057158470154,0.015501025132834911
G17,241,3017.032958984375,0.7587587833404541,-2510.834716796875,-2510.834716796875,2333.674560546875,2334.0966796875,2763.921875,2809.0,2809.0,519.9654541015625,-176.98770141601562,0.29604750871658325,0.29532408714294434,0.298755943775177,0.2957558035850525,0.2957558035850525,4.389909008750692e-05,0.009215361438691616,0.3924538791179657,0.019189143553376198
G17,242,3029.54345703125,0.7577577829360962,-2513.21875,-2513.21875,2333.75830078125,2334.29736328125,2776.46875,2828.0,2828.0,518.9291381835938,-179.28900146484375,0.30035892128944397,0.29963111877441406,0.30385687947273254,0.2999352514743805,0.2999352514743805,3.14441931550391e-05,0.011363137513399124,0.39552822709083557,0.0234308373183012
G17,243,3042.053955078125,0.7567567825317383,-2515.624755859375,-2515.624755859375,2333.8720703125,2334.546875,2791.6484375,2841.0,2841.0,517.8683471679688,-181.58242797851562,0.30470335483551025,0.3039706349372864,0.30914929509162903,0.304103821516037,0.304103821516037,4.047355105285533e-05,0.013795623555779457,0.398640900850296,0.028187688440084457
G17,244,3054.564453125,0.7557557821273804,-2518.0546875,-2518.0546875,2334.02294921875,2334.85302734375,2805.8515625,2851.0,2851.0,516.782958984375,-183.86257934570312,0.30908018350601196,0.3083416521549225,0.3146471381187439,0.3082510828971863,0.3082510828971863,4.114093098905869e-05,0.01653292216360569,0.4018121659755707,0.03346157819032669
G17,245,3067.074951171875,0.7547547817230225,-2520.510009765625,-2520.510009765625,2334.21875,2335.223388671875,2818.1015625,2868.0,2868.0,515.672607421875,-186.12318420410156,0.31348884105682373,0.31274327635765076,0.3203592598438263,0.31236669421195984,0.31236669421195984,3.739511521416716e-05,0.019568122923374176,0.40506574511528015,0.0392497293651104
G17,246,3079.58544921875,0.7537537813186646,-2522.99267578125,-2522.99267578125,2334.4677734375,2335.66650390625,2828.1171875,2873.0,2873.0,514.5369873046875,-188.35806274414062,0.3179287016391754,0.3171744644641876,0.32629019021987915,0.3164401650428772,0.3164401650428772,3.314573405077681e-05,0.022896302863955498,0.40842756628990173,0.04555363953113556
G17,247,3092.09619140625,0.7527527809143066,-2525.50537109375,-2525.50537109375,2334.7783203125,2336.1904296875,2839.25,2880.0,2880.0,513.3759765625,-190.56097412109375,0.3223992884159088,0.3216342031955719,0.33244356513023376,0.32046008110046387,0.32046008110046387,2.4214610675699078e-05,0.026526160538196564,0.41192618012428284,0.05233107879757881
G17,248,3104.606689453125,0.7517517805099487,-2528.0498046875,-2528.0498046875,2335.15966796875,2336.80126953125,2848.3828125,2887.0,2887.0,512.189208984375,-192.72515869140625,0.32690009474754333,0.3261214792728424,0.33881711959838867,0.3244154155254364,0.3244154155254364,2.6072430046042427e-05,0.03045160509645939,0.41559290885925293,0.05953077971935272
G17,249,3117.1171875,0.7507507801055908,-2530.628662109375,-2530.628662109375,2335.62060546875,2337.510498046875,2857.734375,2888.0,2888.0,510.9763488769531,-194.8441162109375,0.33143073320388794,0.3306351900100708,0.3454053997993469,0.3282947838306427,0.3282947838306427,1.5125246136449277e-05,0.034669455140829086,0.41946205496788025,0.06713806092739105
G17,250,3129.627685546875,0.7497497797012329,-2533.2451171875,-2533.2451171875,2336.1708984375,2338.325927734375,2865.4140625,2896.0,2896.0,509.73712158203125,-196.91116333007812,0.335990846157074,0.33517417311668396,0.35220175981521606,0.3320867419242859,0.3320867419242859,6.7412292992230505e-06,0.03917894512414932,0.4235707223415375,0.07512330263853073
G17,251,3142.13818359375,0.748748779296875,-2535.90185546875,-2535.90185546875,2336.820068359375,2339.25244140625,2872.515625,2900.0,2900.0,508.47125244140625,-198.91964721679688,0.34058013558387756,0.3397374451160431,0.3591955900192261,0.3357800245285034,0.3357800245285034,5.222447271080455e-06,0.04397636279463768,0.42795658111572266,0.08338789641857147
G17,252,3154.648681640625,0.7477477788925171,-2538.601318359375,-2538.601318359375,2337.57763671875,2340.300537109375,2878.3984375,2904.0,2904.0,507.17828369140625,-200.86302185058594,0.3451983630657196,0.34432369470596313,0.3663751780986786,0.33936330676078796,0.33936330676078796,-8.131489266816061e-06,0.0490536205470562,0.4326609969139099,0.09189049899578094
G17,253,3167.1591796875,0.7467467784881592,-2541.34765625,-2541.34765625,2338.453125,2341.476806640625,2884.9453125,2911.0,2911.0,505.85791015625,-202.7347869873047,0.34984534978866577,0.34893184900283813,0.37372851371765137,0.34282606840133667,0.34282606840133667,-1.5256646292982623e-05,0.05440308526158333,0.43772655725479126,0.10057628154754639
G17,254,3179.669677734375,0.7457457780838013,-2544.14306640625,-2544.14306640625,2339.45556640625,2342.7841796875,2891.015625,2915.0,2915.0,504.509765625,-204.52886962890625,0.35452085733413696,0.3535606861114502,0.38124191761016846,0.3461580276489258,0.3461580276489258,-2.0674131519626826e-05,0.06002300605177879,0.4431931972503662,0.10933777689933777
G17,255,3192.18017578125,0.7447447776794434,-2546.990966796875,-2546.990966796875,2340.59375,2344.231689453125,2896.46875,2918.0,2918.0,503.1334228515625,-206.23948669433594,0.35922491550445557,0.35820916295051575,0.38890233635902405,0.3493499159812927,0.3493499159812927,-3.661455411929637e-05,0.06590023636817932,0.44910264015197754,0.11809700727462769
G17,256,3204.690673828125,0.7437437772750854,-2549.893798828125,-2549.893798828125,2341.875732421875,2345.822265625,2900.546875,2919.0,2919.0,501.72845458984375,-207.86148071289062,0.36395740509033203,0.36287590861320496,0.3966967463493347,0.3523934781551361,0.3523934781551361,-4.1307954234071076e-05,0.07202056050300598,0.4554920792579651,0.12674574553966522
G17,257,3217.201171875,0.7427427768707275,-2552.8544921875,-2552.8544921875,2343.308837890625,2347.55517578125,2904.21875,2922.0,2922.0,500.2944641113281,-209.39019775390625,0.3687182664871216,0.3675597906112671,0.4046119749546051,0.3552819788455963,0.3552819788455963,-5.560811405302957e-05,0.07836860418319702,0.4623964726924896,0.13519497215747833
G17,258,3229.711669921875,0.7417417764663696,-2555.875732421875,-2555.875732421875,2344.899169921875,2349.436767578125,2907.71875,2928.0,2928.0,498.83099365234375,-210.8219757080078,0.37350738048553467,0.3722595274448395,0.4126358926296234,0.358010470867157,0.358010470867157,-6.634116289205849e-05,0.08492603152990341,0.4698413908481598,0.14331050217151642
G17,259,3242.22216796875,0.7407407760620117,-2558.958984375,-2558.958984375,2346.6513671875,2351.465087890625,2910.7265625,2930.0,2930.0,497.3375244140625,-212.15435791015625,0.37832483649253845,0.3769740164279938,0.42075636982917786,0.3605762720108032,0.3605762720108032,-7.625068974448368e-05,0.09167294949293137,0.47784724831581116,0.15097378194332123
G17,260,3254.732666015625,0.7397397756576538,-2562.10693359375,-2562.10693359375,2348.568359375,2353.63525390625,2914.6015625,2935.0,2935.0,495.81365966796875,-213.38609313964844,0.3831705152988434,0.3817017674446106,0.42896148562431335,0.3629789352416992,0.3629789352416992,-9.588438842911273e-05,0.09859010577201843,0.486423522233963,0.15806271135807037
G17,261,3267.2431640625,0.7387387752532959,-2565.31982421875,-2565.31982421875,2350.6513671875,2355.94580078125,2917.5625,2940.0,2940.0,494.2589416503906,-214.51730346679688,0.3880442678928375,0.38644155859947205,0.4372403025627136,0.3652210831642151,0.3652210831642151,-0.00010250001651002094,0.10565236955881119,0.49556851387023926,0.16445086896419525
G17,262,3279.753662109375,0.737737774848938,-2568.5986328125,-2568.5986328125,2352.898681640625,2358.387451171875,2920.28125,2945.0,2945.0,492.6728515625,-215.5499267578125,0.39294591546058655,0.39119189977645874,0.4455812871456146,0.3673078119754791,0.3673078119754791,-0.0001188134410767816,0.11283276975154877,0.505265474319458,0.1699906289577484
G17,263,3292.26416015625,0.7367367744445801,-2571.9443359375,-2571.9443359375,2355.3076171875,2360.953125,2922.703125,2945.0,2945.0,491.054931640625,-216.48736572265625,0.39787527918815613,0.39595142006874084,0.4539737105369568,0.3692470192909241,0.3692470192909241,-0.00013849619426764548,0.1201060488820076,0.5154908299446106,0.17458102107048035
G17,264,3304.774658203125,0.7357357740402222,-2575.35595703125,-2575.35595703125,2357.873046875,2363.63134765625,2925.5703125,2947.0,2947.0,489.4048156738281,-217.3345947265625,0.40283203125,0.4007185697555542,0.4624069631099701,0.3710480332374573,0.3710480332374573,-0.00014644075417891145,0.12744447588920593,0.5262001752853394,0.1780855655670166
G17,265,3317.28515625,0.7347347736358643,-2578.83203125,-2578.83203125,2360.58740234375,2366.411376953125,2928.3359375,2947.0,2947.0,487.7220153808594,-218.0975341796875,0.40781572461128235,0.4054918587207794,0.47087013721466064,0.3727233409881592,0.3727233409881592,-0.0001681346766417846,0.13481906056404114,0.5373470783233643,0.18041585385799408
G17,266,3329.7958984375,0.7337337732315063,-2582.372314453125,-2582.372314453125,2363.44287109375,2369.283447265625,2930.6796875,2949.0,2949.0,486.00616455078125,-218.78375244140625,0.41282588243484497,0.4102698266506195,0.479353129863739,0.374285489320755,0.374285489320755,-0.0001828650274546817,0.14221030473709106,0.5488649606704712,0.181462362408638
G17,267,3342.306396484375,0.7327327728271484,-2585.974365234375,-2585.974365234375,2366.428466796875,2372.23583984375,2932.9140625,2957.0,2957.0,484.2569580078125,-219.4010009765625,0.4178617298603058,0.4150508642196655,0.48784545063972473,0.3757486343383789,0.3757486343383789,-0.0002021564869210124,0.1495949774980545,0.5606876015663147,0.18117070198059082
G17,268,3354.81689453125,0.7317317724227905,-2589.63525390625,-2589.63525390625,2369.53369140625,2375.36376953125,2935.140625,2958.0,2958.0,482.47406005859375,-219.95779418945312,0.4229225814342499,0.4198335111141205,0.49633702635765076,0.3771272301673889,0.3771272301673889,-0.00022170267766341567,0.15695300698280334,0.5727392435073853,0.17948071658611298
G17,269,3367.327392578125,0.7307307720184326,-2593.35302734375,-2593.35302734375,2372.74755859375,2378.61962890625,2936.9140625,2958.0,2958.0,480.65728759765625,-220.4627685546875,0.42800742387771606,0.42461639642715454,0.5048179030418396,0.37843558192253113,0.37843558192253113,-0.00024092107196338475,0.16426688432693481,0.5849354863166809,0.17636090517044067
G17,270,3379.837890625,0.7297297716140747,-2597.123779296875,-2597.123779296875,2376.0576171875,2381.985107421875,2939.0546875,2958.0,2958.0,478.806396484375,-220.924560546875,0.4331151843070984,0.4293980896472931,0.5132783651351929,0.379688560962677,0.379688560962677,-0.00026734417770057917,0.1715216189622879,0.5972046256065369,0.17182350158691406
G17,271,3392.348388671875,0.7287287712097168,-2600.9443359375,-2600.9443359375,2379.45166015625,2385.418212890625,2940.6796875,2958.0,2958.0,476.9212646484375,-221.35198974609375,0.43824461102485657,0.4341774880886078,0.521708607673645,0.38090014457702637,0.38090014457702637,-0.0002848811272997409,0.17870476841926575,0.6094480156898499,0.1658729463815689
G17,272,3404.85888671875,0.7277277708053589,-2604.811279296875,-2604.811279296875,2382.91845703125,2388.904541015625,2942.2109375,2958.0,2958.0,475.0018310546875,-221.7532958984375,0.44339439272880554,0.43895336985588074,0.5300994515419006,0.38208651542663574,0.38208651542663574,-0.00031564413802698255,0.18580737709999084,0.6216055154800415,0.15859855711460114
G17,273,3417.369384765625,0.726726770401001,-2608.720703125,-2608.720703125,2386.4443359375,2392.433349609375,2943.8828125,2959.0,2959.0,473.0482177734375,-222.1380157470703,0.448562890291214,0.4437248706817627,0.5384417772293091,0.3832615315914154,0.3832615315914154,-0.00033536352566443384,0.19281978905200958,0.6335777044296265,0.1500653624534607
G17,274,3429.8798828125,0.7257257699966431,-2612.669921875,-2612.669921875,2390.018310546875,2395.94384765625,2946.1171875,2961.0,2961.0,471.06036376953125,-222.5142059326172,0.4537484645843506,0.44849109649658203,0.5467270016670227,0.3844381868839264,0.3844381868839264,-0.0003614327870309353,0.1997375786304474,0.645307719707489,0.14043396711349487
G17,275,3442.390380859375,0.7247247695922852,-2616.654541015625,-2616.654541015625,2393.62890625,2399.497314453125,2948.03125,2964.0,2964.0,469.03857421875,-222.88951110839844,0.45894941687583923,0.45325157046318054,0.5549466609954834,0.38562697172164917,0.38562697172164917,-0.0003987696545664221,0.2065635323524475,0.6567250490188599,0.12987174093723297
G17,276,3454.90087890625,0.7237237691879272,-2620.6728515625,-2620.6728515625,2397.267333984375,2403.068115234375,2949.7734375,2968.0,2968.0,466.9830627441406,-223.2699432373047,0.46416381001472473,0.4580058157444,0.5630936026573181,0.38683632016181946,0.38683632016181946,-0.0003963617200497538,0.21329329907894135,0.6677746772766113,0.11862805485725403
G17,277,3467.411376953125,0.7227227687835693,-2624.720703125,-2624.720703125,2400.92626953125,2406.629638671875,2951.28125,2968.0,2968.0,464.89410400390625,-223.66033935546875,0.4693897068500519,0.4627534747123718,0.5711600184440613,0.3880738615989685,0.3880738615989685,-0.0004608742892742157,0.21993041038513184,0.6784145832061768,0.10699184983968735
G17,278,3479.921875,0.7217217683792114,-2628.7978515625,-2628.7978515625,2404.599609375,2410.22509765625,2953.1484375,2969.0,2969.0,462.7721862792969,-224.0650634765625,0.4746249318122864,0.46749454736709595,0.5791405439376831,0.3893471360206604,0.3893471360206604,-0.0004584117268677801,0.22647163271903992,0.6886132955551147,0.09536228328943253
G17,279,3492.432373046875,0.7207207679748535,-2632.9013671875,-2632.9013671875,2408.28076171875,2413.821044921875,2955.0703125,2974.0,2974.0,460.61773681640625,-224.48843383789062,0.47986742854118347,0.47222432494163513,0.5870277881622314,0.39065852761268616,0.39065852761268616,-0.0004810029058717191,0.23292583227157593,0.6983311176300049,0.08421587198972702
G17,280,3504.94287109375,0.7197197675704956,-2637.03076171875,-2637.03076171875,2411.96826171875,2417.43505859375,2956.5703125,2977.0,2977.0,458.43133544921875,-224.93173217773438,0.4851149618625641,0.4769255816936493,0.5948187708854675,0.39201033115386963,0.39201033115386963,-0.000549232354387641,0.2392929643392563,0.7075706124305725,0.0741516724228859
G17,281,3517.453369140625,0.7187187671661377,-2641.185302734375,-2641.185302734375,2415.659423828125,2421.065673828125,2957.8125,2978.0,2978.0,456.213623046875,-225.39614868164062,0.4903653562068939,0.48161277174949646,0.6025058627128601,0.393402636051178,0.393402636051178,-0.0005050334148108959,0.24558186531066895,0.716326892375946,0.06592997163534164
G17,282,3529.9638671875,0.717717707157135,-2645.364501953125,-2645.364501953125,2419.3544921875,2424.705078125,2959.140625,2978.0,2978.0,453.96514892578125,-225.88162231445312,0.49561622738838196,0.48628485202789307,0.6100881099700928,0.39482733607292175,0.39482733607292175,-0.000596547732129693,0.251808226108551,0.7245920300483704,0.060250576585531235
G17,283,3542.474365234375,0.7167167067527771,-2649.569091796875,-2649.569091796875,2423.05810546875,2428.38623046875,2960.2109375,2976.0,2978.0,451.6867980957031,-226.38348388671875,0.5008653998374939,0.4909364879131317,0.6175602674484253,0.3962841033935547,0.39628416299819946,-0.000572806631680578,0.2579726278781891,0.7324069142341614,0.05762139707803726
G17,284,3554.98486328125,0.7157157063484192,-2653.79931640625,-2653.79931640625,2426.771484375,2432.07421875,2961.296875,2976.0,2978.0,449.37921142578125,-226.9014129638672,0.5061107277870178,0.4955703318119049,0.6249196529388428,0.39777013659477234,0.3977706730365753,-0.0006138483295217156,0.26408252120018005,0.7397752404212952,0.057976044714450836
G17,285,3567.495361328125,0.7147147059440613,-2658.0546875,-2658.0546875,2430.49560546875,2435.7880859375,2962.359375,2977.0,2978.0,447.04339599609375,-227.43374633789062,0.5113497972488403,0.5001853108406067,0.632165253162384,0.39927077293395996,0.39927223324775696,-0.0006361926207318902,0.2701644003391266,0.7467014789581299,0.06057058647274971
G17,286,3580.006103515625,0.7137137055397034,-2662.335693359375,-2662.335693359375,2434.2392578125,2439.541015625,2963.28125,2979.0,2979.0,444.6800537109375,-227.9720458984375,0.5165805220603943,0.504780650138855,0.6392932534217834,0.4007914662361145,0.40079447627067566,-0.0006421847501769662,0.276199609041214,0.7532578110694885,0.06447695940732956
G17,287,3592.5166015625,0.7127127051353455,-2666.642333984375,-2666.642333984375,2438.0,2443.30712890625,2964.890625,2980.0,2980.0,442.2901916503906,-228.5193328857422,0.5218006372451782,0.509355366230011,0.6463033556938171,0.40232086181640625,0.40232542157173157,-0.0006812922656536102,0.2822062075138092,0.7594059705734253,0.06874794512987137
G17,288,3605.027099609375,0.7117117047309875,-2670.9736328125,-2670.9736328125,2441.78271484375,2447.112548828125,2966.453125,2985.0,2985.0,439.8747253417969,-229.06918334960938,0.5270081758499146,0.5139085054397583,0.6531942486763,0.403852641582489,0.4038581848144531,-0.000682604149915278,0.28819113969802856,0.76519376039505,0.07271014153957367
G17,289,3617.53759765625,0.7107107043266296,-2675.32861328125,-2675.32861328125,2445.58984375,2450.950439453125,2967.7265625,2985.0,2985.0,437.4345703125,-229.617919921875,0.5322009325027466,0.5184393525123596,0.6599640250205994,0.4053846597671509,0.4053903818130493,-0.0007109068101271987,0.29415035247802734,0.7706445455551147,0.0758766159415245
G17,290,3630.048095703125,0.7097097039222717,-2679.70556640625,-2679.70556640625,2449.42138671875,2454.811767578125,2968.984375,2988.0,2988.0,434.9707946777344,-230.1643524169922,0.5373769998550415,0.5229467749595642,0.6666130423545837,0.4069071412086487,0.4069123864173889,-0.0007383739575743675,0.3000876009464264,0.7757385969161987,0.07795628905296326
G17,291,3642.55859375,0.7087087035179138,-2684.1025390625,-2684.1025390625,2453.28125,2458.695556640625,2970.171875,2990.0,2990.0,432.484375,-230.70291137695312,0.5425342917442322,0.5274300575256348,0.673140287399292,0.40841734409332275,0.40842169523239136,-0.0007309889770112932,0.3060004711151123,0.7805091142654419,0.07879368215799332
G17,292,3655.069091796875,0.7077077031135559,-2688.517333984375,-2688.517333984375,2457.16748046875,2462.604736328125,2971.5078125,2993.0,2993.0,429.976318359375,-231.23211669921875,0.5476710200309753,0.5318881273269653,0.6795451045036316,0.4099110960960388,0.40991416573524475,-0.000790302874520421,0.31188780069351196,0.78495192527771,0.07832402735948563
G17,293,3667.57958984375,0.706706702709198,-2692.9462890625,-2692.9462890625,2461.080078125,2466.540283203125,2972.8515625,2993.0,2993.0,427.44769287109375,-231.74954223632812,0.552785336971283,0.5363064408302307,0.6858281493186951,0.41138145327568054,0.41138336062431335,-0.0007768021896481514,0.3177560567855835,0.7890481352806091,0.07659264653921127
G17,294,3680.090087890625,0.7057057023048401,-2697.386962890625,-2697.386962890625,2465.02001953125,2470.498779296875,2974.1328125,2993.0,2993.0,424.8995361328125,-232.25137329101562,0.5578754544258118,0.5406938195228577,0.6919885873794556,0.4128262996673584,0.4128274917602539,-0.0008209212101064622,0.3235980272293091,0.7928375005722046,0.07367850095033646
G17,295,3692.6005859375,0.7047047019004822,-2701.836181640625,-2701.836181640625,2468.9853515625,2474.5029296875,2975.5234375,2994.0,2994.0,422.3329772949219,-232.7364959716797,0.5629395246505737,0.5450521111488342,0.6980268955230713,0.4142390489578247,0.414239764213562,-0.0008432894246652722,0.3294214904308319,0.796279788017273,0.06976496428251266
G17,296,3705.111083984375,0.7037037014961243,-2706.29052734375,-2706.29052734375,2472.97607421875,2478.53076171875,2976.265625,2994.0,2994.0,419.74908447265625,-233.2012481689453,0.5679760575294495,0.5493806004524231,0.7039434909820557,0.4156135320663452,0.4156140685081482,-0.0008596797124482691,0.33522263169288635,0.7993935942649841,0.06505779922008514
G17,297,3717.62158203125,0.7027027010917664,-2710.7470703125,-2710.7470703125,2476.99267578125,2482.59033203125,2977.0703125,2994.0,2994.0,417.1488952636719,-233.64222717285156,0.57298344373703,0.5536784529685974,0.7097381949424744,0.41695085167884827,0.4169512093067169,-0.000900351966265589,0.3409901261329651,0.8021918535232544,0.0598333440721035
G17,298,3730.132080078125,0.7017017006874084,-2715.203125,-2715.203125,2481.03173828125,2486.671875,2977.78125,2993.0,2994.0,414.5335693359375,-234.06011962890625,0.5779600143432617,0.5579451322555542,0.7154120802879333,0.4182438254356384,0.4182440936565399,-0.0009191497229039669,0.3467320203781128,0.8046484589576721,0.05443400889635086
G17,299,3742.642578125,0.7007007002830505,-2719.6552734375,-2719.6552734375,2485.09375,2490.79296875,2978.4296875,2993.0,2994.0,411.9041748046875,-234.4510040283203,0.5829043984413147,0.5621798634529114,0.7209656238555908,0.41949206590652466,0.4194921851158142,-0.0009458896238356829,0.3524431884288788,0.8067886829376221,0.04923645406961441
G17,300,3755.153076171875,0.6996996998786926,-2724.10107421875,-2724.10107421875,2489.17724609375,2494.933349609375,2979.3203125,2996.0,2996.0,409.2618713378906,-234.81478881835938,0.5878152251243591,0.566382110118866,0.7263995409011841,0.42069628834724426,0.42069631814956665,-0.0009798441315069795,0.3581238389015198,0.8086211085319519,0.044663622975349426
G17,301,3767.66357421875,0.6986986994743347,-2728.538330078125,-2728.538330078125,2493.278564453125,2499.099365234375,2979.9140625,2996.0,2996.0,406.60772705078125,-235.15196228027344,0.5926911234855652,0.5705512762069702,0.7317151427268982,0.42185163497924805,0.4218516945838928,-0.000998332048766315,0.36377689242362976,0.8101245760917664,0.041148073971271515
G17,302,3780.174072265625,0.6976976990699768,-2732.965087890625,-2732.965087890625,2497.3984375,2503.281982421875,2980.5546875,2996.0,2996.0,403.94287109375,-235.45993041992188,0.5975307822227478,0.5746867656707764,0.7369133830070496,0.42296409606933594,0.4229641258716583,-0.0010290220379829407,0.3693865239620209,0.8113496899604797,0.03897804394364357
G17,303,3792.6845703125,0.6966966986656189,-2737.37939453125,-2737.37939453125,2501.531494140625,2507.480712890625,2981.28125,2998.0,2998.0,401.2683410644531,-235.74215698242188,0.6023329496383667,0.578788161277771,0.7419957518577576,0.4240291118621826,0.424029141664505,-0.001058579538948834,0.3749596178531647,0.8122608065605164,0.03824131563305855
G17,304,3805.195068359375,0.695695698261261,-2741.779296875,-2741.779296875,2505.678466796875,2511.7236328125,2982.1484375,2999.0,2999.0,398.5853271484375,-235.99618530273438,0.6070965528488159,0.5828548669815063,0.7469635605812073,0.42505156993865967,0.42505156993865967,-0.0010788551298901439,0.3804917335510254,0.8129025101661682,0.03871486335992813
G17,305,3817.70556640625,0.6946946978569031,-2746.1630859375,-2746.1630859375,2509.83447265625,2515.99560546875,2983.34375,2999.0,2999.0,395.89495849609375,-236.224853515625,0.6118205189704895,0.586886465549469,0.7518274784088135,0.42603355646133423,0.42603355646133423,-0.0011067604646086693,0.3859821557998657,0.8132638931274414,0.039983004331588745
G17,306,3830.21630859375,0.6936936974525452,-2750.529296875,-2750.529296875,2513.9970703125,2520.267822265625,2984.7578125,2999.0,2999.0,393.19818115234375,-236.429443359375,0.6165036559104919,0.5908827185630798,0.7567029595375061,0.4269763231277466,0.4269763231277466,-0.0011337201576679945,0.3914307653903961,0.813355028629303,0.04156862199306488
G17,307,3842.726806640625,0.6926926970481873,-2754.876220703125,-2754.876220703125,2518.163818359375,2524.538818359375,2985.421875,2999.0,2999.0,390.4962158203125,-236.61070251464844,0.6211451292037964,0.5948430895805359,0.7614643573760986,0.4278816878795624,0.4278816878795624,-0.0011544696753844619,0.3968365490436554,0.8131917715072632,0.04306972771883011
G17,308,3855.2373046875,0.6916916966438293,-2759.2021484375,-2759.2021484375,2522.33203125,2528.795166015625,2986.1953125,3002.0,3002.0,387.7900695800781,-236.769775390625,0.6257439851760864,0.5987672209739685,0.7661131620407104,0.4287518858909607,0.4287518858909607,-0.0011755141895264387,0.4021959900856018,0.8127747774124146,0.04418647661805153
G17,309,3867.747802734375,0.6906906962394714,-2763.505859375,-2763.505859375,2526.49853515625,2533.044921875,2986.9296875,3002.0,3002.0,385.080810546875,-236.907958984375,0.6302993893623352,0.6026549339294434,0.7706516981124878,0.4295894205570221,0.4295894205570221,-0.001208363100886345,0.4075123071670532,0.8121126890182495,0.044734105467796326
G17,310,3880.25830078125,0.6896896958351135,-2767.78515625,-2767.78515625,2530.66015625,2537.26806640625,2987.4453125,3002.0,3002.0,382.3695068359375,-237.02670288085938,0.6348104476928711,0.6065058708190918,0.7750816345214844,0.43039411306381226,0.43039411306381226,-0.001215609023347497,0.41278624534606934,0.8112122416496277,0.044622790068387985
G17,311,3892.768798828125,0.6886886954307556,-2772.0390625,-2772.0390625,2534.8154296875,2541.49365234375,2988.0,3002.0,3002.0,379.6572265625,-237.12606811523438,0.6392765045166016,0.6103197336196899,0.7794049978256226,0.4311761260032654,0.4311761260032654,-0.0012426881585270166,0.41800445318222046,0.810081422328949,0.04384242743253708
G17,312,3905.279296875,0.6876876950263977,-2776.265380859375,-2776.265380859375,2538.957275390625,2545.667724609375,2988.515625,3002.0,3002.0,376.9449157714844,-237.21163940429688,0.6436967849731445,0.614096462726593,0.7836236357688904,0.4319283068180084,0.4319283068180084,-0.0012695312034338713,0.42317625880241394,0.8087164163589478,0.042434949427843094
G17,313,3917.789794921875,0.6866866946220398,-2780.46240234375,-2780.46240234375,2543.08740234375,2549.8671875,2988.9453125,3004.0,3004.0,374.233642578125,-237.279541015625,0.648070752620697,0.6178357601165771,0.787739634513855,0.43265900015830994,0.43265900015830994,-0.0012719297083094716,0.42829328775405884,0.8071337938308716,0.04052874818444252
G17,314,3930.30029296875,0.6856856942176819,-2784.62890625,-2784.62890625,2547.199951171875,2554.0,2989.21875,3005.0,3005.0,371.52435302734375,-237.33447265625,0.6523977518081665,0.6215373873710632,0.7917548418045044,0.4333670735359192,0.4333670735359192,-0.0013045408995822072,0.43335410952568054,0.8053383231163025,0.03825856372714043
G17,315,3942.810791015625,0.684684693813324,-2788.7626953125,-2788.7626953125,2551.29345703125,2558.17919921875,2989.515625,3008.0,3008.0,368.81805419921875,-237.3758544921875,0.6566773653030396,0.6252013444900513,0.795671284198761,0.4340554475784302,0.4340554475784302,-0.0013263903092592955,0.43835917115211487,0.8033252954483032,0.03584594279527664
G17,316,3955.3212890625,0.6836836934089661,-2792.863037109375,-2792.863037109375,2555.365234375,2562.2744140625,2990.0078125,3008.0,3008.0,366.1156311035156,-237.40530395507812,0.6609089374542236,0.6288275122642517,0.7994908094406128,0.434722900390625,0.434722900390625,-0.0013235199730843306,0.44330939650535583,0.8011180758476257,0.033482249826192856
G17,317,3967.831787109375,0.6826826930046082,-2796.92822265625,-2796.92822265625,2559.414306640625,2566.429931640625,2990.6015625,3009.0,3009.0,363.4180908203125,-237.4222412109375,0.6650921702384949,0.632415771484375,0.803215742111206,0.4353748857975006,0.4353748857975006,-0.0013721329160034657,0.448205828666687,0.7987109422683716,0.031390782445669174
G17,318,3980.34228515625,0.6816816926002502,-2800.956787109375,-2800.956787109375,2563.4365234375,2570.508544921875,2990.9140625,3009.0,3009.0,360.726318359375,-237.42965698242188,0.6692267656326294,0.6359660029411316,0.8068478107452393,0.436004102230072,0.436004102230072,-0.0013645547442138195,0.4530535042285919,0.7961152791976929,0.029778363183140755
G17,319,3992.852783203125,0.6806806921958923,-2804.94775390625,-2804.94775390625,2567.4345703125,2574.6240234375,2991.5859375,3009.0,3009.0,358.0411376953125,-237.4236602783203,0.6733121871948242,0.639478325843811,0.8103891015052795,0.43661776185035706,0.43661776185035706,-0.0013974072644487023,0.4578458368778229,0.7933418154716492,0.028725886717438698
G17,320,4005.36328125,0.6796796917915344,-2808.900390625,-2808.900390625,2571.403564453125,2578.688720703125,2992.0234375,3010.0,3010.0,355.36346435546875,-237.40817260742188,0.6773483753204346,0.6429526209831238,0.8138415813446045,0.4372149705886841,0.4372149705886841,-0.001410437049344182,0.462578684091568,0.7903999090194702,0.028257081285119057
G17,321,4017.873779296875,0.6786786913871765,-2812.8134765625,-2812.8134765625,2575.3427734375,2582.708740234375,2992.3828125,3010.0,3010.0,352.694091796875,-237.3827667236328,0.6813350319862366,0.6463889479637146,0.817207396030426,0.4377918243408203,0.4377918243408203,-0.0014288948150351644,0.46725961565971375,0.7872806191444397,0.028288977220654488
G17,322,4030.38427734375,0.6776776909828186,-2816.68603515625,-2816.68603515625,2579.25390625,2586.716064453125,2992.765625,3010.0,3010.0,350.03387451171875,-237.3454132080078,0.6852719783782959,0.6497872471809387,0.820488452911377,0.43835684657096863,0.43835684657096863,-0.0014422019012272358,0.4718731939792633,0.7840349078178406,0.02862600050866604
G17,323,4042.894775390625,0.6766766905784607,-2820.517578125,-2820.517578125,2583.131103515625,2590.646484375,2993.1640625,3009.0,3010.0,347.383544921875,-237.30068969726562,0.6891591548919678,0.6531476974487305,0.8236867785453796,0.43889951705932617,0.43889951705932617,-0.0014762249775230885,0.476437509059906,0.780607283115387,0.029123540967702866
G17,324,4055.4052734375,0.6756756901741028,-2824.3076171875,-2824.3076171875,2586.9794921875,2594.604736328125,2993.3828125,3009.0,3010.0,344.74383544921875,-237.2429962158203,0.6929963827133179,0.6564703583717346,0.8268041610717773,0.43943366408348083,0.43943366408348083,-0.00145933055318892,0.48093095421791077,0.7770819067955017,0.029595427215099335
G17,325,4067.916015625,0.6746746897697449,-2828.05517578125,-2828.05517578125,2590.791015625,2598.496337890625,2993.6484375,3009.0,3010.0,342.11553955078125,-237.17982482910156,0.6967836618423462,0.659755289554596,0.8298429250717163,0.4399440288543701,0.4399440288543701,-0.0015324734849855304,0.4853740334510803,0.7733959555625916,0.02996949851512909
G17,326,4080.426513671875,0.673673689365387,-2831.75927734375,-2831.75927734375,2594.5732421875,2602.351318359375,2993.8359375,3009.0,3010.0,339.499267578125,-237.10299682617188,0.7005210518836975,0.6630025506019592,0.8328046202659607,0.4404456913471222,0.4404456913471222,-0.0014783006627112627,0.4897453188896179,0.7696102261543274,0.03013930469751358
G17,327,4092.93701171875,0.672672688961029,-2835.419921875,-2835.419921875,2598.31689453125,2606.1953125,2994.0390625,3009.0,3010.0,336.895751953125,-237.02064514160156,0.704208493232727,0.6662123799324036,0.8356914520263672,0.4409297704696655,0.4409297704696655,-0.0015683046076446772,0.494056761264801,0.7657048106193542,0.03016812726855278
G17,328,4105.447265625,0.6716716885566711,-2839.0361328125,-2839.0361328125,2602.026611328125,2609.976318359375,2994.3515625,3009.0,3010.0,334.3055725097656,-236.9280548095703,0.7078460454940796,0.6693849563598633,0.838505208492279,0.44139498472213745,0.44139498472213745,-0.0015266595873981714,0.4983077943325043,0.7616927027702332,0.029991086572408676
G17,329,4117.9580078125,0.6706706881523132,-2842.607421875,-2842.607421875,2605.702392578125,2613.742431640625,2994.5859375,3009.0,3010.0,331.7293395996094,-236.82455444335938,0.7114340662956238,0.6725202798843384,0.8412477374076843,0.4418450891971588,0.4418450891971588,-0.001575334812514484,0.5024961233139038,0.7575885653495789,0.029717247933149338
G17,330,4130.46826171875,0.6696696877479553,-2846.1337890625,-2846.1337890625,2609.342041015625,2617.476318359375,2994.8359375,3010.0,3010.0,329.1676940917969,-236.7122039794922,0.7149724364280701,0.6756187677383423,0.8439209461212158,0.44227874279022217,0.44227874279022217,-0.0015808375319465995,0.5066273212432861,0.7533954977989197,0.02937433123588562
G17,331,4142.97900390625,0.6686686873435974,-2849.614501953125,-2849.614501953125,2612.945068359375,2621.1884765625,2995.0234375,3010.0,3010.0,326.6211242675781,-236.59036254882812,0.7184615135192871,0.678680419921875,0.8465268015861511,0.44269248843193054,0.44269248843193054,-0.0015941696474328637,0.5107035040855408,0.7491098046302795,0.029020575806498528
G17,332,4155.4892578125,0.6676676869392395,-2853.048828125,-2853.048828125,2616.513671875,2624.84765625,2995.3515625,3011.0,3011.0,324.0901794433594,-236.45718383789062,0.7219014763832092,0.6817054748535156,0.8490668535232544,0.4430961608886719,0.4430961608886719,-0.0016016466543078423,0.5147141814231873,0.7447623014450073,0.02872176095843315
G17,333,4168.0,0.6666666269302368,-2856.4375,-2856.4375,2620.042236328125,2628.480712890625,2995.6953125,3011.0,3011.0,321.5753173828125,-236.31793212890625,0.7252925038337708,0.684694230556488,0.8515430688858032,0.44347497820854187,0.44347497820854187,-0.0016414604615420103,0.5186782479286194,0.7403292655944824,0.028474753722548485
G17,334,4180.51025390625,0.6656656265258789,-2859.779296875,-2859.779296875,2623.538330078125,2632.08837890625,2996.15625,3012.0,3012.0,319.0770568847656,-236.16485595703125,0.7286348342895508,0.6876469850540161,0.853956937789917,0.44384264945983887,0.44384264945983887,-0.0016029532998800278,0.522578239440918,0.7358456254005432,0.02831212244927883
G17,335,4193.02099609375,0.664664626121521,-2863.074951171875,-2863.074951171875,2626.994140625,2635.635498046875,2996.65625,3013.0,3013.0,316.5957946777344,-236.0052032470703,0.731928825378418,0.6905637383460999,0.8563106060028076,0.44418859481811523,0.44418859481811523,-0.0016832933761179447,0.5264337062835693,0.7312957644462585,0.028191588819026947
G17,336,4205.53173828125,0.6636636257171631,-2866.32373046875,-2866.32373046875,2630.41552734375,2639.1708984375,2996.9921875,3013.0,3013.0,314.1319274902344,-235.83348083496094,0.7351750731468201,0.6934450268745422,0.8586050868034363,0.44452202320098877,0.44452202320098877,-0.0016236179508268833,0.5302318334579468,0.7267000079154968,0.028101809322834015
G17,337,4218.0419921875,0.6626626253128052,-2869.52587890625,-2869.52587890625,2633.79736328125,2642.654541015625,2997.1640625,3014.0,3014.0,311.6858825683594,-235.65451049804688,0.7383735775947571,0.6962909698486328,0.8608425855636597,0.4448389410972595,0.4448389410972595,-0.0016953235026448965,0.5339764356613159,0.7220529913902283,0.028000565245747566
G17,338,4230.552734375,0.6616616249084473,-2872.681396484375,-2872.681396484375,2637.141845703125,2646.1044921875,2997.2421875,3014.0,3014.0,309.25799560546875,-235.46629333496094,0.7415248155593872,0.6991018652915955,0.8630852103233337,0.44514068961143494,0.44514068961143494,-0.0016635652864351869,0.5376654267311096,0.7173658609390259,0.027862878516316414
G17,339,4243.06298828125,0.6606606245040894,-2875.7900390625,-2875.7900390625,2640.4482421875,2649.515380859375,2997.484375,3013.0,3014.0,306.84857177734375,-235.26954650878906,0.7446291446685791,0.701878011226654,0.8652812838554382,0.4454250931739807,0.4454250931739807,-0.0016996946651488543,0.5413023233413696,0.7126412391662598,0.02764006145298481
G17,340,4255.57373046875,0.6596596240997314,-2878.8525390625,-2878.8525390625,2643.7177734375,2652.870849609375,2997.65625,3013.0,3014.0,304.45794677734375,-235.0631561279297,0.747687041759491,0.7046197056770325,0.8674234747886658,0.4456928074359894,0.4456928074359894,-0.001699326909147203,0.5448857545852661,0.7078846096992493,0.027311857789754868
G17,341,4268.083984375,0.6586586236953735,-2881.8681640625,-2881.8681640625,2646.9501953125,2656.199462890625,2997.84375,3013.0,3014.0,302.08636474609375,-234.8475341796875,0.750698983669281,0.7073272466659546,0.8695133328437805,0.44594520330429077,0.44594520330429077,-0.0017094459617510438,0.548417866230011,0.7031004428863525,0.02690497227013111
G17,342,4280.5947265625,0.6576576232910156,-2884.837890625,-2884.837890625,2650.14453125,2659.47705078125,2998.1171875,3013.0,3014.0,299.734130859375,-234.62339782714844,0.7536653876304626,0.709999680519104,0.8715522289276123,0.44618460536003113,0.44618460536003113,-0.0017276608850806952,0.5518958568572998,0.6982933878898621,0.02637030929327011
G17,343,4293.10498046875,0.6566566228866577,-2887.76123046875,-2887.76123046875,2653.300048828125,2662.7177734375,2998.453125,3013.0,3014.0,297.4014892578125,-234.39207458496094,0.7565866112709045,0.7126385569572449,0.873541533946991,0.4464053213596344,0.4464053213596344,-0.0017238850705325603,0.5553284883499146,0.6934624910354614,0.025776468217372894
G17,344,4305.61572265625,0.6556556224822998,-2890.63916015625,-2890.63916015625,2656.420166015625,2665.917236328125,2998.71875,3013.0,3014.0,295.0885925292969,-234.15052795410156,0.7594632506370544,0.7152441143989563,0.875482976436615,0.44661399722099304,0.44661399722099304,-0.0017508481396362185,0.5587098002433777,0.6886205673217773,0.025093326345086098
G17,345,4318.1259765625,0.6546546220779419,-2893.47119140625,-2893.47119140625,2659.5009765625,2669.07763671875,2998.96875,3013.0,3014.0,292.795654296875,-233.90232849121094,0.7622958421707153,0.7178167700767517,0.8773775100708008,0.4468090832233429,0.4468090832233429,-0.0017454003682360053,0.5620412826538086,0.6837614178657532,0.024373216554522514
G17,346,4330.63671875,0.653653621673584,-2896.2578125,-2896.2578125,2662.54443359375,2672.19482421875,2999.03125,3015.0,3015.0,290.5228576660156,-233.64669799804688,0.7650846838951111,0.7203568816184998,0.879226803779602,0.446988582611084,0.446988582611084,-0.001768883434124291,0.5653255581855774,0.6788944602012634,0.023617276921868324
G17,347,4343.14697265625,0.6526526212692261,-2898.999755859375,-2898.999755859375,2665.55078125,2675.282470703125,2999.0703125,3015.0,3015.0,288.2702941894531,-233.3826141357422,0.767830491065979,0.7228647470474243,0.8810319304466248,0.4471589922904968,0.4471589922904968,-0.001765568507835269,0.5685573816299438,0.6740215420722961,0.022874578833580017
G17,348,4355.65771484375,0.6516516208648682,-2901.696533203125,-2901.696533203125,2668.517333984375,2678.31884765625,2999.4140625,3015.0,3015.0,286.03814697265625,-233.11351013183594,0.7705338001251221,0.7253406643867493,0.8827943801879883,0.44731318950653076,0.44731318950653076,-0.0017926120199263096,0.5717476010322571,0.669142484664917,0.02212587743997574
G17,349,4368.16796875,0.6506506204605103,-2904.349609375,-2904.349609375,2671.44873046875,2681.31884765625,2999.7265625,3015.0,3015.0,283.8265075683594,-232.83567810058594,0.7731950283050537,0.727785050868988,0.8845151662826538,0.44745826721191406,0.44745826721191406,-0.0017765596276149154,0.5748950242996216,0.6642653346061707,0.021428953856229782
G17,350,4380.6787109375,0.6496496200561523,-2906.9580078125,-2906.9580078125,2674.3408203125,2684.281982421875,3000.03125,3016.0,3016.0,281.6354675292969,-232.55288696289062,0.7758146524429321,0.7301982641220093,0.886195719242096,0.4475914537906647,0.4475914537906647,-0.0018168428214266896,0.5780004262924194,0.659389317035675,0.020728332921862602
G17,351,4393.18896484375,0.6486486196517944,-2909.5234375,-2909.5234375,2677.1962890625,2687.20361328125,3000.2109375,3016.0,3016.0,279.465087890625,-232.263671875,0.7783933877944946,0.7325804829597473,0.8878368735313416,0.4477110207080841,0.4477110207080841,-0.0017937266966328025,0.5810640454292297,0.6545168161392212,0.02009291760623455
G17,352,4405.69970703125,0.6476476192474365,-2912.04541015625,-2912.04541015625,2680.015380859375,2690.086181640625,3000.3203125,3016.0,3016.0,277.3153991699219,-231.96719360351562,0.7809317111968994,0.7349322438240051,0.8894400596618652,0.4478217661380768,0.4478217661380768,-0.0018271777080371976,0.5840802788734436,0.649654746055603,0.019440041854977608
G17,353,4418.2099609375,0.6466466188430786,-2914.52490234375,-2914.52490234375,2682.796875,2692.92626953125,3000.65625,3017.0,3017.0,275.1864929199219,-231.66595458984375,0.7834301590919495,0.7372539639472961,0.8910062313079834,0.4479208290576935,0.4479208290576935,-0.0018205249216407537,0.5870527625083923,0.6448003053665161,0.01884816773235798
G17,354,4430.720703125,0.6456456184387207,-2916.962158203125,-2916.962158203125,2685.5419921875,2695.73828125,3001.0546875,3017.0,3017.0,273.078369140625,-231.35850524902344,0.785889208316803,0.7395457029342651,0.8925365209579468,0.44800901412963867,0.44800901412963867,-0.001829934655688703,0.5899832248687744,0.6399569511413574,0.018253479152917862
G17,355,4443.2314453125,0.6446446180343628,-2919.357666015625,-2919.357666015625,2688.25146484375,2698.497802734375,3001.3359375,3017.0,3017.0,270.990966796875,-231.0452880859375,0.788309633731842,0.7418080568313599,0.8940318822860718,0.448089599609375,0.448089599609375,-0.0018458017148077488,0.5928699970245361,0.6351335048675537,0.01769670471549034
G17,356,4455.74169921875,0.6436436176300049,-2921.7119140625,-2921.7119140625,2690.923583984375,2701.23291015625,3001.484375,3017.0,3017.0,268.9244384765625,-230.72801208496094,0.7906917929649353,0.7440412044525146,0.8954933881759644,0.448159396648407,0.448159396648407,-0.001834709895774722,0.5957157015800476,0.6303168535232544,0.017161518335342407
G17,357,4468.25244140625,0.642642617225647,-2924.025390625,-2924.025390625,2693.560546875,2703.918701171875,3001.578125,3017.0,3017.0,266.87860107421875,-230.40505981445312,0.7930363416671753,0.7462457418441772,0.8969219923019409,0.44821932911872864,0.44821932911872864,-0.0018663908122107387,0.5985162854194641,0.6255292296409607,0.016644306480884552
G17,358,4480.7626953125,0.6416416168212891,-2926.298583984375,-2926.298583984375,2696.16259765625,2706.580810546875,3001.78125,3017.0,3017.0,264.8534851074219,-230.07693481445312,0.795343816280365,0.748421847820282,0.8983185291290283,0.4482698440551758,0.4482698440551758,-0.0018448379123583436,0.6012762188911438,0.6207525134086609,0.016168933361768723
G17,359,4493.2734375,0.6406406164169312,-2928.5322265625,-2928.5322265625,2698.7294921875,2709.18603515625,3002.0859375,3017.0,3017.0,262.84906005859375,-229.743896484375,0.7976148724555969,0.7505699396133423,0.8996840119361877,0.44831138849258423,0.44831138849258423,-0.0018799671670421958,0.6039980053901672,0.6160047054290771,0.015711231157183647
G17,360,4505.78369140625,0.6396396160125732,-2930.72607421875,-2930.72607421875,2701.26220703125,2711.786865234375,3002.4375,3017.0,3017.0,260.865234375,-229.40615844726562,0.7998499870300293,0.7526902556419373,0.9010192155838013,0.4483424425125122,0.4483424425125122,-0.0018634548177942634,0.6066838502883911,0.6112762093544006,0.015303682535886765
G17,361,4518.29443359375,0.6386386156082153,-2932.8818359375,-2932.8818359375,2703.761474609375,2714.303955078125,3002.578125,3017.0,3017.0,258.9019775390625,-229.0630340576172,0.8020496964454651,0.7547833919525146,0.9023252129554749,0.44836440682411194,0.44836440682411194,-0.0018851279746741056,0.6093327403068542,0.606574296951294,0.014926047064363956
G17,362,4530.8046875,0.6376376152038574,-2934.9990234375,-2934.9990234375,2706.22705078125,2716.8505859375,3002.6484375,3017.0,3017.0,256.959228515625,-228.7152099609375,0.8042145371437073,0.7568494081497192,0.9036025404930115,0.44837602972984314,0.44837602972984314,-0.0018896888941526413,0.6119405031204224,0.6019001603126526,0.014585517346858978
G17,363,4543.3154296875,0.6366366147994995,-2937.07861328125,-2937.07861328125,2708.660400390625,2719.2841796875,3002.8125,3017.0,3017.0,255.0368194580078,-228.36209106445312,0.8063450455665588,0.758888840675354,0.9048522114753723,0.4483777582645416,0.4483777582645416,-0.0018843564903363585,0.6145081520080566,0.5972504019737244,0.014262087643146515
G17,364,4555.82568359375,0.6356356143951416,-2939.12109375,-2939.12109375,2711.0615234375,2721.778076171875,3002.953125,3017.0,3017.0,253.1347198486328,-228.00389099121094,0.8084419965744019,0.7609021067619324,0.9060748815536499,0.4483693540096283,0.4483693540096283,-0.00191708083730191,0.6170396208763123,0.5926341414451599,0.013956699520349503
G17,365,4568.33642578125,0.6346346139907837,-2941.126953125,-2941.126953125,2713.43115234375,2724.151611328125,3003.0625,3017.0,3017.0,251.2528076171875,-227.64059448242188,0.810505747795105,0.7628893256187439,0.9072714447975159,0.44835302233695984,0.44835302233695984,-0.0018892030930146575,0.6195305585861206,0.5880447030067444,0.013657603412866592
G17,366,4580.8466796875,0.6336336135864258,-2943.0966796875,-2943.0966796875,2715.76904296875,2726.566650390625,3003.1171875,3017.0,3017.0,249.3909454345703,-227.2732391357422,0.8125367760658264,0.7648510336875916,0.9084423780441284,0.44832441210746765,0.44832441210746765,-0.0019340729340910912,0.6219871640205383,0.5834860801696777,0.013388198800384998
G17,367,4593.357421875,0.6326326131820679,-2945.03076171875,-2945.03076171875,2718.0771484375,2728.91796875,3003.1640625,3017.0,3017.0,247.54904174804688,-226.89971923828125,0.8145357966423035,0.7667874693870544,0.9095886945724487,0.44829219579696655,0.44829219579696655,-0.0019055595621466637,0.6244056224822998,0.5789636373519897,0.013132929801940918
G17,368,4605.86767578125,0.63163161277771,-2946.929931640625,-2946.929931640625,2720.35205078125,2731.205810546875,3003.2265625,3017.0,3017.0,245.72695922851562,-226.52442932128906,0.8165033459663391,0.768699049949646,0.9107107520103455,0.4482468366622925,0.4482468366622925,-0.0019456177251413465,0.6267900466918945,0.5744655132293701,0.012893266044557095
G17,369,4618.37841796875,0.630630612373352,-2948.79443359375,-2948.79443359375,2722.59912109375,2733.5283203125,3003.2890625,3017.0,3017.0,243.924560546875,-226.14254760742188,0.818439781665802,0.7705860733985901,0.9118095636367798,0.44819557666778564,0.44819557666778564,-0.0019210113678127527,0.6291415095329285,0.5700107216835022,0.012665991671383381
G17,370,4630.888671875,0.6296296119689941,-2950.625,-2950.625,2724.81494140625,2735.75244140625,3003.3359375,3017.0,3017.0,242.14170837402344,-225.75775146484375,0.8203457593917847,0.7724488973617554,0.9128854870796204,0.44813552498817444,0.44813552498817444,-0.001961864996701479,0.6314606070518494,0.565580427646637,0.01244586892426014
G17,371,4643.3994140625,0.6286286115646362,-2952.42236328125,-2952.42236328125,2727.001953125,2738.001708984375,3003.3828125,3017.0,3017.0,240.37823486328125,-225.36865234375,0.8222218155860901,0.7742878198623657,0.913939356803894,0.44806569814682007,0.44806569814682007,-0.0019343503518030047,0.633745551109314,0.5611919164657593,0.01224918756633997
G17,372,4655.90966796875,0.6276276111602783,-2954.1865234375,-2954.1865234375,2729.16064453125,2740.212158203125,3003.453125,3017.0,3017.0,238.634033203125,-224.97474670410156,0.8240683078765869,0.7761032581329346,0.9149715900421143,0.4479902684688568,0.4479902684688568,-0.0019702957943081856,0.6359975934028625,0.5568346381187439,0.012092378921806812
G17,373,4668.42041015625,0.6266266107559204,-2955.91845703125,-2955.91845703125,2731.28955078125,2742.353515625,3003.640625,3017.0,3017.0,236.90890502929688,-224.578125,0.8258860111236572,0.7778944969177246,0.9159829020500183,0.447904109954834,0.447904109954834,-0.001960488734766841,0.6382191777229309,0.5525131821632385,0.011964716948568821
G17,374,4680.9306640625,0.6256256103515625,-2957.61865234375,-2957.61865234375,2733.39208984375,2744.523193359375,3003.7265625,3017.0,3017.0,235.20272827148438,-224.17623901367188,0.8276751637458801,0.7796627283096313,0.9169737696647644,0.44781240820884705,0.44781240820884705,-0.0019627492874860764,0.6404106020927429,0.5482304692268372,0.011857890523970127
G17,375,4693.44140625,0.6246246099472046,-2959.287353515625,-2959.287353515625,2735.4658203125,2746.621826171875,3003.8359375,3017.0,3017.0,233.51528930664062,-223.77174377441406,0.8294364809989929,0.7814085483551025,0.9179448485374451,0.44770970940589905,0.44770970940589905,-0.00199396931566298,0.6425747275352478,0.5439794659614563,0.011764619499444962
G17,376,4705.9521484375,0.6236236095428467,-2960.925048828125,-2960.925048828125,2737.513671875,2748.701171875,3003.9609375,3017.0,3017.0,231.84646606445312,-223.36187744140625,0.8311702013015747,0.7831320762634277,0.9188966155052185,0.4476013779640198,0.4476013779640198,-0.0019583762623369694,0.6447079181671143,0.539770781993866,0.011702915653586388
G17,377,4718.46240234375,0.6226226091384888,-2962.532470703125,-2962.532470703125,2739.5341796875,2750.770751953125,3004.078125,3017.0,3017.0,230.196044921875,-222.9493865966797,0.8328770399093628,0.7848337888717651,0.9198295474052429,0.4474845826625824,0.4474845826625824,-0.002009815536439419,0.6468154788017273,0.5355938673019409,0.011687016114592552
G17,378,4730.97314453125,0.6216216087341309,-2964.1103515625,-2964.1103515625,2741.529296875,2752.77880859375,3004.203125,3017.0,3017.0,228.56387329101562,-222.53286743164062,0.834557294845581,0.7865140438079834,0.9207441210746765,0.44736120104789734,0.44736120104789734,-0.0019763861782848835,0.6488922834396362,0.5314575433731079,0.011682785116136074
G17,379,4743.4833984375,0.620620608329773,-2965.65869140625,-2965.65869140625,2743.49755859375,2754.781494140625,3004.28125,3017.0,3017.0,226.94979858398438,-222.11328125,0.8362116813659668,0.7881730198860168,0.921640932559967,0.44723066687583923,0.44723066687583923,-0.0020047544967383146,0.6509420871734619,0.5273571610450745,0.011686122976243496
G17,380,4755.994140625,0.619619607925415,-2967.17822265625,-2967.17822265625,2745.4404296875,2756.7490234375,3004.3828125,3017.0,3017.0,225.3535919189453,-221.6903076171875,0.8378405570983887,0.7898110151290894,0.9225202798843384,0.4470919370651245,0.4470919370651245,-0.0020025596022605896,0.6529660820960999,0.5232935547828674,0.011690470390021801
G17,381,4768.50439453125,0.6186186075210571,-2968.66943359375,-2968.66943359375,2747.359375,2758.687744140625,3004.3984375,3017.0,3017.0,223.7751007080078,-221.26351928710938,0.8394441604614258,0.7914284467697144,0.9233828186988831,0.446949303150177,0.446949303150177,-0.0020052967593073845,0.6549577116966248,0.5192694664001465,0.011698991991579533
G17,382,4781.01513671875,0.6176176071166992,-2970.13330078125,-2970.13330078125,2749.25146484375,2760.60791015625,3004.453125,3017.0,3017.0,222.21414184570312,-220.83502197265625,0.8410232067108154,0.7930254936218262,0.924228847026825,0.44679728150367737,0.44679728150367737,-0.002013478660956025,0.6569252014160156,0.5152810215950012,0.011716512963175774
G17,383,4793.525390625,0.6166166067123413,-2971.5693359375,-2971.5693359375,2751.121337890625,2762.489501953125,3004.515625,3017.0,3017.0,220.67051696777344,-220.402099609375,0.842578113079071,0.794602632522583,0.925058901309967,0.44664233922958374,0.44664233922958374,-0.0020211508963257074,0.6588629484176636,0.5113305449485779,0.011737281456589699
G17,384,4806.0361328125,0.6156156063079834,-2972.978515625,-2972.978515625,2752.965087890625,2764.359375,3004.59375,3017.0,3017.0,219.14405822753906,-219.96800231933594,0.8441091775894165,0.7961599826812744,0.9258732795715332,0.4464781582355499,0.4464781582355499,-0.0020160353742539883,0.6607789397239685,0.5074191689491272,0.01174898725003004
G17,385,4818.54638671875,0.6146146059036255,-2974.36181640625,-2974.36181640625,2754.786865234375,2766.200439453125,3004.6484375,3017.0,3017.0,217.63455200195312,-219.52960205078125,0.84561687707901,0.7976978421211243,0.9266723394393921,0.4463101923465729,0.4463101923465729,-0.0020336746238172054,0.6626664400100708,0.5035427212715149,0.011776404455304146
G17,386,4831.05712890625,0.6136136054992676,-2975.71875,-2975.71875,2756.58447265625,2768.014892578125,3004.6953125,3017.0,3017.0,216.141845703125,-219.089599609375,0.8471017479896545,0.7992164492607117,0.9274565577507019,0.44613415002822876,0.44613415002822876,-0.0020278249867260456,0.6645298600196838,0.4997061789035797,0.011796319857239723
G17,387,4843.5673828125,0.6126126050949097,-2977.05029296875,-2977.05029296875,2758.35986328125,2769.810546875,3004.96875,3017.0,3017.0,214.66571044921875,-218.64593505859375,0.8485641479492188,0.8007163405418396,0.9282263517379761,0.4459531307220459,0.4459531307220459,-0.002034646226093173,0.6663647890090942,0.4959065020084381,0.011830056086182594
G17,388,4856.078125,0.6116116046905518,-2978.356689453125,-2978.356689453125,2760.11279296875,2771.57763671875,3005.0625,3017.0,3017.0,213.20599365234375,-218.20010375976562,0.8500044345855713,0.8021975755691528,0.9289820790290833,0.44576606154441833,0.44576606154441833,-0.0020432949531823397,0.6681802272796631,0.49214276671409607,0.011861645616590977
G17,389,4868.58837890625,0.6106106042861938,-2979.638671875,-2979.638671875,2761.843505859375,2773.326416015625,3005.171875,3017.0,3017.0,211.76248168945312,-217.7515869140625,0.8514228463172913,0.8036603927612305,0.9297239184379578,0.4455720782279968,0.4455720782279968,-0.00203875289298594,0.6699715256690979,0.4884190857410431,0.011877366341650486
G17,390,4881.09912109375,0.6096096038818359,-2980.896240234375,-2980.896240234375,2763.55322265625,2775.045654296875,3005.2890625,3017.0,3017.0,210.3350067138672,-217.30001831054688,0.8528201580047607,0.8051052093505859,0.9304525256156921,0.44537320733070374,0.44537320733070374,-0.0020483292173594236,0.6717420220375061,0.48472970724105835,0.01188767421990633
G17,391,4893.609375,0.608608603477478,-2982.13037109375,-2982.13037109375,2765.2412109375,2776.7470703125,3005.4140625,3017.0,3017.0,208.92337036132812,-216.8463897705078,0.8541965484619141,0.8065322637557983,0.9311678409576416,0.44516730308532715,0.44516730308532715,-0.002052674535661936,0.6734906435012817,0.4810790717601776,0.011882958933711052
G17,392,4906.1201171875,0.6076076030731201,-2983.3408203125,-2983.3408203125,2766.9091796875,2778.427734375,3005.4765625,3017.0,3017.0,207.52737426757812,-216.3896484375,0.8555524945259094,0.8079416751861572,0.9318705201148987,0.4449574649333954,0.4449574649333954,-0.0020473382901400328,0.6752172708511353,0.47746506333351135,0.011872111819684505
G17,393,4918.63037109375,0.6066066026687622,-2984.52880859375,-2984.52880859375,2768.555419921875,2780.080810546875,3005.59375,3017.0,3017.0,206.14683532714844,-215.93130493164062,0.8568881750106812,0.809333860874176,0.9325608015060425,0.4447404146194458,0.4447404146194458,-0.0020659000147134066,0.676921010017395,0.4738861918449402,0.011845957487821579
G17,394,4931.14111328125,0.6056056022644043,-2985.69384765625,-2985.69384765625,2770.1826171875,2781.718994140625,3005.6328125,3017.0,3017.0,204.78158569335938,-215.46983337402344,0.858204185962677,0.8107089996337891,0.9332388639450073,0.4445192515850067,0.4445192515850067,-0.0020532242488116026,0.6786047220230103,0.4703460931777954,0.011806570924818516
G17,395,4943.65185546875,0.6046046018600464,-2986.8369140625,-2986.8369140625,2771.789306640625,2783.33056640625,3005.6953125,3018.0,3018.0,203.431396484375,-215.0067138671875,0.8595006465911865,0.812067449092865,0.9339050650596619,0.44429105520248413,0.44429105520248413,-0.0020705051720142365,0.6802691221237183,0.46683964133262634,0.011749339289963245
G17,396,4956.162109375,0.6036036014556885,-2987.95849609375,-2987.95849609375,2773.377197265625,2784.927978515625,3005.765625,3018.0,3018.0,202.09613037109375,-214.54055786132812,0.8607780933380127,0.8134093284606934,0.9345598220825195,0.44405868649482727,0.44405868649482727,-0.002065992448478937,0.6819144487380981,0.46337130665779114,0.011682810261845589
G17,397,4968.6728515625,0.6026026010513306,-2989.058837890625,-2989.058837890625,2774.94580078125,2786.503662109375,3005.796875,3018.0,3018.0,200.77557373046875,-214.07273864746094,0.8620368838310242,0.8147348761558533,0.9352031946182251,0.4438205659389496,0.4438205659389496,-0.0020740737672895193,0.6835404634475708,0.45993736386299133,0.011590370908379555
G17,398,4981.18310546875,0.6016016006469727,-2990.13818359375,-2990.13818359375,2776.49560546875,2788.05615234375,3005.8515625,3018.0,3018.0,199.46957397460938,-213.6025390625,0.8632772564888,0.8160444498062134,0.9358356595039368,0.4435765743255615,0.4435765743255615,-0.0020775352604687214,0.685145378112793,0.4565391540527344,0.011492256075143814
G17,399,4993.69384765625,0.6006006002426147,-2991.19677734375,-2991.19677734375,2778.02734375,2789.59765625,3005.859375,3018.0,3018.0,198.17788696289062,-213.12989807128906,0.8644995093345642,0.8173381686210632,0.9364572763442993,0.44332820177078247,0.44332820177078247,-0.0020797294564545155,0.6867283582687378,0.4531768262386322,0.011362227611243725
G17,400,5006.2041015625,0.5995995998382568,-2992.2353515625,-2992.2353515625,2779.54052734375,2791.1123046875,3005.9375,3018.0,3018.0,196.900390625,-212.65554809570312,0.8657041788101196,0.8186163306236267,0.9370684027671814,0.4430752396583557,0.4430752396583557,-0.002088766312226653,0.6882910132408142,0.44984808564186096,0.011225292459130287
G17,401,5018.71484375,0.5985985994338989,-2993.254150390625,-2993.254150390625,2781.03564453125,2792.61328125,3005.9921875,3018.0,3018.0,195.63687133789062,-212.17938232421875,0.8668914437294006,0.8198791146278381,0.9376692771911621,0.4428168833255768,0.4428168833255768,-0.0020847471896559,0.6898338198661804,0.44655537605285645,0.011069148778915405
G17,402,5031.22509765625,0.597597599029541,-2994.25341796875,-2994.25341796875,2782.513671875,2794.095703125,3006.0390625,3018.0,3018.0,194.38717651367188,-211.70103454589844,0.8680616021156311,0.8211248517036438,0.9382601976394653,0.44255587458610535,0.44255587458610535,-0.0020993573125451803,0.6913575530052185,0.44329556822776794,0.010907660238444805
G17,403,5043.73583984375,0.5965965986251831,-2995.233642578125,-2995.233642578125,2783.973388671875,2795.55908203125,3006.0703125,3018.0,3018.0,193.15109252929688,-211.22186279296875,0.8692150712013245,0.8223528265953064,0.9388412833213806,0.44228896498680115,0.44228896498680115,-0.0020921591203659773,0.6928613185882568,0.440070778131485,0.010757368057966232
G17,404,5056.24609375,0.5955955982208252,-2996.195068359375,-2996.195068359375,2785.416748046875,2797.00732421875,3006.109375,3018.0,3018.0,191.92849731445312,-210.74029541015625,0.870352029800415,0.8235582113265991,0.9394129514694214,0.44201940298080444,0.44201940298080444,-0.0021049771457910538,0.6943461298942566,0.43687891960144043,0.010600565001368523
G17,405,5068.7568359375,0.5945945978164673,-2997.13818359375,-2997.13818359375,2786.8427734375,2798.434326171875,3006.125,3018.0,3018.0,190.7191619873047,-210.25790405273438,0.8714727759361267,0.8247493505477905,0.9399751424789429,0.441744327545166,0.441744327545166,-0.002104267943650484,0.6958112120628357,0.43372082710266113,0.010457866825163364
G17,406,5081.26708984375,0.5935935974121094,-2998.063232421875,-2998.063232421875,2788.25244140625,2799.851318359375,3006.1640625,3019.0,3019.0,189.52293395996094,-209.77330017089844,0.8725776672363281,0.8259227275848389,0.9405282139778137,0.44146528840065,0.44146528840065,-0.0021078886929899454,0.6972581148147583,0.4305956959724426,0.01030044537037611
G17,407,5093.77783203125,0.5925925970077515,-2998.97021484375,-2998.97021484375,2789.64599609375,2801.24658203125,3006.1875,3019.0,3019.0,188.33966064453125,-209.28726196289062,0.8736670017242432,0.8270812034606934,0.9410724639892578,0.44118112325668335,0.44118112325668335,-0.0021144074853509665,0.698687732219696,0.4275032877922058,0.010142594575881958
G17,408,5106.2880859375,0.5915915966033936,-2999.8603515625,-2999.8603515625,2791.0244140625,2802.6279296875,3006.1953125,3019.0,3019.0,187.1691436767578,-208.79925537109375,0.8747410178184509,0.8282262086868286,0.9416079521179199,0.4408937096595764,0.4408937096595764,-0.002116016112267971,0.7000999450683594,0.4244437515735626,0.009986849501729012
G17,409,5118.798828125,0.5905905961990356,-3000.73291015625,-3000.73291015625,2792.386474609375,2803.994384765625,3006.234375,3019.0,3019.0,186.01123046875,-208.31016540527344,0.8758000731468201,0.8293580412864685,0.9421349167823792,0.4405992925167084,0.4405992925167084,-0.0021187320817261934,0.7014991641044617,0.4214157462120056,0.009840216487646103
G17,410,5131.30908203125,0.5895895957946777,-3001.5888671875,-3001.5888671875,2793.73486328125,2805.347412109375,3006.2734375,3019.0,3019.0,184.86575317382812,-207.8181915283203,0.8768444061279297,0.830476701259613,0.9426535367965698,0.4403045177459717,0.4403045177459717,-0.0021274711471050978,0.7028796076774597,0.4184206426143646,0.009710142388939857
G17,411,5143.81982421875,0.5885885953903198,-3002.4287109375,-3002.4287109375,2795.066162109375,2806.6806640625,3006.3984375,3019.0,3019.0,183.73255920410156,-207.3265838623047,0.8778741359710693,0.8315825462341309,0.9431641101837158,0.43999961018562317,0.43999961018562317,-0.0021245377138257027,0.7042502164840698,0.4154556691646576,0.009579777717590332
G17,412,5156.330078125,0.5875875949859619,-3003.251953125,-3003.251953125,2796.3857421875,2808.004638671875,3006.5703125,3019.0,3019.0,182.6114501953125,-206.8306427001953,0.8788896203041077,0.8326756954193115,0.9436665773391724,0.4396964907646179,0.4396964907646179,-0.002133177127689123,0.7056068181991577,0.41252371668815613,0.009447591379284859
G17,413,5168.8408203125,0.586586594581604,-3004.059326171875,-3004.059326171875,2797.68798828125,2809.310791015625,3006.734375,3019.0,3019.0,181.50230407714844,-206.3360595703125,0.8798911571502686,0.8337563872337341,0.9441643953323364,0.43938323855400085,0.43938323855400085,-0.0021387257147580385,0.7069550156593323,0.4096209406852722,0.009305593557655811
G17,414,5181.3515625,0.5855855941772461,-3004.85107421875,-3004.85107421875,2798.97900390625,2810.6005859375,3006.796875,3019.0,3019.0,180.4049530029297,-205.8372039794922,0.8808791041374207,0.8348246812820435,0.9446586966514587,0.43906843662261963,0.43906843662261963,-0.0021310513839125633,0.7082887887954712,0.40675002336502075,0.00916311051696539
G17,415,5193.86181640625,0.5845845937728882,-3005.627685546875,-3005.627685546875,2800.2548828125,2811.884521484375,3006.84375,3019.0,3019.0,179.31922912597656,-205.33810424804688,0.881853461265564,0.8358808755874634,0.945145308971405,0.4387500584125519,0.4387500584125519,-0.0021561989560723305,0.7096089124679565,0.40390893816947937,0.009027398191392422
G17,416,5206.37255859375,0.5835835933685303,-3006.38916015625,-3006.38916015625,2801.51708984375,2813.1396484375,3006.890625,3019.0,3019.0,178.24496459960938,-204.837890625,0.8828146457672119,0.8369250893592834,0.9456246495246887,0.43842417001724243,0.43842417001724243,-0.0021321901585906744,0.7109150290489197,0.4010970890522003,0.008905992843210697
G17,417,5218.8828125,0.5825825929641724,-3007.1357421875,-3007.1357421875,2802.767333984375,2814.39697265625,3007.0390625,3019.0,3019.0,177.18203735351562,-204.33462524414062,0.8837627172470093,0.837957501411438,0.9460965991020203,0.4380992650985718,0.4380992650985718,-0.0021654865704476833,0.7122078537940979,0.39831626415252686,0.00877979677170515
G17,418,5231.3935546875,0.5815815925598145,-3007.867919921875,-3007.867919921875,2804.001953125,2815.6279296875,3007.0859375,3019.0,3019.0,176.13027954101562,-203.83236694335938,0.8846981525421143,0.8389782309532166,0.9465615153312683,0.4377664029598236,0.4377664029598236,-0.0021433306392282248,0.7134882807731628,0.3955624997615814,0.008644621819257736
G17,419,5243.90380859375,0.5805805921554565,-3008.5859375,-3008.5859375,2805.2255859375,2816.8525390625,3007.171875,3019.0,3019.0,175.0895538330078,-203.32693481445312,0.8856209516525269,0.8399876356124878,0.9470193982124329,0.4374333918094635,0.4374333918094635,-0.002167479833588004,0.7147529721260071,0.392840176820755,0.008497770875692368
G17,420,5256.41455078125,0.5795795917510986,-3009.2900390625,-3009.2900390625,2806.43505859375,2818.06201171875,3007.1796875,3019.0,3019.0,174.0596923828125,-202.8219757080078,0.8865313529968262,0.8409856557846069,0.9474703669548035,0.4370959401130676,0.4370959401130676,-0.0021574764978140593,0.7160027623176575,0.39014339447021484,0.008348136208951473
G17,421,5268.9248046875,0.5785785913467407,-3009.98046875,-3009.98046875,2807.6318359375,2819.25830078125,3007.2265625,3019.0,3019.0,173.04055786132812,-202.31549072265625,0.8874297738075256,0.8419725894927979,0.9479147791862488,0.43675604462623596,0.43675604462623596,-0.00217230711132288,0.7172369956970215,0.3874779939651489,0.00820721872150898
G17,422,5281.435546875,0.5775775909423828,-3010.6572265625,-3010.6572265625,2808.81640625,2820.443359375,3007.2734375,3019.0,3019.0,172.03199768066406,-201.80841064453125,0.88831627368927,0.8429484367370605,0.9483526945114136,0.43641334772109985,0.43641334772109985,-0.0021657124161720276,0.7184561491012573,0.3848371207714081,0.008075648918747902
G17,423,5293.94580078125,0.5765765905380249,-3011.32080078125,-3011.32080078125,2809.988037109375,2821.61328125,3007.2890625,3019.0,3019.0,171.0338897705078,-201.30056762695312,0.8891910314559937,0.8439134955406189,0.9487840533256531,0.43606793880462646,0.43606793880462646,-0.0021829637698829174,0.7196600437164307,0.3822268843650818,0.007960525341331959
G17,424,5306.45654296875,0.575575590133667,-3011.971435546875,-3011.971435546875,2811.1474609375,2822.777099609375,3007.296875,3019.0,3019.0,170.04608154296875,-200.79205322265625,0.8900542855262756,0.844868004322052,0.9492092132568359,0.43571922183036804,0.43571922183036804,-0.002171140629798174,0.7208497524261475,0.37964141368865967,0.007865783758461475
G17,425,5318.966796875,0.5745745897293091,-3012.609619140625,-3012.609619140625,2812.295166015625,2823.919677734375,3007.3125,3019.0,3019.0,169.06842041015625,-200.28257751464844,0.8909063339233398,0.8458118438720703,0.9496282935142517,0.43536821007728577,0.43536821007728577,-0.0021920916624367237,0.7220234274864197,0.3770843744277954,0.007794801611453295
G17,426,5331.4775390625,0.5735735893249512,-3013.234619140625,-3013.234619140625,2813.4306640625,2825.061279296875,3007.359375,3019.0,3019.0,168.10079956054688,-199.7725830078125,0.891747236251831,0.8467453718185425,0.9500412940979004,0.4350138008594513,0.4350138008594513,-0.002180089708417654,0.7231846451759338,0.37455350160598755,0.007758698891848326
G17,427,5343.98779296875,0.5725725889205933,-3013.847900390625,-3013.847900390625,2814.55517578125,2826.18212890625,3007.4296875,3019.0,3019.0,167.14306640625,-199.2615966796875,0.8925773501396179,0.8476686477661133,0.9504483938217163,0.43465742468833923,0.43465742468833923,-0.0021985662169754505,0.7243359088897705,0.3720484673976898,0.007762661203742027
G17,428,5356.49853515625,0.5715715885162354,-3014.44921875,-3014.44921875,2815.66796875,2827.297119140625,3007.5234375,3019.0,3019.0,166.19509887695312,-198.75027465820312,0.8933966159820557,0.8485819101333618,0.950849711894989,0.43429744243621826,0.43429744243621826,-0.0021892269141972065,0.7254785895347595,0.3695705831050873,0.007823529653251171
G17,429,5369.0087890625,0.5705705881118774,-3015.038330078125,-3015.038330078125,2816.769775390625,2828.400390625,3007.578125,3019.0,3019.0,165.25674438476562,-198.23788452148438,0.8942054510116577,0.8494852185249329,0.9512453079223633,0.4339357614517212,0.4339357614517212,-0.0022075322922319174,0.7266149520874023,0.367116779088974,0.007927670143544674
G17,430,5381.51953125,0.5695695877075195,-3015.615966796875,-3015.615966796875,2817.8603515625,2829.4892578125,3007.609375,3019.0,3019.0,164.32791137695312,-197.72528076171875,0.8950038552284241,0.8503787517547607,0.9516354203224182,0.43357160687446594,0.43357160687446594,-0.002195320324972272,0.727739691734314,0.3646901845932007,0.008090992458164692
G17,431,5394.02978515625,0.5685685873031616,-3016.182373046875,-3016.182373046875,2818.93994140625,2830.572998046875,3007.6171875,3019.0,3019.0,163.40843200683594,-197.212158203125,0.8957921266555786,0.8512625694274902,0.9520201086997986,0.43320319056510925,0.43320319056510925,-0.00221810070797801,0.7288549542427063,0.3622865676879883,0.008297055959701538
G17,432,5406.54052734375,0.5675675868988037,-3016.7373046875,-3016.7373046875,2820.009765625,2831.640625,3007.625,3019.0,3019.0,162.4982147216797,-196.6976776123047,0.8965704441070557,0.8521369099617004,0.952399492263794,0.43283674120903015,0.43283674120903015,-0.002202424919232726,0.7299540638923645,0.35991010069847107,0.008553195744752884
G17,433,5419.05078125,0.5665665864944458,-3017.281494140625,-3017.281494140625,2821.06689453125,2832.701904296875,3007.625,3019.0,3019.0,161.5971221923828,-196.18466186523438,0.8973388671875,0.8530018925666809,0.9527735710144043,0.4324614703655243,0.4324614703655243,-0.0022249536123126745,0.7310450673103333,0.3575552701950073,0.008845820091664791
G17,434,5431.5615234375,0.5655655860900879,-3017.814697265625,-3017.814697265625,2822.11669921875,2833.750732421875,3007.6328125,3019.0,3019.0,160.7050323486328,-195.6682586669922,0.898097574710846,0.8538575172424316,0.9531425833702087,0.43209120631217957,0.43209120631217957,-0.0022147095296531916,0.7321183681488037,0.3552277386188507,0.009166144765913486
G17,435,5444.072265625,0.56456458568573,-3018.33740234375,-3018.33740234375,2823.1533203125,2834.790283203125,3007.6484375,3019.0,3019.0,159.8218231201172,-195.15472412109375,0.8988468647003174,0.8547040820121765,0.9535066485404968,0.4317114055156708,0.4317114055156708,-0.0022264744620770216,0.7331838607788086,0.35292091965675354,0.00949652399867773
G17,436,5456.58251953125,0.5635635852813721,-3018.849609375,-3018.849609375,2824.18310546875,2835.818603515625,3007.6640625,3019.0,3019.0,158.9473876953125,-194.63748168945312,0.8995868563652039,0.8555416464805603,0.9538655877113342,0.43133410811424255,0.43133410811424255,-0.002230527577921748,0.7342341542243958,0.3506406545639038,0.00983112771064043
G17,437,5469.09326171875,0.5625625848770142,-3019.3515625,-3019.3515625,2825.20068359375,2836.8388671875,3007.6953125,3019.0,3019.0,158.08160400390625,-194.1219482421875,0.9003174901008606,0.8563703298568726,0.9542198777198792,0.43095117807388306,0.43095117807388306,-0.002227046759799123,0.7352747321128845,0.34838125109672546,0.01015738770365715
G17,438,5481.603515625,0.5615615844726562,-3019.84375,-3019.84375,2826.21044921875,2837.8466796875,3007.734375,3020.0,3020.0,157.22434997558594,-193.60452270507812,0.9010392427444458,0.8571902513504028,0.954569399356842,0.4305671453475952,0.4305671453475952,-0.002243070863187313,0.7363037467002869,0.34614691138267517,0.010471977293491364
G17,439,5494.1142578125,0.5605605840682983,-3020.32568359375,-3020.32568359375,2827.2099609375,2838.84765625,3007.84375,3020.0,3020.0,156.37551879882812,-193.08718872070312,0.9017521739006042,0.8580015897750854,0.9549142122268677,0.43017852306365967,0.43017852306365967,-0.0022335797548294067,0.7373255491256714,0.34393367171287537,0.010760923847556114
G17,440,5506.62451171875,0.5595595836639404,-3020.7978515625,-3020.7978515625,2828.201171875,2839.83642578125,3007.8671875,3020.0,3020.0,155.53500366210938,-192.56842041015625,0.9024562835693359,0.8588044047355652,0.9552544355392456,0.42978912591934204,0.42978912591934204,-0.00224702968262136,0.7383368015289307,0.341744601726532,0.011019675061106682
G17,441,5519.13525390625,0.5585585832595825,-3021.2607421875,-3021.2607421875,2829.1826171875,2840.818603515625,3007.921875,3020.0,3020.0,154.7026824951172,-192.0499267578125,0.9031516909599304,0.859598696231842,0.9555902481079102,0.42939284443855286,0.42939284443855286,-0.0022480508778244257,0.7393415570259094,0.3395760953426361,0.011233950965106487
G17,442,5531.6455078125,0.5575575828552246,-3021.71435546875,-3021.71435546875,2830.1572265625,2841.78857421875,3007.984375,3020.0,3020.0,153.8784637451172,-191.5290069580078,0.9038388729095459,0.8603847622871399,0.9559217095375061,0.4289988577365875,0.4289988577365875,-0.0022442685440182686,0.7403379082679749,0.3374316692352295,0.01140265166759491
G17,443,5544.15625,0.5565565824508667,-3022.158203125,-3022.158203125,2831.12109375,2842.752685546875,3008.0078125,3020.0,3020.0,153.06222534179688,-191.00970458984375,0.904517650604248,0.8611627817153931,0.9562488794326782,0.42859548330307007,0.42859548330307007,-0.0022652694024145603,0.7413309812545776,0.3353064954280853,0.011517060920596123
G17,444,5556.66650390625,0.5555555820465088,-3022.59326171875,-3022.59326171875,2832.078857421875,2843.705078125,3008.015625,3020.0,3020.0,152.25389099121094,-190.48690795898438,0.9051882028579712,0.8619325757026672,0.9565717577934265,0.42819586396217346,0.42819586396217346,-0.002242258982732892,0.7423098087310791,0.33320555090904236,0.011575444601476192
G17,445,5569.17724609375,0.5545545816421509,-3023.01904296875,-3023.01904296875,2833.025634765625,2844.650146484375,3008.0234375,3020.0,3020.0,151.45330810546875,-189.96640014648438,0.9058507084846497,0.8626945614814758,0.9568904638290405,0.42778822779655457,0.42778822779655457,-0.002277347492054105,0.743284285068512,0.33112287521362305,0.01157552469521761
G17,446,5581.6875,0.553553581237793,-3023.43603515625,-3023.43603515625,2833.96630859375,2845.586669921875,3008.0625,3020.0,3020.0,150.660400390625,-189.44296264648438,0.9065053462982178,0.8634486198425293,0.9572099447250366,0.42738208174705505,0.42738208174705505,-0.0022480045445263386,0.7442482113838196,0.3290638029575348,0.011514349840581417
G17,447,5594.1982421875,0.5525525808334351,-3023.8447265625,-3023.8447265625,2834.89697265625,2846.51318359375,3008.09375,3020.0,3020.0,149.87509155273438,-188.92086791992188,0.9071522355079651,0.8641950488090515,0.9575299620628357,0.4269724190235138,0.4269724190235138,-0.00228026881814003,0.7452042102813721,0.327022910118103,0.01140082161873579
G17,448,5606.70849609375,0.5515515804290771,-3024.244140625,-3024.244140625,2835.81982421875,2847.43359375,3008.109375,3020.0,3020.0,149.0972442626953,-188.39785766601562,0.9077914357185364,0.8649337291717529,0.9578458666801453,0.42656058073043823,0.42656058073043823,-0.0022621836978942156,0.7461496591567993,0.3250041604042053,0.011232021264731884
G17,449,5619.21923828125,0.5505505800247192,-3024.635498046875,-3024.635498046875,2836.734375,2848.34326171875,3008.15625,3020.0,3020.0,148.3267822265625,-187.87454223632812,0.908423125743866,0.8656648993492126,0.9581576585769653,0.42614930868148804,0.42614930868148804,-0.0022770229261368513,0.7470834255218506,0.32300394773483276,0.01102161779999733
G17,450,5631.7294921875,0.5495495796203613,-3025.0185546875,-3025.0185546875,2837.64013671875,2849.2470703125,3008.1484375,3020.0,3020.0,147.5635986328125,-187.35214233398438,0.9090473651885986,0.8663886785507202,0.9584655165672302,0.42573249340057373,0.42573249340057373,-0.00227982341311872,0.7480103969573975,0.3210243582725525,0.010761762037873268
G17,451,5644.240234375,0.5485485792160034,-3025.39306640625,-3025.39306640625,2838.5390625,2850.140869140625,3008.21875,3020.0,3020.0,146.8076171875,-186.8279571533203,0.9096643328666687,0.8671051263809204,0.9587693810462952,0.42531901597976685,0.42531901597976685,-0.0022736897226423025,0.7489254474639893,0.319063663482666,0.010466493666172028
G17,452,5656.75048828125,0.5475475788116455,-3025.759521484375,-3025.759521484375,2839.427734375,2851.02880859375,3008.359375,3020.0,3020.0,146.0587158203125,-186.30593872070312,0.9102742075920105,0.867814302444458,0.9590694308280945,0.42489850521087646,0.42489850521087646,-0.002294827252626419,0.7498396635055542,0.31712231040000916,0.010136961936950684
G17,453,5669.26123046875,0.5465465784072876,-3026.117919921875,-3026.117919921875,2840.31103515625,2851.90625,3008.359375,3020.0,3020.0,145.31683349609375,-185.78146362304688,0.9108769297599792,0.8685163855552673,0.9593655467033386,0.42448127269744873,0.42448127269744873,-0.0022760082501918077,0.7507442831993103,0.3151998817920685,0.009796788915991783
G17,454,5681.77197265625,0.5455455780029297,-3026.468505859375,-3026.468505859375,2841.18408203125,2852.7802734375,3008.375,3020.0,3020.0,144.5818634033203,-185.25909423828125,0.9114726781845093,0.8692113757133484,0.9596580266952515,0.42405909299850464,0.42405909299850464,-0.0023033609613776207,0.7516422867774963,0.31329599022865295,0.009454621933400631
G17,455,5694.2822265625,0.5445445775985718,-3026.8115234375,-3026.8115234375,2842.051025390625,2853.640625,3008.40625,3020.0,3020.0,143.85372924804688,-184.7352752685547,0.9120615720748901,0.869899570941925,0.9599469900131226,0.42363670468330383,0.42363670468330383,-0.0022854299750179052,0.7525302767753601,0.31141048669815063,0.009132578037679195
G17,456,5706.79296875,0.5435435771942139,-3027.14697265625,-3027.14697265625,2842.90966796875,2854.50146484375,3008.4375,3020.0,3020.0,143.13232421875,-184.21200561523438,0.9126437306404114,0.8705703616142273,0.9602322578430176,0.42321276664733887,0.42321276664733887,-0.0023066855501383543,0.7534109354019165,0.3095433712005615,0.008832692168653011
G17,457,5719.30322265625,0.542542576789856,-3027.474609375,-3027.474609375,2843.760986328125,2855.345458984375,3008.4453125,3020.0,3020.0,142.41757202148438,-183.68875122070312,0.9132194519042969,0.8712246417999268,0.9605139493942261,0.4227856993675232,0.4227856993675232,-0.0022985225077718496,0.754284679889679,0.307693749666214,0.008574430830776691
G17,458,5731.81396484375,0.541541576385498,-3027.795166015625,-3027.795166015625,2844.60546875,2856.19384765625,3008.453125,3020.0,3020.0,141.70941162109375,-183.16485595703125,0.9137884378433228,0.8718724846839905,0.9607921242713928,0.4223586320877075,0.4223586320877075,-0.0023094690404832363,0.7551501393318176,0.3058624267578125,0.008358941413462162
G17,459,5744.32421875,0.5405405759811401,-3028.1083984375,-3028.1083984375,2845.442138671875,2857.021484375,3008.421875,3020.0,3020.0,141.00772094726562,-182.64158630371094,0.9143510460853577,0.8725141882896423,0.9610670208930969,0.42192816734313965,0.42192816734313965,-0.0023098341189324856,0.7560081481933594,0.30404794216156006,0.008208577521145344
G17,460,5756.8349609375,0.5395395755767822,-3028.41455078125,-3028.41455078125,2846.272705078125,2857.8583984375,3008.4296875,3020.0,3020.0,140.3124542236328,-182.1175537109375,0.9149072766304016,0.8731498122215271,0.9613391757011414,0.4214974641799927,0.4214974641799927,-0.002317176666110754,0.7568607926368713,0.30225130915641785,0.008113866671919823
G17,461,5769.34521484375,0.5385385751724243,-3028.7138671875,-3028.7138671875,2847.095703125,2858.66943359375,3008.4140625,3020.0,3020.0,139.62350463867188,-181.5941162109375,0.9154573082923889,0.8737793564796448,0.9616115689277649,0.42106422781944275,0.42106422781944275,-0.00231595104560256,0.7577103972434998,0.30047136545181274,0.008079931139945984
G17,462,5781.85595703125,0.5375375747680664,-3029.006591796875,-3029.006591796875,2847.912109375,2859.49609375,3008.4375,3020.0,3020.0,138.9407958984375,-181.07028198242188,0.9160012602806091,0.8744029998779297,0.9618807435035706,0.4206291139125824,0.4206291139125824,-0.0023297807201743126,0.7585575580596924,0.29870834946632385,0.008092001080513
G17,463,5794.3662109375,0.5365365743637085,-3029.29248046875,-3029.29248046875,2848.722412109375,2860.2900390625,3008.5,3020.0,3020.0,138.26426696777344,-180.54632568359375,0.9165391325950623,0.8750206828117371,0.962146520614624,0.42019328474998474,0.42019328474998474,-0.002320814412087202,0.7593969702720642,0.29696235060691833,0.008146724663674831
G17,464,5806.876953125,0.5355355739593506,-3029.572265625,-3029.572265625,2849.52587890625,2861.107666015625,3008.578125,3020.0,3020.0,137.59384155273438,-180.02276611328125,0.9170710444450378,0.875632643699646,0.9624090790748596,0.4197533428668976,0.4197533428668976,-0.0023406788241118193,0.7602312564849854,0.29523220658302307,0.008246829733252525
G17,465,5819.38720703125,0.5345345735549927,-3029.845458984375,-3029.845458984375,2850.32373046875,2861.884521484375,3008.578125,3020.0,3020.0,136.92941284179688,-179.49813842773438,0.9175971150398254,0.8762387633323669,0.9626685380935669,0.41931378841400146,0.41931378841400146,-0.0023296773433685303,0.7610556483268738,0.29351937770843506,0.008390547707676888
G17,466,5831.89794921875,0.5335335731506348,-3030.1123046875,-3030.1123046875,2851.11474609375,2862.693359375,3008.609375,3020.0,3020.0,136.27093505859375,-178.97439575195312,0.918117344379425,0.876839280128479,0.9629248976707458,0.41886985301971436,0.41886985301971436,-0.0023472257889807224,0.7618741989135742,0.2918216586112976,0.008582659997045994
G17,467,5844.408203125,0.5325325727462769,-3030.37353515625,-3030.37353515625,2851.90087890625,2863.4560546875,3008.6484375,3020.0,3020.0,135.61831665039062,-178.44947814941406,0.9186320304870605,0.8774341344833374,0.9631780982017517,0.4184250831604004,0.4184250831604004,-0.0023418383207172155,0.7626866102218628,0.29014092683792114,0.008816765621304512
G17,468,5856.9189453125,0.531531572341919,-3030.628662109375,-3030.628662109375,2852.6806640625,2864.2529296875,3008.8125,3020.0,3020.0,134.97149658203125,-177.9249267578125,0.9191409349441528,0.8780235648155212,0.9634283185005188,0.4179779589176178,0.4179779589176178,-0.0023517939262092113,0.7634971737861633,0.2884754240512848,0.009086406789720058
G17,469,5869.42919921875,0.530530571937561,-3030.8779296875,-3030.8779296875,2853.455078125,2865.0078125,3008.9453125,3020.0,3020.0,134.3303985595703,-177.40008544921875,0.9196444749832153,0.8786073923110962,0.9636756777763367,0.4175269901752472,0.4175269901752472,-0.0023545739240944386,0.7643083930015564,0.2868257462978363,0.009395571425557137
G17,470,5881.93994140625,0.5295295715332031,-3031.12158203125,-3031.12158203125,2854.224365234375,2865.788818359375,3008.9921875,3020.0,3020.0,133.6949462890625,-176.87429809570312,0.9201424717903137,0.8791859149932861,0.9639200568199158,0.4170762300491333,0.4170762300491333,-0.002356884302571416,0.7651128768920898,0.2851918935775757,0.009748679585754871
G17,471,5894.4501953125,0.5285285711288452,-3031.359619140625,-3031.359619140625,2854.98779296875,2866.5419921875,3009.0078125,3020.0,3020.0,133.06507873535156,-176.349365234375,0.9206352233886719,0.8797591328620911,0.9641615748405457,0.4166196584701538,0.4166196584701538,-0.0023662534076720476,0.7659131288528442,0.2835727632045746,0.010157294571399689
G17,472,5906.9609375,0.5275275707244873,-3031.59228515625,-3031.59228515625,2855.7470703125,2867.30322265625,3009.0546875,3020.0,3020.0,132.44073486328125,-175.82269287109375,0.9211225509643555,0.880327045917511,0.9644002318382263,0.4161638021469116,0.4161638021469116,-0.0023633649107068777,0.7667034864425659,0.28196942806243896,0.010621796362102032
G17,473,5919.4716796875,0.5265265703201294,-3031.8193359375,-3031.8193359375,2856.5,2868.05908203125,3009.078125,3020.0,3020.0,131.8218231201172,-175.29705810546875,0.9216048121452332,0.8808897137641907,0.9646362662315369,0.41570255160331726,0.41570255160331726,-0.002376727992668748,0.7674896717071533,0.2803806662559509,0.011134848929941654
G17,474,5931.98193359375,0.5255255699157715,-3032.041015625,-3032.041015625,2857.2490234375,2868.80029296875,3009.078125,3020.0,3020.0,131.20828247070312,-174.76986694335938,0.9220819473266602,0.8814473152160645,0.964869499206543,0.4152410924434662,0.4152410924434662,-0.0023713314440101385,0.7682682871818542,0.2788067162036896,0.011687412858009338
G17,475,5944.49267578125,0.5245245695114136,-3032.2578125,-3032.2578125,2857.992431640625,2869.557861328125,3009.0859375,3020.0,3020.0,130.60008239746094,-174.24331665039062,0.9225540161132812,0.8819998502731323,0.9651000499725342,0.41477394104003906,0.41477394104003906,-0.0023863555397838354,0.7690454125404358,0.2772478461265564,0.012258178554475307
G17,476,5957.0029296875,0.5235235691070557,-3032.46923828125,-3032.46923828125,2858.732421875,2870.28662109375,3009.1484375,3020.0,3020.0,129.9971160888672,-173.71514892578125,0.9230210781097412,0.8825459480285645,0.9653279185295105,0.41430771350860596,0.41430771350860596,-0.0023803613148629665,0.7698193192481995,0.27570271492004395,0.012842701748013496
G17,477,5969.513671875,0.5225225687026978,-3032.67578125,-3032.67578125,2859.4658203125,2871.037109375,3009.1875,3020.0,3020.0,129.39932250976562,-173.1881103515625,0.9234833121299744,0.8830869197845459,0.9655532836914062,0.41383397579193115,0.41383397579193115,-0.0023956322111189365,0.7705969214439392,0.27417272329330444,0.013422345742583275
G17,478,5982.02392578125,0.5215215682983398,-3032.876953125,-3032.876953125,2860.19677734375,2871.762939453125,3009.2421875,3020.0,3020.0,128.80665588378906,-172.65869140625,0.9239407181739807,0.8836230039596558,0.9657761454582214,0.4133627712726593,0.4133627712726593,-0.002389731118455529,0.7713683247566223,0.272656112909317,0.013998076319694519
G17,479,5994.53466796875,0.5205205678939819,-3033.07373046875,-3033.07373046875,2860.921142578125,2872.49755859375,3009.296875,3020.0,3020.0,128.21902465820312,-172.1310577392578,0.9243932962417603,0.8841543197631836,0.9659963250160217,0.4128846228122711,0.4128846228122711,-0.0024047023616731167,0.7721418738365173,0.2711540460586548,0.01455241721123457
G17,480,6007.044921875,0.519519567489624,-3033.26513671875,-3033.26513671875,2861.642578125,2873.226318359375,3009.34375,3020.0,3020.0,127.63642120361328,-171.601318359375,0.9248412847518921,0.8846809267997742,0.9662142395973206,0.4124067723751068,0.4124067723751068,-0.0023983875289559364,0.7729119658470154,0.26966536045074463,0.01508024800568819
G17,481,6019.5556640625,0.5185185670852661,-3033.45166015625,-3033.45166015625,2862.358154296875,2873.943359375,3009.390625,3020.0,3020.0,127.05873107910156,-171.07244873046875,0.9252845644950867,0.8852027654647827,0.9664297103881836,0.41192588210105896,0.41192588210105896,-0.0024142793845385313,0.7736799716949463,0.26819053292274475,0.015567782334983349
G17,482,6032.06591796875,0.5175175666809082,-3033.6337890625,-3033.6337890625,2863.069580078125,2874.671875,3009.4453125,3020.0,3020.0,126.48591613769531,-170.54312133789062,0.9257233738899231,0.8857200145721436,0.9666427373886108,0.4114416539669037,0.4114416539669037,-0.0024053275119513273,0.7744459509849548,0.2667292058467865,0.016005035489797592
G17,483,6044.57666015625,0.5165165662765503,-3033.810546875,-3033.810546875,2863.77685546875,2875.37744140625,3009.484375,3021.0,3021.0,125.91792297363281,-170.01315307617188,0.9261576533317566,0.8862326741218567,0.9668534398078918,0.41095787286758423,0.41095787286758423,-0.002424149541184306,0.7752083539962769,0.2652808129787445,0.01638789288699627
G17,484,6057.0869140625,0.5155155658721924,-3033.9833984375,-3033.9833984375,2864.478515625,2876.09521484375,3009.5,3021.0,3021.0,125.35468292236328,-169.484130859375,0.9265875220298767,0.8867408037185669,0.9670617580413818,0.41046905517578125,0.41046905517578125,-0.002412238856777549,0.7759670615196228,0.26384609937667847,0.0167097058147192
G17,485,6069.59765625,0.5145145654678345,-3034.15087890625,-3034.15087890625,2865.176513671875,2876.794677734375,3009.515625,3021.0,3021.0,124.796142578125,-168.95382690429688,0.927013099193573,0.8872443437576294,0.9672679305076599,0.40998131036758423,0.40998131036758423,-0.0024315027985721827,0.7767187356948853,0.26242363452911377,0.016966309398412704
G17,486,6082.10791015625,0.5135135650634766,-3034.31396484375,-3034.31396484375,2865.86865234375,2877.49560546875,3009.515625,3021.0,3021.0,124.24224090576172,-168.42477416992188,0.9274343848228455,0.8877435922622681,0.9674717783927917,0.40949004888534546,0.40949004888534546,-0.0024221802596002817,0.7774636745452881,0.2610146105289459,0.017152436077594757
G17,487,6094.61865234375,0.5125125050544739,-3034.47216796875,-3034.47216796875,2866.55712890625,2878.190673828125,3009.5078125,3021.0,3021.0,123.69293212890625,-167.89501953125,0.9278513193130493,0.8882384896278381,0.9676735401153564,0.4089968502521515,0.4089968502521515,-0.002434616908431053,0.7782034277915955,0.25961747765541077,0.017261845991015434
G17,488,6107.12890625,0.511511504650116,-3034.62646484375,-3034.62646484375,2867.24072265625,2878.87548828125,3009.53125,3021.0,3021.0,123.14816284179688,-167.3652801513672,0.9282641410827637,0.8887289762496948,0.9678730368614197,0.4085044264793396,0.4085044264793396,-0.0024351105093955994,0.7789348363876343,0.2582333981990814,0.017289618030190468
G17,489,6119.6396484375,0.5105105042457581,-3034.775390625,-3034.775390625,2867.9189453125,2879.564697265625,3009.53125,3021.0,3021.0,122.60786437988281,-166.83663940429688,0.9286728501319885,0.8892152905464172,0.968070387840271,0.4080062508583069,0.4080062508583069,-0.0024350821040570736,0.7796636819839478,0.25686100125312805,0.017229363322257996
G17,490,6132.14990234375,0.5095095038414001,-3034.92041015625,-3034.92041015625,2868.59375,2880.2373046875,3009.53125,3021.0,3021.0,122.0719985961914,-166.3064422607422,0.9290775060653687,0.8896973133087158,0.9682657122612,0.40751129388809204,0.40751129388809204,-0.002448177197948098,0.7803825736045837,0.25550100207328796,0.017076510936021805
G17,491,6144.66064453125,0.5085085034370422,-3035.060546875,-3035.060546875,2869.262451171875,2880.917236328125,3009.53125,3021.0,3021.0,121.5405044555664,-165.7783660888672,0.929478108882904,0.8901751041412354,0.968458890914917,0.4070102572441101,0.4070102572441101,-0.0024361226242035627,0.7810986638069153,0.25415292382240295,0.016826577484607697
G17,492,6157.1708984375,0.5075075030326843,-3035.196533203125,-3035.196533203125,2869.927978515625,2881.582763671875,3009.53125,3021.0,3021.0,121.01333618164062,-165.2486114501953,0.929874837398529,0.8906489014625549,0.9686501622200012,0.40651118755340576,0.40651118755340576,-0.0024588287342339754,0.7818073630332947,0.25281620025634766,0.016475170850753784
G17,493,6169.681640625,0.5065065026283264,-3035.328125,-3035.328125,2870.587890625,2882.24951171875,3009.53125,3021.0,3021.0,120.49044799804688,-164.720458984375,0.9302676916122437,0.891118586063385,0.9688392877578735,0.4060089886188507,0.4060089886188507,-0.002440063050016761,0.7825109958648682,0.2514917552471161,0.01602543517947197
G17,494,6182.1923828125,0.5055055022239685,-3035.455078125,-3035.455078125,2871.243896484375,2882.910400390625,3009.546875,3021.0,3021.0,119.97177124023438,-164.19183349609375,0.9306566119194031,0.8915841579437256,0.9690265655517578,0.4055060148239136,0.4055060148239136,-0.0024660967756062746,0.783210039138794,0.2501777410507202,0.015481116250157356
G17,495,6194.70263671875,0.5045045018196106,-3035.578125,-3035.578125,2871.895263671875,2883.5595703125,3009.546875,3021.0,3021.0,119.457275390625,-163.6636962890625,0.9310417771339417,0.8920459151268005,0.9692118167877197,0.40500280261039734,0.40500280261039734,-0.0024465781170874834,0.783903181552887,0.24887597560882568,0.014853052794933319
G17,496,6207.21337890625,0.5035035014152527,-3035.697021484375,-3035.697021484375,2872.54150390625,2884.212890625,3009.5546875,3021.0,3021.0,118.94691467285156,-163.13629150390625,0.9314232468605042,0.892503559589386,0.9693952202796936,0.404497891664505,0.404497891664505,-0.00247055571526289,0.7845937013626099,0.24758444726467133,0.014153615571558475
G17,497,6219.7236328125,0.5025025010108948,-3035.8115234375,-3035.8115234375,2873.18359375,2884.84716796875,3009.5546875,3021.0,3021.0,118.44062805175781,-162.60897827148438,0.9318009614944458,0.8929573893547058,0.9695765972137451,0.4039931893348694,0.4039931893348694,-0.00245328014716506,0.7852773666381836,0.24630437791347504,0.013398788869380951
G17,498,6232.234375,0.5015015006065369,-3035.922119140625,-3035.922119140625,2873.820556640625,2885.48681640625,3009.5703125,3021.0,3021.0,117.93836975097656,-162.08255004882812,0.9321750998497009,0.89340740442276,0.9697562456130981,0.4034876823425293,0.4034876823425293,-0.0024732090532779694,0.7859566807746887,0.24503487348556519,0.01260899193584919
G17,499,6244.74462890625,0.500500500202179,-3036.02880859375,-3036.02880859375,2874.453125,2886.11279296875,3009.5703125,3021.0,3021.0,117.44010925292969,-161.556640625,0.9325456619262695,0.8938535451889038,0.9699339866638184,0.40298187732696533,0.40298187732696533,-0.002458597533404827,0.7866310477256775,0.2437758892774582,0.011802488006651402
G17,500,6257.25537109375,0.49949949979782104,-3036.13134765625,-3036.13134765625,2875.0810546875,2886.73681640625,3009.5703125,3021.0,3021.0,116.94578552246094,-161.03140258789062,0.9329127073287964,0.8942959904670715,0.9701099991798401,0.4024758040904999,0.4024758040904999,-0.002474395092576742,0.7873003482818604,0.24252764880657196,0.01101486012339592
G17,501,6269.765625,0.49849849939346313,-3036.22998046875,-3036.22998046875,2875.704345703125,2887.35498046875,3009.5703125,3021.0,3021.0,116.45537567138672,-160.5068817138672,0.9332761764526367,0.8947346806526184,0.9702842235565186,0.4019695818424225,0.4019695818424225,-0.0024632203858345747,0.7879639267921448,0.24128958582878113,0.010261552408337593
G17,502,6282.2763671875,0.4974974989891052,-3036.324951171875,-3036.324951171875,2876.3232421875,2887.96728515625,3009.59375,3021.0,3021.0,115.96881103515625,-159.98309326171875,0.9336362481117249,0.8951696753501892,0.9704566597938538,0.4014619290828705,0.4014619290828705,-0.0024735142942517996,0.7886236906051636,0.24006181955337524,0.009599500335752964
G17,503,6294.78662109375,0.4964964985847473,-3036.416015625,-3036.416015625,2876.93798828125,2888.5771484375,3009.6015625,3021.0,3021.0,115.48605346679688,-159.45956420898438,0.9339929223060608,0.8956010937690735,0.9706274271011353,0.40095603466033936,0.40095603466033936,-0.0024687722325325012,0.7892776131629944,0.23884446918964386,0.009050669148564339
G17,504,6307.29736328125,0.4954954981803894,-3036.503662109375,-3036.503662109375,2877.5478515625,2889.1787109375,3009.6015625,3021.0,3021.0,115.007080078125,-158.93753051757812,0.9343463182449341,0.8960288763046265,0.9707964062690735,0.4004470705986023,0.4004470705986023,-0.002470072591677308,0.7899301052093506,0.23763664066791534,0.008662493899464607
G17,505,6319.8076171875,0.4944944977760315,-3036.58740234375,-3036.58740234375,2878.154296875,2889.780029296875,3009.6015625,3021.0,3021.0,114.53182983398438,-158.41510009765625,0.9346961975097656,0.8964530825614929,0.9709638357162476,0.3999404013156891,0.3999404013156891,-0.0024755802005529404,0.790576159954071,0.23643946647644043,0.008457203395664692
G17,506,6332.318359375,0.4934934973716736,-3036.66796875,-3036.66796875,2878.755615234375,2890.37060546875,3009.6015625,3021.0,3021.0,114.06025695800781,-157.89439392089844,0.9350430369377136,0.8968738317489624,0.9711295366287231,0.3994312882423401,0.3994312882423401,-0.0024656509049236774,0.7912190556526184,0.23525142669677734,0.008459356613457203
G17,507,6344.82861328125,0.4924924969673157,-3036.7451171875,-3036.7451171875,2879.35400390625,2890.961669921875,3009.609375,3021.0,3021.0,113.59234619140625,-157.37353515625,0.9353864789009094,0.8972910642623901,0.971293568611145,0.3989221751689911,0.3989221751689911,-0.002480855444446206,0.7918594479560852,0.23407377302646637,0.00865443330258131
G17,508,6357.33935546875,0.49149149656295776,-3036.8193359375,-3036.8193359375,2879.947998046875,2891.54541015625,3009.6171875,3021.0,3021.0,113.12803649902344,-156.85350036621094,0.9357267618179321,0.8977048397064209,0.9714561104774475,0.3984123170375824,0.3984123170375824,-0.0024639456532895565,0.7924946546554565,0.2329053282737732,0.009036705829203129
G17,509,6369.849609375,0.49049049615859985,-3036.89013671875,-3036.89013671875,2880.538330078125,2892.12646484375,3009.6171875,3021.0,3021.0,112.66729736328125,-156.33396911621094,0.9360638856887817,0.8981152176856995,0.9716169834136963,0.39790114760398865,0.39790114760398865,-0.0024812801275402308,0.7931263446807861,0.2317468374967575,0.009562330320477486
G17,510,6382.3603515625,0.48948949575424194,-3036.95751953125,-3036.95751953125,2881.125,2892.702880859375,3009.6171875,3021.0,3021.0,112.21007537841797,-155.8147430419922,0.9363979697227478,0.8985221982002258,0.9717763066291809,0.39738935232162476,0.39738935232162476,-0.0024673750158399343,0.7937523722648621,0.230597585439682,0.01020226813852787
G17,511,6394.87060546875,0.48848849534988403,-3037.022216796875,-3037.022216796875,2881.70849609375,2893.27734375,3009.625,3021.0,3021.0,111.75636291503906,-155.29611206054688,0.9367289543151855,0.8989259600639343,0.9719340205192566,0.3968762457370758,0.3968762457370758,-0.002476551104336977,0.7943748235702515,0.22945794463157654,0.010917763225734234
G17,512,6407.38134765625,0.4874874949455261,-3037.083740234375,-3037.083740234375,2882.28857421875,2893.847900390625,3009.6328125,3021.0,3021.0,111.30609130859375,-154.77777099609375,0.9370570182800293,0.8993263840675354,0.9720903635025024,0.39636221528053284,0.39636221528053284,-0.0024739110376685858,0.7949938774108887,0.2283274382352829,0.011681772768497467
G17,513,6419.89208984375,0.4864864945411682,-3037.142333984375,-3037.142333984375,2882.865234375,2894.414794921875,3009.6796875,3021.0,3021.0,110.8592300415039,-154.2598876953125,0.9373819231987,0.899723470211029,0.9722451567649841,0.3958472013473511,0.3958472013473511,-0.0024705929681658745,0.7956103086471558,0.22720636427402496,0.012473970651626587
G17,514,6432.40234375,0.4854854941368103,-3037.1982421875,-3037.1982421875,2883.4384765625,2894.981689453125,3009.6875,3021.0,3021.0,110.41575622558594,-153.74246215820312,0.9377039670944214,0.9001174569129944,0.9723984003067017,0.39533063769340515,0.39533063769340515,-0.0024789562448859215,0.7962246537208557,0.22609424591064453,0.013273804448544979
G17,515,6444.9130859375,0.4844844937324524,-3037.2509765625,-3037.2509765625,2884.0087890625,2895.541015625,3009.6953125,3021.0,3021.0,109.97561645507812,-153.2252655029297,0.9380231499671936,0.9005081653594971,0.9725502729415894,0.3948141038417816,0.3948141038417816,-0.002467347076162696,0.796833336353302,0.2249913513660431,0.014067968353629112
G17,516,6457.42333984375,0.4834834933280945,-3037.30126953125,-3037.30126953125,2884.575439453125,2896.1015625,3009.6953125,3021.0,3021.0,109.53878784179688,-152.70889282226562,0.9383394122123718,0.9008957743644714,0.9727007150650024,0.394295871257782,0.394295871257782,-0.002479976275935769,0.7974395751953125,0.22389726340770721,0.014840659685432911
G17,517,6469.93408203125,0.4824824929237366,-3037.348876953125,-3037.348876953125,2885.13916015625,2896.656005859375,3009.6953125,3021.0,3021.0,109.105224609375,-152.19268798828125,0.938652753829956,0.9012803435325623,0.9728497266769409,0.3937768340110779,0.3937768340110779,-0.0024676499888300896,0.7980401515960693,0.22281210124492645,0.015582706779241562
G17,518,6482.4443359375,0.48148149251937866,-3037.3935546875,-3037.3935546875,2885.69970703125,2897.21044921875,3009.703125,3021.0,3021.0,108.67489624023438,-151.677001953125,0.9389634728431702,0.9016616940498352,0.9729973077774048,0.39325714111328125,0.39325714111328125,-0.002477566245943308,0.7986378073692322,0.22173577547073364,0.016279129311442375
G17,519,6494.955078125,0.48048049211502075,-3037.435546875,-3037.435546875,2886.2568359375,2897.75927734375,3009.7265625,3021.0,3021.0,108.24777221679688,-151.16192626953125,0.9392712712287903,0.9020400643348694,0.9731435179710388,0.39273568987846375,0.39273568987846375,-0.0024703049566596746,0.7992315292358398,0.22066788375377655,0.01692477986216545
G17,520,6507.46533203125,0.47947949171066284,-3037.474609375,-3037.474609375,2886.811279296875,2898.307861328125,3009.7890625,3021.0,3021.0,107.82380676269531,-150.64697265625,0.9395764470100403,0.90241539478302,0.973288357257843,0.3922136127948761,0.3922136127948761,-0.002474120818078518,0.799822211265564,0.21960891783237457,0.017508000135421753
G17,521,6519.97607421875,0.47847849130630493,-3037.51171875,-3037.51171875,2887.3623046875,2898.853271484375,3009.8359375,3021.0,3021.0,107.4029769897461,-150.13262939453125,0.9398790001869202,0.9027877449989319,0.9734319448471069,0.391690194606781,0.391690194606781,-0.0024735862389206886,0.8004124164581299,0.21855807304382324,0.018024161458015442
G17,522,6532.486328125,0.477477490901947,-3037.54541015625,-3037.54541015625,2887.91064453125,2899.39501953125,3009.84375,3021.0,3021.0,106.98523712158203,-149.61862182617188,0.940178632736206,0.903157114982605,0.973574161529541,0.39116591215133667,0.39116591215133667,-0.002471312414854765,0.8009984493255615,0.2175159752368927,0.018464529886841774
G17,523,6544.9970703125,0.4764764904975891,-3037.576904296875,-3037.576904296875,2888.45556640625,2899.936767578125,3009.84375,3021.0,3021.0,106.57057189941406,-149.10508728027344,0.9404757618904114,0.9035236239433289,0.97371506690979,0.39064058661460876,0.39064058661460876,-0.002476735273376107,0.8015813827514648,0.21648183465003967,0.01882219687104225
G17,524,6557.50732421875,0.4754754900932312,-3037.60595703125,-3037.60595703125,2888.99755859375,2900.47314453125,3009.84375,3021.0,3021.0,106.158935546875,-148.59202575683594,0.9407703280448914,0.903887152671814,0.973854660987854,0.3901142179965973,0.3901142179965973,-0.0024698900524526834,0.8021594285964966,0.21545615792274475,0.01909083127975464
G17,525,6570.01806640625,0.4744744896888733,-3037.63232421875,-3037.63232421875,2889.536865234375,2901.008544921875,3009.84375,3021.0,3021.0,105.75030517578125,-148.07937622070312,0.9410622715950012,0.9042479395866394,0.9739930629730225,0.38958731293678284,0.38958731293678284,-0.002479088958352804,0.8027338981628418,0.21443836390972137,0.019267048686742783
G17,526,6582.5283203125,0.4734734892845154,-3037.65625,-3037.65625,2890.07275390625,2901.539306640625,3009.8515625,3021.0,3021.0,105.34463500976562,-147.56741333007812,0.9413517713546753,0.9046058058738708,0.9741301536560059,0.38905906677246094,0.38905906677246094,-0.0024708088021725416,0.8033039569854736,0.21342869102954865,0.019349398091435432
G17,527,6595.0390625,0.47247248888015747,-3037.677734375,-3037.677734375,2890.60595703125,2902.069091796875,3009.8515625,3021.0,3021.0,104.94190979003906,-147.0557861328125,0.941638708114624,0.9049609303474426,0.9742660522460938,0.38853058218955994,0.38853058218955994,-0.002480014692991972,0.8038704991340637,0.2124268114566803,0.019343068823218346
G17,528,6607.54931640625,0.47147148847579956,-3037.6962890625,-3037.6962890625,2891.1357421875,2902.593994140625,3009.8515625,3021.0,3021.0,104.5420913696289,-146.5448760986328,0.9419231414794922,0.90531325340271,0.9744005799293518,0.3880009651184082,0.3880009651184082,-0.0024744179099798203,0.804433286190033,0.21143285930156708,0.019249606877565384
G17,529,6620.06005859375,0.47047048807144165,-3037.712890625,-3037.712890625,2891.66259765625,2903.117431640625,3009.8515625,3021.0,3021.0,104.1451416015625,-146.03440856933594,0.9422051906585693,0.9056627750396729,0.9745340943336487,0.3874707818031311,0.3874707818031311,-0.0024801339022815228,0.8049910068511963,0.21044647693634033,0.019074346870183945
G17,530,6632.5703125,0.46946948766708374,-3037.726806640625,-3037.726806640625,2892.1865234375,2903.63720703125,3009.875,3021.0,3021.0,103.75105285644531,-145.52456665039062,0.9424847364425659,0.9060096144676208,0.9746662974357605,0.3869401514530182,0.3869401514530182,-0.0024799974635243416,0.8055453300476074,0.20946791768074036,0.018822120502591133
G17,531,6645.0810546875,0.46846848726272583,-3037.738525390625,-3037.738525390625,2892.70751953125,2904.154296875,3009.875,3021.0,3021.0,103.35977172851562,-145.01541137695312,0.9427619576454163,0.906353771686554,0.9747973680496216,0.38640838861465454,0.38640838861465454,-0.002480886410921812,0.8060961961746216,0.20849665999412537,0.01849173754453659
G17,532,6657.591796875,0.4674674868583679,-3037.74755859375,-3037.74755859375,2893.2255859375,2904.668212890625,3009.9375,3021.0,3021.0,102.97128295898438,-144.50668334960938,0.9430367946624756,0.9066954255104065,0.9749273061752319,0.3858763873577118,0.3858763873577118,-0.0024862210266292095,0.8066467642784119,0.2075331211090088,0.018101735040545464
G17,533,6670.10205078125,0.46646648645401,-3037.754638671875,-3037.754638671875,2893.74072265625,2905.1796875,3009.9453125,3021.0,3021.0,102.58554077148438,-143.99871826171875,0.9433093070983887,0.9070342183113098,0.9750560522079468,0.38534289598464966,0.38534289598464966,-0.0024834382347762585,0.8071978688240051,0.20657677948474884,0.017639799043536186
G17,534,6682.61279296875,0.4654654860496521,-3037.75927734375,-3037.75927734375,2894.2529296875,2905.6875,3009.96875,3021.0,3021.0,102.20254516601562,-143.49105834960938,0.9435795545578003,0.9073705673217773,0.9751836657524109,0.3848097026348114,0.3848097026348114,-0.0024919614661484957,0.807746410369873,0.20562788844108582,0.017127476632595062
G17,535,6695.123046875,0.4644644856452942,-3037.761474609375,-3037.761474609375,2894.76171875,2906.19287109375,3009.9921875,3021.0,3021.0,101.82225036621094,-142.98435974121094,0.9438475370407104,0.9077041745185852,0.975310206413269,0.3842742145061493,0.3842742145061493,-0.0024881812278181314,0.8082951307296753,0.20468609035015106,0.016559593379497528
G17,536,6707.6337890625,0.4634634852409363,-3037.761474609375,-3037.761474609375,2895.2685546875,2906.695068359375,3009.9921875,3021.0,3021.0,101.44463348388672,-142.47764587402344,0.9441133141517639,0.908035397529602,0.9754356145858765,0.3837403655052185,0.3837403655052185,-0.00249685812741518,0.8088400959968567,0.20375162363052368,0.01594316028058529
G17,537,6720.14404296875,0.46246248483657837,-3037.759033203125,-3037.759033203125,2895.771484375,2907.1943359375,3009.9921875,3021.0,3021.0,101.06966400146484,-141.97244262695312,0.9443767070770264,0.9083639979362488,0.9755599498748779,0.38320282101631165,0.38320282101631165,-0.0024943435564637184,0.8093826174736023,0.2028239518404007,0.015294094569981098
G17,538,6732.65478515625,0.46146148443222046,-3037.75439453125,-3037.75439453125,2896.27294921875,2907.6904296875,3009.9921875,3021.0,3021.0,100.69731140136719,-141.46669006347656,0.9446380138397217,0.9086900949478149,0.9756832122802734,0.3826681673526764,0.3826681673526764,-0.0025015329010784626,0.8099200129508972,0.20190365612506866,0.014610872603952885
G17,539,6745.1650390625,0.46046048402786255,-3037.74755859375,-3037.74755859375,2896.77001953125,2908.18408203125,3009.9921875,3021.0,3021.0,100.32756042480469,-140.96287536621094,0.9448971152305603,0.9090113043785095,0.9758054614067078,0.38212916254997253,0.38212916254997253,-0.002500527072697878,0.8104550838470459,0.2009897381067276,0.013910351321101189
G17,540,6757.67578125,0.45945948362350464,-3037.739013671875,-3037.739013671875,2897.265869140625,2908.67431640625,3009.9921875,3021.0,3021.0,99.96037292480469,-140.45831298828125,0.9451542496681213,0.909325897693634,0.9759265780448914,0.38159361481666565,0.38159361481666565,-0.002506826538592577,0.810985267162323,0.20008330047130585,0.013195810839533806
G17,541,6770.18603515625,0.45845848321914673,-3037.7275390625,-3037.7275390625,2897.7568359375,2909.162353515625,3009.9921875,3021.0,3021.0,99.59574127197266,-139.9558868408203,0.9454090595245361,0.9096382856369019,0.9760466814041138,0.3810534179210663,0.3810534179210663,-0.0025059091858565807,0.8115134239196777,0.19918283820152283,0.012482176534831524
G17,542,6782.69677734375,0.4574574828147888,-3037.71435546875,-3037.71435546875,2898.247314453125,2909.647705078125,3009.9921875,3021.0,3021.0,99.2336196899414,-139.45260620117188,0.945661723613739,0.9099482297897339,0.9761657118797302,0.38051679730415344,0.38051679730415344,-0.0025126340333372355,0.8120377659797668,0.1982898861169815,0.011768143624067307
G17,543,6795.20703125,0.4564564824104309,-3037.69921875,-3037.69921875,2898.73291015625,2910.13037109375,3009.9921875,3021.0,3021.0,98.87399291992188,-138.9514923095703,0.9459124803543091,0.910256028175354,0.9762839078903198,0.3799757957458496,0.3799757957458496,-0.002511198166757822,0.8125597238540649,0.19740264117717743,0.011070636101067066
G17,544,6807.7177734375,0.455455482006073,-3037.681640625,-3037.681640625,2899.217529296875,2910.610107421875,3009.9921875,3021.0,3021.0,98.516845703125,-138.44964599609375,0.946161150932312,0.9105613827705383,0.9764009118080139,0.3794369399547577,0.3794369399547577,-0.002517406828701496,0.8130779266357422,0.19652274250984192,0.010379825718700886
G17,545,6820.22802734375,0.4544544816017151,-3037.662109375,-3037.662109375,2899.6982421875,2911.088134765625,3009.9921875,3021.0,3021.0,98.1621322631836,-137.94944763183594,0.9464078545570374,0.9108646512031555,0.9765170812606812,0.3788958787918091,0.3788958787918091,-0.0025177698116749525,0.8135929703712463,0.19564862549304962,0.009720937348902225
G17,546,6832.73876953125,0.4534534811973572,-3037.640625,-3037.640625,2900.1767578125,2911.562255859375,3010.0,3021.0,3021.0,97.80984497070312,-137.4493408203125,0.9466524124145508,0.9111655950546265,0.9766321778297424,0.3783535659313202,0.3783535659313202,-0.0025202911347150803,0.8141062259674072,0.1947813332080841,0.009074453264474869
G17,547,6845.2490234375,0.45245248079299927,-3037.6171875,-3037.6171875,2900.6533203125,2912.035400390625,3010.0,3021.0,3021.0,97.4599609375,-136.94961547851562,0.9468951225280762,0.9114643931388855,0.9767463207244873,0.37781259417533875,0.37781259417533875,-0.00252572656609118,0.8146153092384338,0.19392022490501404,0.008469152264297009
G17,548,6857.759765625,0.45145148038864136,-3037.591796875,-3037.591796875,2901.126220703125,2912.5048828125,3010.0,3021.0,3021.0,97.11244201660156,-136.4512481689453,0.9471358060836792,0.9117610454559326,0.9768596291542053,0.3772667646408081,0.3772667646408081,-0.0025222806725651026,0.8151240348815918,0.19306518137454987,0.007891278713941574
G17,549,6870.27001953125,0.45045047998428345,-3037.564697265625,-3037.564697265625,2901.598388671875,2912.973388671875,3010.0,3021.0,3021.0,96.76728057861328,-135.95199584960938,0.9473745226860046,0.9120554327964783,0.9769719243049622,0.37672552466392517,0.37672552466392517,-0.0025334295351058245,0.8156270980834961,0.19221684336662292,0.007355986163020134
G17,550,6882.78076171875,0.44944947957992554,-3037.535400390625,-3037.535400390625,2902.06591796875,2913.43798828125,3010.0078125,3021.0,3021.0,96.42445373535156,-135.45526123046875,0.947611391544342,0.9123477935791016,0.9770832061767578,0.37617671489715576,0.37617671489715576,-0.0025256259832531214,0.8161317110061646,0.19137385487556458,0.006865630857646465
G17,551,6895.291015625,0.4484484791755676,-3037.50439453125,-3037.50439453125,2902.53369140625,2913.902587890625,3010.0078125,3021.0,3021.0,96.08392333984375,-134.95669555664062,0.9478464126586914,0.9126380085945129,0.9771937131881714,0.37563356757164,0.37563356757164,-0.002539056818932295,0.8166311383247375,0.19053784012794495,0.006421109661459923
G17,552,6907.8017578125,0.4474474787712097,-3037.4716796875,-3037.4716796875,2902.99658203125,2914.362060546875,3010.0078125,3021.0,3021.0,95.74568939208984,-134.46102905273438,0.948079526424408,0.9129260182380676,0.9773032069206238,0.3750839829444885,0.3750839829444885,-0.0025312043726444244,0.8171307444572449,0.1897069364786148,0.0060297707095742226
G17,553,6920.3125,0.4464464783668518,-3037.43701171875,-3037.43701171875,2903.45947265625,2914.82275390625,3010.0078125,3021.0,3021.0,95.40971374511719,-133.9639434814453,0.9483106732368469,0.9132120609283447,0.9774118661880493,0.37453725934028625,0.37453725934028625,-0.0025429355446249247,0.8176262378692627,0.1888827383518219,0.0056793359108269215
G17,554,6932.82275390625,0.4454454779624939,-3037.400634765625,-3037.400634765625,2903.91845703125,2915.277099609375,3010.0078125,3021.0,3021.0,95.07598876953125,-133.46875,0.9485401511192322,0.9134959578514099,0.9775196313858032,0.37398818135261536,0.37398818135261536,-0.002537467982620001,0.8181198835372925,0.1880638599395752,0.0053834556601941586
G17,555,6945.33349609375,0.444444477558136,-3037.36279296875,-3037.36279296875,2904.37548828125,2915.73486328125,3010.0078125,3021.0,3021.0,94.74447631835938,-132.97360229492188,0.9487678408622742,0.9137780070304871,0.9776264429092407,0.37343814969062805,0.37343814969062805,-0.00254674069583416,0.8186115026473999,0.18725110590457916,0.005125644151121378
G17,556,6957.84375,0.4434434771537781,-3037.3232421875,-3037.3232421875,2904.83056640625,2916.182861328125,3010.0078125,3021.0,3021.0,94.41516876220703,-132.47897338867188,0.9489935636520386,0.9140577912330627,0.9777325391769409,0.3728889524936676,0.3728889524936676,-0.0025425960775464773,0.8191000819206238,0.18644408881664276,0.004914185032248497
G17,557,6970.3544921875,0.44244247674942017,-3037.281982421875,-3037.281982421875,2905.282958984375,2916.63818359375,3010.0078125,3021.0,3021.0,94.08802795410156,-131.98550415039062,0.9492175579071045,0.9143357276916504,0.9778377413749695,0.37233665585517883,0.37233665585517883,-0.002551231998950243,0.819588303565979,0.18564260005950928,0.004734542220830917
G17,558,6982.86474609375,0.44144147634506226,-3037.2392578125,-3037.2392578125,2905.733642578125,2917.080078125,3010.0078125,3021.0,3021.0,93.76305389404297,-131.49188232421875,0.9494398832321167,0.9146116971969604,0.9779420495033264,0.37178656458854675,0.37178656458854675,-0.002546579111367464,0.8200722336769104,0.18484705686569214,0.004585796967148781
G17,559,6995.37548828125,0.44044047594070435,-3037.194580078125,-3037.194580078125,2906.18115234375,2917.533203125,3010.015625,3021.0,3021.0,93.44021606445312,-130.99989318847656,0.9496604800224304,0.9148855805397034,0.9780455827713013,0.37123286724090576,0.37123286724090576,-0.002555611077696085,0.820556104183197,0.18405678868293762,0.004469867795705795
G17,560,7007.8857421875,0.43943947553634644,-3037.1484375,-3037.1484375,2906.627685546875,2917.96923828125,3010.015625,3021.0,3021.0,93.11949157714844,-130.50750732421875,0.9498793482780457,0.9151575565338135,0.9781482219696045,0.37068143486976624,0.37068143486976624,-0.002551032928749919,0.8210359811782837,0.18327239155769348,0.004368807189166546
G17,561,7020.396484375,0.4384384751319885,-3037.10107421875,-3037.10107421875,2907.071044921875,2918.419189453125,3010.015625,3021.0,3021.0,92.80087280273438,-130.01681518554688,0.9500964879989624,0.9154276251792908,0.9782500863075256,0.37012678384780884,0.37012678384780884,-0.002558685140684247,0.8215156197547913,0.18249325454235077,0.004300523549318314
G17,562,7032.90673828125,0.4374374747276306,-3037.0517578125,-3037.0517578125,2907.512939453125,2918.85107421875,3010.015625,3021.0,3021.0,92.48432159423828,-129.52584838867188,0.9503120183944702,0.91569584608078,0.9783510565757751,0.36957377195358276,0.36957377195358276,-0.0025568269193172455,0.8219907879829407,0.18171973526477814,0.004241289105266333
G17,563,7045.41748046875,0.4364364743232727,-3037.00146484375,-3037.00146484375,2907.951904296875,2919.296142578125,3010.015625,3021.0,3021.0,92.16983032226562,-129.036376953125,0.9505258202552795,0.9159621000289917,0.9784513711929321,0.3690183460712433,0.3690183460712433,-0.0025603880640119314,0.822465181350708,0.1809515506029129,0.0041895839385688305
G17,564,7057.927734375,0.43543541431427,-3036.94921875,-3036.94921875,2908.389404296875,2919.724365234375,3010.015625,3021.0,3021.0,91.85737609863281,-128.54693603515625,0.9507380723953247,0.9162265062332153,0.978550910949707,0.36846354603767395,0.36846354603767395,-0.002563106594607234,0.8229358196258545,0.18018873035907745,0.004140397533774376
G17,565,7070.4384765625,0.4344344139099121,-3036.89599609375,-3036.89599609375,2908.824462890625,2920.16455078125,3010.015625,3021.0,3021.0,91.54695129394531,-128.05860900878906,0.9509485363960266,0.9164890646934509,0.9786495566368103,0.36790767312049866,0.36790767312049866,-0.0025619338266551495,0.8234049677848816,0.1794312596321106,0.004080630373209715
G17,566,7082.94873046875,0.4334334135055542,-3036.84130859375,-3036.84130859375,2909.25732421875,2920.5888671875,3010.0234375,3021.0,3021.0,91.23851776123047,-127.57078552246094,0.9511575102806091,0.9167497754096985,0.9787474870681763,0.3673512935638428,0.3673512935638428,-0.0025683059357106686,0.823871374130249,0.17867901921272278,0.004006500355899334
G17,567,7095.45947265625,0.4324324131011963,-3036.784912109375,-3036.784912109375,2909.6884765625,2921.025634765625,3010.0234375,3021.0,3021.0,90.93207550048828,-127.08367919921875,0.9513649344444275,0.917008638381958,0.9788445830345154,0.36679431796073914,0.36679431796073914,-0.0025649401359260082,0.8243365287780762,0.1779319941997528,0.003921521361917257
G17,568,7107.9697265625,0.4314314126968384,-3036.72705078125,-3036.72705078125,2910.1171875,2921.444580078125,3010.0234375,3021.0,3021.0,90.6275863647461,-126.59727478027344,0.9515706896781921,0.9172657132148743,0.9789409637451172,0.3662364184856415,0.3662364184856415,-0.0025713667273521423,0.8247988820075989,0.17719018459320068,0.0038194027729332447
G17,569,7120.48046875,0.43043041229248047,-3036.668212890625,-3036.668212890625,2910.5439453125,2921.87890625,3010.0234375,3021.0,3021.0,90.3250503540039,-126.11143493652344,0.9517750144004822,0.9175209999084473,0.9790367484092712,0.36567869782447815,0.36567869782447815,-0.002569727133959532,0.8252592086791992,0.17645344138145447,0.003701407928019762
G17,570,7132.99072265625,0.42942941188812256,-3036.60791015625,-3036.60791015625,2910.96875,2922.29296875,3010.03125,3021.0,3021.0,90.0244369506836,-125.62655639648438,0.9519776701927185,0.9177745580673218,0.9791316986083984,0.36511871218681335,0.36511871218681335,-0.00257290480658412,0.8257179260253906,0.17572180926799774,0.003568919375538826
G17,571,7145.50146484375,0.42842841148376465,-3036.546142578125,-3036.546142578125,2911.3916015625,2922.7236328125,3010.03125,3021.0,3021.0,89.72573852539062,-125.14178466796875,0.952178955078125,0.9180262684822083,0.9792258739471436,0.364560604095459,0.364560604095459,-0.002574930666014552,0.8261744379997253,0.17499519884586334,0.0034231296740472317
G17,572,7158.01220703125,0.42742741107940674,-3036.48291015625,-3036.48291015625,2911.81201171875,2923.1337890625,3010.03125,3021.0,3021.0,89.4289321899414,-124.65857696533203,0.9523786902427673,0.9182762503623962,0.9793193936347961,0.3639986217021942,0.3639986217021942,-0.002574717393144965,0.8266289830207825,0.17427346110343933,0.0032631452195346355
G17,573,7170.5224609375,0.42642641067504883,-3036.418701171875,-3036.418701171875,2912.2314453125,2923.55908203125,3010.03125,3021.0,3021.0,89.13400268554688,-124.1749038696289,0.9525768756866455,0.9185246229171753,0.9794121384620667,0.3634396195411682,0.3634396195411682,-0.0025790955405682325,0.8270809650421143,0.17355681955814362,0.003095814026892185
G17,574,7183.033203125,0.4254254102706909,-3036.35302734375,-3036.35302734375,2912.647705078125,2923.96826171875,3010.03125,3021.0,3021.0,88.84092712402344,-123.69317626953125,0.9527735710144043,0.9187712073326111,0.9795041680335999,0.3628762662410736,0.3628762662410736,-0.0025780841242522,0.8275316953659058,0.17284484207630157,0.002925060223788023
G17,575,7195.54345703125,0.424424409866333,-3036.286376953125,-3036.286376953125,2913.0634765625,2924.38525390625,3010.03125,3021.0,3021.0,88.54969024658203,-123.21084594726562,0.9529688954353333,0.9190161228179932,0.9795956015586853,0.36231574416160583,0.36231574416160583,-0.0025817786809056997,0.8279792666435242,0.17213790118694305,0.002751543652266264
G17,576,7208.05419921875,0.4234234094619751,-3036.21826171875,-3036.21826171875,2913.4755859375,2924.796142578125,3010.03125,3021.0,3021.0,88.26028442382812,-122.73037719726562,0.953162670135498,0.9192591905593872,0.9796863198280334,0.3617514669895172,0.3617514669895172,-0.0025827642530202866,0.82842618227005,0.17143553495407104,0.002583711640909314
G17,577,7220.564453125,0.4224224090576172,-3036.14892578125,-3036.14892578125,2913.88720703125,2925.203369140625,3010.03125,3021.0,3021.0,87.97268676757812,-122.24954223632812,0.953355073928833,0.9195008277893066,0.9797762632369995,0.36118900775909424,0.36118900775909424,-0.002583974739536643,0.8288703560829163,0.1707380712032318,0.002424847101792693
G17,578,7233.0751953125,0.4214214086532593,-3036.07861328125,-3036.07861328125,2914.296142578125,2925.615966796875,3010.03125,3021.0,3021.0,87.68687438964844,-121.77022552490234,0.9535461068153381,0.9197406768798828,0.9798656105995178,0.36062368750572205,0.36062368750572205,-0.0025874392595142126,0.8293139934539795,0.17004522681236267,0.0022811866365373135
G17,579,7245.58544921875,0.42042040824890137,-3036.0068359375,-3036.0068359375,2914.703857421875,2926.015625,3010.03125,3021.0,3021.0,87.40284729003906,-121.29084777832031,0.9537357687950134,0.91997891664505,0.9799542427062988,0.3600594103336334,0.3600594103336334,-0.0025871784891933203,0.8297550678253174,0.1693570464849472,0.0021594613790512085
G17,580,7258.09619140625,0.41941940784454346,-3035.93408203125,-3035.93408203125,2915.109375,2926.4267578125,3010.03125,3021.0,3021.0,87.12057495117188,-120.81272888183594,0.9539239406585693,0.9202156066894531,0.9800422787666321,0.3594929873943329,0.3594929873943329,-0.0025909673422574997,0.8301945328712463,0.1686735451221466,0.0020645775366574526
G17,581,7270.6064453125,0.41841840744018555,-3035.8603515625,-3035.8603515625,2915.513427734375,2926.822509765625,3010.03125,3021.0,3021.0,86.84004974365234,-120.33479309082031,0.9541108012199402,0.9204506278038025,0.980129599571228,0.35892677307128906,0.35892677307128906,-0.002591776894405484,0.8306323885917664,0.16799448430538177,0.001995652914047241
G17,582,7283.1171875,0.41741740703582764,-3035.78515625,-3035.78515625,2915.915283203125,2927.228271484375,3010.03125,3021.0,3021.0,86.56124877929688,-119.85782623291016,0.9542962312698364,0.9206840395927429,0.9802163243293762,0.35835951566696167,0.35835951566696167,-0.0025933312717825174,0.8310678005218506,0.16732017695903778,0.0019538672640919685
G17,583,7295.62744140625,0.4164164066314697,-3035.708740234375,-3035.708740234375,2916.315673828125,2927.623779296875,3010.03125,3021.0,3021.0,86.28416442871094,-119.38141632080078,0.9544804096221924,0.9209159016609192,0.9803024530410767,0.3577912151813507,0.3577912151813507,-0.002597334561869502,0.8315020799636841,0.16665007174015045,0.0019357948331162333
G17,584,7308.13818359375,0.4154154062271118,-3035.631591796875,-3035.631591796875,2916.71435546875,2928.021728515625,3010.03125,3021.0,3021.0,86.00877380371094,-118.90558624267578,0.9546632766723633,0.9211461544036865,0.980387806892395,0.3572227358818054,0.3572227358818054,-0.0025953720323741436,0.8319340348243713,0.16598477959632874,0.0019367214990779757
G17,585,7320.6484375,0.4144144058227539,-3035.55322265625,-3035.55322265625,2917.11083984375,2928.41845703125,3010.03125,3021.0,3021.0,85.73507690429688,-118.43059539794922,0.9548447132110596,0.9213749170303345,0.9804727435112,0.3566531240940094,0.3566531240940094,-0.002602753695100546,0.8323643207550049,0.16532348096370697,0.0019490071572363377
G17,586,7333.1591796875,0.413413405418396,-3035.473876953125,-3035.473876953125,2917.506103515625,2928.80859375,3010.03125,3021.0,3021.0,85.46304321289062,-117.95614624023438,0.9550250172615051,0.9216021299362183,0.980556845664978,0.3560829162597656,0.3560829162597656,-0.0025981783401221037,0.8327929377555847,0.164667010307312,0.0019666957668960094
G17,587,7345.66943359375,0.4124124050140381,-3035.3935546875,-3035.3935546875,2917.8994140625,2929.205078125,3010.03125,3021.0,3021.0,85.19265747070312,-117.4823989868164,0.9552038311958313,0.9218277931213379,0.9806405305862427,0.35551220178604126,0.35551220178604126,-0.0026070070452988148,0.8332194089889526,0.16401439905166626,0.0019855948630720377
G17,588,7358.18017578125,0.4114114046096802,-3035.31201171875,-3035.31201171875,2918.291015625,2929.59033203125,3010.03125,3021.0,3021.0,84.92391967773438,-117.00941467285156,0.9553815722465515,0.9220520257949829,0.9807234406471252,0.35494041442871094,0.35494041442871094,-0.002602436114102602,0.8336445689201355,0.16336658596992493,0.0020019724033772945
G17,589,7370.6904296875,0.41041040420532227,-3035.229736328125,-3035.229736328125,2918.68115234375,2929.983642578125,3010.0390625,3021.0,3021.0,84.65679168701172,-116.53700256347656,0.9555580019950867,0.922274649143219,0.9808058738708496,0.35436832904815674,0.35436832904815674,-0.0026099481619894505,0.8340681791305542,0.16272249817848206,0.0020102662965655327
G17,590,7383.201171875,0.40940940380096436,-3035.146484375,-3035.146484375,2919.0693359375,2930.36669921875,3010.0390625,3021.0,3021.0,84.39128112792969,-116.06536865234375,0.9557331800460815,0.9224958419799805,0.980887770652771,0.35379526019096375,0.35379526019096375,-0.0026077739894390106,0.8344904780387878,0.16208314895629883,0.0020045191049575806
G17,591,7395.7119140625,0.40840840339660645,-3035.06201171875,-3035.06201171875,2919.4560546875,2930.754150390625,3010.0390625,3021.0,3021.0,84.12737274169922,-115.59436798095703,0.9559069871902466,0.9227155447006226,0.9809716939926147,0.35322195291519165,0.35322195291519165,-0.0026123160496354103,0.8349108695983887,0.16144749522209167,0.001984398113563657
G17,592,7408.22216796875,0.40740740299224854,-3034.9765625,-3034.9765625,2919.8408203125,2931.137451171875,3010.0390625,3021.0,3021.0,83.86503601074219,-115.12419128417969,0.9560796618461609,0.92293381690979,0.9810549020767212,0.3526473939418793,0.3526473939418793,-0.002613238524645567,0.8353295922279358,0.16081638634204865,0.001951905433088541
G17,593,7420.73291015625,0.4064064025878906,-3034.89013671875,-3034.89013671875,2920.224609375,2931.517822265625,3010.0390625,3021.0,3021.0,83.60427856445312,-114.654541015625,0.9562511444091797,0.9231505393981934,0.9811376333236694,0.3520730435848236,0.3520730435848236,-0.002615232951939106,0.8357465863227844,0.16018906235694885,0.001911800354719162
G17,594,7433.2431640625,0.4054054021835327,-3034.802978515625,-3034.802978515625,2920.60595703125,2931.901123046875,3010.0390625,3021.0,3021.0,83.3450698852539,-114.18586730957031,0.9564213156700134,0.9233659505844116,0.9812197089195251,0.35149717330932617,0.35149717330932617,-0.002617745427414775,0.8361618518829346,0.1595659852027893,0.0018633106956258416
G17,595,7445.75390625,0.4044044017791748,-3034.71484375,-3034.71484375,2920.986083984375,2932.2763671875,3010.0390625,3021.0,3021.0,83.08740234375,-113.71760559082031,0.9565904140472412,0.9235798716545105,0.9813011884689331,0.3509215712547302,0.3509215712547302,-0.002619493752717972,0.8365755081176758,0.15894685685634613,0.0018061940791085362
G17,596,7458.26416015625,0.4034034013748169,-3034.6259765625,-3034.6259765625,2921.3642578125,2932.65625,3010.0390625,3021.0,3021.0,82.83126831054688,-113.25038146972656,0.9567583203315735,0.9237924218177795,0.9813820123672485,0.35034438967704773,0.35034438967704773,-0.0026209517382085323,0.8369874358177185,0.15833167731761932,0.0017413556342944503
G17,597,7470.77490234375,0.402402400970459,-3034.535888671875,-3034.535888671875,2921.7412109375,2933.02978515625,3010.0390625,3021.0,3021.0,82.5766372680664,-112.78353881835938,0.9569250345230103,0.924003541469574,0.9814623594284058,0.3497674763202667,0.3497674763202667,-0.0026249587535858154,0.8373977541923523,0.15772056579589844,0.0016721927095204592
G17,598,7483.28515625,0.4014014005661011,-3034.445068359375,-3034.445068359375,2922.1162109375,2933.40478515625,3010.0390625,3021.0,3021.0,82.32351684570312,-112.31773376464844,0.9570905566215515,0.9242132902145386,0.9815420508384705,0.3491888642311096,0.3491888642311096,-0.002623598324134946,0.8378065228462219,0.1571131944656372,0.001600051298737526
G17,599,7495.7958984375,0.40040040016174316,-3034.353515625,-3034.353515625,2922.490234375,2933.77685546875,3010.0390625,3021.0,3021.0,82.07188415527344,-111.852294921875,0.9572550654411316,0.9244216680526733,0.9816212058067322,0.3486107587814331,0.3486107587814331,-0.002630462870001793,0.8382136225700378,0.1565098911523819,0.0015267911367118359
G17,600,7508.30615234375,0.39939939975738525,-3034.2607421875,-3034.2607421875,2922.862060546875,2934.1474609375,3010.0390625,3021.0,3021.0,81.82173156738281,-111.387939453125,0.9574183225631714,0.9246286153793335,0.9816998839378357,0.34803053736686707,0.34803053736686707,-0.002626830944791436,0.8386193513870239,0.15591022372245789,0.0014551696367561817
G17,601,7520.81689453125,0.39839839935302734,-3034.16748046875,-3034.16748046875,2923.23291015625,2934.51708984375,3010.0390625,3021.0,3021.0,81.57304382324219,-110.92385864257812,0.95758056640625,0.9248343110084534,0.9817779064178467,0.34745123982429504,0.34745123982429504,-0.0026351630222052336,0.8390232920646667,0.15531453490257263,0.0013898819452151656
G17,602,7533.3271484375,0.39739739894866943,-3034.0732421875,-3034.0732421875,2923.6015625,2934.88427734375,3010.0390625,3021.0,3021.0,81.3258056640625,-110.46097564697266,0.9577414989471436,0.9250385761260986,0.9818555116653442,0.34686949849128723,0.34686949849128723,-0.0026310798712074757,0.8394260406494141,0.15472249686717987,0.0013324120081961155
G17,603,7545.837890625,0.3963963985443115,-3033.978515625,-3033.978515625,2923.96923828125,2935.2509765625,3010.0390625,3021.0,3021.0,81.08000183105469,-109.99826049804688,0.9579015970230103,0.9252415299415588,0.9819324612617493,0.34628888964653015,0.34628888964653015,-0.0026390173006802797,0.8398268818855286,0.15413427352905273,0.0012873430969193578
G17,604,7558.34814453125,0.3953953981399536,-3033.882568359375,-3033.882568359375,2924.3349609375,2935.614990234375,3010.0390625,3021.0,3021.0,80.83563232421875,-109.53682708740234,0.9580604434013367,0.9254432320594788,0.9820089340209961,0.34570589661598206,0.34570589661598206,-0.002635953715071082,0.8402264714241028,0.15354971587657928,0.0012511012610048056
G17,605,7570.85888671875,0.3943943977355957,-3033.7861328125,-3033.7861328125,2924.69970703125,2935.978515625,3010.0390625,3021.0,3021.0,80.59266662597656,-109.07557678222656,0.9582182168960571,0.9256435632705688,0.9820848107337952,0.3451237082481384,0.3451237082481384,-0.0026425670366734266,0.8406245112419128,0.15296883881092072,0.0012232426088303328
G17,606,7583.369140625,0.3933933973312378,-3033.6884765625,-3033.6884765625,2925.0625,2936.339599609375,3010.0390625,3021.0,3021.0,80.35111236572266,-108.61550903320312,0.9583749771118164,0.9258425831794739,0.982160210609436,0.3445397913455963,0.3445397913455963,-0.0026408801786601543,0.841020941734314,0.15239162743091583,0.001200118102133274
G17,607,7595.8798828125,0.3923923969268799,-3033.59033203125,-3033.59033203125,2925.423828125,2936.7001953125,3010.0390625,3021.0,3021.0,80.11094665527344,-108.15583801269531,0.9585307240486145,0.9260403513908386,0.9822351336479187,0.343955934047699,0.343955934047699,-0.002646148670464754,0.8414161205291748,0.15181796252727509,0.0011860488448292017
G17,608,7608.39013671875,0.391391396522522,-3033.491455078125,-3033.491455078125,2925.783935546875,2937.05810546875,3010.0390625,3021.0,3021.0,79.87216186523438,-107.69712829589844,0.9586852788925171,0.9262368083000183,0.9823129773139954,0.34337103366851807,0.34337103366851807,-0.0026456196792423725,0.8418095707893372,0.15124796330928802,0.0011792359873652458
G17,609,7620.90087890625,0.39039039611816406,-3033.39208984375,-3033.39208984375,2926.142578125,2937.416015625,3010.0390625,3021.0,3021.0,79.63475036621094,-107.23899841308594,0.958838939666748,0.9264320731163025,0.982401430606842,0.34278589487075806,0.34278589487075806,-0.0026497577782720327,0.8422013521194458,0.15068140625953674,0.0011830654693767428
G17,610,7633.4111328125,0.38938939571380615,-3033.29150390625,-3033.29150390625,2926.49951171875,2937.77099609375,3010.0390625,3021.0,3021.0,79.39868927001953,-106.7817611694336,0.958991527557373,0.9266259670257568,0.9824889898300171,0.34219953417778015,0.34219953417778015,-0.0026502504479140043,0.8425922393798828,0.15011845529079437,0.0011907470179721713
G17,611,7645.921875,0.38838839530944824,-3033.1904296875,-3033.1904296875,2926.85498046875,2938.12548828125,3010.0390625,3021.0,3021.0,79.16397857666016,-106.32506561279297,0.9591430425643921,0.9268186688423157,0.9825758934020996,0.3416135311126709,0.3416135311126709,-0.00265319412574172,0.8429808020591736,0.14955896139144897,0.0012022643350064754
G17,612,7658.4326171875,0.38738739490509033,-3033.088623046875,-3033.088623046875,2927.208984375,2938.478515625,3010.0390625,3021.0,3021.0,78.93060302734375,-105.86943054199219,0.95929354429245,0.9270101189613342,0.9826619625091553,0.3410254716873169,0.3410254716873169,-0.002654893323779106,0.8433688282966614,0.14900287985801697,0.0012096717255190015
G17,613,7670.94287109375,0.3863863945007324,-3032.986328125,-3032.986328125,2927.56201171875,2938.829345703125,3010.0390625,3021.0,3021.0,78.69854736328125,-105.4140853881836,0.9594430923461914,0.9272003769874573,0.9827473163604736,0.34043872356414795,0.34043872356414795,-0.002656449330970645,0.843754231929779,0.1484503298997879,0.0012107102666050196
G17,614,7683.45361328125,0.3853853940963745,-3032.88330078125,-3032.88330078125,2927.9130859375,2939.1796875,3010.0390625,3021.0,3021.0,78.46780395507812,-104.96009063720703,0.9595916271209717,0.92738938331604,0.9828320145606995,0.33984899520874023,0.33984899520874023,-0.002659393008798361,0.8441395163536072,0.1479010283946991,0.0012054077815264463
G17,615,7695.9638671875,0.3843843936920166,-3032.779541015625,-3032.779541015625,2928.26318359375,2939.5283203125,3010.0390625,3021.0,3021.0,78.23836517333984,-104.5061264038086,0.9597392082214355,0.9275772571563721,0.9829158782958984,0.3392612636089325,0.3392612636089325,-0.002659901510924101,0.8445220589637756,0.14735528826713562,0.0011994007509201765
G17,616,7708.474609375,0.3833833932876587,-3032.675048828125,-3032.675048828125,2928.611328125,2939.874755859375,3010.0390625,3021.0,3021.0,78.01021575927734,-104.0537109375,0.959885835647583,0.9277638792991638,0.9829991459846497,0.33867019414901733,0.33867019414901733,-0.0026632812805473804,0.8449044823646545,0.14681264758110046,0.0011915372451767325
G17,617,7720.98486328125,0.3823823928833008,-3032.570068359375,-3032.570068359375,2928.958740234375,2940.2216796875,3010.0390625,3021.0,3021.0,77.78334045410156,-103.60121154785156,0.9600315093994141,0.9279493093490601,0.9830816388130188,0.33808115124702454,0.33808115124702454,-0.002663971157744527,0.8452842235565186,0.14627358317375183,0.0011892832117155194
G17,618,7733.49560546875,0.38138139247894287,-3032.46435546875,-3032.46435546875,2929.303955078125,2940.56494140625,3010.0390625,3021.0,3021.0,77.55774688720703,-103.15028381347656,0.9601762294769287,0.9281336069107056,0.9831634163856506,0.33748891949653625,0.33748891949653625,-0.002666418207809329,0.8456640243530273,0.14573752880096436,0.001186976907774806
G17,619,7746.005859375,0.38038039207458496,-3032.35791015625,-3032.35791015625,2929.64892578125,2940.90869140625,3010.0390625,3021.0,3021.0,77.33341217041016,-102.6993408203125,0.9603199362754822,0.9283166527748108,0.9832445383071899,0.3368983864784241,0.3368983864784241,-0.0026685234624892473,0.8460413813591003,0.14520499110221863,0.0011849056463688612
G17,620,7758.5166015625,0.37937939167022705,-3032.251220703125,-3032.251220703125,2929.9912109375,2941.25048828125,3010.0390625,3021.0,3021.0,77.11032104492188,-102.24984741210938,0.960462749004364,0.9284986257553101,0.9833251237869263,0.33630508184432983,0.33630508184432983,-0.002669114153832197,0.8464182615280151,0.14467541873455048,0.0011837134370580316
G17,621,7771.02685546875,0.37837839126586914,-3032.1435546875,-3032.1435546875,2930.333251953125,2941.590087890625,3010.0390625,3021.0,3021.0,76.88847351074219,-101.80046081542969,0.9606045484542847,0.928679347038269,0.9834048748016357,0.33571314811706543,0.33571314811706543,-0.0026731323450803757,0.8467928767204285,0.1441493034362793,0.001185217290185392
G17,622,7783.53759765625,0.37737739086151123,-3032.03564453125,-3032.03564453125,2930.67333984375,2941.9296875,3010.0390625,3021.0,3021.0,76.66786193847656,-101.35244750976562,0.9607455134391785,0.9288589954376221,0.9834839701652527,0.33511844277381897,0.33511844277381897,-0.002671832451596856,0.8471673130989075,0.14362607896327972,0.0011872411705553532
G17,623,7796.0478515625,0.3763763904571533,-3031.9267578125,-3031.9267578125,2931.0126953125,2942.266845703125,3010.0390625,3021.0,3021.0,76.4484634399414,-100.90453338623047,0.9608855843544006,0.9290374517440796,0.9835625290870667,0.33452552556991577,0.33452552556991577,-0.0026773991994559765,0.8475390672683716,0.14310631155967712,0.0011909249005839229
G17,624,7808.55859375,0.3753753900527954,-3031.81787109375,-3031.81787109375,2931.349853515625,2942.603515625,3010.0390625,3021.0,3021.0,76.23027038574219,-100.45811462402344,0.9610247611999512,0.9292148947715759,0.9836403727531433,0.33392906188964844,0.33392906188964844,-0.0026749318931251764,0.8479110598564148,0.14258931577205658,0.0011950370389968157
G17,625,7821.06884765625,0.3743743896484375,-3031.7080078125,-3031.7080078125,2931.6865234375,2942.93798828125,3010.0390625,3021.0,3021.0,76.01329040527344,-100.01158905029297,0.9611629843711853,0.9293888211250305,0.9837175607681274,0.3333352208137512,0.3333352208137512,-0.002681079553440213,0.8482800126075745,0.1420757919549942,0.001201339066028595
G17,626,7833.57958984375,0.3733733892440796,-3031.59765625,-3031.59765625,2932.02099609375,2943.272216796875,3010.0390625,3021.0,3021.0,75.7974853515625,-99.56680297851562,0.9613004326820374,0.929559588432312,0.9837941527366638,0.33273735642433167,0.33273735642433167,-0.002678524237126112,0.8486495018005371,0.14156492054462433,0.001203472726047039
G17,627,7846.08984375,0.3723723888397217,-3031.48681640625,-3031.48681640625,2932.355224609375,2943.60400390625,3010.0390625,3021.0,3021.0,75.58287048339844,-99.12176513671875,0.961436927318573,0.9297294020652771,0.9838702082633972,0.33214205503463745,0.33214205503463745,-0.002684300998225808,0.8490159511566162,0.14105752110481262,0.001205949578434229
G17,628,7858.6005859375,0.37137138843536377,-3031.375244140625,-3031.375244140625,2932.687255859375,2943.935546875,3010.0390625,3021.0,3021.0,75.36942291259766,-98.67845153808594,0.9615724682807922,0.9298980236053467,0.9839455485343933,0.3315434157848358,0.3315434157848358,-0.0026823601219803095,0.8493824601173401,0.14055268466472626,0.00120059447363019
G17,629,7871.11083984375,0.37037038803100586,-3031.263427734375,-3031.263427734375,2933.018798828125,2944.2646484375,3010.0390625,3021.0,3021.0,75.15714263916016,-98.23509216308594,0.9617072939872742,0.9300656318664551,0.9840203523635864,0.3309461772441864,0.3309461772441864,-0.0026874702889472246,0.8497465252876282,0.14005126059055328,0.0011923365527763963
G17,630,7883.62158203125,0.36936938762664795,-3031.15087890625,-3031.15087890625,2933.348388671875,2944.593994140625,3010.0390625,3021.0,3021.0,74.94601440429688,-97.79312133789062,0.9618411064147949,0.9302322268486023,0.9840944409370422,0.33034706115722656,0.33034706115722656,-0.002686013001948595,0.8501102924346924,0.13955241441726685,0.0011815449688583612
G17,631,7896.13232421875,0.36836838722229004,-3031.0380859375,-3031.0380859375,2933.677001953125,2944.92041015625,3010.0390625,3021.0,3021.0,74.73603820800781,-97.35153198242188,0.9619742631912231,0.9303978085517883,0.9841679930686951,0.3297479450702667,0.3297479450702667,-0.002690966473892331,0.850472092628479,0.13905681669712067,0.0011715786531567574
G17,632,7908.642578125,0.36736738681793213,-3030.9248046875,-3030.9248046875,2934.00439453125,2945.2470703125,3010.0390625,3021.0,3021.0,74.52718353271484,-96.91091918945312,0.962106466293335,0.930562436580658,0.9842409491539001,0.32914793491363525,0.32914793491363525,-0.0026893073227256536,0.8508329391479492,0.13856388628482819,0.0011629858054220676
G17,633,7921.1533203125,0.3663663864135742,-3030.810791015625,-3030.810791015625,2934.330322265625,2945.5712890625,3010.0390625,3021.0,3021.0,74.3194580078125,-96.47099304199219,0.9622378349304199,0.9307259917259216,0.9843133687973022,0.32854753732681274,0.32854753732681274,-0.0026946687139570713,0.8511923551559448,0.13807404041290283,0.0011594658717513084
G17,634,7933.66357421875,0.3653653860092163,-3030.696533203125,-3030.696533203125,2934.6552734375,2945.89501953125,3010.0390625,3021.0,3021.0,74.11285400390625,-96.03192138671875,0.9623684287071228,0.9308885335922241,0.9843852519989014,0.32794618606567383,0.32794618606567383,-0.0026926875580102205,0.8515507578849792,0.13758692145347595,0.0011519358959048986
G17,635,7946.17431640625,0.3643643856048584,-3030.58154296875,-3030.58154296875,2934.97900390625,2946.216796875,3010.0390625,3021.0,3021.0,73.90736389160156,-95.5935287475586,0.962498128414154,0.9310501217842102,0.984456479549408,0.3273446559906006,0.3273446559906006,-0.0026979707181453705,0.85190749168396,0.13710272312164307,0.0011488670716062188
G17,636,7958.6845703125,0.3633633852005005,-3030.46630859375,-3030.46630859375,2935.301025390625,2946.5380859375,3010.0390625,3021.0,3021.0,73.70297241210938,-95.15605163574219,0.962627112865448,0.9312107563018799,0.9845272302627563,0.32674211263656616,0.32674211263656616,-0.002696660812944174,0.8522634506225586,0.13662128150463104,0.0011365489335730672
G17,637,7971.1953125,0.3623623847961426,-3030.350830078125,-3030.350830078125,2935.6220703125,2946.857421875,3010.0390625,3021.0,3021.0,73.49966430664062,-94.71923828125,0.9627552628517151,0.9313703775405884,0.9845974445343018,0.32613906264305115,0.32613906264305115,-0.0027006524614989758,0.8526178002357483,0.13614268600940704,0.0011303599458187819
G17,638,7983.70556640625,0.36136138439178467,-3030.234619140625,-3030.234619140625,2935.942138671875,2947.17626953125,3010.0390625,3021.0,3021.0,73.29745483398438,-94.28325653076172,0.9628825187683105,0.9315290451049805,0.9846670627593994,0.32553577423095703,0.32553577423095703,-0.0027011048514395952,0.8529711961746216,0.13566681742668152,0.001120509346947074
G17,639,7996.21630859375,0.36036038398742676,-3030.1181640625,-3030.1181640625,2936.2607421875,2947.492919921875,3010.0390625,3021.0,3021.0,73.09630584716797,-93.84815216064453,0.9630090594291687,0.9316866993904114,0.9847361445426941,0.3249310255050659,0.3249310255050659,-0.002703040139749646,0.8533230423927307,0.13519373536109924,0.0011172774247825146
G17,640,8008.7265625,0.35935938358306885,-3030.0009765625,-3030.0009765625,2936.578125,2947.809814453125,3010.0390625,3021.0,3021.0,72.89622497558594,-93.41360473632812,0.9631348848342896,0.9318434000015259,0.9848047494888306,0.3243268132209778,0.3243268132209778,-0.0027055912651121616,0.8536738157272339,0.13472335040569305,0.001112682861275971
G17,641,8021.2373046875,0.35835838317871094,-3029.883544921875,-3029.883544921875,2936.89453125,2948.12353515625,3010.0390625,3021.0,3021.0,72.69720458984375,-92.98019409179688,0.9632598757743835,0.9319992065429688,0.9848726987838745,0.3237205445766449,0.3237205445766449,-0.0027055274695158005,0.8540235757827759,0.13425569236278534,0.0011132051004096866
G17,642,8033.74755859375,0.357357382774353,-3029.765869140625,-3029.765869140625,2937.209716796875,2948.4384765625,3010.0390625,3021.0,3021.0,72.49923706054688,-92.54714965820312,0.9633840918540955,0.9321540594100952,0.984940230846405,0.3231152892112732,0.3231152892112732,-0.002709798514842987,0.8543717265129089,0.13379068672657013,0.0011150968493893743
G17,643,8046.25830078125,0.3563563823699951,-3029.647705078125,-3029.647705078125,2937.5234375,2948.74951171875,3010.0390625,3021.0,3021.0,72.30232238769531,-92.11536407470703,0.9635075926780701,0.9323079586029053,0.9850072264671326,0.32250773906707764,0.32250773906707764,-0.002708297222852707,0.8547191619873047,0.13332834839820862,0.0011200796579942107
G17,644,8058.7685546875,0.3553553819656372,-3029.529052734375,-3029.529052734375,2937.836181640625,2949.0625,3010.0390625,3021.0,3021.0,72.1064224243164,-91.68389892578125,0.9636303782463074,0.9324609637260437,0.9850737452507019,0.32190123200416565,0.32190123200416565,-0.002713588997721672,0.8550648093223572,0.1328686773777008,0.0011233444092795253
G17,645,8071.279296875,0.3543543815612793,-3029.41015625,-3029.41015625,2938.1474609375,2949.3701171875,3010.0390625,3021.0,3021.0,71.91156005859375,-91.25367736816406,0.963752269744873,0.9326130151748657,0.9851396679878235,0.321292519569397,0.321292519569397,-0.002711428329348564,0.8554097414016724,0.13241156935691833,0.0011279800673946738
G17,646,8083.78955078125,0.3533533811569214,-3029.29052734375,-3029.29052734375,2938.4580078125,2949.68212890625,3010.0390625,3021.0,3021.0,71.71772003173828,-90.8238525390625,0.9638735055923462,0.9327642321586609,0.9852051138877869,0.3206845819950104,0.3206845819950104,-0.002716856775805354,0.8557533025741577,0.13195712864398956,0.001130767515860498
G17,647,8096.30029296875,0.3523523807525635,-3029.171142578125,-3029.171142578125,2938.76708984375,2949.986083984375,3010.0390625,3021.0,3021.0,71.5248794555664,-90.39517211914062,0.9639939665794373,0.9329144358634949,0.9852702021598816,0.32007482647895813,0.32007482647895813,-0.0027150302194058895,0.856095552444458,0.13150519132614136,0.001136527513153851
G17,648,8108.810546875,0.35135138034820557,-3029.051025390625,-3029.051025390625,2939.0751953125,2950.29736328125,3010.0390625,3021.0,3021.0,71.33305358886719,-89.96699523925781,0.9641137719154358,0.9330637454986572,0.9853347539901733,0.3194654583930969,0.3194654583930969,-0.0027194928843528032,0.8564370274543762,0.13105589151382446,0.0011397178750485182
G17,649,8121.3212890625,0.35035037994384766,-3028.9306640625,-3028.9306640625,2939.382080078125,2950.59716796875,3010.0390625,3021.0,3021.0,71.1422119140625,-89.53987884521484,0.9642327427864075,0.9332122206687927,0.9853987693786621,0.31885460019111633,0.31885460019111633,-0.0027191464323550463,0.8567767143249512,0.13060900568962097,0.0011426876299083233
G17,650,8133.83203125,0.34934937953948975,-3028.81005859375,-3028.81005859375,2939.68798828125,2950.907958984375,3010.0390625,3021.0,3021.0,70.95236206054688,-89.11331176757812,0.9643509984016418,0.9333597421646118,0.9854623079299927,0.3182440996170044,0.3182440996170044,-0.0027215122245252132,0.8571160435676575,0.13016477227210999,0.001143649104051292
G17,651,8146.34228515625,0.34834837913513184,-3028.68896484375,-3028.68896484375,2939.9921875,2951.20361328125,3010.0390625,3021.0,3021.0,70.76349639892578,-88.68785095214844,0.9644686579704285,0.9335064888000488,0.9855254292488098,0.31763163208961487,0.31763163208961487,-0.0027236666064709425,0.8574535846710205,0.12972289323806763,0.0011447030119597912
G17,652,8158.85302734375,0.3473473787307739,-3028.5673828125,-3028.5673828125,2940.296142578125,2951.513427734375,3010.0390625,3021.0,3021.0,70.57560729980469,-88.26280975341797,0.964585542678833,0.9336522817611694,0.9855880737304688,0.3170202970504761,0.3170202970504761,-0.0027231466956436634,0.8577905297279358,0.12928363680839539,0.0011420572409406304
G17,653,8171.36328125,0.346346378326416,-3028.44580078125,-3028.44580078125,2940.59814453125,2951.806640625,3010.0390625,3021.0,3021.0,70.38867950439453,-87.83906555175781,0.964701771736145,0.9337972402572632,0.9856501221656799,0.3164063096046448,0.3164063096046448,-0.002728177234530449,0.8581259846687317,0.128846675157547,0.0011390442959964275
G17,654,8183.8740234375,0.3453453779220581,-3028.32373046875,-3028.32373046875,2940.89990234375,2952.113525390625,3010.0390625,3021.0,3021.0,70.20271301269531,-87.41557312011719,0.964817225933075,0.9339413642883301,0.9857118725776672,0.3157937228679657,0.3157937228679657,-0.0027249297127127647,0.858460545539856,0.12841230630874634,0.0011297600576654077
G17,655,8196.384765625,0.3443443775177002,-3028.20166015625,-3028.20166015625,2941.19970703125,2952.405517578125,3010.0390625,3021.0,3021.0,70.0177001953125,-86.99343872070312,0.9649320840835571,0.9340845346450806,0.9857731461524963,0.31517890095710754,0.31517890095710754,-0.0027320494409650564,0.8587939143180847,0.12798021733760834,0.0011194839607924223
G17,656,8208.89453125,0.3433433771133423,-3028.0791015625,-3028.0791015625,2941.49853515625,2952.708740234375,3010.0390625,3021.0,3021.0,69.83363342285156,-86.5716781616211,0.965046226978302,0.9342268705368042,0.9858339428901672,0.3145643174648285,0.3145643174648285,-0.0027273979503661394,0.8591262698173523,0.1275506168603897,0.001104640425182879
G17,657,8221.4052734375,0.3423423767089844,-3027.9560546875,-3027.9560546875,2941.796630859375,2953.000732421875,3010.0390625,3021.0,3021.0,69.65049743652344,-86.15095520019531,0.9651595950126648,0.9343684911727905,0.9858943223953247,0.31394922733306885,0.31394922733306885,-0.002734885551035404,0.8594573736190796,0.12712335586547852,0.001090320060029626
G17,658,8233.916015625,0.34134137630462646,-3027.8330078125,-3027.8330078125,2942.09326171875,2953.29931640625,3010.0390625,3021.0,3021.0,69.46829986572266,-85.73109436035156,0.9652724862098694,0.9345090985298157,0.985954225063324,0.31333228945732117,0.31333228945732117,-0.002730658510699868,0.8597877025604248,0.12669844925403595,0.0010754629038274288
G17,659,8246.4267578125,0.34034037590026855,-3027.70947265625,-3027.70947265625,2942.3896484375,2953.591796875,3010.0390625,3021.0,3021.0,69.28701782226562,-85.31169891357422,0.9653846621513367,0.9346489310264587,0.986013650894165,0.31271690130233765,0.31271690130233765,-0.0027369160670787096,0.8601164221763611,0.1262759119272232,0.0010632072808220983
G17,660,8258.9365234375,0.33933937549591064,-3027.5859375,-3027.5859375,2942.683837890625,2953.88525390625,3010.0390625,3021.0,3021.0,69.1066665649414,-84.89373016357422,0.9654960632324219,0.9347879886627197,0.9860727787017822,0.3120977580547333,0.3120977580547333,-0.002734273672103882,0.8604449033737183,0.12585562467575073,0.001056824461556971
G17,661,8271.447265625,0.33833837509155273,-3027.4619140625,-3027.4619140625,2942.97802734375,2954.178466796875,3010.0390625,3021.0,3021.0,68.92721557617188,-84.47572326660156,0.9656068682670593,0.9349262714385986,0.9861314296722412,0.311481773853302,0.311481773853302,-0.0027388485614210367,0.8607711791992188,0.12543778121471405,0.0010609623277559876
G17,662,8283.9580078125,0.3373373746871948,-3027.337890625,-3027.337890625,2943.27001953125,2954.467041015625,3010.0390625,3021.0,3021.0,68.74867248535156,-84.05955505371094,0.9657170176506042,0.9350636005401611,0.9861896634101868,0.3108609616756439,0.3108609616756439,-0.002737641567364335,0.8610976338386536,0.1250220686197281,0.0010811364045366645
G17,663,8296.46875,0.3363363742828369,-3027.21337890625,-3027.21337890625,2943.56201171875,2954.760009765625,3010.0390625,3021.0,3021.0,68.57102966308594,-83.64308166503906,0.9658265709877014,0.9352001547813416,0.9862474799156189,0.31024375557899475,0.31024375557899475,-0.002741239033639431,0.8614218235015869,0.12460877746343613,0.0011186122428625822
G17,664,8308.978515625,0.335335373878479,-3027.088623046875,-3027.088623046875,2943.851806640625,2955.04541015625,3010.0390625,3021.0,3021.0,68.39427185058594,-83.22856903076172,0.965935468673706,0.9353359341621399,0.9863048791885376,0.3096219003200531,0.3096219003200531,-0.002740479540079832,0.8617457151412964,0.1241975873708725,0.0011736934538930655
G17,665,8321.4892578125,0.3343343734741211,-3026.963623046875,-3026.963623046875,2944.1416015625,2955.33642578125,3010.0390625,3021.0,3021.0,68.21839904785156,-82.81379699707031,0.9660436511039734,0.9354708790779114,0.9863619804382324,0.3090028166770935,0.3090028166770935,-0.0027442905120551586,0.8620679974555969,0.12378878891468048,0.0012413703370839357
G17,666,8334.0,0.3333333134651184,-3026.838623046875,-3026.838623046875,2944.4296875,2955.620361328125,3010.0390625,3021.0,3021.0,68.04341125488281,-82.4007568359375,0.9661513566970825,0.9356050491333008,0.9864185452461243,0.30838048458099365,0.30838048458099365,-0.002743107033893466,0.8623894453048706,0.1233820766210556,0.001319067319855094
G17,667,8346.5107421875,0.3323323130607605,-3026.71337890625,-3026.71337890625,2944.71728515625,2955.908203125,3010.0390625,3021.0,3021.0,67.86929321289062,-81.98784637451172,0.9662583470344543,0.9357384443283081,0.9864746928215027,0.30775922536849976,0.30775922536849976,-0.0027478246483951807,0.862709641456604,0.12297767400741577,0.0014040388632565737
G17,668,8359.0205078125,0.3313313126564026,-3026.587890625,-3026.587890625,2945.00341796875,2956.19140625,3010.0390625,3021.0,3021.0,67.69602966308594,-81.57621765136719,0.9663647413253784,0.9358710646629333,0.9865304827690125,0.3071366548538208,0.3071366548538208,-0.0027459063567221165,0.8630286455154419,0.12257535755634308,0.001495597418397665
G17,669,8371.53125,0.3303303122520447,-3026.462158203125,-3026.462158203125,2945.288818359375,2956.475341796875,3010.0390625,3021.0,3021.0,67.52364349365234,-81.16523742675781,0.9664705395698547,0.9360029101371765,0.9865859746932983,0.3065131902694702,0.3065131902694702,-0.002751446794718504,0.8633469343185425,0.12217529118061066,0.0015914586838334799
G17,670,8384.0419921875,0.32932931184768677,-3026.336181640625,-3026.336181640625,2945.5732421875,2956.758056640625,3010.0390625,3021.0,3021.0,67.35209655761719,-80.75502014160156,0.9665756225585938,0.9361339211463928,0.986640989780426,0.3058898448944092,0.3058898448944092,-0.002749063540250063,0.8636636137962341,0.12177733331918716,0.001687495387159288
G17,671,8396.552734375,0.32832831144332886,-3026.2099609375,-3026.2099609375,2945.856201171875,2957.0390625,3010.0390625,3021.0,3021.0,67.18141174316406,-80.34584045410156,0.9666802883148193,0.9362642168998718,0.9866956472396851,0.3052649199962616,0.3052649199962616,-0.0027549099177122116,0.8639799356460571,0.12138154357671738,0.0017820405773818493
G17,672,8409.0634765625,0.32732731103897095,-3026.083984375,-3026.083984375,2946.138671875,2957.320068359375,3010.0390625,3021.0,3021.0,67.01155090332031,-79.9372329711914,0.9667841792106628,0.9363937973976135,0.9867499470710754,0.30464017391204834,0.30464017391204834,-0.002752774627879262,0.8642943501472473,0.12098783999681473,0.0018693228485062718
G17,673,8421.5732421875,0.32632631063461304,-3025.957275390625,-3025.957275390625,2946.419677734375,2957.598876953125,3010.0390625,3021.0,3021.0,66.842529296875,-79.5296859741211,0.9668876528739929,0.9365224838256836,0.9868039488792419,0.3040141463279724,0.3040141463279724,-0.0027583646588027477,0.8646082282066345,0.12059629708528519,0.0019470846746116877
G17,674,8434.083984375,0.3253253102302551,-3025.83056640625,-3025.83056640625,2946.699951171875,2957.877685546875,3010.0390625,3021.0,3021.0,66.6743392944336,-79.122802734375,0.9669903516769409,0.9366504549980164,0.9868574142456055,0.30338796973228455,0.30338796973228455,-0.002757175825536251,0.8649204969406128,0.12020678073167801,0.002008190844208002
G17,675,8446.5947265625,0.3243243098258972,-3025.7041015625,-3025.7041015625,2946.979248046875,2958.15478515625,3010.0390625,3021.0,3021.0,66.5069808959961,-78.71687316894531,0.9670925736427307,0.9367777705192566,0.9869106411933899,0.3027607798576355,0.3027607798576355,-0.002762075047940016,0.8652319312095642,0.11981941759586334,0.0020553171634674072
G17,676,8459.10546875,0.3233233094215393,-3025.576904296875,-3025.576904296875,2947.25732421875,2958.431396484375,3010.046875,3021.0,3021.0,66.34042358398438,-78.31169128417969,0.9671941995620728,0.93690425157547,0.9869634509086609,0.30213314294815063,0.30213314294815063,-0.002762078307569027,0.8655425906181335,0.11943404376506805,0.0020836491603404284
G17,677,8471.615234375,0.3223223090171814,-3025.449951171875,-3025.449951171875,2947.53466796875,2958.7060546875,3010.046875,3021.0,3021.0,66.17469024658203,-77.90740966796875,0.967295229434967,0.9370300769805908,0.9870158433914185,0.3015047609806061,0.3015047609806061,-0.0027663083747029305,0.8658524751663208,0.11905080825090408,0.0021007012110203505
G17,678,8484.1259765625,0.3213213086128235,-3025.32275390625,-3025.32275390625,2947.81103515625,2958.981201171875,3010.046875,3021.0,3021.0,66.00975036621094,-77.5039291381836,0.9673957824707031,0.9371551871299744,0.9870679974555969,0.300875723361969,0.300875723361969,-0.0027673100121319294,0.8661611676216125,0.11866950988769531,0.0020998406689614058
G17,679,8496.63671875,0.3203203082084656,-3025.1953125,-3025.1953125,2948.086181640625,2959.253662109375,3010.046875,3021.0,3021.0,65.84562683105469,-77.10128021240234,0.9674956798553467,0.937279462814331,0.9871197938919067,0.3002462387084961,0.3002462387084961,-0.002771493513137102,0.8664683103561401,0.11829036474227905,0.0020817292388528585
G17,680,8509.1474609375,0.31931930780410767,-3025.067626953125,-3025.067626953125,2948.3603515625,2959.52685546875,3010.046875,3021.0,3021.0,65.68228912353516,-76.69953918457031,0.9675950407981873,0.9374030232429504,0.9871711134910583,0.2996157705783844,0.2996157705783844,-0.0027730786241590977,0.8667745590209961,0.11791309714317322,0.002047041431069374
G17,681,8521.6572265625,0.31831830739974976,-3024.93994140625,-3024.93994140625,2948.6337890625,2959.797607421875,3010.046875,3021.0,3021.0,65.51972961425781,-76.29854583740234,0.9676937460899353,0.9375259280204773,0.9872221350669861,0.2989853322505951,0.2989853322505951,-0.0027778579387813807,0.8670790195465088,0.11753799766302109,0.0020040394738316536
G17,682,8534.16796875,0.31731730699539185,-3024.812255859375,-3024.812255859375,2948.906005859375,2960.068359375,3010.046875,3021.0,3021.0,65.35797119140625,-75.89857482910156,0.9677920341491699,0.9376481175422668,0.9872729182243347,0.2983531951904297,0.2983531951904297,-0.0027797252405434847,0.8673830032348633,0.11716469377279282,0.0019639856182038784
G17,683,8546.6787109375,0.31631630659103394,-3024.68408203125,-3024.68408203125,2949.17724609375,2960.337890625,3010.046875,3021.0,3021.0,65.19697570800781,-75.49919128417969,0.9678897857666016,0.9377695918083191,0.9873233437538147,0.297721803188324,0.297721803188324,-0.0027852505445480347,0.8676847815513611,0.11679360270500183,0.0019381532911211252
G17,684,8559.189453125,0.315315306186676,-3024.55615234375,-3024.55615234375,2949.44775390625,2960.60546875,3010.046875,3021.0,3021.0,65.03677368164062,-75.10099792480469,0.9679868817329407,0.9378902912139893,0.9873732924461365,0.29708805680274963,0.29708805680274963,-0.00278741167858243,0.8679865598678589,0.11642422527074814,0.0019477568566799164
G17,685,8571.69921875,0.3143143057823181,-3024.42822265625,-3024.42822265625,2949.71728515625,2960.873779296875,3010.046875,3021.0,3021.0,64.8773193359375,-74.70323181152344,0.9680835604667664,0.9380103945732117,0.9874230623245239,0.2964556813240051,0.2964556813240051,-0.002793317660689354,0.8682857155799866,0.11605706065893173,0.0020090886391699314
G17,686,8584.2099609375,0.3133133053779602,-3024.300048828125,-3024.300048828125,2949.985595703125,2961.139404296875,3010.046875,3021.0,3021.0,64.71863555908203,-74.30680847167969,0.9681795835494995,0.938129723072052,0.987472414970398,0.2958205044269562,0.2958205044269562,-0.0027960168663412333,0.8685851097106934,0.11569156497716904,0.0021457786206156015
G17,687,8596.720703125,0.3123123049736023,-3024.171630859375,-3024.171630859375,2950.25341796875,2961.40576171875,3010.046875,3021.0,3021.0,64.56069946289062,-73.91070556640625,0.9682751893997192,0.9382483959197998,0.9875214695930481,0.2951871156692505,0.2951871156692505,-0.0028017209842801094,0.8688817620277405,0.11532824486494064,0.002359094563871622
G17,688,8609.2314453125,0.3113113045692444,-3024.04345703125,-3024.04345703125,2950.51953125,2961.669677734375,3010.046875,3021.0,3021.0,64.40351867675781,-73.51606750488281,0.968370258808136,0.9383664131164551,0.9875702261924744,0.2945508360862732,0.2945508360862732,-0.002805254887789488,0.8691784739494324,0.11496660113334656,0.0026517657097429037
G17,689,8621.7412109375,0.3103103041648865,-3023.914794921875,-3023.914794921875,2950.78564453125,2961.93310546875,3010.046875,3021.0,3021.0,64.24708557128906,-73.12173461914062,0.9684647917747498,0.9384836554527283,0.9876185655593872,0.2939160466194153,0.2939160466194153,-0.00281022721901536,0.869472861289978,0.11460703611373901,0.003008205909281969
G17,690,8634.251953125,0.30930930376052856,-3023.786376953125,-3023.786376953125,2951.050048828125,2962.1962890625,3010.046875,3021.0,3021.0,64.09139251708984,-72.72877502441406,0.9685587882995605,0.9386003017425537,0.9876667261123657,0.29327934980392456,0.29327934980392456,-0.0028144903481006622,0.8697669506072998,0.11424920707941055,0.003418450243771076
G17,691,8646.7626953125,0.30830830335617065,-3023.65771484375,-3023.65771484375,2951.31396484375,2962.457275390625,3010.046875,3021.0,3021.0,63.936439514160156,-72.33636474609375,0.9686522483825684,0.9387162923812866,0.9877145290374756,0.2926427125930786,0.2926427125930786,-0.002818412147462368,0.8700606822967529,0.1138932928442955,0.00386154861189425
G17,692,8659.2734375,0.30730730295181274,-3023.529052734375,-3023.529052734375,2951.57666015625,2962.71875,3010.046875,3021.0,3021.0,63.78220748901367,-71.94499206542969,0.968745231628418,0.9388315081596375,0.9877619743347168,0.2920057475566864,0.2920057475566864,-0.0028230631723999977,0.8703539371490479,0.1135391816496849,0.004328772891312838
G17,693,8671.7841796875,0.30630630254745483,-3023.400390625,-3023.400390625,2951.83837890625,2962.9775390625,3010.046875,3021.0,3021.0,63.62870407104492,-71.5545654296875,0.9688377380371094,0.9389460682868958,0.9878091812133789,0.29136767983436584,0.29136767983436584,-0.0028259556274861097,0.8706466555595398,0.11318686604499817,0.004799791611731052
G17,694,8684.2939453125,0.3053053021430969,-3023.271728515625,-3023.271728515625,2952.099609375,2963.237060546875,3010.046875,3021.0,3021.0,63.475921630859375,-71.16487121582031,0.9689297080039978,0.9390600323677063,0.9878560900688171,0.29073014855384827,0.29073014855384827,-0.0028307565953582525,0.870938241481781,0.11283638328313828,0.005274882074445486
G17,695,8696.8046875,0.304304301738739,-3023.142822265625,-3023.142822265625,2952.359375,2963.494384765625,3010.046875,3021.0,3021.0,63.3238525390625,-70.77635192871094,0.9690211415290833,0.9391733407974243,0.9879025816917419,0.2900907099246979,0.2900907099246979,-0.002832939615473151,0.8712289333343506,0.11248762905597687,0.0057357605546712875
G17,696,8709.3154296875,0.3033033013343811,-3023.01416015625,-3023.01416015625,2952.618408203125,2963.751953125,3010.046875,3021.0,3021.0,63.17250061035156,-70.38837432861328,0.9691120982170105,0.9392859935760498,0.9879488945007324,0.28945255279541016,0.28945255279541016,-0.0028377328999340534,0.8715183138847351,0.1121407225728035,0.00619085319340229
G17,697,8721.826171875,0.3023023009300232,-3022.88525390625,-3022.88525390625,2952.87646484375,2964.00732421875,3010.046875,3021.0,3021.0,63.0218505859375,-70.00173950195312,0.9692025780677795,0.9393979907035828,0.9879948496818542,0.28881171345710754,0.28881171345710754,-0.002839614637196064,0.8718065619468689,0.11179549247026443,0.006610134616494179
G17,698,8734.3359375,0.3013013005256653,-3022.75634765625,-3022.75634765625,2953.1337890625,2964.262939453125,3010.046875,3021.0,3021.0,62.87189865112305,-69.615478515625,0.9692925810813904,0.939508855342865,0.9880405068397522,0.28817299008369446,0.28817299008369446,-0.0028442025650292635,0.8720953464508057,0.11145211011171341,0.007010229863226414
G17,699,8746.8466796875,0.3003003001213074,-3022.62744140625,-3022.62744140625,2953.3896484375,2964.5166015625,3010.046875,3021.0,3021.0,62.72264862060547,-69.23074340820312,0.9693820476531982,0.9396152496337891,0.9880858659744263,0.2875310480594635,0.2875310480594635,-0.002846008399501443,0.8723844885826111,0.1111103817820549,0.007348483894020319
G17,700,8759.357421875,0.29929929971694946,-3022.49853515625,-3022.49853515625,2953.645263671875,2964.770263671875,3010.046875,3021.0,3021.0,62.5740852355957,-68.84627532958984,0.9694710969924927,0.9397209286689758,0.988131046295166,0.2868911921977997,0.2868911921977997,-0.002850207034498453,0.8726723790168762,0.11077048629522324,0.007660172879695892
G17,701,8771.8681640625,0.29829829931259155,-3022.36962890625,-3022.36962890625,2953.899169921875,2965.02197265625,3010.046875,3021.0,3021.0,62.42621612548828,-68.46333312988281,0.9695596694946289,0.9398261308670044,0.9881758689880371,0.2862488031387329,0.2862488031387329,-0.0028519907500594854,0.8729590177536011,0.1104322224855423,0.00790849607437849
G17,702,8784.3779296875,0.29729729890823364,-3022.24072265625,-3022.24072265625,2954.15283203125,2965.27392578125,3010.0703125,3021.0,3021.0,62.279022216796875,-68.08079528808594,0.9696478247642517,0.9399306774139404,0.9882204532623291,0.2856072187423706,0.2856072187423706,-0.002855829428881407,0.8732450008392334,0.11009573191404343,0.008136961609125137
G17,703,8796.888671875,0.29629629850387573,-3022.11181640625,-3022.11181640625,2954.4052734375,2965.52392578125,3010.0703125,3021.0,3021.0,62.13250732421875,-67.6994857788086,0.9697353839874268,0.9400346875190735,0.9882646799087524,0.2849648594856262,0.2849648594856262,-0.0028574373573064804,0.8735301494598389,0.10976088792085648,0.008310486562550068
G17,704,8809.3994140625,0.2952952980995178,-3021.98291015625,-3021.98291015625,2954.65673828125,2965.77392578125,3010.0703125,3021.0,3021.0,61.986671447753906,-67.31903076171875,0.9698225259780884,0.9401381015777588,0.9883086681365967,0.28432124853134155,0.28432124853134155,-0.002860971027985215,0.8738147020339966,0.10942772775888443,0.008456169627606869
G17,705,8821.91015625,0.2942942976951599,-3021.85400390625,-3021.85400390625,2954.90771484375,2966.0224609375,3010.0703125,3021.0,3021.0,61.84149932861328,-66.93930053710938,0.9699092507362366,0.9402409791946411,0.988352358341217,0.28367871046066284,0.28367871046066284,-0.002862404566258192,0.8740975856781006,0.10909625887870789,0.008553414605557919
G17,706,8834.419921875,0.293293297290802,-3021.724853515625,-3021.724853515625,2955.156982421875,2966.27001953125,3010.0703125,3021.0,3021.0,61.69699478149414,-66.56085205078125,0.9699954986572266,0.9403432011604309,0.9883958101272583,0.2830338180065155,0.2830338180065155,-0.0028654742054641247,0.8743798136711121,0.10876637697219849,0.008610556833446026
G17,707,8846.9306640625,0.2922922968864441,-3021.595947265625,-3021.595947265625,2955.40625,2966.51708984375,3010.0703125,3021.0,3021.0,61.55315017700195,-66.18289184570312,0.9700811505317688,0.9404449462890625,0.9884389042854309,0.2823902368545532,0.2823902368545532,-0.0028671317268162966,0.8746605515480042,0.10843820869922638,0.008625156246125698
G17,708,8859.44140625,0.2912912964820862,-3021.467041015625,-3021.467041015625,2955.65380859375,2966.7626953125,3010.0703125,3021.0,3021.0,61.40996170043945,-65.80625915527344,0.9701666235923767,0.9405460357666016,0.988481879234314,0.28174465894699097,0.28174465894699097,-0.002869395771995187,0.8749401569366455,0.10811158269643784,0.008611566387116909
G17,709,8871.9521484375,0.29029029607772827,-3021.337890625,-3021.337890625,2955.90087890625,2967.00830078125,3010.0703125,3021.0,3021.0,61.267425537109375,-65.4301986694336,0.9702514410018921,0.9406466484069824,0.9885244965553284,0.2810995280742645,0.2810995280742645,-0.0028718821704387665,0.8752185702323914,0.10778666287660599,0.00855534803122282
G17,710,8884.462890625,0.28928929567337036,-3021.208984375,-3021.208984375,2956.14697265625,2967.251953125,3010.0703125,3021.0,3021.0,61.12553405761719,-65.05526733398438,0.9703359007835388,0.9407466650009155,0.9885668754577637,0.28045332431793213,0.28045332431793213,-0.00287303957156837,0.8754956722259521,0.1074632927775383,0.008488145656883717
G17,711,8896.97265625,0.28828829526901245,-3021.080078125,-3021.080078125,2956.392333984375,2967.49609375,3010.0703125,3021.0,3021.0,60.984291076660156,-64.6811294555664,0.9704198837280273,0.9408460855484009,0.9886089563369751,0.27980661392211914,0.27980661392211914,-0.002876685233786702,0.8757712841033936,0.10714156925678253,0.008387968875467777
G17,712,8909.4833984375,0.28728729486465454,-3020.951171875,-3020.951171875,2956.63671875,2967.7373046875,3010.0703125,3021.0,3021.0,60.843685150146484,-64.30791473388672,0.9705033898353577,0.940945029258728,0.9886507987976074,0.2791593372821808,0.2791593372821808,-0.0028765928000211716,0.876045823097229,0.10682140290737152,0.008272823877632618
G17,713,8921.994140625,0.28628629446029663,-3020.822509765625,-3020.822509765625,2956.880126953125,2967.980224609375,3010.0703125,3021.0,3021.0,60.703712463378906,-63.93559646606445,0.9705865383148193,0.9410433173179626,0.9886924028396606,0.2785113751888275,0.2785113751888275,-0.0028812261298298836,0.8763186931610107,0.10650283098220825,0.008138539269566536
G17,714,8934.5048828125,0.2852852940559387,-3020.693603515625,-3020.693603515625,2957.122802734375,2968.219482421875,3010.0703125,3021.0,3021.0,60.56437301635742,-63.56416320800781,0.9706692099571228,0.9411411881446838,0.9887337684631348,0.27786287665367126,0.27786287665367126,-0.002880080370232463,0.8765904903411865,0.10618579387664795,0.0079870680347085
G17,715,8947.0146484375,0.2842842936515808,-3020.56494140625,-3020.56494140625,2957.364501953125,2968.4609375,3010.0703125,3021.0,3021.0,60.4256591796875,-63.19364547729492,0.9707514643669128,0.9412383437156677,0.9887748956680298,0.2772136330604553,0.2772136330604553,-0.0028850899543613195,0.8768607378005981,0.10587029904127121,0.00781457219272852
G17,716,8959.525390625,0.2832832932472229,-3020.43603515625,-3020.43603515625,2957.60546875,2968.697998046875,3010.0703125,3021.0,3021.0,60.28757095336914,-62.82398986816406,0.9708332419395447,0.9413350820541382,0.9888156652450562,0.27656370401382446,0.27656370401382446,-0.002883291570469737,0.877130389213562,0.10555633902549744,0.007618898991495371
G17,717,8972.0361328125,0.282282292842865,-3020.30712890625,-3020.30712890625,2957.84521484375,2968.93798828125,3010.0703125,3021.0,3021.0,60.15010070800781,-62.45522689819336,0.9709147214889526,0.9414312243461609,0.9888563752174377,0.2759132385253906,0.2759132385253906,-0.002888251794502139,0.8773998022079468,0.10524383932352066,0.007418377324938774
G17,718,8984.546875,0.2812812924385071,-3020.1787109375,-3020.1787109375,2958.08447265625,2969.17333984375,3010.0703125,3021.0,3021.0,60.013248443603516,-62.08738708496094,0.9709956645965576,0.9415267705917358,0.9888967275619507,0.2752619981765747,0.2752619981765747,-0.0028859679587185383,0.8776680827140808,0.10493287444114685,0.00718428660184145
G17,719,8997.056640625,0.28028029203414917,-3020.0498046875,-3020.0498046875,2958.32275390625,2969.411376953125,3010.0703125,3021.0,3021.0,59.87700271606445,-61.72041320800781,0.9710761904716492,0.9416218996047974,0.9889367818832397,0.2746100425720215,0.2746100425720215,-0.0028908124659210443,0.8779358267784119,0.10462332516908646,0.006945701781660318
G17,720,9009.5673828125,0.27927929162979126,-3019.921142578125,-3019.921142578125,2958.56005859375,2969.64501953125,3010.0703125,3021.0,3021.0,59.74136734008789,-61.35432052612305,0.9711564183235168,0.9417163729667664,0.9889766573905945,0.273957759141922,0.273957759141922,-0.0028880101162940264,0.8782022595405579,0.10431530326604843,0.006688388995826244
G17,721,9022.078125,0.27827829122543335,-3019.79248046875,-3019.79248046875,2958.796630859375,2969.881103515625,3010.0703125,3021.0,3021.0,59.6063346862793,-60.98919677734375,0.9712361693382263,0.9418103694915771,0.9890163540840149,0.27330464124679565,0.27330464124679565,-0.0028928553219884634,0.8784674406051636,0.10400865972042084,0.006402719300240278
G17,722,9034.5888671875,0.27727729082107544,-3019.663818359375,-3019.663818359375,2959.0322265625,2970.11376953125,3010.0703125,3021.0,3021.0,59.471900939941406,-60.624935150146484,0.9713154435157776,0.9419037699699402,0.9890557527542114,0.2726507782936096,0.2726507782936096,-0.002889470662921667,0.878731369972229,0.10370354354381561,0.006104461848735809
G17,723,9047.0986328125,0.27627629041671753,-3019.53515625,-3019.53515625,2959.26708984375,2970.347412109375,3010.0703125,3021.0,3021.0,59.33806610107422,-60.26156234741211,0.9713943004608154,0.9419966340065002,0.9890949130058289,0.2719968855381012,0.2719968855381012,-0.0028945710510015488,0.8789939880371094,0.10339979082345963,0.00578845851123333
G17,724,9059.609375,0.2752752900123596,-3019.40673828125,-3019.40673828125,2959.5009765625,2970.578857421875,3010.0703125,3021.0,3021.0,59.20481872558594,-59.89921569824219,0.9714729189872742,0.9420890808105469,0.9891337752342224,0.2713415324687958,0.2713415324687958,-0.0028906669467687607,0.8792554140090942,0.10309751331806183,0.005455660633742809
G17,725,9072.1201171875,0.2742742896080017,-3019.2783203125,-3019.2783203125,2959.73388671875,2970.810546875,3010.0703125,3021.0,3021.0,59.072166442871094,-59.5376091003418,0.9715510606765747,0.9421808123588562,0.9891724586486816,0.2706863284111023,0.2706863284111023,-0.002896020421758294,0.8795159459114075,0.10279662907123566,0.005120028275996447
G17,726,9084.630859375,0.2732732892036438,-3019.149658203125,-3019.149658203125,2959.966064453125,2971.0400390625,3010.0703125,3021.0,3021.0,58.940093994140625,-59.17707061767578,0.971628725528717,0.9422721266746521,0.9892109632492065,0.27003005146980286,0.27003005146980286,-0.0028917090967297554,0.8797786235809326,0.1024971455335617,0.0047819544561207294
G17,727,9097.140625,0.2722722887992859,-3019.021240234375,-3019.021240234375,2960.197265625,2971.271484375,3010.0703125,3021.0,3021.0,58.8086051940918,-58.817359924316406,0.9717060923576355,0.9423628449440002,0.9892492294311523,0.26937341690063477,0.26937341690063477,-0.0028971736319363117,0.8800408840179443,0.10219905525445938,0.00444510392844677
G17,728,9109.6513671875,0.271271288394928,-3018.892578125,-3018.892578125,2960.427734375,2971.496826171875,3010.0703125,3021.0,3021.0,58.677696228027344,-58.458621978759766,0.9717829823493958,0.9424532055854797,0.989287257194519,0.2687162458896637,0.2687162458896637,-0.0028926299419254065,0.8803017735481262,0.10190235078334808,0.004112507216632366
G17,729,9122.162109375,0.27027028799057007,-3018.764404296875,-3018.764404296875,2960.656982421875,2971.72900390625,3010.0703125,3021.0,3021.0,58.54735565185547,-58.10081481933594,0.9718595743179321,0.9425428509712219,0.9893250465393066,0.2680584788322449,0.2680584788322449,-0.0028981429059058428,0.8805615901947021,0.10160700231790543,0.0037839659489691257
G17,730,9134.6728515625,0.26926928758621216,-3018.6357421875,-3018.6357421875,2960.8857421875,2971.950439453125,3010.0703125,3021.0,3021.0,58.4175910949707,-57.743934631347656,0.9719356894493103,0.9426320791244507,0.9893626570701599,0.2674000859260559,0.2674000859260559,-0.002893963363021612,0.8808202743530273,0.1013130396604538,0.0034545923117548227
G17,731,9147.18359375,0.26826828718185425,-3018.5078125,-3018.5078125,2961.11328125,2972.182861328125,3010.0703125,3021.0,3021.0,58.28839111328125,-57.38797378540039,0.9720115661621094,0.9427207112312317,0.9894000887870789,0.26674148440361023,0.26674148440361023,-0.0028995820321142673,0.8810780048370361,0.1010204553604126,0.003131772857159376
G17,732,9159.693359375,0.26726728677749634,-3018.379638671875,-3018.379638671875,2961.34033203125,2972.40185546875,3010.0703125,3021.0,3021.0,58.159759521484375,-57.03302001953125,0.9720869064331055,0.9428088665008545,0.9894372224807739,0.2660815715789795,0.2660815715789795,-0.002896243240684271,0.8813349008560181,0.10072920471429825,0.0028148225974291563
G17,733,9172.2041015625,0.2662662863731384,-3018.251708984375,-3018.251708984375,2961.56640625,2972.632080078125,3010.0703125,3021.0,3021.0,58.03168487548828,-56.67884063720703,0.9721619486808777,0.9428964853286743,0.9894742369651794,0.2654220759868622,0.2654220759868622,-0.0029019522480666637,0.8815907835960388,0.10043934732675552,0.002509035635739565
G17,734,9184.71484375,0.2652652859687805,-3018.123779296875,-3018.123779296875,2961.79150390625,2972.85107421875,3010.0703125,3021.0,3021.0,57.90416717529297,-56.32581329345703,0.9722366333007812,0.9429836273193359,0.9895108342170715,0.2647607624530792,0.2647607624530792,-0.0028994120657444,0.8818457126617432,0.10015078634023666,0.0022220523096621037
G17,735,9197.2255859375,0.2642642855644226,-3017.995849609375,-3017.995849609375,2962.01611328125,2973.07763671875,3010.0703125,3021.0,3021.0,57.77720260620117,-55.97344970703125,0.9723107814788818,0.9430702328681946,0.9895473718643188,0.2640998661518097,0.2640998661518097,-0.0029051711317151785,0.8820995092391968,0.09986360371112823,0.0019582801032811403
G17,736,9209.7353515625,0.2632632851600647,-3017.8681640625,-3017.8681640625,2962.239501953125,2973.296630859375,3010.0703125,3021.0,3021.0,57.650787353515625,-55.62224578857422,0.9723847508430481,0.943156361579895,0.9895836710929871,0.2634373903274536,0.2634373903274536,-0.0029031841550022364,0.8823521733283997,0.09957772493362427,0.001724014524370432
G17,737,9222.24609375,0.2622622847557068,-3017.740234375,-3017.740234375,2962.46240234375,2973.52001953125,3010.0703125,3021.0,3021.0,57.52492141723633,-55.27174758911133,0.9724583029747009,0.9432418346405029,0.989619791507721,0.26277467608451843,0.26277467608451843,-0.002908853115513921,0.8826037645339966,0.09929320216178894,0.0015209936536848545
G17,738,9234.7568359375,0.2612612843513489,-3017.61279296875,-3017.61279296875,2962.68408203125,2973.73876953125,3010.0703125,3021.0,3021.0,57.399593353271484,-54.922279357910156,0.9725314378738403,0.9433268904685974,0.9896557331085205,0.26211103796958923,0.26211103796958923,-0.002907254034653306,0.882854163646698,0.09900996088981628,0.0013500488130375743
G17,739,9247.267578125,0.26026028394699097,-3017.4853515625,-3017.4853515625,2962.9052734375,2973.959228515625,3010.0703125,3021.0,3021.0,57.274810791015625,-54.57367706298828,0.9726042151451111,0.9434114694595337,0.9896913170814514,0.26144665479660034,0.26144665479660034,-0.0029125988949090242,0.8831033110618591,0.09872806072235107,0.0012137159937992692
G17,740,9259.77734375,0.25925928354263306,-3017.35791015625,-3017.35791015625,2963.1259765625,2974.177734375,3010.0703125,3021.0,3021.0,57.15056610107422,-54.225975036621094,0.972676694393158,0.943495512008667,0.9897268414497375,0.2607819139957428,0.2607819139957428,-0.0029111888725310564,0.8833512663841248,0.09844744950532913,0.0011142644798383117
G17,741,9272.2880859375,0.25825828313827515,-3017.230712890625,-3017.230712890625,2963.34521484375,2974.39501953125,3010.0703125,3021.0,3021.0,57.026851654052734,-53.879276275634766,0.9727487564086914,0.9435791373252869,0.9897621273994446,0.2601161599159241,0.2601161599159241,-0.0029163199942559004,0.8835981488227844,0.09816811233758926,0.0010526636615395546
G17,742,9284.798828125,0.25725728273391724,-3017.103515625,-3017.103515625,2963.56396484375,2974.613525390625,3010.0703125,3021.0,3021.0,56.90367126464844,-53.533424377441406,0.9728205800056458,0.9436621069908142,0.9897972345352173,0.2594500184059143,0.2594500184059143,-0.0029148608446121216,0.8838438987731934,0.09789008647203445,0.0010255150264129043
G17,743,9297.3095703125,0.2562562823295593,-3016.9765625,-3016.9765625,2963.781982421875,2974.828125,3010.0703125,3021.0,3021.0,56.78101348876953,-53.188568115234375,0.9728919267654419,0.9437445998191833,0.9898321628570557,0.2587833106517792,0.2587833106517792,-0.002919993596151471,0.8840886354446411,0.09761328995227814,0.0010285826865583658
G17,744,9309.8193359375,0.2552552819252014,-3016.849853515625,-3016.849853515625,2963.9990234375,2975.04541015625,3010.0703125,3021.0,3021.0,56.65888214111328,-52.844642639160156,0.9729629158973694,0.9438266754150391,0.9898668527603149,0.2581157386302948,0.2581157386302948,-0.0029184799641370773,0.8843322396278381,0.09733782708644867,0.001053422223776579
G17,745,9322.330078125,0.2542542815208435,-3016.72314453125,-3016.72314453125,2964.21533203125,2975.258544921875,3010.0703125,3021.0,3021.0,56.53727340698242,-52.501625061035156,0.973033607006073,0.9439082741737366,0.9899013042449951,0.2574478089809418,0.2574478089809418,-0.0029237691778689623,0.8845751285552979,0.09706355631351471,0.0010921306675300002
G17,746,9334.8408203125,0.2532532811164856,-3016.5966796875,-3016.5966796875,2964.430908203125,2975.47314453125,3010.0703125,3021.0,3021.0,56.41618347167969,-52.15960693359375,0.973103940486908,0.9439892768859863,0.9899356961250305,0.256779283285141,0.256779283285141,-0.0029221693985164165,0.884816586971283,0.0967906191945076,0.0011370941065251827
G17,747,9347.3515625,0.2522522807121277,-3016.47021484375,-3016.47021484375,2964.6455078125,2975.686279296875,3010.0703125,3021.0,3021.0,56.29560089111328,-51.81852722167969,0.973173975944519,0.9440698027610779,0.989969789981842,0.25610971450805664,0.25610971450805664,-0.002927656751126051,0.8850575685501099,0.09651884436607361,0.0011816640617325902
G17,748,9359.861328125,0.2512512803077698,-3016.34375,-3016.34375,2964.859375,2975.89794921875,3010.0703125,3021.0,3021.0,56.175537109375,-51.47831726074219,0.9732435345649719,0.9441499710083008,0.9900036454200745,0.2554406225681305,0.2554406225681305,-0.002926045563071966,0.8852968215942383,0.09624840319156647,0.0012228655396029353
G17,749,9372.3720703125,0.25025027990341187,-3016.2177734375,-3016.2177734375,2965.072509765625,2976.1103515625,3010.0703125,3021.0,3021.0,56.05597686767578,-51.13926696777344,0.9733129143714905,0.9442294239997864,0.9900374412536621,0.25476911664009094,0.25476911664009094,-0.0029315431602299213,0.8855359554290771,0.09597910940647125,0.0012607311364263296
G17,750,9384.8828125,0.24924927949905396,-3016.091796875,-3016.091796875,2965.284912109375,2976.320068359375,3010.0703125,3021.0,3021.0,55.93692398071289,-50.800819396972656,0.973381757736206,0.9443086385726929,0.9900709986686707,0.25409936904907227,0.25409936904907227,-0.002930079586803913,0.8857735395431519,0.0957111343741417,0.0012945892522111535
G17,751,9397.3935546875,0.24824827909469604,-3015.966064453125,-3015.966064453125,2965.49609375,2976.53076171875,3010.0703125,3021.0,3021.0,55.81837463378906,-50.46379089355469,0.9734504222869873,0.9443871974945068,0.9901043772697449,0.25342613458633423,0.25342613458633423,-0.002935588825494051,0.8860108852386475,0.09544427692890167,0.0013223678106442094
G17,752,9409.904296875,0.24724727869033813,-3015.84033203125,-3015.84033203125,2965.70703125,2976.7392578125,3010.0703125,3021.0,3021.0,55.70032501220703,-50.12713623046875,0.9735187292098999,0.9444653391838074,0.9901375770568848,0.25275543332099915,0.25275543332099915,-0.0029343583155423403,0.8862468600273132,0.09517873078584671,0.001341361552476883
G17,753,9422.4140625,0.24624627828598022,-3015.71484375,-3015.71484375,2965.916748046875,2976.94775390625,3010.0703125,3021.0,3021.0,55.58277130126953,-49.79206848144531,0.9735867381095886,0.9445429444313049,0.9901705384254456,0.2520807683467865,0.2520807683467865,-0.0029398894403129816,0.8864826560020447,0.09491429477930069,0.0013527971459552646
G17,754,9434.9248046875,0.24524527788162231,-3015.58935546875,-3015.58935546875,2966.126220703125,2977.1552734375,3010.0703125,3021.0,3021.0,55.46570587158203,-49.457298278808594,0.9736544489860535,0.9446200728416443,0.9902033805847168,0.2514088451862335,0.2514088451862335,-0.0029388796538114548,0.8867172002792358,0.09465115517377853,0.0013562362873926759
G17,755,9447.435546875,0.2442442774772644,-3015.464111328125,-3015.464111328125,2966.334228515625,2977.36181640625,3010.0703125,3021.0,3021.0,55.34913635253906,-49.12413787841797,0.9737217426300049,0.9446967840194702,0.9902359843254089,0.25073304772377014,0.25073304772377014,-0.0029443323146551847,0.8869512677192688,0.09438909590244293,0.0013546728296205401
G17,756,9459.9462890625,0.2432432770729065,-3015.33935546875,-3015.33935546875,2966.5419921875,2977.56787109375,3010.0703125,3021.0,3021.0,55.233055114746094,-48.79130554199219,0.9737887382507324,0.9447730779647827,0.9902684688568115,0.25005972385406494,0.25005972385406494,-0.002943360712379217,0.8871842622756958,0.0941283106803894,0.0013467003591358662
G17,757,9472.4560546875,0.24224227666854858,-3015.21435546875,-3015.21435546875,2966.74853515625,2977.773193359375,3010.0703125,3021.0,3021.0,55.117454528808594,-48.46003341674805,0.9738554358482361,0.9448488354682922,0.9903007745742798,0.24938300251960754,0.24938300251960754,-0.0029486229177564383,0.887416660785675,0.09386862069368362,0.001334751839749515
G17,758,9484.966796875,0.24124127626419067,-3015.08984375,-3015.08984375,2966.954833984375,2977.97705078125,3010.0703125,3021.0,3021.0,55.00233459472656,-48.12917709350586,0.9739217758178711,0.9449241161346436,0.9903329014778137,0.248708114027977,0.248708114027977,-0.0029477104544639587,0.8876480460166931,0.09361017495393753,0.0013180619571357965
G17,759,9497.4775390625,0.24024027585983276,-3014.96533203125,-3014.96533203125,2967.15966796875,2978.181396484375,3010.0703125,3021.0,3021.0,54.8876953125,-47.799766540527344,0.973987877368927,0.9449989199638367,0.9903648495674133,0.2480306625366211,0.2480306625366211,-0.0029525887221097946,0.8878788352012634,0.09335280954837799,0.0012995232827961445
G17,760,9509.98828125,0.23923927545547485,-3014.84130859375,-3014.84130859375,2967.3642578125,2978.38330078125,3010.0703125,3021.0,3021.0,54.773536682128906,-47.47093963623047,0.9740535616874695,0.9450732469558716,0.9903964996337891,0.2473541796207428,0.2473541796207428,-0.002951915143057704,0.8881086707115173,0.09309665858745575,0.0012788469903171062
G17,761,9522.498046875,0.23823827505111694,-3014.716796875,-3014.716796875,2967.56787109375,2978.5859375,3010.0703125,3021.0,3021.0,54.659847259521484,-47.14338684082031,0.9741189479827881,0.9451471567153931,0.9904282093048096,0.24667605757713318,0.24667605757713318,-0.0029561948031187057,0.8883378505706787,0.09284160286188126,0.0012580782640725374
G17,762,9535.0087890625,0.23723727464675903,-3014.593017578125,-3014.593017578125,2967.770751953125,2978.787109375,3010.0703125,3021.0,3021.0,54.546630859375,-46.81660461425781,0.9741840362548828,0.9452205300331116,0.9904595613479614,0.24599795043468475,0.24599795043468475,-0.0029558364767581224,0.8885660171508789,0.09258772432804108,0.0012365317670628428
G17,763,9547.51953125,0.23623627424240112,-3014.46923828125,-3014.46923828125,2967.97265625,2978.98681640625,3010.0703125,3021.0,3021.0,54.43387985229492,-46.49091339111328,0.9742487668991089,0.9452934861183167,0.9904909133911133,0.2453191727399826,0.2453191727399826,-0.002959340810775757,0.8887936472892761,0.09233494848012924,0.0012141827028244734
G17,764,9560.0302734375,0.2352352738380432,-3014.345703125,-3014.345703125,2968.174072265625,2979.187744140625,3010.0703125,3021.0,3021.0,54.32159423828125,-46.16617965698242,0.9743132591247559,0.9453659057617188,0.9905219078063965,0.24463947117328644,0.24463947117328644,-0.002959371544420719,0.8890202045440674,0.09208332002162933,0.001190357143059373
G17,765,9572.5400390625,0.2342342734336853,-3014.222412109375,-3014.222412109375,2968.37451171875,2979.385009765625,3010.0703125,3021.0,3021.0,54.20977783203125,-45.84236145019531,0.9743773937225342,0.945438027381897,0.9905529022216797,0.24395976960659027,0.24395976960659027,-0.0029621459543704987,0.8892460465431213,0.09183277934789658,0.0011646460043266416
G17,766,9585.05078125,0.2332332730293274,-3014.09912109375,-3014.09912109375,2968.573974609375,2979.5849609375,3010.0703125,3021.0,3021.0,54.098411560058594,-45.519630432128906,0.9744413495063782,0.9455095529556274,0.9905836582183838,0.24327868223190308,0.24327868223190308,-0.0029625461902469397,0.8894712924957275,0.09158337861299515,0.0011373452143743634
G17,767,9597.5615234375,0.23223227262496948,-3013.976318359375,-3013.976318359375,2968.77294921875,2979.78076171875,3010.0703125,3021.0,3021.0,53.98750686645508,-45.19773483276367,0.974504828453064,0.9455807209014893,0.9906141757965088,0.24259792268276215,0.24259792268276215,-0.002964851213619113,0.889695405960083,0.09133506566286087,0.0011094063520431519
G17,768,9610.072265625,0.2312312126159668,-3013.853759765625,-3013.853759765625,2968.97119140625,2979.978515625,3010.0703125,3021.0,3021.0,53.877052307128906,-44.87697219848633,0.974568247795105,0.9456514120101929,0.9906446933746338,0.24191537499427795,0.24191537499427795,-0.0029655243270099163,0.8899188041687012,0.09108786284923553,0.001082545961253345
G17,769,9622.5830078125,0.2302302122116089,-3013.73095703125,-3013.73095703125,2969.16845703125,2980.17333984375,3010.0703125,3021.0,3021.0,53.767051696777344,-44.556983947753906,0.9746311902999878,0.9457216858863831,0.9906749129295349,0.24123355746269226,0.24123355746269226,-0.0029675413388758898,0.8901412487030029,0.09084173291921616,0.001058222260326147
G17,770,9635.0927734375,0.22922921180725098,-3013.60888671875,-3013.60888671875,2969.364990234375,2980.36865234375,3010.0703125,3021.0,3021.0,53.65750503540039,-44.238224029541016,0.9746938347816467,0.9457915425300598,0.9907050728797913,0.24054990708827972,0.24054990708827972,-0.0029683869797736406,0.8903627395629883,0.09059669822454453,0.0010382691398262978
G17,771,9647.603515625,0.22822821140289307,-3013.48681640625,-3013.48681640625,2969.56103515625,2980.56298828125,3010.0703125,3021.0,3021.0,53.54840087890625,-43.92021942138672,0.9747562408447266,0.9458608627319336,0.9907350540161133,0.23986652493476868,0.23986652493476868,-0.002970207016915083,0.890583336353302,0.09035272896289825,0.0010219139512628317
G17,772,9660.1142578125,0.22722721099853516,-3013.364990234375,-3013.364990234375,2969.755859375,2980.75634765625,3010.0703125,3021.0,3021.0,53.43974304199219,-43.603363037109375,0.9748183488845825,0.9459297060966492,0.990764856338501,0.23918208479881287,0.23918208479881287,-0.002971290610730648,0.8908027410507202,0.09010984003543854,0.0010079884668812156
G17,773,9672.625,0.22622621059417725,-3013.2431640625,-3013.2431640625,2969.950439453125,2980.949462890625,3010.0703125,3021.0,3021.0,53.33152770996094,-43.28740692138672,0.9748800992965698,0.9459981918334961,0.9907944798469543,0.2384970486164093,0.2384970486164093,-0.002972893649712205,0.8910214304924011,0.08986801654100418,0.0009938401635736227
G17,774,9685.134765625,0.22522521018981934,-3013.121826171875,-3013.121826171875,2970.14404296875,2981.140869140625,3010.0703125,3021.0,3021.0,53.22374725341797,-42.972442626953125,0.9749416708946228,0.9460662603378296,0.9908239841461182,0.23781177401542664,0.23781177401542664,-0.002974381437525153,0.8912388682365417,0.08962724357843399,0.0009810402989387512
G17,775,9697.6455078125,0.22422420978546143,-3013.00048828125,-3013.00048828125,2970.336669921875,2981.33251953125,3010.0703125,3021.0,3021.0,53.11640930175781,-42.65852355957031,0.9750028848648071,0.9461339116096497,0.9908533692359924,0.23712526261806488,0.23712526261806488,-0.002975724870339036,0.8914554119110107,0.08938752114772797,0.0009715986088849604
G17,776,9710.15625,0.22322320938110352,-3012.879638671875,-3012.879638671875,2970.52880859375,2981.522705078125,3010.0703125,3021.0,3021.0,53.009498596191406,-42.345489501953125,0.9750637412071228,0.9462011456489563,0.9908825159072876,0.23643875122070312,0.23643875122070312,-0.0029776112642139196,0.8916711211204529,0.08914884179830551,0.0009668658021837473
G17,777,9722.6669921875,0.2222222089767456,-3012.759033203125,-3012.759033203125,2970.72021484375,2981.71240234375,3010.0703125,3021.0,3021.0,52.90302658081055,-42.03355407714844,0.9751244783401489,0.9462679028511047,0.9909115433692932,0.23575110733509064,0.23575110733509064,-0.0029787069652229548,0.8918855786323547,0.08891121298074722,0.0009657153277657926
G17,778,9735.1767578125,0.2212212085723877,-3012.63818359375,-3012.63818359375,2970.91064453125,2981.901611328125,3010.0703125,3021.0,3021.0,52.79697799682617,-41.72251892089844,0.9751848578453064,0.946334183216095,0.9909404516220093,0.23506321012973785,0.23506321012973785,-0.002980862744152546,0.8920994400978088,0.08867459744215012,0.000966012419667095
G17,779,9747.6875,0.22022020816802979,-3012.51806640625,-3012.51806640625,2971.100341796875,2982.08935546875,3010.0703125,3021.0,3021.0,52.69135665893555,-41.412532806396484,0.97524493932724,0.9464001655578613,0.9909691214561462,0.23437431454658508,0.23437431454658508,-0.0029818147886544466,0.8923119902610779,0.08843901753425598,0.0009672243613749743
G17,780,9760.1982421875,0.21921920776367188,-3012.398193359375,-3012.398193359375,2971.289306640625,2982.27734375,3010.0703125,3021.0,3021.0,52.586158752441406,-41.103477478027344,0.9753047823905945,0.9464656114578247,0.9909976720809937,0.23368529975414276,0.23368529975414276,-0.0029841207433491945,0.8925237655639648,0.08820446580648422,0.0009687739075161517
G17,781,9772.708984375,0.21821820735931396,-3012.2783203125,-3012.2783203125,2971.4775390625,2982.463134765625,3010.0703125,3021.0,3021.0,52.481388092041016,-40.79551315307617,0.9753643870353699,0.9465307593345642,0.9910261034965515,0.23299483954906464,0.23299483954906464,-0.00298506673425436,0.8927346467971802,0.08797090500593185,0.0009702176903374493
G17,782,9785.21875,0.21721720695495605,-3012.15869140625,-3012.15869140625,2971.6650390625,2982.649658203125,3010.0703125,3021.0,3021.0,52.37703323364258,-40.4883918762207,0.9754236340522766,0.9465953707695007,0.9910544753074646,0.2323049157857895,0.2323049157857895,-0.0029875063337385654,0.8929443955421448,0.08773837983608246,0.0009709326550364494
G17,783,9797.7294921875,0.21621620655059814,-3012.03955078125,-3012.03955078125,2971.8515625,2982.83447265625,3010.0703125,3021.0,3021.0,52.273094177246094,-40.18246841430664,0.9754826426506042,0.9466595649719238,0.9910825490951538,0.2316131591796875,0.2316131591796875,-0.002988420892506838,0.8931533694267273,0.08750680834054947,0.000972455891314894
G17,784,9810.240234375,0.21521520614624023,-3011.92041015625,-3011.92041015625,2972.037841796875,2983.0185546875,3010.0703125,3021.0,3021.0,52.16957473754883,-39.87733840942383,0.975541353225708,0.946723461151123,0.9911106824874878,0.23092176020145416,0.23092176020145416,-0.002991063753142953,0.8933613300323486,0.08727627247571945,0.0009759803069755435
G17,785,9822.7509765625,0.21421420574188232,-3011.8017578125,-3011.8017578125,2972.22314453125,2983.203125,3010.0703125,3021.0,3021.0,52.066463470458984,-39.57337951660156,0.9755998253822327,0.9467868208885193,0.9911383986473083,0.23022931814193726,0.23022931814193726,-0.00299180974252522,0.8935684561729431,0.08704669773578644,0.0009806877933442593
G17,786,9835.2607421875,0.21321320533752441,-3011.68310546875,-3011.68310546875,2972.407470703125,2983.384521484375,3010.0703125,3021.0,3021.0,51.96376419067383,-39.27034378051758,0.9756579995155334,0.9468498826026917,0.9911661744117737,0.2295360267162323,0.2295360267162323,-0.0029947245493531227,0.8937745690345764,0.08681812137365341,0.000984898186288774
G17,787,9847.771484375,0.2122122049331665,-3011.56494140625,-3011.56494140625,2972.59130859375,2983.568603515625,3010.0703125,3021.0,3021.0,51.861473083496094,-38.96828079223633,0.9757159352302551,0.9469125270843506,0.9911938309669495,0.22884297370910645,0.22884297370910645,-0.002995247719809413,0.8939799070358276,0.08659051358699799,0.000987054780125618
G17,788,9860.2822265625,0.2112112045288086,-3011.44677734375,-3011.44677734375,2972.774169921875,2983.74755859375,3010.0703125,3021.0,3021.0,51.75958251953125,-38.667362213134766,0.9757735729217529,0.9469747543334961,0.9912211894989014,0.2281481921672821,0.2281481921672821,-0.002998366951942444,0.8941842317581177,0.08636386692523956,0.000988518469966948
G17,789,9872.79296875,0.21021020412445068,-3011.328857421875,-3011.328857421875,2972.95654296875,2983.9306640625,3010.0703125,3021.0,3021.0,51.658103942871094,-38.36726379394531,0.975831151008606,0.9470365047454834,0.9912484884262085,0.22745381295681,0.22745381295681,-0.002998808864504099,0.8943877220153809,0.08613819628953934,0.0009887986816465855
G17,790,9885.3037109375,0.20920920372009277,-3011.21142578125,-3011.21142578125,2973.137939453125,2984.1083984375,3010.0703125,3021.0,3021.0,51.5570182800293,-38.06834411621094,0.975888192653656,0.947097897529602,0.9912756681442261,0.22675830125808716,0.22675830125808716,-0.0030018978286534548,0.8945902585983276,0.08591346442699432,0.0009900706354528666
G17,791,9897.8134765625,0.20820820331573486,-3011.09423828125,-3011.09423828125,2973.318603515625,2984.288818359375,3010.0703125,3021.0,3021.0,51.456336975097656,-37.77035140991211,0.9759451150894165,0.947158932685852,0.9913027286529541,0.22606204450130463,0.22606204450130463,-0.0030024568550288677,0.8947920799255371,0.08568970859050751,0.000992916407994926
G17,792,9910.32421875,0.20720720291137695,-3010.97705078125,-3010.97705078125,2973.49853515625,2984.466796875,3010.0703125,3021.0,3021.0,51.356048583984375,-37.47334671020508,0.9760017395019531,0.9472194910049438,0.991329550743103,0.22536593675613403,0.22536593675613403,-0.003005310194566846,0.8949928283691406,0.0854668915271759,0.0009974680142477155
G17,793,9922.8349609375,0.20620620250701904,-3010.8603515625,-3010.8603515625,2973.677734375,2984.64404296875,3010.0703125,3021.0,3021.0,51.25615692138672,-37.17748260498047,0.9760581851005554,0.947279691696167,0.991356372833252,0.22466816008090973,0.22466816008090973,-0.0030060680583119392,0.8951928019523621,0.08524500578641891,0.00100240099709481
G17,794,9935.345703125,0.20520520210266113,-3010.744140625,-3010.744140625,2973.8564453125,2984.82177734375,3010.0703125,3021.0,3021.0,51.156654357910156,-36.8824577331543,0.9761141538619995,0.9473395943641663,0.9913830161094666,0.22397075593471527,0.22397075593471527,-0.0030086629558354616,0.8953918218612671,0.08502407371997833,0.0010047830874100327
G17,795,9947.85546875,0.20420420169830322,-3010.6279296875,-3010.6279296875,2974.0341796875,2984.996826171875,3010.0703125,3021.0,3021.0,51.05754852294922,-36.58861541748047,0.9761701822280884,0.9473990201950073,0.9914094805717468,0.22327212989330292,0.22327212989330292,-0.0030095551628619432,0.89559006690979,0.08480406552553177,0.0010056239552795887
G17,796,9960.3662109375,0.2032032012939453,-3010.511962890625,-3010.511962890625,2974.21142578125,2985.17333984375,3010.0703125,3021.0,3021.0,50.958824157714844,-36.29568862915039,0.976225733757019,0.9474580883979797,0.9914358258247375,0.22257308661937714,0.22257308661937714,-0.0030119996517896652,0.8957873582839966,0.08458498865365982,0.0010068929987028241
G17,797,9972.876953125,0.2022022008895874,-3010.396484375,-3010.396484375,2974.38720703125,2985.34716796875,3010.0703125,3021.0,3021.0,50.86048889160156,-36.003814697265625,0.9762811064720154,0.9475167393684387,0.9914621114730835,0.22187352180480957,0.22187352180480957,-0.0030129393562674522,0.8959836363792419,0.08436683565378189,0.0010103709064424038
G17,798,9985.3876953125,0.2012012004852295,-3010.281005859375,-3010.281005859375,2974.56298828125,2985.521240234375,3010.0703125,3021.0,3021.0,50.762535095214844,-35.712974548339844,0.9763362407684326,0.947575032711029,0.9914882183074951,0.2211732417345047,0.2211732417345047,-0.0030153500847518444,0.8961793184280396,0.08414958417415619,0.0010142407845705748
G17,799,9997.8974609375,0.20020020008087158,-3010.166015625,-3010.166015625,2974.73779296875,2985.694580078125,3010.0703125,3021.0,3021.0,50.66496276855469,-35.42314147949219,0.9763911366462708,0.9476329684257507,0.9915140867233276,0.22047221660614014,0.22047221660614014,-0.0030162392649799585,0.8963738679885864,0.0839332565665245,0.0010168289300054312
G17,800,10010.408203125,0.19919919967651367,-3010.051025390625,-3010.051025390625,2974.91162109375,2985.86669921875,3010.0703125,3021.0,3021.0,50.567771911621094,-35.13431167602539,0.976445734500885,0.9476904273033142,0.9915400147438049,0.21977122128009796,0.21977122128009796,-0.0030187617521733046,0.8965676426887512,0.08371783047914505,0.0010186005383729935
G17,801,10022.9189453125,0.19819819927215576,-3009.936767578125,-3009.936767578125,2975.0849609375,2986.03857421875,3010.0703125,3021.0,3021.0,50.4709587097168,-34.84660720825195,0.9765001535415649,0.9477476477622986,0.9915657043457031,0.21906858682632446,0.21906858682632446,-0.0030194681603461504,0.8967606425285339,0.08350329846143723,0.0010221607517451048
G17,802,10035.4296875,0.19719719886779785,-3009.82275390625,-3009.82275390625,2975.2578125,2986.209228515625,3010.0703125,3021.0,3021.0,50.37451934814453,-34.55976867675781,0.9765543341636658,0.9478044509887695,0.9915913343429565,0.21836654841899872,0.21836654841899872,-0.0030222374480217695,0.8969526290893555,0.08328966051340103,0.0010254981461912394
G17,803,10047.939453125,0.19619619846343994,-3009.70849609375,-3009.70849609375,2975.429443359375,2986.379638671875,3010.0703125,3021.0,3021.0,50.2784538269043,-34.27415084838867,0.9766082763671875,0.947860836982727,0.9916167855262756,0.21766303479671478,0.21766303479671478,-0.003022692631930113,0.8971438407897949,0.08307691663503647,0.001027392572723329
G17,804,10060.4501953125,0.19519519805908203,-3009.5947265625,-3009.5947265625,2975.6005859375,2986.549072265625,3010.0703125,3021.0,3021.0,50.182762145996094,-33.98942565917969,0.9766618609428406,0.9479169249534607,0.9916421175003052,0.216959148645401,0.216959148645401,-0.003025739686563611,0.8973342776298523,0.08286504447460175,0.0010260790586471558
G17,805,10072.9609375,0.19419419765472412,-3009.481689453125,-3009.481689453125,2975.77099609375,2986.7177734375,3010.0703125,3021.0,3021.0,50.08743667602539,-33.70576477050781,0.9767152667045593,0.9479725360870361,0.9916673302650452,0.216255322098732,0.216255322098732,-0.0030260025523602962,0.8975237011909485,0.08265406638383865,0.001023893360979855
G17,806,10085.4716796875,0.1931931972503662,-3009.36865234375,-3009.36865234375,2975.9404296875,2986.8857421875,3010.0703125,3021.0,3021.0,49.99247741699219,-33.423248291015625,0.9767684936523438,0.9480279088020325,0.9916924238204956,0.215549498796463,0.215549498796463,-0.003029213985428214,0.8977124094963074,0.08244393765926361,0.0010228455066680908
G17,807,10097.9814453125,0.1921921968460083,-3009.255859375,-3009.255859375,2976.109375,2987.052734375,3010.0703125,3021.0,3021.0,49.89788818359375,-33.14154815673828,0.9768214821815491,0.9480828046798706,0.9917173981666565,0.21484500169754028,0.21484500169754028,-0.003029419807717204,0.8979002237319946,0.0822346955537796,0.0010224400321021676
G17,808,10110.4921875,0.1911911964416504,-3009.1435546875,-3009.1435546875,2976.27734375,2987.219970703125,3010.0703125,3021.0,3021.0,49.80365753173828,-32.86117935180664,0.9768742322921753,0.9481374025344849,0.9917422533035278,0.2141379565000534,0.2141379565000534,-0.003032635897397995,0.8980872631072998,0.08202628791332245,0.0010230055777356029
G17,809,10123.0029296875,0.19019019603729248,-3009.03125,-3009.03125,2976.44482421875,2987.384521484375,3010.0703125,3021.0,3021.0,49.70978927612305,-32.58155059814453,0.9769266843795776,0.9481916427612305,0.9917669892311096,0.2134319245815277,0.2134319245815277,-0.003032892942428589,0.8982734680175781,0.08181875199079514,0.00102227961178869
G17,810,10135.513671875,0.18918919563293457,-3008.91943359375,-3008.91943359375,2976.611572265625,2987.55126953125,3010.0703125,3021.0,3021.0,49.61628341674805,-32.3032112121582,0.9769790172576904,0.9482454657554626,0.9917916059494019,0.2127244770526886,0.2127244770526886,-0.0030360191594809294,0.8984587788581848,0.08161205798387527,0.0010215984657406807
G17,811,10148.0244140625,0.18818819522857666,-3008.80810546875,-3008.80810546875,2976.777587890625,2987.713623046875,3010.0703125,3021.0,3021.0,49.523136138916016,-32.025787353515625,0.9770309925079346,0.9482989311218262,0.9918161034584045,0.21201637387275696,0.21201637387275696,-0.0030363579280674458,0.8986435532569885,0.08140621334314346,0.0010201450204476714
G17,812,10160.5341796875,0.18718719482421875,-3008.69677734375,-3008.69677734375,2976.942626953125,2987.87890625,3010.0703125,3021.0,3021.0,49.43034362792969,-31.749401092529297,0.9770827889442444,0.9483521580696106,0.9918404817581177,0.21130864322185516,0.21130864322185516,-0.0030393535271286964,0.8988268971443176,0.0812012106180191,0.0010192464105784893
G17,813,10173.044921875,0.18618619441986084,-3008.5859375,-3008.5859375,2977.10693359375,2988.04052734375,3010.0703125,3021.0,3021.0,49.33789825439453,-31.47420310974121,0.9771344065666199,0.9484049081802368,0.9918647408485413,0.21059881150722504,0.21059881150722504,-0.0030397968366742134,0.8990101218223572,0.0809970423579216,0.0010181961115449667
G17,814,10185.5556640625,0.18518519401550293,-3008.4755859375,-3008.4755859375,2977.270751953125,2988.20263671875,3010.0703125,3021.0,3021.0,49.245811462402344,-31.199825286865234,0.9771857857704163,0.9484574198722839,0.9918889403343201,0.20989009737968445,0.20989009737968445,-0.003042612923309207,0.8991919755935669,0.08079370111227036,0.0010167371947318316
G17,815,10198.06640625,0.18418419361114502,-3008.365234375,-3008.365234375,2977.43359375,2988.365234375,3010.0703125,3021.0,3021.0,49.154075622558594,-30.9267520904541,0.9772369265556335,0.9485094547271729,0.9919129610061646,0.2091793268918991,0.2091793268918991,-0.0030432092025876045,0.8993732333183289,0.08059119433164597,0.0010151583701372147
G17,816,10210.576171875,0.1831831932067871,-3008.25537109375,-3008.25537109375,2977.59619140625,2988.5234375,3010.0703125,3021.0,3021.0,49.062686920166016,-30.654510498046875,0.9772878289222717,0.9485612511634827,0.9919369220733643,0.20846883952617645,0.20846883952617645,-0.0030458199325948954,0.8995535373687744,0.08038949966430664,0.0010129655711352825
G17,817,10223.0869140625,0.1821821928024292,-3008.14599609375,-3008.14599609375,2977.75732421875,2988.68701171875,3010.0703125,3021.0,3021.0,48.971641540527344,-30.38344955444336,0.9773385524749756,0.948612630367279,0.9919607043266296,0.20775777101516724,0.20775777101516724,-0.003046581754460931,0.8997328877449036,0.08018863201141357,0.001010588021017611
G17,818,10235.59765625,0.1811811923980713,-3008.03662109375,-3008.03662109375,2977.91845703125,2988.841796875,3010.0703125,3021.0,3021.0,48.880943298339844,-30.113441467285156,0.9773890376091003,0.9486637115478516,0.9919844269752502,0.20704518258571625,0.20704518258571625,-0.0030490511562675238,0.8999114632606506,0.07998857647180557,0.0010076892795041203
G17,819,10248.1083984375,0.18018019199371338,-3007.927490234375,-3007.927490234375,2978.078369140625,2989.0048828125,3010.0703125,3021.0,3021.0,48.790592193603516,-29.84435272216797,0.9774392247200012,0.9487144351005554,0.9920079708099365,0.206333726644516,0.206333726644516,-0.0030499242711812258,0.9000891447067261,0.07978932559490204,0.0010042316280305386
G17,820,10260.6181640625,0.17917919158935547,-3007.81884765625,-3007.81884765625,2978.23779296875,2989.158203125,3010.0703125,3021.0,3021.0,48.70057678222656,-29.57657241821289,0.9774892926216125,0.9487647414207458,0.992031455039978,0.20561957359313965,0.20561957359313965,-0.003052369924262166,0.9002661108970642,0.07959087938070297,0.0010017380118370056
G17,821,10273.12890625,0.17817819118499756,-3007.71044921875,-3007.71044921875,2978.396484375,2989.318603515625,3010.0703125,3021.0,3021.0,48.61090087890625,-29.309537887573242,0.9775391221046448,0.9488147497177124,0.99205482006073,0.20490694046020508,0.20490694046020508,-0.0030532812234014273,0.9004421234130859,0.07939324527978897,0.0009996592998504639
G17,822,10285.6396484375,0.17717719078063965,-3007.6025390625,-3007.6025390625,2978.55419921875,2989.47265625,3010.0703125,3021.0,3021.0,48.52156448364258,-29.043869018554688,0.9775887131690979,0.9488644599914551,0.9920780062675476,0.20419210195541382,0.20419210195541382,-0.003055762266740203,0.9006173014640808,0.07919639348983765,0.0009990241378545761
G17,823,10298.150390625,0.17617619037628174,-3007.4951171875,-3007.4951171875,2978.71142578125,2989.62939453125,3010.0703125,3021.0,3021.0,48.432559967041016,-28.779029846191406,0.9776380658149719,0.9489138126373291,0.9921011328697205,0.20347753167152405,0.20347753167152405,-0.0030566637869924307,0.9007917642593384,0.07900033891201019,0.0009983053896576166
G17,824,10310.66015625,0.17517518997192383,-3007.3876953125,-3007.3876953125,2978.86767578125,2989.78369140625,3010.0703125,3021.0,3021.0,48.343894958496094,-28.51537322998047,0.9776873588562012,0.9489628672599792,0.9921241402626038,0.20276248455047607,0.20276248455047607,-0.0030591629911214113,0.9009652733802795,0.07880506664514542,0.000998260104097426
G17,825,10323.1708984375,0.17417418956756592,-3007.28076171875,-3007.28076171875,2979.023193359375,2989.93798828125,3010.0703125,3021.0,3021.0,48.255558013916016,-28.25279426574707,0.977736234664917,0.9490116238594055,0.9921471476554871,0.20204591751098633,0.20204591751098633,-0.003060051240026951,0.9011380672454834,0.07861057668924332,0.0009987710509449244
G17,826,10335.681640625,0.173173189163208,-3007.17431640625,-3007.17431640625,2979.178466796875,2990.091064453125,3010.0703125,3021.0,3021.0,48.16755294799805,-27.99114990234375,0.9777849316596985,0.9490599632263184,0.9921699166297913,0.20133045315742493,0.20133045315742493,-0.0030625127255916595,0.9013099670410156,0.0784168615937233,0.000998587580397725
G17,827,10348.1923828125,0.1721721887588501,-3007.06787109375,-3007.06787109375,2979.33251953125,2990.243896484375,3010.0703125,3021.0,3021.0,48.07987594604492,-27.730804443359375,0.9778335094451904,0.9491079449653625,0.9921926856040955,0.2006123661994934,0.2006123661994934,-0.0030633658170700073,0.9014812111854553,0.07822391390800476,0.0009970017708837986
G17,828,10360.703125,0.1711711883544922,-3006.9619140625,-3006.9619140625,2979.486083984375,2990.3955078125,3010.0703125,3021.0,3021.0,47.99252700805664,-27.47124481201172,0.977881908416748,0.9491556286811829,0.9922152161598206,0.1998959332704544,0.1998959332704544,-0.003065765369683504,0.9016514420509338,0.0780317410826683,0.000992313725873828
G17,829,10373.212890625,0.17017018795013428,-3006.8564453125,-3006.8564453125,2979.638671875,2990.547119140625,3010.0703125,3021.0,3021.0,47.90550231933594,-27.213064193725586,0.9779300689697266,0.9492030143737793,0.9922377467155457,0.19917675852775574,0.19917675852775574,-0.003066553734242916,0.9018212556838989,0.07784032076597214,0.0009873064700514078
G17,830,10385.7236328125,0.16916918754577637,-3006.751220703125,-3006.751220703125,2979.790771484375,2990.697265625,3010.0703125,3021.0,3021.0,47.81880569458008,-26.955657958984375,0.9779780507087708,0.9492500424385071,0.9922601580619812,0.19845914840698242,0.19845914840698242,-0.0030689185950905085,0.9019899368286133,0.07764968276023865,0.0009834596421569586
G17,831,10398.234375,0.16816818714141846,-3006.64599609375,-3006.64599609375,2979.94189453125,2990.84716796875,3010.0703125,3021.0,3021.0,47.73242950439453,-26.69961166381836,0.9780256152153015,0.949296772480011,0.9922823309898376,0.19773896038532257,0.19773896038532257,-0.00306962663307786,0.9021580815315247,0.07745976746082306,0.0009831832721829414
G17,832,10410.7451171875,0.16716718673706055,-3006.541748046875,-3006.541748046875,2980.0927734375,2990.99609375,3010.0703125,3021.0,3021.0,47.64636993408203,-26.444372177124023,0.978073239326477,0.949343204498291,0.9923046231269836,0.19702018797397614,0.19702018797397614,-0.003071993589401245,0.9023253321647644,0.07727063447237015,0.0009842474246397614
G17,833,10423.2548828125,0.16616618633270264,-3006.4375,-3006.4375,2980.242431640625,2991.14453125,3010.0703125,3021.0,3021.0,47.560630798339844,-26.190471649169922,0.9781205654144287,0.9493892788887024,0.9923266768455505,0.19629894196987152,0.19629894196987152,-0.0030726760160177946,0.9024917483329773,0.07708221673965454,0.0009850232163444161
G17,834,10435.765625,0.16516518592834473,-3006.333740234375,-3006.333740234375,2980.3916015625,2991.2919921875,3010.0703125,3021.0,3021.0,47.47521209716797,-25.937400817871094,0.978167712688446,0.9494350552558899,0.9923486709594727,0.1955789476633072,0.1955789476633072,-0.003075031563639641,0.9026575088500977,0.07689458131790161,0.0009831518400460482
G17,835,10448.2763671875,0.16416418552398682,-3006.22998046875,-3006.22998046875,2980.539794921875,2991.43896484375,3010.0703125,3021.0,3021.0,47.390106201171875,-25.685649871826172,0.9782146215438843,0.9494804739952087,0.9923704862594604,0.19485679268836975,0.19485679268836975,-0.003075813641771674,0.9028223752975464,0.07670764625072479,0.0009814288932830095
G17,836,10460.787109375,0.1631631851196289,-3006.126953125,-3006.126953125,2980.6875,2991.584716796875,3010.0703125,3021.0,3021.0,47.305320739746094,-25.434764862060547,0.978261411190033,0.9495255351066589,0.9923923015594482,0.19413547217845917,0.19413547217845917,-0.003078141948208213,0.9029865264892578,0.07652147114276886,0.0009817701065912843
G17,837,10473.296875,0.162162184715271,-3006.0244140625,-3006.0244140625,2980.83447265625,2991.73046875,3010.0703125,3021.0,3021.0,47.22084045410156,-25.18514633178711,0.978307843208313,0.94957035779953,0.9924140572547913,0.19341249763965607,0.19341249763965607,-0.003079109126701951,0.9031498432159424,0.07633601874113083,0.0009863137966021895
G17,838,10485.8076171875,0.16116118431091309,-3005.921630859375,-3005.921630859375,2980.98095703125,2991.87451171875,3010.0703125,3021.0,3021.0,47.13667297363281,-24.93647003173828,0.9783541560173035,0.9496148824691772,0.9924355149269104,0.19268983602523804,0.19268983602523804,-0.0030814262572675943,0.9033125042915344,0.07615131139755249,0.0009908877545967698
G17,839,10498.318359375,0.16016018390655518,-3005.819580078125,-3005.819580078125,2981.1259765625,2992.01904296875,3010.0703125,3021.0,3021.0,47.05281448364258,-24.68899154663086,0.9784003496170044,0.9496590495109558,0.9924570322036743,0.1919659525156021,0.1919659525156021,-0.0030825387220829725,0.9034743905067444,0.07596731930971146,0.0009923919569700956
G17,840,10510.8291015625,0.15915918350219727,-3005.718017578125,-3005.718017578125,2981.27099609375,2992.161865234375,3010.0703125,3021.0,3021.0,46.96926498413086,-24.442514419555664,0.9784462451934814,0.9497029185295105,0.9924783706665039,0.19124215841293335,0.19124215841293335,-0.0030848474707454443,0.9036354422569275,0.07578404247760773,0.0009896791307255626
G17,841,10523.3388671875,0.15815818309783936,-3005.61669921875,-3005.61669921875,2981.4150390625,2992.3046875,3010.0703125,3021.0,3021.0,46.88602066040039,-24.19721031188965,0.978492021560669,0.9497464299201965,0.9924997687339783,0.19051715731620789,0.19051715731620789,-0.003085995791479945,0.9037957787513733,0.0756014883518219,0.0009866090258583426
G17,842,10535.849609375,0.15715718269348145,-3005.515625,-3005.515625,2981.558349609375,2992.4462890625,3010.0703125,3021.0,3021.0,46.80308532714844,-23.952911376953125,0.9785375595092773,0.9497897028923035,0.9925209283828735,0.18979237973690033,0.18979237973690033,-0.003088256111368537,0.9039555191993713,0.07541965693235397,0.0009853314841166139
G17,843,10548.3603515625,0.15615618228912354,-3005.4150390625,-3005.4150390625,2981.70068359375,2992.58740234375,3010.0703125,3021.0,3021.0,46.7204475402832,-23.70980453491211,0.9785829186439514,0.9498326182365417,0.992542028427124,0.18906620144844055,0.18906620144844055,-0.003089363221079111,0.9041143655776978,0.07523851841688156,0.0009863135637715459
G17,844,10560.87109375,0.15515518188476562,-3005.31494140625,-3005.31494140625,2981.8427734375,2992.7275390625,3010.0703125,3021.0,3021.0,46.63811111450195,-23.467681884765625,0.9786280393600464,0.9498751759529114,0.9925630688667297,0.1883404552936554,0.1883404552936554,-0.0030915294773876667,0.9042726159095764,0.07505808025598526,0.000987466424703598
G17,845,10573.380859375,0.15415418148040771,-3005.21484375,-3005.21484375,2981.98388671875,2992.86767578125,3010.0703125,3021.0,3021.0,46.55608367919922,-23.226776123046875,0.9786731004714966,0.9499175548553467,0.9925839900970459,0.18761317431926727,0.18761317431926727,-0.0030925648752599955,0.904430091381073,0.07487834244966507,0.000988975865766406
G17,846,10585.8916015625,0.1531531810760498,-3005.115478515625,-3005.115478515625,2982.1240234375,2993.005859375,3010.0703125,3021.0,3021.0,46.47434616088867,-22.98684310913086,0.9787179231643677,0.9499595165252686,0.9926047325134277,0.18688638508319855,0.18688638508319855,-0.0030946240294724703,0.9045868515968323,0.07469930499792099,0.0009896984556689858
G17,847,10598.40234375,0.1521521806716919,-3005.016357421875,-3005.016357421875,2982.263671875,2993.14501953125,3010.0703125,3021.0,3021.0,46.39291000366211,-22.748138427734375,0.9787625670433044,0.9500012397766113,0.9926254153251648,0.18615801632404327,0.18615801632404327,-0.0030955984257161617,0.9047428965568542,0.07452096045017242,0.0009906116174533963
G17,848,10610.9130859375,0.15115118026733398,-3004.91748046875,-3004.91748046875,2982.40283203125,2993.28125,3010.0703125,3021.0,3021.0,46.311767578125,-22.510404586791992,0.9788069725036621,0.9500426650047302,0.9926460981369019,0.18543019890785217,0.18543019890785217,-0.0030975560657680035,0.9048981070518494,0.07434329390525818,0.0009909210493788123
G17,849,10623.423828125,0.15015017986297607,-3004.8193359375,-3004.8193359375,2982.541015625,2993.41943359375,3010.0703125,3021.0,3021.0,46.230918884277344,-22.273902893066406,0.9788511991500854,0.9500837922096252,0.9926666617393494,0.18470072746276855,0.18470072746276855,-0.0030985272023826838,0.9050527811050415,0.07416632026433945,0.0009916949784383178
G17,850,10635.93359375,0.14914917945861816,-3004.72119140625,-3004.72119140625,2982.6787109375,2993.5537109375,3010.0703125,3021.0,3021.0,46.150367736816406,-22.03837013244629,0.9788952469825745,0.9501245617866516,0.9926871061325073,0.1839718371629715,0.1839718371629715,-0.0031003844924271107,0.9052065014839172,0.07399000972509384,0.0009919804288074374
G17,851,10648.4443359375,0.14814817905426025,-3004.623779296875,-3004.623779296875,2982.8154296875,2993.69091796875,3010.0703125,3021.0,3021.0,46.070106506347656,-21.804075241088867,0.9789391756057739,0.9501650333404541,0.9927074313163757,0.18324139714241028,0.18324139714241028,-0.0031014317646622658,0.90535968542099,0.07381438463926315,0.0009927370119839907
G17,852,10660.955078125,0.14714717864990234,-3004.526611328125,-3004.526611328125,2982.951416015625,2993.82373046875,3010.0703125,3021.0,3021.0,45.99013137817383,-21.57076644897461,0.9789828062057495,0.9502052664756775,0.9927277565002441,0.18251122534275055,0.18251122534275055,-0.0031031977850943804,0.9055120944976807,0.07363943755626678,0.0009940069867298007
G17,853,10673.4658203125,0.14614617824554443,-3004.4296875,-3004.4296875,2983.086669921875,2993.959228515625,3010.0703125,3021.0,3021.0,45.91044998168945,-21.33865737915039,0.9790263772010803,0.950245201587677,0.9927478432655334,0.18178007006645203,0.18178007006645203,-0.00310437916778028,0.9056637287139893,0.07346516102552414,0.0009967334335669875
G17,854,10685.9755859375,0.14514517784118652,-3004.33349609375,-3004.33349609375,2983.221435546875,2994.091064453125,3010.0703125,3021.0,3021.0,45.8310546875,-21.10759925842285,0.9790696501731873,0.9502848386764526,0.9927679300308228,0.18104849755764008,0.18104849755764008,-0.0031061123590916395,0.9058145880699158,0.07329154759645462,0.0010014210129156709
G17,855,10698.486328125,0.1441441774368286,-3004.2373046875,-3004.2373046875,2983.35546875,2994.224853515625,3010.0703125,3021.0,3021.0,45.75194549560547,-20.87767219543457,0.9791128039360046,0.9503241181373596,0.9927878975868225,0.1803165078163147,0.1803165078163147,-0.003107411088421941,0.9059647917747498,0.07311860471963882,0.001007226062938571
G17,856,10710.9970703125,0.1431431770324707,-3004.1416015625,-3004.1416015625,2983.48828125,2994.355224609375,3010.0703125,3021.0,3021.0,45.673118591308594,-20.648860931396484,0.9791558384895325,0.9503630995750427,0.9928078651428223,0.1795838475227356,0.1795838475227356,-0.0031091871205717325,0.9061143398284912,0.07294631004333496,0.001012973254546523
G17,857,10723.5078125,0.1421421766281128,-3004.04638671875,-3004.04638671875,2983.620849609375,2994.487548828125,3010.0703125,3021.0,3021.0,45.59457778930664,-20.42115020751953,0.9791986346244812,0.9504018425941467,0.9928277134895325,0.17885072529315948,0.17885072529315948,-0.0031105498783290386,0.9062632322311401,0.07277468591928482,0.001015470246784389
G17,858,10736.017578125,0.14114117622375488,-3003.951171875,-3003.951171875,2983.75244140625,2994.61669921875,3010.0703125,3021.0,3021.0,45.51631546020508,-20.194561004638672,0.9792413115501404,0.9504402875900269,0.9928473830223083,0.17811715602874756,0.17811715602874756,-0.003112373873591423,0.906411349773407,0.07260370999574661,0.0010140405502170324
G17,859,10748.5283203125,0.14014017581939697,-3003.85693359375,-3003.85693359375,2983.883544921875,2994.747314453125,3010.0703125,3021.0,3021.0,45.43833541870117,-19.96909523010254,0.9792837500572205,0.9504784345626831,0.992867112159729,0.17738287150859833,0.17738287150859833,-0.0031137617770582438,0.9065588116645813,0.07243338227272034,0.0010096098994836211
G17,860,10761.0390625,0.13913917541503906,-3003.7626953125,-3003.7626953125,2984.013671875,2994.87548828125,3010.0703125,3021.0,3021.0,45.360633850097656,-19.74472427368164,0.9793260097503662,0.9505163431167603,0.9928866028785706,0.1766483634710312,0.1766483634710312,-0.003115581814199686,0.9067056179046631,0.072263702750206,0.0010055721504613757
G17,861,10773.5498046875,0.13813817501068115,-3003.6689453125,-3003.6689453125,2984.1435546875,2995.00390625,3010.0703125,3021.0,3021.0,45.28321075439453,-19.521507263183594,0.9793680906295776,0.9505539536476135,0.9929060935974121,0.1759129911661148,0.1759129911661148,-0.003116912441328168,0.9068517684936523,0.07209466397762299,0.001005082274787128
G17,862,10786.0595703125,0.13713717460632324,-3003.57568359375,-3003.57568359375,2984.27197265625,2995.131591796875,3010.0703125,3021.0,3021.0,45.2060661315918,-19.299367904663086,0.9794100522994995,0.9505912065505981,0.9929255247116089,0.1751774698495865,0.1751774698495865,-0.003118700347840786,0.9069972038269043,0.07192627340555191,0.0010074656456708908
G17,863,10798.5703125,0.13613617420196533,-3003.48291015625,-3003.48291015625,2984.400390625,2995.257568359375,3010.0703125,3021.0,3021.0,45.12919235229492,-19.078392028808594,0.9794518351554871,0.9506281614303589,0.9929447770118713,0.17444109916687012,0.17444109916687012,-0.003119842382147908,0.907142162322998,0.07175851613283157,0.001010884647257626
G17,864,10811.0810546875,0.13513517379760742,-3003.390380859375,-3003.390380859375,2984.52783203125,2995.384765625,3010.0703125,3021.0,3021.0,45.05259704589844,-18.858505249023438,0.9794933795928955,0.9506648778915405,0.9929639101028442,0.17370449006557465,0.17370449006557465,-0.003121613757684827,0.9072863459587097,0.07159139215946198,0.0010128590511158109
G17,865,10823.591796875,0.1341341733932495,-3003.29833984375,-3003.29833984375,2984.654296875,2995.508544921875,3010.0703125,3021.0,3021.0,44.97627258300781,-18.639766693115234,0.9795348644256592,0.9507012963294983,0.9929831027984619,0.17296725511550903,0.17296725511550903,-0.0031225066632032394,0.9074299335479736,0.07142489403486252,0.0010152518516406417
G17,866,10836.1015625,0.1331331729888916,-3003.20654296875,-3003.20654296875,2984.7802734375,2995.634765625,3010.0703125,3021.0,3021.0,44.90022277832031,-18.422143936157227,0.9795761108398438,0.950737476348877,0.9930021166801453,0.17222939431667328,0.17222939431667328,-0.00312426732853055,0.9075729250907898,0.0712590217590332,0.001018822193145752
G17,867,10848.6123046875,0.1321321725845337,-3003.115234375,-3003.115234375,2984.905517578125,2995.75732421875,3010.0703125,3021.0,3021.0,44.824440002441406,-18.20563507080078,0.9796171188354492,0.950773298740387,0.9930211901664734,0.17149142920970917,0.17149142920970917,-0.003124995157122612,0.9077152609825134,0.07109378278255463,0.0010219936957582831
G17,868,10861.123046875,0.13113117218017578,-3003.0244140625,-3003.0244140625,2985.030029296875,2995.881103515625,3010.0703125,3021.0,3021.0,44.748924255371094,-17.990297317504883,0.9796580076217651,0.9508088231086731,0.9930399656295776,0.1707523763179779,0.1707523763179779,-0.0031267590820789337,0.9078568816184998,0.0709291473031044,0.0010224308352917433
G17,869,10873.6337890625,0.13013017177581787,-3002.93408203125,-3002.93408203125,2985.15380859375,2996.00390625,3010.0703125,3021.0,3021.0,44.673675537109375,-17.776029586791992,0.9796987771987915,0.9508441686630249,0.9930588006973267,0.1700133979320526,0.1700133979320526,-0.0031275181099772453,0.907998263835907,0.07076514512300491,0.001020821393467486
G17,870,10886.14453125,0.12912917137145996,-3002.84375,-3002.84375,2985.27685546875,2996.12451171875,3010.0703125,3021.0,3021.0,44.59869384765625,-17.56295394897461,0.9797394871711731,0.9508792161941528,0.9930776357650757,0.16927361488342285,0.16927361488342285,-0.003129353979602456,0.9081388115882874,0.07060173898935318,0.0010208111489191651
G17,871,10898.654296875,0.12812811136245728,-3002.754150390625,-3002.754150390625,2985.399169921875,2996.2470703125,3010.0703125,3021.0,3021.0,44.52397918701172,-17.350967407226562,0.9797798991203308,0.9509139060974121,0.9930961728096008,0.1685330718755722,0.1685330718755722,-0.0031302713323384523,0.9082789421081543,0.07043895870447159,0.0010225516743957996
G17,872,10911.1650390625,0.12712711095809937,-3002.6650390625,-3002.6650390625,2985.52099609375,2996.36572265625,3010.0703125,3021.0,3021.0,44.449527740478516,-17.140098571777344,0.9798200726509094,0.9509484171867371,0.9931147694587708,0.16779309511184692,0.16779309511184692,-0.003132218262180686,0.9084184169769287,0.07027678191661835,0.0010231926571577787
G17,873,10923.67578125,0.12612611055374146,-3002.576171875,-3002.576171875,2985.6416015625,2996.48681640625,3010.0703125,3021.0,3021.0,44.37533950805664,-16.93047332763672,0.9798601865768433,0.9509825706481934,0.9931332468986511,0.16705092787742615,0.16705092787742615,-0.003133278340101242,0.9085574746131897,0.07011520862579346,0.0010225828737020493
G17,874,10936.1865234375,0.12512511014938354,-3002.48779296875,-3002.48779296875,2985.76171875,2996.60498046875,3010.0703125,3021.0,3021.0,44.301414489746094,-16.721813201904297,0.9799001812934875,0.9510164260864258,0.9931516647338867,0.16631034016609192,0.16631034016609192,-0.0031353372614830732,0.9086958169937134,0.06995423883199692,0.0010215591173619032
G17,875,10948.6962890625,0.12412410974502563,-3002.399658203125,-3002.399658203125,2985.88134765625,2996.722900390625,3010.0703125,3021.0,3021.0,44.227745056152344,-16.51449966430664,0.9799399971961975,0.9510501027107239,0.9931700229644775,0.1655670553445816,0.1655670553445816,-0.003136472310870886,0.9088337421417236,0.06979385763406754,0.001023378106765449
G17,876,10961.20703125,0.12312310934066772,-3002.31201171875,-3002.31201171875,2986.0,2996.84130859375,3010.0703125,3021.0,3021.0,44.154335021972656,-16.308103561401367,0.9799795150756836,0.9510834217071533,0.9931882619857788,0.16482529044151306,0.16482529044151306,-0.00313858175650239,0.9089710712432861,0.0696340873837471,0.0010239452822133899
G17,877,10973.7177734375,0.12212210893630981,-3002.22509765625,-3002.22509765625,2986.1181640625,2996.956787109375,3010.0703125,3021.0,3021.0,44.0811882019043,-16.103050231933594,0.9800190329551697,0.9511165022850037,0.9932063817977905,0.1640813648700714,0.1640813648700714,-0.0031397331040352583,0.9091078042984009,0.06947489082813263,0.0010233157081529498
G17,878,10986.228515625,0.1211211085319519,-3002.13818359375,-3002.13818359375,2986.2353515625,2997.074462890625,3010.0703125,3021.0,3021.0,44.00829315185547,-15.89897346496582,0.9800582528114319,0.9511492848396301,0.9932244420051575,0.1633382886648178,0.1633382886648178,-0.0031418069265782833,0.9092438817024231,0.0693163052201271,0.0010211777407675982
G17,879,10998.73828125,0.120120108127594,-3002.052001953125,-3002.052001953125,2986.3515625,2997.188232421875,3010.0703125,3021.0,3021.0,43.93565368652344,-15.696170806884766,0.9800974726676941,0.9511817693710327,0.9932424426078796,0.1625935286283493,0.1625935286283493,-0.0031429578084498644,0.9093796610832214,0.06915828585624695,0.0010214676149189472
G17,880,11011.2490234375,0.11911910772323608,-3001.966064453125,-3001.966064453125,2986.4677734375,2997.30419921875,3010.0703125,3021.0,3021.0,43.86327362060547,-15.494396209716797,0.9801363945007324,0.9512140154838562,0.9932604432106018,0.16184943914413452,0.16184943914413452,-0.003144939662888646,0.9095146656036377,0.06900086253881454,0.0010228132596239448
G17,881,11023.759765625,0.11811810731887817,-3001.88037109375,-3001.88037109375,2986.582763671875,2997.417236328125,3010.0703125,3021.0,3021.0,43.791141510009766,-15.2938814163208,0.9801753163337708,0.9512460231781006,0.9932783246040344,0.16110359132289886,0.16110359132289886,-0.0031460931058973074,0.9096493124961853,0.0688440203666687,0.0010241834679618478
G17,882,11036.2705078125,0.11711710691452026,-3001.79541015625,-3001.79541015625,2986.697265625,2997.531005859375,3010.0703125,3021.0,3021.0,43.719261169433594,-15.094388961791992,0.9802138805389404,0.9512777924537659,0.9932960867881775,0.16035862267017365,0.16035862267017365,-0.003147935261949897,0.9097833037376404,0.06868775188922882,0.0010230017360299826
G17,883,11048.7802734375,0.11611610651016235,-3001.7109375,-3001.7109375,2986.810791015625,2997.64306640625,3010.0703125,3021.0,3021.0,43.64763641357422,-14.896175384521484,0.9802525043487549,0.9513091444969177,0.9933138489723206,0.1596117615699768,0.1596117615699768,-0.003149093361571431,0.9099169969558716,0.0685320571064949,0.0010197660885751247
G17,884,11061.291015625,0.11511510610580444,-3001.626708984375,-3001.626708984375,2986.923828125,2997.755126953125,3010.0703125,3021.0,3021.0,43.576255798339844,-14.698980331420898,0.9802908301353455,0.9513403177261353,0.9933314919471741,0.15886566042900085,0.15886566042900085,-0.003150797449052334,0.9100500345230103,0.06837693601846695,0.0010157703654840589
G17,885,11073.8017578125,0.11411410570144653,-3001.54296875,-3001.54296875,2987.0361328125,2997.865966796875,3010.0703125,3021.0,3021.0,43.505126953125,-14.5030517578125,0.9803290367126465,0.9513713121414185,0.993349015712738,0.1581181138753891,0.1581181138753891,-0.003151962999254465,0.910182774066925,0.06822238862514496,0.0010147379944100976
G17,886,11086.3125,0.11311310529708862,-3001.45947265625,-3001.45947265625,2987.1474609375,2997.9765625,3010.0703125,3021.0,3021.0,43.43424606323242,-14.308183670043945,0.9803670048713684,0.9514018297195435,0.993366539478302,0.15737074613571167,0.15737074613571167,-0.0031536100432276726,0.9103149771690369,0.06806839257478714,0.001017324160784483
G17,887,11098.8232421875,0.11211210489273071,-3001.376708984375,-3001.376708984375,2987.25830078125,2998.0859375,3010.0703125,3021.0,3021.0,43.363609313964844,-14.114532470703125,0.9804050326347351,0.9514322876930237,0.9933839440345764,0.15662240982055664,0.15662240982055664,-0.0031547665130347013,0.9104467630386353,0.06791497766971588,0.001020138501189649
G17,888,11111.3330078125,0.1111111044883728,-3001.29443359375,-3001.29443359375,2987.36865234375,2998.1953125,3010.0703125,3021.0,3021.0,43.29322052001953,-13.921991348266602,0.9804427027702332,0.9514623880386353,0.9934012293815613,0.15587396919727325,0.15587396919727325,-0.00315646780654788,0.910578191280365,0.0677621066570282,0.0010194677161052823
G17,889,11123.84375,0.11011010408401489,-3001.21240234375,-3001.21240234375,2987.477783203125,2998.30322265625,3010.0703125,3021.0,3021.0,43.22307586669922,-13.73063850402832,0.9804803729057312,0.951492190361023,0.9934185743331909,0.155124694108963,0.155124694108963,-0.0031576002947986126,0.9107092022895813,0.06760981678962708,0.0010160035453736782
G17,890,11136.3544921875,0.10910910367965698,-3001.130859375,-3001.130859375,2987.58642578125,2998.4111328125,3010.0703125,3021.0,3021.0,43.15317153930664,-13.540412902832031,0.9805178046226501,0.9515217542648315,0.9934357404708862,0.15437531471252441,0.15437531471252441,-0.003159417537972331,0.9108397960662842,0.06745806336402893,0.0010131911840289831
G17,891,11148.865234375,0.10810810327529907,-3001.0498046875,-3001.0498046875,2987.6943359375,2998.517333984375,3010.0703125,3021.0,3021.0,43.08351135253906,-13.351377487182617,0.9805551171302795,0.9515509605407715,0.9934529066085815,0.1536250114440918,0.1536250114440918,-0.003160562366247177,0.9109699726104736,0.06730687618255615,0.0010123742977157235
G17,892,11161.375,0.10710710287094116,-3000.968994140625,-3000.968994140625,2987.8017578125,2998.62451171875,3010.0703125,3021.0,3021.0,43.01409149169922,-13.163464546203613,0.9805923104286194,0.9515800476074219,0.9934699535369873,0.1528746783733368,0.1528746783733368,-0.003162470879033208,0.9110999703407288,0.06715624034404755,0.0010119793005287647
G17,893,11173.8857421875,0.10610610246658325,-3000.888671875,-3000.888671875,2987.907958984375,2998.728759765625,3010.0703125,3021.0,3021.0,42.944915771484375,-12.976749420166016,0.9806293249130249,0.9516088366508484,0.9934868812561035,0.15212346613407135,0.15212346613407135,-0.0031636927742511034,0.9112294316291809,0.06700614839792252,0.001011115382425487
G17,894,11186.396484375,0.10510510206222534,-3000.808837890625,-3000.808837890625,2988.013671875,2998.83447265625,3010.0703125,3021.0,3021.0,42.875972747802734,-12.79116153717041,0.9806661605834961,0.951637327671051,0.9935038685798645,0.15137198567390442,0.15137198567390442,-0.003165616886690259,0.9113587737083435,0.06685659289360046,0.0010104383109137416
G17,895,11198.9072265625,0.10410410165786743,-3000.7294921875,-3000.7294921875,2988.118896484375,2998.937744140625,3010.0703125,3021.0,3021.0,42.807273864746094,-12.606756210327148,0.9807028770446777,0.9516656398773193,0.9935206770896912,0.15062007308006287,0.15062007308006287,-0.003166947979480028,0.9114875793457031,0.06670758873224258,0.0010114783653989434
G17,896,11211.4169921875,0.10310310125350952,-3000.650390625,-3000.650390625,2988.22314453125,2999.041259765625,3010.0703125,3021.0,3021.0,42.738807678222656,-12.423517227172852,0.980739414691925,0.951693594455719,0.9935373663902283,0.14986726641654968,0.14986726641654968,-0.0031688229646533728,0.9116162061691284,0.06655912101268768,0.001013927860185504
G17,897,11223.927734375,0.10210210084915161,-3000.572021484375,-3000.572021484375,2988.32666015625,2999.14404296875,3010.0703125,3021.0,3021.0,42.67057800292969,-12.241411209106445,0.9807758927345276,0.9517212510108948,0.9935541152954102,0.14911474287509918,0.14911474287509918,-0.003170256270095706,0.9117444157600403,0.06641119718551636,0.0010163385886698961
G17,898,11236.4384765625,0.1011011004447937,-3000.493896484375,-3000.493896484375,2988.4296875,2999.2451171875,3010.0703125,3021.0,3021.0,42.60258483886719,-12.06053352355957,0.9808121919631958,0.951748788356781,0.9935708045959473,0.14836063981056213,0.14836063981056213,-0.00317204836755991,0.9118725657463074,0.06626380980014801,0.0010172936599701643
G17,899,11248.94921875,0.10010010004043579,-3000.41650390625,-3000.41650390625,2988.53173828125,2999.347412109375,3010.0703125,3021.0,3021.0,42.534820556640625,-11.880732536315918,0.9808483719825745,0.9517759680747986,0.9935873746871948,0.14760734140872955,0.14760734140872955,-0.003173571079969406,0.9120002388954163,0.06611694395542145,0.0010167991276830435
G17,900,11261.458984375,0.09909909963607788,-3000.33935546875,-3000.33935546875,2988.63330078125,2999.44677734375,3010.0703125,3021.0,3021.0,42.4672966003418,-11.702203750610352,0.9808843731880188,0.9518028497695923,0.9936038851737976,0.14685222506523132,0.14685222506523132,-0.0031752686481922865,0.9121277332305908,0.06597062200307846,0.0010165589628741145
G17,901,11273.9697265625,0.09809809923171997,-3000.262451171875,-3000.262451171875,2988.73388671875,2999.547607421875,3010.0703125,3021.0,3021.0,42.400001525878906,-11.524738311767578,0.9809202551841736,0.9518295526504517,0.9936202168464661,0.146097794175148,0.146097794175148,-0.003176858415827155,0.912255048751831,0.06582481414079666,0.0010161916725337505
G17,902,11286.48046875,0.09709709882736206,-3000.186279296875,-3000.186279296875,2988.833984375,2999.645751953125,3010.0703125,3021.0,3021.0,42.33293533325195,-11.34853744506836,0.980955958366394,0.9518560171127319,0.9936366081237793,0.14534199237823486,0.14534199237823486,-0.0031784914899617434,0.912382185459137,0.06567954272031784,0.0010156771168112755
G17,903,11298.9912109375,0.09609609842300415,-3000.1103515625,-3000.1103515625,2988.933349609375,2999.744873046875,3010.0703125,3021.0,3021.0,42.2661018371582,-11.173439025878906,0.9809914827346802,0.9518821239471436,0.9936529397964478,0.14458611607551575,0.14458611607551575,-0.0031801164150238037,0.9125090837478638,0.06553478538990021,0.001015369431115687
G17,904,11311.5009765625,0.09509509801864624,-3000.03515625,-3000.03515625,2989.031982421875,2999.841796875,3010.0703125,3021.0,3021.0,42.199493408203125,-10.999544143676758,0.9810268878936768,0.9519080519676208,0.9936692118644714,0.14382991194725037,0.14382991194725037,-0.003181744832545519,0.9126359224319458,0.06539055705070496,0.0010168508160859346
G17,905,11324.01171875,0.09409409761428833,-2999.960205078125,-2999.960205078125,2989.1298828125,2999.939453125,3010.0703125,3021.0,3021.0,42.13311767578125,-10.826837539672852,0.9810622334480286,0.9519336819648743,0.9936853051185608,0.14307239651679993,0.14307239651679993,-0.0031833595130592585,0.9127625823020935,0.0652468353509903,0.0010204771533608437
G17,906,11336.5224609375,0.09309309720993042,-2999.8857421875,-2999.8857421875,2989.226806640625,3000.03466796875,3010.0703125,3021.0,3021.0,42.06697082519531,-10.655242919921875,0.981097400188446,0.9519590735435486,0.9937014579772949,0.1423157900571823,0.1423157900571823,-0.003185052191838622,0.9128890633583069,0.06510365009307861,0.0010223612189292908
G17,907,11349.033203125,0.09209209680557251,-2999.811767578125,-2999.811767578125,2989.3232421875,3000.13134765625,3010.0703125,3021.0,3021.0,42.001041412353516,-10.484928131103516,0.9811323881149292,0.9519842267036438,0.9937174320220947,0.14155681431293488,0.14155681431293488,-0.0031866393983364105,0.9130156636238098,0.06496095657348633,0.0010221796110272408
G17,908,11361.5439453125,0.0910910964012146,-2999.73828125,-2999.73828125,2989.4189453125,3000.22509765625,3010.0703125,3021.0,3021.0,41.935340881347656,-10.315652847290039,0.9811672568321228,0.9520090818405151,0.9937334656715393,0.14079946279525757,0.14079946279525757,-0.003188422881066799,0.9131420850753784,0.06481879204511642,0.001018510782159865
G17,909,11374.0537109375,0.09009009599685669,-2999.665283203125,-2999.665283203125,2989.513916015625,3000.3203125,3010.0703125,3021.0,3021.0,41.86986541748047,-10.147710800170898,0.9812020659446716,0.9520336985588074,0.9937493801116943,0.14003945887088776,0.14003945887088776,-0.0031900047324597836,0.9132685661315918,0.06467713415622711,0.0010171710746362805
G17,910,11386.564453125,0.08908909559249878,-2999.5927734375,-2999.5927734375,2989.6083984375,3000.412841796875,3010.0703125,3021.0,3021.0,41.80461120605469,-9.980791091918945,0.9812366366386414,0.9520580172538757,0.993765115737915,0.13928085565567017,0.13928085565567017,-0.0031918687745928764,0.9133949875831604,0.0645359680056572,0.0010174245107918978
G17,911,11399.0751953125,0.08808809518814087,-2999.5205078125,-2999.5205078125,2989.70166015625,3000.505859375,3010.0703125,3021.0,3021.0,41.73958206176758,-9.815189361572266,0.9812710881233215,0.952082097530365,0.9937809109687805,0.13852031528949738,0.13852031528949738,-0.0031934985890984535,0.9135214686393738,0.06439532339572906,0.0010208169696852565
G17,912,11411.5859375,0.08708709478378296,-2999.44873046875,-2999.44873046875,2989.794677734375,3000.59765625,3010.0703125,3021.0,3021.0,41.674774169921875,-9.650665283203125,0.9813055396080017,0.9521059989929199,0.9937965869903564,0.13776002824306488,0.13776002824306488,-0.0031953954603523016,0.9136480689048767,0.06425517797470093,0.0010228544706478715
G17,913,11424.095703125,0.08608609437942505,-2999.377685546875,-2999.377685546875,2989.88671875,3000.68896484375,3010.0703125,3021.0,3021.0,41.610191345214844,-9.48737907409668,0.981339693069458,0.9521296620368958,0.9938122034072876,0.13699913024902344,0.13699913024902344,-0.0031971207354217768,0.9137747883796692,0.06411553174257278,0.0010237263049930334
G17,914,11436.6064453125,0.08508509397506714,-2999.30712890625,-2999.30712890625,2989.97802734375,3000.77978515625,3010.0703125,3021.0,3021.0,41.54581832885742,-9.325267791748047,0.9813737273216248,0.9521530270576477,0.9938278794288635,0.136237233877182,0.136237233877182,-0.0031990071292966604,0.9139016270637512,0.06397638469934464,0.0010228375904262066
G17,915,11449.1171875,0.08408409357070923,-2999.23681640625,-2999.23681640625,2990.06884765625,3000.869384765625,3010.0703125,3021.0,3021.0,41.48167037963867,-9.164306640625,0.9814077615737915,0.952176034450531,0.9938433170318604,0.13547568023204803,0.13547568023204803,-0.00320084928534925,0.9140287637710571,0.06383773684501648,0.001021629199385643
G17,916,11461.6279296875,0.08308309316635132,-2999.1669921875,-2999.1669921875,2990.15869140625,3000.958984375,3010.0703125,3021.0,3021.0,41.41773986816406,-9.00459098815918,0.9814414978027344,0.9521989226341248,0.9938588738441467,0.13471250236034393,0.13471250236034393,-0.0032027189154177904,0.9141560196876526,0.06369957327842712,0.0010211024200543761
G17,917,11474.1376953125,0.08208209276199341,-2999.09765625,-2999.09765625,2990.248046875,3001.046875,3010.0703125,3021.0,3021.0,41.354026794433594,-8.845987319946289,0.9814751744270325,0.9522215127944946,0.9938741326332092,0.13394992053508759,0.13394992053508759,-0.003204661188647151,0.9142834544181824,0.06356191635131836,0.0010213210480287671
G17,918,11486.6484375,0.0810810923576355,-2999.02880859375,-2999.02880859375,2990.33642578125,3001.13525390625,3010.0703125,3021.0,3021.0,41.29052734375,-8.68864631652832,0.9815087914466858,0.9522438049316406,0.993889570236206,0.1331857144832611,0.1331857144832611,-0.003206548048183322,0.9144113063812256,0.06342475116252899,0.0010230123298242688
G17,919,11499.1591796875,0.08008009195327759,-2998.96044921875,-2998.96044921875,2990.42431640625,3001.2216796875,3010.0703125,3021.0,3021.0,41.22724533081055,-8.532419204711914,0.98154217004776,0.9522659778594971,0.9939047694206238,0.13242198526859283,0.13242198526859283,-0.003208518261089921,0.9145394563674927,0.06328806281089783,0.0010262783616781235
G17,920,11511.669921875,0.07907909154891968,-2998.892333984375,-2998.892333984375,2990.51123046875,3001.308837890625,3010.0703125,3021.0,3021.0,41.16417694091797,-8.377447128295898,0.9815754294395447,0.9522877931594849,0.9939199686050415,0.1316567063331604,0.1316567063331604,-0.00321049802005291,0.914668083190918,0.06315186619758606,0.0010311034275218844
G17,921,11524.1796875,0.07807809114456177,-2998.824951171875,-2998.824951171875,2990.59765625,3001.3935546875,3010.0703125,3021.0,3021.0,41.10132598876953,-8.223604202270508,0.9816086292266846,0.9523093104362488,0.9939351677894592,0.130891814827919,0.130891814827919,-0.0032124158460646868,0.9147970080375671,0.06301616132259369,0.0010354984551668167
G17,922,11536.6904296875,0.07707709074020386,-2998.7578125,-2998.7578125,2990.68359375,3001.4794921875,3010.0703125,3021.0,3021.0,41.03868103027344,-8.071008682250977,0.9816415905952454,0.9523307085037231,0.9939502477645874,0.13012541830539703,0.13012541830539703,-0.0032145599834620953,0.9149265289306641,0.06288093328475952,0.0010385564528405666
G17,923,11549.201171875,0.07607609033584595,-2998.69140625,-2998.69140625,2990.7685546875,3001.56298828125,3010.0703125,3021.0,3021.0,40.97624969482422,-7.919547080993652,0.9816744923591614,0.9523518085479736,0.993965208530426,0.12935933470726013,0.12935933470726013,-0.003216407261788845,0.9150565266609192,0.06274617463350296,0.00104010128416121
G17,924,11561.7119140625,0.07507508993148804,-2998.62548828125,-2998.62548828125,2990.8525390625,3001.64697265625,3010.0703125,3021.0,3021.0,40.914031982421875,-7.769330978393555,0.9817072749137878,0.9523725509643555,0.9939802885055542,0.12859183549880981,0.12859183549880981,-0.0032187120523303747,0.9151871204376221,0.06261192262172699,0.0010417448356747627
G17,925,11574.2216796875,0.07407408952713013,-2998.56005859375,-2998.56005859375,2990.93603515625,3001.7294921875,3010.0703125,3021.0,3021.0,40.852027893066406,-7.6202592849731445,0.9817399382591248,0.9523932337760925,0.9939951300621033,0.12782445549964905,0.12782445549964905,-0.0032205572351813316,0.9153182506561279,0.06247813254594803,0.0010424151550978422
G17,926,11586.732421875,0.07307308912277222,-2998.49462890625,-2998.49462890625,2991.01904296875,3001.811767578125,3010.0703125,3021.0,3021.0,40.790225982666016,-7.4724225997924805,0.9817724227905273,0.9524135589599609,0.9940099716186523,0.12705586850643158,0.12705586850643158,-0.0032229425851255655,0.9154502749443054,0.06234482303261757,0.0010410102549940348
G17,927,11599.2431640625,0.0720720887184143,-2998.43017578125,-2998.43017578125,2991.10107421875,3001.893310546875,3010.0703125,3021.0,3021.0,40.728633880615234,-7.325745582580566,0.9818048477172852,0.9524335265159607,0.9940248131752014,0.12628711760044098,0.12628711760044098,-0.0032249095384031534,0.9155830144882202,0.062211986631155014,0.0010372947435826063
G17,928,11611.75390625,0.0710710883140564,-2998.3662109375,-2998.3662109375,2991.182373046875,3001.9736328125,3010.0703125,3021.0,3021.0,40.66725158691406,-7.180290222167969,0.9818371534347534,0.9524534344673157,0.9940395355224609,0.12551738321781158,0.12551738321781158,-0.003227285575121641,0.9157165288925171,0.062079623341560364,0.001033857581205666
G17,929,11624.2646484375,0.07007008790969849,-2998.302490234375,-2998.302490234375,2991.26318359375,3002.05419921875,3010.0703125,3021.0,3021.0,40.6060791015625,-7.036011695861816,0.9818693399429321,0.9524730443954468,0.9940541386604309,0.12474717944860458,0.12474717944860458,-0.003229455091059208,0.9158511161804199,0.06194773688912392,0.00103234953712672
G17,930,11636.7744140625,0.06906908750534058,-2998.2392578125,-2998.2392578125,2991.34326171875,3002.1328125,3010.0703125,3021.0,3021.0,40.545108795166016,-6.89293909072876,0.9819012880325317,0.952492356300354,0.9940687417984009,0.12397634238004684,0.12397634238004684,-0.0032317989971488714,0.9159865975379944,0.06181631237268448,0.0010327532654628158
G17,931,11649.28515625,0.06806808710098267,-2998.1767578125,-2998.1767578125,2991.42236328125,3002.21240234375,3010.0703125,3021.0,3021.0,40.48434829711914,-6.751066207885742,0.9819332957267761,0.9525115489959717,0.9940833449363708,0.12320452183485031,0.12320452183485031,-0.0032341706100851297,0.9161231517791748,0.061685360968112946,0.0010341476881876588
G17,932,11661.7958984375,0.06706708669662476,-2998.11474609375,-2998.11474609375,2991.500732421875,3002.28955078125,3010.0703125,3021.0,3021.0,40.423789978027344,-6.61037540435791,0.9819650053977966,0.9525303244590759,0.9940978288650513,0.12243255972862244,0.12243255972862244,-0.0032365296501666307,0.9162608981132507,0.06155487895011902,0.0010362351313233376
G17,933,11674.306640625,0.06606608629226685,-2998.052978515625,-2998.052978515625,2991.57861328125,3002.36767578125,3010.0703125,3021.0,3021.0,40.363433837890625,-6.470912456512451,0.9819965958595276,0.9525489211082458,0.9941121935844421,0.12165908515453339,0.12165908515453339,-0.0032390498090535402,0.9163999557495117,0.0614248663187027,0.0010392320109531283
G17,934,11686.81640625,0.06506508588790894,-2997.99169921875,-2997.99169921875,2991.65576171875,3002.443359375,3010.0703125,3021.0,3021.0,40.30328369140625,-6.332607269287109,0.9820281863212585,0.9525672197341919,0.994126558303833,0.12088579684495926,0.12088579684495926,-0.0032415008172392845,0.9165403246879578,0.06129531189799309,0.001042149611748755
G17,935,11699.3271484375,0.06406408548355103,-2997.93115234375,-2997.93115234375,2991.732177734375,3002.519775390625,3010.0703125,3021.0,3021.0,40.24333572387695,-6.195550918579102,0.9820595979690552,0.9525853991508484,0.9941409230232239,0.12011078745126724,0.12011078745126724,-0.0032441169023513794,0.9166821241378784,0.06116623058915138,0.0010439162142574787
G17,936,11711.837890625,0.06306308507919312,-2997.870849609375,-2997.870849609375,2991.807861328125,3002.5947265625,3010.0703125,3021.0,3021.0,40.183589935302734,-6.05964469909668,0.9820907115936279,0.9526032209396362,0.99415522813797,0.11933587491512299,0.11933587491512299,-0.003246716456487775,0.916825532913208,0.06103760004043579,0.001044773729518056
G17,937,11724.3486328125,0.062062084674835205,-2997.811279296875,-2997.811279296875,2991.8828125,3002.669189453125,3010.0703125,3021.0,3021.0,40.124046325683594,-5.924986839294434,0.9821218848228455,0.9526208639144897,0.9941693544387817,0.11855936050415039,0.11855936050415039,-0.0032494121696799994,0.9169706702232361,0.0609094463288784,0.001045774552039802
G17,938,11736.8583984375,0.061061084270477295,-2997.751953125,-2997.751953125,2991.95703125,3002.7431640625,3010.0703125,3021.0,3021.0,40.064701080322266,-5.79149055480957,0.9821529984474182,0.9526382088661194,0.9941834807395935,0.1177826076745987,0.1177826076745987,-0.003252163529396057,0.9171174168586731,0.06078174337744713,0.0010478261392563581
G17,939,11749.369140625,0.060060083866119385,-2997.693359375,-2997.693359375,2992.03076171875,3002.81591796875,3010.0703125,3021.0,3021.0,40.00555419921875,-5.659226894378662,0.9821839928627014,0.9526553750038147,0.9941976070404053,0.1170046478509903,0.1170046478509903,-0.0032549756579101086,0.9172661900520325,0.06065450608730316,0.0010500570060685277
G17,940,11761.8798828125,0.059059083461761475,-2997.63525390625,-2997.63525390625,2992.103515625,3002.88818359375,3010.0703125,3021.0,3021.0,39.94661331176758,-5.5281500816345215,0.9822148084640503,0.9526722431182861,0.9942116141319275,0.1162257194519043,0.1162257194519043,-0.0032578546088188887,0.9174169898033142,0.060527727007865906,0.001052251784130931
G17,941,11774.390625,0.058058083057403564,-2997.577392578125,-2997.577392578125,2992.17578125,3002.96044921875,3010.0703125,3021.0,3021.0,39.88786315917969,-5.398273468017578,0.9822453856468201,0.9526888132095337,0.9942256808280945,0.11544635146856308,0.11544635146856308,-0.003260844387114048,0.9175699949264526,0.06040140613913536,0.001053402666002512
G17,942,11786.900390625,0.057057082653045654,-2997.52001953125,-2997.52001953125,2992.2470703125,3003.03076171875,3010.0703125,3021.0,3021.0,39.829315185546875,-5.269625663757324,0.9822759628295898,0.9527052640914917,0.9942395687103271,0.11466499418020248,0.11466499418020248,-0.00326383369974792,0.9177252650260925,0.060275547206401825,0.0010535229230299592
G17,943,11799.4111328125,0.056056082248687744,-2997.46337890625,-2997.46337890625,2992.31787109375,3003.101806640625,3010.0703125,3021.0,3021.0,39.77096176147461,-5.142136096954346,0.9823064208030701,0.9527214169502258,0.9942534565925598,0.11388404667377472,0.11388404667377472,-0.0032670318614691496,0.917883038520813,0.060150146484375,0.0010501581709831953
G17,944,11811.921875,0.055055081844329834,-2997.4072265625,-2997.4072265625,2992.387939453125,3003.1708984375,3010.0703125,3021.0,3021.0,39.712806701660156,-5.015915870666504,0.982336699962616,0.9527372717857361,0.9942672848701477,0.11310020089149475,0.11310020089149475,-0.0032701699528843164,0.9180434942245483,0.06002520024776459,0.0010454913135617971
G17,945,11824.4326171875,0.054054081439971924,-2997.3515625,-2997.3515625,2992.45751953125,3003.240234375,3010.0703125,3021.0,3021.0,39.65484619140625,-4.890822410583496,0.9823669195175171,0.9527530074119568,0.9942810535430908,0.11231730133295059,0.11231730133295059,-0.0032735567074269056,0.9182069301605225,0.05990071967244148,0.0010401406325399876
G17,946,11836.943359375,0.053053081035614014,-2997.29638671875,-2997.29638671875,2992.52587890625,3003.30810546875,3010.0703125,3021.0,3021.0,39.597084045410156,-4.767023086547852,0.9823969602584839,0.9527683258056641,0.9942947030067444,0.11153095215559006,0.11153095215559006,-0.0032769166864454746,0.9183732271194458,0.05977669730782509,0.0010387924266979098
G17,947,11849.453125,0.052052080631256104,-2997.24169921875,-2997.24169921875,2992.593994140625,3003.375732421875,3010.0703125,3021.0,3021.0,39.53951644897461,-4.64433479309082,0.9824269413948059,0.9527835249900818,0.9943084120750427,0.11074574291706085,0.11074574291706085,-0.003280463395640254,0.9185429811477661,0.05965312942862511,0.001039267866872251
G17,948,11861.9638671875,0.05105108022689819,-2997.1875,-2997.1875,2992.6611328125,3003.44287109375,3010.0703125,3021.0,3021.0,39.482139587402344,-4.522952079772949,0.9824568033218384,0.9527984261512756,0.9943219423294067,0.10995671898126602,0.10995671898126602,-0.0032841013744473457,0.9187162518501282,0.059530023485422134,0.0010420161997899413
G17,949,11874.474609375,0.05005007982254028,-2997.1337890625,-2997.1337890625,2992.7275390625,3003.5087890625,3010.0703125,3021.0,3021.0,39.42495346069336,-4.402674198150635,0.9824866056442261,0.9528131484985352,0.9943354725837708,0.10916883498430252,0.10916883498430252,-0.0032878443598747253,0.9188931584358215,0.05940737947821617,0.0010441256454214454
G17,950,11886.9853515625,0.04904907941818237,-2997.08056640625,-2997.08056640625,2992.79345703125,3003.57470703125,3010.0703125,3021.0,3021.0,39.36796951293945,-4.2837042808532715,0.9825162291526794,0.9528275728225708,0.9943490624427795,0.10837699472904205,0.10837699472904205,-0.0032917666248977184,0.9190741777420044,0.05928519740700722,0.0010473630391061306
G17,951,11899.4951171875,0.04804807901382446,-2997.02783203125,-2997.02783203125,2992.85888671875,3003.63916015625,3010.0703125,3021.0,3021.0,39.3111686706543,-4.165844917297363,0.9825457334518433,0.9528416991233826,0.994362473487854,0.1075858473777771,0.1075858473777771,-0.0032957904040813446,0.9192593097686768,0.05916347727179527,0.0010502211516723037
G17,952,11912.005859375,0.04704707860946655,-2996.9755859375,-2996.9755859375,2992.923095703125,3003.70361328125,3010.0703125,3021.0,3021.0,39.25456619262695,-4.049279689788818,0.9825751781463623,0.9528557062149048,0.9943759441375732,0.10679115355014801,0.10679115355014801,-0.003299990203231573,0.9194491505622864,0.059042222797870636,0.001053390558809042
G17,953,11924.5166015625,0.04604607820510864,-2996.924072265625,-2996.924072265625,2992.98681640625,3003.766845703125,3010.0703125,3021.0,3021.0,39.198150634765625,-3.9338507652282715,0.9826045036315918,0.9528694152832031,0.9943892359733582,0.10599599778652191,0.10599599778652191,-0.003304373938590288,0.9196439385414124,0.058921441435813904,0.0010544790420681238
G17,954,11937.02734375,0.04504507780075073,-2996.872802734375,-2996.872802734375,2993.0498046875,3003.82958984375,3010.0703125,3021.0,3021.0,39.141929626464844,-3.81967830657959,0.9826334714889526,0.9528828859329224,0.9944024682044983,0.10519829392433167,0.10519829392433167,-0.003308873623609543,0.919843852519989,0.05880112200975418,0.0010544888209551573
G17,955,11949.537109375,0.04404407739639282,-2996.822265625,-2996.822265625,2993.1123046875,3003.89208984375,3010.0703125,3021.0,3021.0,39.08589553833008,-3.7066893577575684,0.9826626181602478,0.9528960585594177,0.9944157600402832,0.10439855605363846,0.10439855605363846,-0.003313652239739895,0.9200494885444641,0.05868128314614296,0.0010531987063586712
G17,956,11962.0478515625,0.04304307699203491,-2996.7724609375,-2996.7724609375,2993.17431640625,3003.953125,3010.0703125,3021.0,3021.0,39.030052185058594,-3.5949082374572754,0.9826915264129639,0.9529090523719788,0.9944288730621338,0.10359713435173035,0.10359713435173035,-0.0033185225911438465,0.9202610850334167,0.058561909943819046,0.0010530235012993217
G17,957,11974.55859375,0.042042076587677,-2996.72265625,-2996.72265625,2993.235107421875,3004.01416015625,3010.0703125,3021.0,3021.0,38.974395751953125,-3.4843509197235107,0.9827203750610352,0.9529218077659607,0.9944420456886292,0.10279268026351929,0.10279268026351929,-0.0033236967865377665,0.9204791784286499,0.058443017303943634,0.0010553774191066623
G17,958,11987.0693359375,0.04104107618331909,-2996.673828125,-2996.673828125,2993.29541015625,3004.073974609375,3010.0703125,3021.0,3021.0,38.91893005371094,-3.3749778270721436,0.9827491641044617,0.9529342651367188,0.9944551587104797,0.10198628902435303,0.10198628902435303,-0.003329026512801647,0.920704185962677,0.05832461640238762,0.0010601561516523361
G17,959,11999.5791015625,0.04004007577896118,-2996.625,-2996.625,2993.35546875,3004.1337890625,3010.0703125,3021.0,3021.0,38.863651275634766,-3.2668309211730957,0.9827777147293091,0.9529464840888977,0.994468092918396,0.10117699205875397,0.10117699205875397,-0.0033346074633300304,0.9209365844726562,0.058206696063280106,0.0010662112617865205
G17,960,12012.08984375,0.03903907537460327,-2996.577392578125,-2996.577392578125,2993.4140625,3004.1923828125,3010.0703125,3021.0,3021.0,38.808563232421875,-3.1598851680755615,0.9828061461448669,0.9529585242271423,0.994481086730957,0.10036437958478928,0.10036437958478928,-0.003340468043461442,0.9211770296096802,0.05808926746249199,0.0010711189825087786
G17,961,12024.6005859375,0.03803807497024536,-2996.52978515625,-2996.52978515625,2993.472412109375,3004.25048828125,3010.0703125,3021.0,3021.0,38.753658294677734,-3.0541343688964844,0.9828345775604248,0.9529703259468079,0.9944940209388733,0.09954967349767685,0.09954967349767685,-0.003346518147736788,0.9214258193969727,0.05797233805060387,0.0010753474198281765
G17,962,12037.111328125,0.03703707456588745,-2996.483154296875,-2996.483154296875,2993.5302734375,3004.30810546875,3010.0703125,3021.0,3021.0,38.698944091796875,-2.949622869491577,0.9828628301620483,0.9529818892478943,0.9945068955421448,0.09872964769601822,0.09872964769601822,-0.003352940082550049,0.9216839671134949,0.05785590782761574,0.0010790214873850346
G17,963,12049.62109375,0.03603607416152954,-2996.436767578125,-2996.436767578125,2993.58740234375,3004.36474609375,3010.0703125,3021.0,3021.0,38.64441680908203,-2.8462634086608887,0.9828909635543823,0.9529931545257568,0.9945197701454163,0.09790853410959244,0.09790853410959244,-0.0033595720306038857,0.921951949596405,0.057739995419979095,0.0010814338456839323
G17,964,12062.1318359375,0.03503507375717163,-2996.39111328125,-2996.39111328125,2993.6435546875,3004.4208984375,3010.0703125,3021.0,3021.0,38.59007263183594,-2.7441861629486084,0.9829190373420715,0.9530041813850403,0.9945324659347534,0.09707999229431152,0.09707999229431152,-0.003366586985066533,0.9222304821014404,0.05762459710240364,0.0010836671572178602
G17,965,12074.642578125,0.03403407335281372,-2996.345703125,-2996.345703125,2993.69921875,3004.4765625,3010.0703125,3021.0,3021.0,38.53591537475586,-2.6432220935821533,0.9829469919204712,0.9530150294303894,0.9945452213287354,0.09625078737735748,0.09625078737735748,-0.0033739092759788036,0.9225205779075623,0.057509735226631165,0.0010859979083761573
G17,966,12087.1533203125,0.03303307294845581,-2996.301025390625,-2996.301025390625,2993.75439453125,3004.53125,3010.0703125,3021.0,3021.0,38.4819450378418,-2.543567657470703,0.9829748272895813,0.9530255198478699,0.9945578575134277,0.09541260451078415,0.09541260451078415,-0.0033815938513725996,0.9228230118751526,0.05739540979266167,0.0010926774702966213
G17,967,12099.6640625,0.0320320725440979,-2996.2568359375,-2996.2568359375,2993.80859375,3004.5859375,3010.0703125,3021.0,3021.0,38.42816162109375,-2.4450109004974365,0.9830024242401123,0.953035831451416,0.9945704340934753,0.09457330405712128,0.09457330405712128,-0.0033896982204169035,0.9231386184692383,0.05728164315223694,0.0010994694894179702
G17,968,12112.173828125,0.03103107213973999,-2996.21337890625,-2996.21337890625,2993.862548828125,3004.63916015625,3010.0703125,3021.0,3021.0,38.37456130981445,-2.347768783569336,0.9830300807952881,0.9530459046363831,0.9945830702781677,0.09372373670339584,0.09372373670339584,-0.0033981704618781805,0.9234687089920044,0.05716843158006668,0.001106174779124558
G17,969,12124.6845703125,0.03003007173538208,-2996.17041015625,-2996.17041015625,2993.915771484375,3004.6923828125,3010.0703125,3021.0,3021.0,38.321144104003906,-2.251624345779419,0.9830575585365295,0.953055739402771,0.9945955872535706,0.09287215024232864,0.09287215024232864,-0.003407157026231289,0.9238142967224121,0.05705581232905388,0.0011102491989731789
G17,970,12137.1953125,0.02902907133102417,-2996.128173828125,-2996.128173828125,2993.968017578125,3004.74462890625,3010.0703125,3021.0,3021.0,38.267913818359375,-2.1567935943603516,0.9830849766731262,0.9530653953552246,0.9946080446243286,0.09200865775346756,0.09200865775346756,-0.003416558727622032,0.9241767525672913,0.056943781673908234,0.0011174612445756793
G17,971,12149.7060546875,0.02802807092666626,-2996.086181640625,-2996.086181640625,2994.02001953125,3004.796630859375,3010.0703125,3021.0,3021.0,38.214866638183594,-2.0630600452423096,0.9831122159957886,0.9530746936798096,0.9946204423904419,0.09114207327365875,0.09114207327365875,-0.003426553448662162,0.9245573878288269,0.05683238059282303,0.001125212642364204
G17,972,12162.2158203125,0.02702707052230835,-2996.045166015625,-2996.045166015625,2994.0712890625,3004.84765625,3010.0703125,3021.0,3021.0,38.16200637817383,-1.9706425666809082,0.9831393957138062,0.9530839323997498,0.9946328401565552,0.09026174247264862,0.09026174247264862,-0.0034370506182312965,0.9249578714370728,0.056721609085798264,0.0011350512504577637
G17,973,12174.7265625,0.026026010513305664,-2996.00439453125,-2996.00439453125,2994.1220703125,3004.8984375,3010.0703125,3021.0,3021.0,38.10932922363281,-1.8793225288391113,0.9831663966178894,0.9530927538871765,0.9946451187133789,0.08937597274780273,0.08937597274780273,-0.0034482197370380163,0.9253796935081482,0.05661150813102722,0.001143885194323957
G17,974,12187.2373046875,0.025025010108947754,-2995.96435546875,-2995.96435546875,2994.171875,3004.9482421875,3010.0703125,3021.0,3021.0,38.05683517456055,-1.7893078327178955,0.9831933975219727,0.9531013369560242,0.9946573376655579,0.08847563713788986,0.08847563713788986,-0.003459991654381156,0.9258248209953308,0.056502096354961395,0.0011527998140081763
G17,975,12199.748046875,0.024024009704589844,-2995.925048828125,-2995.925048828125,2994.221435546875,3004.997802734375,3010.0703125,3021.0,3021.0,38.00453186035156,-1.7004315853118896,0.9832202196121216,0.9531098008155823,0.9946696162223816,0.08756555616855621,0.08756555616855621,-0.003472541458904743,0.9262952208518982,0.05639340355992317,0.0011595769319683313
G17,976,12212.2578125,0.023023009300231934,-2995.88623046875,-2995.88623046875,2994.2705078125,3005.04638671875,3010.0703125,3021.0,3021.0,37.95240783691406,-1.6128178834915161,0.983246922492981,0.9531179070472717,0.9946817755699158,0.08664018660783768,0.08664018660783768,-0.0034858034923672676,0.926793098449707,0.05628548189997673,0.001168027170933783
G17,977,12224.7685546875,0.022022008895874023,-2995.84814453125,-2995.84814453125,2994.31884765625,3005.094970703125,3010.0703125,3021.0,3021.0,37.90046691894531,-1.5263926982879639,0.9832736253738403,0.9531258940696716,0.99469393491745,0.08569972217082977,0.08569972217082977,-0.003499975660815835,0.9273210167884827,0.05617835000157356,0.001177242142148316
G17,978,12237.279296875,0.021021008491516113,-2995.810546875,-2995.810546875,2994.3662109375,3005.142578125,3010.0703125,3021.0,3021.0,37.848716735839844,-1.4411956071853638,0.983299970626831,0.9531335234642029,0.9947059750556946,0.08474228531122208,0.08474228531122208,-0.003514988347887993,0.9278814196586609,0.056072067469358444,0.001186878769658506
G17,979,12249.7900390625,0.020020008087158203,-2995.77392578125,-2995.77392578125,2994.41357421875,3005.18994140625,3010.0703125,3021.0,3021.0,37.79714584350586,-1.357232928276062,0.9833263754844666,0.9531409740447998,0.9947180151939392,0.08376380801200867,0.08376380801200867,-0.003531061578541994,0.9284775853157043,0.05596667900681496,0.0011989098275080323
G17,980,12262.2998046875,0.019019007682800293,-2995.73779296875,-2995.73779296875,2994.460205078125,3005.236328125,3010.0703125,3021.0,3021.0,37.745765686035156,-1.274483561515808,0.9833527207374573,0.9531482458114624,0.9947298765182495,0.08276519924402237,0.08276519924402237,-0.0035481213126331568,0.9291121959686279,0.05586223676800728,0.0012141994666308165
G17,981,12274.810546875,0.018018007278442383,-2995.702392578125,-2995.702392578125,2994.50634765625,3005.282958984375,3010.0703125,3021.0,3021.0,37.69456481933594,-1.1930110454559326,0.9833788871765137,0.9531551599502563,0.9947417974472046,0.08173810690641403,0.08173810690641403,-0.0035664173774421215,0.9297890067100525,0.05575880408287048,0.0012322477996349335
G17,982,12287.3212890625,0.017017006874084473,-2995.66796875,-2995.66796875,2994.552001953125,3005.328125,3010.0703125,3021.0,3021.0,37.6435546875,-1.1127502918243408,0.9834049940109253,0.953161895275116,0.9947537183761597,0.08068664371967316,0.08068664371967316,-0.003585882019251585,0.9305115938186646,0.05565646290779114,0.0012551512336358428
G17,983,12299.83203125,0.016016006469726562,-2995.63427734375,-2995.63427734375,2994.59716796875,3005.373779296875,3010.0703125,3021.0,3021.0,37.59272766113281,-1.0338222980499268,0.9834309220314026,0.9531683921813965,0.9947655200958252,0.07959713041782379,0.07959713041782379,-0.003606748767197132,0.9312841296195984,0.05555527284741402,0.0012849278282374144
G17,984,12312.341796875,0.015015006065368652,-2995.60107421875,-2995.60107421875,2994.64208984375,3005.41845703125,3010.0703125,3021.0,3021.0,37.54208755493164,-0.9561211466789246,0.9834567904472351,0.9531746506690979,0.9947772026062012,0.07847640663385391,0.07847640663385391,-0.003629035083577037,0.9321107864379883,0.05545533820986748,0.0013190775644034147
G17,985,12324.8525390625,0.014014005661010742,-2995.569091796875,-2995.569091796875,2994.68603515625,3005.462890625,3010.0703125,3021.0,3021.0,37.49163818359375,-0.8798149824142456,0.9834824800491333,0.953180730342865,0.9947890043258667,0.07730767130851746,0.07730767130851746,-0.0036528732161968946,0.9329962134361267,0.05535672977566719,0.0013583158142864704
G17,986,12337.36328125,0.013013005256652832,-2995.53759765625,-2995.53759765625,2994.72998046875,3005.506591796875,3010.0703125,3021.0,3021.0,37.44137954711914,-0.8048042058944702,0.9835081100463867,0.953186571598053,0.9948005676269531,0.076094850897789,0.076094850897789,-0.003678398672491312,0.9339447021484375,0.055259574204683304,0.0013946384424343705
G17,987,12349.8740234375,0.012012004852294922,-2995.50732421875,-2995.50732421875,2994.773193359375,3005.55029296875,3010.0703125,3021.0,3021.0,37.39130401611328,-0.7312414646148682,0.9835336208343506,0.9531921148300171,0.9948122501373291,0.07482485473155975,0.07482485473155975,-0.0037056615110486746,0.9349614977836609,0.05516395717859268,0.001433744328096509
G17,988,12362.384765625,0.011011004447937012,-2995.478271484375,-2995.478271484375,2994.81591796875,3005.59326171875,3010.0703125,3021.0,3021.0,37.34142303466797,-0.6591174602508545,0.9835590124130249,0.9531974196434021,0.994823694229126,0.07349221408367157,0.07349221408367157,-0.0037348198238760233,0.9360511302947998,0.055070001631975174,0.0014842025702819228
G17,989,12374.89453125,0.010010004043579102,-2995.4501953125,-2995.4501953125,2994.858642578125,3005.63623046875,3010.0703125,3021.0,3021.0,37.29173278808594,-0.5885258913040161,0.9835841655731201,0.9532026052474976,0.9948352575302124,0.07208887487649918,0.07208890467882156,-0.0037659197114408016,0.9372183680534363,0.054977815598249435,0.0015388793544843793
G17,990,12387.4052734375,0.009009003639221191,-2995.423095703125,-2995.423095703125,2994.90087890625,3005.678466796875,3010.0703125,3021.0,3021.0,37.24223327636719,-0.5195591449737549,0.9836094379425049,0.9532074928283691,0.9948467016220093,0.07060512155294418,0.07060516625642776,-0.003799070604145527,0.9384670853614807,0.054887525737285614,0.001599938259460032
G17,991,12399.916015625,0.008008003234863281,-2995.3974609375,-2995.3974609375,2994.9423828125,3005.720458984375,3010.0703125,3021.0,3021.0,37.192928314208984,-0.45232486724853516,0.9836344718933105,0.9532121419906616,0.9948580265045166,0.06902667135000229,0.06902682036161423,-0.003834304166957736,0.9398006796836853,0.05479922518134117,0.0016759195132181048
G17,992,12412.4267578125,0.007007002830505371,-2995.373291015625,-2995.373291015625,2994.9833984375,3005.76220703125,3010.0703125,3021.0,3021.0,37.14381408691406,-0.3869360685348511,0.9836594462394714,0.953216552734375,0.9948693513870239,0.06735127419233322,0.06735144555568695,-0.003871642518788576,0.9412215948104858,0.05471299961209297,0.0017586593749001622
G17,993,12424.9365234375,0.006006002426147461,-2995.350830078125,-2995.350830078125,2995.024169921875,3005.803466796875,3010.0703125,3021.0,3021.0,37.09490203857422,-0.32360953092575073,0.983684241771698,0.953220784664154,0.9948806762695312,0.06555382907390594,0.06555458158254623,-0.003911057021468878,0.9427304863929749,0.054628923535346985,0.0018420113483443856
G17,994,12437.447265625,0.005005002021789551,-2995.330078125,-2995.330078125,2995.064453125,3005.84423828125,3010.0703125,3021.0,3021.0,37.04617691040039,-0.2624776363372803,0.983708918094635,0.953224778175354,0.994891881942749,0.06363502144813538,0.06363704800605774,-0.003952458035200834,0.9443259835243225,0.054547019302845,0.0019371450180187821
G17,995,12449.9580078125,0.004004001617431641,-2995.31103515625,-2995.31103515625,2995.1044921875,3005.884765625,3010.0703125,3021.0,3021.0,36.997657775878906,-0.20383578538894653,0.9837334752082825,0.9532285928726196,0.9949029684066772,0.061571091413497925,0.06157715618610382,-0.0039956895634531975,0.9460049867630005,0.05446725711226463,0.0020662015303969383
G17,996,12462.46875,0.0030030012130737305,-2995.29443359375,-2995.29443359375,2995.1435546875,3005.924560546875,3010.0703125,3021.0,3021.0,36.949337005615234,-0.1479184627532959,0.9837579727172852,0.9532321691513062,0.9949140548706055,0.05935675650835037,0.05937037989497185,-0.004040520638227463,0.9477612376213074,0.05438956618309021,0.0022191694006323814
G17,997,12474.978515625,0.0020020008087158203,-2995.280029296875,-2995.280029296875,2995.18212890625,3005.9638671875,3010.0703125,3021.0,3021.0,36.901214599609375,-0.09506581723690033,0.9837823510169983,0.9532356262207031,0.9949251413345337,0.05697464197874069,0.05700948089361191,-0.004086654633283615,0.949586033821106,0.054313793778419495,0.002394563052803278
G17,998,12487.4892578125,0.0010010004043579102,-2995.268310546875,-2995.268310546875,2995.2197265625,3006.00244140625,3010.0703125,3021.0,3021.0,36.85329055786133,-0.045625314116477966,0.9838066101074219,0.9532387852668762,0.9949361085891724,0.05441507697105408,0.05454382300376892,-0.004133707843720913,0.9514675736427307,0.054239705204963684,0.0025903130881488323
G17,999,12500.0,0.0,-2995.259765625,-2995.259765625,2995.2568359375,3006.04052734375,3010.0703125,3021.0,3021.0,36.80556869506836,0.0,0.9838306903839111,0.9532418251037598,0.9949471354484558,0.051668353378772736,0.053214721381664276,-0.00418125418946147,0.9533917307853699,0.0541670061647892,0.0028080514166504145
