instance,step,beta,gamma,loss_mean,free_energy_mean,expected_cut_mean,expected_cut_max,hard_cut_mean,hard_cut_max,best_cut_so_far,entropy_mean,driver_energy_mean,R_mean,R_min,R_max,rx_mean,rx_abs_mean,rz_mean,rz_abs_mean,grad_norm_raw_R,grad_norm_theta
G39,0,2.0,1.0,-727.09716796875,-727.09716796875,14.0,14.0,-21.4921875,86.0,86.0,1386.1943359375,-20.000038146972656,0.010099499486386776,0.010054475627839565,0.010143536143004894,0.010099247097969055,0.010099247097969055,-1.5199130132259597e-07,6.969994137762114e-05,0.038937605917453766,3.9575021219206974e-05
G39,1,14.510510444641113,0.9989989995956421,-129.70849609375,-129.70849609375,14.0,14.0,-10.6953125,132.0,132.0,1386.1923828125,-20.178274154663086,0.010199987329542637,0.010154515504837036,0.010244457051157951,0.010199971497058868,0.010199971497058868,-1.4963948302693098e-08,1.4921020010660868e-05,0.03945055231451988,0.00028204420232214034
G39,2,27.021020889282227,0.9979979991912842,-85.65953826904297,-85.65953826904297,14.0,14.0,-32.21875,87.0,132.0,1386.190185546875,-20.359102249145508,0.010301503352820873,0.010255583561956882,0.010346410796046257,0.010301397182047367,0.010301397182047367,9.505299658485455e-08,4.573237310978584e-05,0.039812732487916946,7.10314343450591e-05
G39,3,39.531532287597656,0.9969969987869263,-69.6063003540039,-69.6063003540039,14.0,14.0,-28.3828125,160.0,160.0,1386.188232421875,-20.540924072265625,0.010404073633253574,0.010357700288295746,0.010449424386024475,0.01040392741560936,0.01040392741560936,1.1193206717052817e-07,5.3377923904918134e-05,0.04016886651515961,0.00018450652714818716
G39,4,52.04204177856445,0.9959959983825684,-61.36042785644531,-61.36042785644531,14.0,14.0,-26.9921875,118.0,160.0,1386.18603515625,-20.724538803100586,0.010507723316550255,0.010460893623530865,0.010553520172834396,0.010507662780582905,0.010507662780582905,8.14929492776173e-08,3.3916945540113375e-05,0.040526192635297775,0.00021726678824052215
G39,5,64.55255126953125,0.9949949979782104,-56.38386535644531,-56.38386535644531,14.0,14.0,-14.1640625,96.0,160.0,1386.183837890625,-20.91014289855957,0.010612478479743004,0.010565187782049179,0.010658727958798409,0.010612470097839832,0.010612470097839832,1.9039076093463336e-08,1.0848026249732357e-05,0.040886372327804565,0.00014056080544833094
G39,6,77.06306457519531,0.9939939975738525,-53.08509063720703,-53.08509063720703,14.0,14.0,-46.7109375,129.0,160.0,1386.181640625,-21.097463607788086,0.010718369856476784,0.010670612566173077,0.01076507568359375,0.010718327015638351,0.010718327015638351,-4.759396787790138e-08,2.9470198569470085e-05,0.04124930873513222,5.507815149030648e-05
G39,7,89.57357025146484,0.9929929971694946,-50.76176452636719,-50.76176452636719,14.0,14.0,-41.0,128.0,160.0,1386.179443359375,-21.28644561767578,0.010825423523783684,0.010777193121612072,0.010872590355575085,0.010825341567397118,0.010825341567397118,-9.125025002276743e-08,4.0892857214203104e-05,0.04161510616540909,0.00011973633809247985
G39,8,102.0840835571289,0.9919919967651367,-49.05607986450195,-49.05607986450195,14.0,14.0,-35.4296875,118.0,160.0,1386.177001953125,-21.477304458618164,0.01093366276472807,0.010884955525398254,0.010981297120451927,0.01093360036611557,0.01093360036611557,-9.56641201810271e-08,3.519393067108467e-05,0.041984256356954575,0.00016514894377905875
G39,9,114.59459686279297,0.9909909963607788,-47.766536712646484,-47.766536712646484,14.0,14.0,18.5859375,161.0,161.0,1386.1748046875,-21.670198440551758,0.01104312390089035,0.01099393516778946,0.011091228574514389,0.011043103411793709,0.011043103411793709,-6.24474409960385e-08,1.9402183170313947e-05,0.04235714673995972,0.00014459218073170632
G39,10,127.1051025390625,0.9899899959564209,-46.77083969116211,-46.77083969116211,14.0,14.0,-134.3984375,14.0,161.0,1386.17236328125,-21.865123748779297,0.011153830215334892,0.011104153469204903,0.011202412657439709,0.011153822764754295,0.011153822764754295,-6.655270556876758e-09,8.9073555500363e-06,0.04273378849029541,8.157128468155861e-05
G39,11,139.61561584472656,0.988988995552063,-45.99048614501953,-45.99048614501953,14.0,14.0,-55.875,97.0,161.0,1386.169921875,-22.062013626098633,0.011265815235674381,0.01121564581990242,0.011314879171550274,0.011265784502029419,0.011265784502029419,5.0151601982406646e-08,2.5638473744038492e-05,0.0431140698492527,5.256564691080712e-05
G39,12,152.12612915039062,0.9879879951477051,-45.37287902832031,-45.37287902832031,14.0,14.0,-43.34375,96.0,161.0,1386.16748046875,-22.26091957092285,0.011379104107618332,0.011328436434268951,0.011428656056523323,0.011379057541489601,0.011379057541489601,8.42330436512384e-08,3.157969695166685e-05,0.04349810257554054,0.00010278791160089895
G39,13,164.6366424560547,0.9869869947433472,-44.881500244140625,-44.881500244140625,14.0,14.0,49.390625,173.0,173.0,1386.164794921875,-22.461963653564453,0.011493731290102005,0.011442557908594608,0.011543776839971542,0.011493696831166744,0.011493696831166744,8.260840189677765e-08,2.6308005544706248e-05,0.043886128813028336,0.00012773917114827782
G39,14,177.1471405029297,0.9859859943389893,-44.490169525146484,-44.490169525146484,14.0,14.0,-2.03125,134.0,173.0,1386.162109375,-22.665246963500977,0.011609728448092937,0.0115580465644598,0.011660273186862469,0.011609717272222042,0.011609717272222042,4.883793280896498e-08,1.544661608932074e-05,0.04427836090326309,0.00010962314991047606
G39,15,189.65765380859375,0.9849849939346313,-44.17953872680664,-44.17953872680664,14.0,14.0,-123.28125,52.0,173.0,1386.15966796875,-22.870792388916016,0.011727125383913517,0.011674926616251469,0.011778175830841064,0.01172711979597807,0.01172711979597807,-1.8321862915726683e-09,8.375286597583909e-06,0.0446748323738575,6.457021663663909e-05
G39,16,202.1681671142578,0.9839839935302734,-43.93505096435547,-43.93505096435547,14.0,14.0,-46.7890625,74.0,173.0,1386.15673828125,-23.078596115112305,0.011845959350466728,0.011793237179517746,0.01189751923084259,0.011845939792692661,0.011845939792692661,-4.806759079656331e-08,2.034096178249456e-05,0.04507553204894066,4.698648626799695e-05
G39,17,214.67868041992188,0.9829829931259155,-43.7455940246582,-43.7455940246582,14.0,14.0,42.8046875,150.0,173.0,1386.154052734375,-23.288715362548828,0.011966251768171787,0.011913007125258446,0.012018328532576561,0.011966223828494549,0.011966223828494549,-7.093448317618822e-08,2.4504275643266737e-05,0.04548058286309242,8.16366373328492e-05
G39,18,227.18919372558594,0.9819819927215576,-43.6025390625,-43.6025390625,14.0,14.0,-0.65625,109.0,173.0,1386.151123046875,-23.501232147216797,0.012088047340512276,0.01203426718711853,0.012140649370849133,0.012088027782738209,0.012088027782738209,-6.287847043040529e-08,2.0980411136406474e-05,0.04589013755321503,0.00010008333629230037
G39,19,239.69969177246094,0.9809809923171997,-43.49909973144531,-43.49909973144531,14.0,14.0,1.953125,115.0,173.0,1386.148193359375,-23.716249465942383,0.012211373075842857,0.012157049961388111,0.012264503166079521,0.01221136562526226,0.01221136562526226,-3.059201603150541e-08,1.2359339962131344e-05,0.04630438610911369,8.65738547872752e-05
G39,20,252.210205078125,0.9799799919128418,-43.429779052734375,-43.429779052734375,14.0,14.0,-98.4375,60.0,173.0,1386.145263671875,-23.933786392211914,0.012336265295743942,0.012281392700970173,0.01238993275910616,0.012336261570453644,0.012336261570453644,1.003533522947464e-08,7.578275926789502e-06,0.046723373234272,5.1940787670901045e-05
G39,21,264.7207336425781,0.9789789915084839,-43.39012145996094,-43.39012145996094,14.0,14.0,23.6328125,146.0,173.0,1386.14208984375,-24.153881072998047,0.012462753802537918,0.012407326139509678,0.012516964226961136,0.012462741695344448,0.012462741695344448,4.1606632805724075e-08,1.6787969798315316e-05,0.04714716225862503,4.012148201582022e-05
G39,22,277.2312316894531,0.977977991104126,-43.37651062011719,-43.37651062011719,14.0,14.0,-0.75,130.0,173.0,1386.138916015625,-24.376571655273438,0.012590877711772919,0.012534888461232185,0.012645639479160309,0.012590860947966576,0.012590860947966576,5.2085031398974024e-08,1.9861599866999313e-05,0.04757583141326904,6.769876927137375e-05
G39,23,289.7417297363281,0.9769769906997681,-43.38600158691406,-43.38600158691406,14.0,14.0,-17.0390625,101.0,173.0,1386.1357421875,-24.601961135864258,0.012720668688416481,0.012664109468460083,0.012775986455380917,0.012720656581223011,0.012720656581223011,4.02146191902375e-08,1.606925252417568e-05,0.048009566962718964,8.050263568293303e-05
G39,24,302.25225830078125,0.9759759902954102,-43.41612243652344,-43.41612243652344,14.0,14.0,-15.5546875,120.0,173.0,1386.132568359375,-24.830110549926758,0.012852165848016739,0.012795028276741505,0.012908047996461391,0.01285216212272644,0.01285216212272644,1.451957754028399e-08,8.61762873682892e-06,0.048448480665683746,6.623136141570285e-05
G39,25,314.76275634765625,0.9749749898910522,-43.46479797363281,-43.46479797363281,14.0,14.0,-6.6015625,116.0,173.0,1386.129150390625,-25.061073303222656,0.012985401786863804,0.01292768120765686,0.013041856698691845,0.01298539899289608,0.01298539899289608,-1.2591676146200825e-08,8.383097338082734e-06,0.048892680555582047,3.7387093470897526e-05
G39,26,327.2732849121094,0.9739739894866943,-43.53025817871094,-43.53025817871094,14.0,14.0,-16.3203125,106.0,173.0,1386.125732421875,-25.294879913330078,0.01312041562050581,0.013062101788818836,0.013177448883652687,0.013120405375957489,0.013120405375957489,-3.045060736894811e-08,1.5067133062984794e-05,0.04934222251176834,3.8119032979011536e-05
G39,27,339.7837829589844,0.9729729890823364,-43.61102294921875,-43.61102294921875,14.0,14.0,-47.765625,78.0,173.0,1386.1220703125,-25.531600952148438,0.013257242739200592,0.01319833006709814,0.013314863666892052,0.013257233425974846,0.013257233425974846,-3.391027192378715e-08,1.562637771712616e-05,0.04979722946882248,6.016682164045051e-05
G39,28,352.2942810058594,0.9719719886779785,-43.70586395263672,-43.70586395263672,14.0,14.0,-44.5078125,102.0,173.0,1386.11865234375,-25.771316528320312,0.013395920395851135,0.01333639770746231,0.0134541355073452,0.013395914807915688,0.013395914807915688,-2.4361877848377844e-08,1.0972616109938826e-05,0.0502578541636467,6.378677062457427e-05
G39,29,364.8048095703125,0.9709709882736206,-43.813697814941406,-43.813697814941406,14.0,14.0,-30.6640625,89.0,173.0,1386.11474609375,-26.014087677001953,0.013536486774682999,0.013476349413394928,0.01359530258923769,0.013536483980715275,0.013536483980715275,-7.478146990536061e-09,5.744595455325907e-06,0.05072421208024025,4.596208600560203e-05
G39,30,377.3153076171875,0.9699699878692627,-43.93357849121094,-43.93357849121094,14.0,14.0,-51.78125,87.0,173.0,1386.111083984375,-26.259965896606445,0.013678976334631443,0.01361821498721838,0.013738404028117657,0.013678972609341145,0.013678972609341145,1.0073695655421488e-08,9.923504876496736e-06,0.0511963926255703,2.735733323788736e-05
G39,31,389.8258361816406,0.9689689874649048,-44.06471252441406,-44.06471252441406,14.0,14.0,-94.09375,35.0,173.0,1386.107177734375,-26.50899887084961,0.01382343377918005,0.013762039132416248,0.013883479870855808,0.013823426328599453,0.013823426328599453,2.2341783534329807e-08,1.3096460861561354e-05,0.05167447775602341,4.049150811624713e-05
G39,32,402.3363342285156,0.9679679870605469,-44.20640563964844,-44.20640563964844,14.0,14.0,-53.5859375,106.0,173.0,1386.103271484375,-26.761268615722656,0.01396989356726408,0.013907864689826965,0.01403056737035513,0.013969887048006058,0.013969887048006058,2.5377538293014368e-08,1.1207499483134598e-05,0.052158623933792114,5.292854257277213e-05
G39,33,414.8468322753906,0.966966986656189,-44.358070373535156,-44.358070373535156,14.0,14.0,-8.5234375,135.0,173.0,1386.09912109375,-27.01683807373047,0.01411839947104454,0.014055720530450344,0.014179709367454052,0.01411839947104454,0.01411839947104454,1.8271617108212013e-08,6.537850822496694e-06,0.052648961544036865,4.6419787395279855e-05
G39,34,427.35736083984375,0.965965986251831,-44.519187927246094,-44.519187927246094,14.0,14.0,-136.6640625,-17.0,173.0,1386.094970703125,-27.27578353881836,0.014268994331359863,0.014205655083060265,0.01433094684034586,0.014268992468714714,0.014268992468714714,3.5374088103168333e-09,6.139584911579732e-06,0.05314560607075691,2.8015936550218612e-05
G39,35,439.86785888671875,0.9649649858474731,-44.689308166503906,-44.689308166503906,14.0,14.0,-104.2890625,17.0,173.0,1386.0906982421875,-27.53815460205078,0.01442171074450016,0.014357704669237137,0.014484317041933537,0.014421706087887287,0.014421706087887287,-1.2883943689701027e-08,1.0403852684248704e-05,0.053648654371500015,2.79707874142332e-05
G39,36,452.3783874511719,0.9639639854431152,-44.868011474609375,-44.868011474609375,14.0,14.0,-46.9296875,78.0,173.0,1386.08642578125,-27.80401039123535,0.014576594345271587,0.014511911198496819,0.01463986374437809,0.014576589688658714,0.014576589688658714,-2.3326691689362633e-08,1.0143920917471405e-05,0.05415822193026543,4.1698611312313005e-05
G39,37,464.8888854980469,0.9629629850387573,-45.054962158203125,-45.054962158203125,14.0,14.0,14.359375,127.0,173.0,1386.081787109375,-28.073429107666016,0.014733688905835152,0.014668320305645466,0.014797629788517952,0.014733687974512577,0.014733687974512577,-2.2283352052454575e-08,6.550418220285792e-06,0.05467445030808449,4.1661911382107064e-05
G39,38,477.3993835449219,0.9619619846343994,-45.24988555908203,-45.24988555908203,14.0,14.0,-260.125,-116.0,173.0,1386.0771484375,-28.346492767333984,0.014893032610416412,0.014826974831521511,0.014957655221223831,0.014893032610416412,0.014893032610416412,-9.793525990176022e-09,4.380438895168481e-06,0.05519748106598854,2.7632662749965675e-05
G39,39,489.909912109375,0.9609609842300415,-45.452484130859375,-45.452484130859375,14.0,14.0,-93.890625,23.0,173.0,1386.072509765625,-28.623245239257812,0.015054674819111824,0.01498791016638279,0.015119987539947033,0.015054672956466675,0.015054672956466675,7.785999400766741e-09,8.326323040819261e-06,0.05572739243507385,2.1866442693863064e-05
G39,40,502.42041015625,0.9599599838256836,-45.66254425048828,-45.66254425048828,14.0,14.0,-13.3515625,139.0,173.0,1386.067626953125,-28.903766632080078,0.015218659304082394,0.015151177532970905,0.015284672379493713,0.015218657441437244,0.015218657441437244,2.0788654353509628e-08,8.65061974764103e-06,0.05626433715224266,3.330266190459952e-05
G39,41,514.930908203125,0.9589589834213257,-45.8798828125,-45.8798828125,14.0,14.0,30.15625,141.0,173.0,1386.062744140625,-29.188133239746094,0.015385029837489128,0.01531682163476944,0.015451746061444283,0.015385029837489128,0.015385029837489128,2.1978813435907796e-08,5.9032727222074755e-06,0.05680845305323601,3.5472090530674905e-05
G39,42,527.4414672851562,0.9579579830169678,-46.10430908203125,-46.10430908203125,14.0,14.0,-181.4140625,-41.0,173.0,1386.0576171875,-29.476421356201172,0.015553826466202736,0.015484889037907124,0.015621260739862919,0.015553826466202736,0.015553826466202736,1.09414770577132e-08,3.8033110740798293e-06,0.05735987424850464,2.479290560586378e-05
G39,43,539.9519653320312,0.9569569826126099,-46.33567810058594,-46.33567810058594,14.0,14.0,-56.1484375,73.0,173.0,1386.052490234375,-29.768680572509766,0.01572510227560997,0.01565541699528694,0.015793265774846077,0.01572510041296482,0.01572510041296482,-5.747359033136945e-09,6.9279208219086286e-06,0.05791869014501572,1.8722579625318758e-05
G39,44,552.4624633789062,0.955955982208252,-46.57386016845703,-46.57386016845703,14.0,14.0,8.53125,150.0,173.0,1386.047119140625,-30.065006256103516,0.01589890383183956,0.015828460454940796,0.015967803075909615,0.015898901969194412,0.015898901969194412,-1.8447538607802016e-08,7.232779353216756e-06,0.058485064655542374,2.7799476811196655e-05
G39,45,564.9729614257812,0.954954981803894,-46.818756103515625,-46.818756103515625,14.0,14.0,37.0546875,154.0,173.0,1386.04150390625,-30.365467071533203,0.016075272113084793,0.01600406877696514,0.016144925728440285,0.016075272113084793,0.016075272113084793,-2.013758049201897e-08,4.884877853328362e-06,0.05905914306640625,2.9652490411535837e-05
G39,46,577.4834594726562,0.9539539813995361,-47.07026672363281,-47.07026672363281,14.0,14.0,-236.2421875,-122.0,173.0,1386.035888671875,-30.67013931274414,0.01625426858663559,0.01618228666484356,0.01632467657327652,0.01625426858663559,0.01625426858663559,-1.0179167730939298e-08,3.4603510812303284e-06,0.059641033411026,2.0537085219984874e-05
G39,47,589.9940185546875,0.9529529809951782,-47.32833480834961,-47.32833480834961,14.0,14.0,-34.6953125,101.0,173.0,1386.030029296875,-30.979106903076172,0.016435936093330383,0.01636315882205963,0.016507113352417946,0.016435932368040085,0.016435932368040085,5.6101630008242864e-09,6.082764230086468e-06,0.060230907052755356,1.6714318917365745e-05
G39,48,602.5045166015625,0.9519519805908203,-47.592872619628906,-47.592872619628906,14.0,14.0,5.1640625,139.0,173.0,1386.024169921875,-31.292438507080078,0.016620319336652756,0.016546742990612984,0.016692286357283592,0.016620319336652756,0.016620319336652756,1.7972041632674518e-08,5.885447080800077e-06,0.06082887947559357,2.4396305889240466e-05
G39,49,615.0150146484375,0.9509509801864624,-47.86384582519531,-47.86384582519531,14.0,14.0,35.875,156.0,173.0,1386.01806640625,-31.610218048095703,0.01680747978389263,0.016733087599277496,0.01688024029135704,0.01680747978389263,0.01680747978389263,1.9215484314827336e-08,3.6859016745438566e-06,0.06143509969115257,2.422753459541127e-05
G39,50,627.5255126953125,0.9499499797821045,-48.14122009277344,-48.14122009277344,14.0,14.0,-143.203125,-22.0,173.0,1386.01171875,-31.93252944946289,0.01699746772646904,0.016922248527407646,0.017071029171347618,0.01699746772646904,0.01699746772646904,7.89304177573058e-09,3.6611395444197115e-06,0.06204972416162491,1.5794174032635055e-05
G39,51,640.0360107421875,0.9489489793777466,-48.42496871948242,-48.42496871948242,14.0,14.0,-44.8046875,72.0,173.0,1386.00537109375,-32.259456634521484,0.01719033159315586,0.017114274203777313,0.0172647126019001,0.01719032973051071,0.01719032973051071,-9.265748168729715e-09,5.392992534325458e-06,0.06267289072275162,1.609269565960858e-05
G39,52,652.5465698242188,0.9479479789733887,-48.715057373046875,-48.715057373046875,14.0,14.0,14.9296875,135.0,173.0,1385.998779296875,-32.59107208251953,0.017386125400662422,0.017309226095676422,0.017461339011788368,0.017386125400662422,0.017386125400662422,-2.0473908790563655e-08,4.463387995201629e-06,0.06330474466085434,2.1739473595516756e-05
G39,53,665.0570678710938,0.9469469785690308,-49.01148986816406,-49.01148986816406,14.0,14.0,-19.4375,149.0,173.0,1385.991943359375,-32.92747497558594,0.0175849087536335,0.017507154494524002,0.017660968005657196,0.0175849087536335,0.0175849087536335,-1.6917226730583934e-08,2.692112730073859e-06,0.06394543498754501,1.8599930626805872e-05
G39,54,677.5675659179688,0.9459459781646729,-49.31427764892578,-49.31427764892578,14.0,14.0,-106.4296875,26.0,173.0,1385.985107421875,-33.26874542236328,0.017786739394068718,0.017708107829093933,0.017863648012280464,0.017786739394068718,0.017786739394068718,-2.953038369390981e-10,4.023551809950732e-06,0.06459512561559677,1.2294080079300329e-05
G39,55,690.0780639648438,0.9449449181556702,-49.623416900634766,-49.623416900634766,14.0,14.0,-17.0546875,86.0,173.0,1385.97802734375,-33.6149787902832,0.017991673201322556,0.017912160605192184,0.018069449812173843,0.017991673201322556,0.017991673201322556,1.682284178627924e-08,4.486089437705232e-06,0.06525398045778275,1.63765434990637e-05
G39,56,702.5885620117188,0.9439439177513123,-49.93891906738281,-49.93891906738281,14.0,14.0,71.1015625,211.0,211.0,1385.970703125,-33.96625518798828,0.018199769780039787,0.018119357526302338,0.018278425559401512,0.018199769780039787,0.018199769780039787,2.0430508840263428e-08,3.0556336696463404e-06,0.06592214107513428,1.8387014279142022e-05
G39,57,715.09912109375,0.9429429173469543,-50.260826110839844,-50.260826110839844,14.0,14.0,-278.8125,-165.0,211.0,1385.963134765625,-34.32268524169922,0.01841108500957489,0.018329761922359467,0.018490631133317947,0.01841108500957489,0.01841108500957489,7.269064461468133e-09,2.604117071314249e-06,0.06659979373216629,1.2972696822544094e-05
G39,58,727.609619140625,0.9419419169425964,-50.58915710449219,-50.58915710449219,14.0,14.0,-44.6015625,61.0,211.0,1385.955322265625,-34.684349060058594,0.018625684082508087,0.018543435260653496,0.01870613731443882,0.018625684082508087,0.018625684082508087,-1.1507921726661152e-08,3.935313998226775e-06,0.06728707998991013,1.1837831152661238e-05
G39,59,740.1201171875,0.9409409165382385,-50.92393112182617,-50.92393112182617,14.0,14.0,81.0078125,218.0,218.0,1385.947265625,-35.051334381103516,0.018843628466129303,0.01876043900847435,0.018924998119473457,0.018843628466129303,0.018843628466129303,-1.974792418479865e-08,3.2497080155735603e-06,0.06798417866230011,1.591862201166805e-05
G39,60,752.630615234375,0.9399399161338806,-51.26521301269531,-51.26521301269531,14.0,14.0,-87.84375,42.0,218.0,1385.939208984375,-35.42375183105469,0.019064979627728462,0.018980836495757103,0.01914728432893753,0.019064979627728462,0.019064979627728462,-1.0836754604781618e-08,2.076112650684081e-06,0.06869125366210938,1.3589886293630116e-05
G39,61,765.14111328125,0.9389389157295227,-51.61304473876953,-51.61304473876953,14.0,14.0,-60.859375,52.0,218.0,1385.930908203125,-35.80170440673828,0.019289802759885788,0.019204694777727127,0.019373051822185516,0.019289802759885788,0.019289802759885788,6.5436163154686255e-09,3.189080189258675e-06,0.06940849125385284,9.626243809179869e-06
G39,62,777.6516723632812,0.9379379153251648,-51.967464447021484,-51.967464447021484,14.0,14.0,75.2421875,201.0,218.0,1385.922119140625,-36.18527603149414,0.01951816864311695,0.019432079046964645,0.019602373242378235,0.01951816864311695,0.01951816864311695,1.6829261539896834e-08,3.1475692594540305e-06,0.07013604789972305,1.2941078239236958e-05
G39,63,790.1621704101562,0.9369369149208069,-52.32853698730469,-52.32853698730469,14.0,14.0,52.9765625,209.0,218.0,1385.913330078125,-36.57457733154297,0.019750136882066727,0.019663048908114433,0.019835319370031357,0.019750136882066727,0.019750136882066727,1.1845865621751273e-08,2.018987515839399e-06,0.07087411731481552,1.3042142199992668e-05
G39,64,802.6726684570312,0.935935914516449,-52.69633483886719,-52.69633483886719,14.0,14.0,-90.484375,-1.0,218.0,1385.904296875,-36.969722747802734,0.019985781982541084,0.01989768259227276,0.020071953535079956,0.019985781982541084,0.019985781982541084,-2.6831072919009102e-09,2.511693082851707e-06,0.07162287831306458,8.902983609004878e-06
G39,65,815.1831665039062,0.9349349141120911,-53.0709114074707,-53.0709114074707,14.0,14.0,58.734375,196.0,218.0,1385.894775390625,-37.37080764770508,0.020225169137120247,0.020136045292019844,0.020312344655394554,0.020225169137120247,0.020225169137120247,-1.3428906875390112e-08,2.8714637210214278e-06,0.07238251715898514,1.0462666068633553e-05
G39,66,827.6936645507812,0.9339339137077332,-53.45233154296875,-53.45233154296875,14.0,14.0,85.2578125,263.0,263.0,1385.88525390625,-37.77793884277344,0.020468370988965034,0.02037820778787136,0.02055656909942627,0.020468370988965034,0.020468370988965034,-1.161417007011778e-08,1.9511264781613136e-06,0.07315321266651154,1.1822387932625134e-05
G39,67,840.2042236328125,0.9329329133033752,-53.84069061279297,-53.84069061279297,14.0,14.0,-156.78125,3.0,263.0,1385.875244140625,-38.19123840332031,0.020715463906526566,0.020624244585633278,0.020804697647690773,0.020715463906526566,0.020715463906526566,8.300776732639292e-11,2.0242464415787254e-06,0.07393515855073929,8.428113687841687e-06
G39,68,852.7147216796875,0.9319319128990173,-54.236045837402344,-54.236045837402344,14.0,14.0,33.4765625,183.0,263.0,1385.865234375,-38.61080551147461,0.02096652053296566,0.020874222740530968,0.021056802943348885,0.02096652053296566,0.02096652053296566,1.0796327387652127e-08,2.5418917175557e-06,0.07472856342792511,8.724719918973278e-06
G39,69,865.2252197265625,0.9309309124946594,-54.638492584228516,-54.638492584228516,14.0,14.0,98.125,281.0,281.0,1385.854736328125,-39.036766052246094,0.021221619099378586,0.021128227934241295,0.02131296694278717,0.021221619099378586,0.021221619099378586,1.11201350350143e-08,1.8045303704639082e-06,0.07553361356258392,1.0446296982991043e-05
G39,70,877.7357177734375,0.9299299120903015,-55.04811477661133,-55.04811477661133,14.0,14.0,-209.8203125,-48.0,281.0,1385.843994140625,-39.469234466552734,0.021480830386281013,0.02138633467257023,0.02157326601445675,0.021480830386281013,0.021480830386281013,1.1233250996056654e-09,1.727286758068658e-06,0.07635051757097244,7.762083441775758e-06
G39,71,890.2462158203125,0.9289289116859436,-55.46501541137695,-55.46501541137695,14.0,14.0,21.6875,146.0,281.0,1385.832763671875,-39.908329010009766,0.021744240075349808,0.021648619323968887,0.02183777280151844,0.021744240075349808,0.021744240075349808,-9.607107998022002e-09,2.222918055849732e-06,0.07717946916818619,7.577486485388363e-06
G39,72,902.7567749023438,0.9279279112815857,-55.8892707824707,-55.8892707824707,14.0,14.0,113.7421875,272.0,281.0,1385.821533203125,-40.35417175292969,0.022011926397681236,0.021915163844823837,0.02210657298564911,0.022011926397681236,0.022011926397681236,-1.054607512429584e-08,1.6048197721829638e-06,0.07802068442106247,9.161076377495192e-06
G39,73,915.2672729492188,0.9269269108772278,-56.32099151611328,-56.32099151611328,14.0,14.0,-216.5,-37.0,281.0,1385.809814453125,-40.806888580322266,0.022283969447016716,0.022186048328876495,0.02237975038588047,0.022283969447016716,0.022283969447016716,-6.377957051384442e-10,1.5548722558378358e-06,0.0788743793964386,6.9222132879076526e-06
G39,74,927.7777709960938,0.9259259104728699,-56.76028060913086,-56.76028060913086,14.0,14.0,50.265625,169.0,281.0,1385.797607421875,-41.266605377197266,0.02256045490503311,0.022461358457803726,0.02265739068388939,0.02256045490503311,0.02256045490503311,9.738286621541192e-09,1.9356289158167783e-06,0.07974077016115189,6.805448720115237e-06
G39,75,940.2882690429688,0.924924910068512,-57.20724105834961,-57.20724105834961,14.0,14.0,109.5234375,236.0,281.0,1385.785400390625,-41.733455657958984,0.022841472178697586,0.022741179913282394,0.022939573973417282,0.022841472178697586,0.022841472178697586,9.209030871204504e-09,1.3813761370329303e-06,0.08062006533145905,8.019961569516454e-06
G39,76,952.7987670898438,0.923923909664154,-57.661983489990234,-57.661983489990234,14.0,14.0,-166.3203125,-68.0,281.0,1385.7724609375,-42.20756149291992,0.023127103224396706,0.023025600239634514,0.02322639524936676,0.023127103224396706,0.023127103224396706,-1.5729141322751161e-09,1.4578458831238095e-06,0.08151250332593918,6.014431164658163e-06
G39,77,965.309326171875,0.9229229092597961,-58.12462615966797,-58.12462615966797,14.0,14.0,99.1953125,248.0,281.0,1385.75927734375,-42.689064025878906,0.023417441174387932,0.0233147032558918,0.02351793646812439,0.023417441174387932,0.023417441174387932,-9.97710802863594e-09,1.6686403796484228e-06,0.0824183002114296,6.276563453866402e-06
G39,78,977.81982421875,0.9219219088554382,-58.59528350830078,-58.59528350830078,14.0,14.0,56.4453125,205.0,281.0,1385.745849609375,-43.178104400634766,0.023712575435638428,0.023608585819602013,0.02381429448723793,0.023712575435638428,0.023712575435638428,-6.309621269906529e-09,1.1642838444458903e-06,0.0833376869559288,6.967061381146777e-06
G39,79,990.330322265625,0.9209209084510803,-59.074073791503906,-59.074073791503906,14.0,14.0,-81.4140625,29.0,281.0,1385.73193359375,-43.67481231689453,0.024012601003050804,0.023907337337732315,0.024115564301609993,0.024012601003050804,0.024012601003050804,4.31651425714108e-09,1.3983872122480534e-06,0.0842709019780159,5.167093604541151e-06
G39,80,1002.8408203125,0.9199199080467224,-59.561134338378906,-59.561134338378906,14.0,14.0,134.2109375,256.0,281.0,1385.717529296875,-44.17934036254883,0.024317612871527672,0.024211056530475616,0.02442183904349804,0.024317612871527672,0.024317612871527672,8.778823890054355e-09,1.399016241521167e-06,0.08521819114685059,5.899504230910679e-06
G39,81,1015.351318359375,0.9189189076423645,-60.05657958984375,-60.05657958984375,14.0,14.0,-71.171875,57.0,281.0,1385.702880859375,-44.69182586669922,0.02462770603597164,0.02451983653008938,0.02473321743309498,0.02462770603597164,0.02462770603597164,2.555254452474287e-09,1.006169668471557e-06,0.08617979288101196,5.911332664254587e-06
G39,82,1027.86181640625,0.9179179072380066,-60.560546875,-60.560546875,14.0,14.0,3.59375,109.0,281.0,1385.687744140625,-45.21242141723633,0.024942979216575623,0.024833781644701958,0.02504979446530342,0.024942979216575623,0.024942979216575623,-5.780370848640359e-09,1.3233943718660157e-06,0.08715595304965973,4.556140538625186e-06
G39,83,1040.372314453125,0.9169169068336487,-61.07318115234375,-61.07318115234375,14.0,14.0,144.234375,297.0,297.0,1385.672119140625,-45.74127960205078,0.02526353858411312,0.025152988731861115,0.025371674448251724,0.02526353858411312,0.02526353858411312,-6.404673680293627e-09,1.122506091633113e-06,0.08814692497253418,5.5318273552984465e-06
G39,84,1052.8829345703125,0.9159159064292908,-61.594608306884766,-61.594608306884766,14.0,14.0,-181.34375,3.0,297.0,1385.656005859375,-46.27854919433594,0.025589482858777046,0.025477556511759758,0.025698963552713394,0.025589482858777046,0.025589482858777046,4.464182634666969e-10,9.664265689934837e-07,0.08915296941995621,4.827882548852358e-06
G39,85,1065.3934326171875,0.9149149060249329,-62.12498474121094,-62.12498474121094,14.0,14.0,79.7890625,205.0,297.0,1385.639404296875,-46.82439422607422,0.025920916348695755,0.025807594880461693,0.02603176049888134,0.025920916348695755,0.025920916348695755,6.1550893271089535e-09,1.1828151400550269e-06,0.09017433226108551,4.313293629820691e-06
G39,86,1077.9039306640625,0.913913905620575,-62.66444396972656,-62.66444396972656,14.0,14.0,77.7734375,234.0,297.0,1385.622314453125,-47.37896728515625,0.0262579508125782,0.026143211871385574,0.026370178908109665,0.0262579508125782,0.0262579508125782,3.97172650323796e-09,8.822993322610273e-07,0.09121128916740417,4.9764917093853e-06
G39,87,1090.4144287109375,0.912912905216217,-63.21315383911133,-63.21315383911133,14.0,14.0,-80.7421875,95.0,297.0,1385.604736328125,-47.942440032958984,0.02660069428384304,0.026484515517950058,0.02671433426439762,0.02660069428384304,0.02660069428384304,-3.23260129775349e-09,9.991399565478787e-07,0.09226411581039429,3.900789124600124e-06
G39,88,1102.9249267578125,0.9119119048118591,-63.77125930786133,-63.77125930786133,14.0,14.0,144.9375,273.0,297.0,1385.586669921875,-48.514976501464844,0.026949258521199226,0.026831621304154396,0.027064329013228416,0.026949258521199226,0.026949258521199226,-5.875247843789566e-09,9.646123544371221e-07,0.09333307296037674,4.274783805158222e-06
G39,89,1115.4354248046875,0.9109109044075012,-64.33892822265625,-64.33892822265625,14.0,14.0,-117.6953125,7.0,297.0,1385.56787109375,-49.096744537353516,0.027303757146000862,0.027184635400772095,0.027420280501246452,0.027303757146000862,0.027303757146000862,-2.2266145871530085e-10,7.786482001392869e-07,0.09441844373941422,4.134533355681924e-06
G39,90,1127.9459228515625,0.9099099040031433,-64.91630554199219,-64.91630554199219,14.0,14.0,73.0,168.0,297.0,1385.548828125,-49.68791961669922,0.027664311230182648,0.027543677017092705,0.02778230607509613,0.027664311230182648,0.027664311230182648,5.4157665019261e-09,9.475361366639845e-07,0.09552051872015,3.4920296911877813e-06
G39,91,1140.4564208984375,0.9089089035987854,-65.50357055664062,-65.50357055664062,14.0,14.0,81.6484375,243.0,297.0,1385.52880859375,-50.288673400878906,0.028031038120388985,0.027908870950341225,0.028150534257292747,0.028031038120388985,0.028031038120388985,2.701397106008585e-09,7.427237278534449e-07,0.09663958102464676,4.01669740313082e-06
G39,92,1152.9669189453125,0.9079079031944275,-66.10089111328125,-66.10089111328125,14.0,14.0,-62.234375,60.0,297.0,1385.508544921875,-50.899200439453125,0.028404057025909424,0.02828032895922661,0.028525076806545258,0.028404057025909424,0.028404057025909424,-3.649073931910607e-09,8.119366157188779e-07,0.0977759137749672,3.273502443335019e-06
G39,93,1165.4774169921875,0.9069069027900696,-66.70845031738281,-66.70845031738281,14.0,14.0,137.1953125,251.0,297.0,1385.4873046875,-51.51966857910156,0.028783494606614113,0.028658190742135048,0.02890606038272381,0.028783494606614113,0.028783494606614113,-3.7106748784765387e-09,7.705077678110683e-07,0.09892982989549637,3.498897513054544e-06
G39,94,1177.988037109375,0.9059059023857117,-67.32640075683594,-67.32640075683594,14.0,14.0,-119.8671875,-19.0,297.0,1385.465576171875,-52.15027618408203,0.0291694775223732,0.0290425643324852,0.029293613508343697,0.0291694775223732,0.0291694775223732,1.6371702882267414e-09,6.692820875286998e-07,0.10010162740945816,3.3262626857322175e-06
G39,95,1190.49853515625,0.9049049019813538,-67.9549560546875,-67.9549560546875,14.0,14.0,99.953125,223.0,297.0,1385.443359375,-52.79120635986328,0.02956213429570198,0.029433587566018105,0.02968786470592022,0.02956213429570198,0.02956213429570198,3.503153100936629e-09,7.558373340543767e-07,0.10129159688949585,2.971457433886826e-06
G39,96,1203.009033203125,0.9039039015769958,-68.59428405761719,-68.59428405761719,14.0,14.0,-1.2734375,160.0,297.0,1385.420166015625,-53.442657470703125,0.0299616027623415,0.029831400141119957,0.03008895181119442,0.0299616027623415,0.0299616027623415,9.71402906030372e-12,6.052542858014931e-07,0.1025000736117363,3.23467975249514e-06
G39,97,1215.51953125,0.9029029011726379,-69.24458312988281,-69.24458312988281,14.0,14.0,19.671875,151.0,297.0,1385.396484375,-54.10483169555664,0.030368009582161903,0.030236124992370605,0.030497003346681595,0.030368009582161903,0.030368009582161903,-2.6056694579779105e-09,6.895724595779029e-07,0.10372735559940338,2.6861162041313946e-06
G39,98,1228.030029296875,0.90190190076828,-69.90605163574219,-69.90605163574219,14.0,14.0,92.5546875,220.0,297.0,1385.371826171875,-54.777931213378906,0.030781500041484833,0.030647899955511093,0.030912164598703384,0.030781500041484833,0.030781500041484833,-1.1927089316188244e-09,5.897171035940119e-07,0.10497377812862396,2.9606694624817465e-06
G39,99,1240.54052734375,0.9009009003639221,-70.57888793945312,-70.57888793945312,14.0,14.0,-60.0625,61.0,297.0,1385.3466796875,-55.462158203125,0.031202208250761032,0.03106687217950821,0.03133457154035568,0.031202208250761032,0.031202208250761032,1.5930267105446205e-09,6.044280667083513e-07,0.10623966157436371,2.5826388991845306e-06
G39,100,1253.051025390625,0.8998998999595642,-71.26329040527344,-71.26329040527344,14.0,14.0,119.703125,236.0,297.0,1385.320556640625,-56.15773010253906,0.03163028508424759,0.031493183225393295,0.031764376908540726,0.03163028508424759,0.03163028508424759,1.988614384274001e-09,5.771349265160097e-07,0.10752534121274948,2.6289237666787812e-06
G39,101,1265.5615234375,0.8988988995552063,-71.95945739746094,-71.95945739746094,14.0,14.0,-81.765625,82.0,297.0,1385.293701171875,-56.86485290527344,0.03206586837768555,0.03192697465419769,0.032201722264289856,0.03206586837768555,0.03206586837768555,-9.102592568588364e-10,5.325570100467303e-07,0.10883115231990814,2.505120164641994e-06
G39,102,1278.072021484375,0.8978978991508484,-72.66761779785156,-72.66761779785156,14.0,14.0,105.453125,218.0,297.0,1385.265869140625,-57.5837516784668,0.03250911831855774,0.03236839920282364,0.03264675289392471,0.03250911831855774,0.03250911831855774,-2.3206616628357324e-09,5.521923185369815e-07,0.11015743017196655,2.3414154384227004e-06
G39,103,1290.58251953125,0.8968968987464905,-73.38798522949219,-73.38798522949219,14.0,14.0,-49.7265625,125.0,297.0,1385.2373046875,-58.31465148925781,0.03296017646789551,0.03281760960817337,0.03309962525963783,0.03296017646789551,0.03296017646789551,5.506522460230201e-10,4.82882001051621e-07,0.11150453984737396,2.386188498348929e-06
G39,104,1303.0931396484375,0.8958958983421326,-74.12078857421875,-74.12078857421875,14.0,14.0,76.296875,173.0,297.0,1385.207763671875,-59.05777359008789,0.03341921046376228,0.033274754881858826,0.03356049209833145,0.03341921046376228,0.03341921046376228,2.2027513146838373e-09,5.169140422367491e-07,0.11287281662225723,2.12789336728747e-06
G39,105,1315.6036376953125,0.8948948979377747,-74.86624145507812,-74.86624145507812,14.0,14.0,-10.9453125,122.0,297.0,1385.17724609375,-59.813358306884766,0.033886369317770004,0.03373999521136284,0.034029521048069,0.033886369317770004,0.033886369317770004,-2.4674975951377576e-10,4.481454141114227e-07,0.11426262557506561,2.2309111500362633e-06
G39,106,1328.1141357421875,0.8938938975334167,-75.62457275390625,-75.62457275390625,14.0,14.0,45.8125,153.0,297.0,1385.145751953125,-60.581634521484375,0.0343618206679821,0.03421349823474884,0.03450687229633331,0.0343618206679821,0.0343618206679821,-1.9453003652358802e-09,4.781432494382898e-07,0.11567432433366776,1.9698049982252996e-06
G39,107,1340.6246337890625,0.8928928971290588,-76.39604187011719,-76.39604187011719,14.0,14.0,18.7734375,173.0,297.0,1385.11328125,-61.36284637451172,0.03484572842717171,0.03469542786478996,0.03499271348118782,0.03484572842717171,0.03484572842717171,1.0240484675516637e-11,4.203459980089974e-07,0.1171082928776741,2.0656038941524457e-06
G39,108,1353.1351318359375,0.8918918967247009,-77.18084716796875,-77.18084716796875,14.0,14.0,18.7109375,124.0,297.0,1385.079833984375,-62.15724182128906,0.03533826395869255,0.035185955464839935,0.03548720106482506,0.03533826395869255,0.03533826395869255,1.6950213455046992e-09,4.411051008901268e-07,0.1185648962855339,1.84366479061282e-06
G39,109,1365.6456298828125,0.890890896320343,-77.9792709350586,-77.9792709350586,14.0,14.0,30.7421875,190.0,297.0,1385.045166015625,-62.96506881713867,0.03583959490060806,0.03568524494767189,0.03599052503705025,0.03583959490060806,0.03583959490060806,1.1644431252566534e-10,3.960240348988009e-07,0.12004450708627701,1.9199601410946343e-06
G39,110,1378.1561279296875,0.8898898959159851,-78.79154968261719,-78.79154968261719,14.0,14.0,10.515625,138.0,297.0,1385.009521484375,-63.786582946777344,0.03634990006685257,0.03619348257780075,0.03650285303592682,0.03634990006685257,0.03634990006685257,-1.5803266473213284e-09,4.100433557141514e-07,0.12154752761125565,1.783363586582709e-06
G39,111,1390.6666259765625,0.8888888955116272,-79.6179428100586,-79.6179428100586,14.0,14.0,24.375,159.0,297.0,1384.97265625,-64.62203979492188,0.0368693582713604,0.03671082854270935,0.037024371325969696,0.0368693582713604,0.0368693582713604,2.3864732412448575e-10,3.7607301806019677e-07,0.12307432293891907,1.946096745086834e-06
G39,112,1403.1771240234375,0.8878878951072693,-80.45870971679688,-80.45870971679688,14.0,14.0,-2.4453125,164.0,297.0,1384.9345703125,-65.47171020507812,0.03739815577864647,0.037237487733364105,0.037555254995822906,0.03739815577864647,0.03739815577864647,7.432875426260921e-10,3.864615791826509e-07,0.1246253103017807,1.9788808458542917e-06
G39,113,1415.6876220703125,0.8868868947029114,-81.31411743164062,-81.31411743164062,14.0,14.0,1.328125,178.0,297.0,1384.895263671875,-66.33586883544922,0.03793647885322571,0.037773631513118744,0.03809570148587227,0.03793647885322571,0.03793647885322571,5.73724401320419e-10,3.585583954190952e-07,0.126200869679451,2.069587480946211e-06
G39,114,1428.1982421875,0.8858858942985535,-82.18443298339844,-82.18443298339844,14.0,14.0,-10.7578125,109.0,297.0,1384.854736328125,-67.21478271484375,0.03848451003432274,0.038319461047649384,0.038645897060632706,0.03848451003432274,0.03848451003432274,-1.9731771772057982e-09,3.7058740076645336e-07,0.12780141830444336,2.1177411326789297e-06
G39,115,1440.708740234375,0.8848848938941956,-83.06993103027344,-83.06993103027344,14.0,14.0,-31.96875,141.0,297.0,1384.81298828125,-68.10872650146484,0.03904245048761368,0.03887515515089035,0.03920603543519974,0.03904245048761368,0.03904245048761368,1.6807552016828708e-09,3.5184751823180704e-07,0.12942735850811005,2.369864205320482e-06
G39,116,1453.21923828125,0.8838838934898376,-83.97088623046875,-83.97088623046875,14.0,14.0,-25.734375,108.0,297.0,1384.76953125,-69.01799011230469,0.03961050510406494,0.039440929889678955,0.03977631404995918,0.03961050510406494,0.03961050510406494,-9.141618018126962e-10,3.6559058003149403e-07,0.13107910752296448,2.58601403402281e-06
G39,117,1465.729736328125,0.8828828930854797,-84.88760375976562,-84.88760375976562,14.0,14.0,-81.96875,99.0,297.0,1384.724853515625,-69.94287109375,0.04018886387348175,0.04001697525382042,0.040356941521167755,0.04018886387348175,0.04018886387348175,1.3146361776961157e-09,3.6141213399787375e-07,0.13275709748268127,3.0123101169010624e-06
G39,118,1478.240234375,0.8818818926811218,-85.82036590576172,-85.82036590576172,14.0,14.0,-71.375,134.0,297.0,1384.6787109375,-70.88365936279297,0.04077773913741112,0.04060349613428116,0.04094811528921127,0.04077773913741112,0.04077773913741112,-2.407301913365245e-09,3.8098107779660495e-07,0.13446173071861267,3.486098421490169e-06
G39,119,1490.750732421875,0.8808808922767639,-86.76947784423828,-86.76947784423828,14.0,14.0,-150.296875,80.0,297.0,1384.631103515625,-71.84066009521484,0.04137733578681946,0.04120069742202759,0.04155005142092705,0.04137733578681946,0.04137733578681946,2.517248187672294e-09,4.071544594808074e-07,0.13619345426559448,4.231599632475991e-06
G39,120,1503.26123046875,0.879879891872406,-87.73522186279297,-87.73522186279297,14.0,14.0,-183.875,83.0,297.0,1384.581787109375,-72.81417083740234,0.04198787361383438,0.041808802634477615,0.04216296970844269,0.04198787361383438,0.04198787361383438,-1.3718686187047524e-09,4.6487269855788327e-07,0.13795270025730133,5.318846888258122e-06
G39,121,1515.771728515625,0.8788788914680481,-88.71793365478516,-88.71793365478516,14.0,14.0,-295.4140625,18.0,297.0,1384.53076171875,-73.80451965332031,0.042609576135873795,0.04242803528904915,0.04278707504272461,0.042609576135873795,0.042609576135873795,1.009200834012347e-09,5.580004085459223e-07,0.13973990082740784,6.88261934556067e-06
G39,122,1528.2822265625,0.8778778910636902,-89.71791076660156,-89.71791076660156,14.0,14.0,-384.6171875,3.0,297.0,1384.478271484375,-74.81200408935547,0.04324265196919441,0.0430586040019989,0.04342260584235191,0.04324265196919441,0.04324265196919441,-2.1002575234518872e-09,7.089582254593552e-07,0.14155550301074982,8.946765774453525e-06
G39,123,1540.792724609375,0.8768768906593323,-90.7354736328125,-90.7354736328125,14.0,14.0,-527.46875,0.0,297.0,1384.423828125,-75.83695983886719,0.043887339532375336,0.04370074346661568,0.04406978562474251,0.043887339532375336,0.043887339532375336,2.372892105029223e-09,9.42370320444752e-07,0.14339995384216309,1.1283636922598816e-05
G39,124,1553.3033447265625,0.8758758902549744,-91.77096557617188,-91.77096557617188,14.0,14.0,-680.7265625,-112.0,297.0,1384.36767578125,-76.87971496582031,0.04454386234283447,0.04435468092560768,0.0447288379073143,0.044543858617544174,0.044543858617544174,9.809019152484666e-10,1.3101580407237634e-06,0.14527370035648346,1.4384216228791047e-05
G39,125,1565.8138427734375,0.8748748898506165,-92.82469940185547,-92.82469940185547,14.0,14.0,-835.109375,-300.0,297.0,1384.3095703125,-77.94061279296875,0.04521246254444122,0.045020654797554016,0.04540000483393669,0.04521246254444122,0.04521246254444122,-9.486192276142447e-09,1.8837257584891631e-06,0.14717721939086914,1.842994606704451e-05
G39,126,1578.3243408203125,0.8738738894462585,-93.89701080322266,-93.89701080322266,14.0,14.0,-978.515625,-529.0,297.0,1384.24951171875,-79.01997375488281,0.04589337855577469,0.04569889232516289,0.04608353599905968,0.04589337855577469,0.04589337855577469,2.0530189104306373e-08,2.7329440399626037e-06,0.14911095798015594,2.385731932008639e-05
G39,127,1590.8348388671875,0.8728728890419006,-94.98826599121094,-94.98826599121094,14.0,14.0,-1069.1015625,-684.0,297.0,1384.187255859375,-80.1181640625,0.04658685624599457,0.046389658004045486,0.046779658645391464,0.04658685252070427,0.04658685252070427,-3.0557256280872025e-08,3.9468268369091675e-06,0.15107539296150208,3.1207757274387404e-05
G39,128,1603.3453369140625,0.8718718886375427,-96.09880065917969,-96.09880065917969,14.0,14.0,-1128.6328125,-864.0,297.0,1384.123291015625,-81.23552703857422,0.04729313775897026,0.04709317907691002,0.047488629817962646,0.04729313403367996,0.04729313403367996,4.1825508390047617e-08,5.536460321309278e-06,0.15307095646858215,4.0173112211050466e-05
G39,129,1615.8558349609375,0.8708708882331848,-97.22896575927734,-97.22896575927734,14.0,14.0,-1148.265625,-930.0,297.0,1384.056884765625,-82.37242889404297,0.04801248386502266,0.04780973121523857,0.048210714012384415,0.04801248013973236,0.04801248013973236,-5.279481740672054e-08,7.457617812178796e-06,0.15509817004203796,5.0697180995484814e-05
G39,130,1628.3663330078125,0.8698698878288269,-98.37914276123047,-98.37914276123047,14.0,14.0,-1147.7421875,-907.0,297.0,1383.98828125,-83.52922058105469,0.04874515160918236,0.048539552837610245,0.04894616827368736,0.04874515160918236,0.04874515160918236,5.506271705257859e-08,9.503782166575547e-06,0.15715749561786652,6.166802631923929e-05
G39,131,1640.8768310546875,0.868868887424469,-99.5496826171875,-99.5496826171875,14.0,14.0,-1138.6328125,-868.0,297.0,1383.917236328125,-84.70628356933594,0.04949140548706055,0.049282923340797424,0.049695249646902084,0.04949140548706055,0.04949140548706055,-5.390929302961922e-08,1.1345668099238537e-05,0.15924939513206482,7.16053182259202e-05
G39,132,1653.3873291015625,0.8678678870201111,-100.740966796875,-100.740966796875,14.0,14.0,-1092.2734375,-796.0,297.0,1383.843994140625,-85.90399169921875,0.050251513719558716,0.050040096044540405,0.05045822635293007,0.05025150999426842,0.05025150999426842,4.930720365337038e-08,1.2837181202485226e-05,0.16137437522411346,7.849896064726636e-05
G39,133,1665.89794921875,0.8668668866157532,-101.95337677001953,-101.95337677001953,14.0,14.0,-1026.75,-764.0,297.0,1383.76806640625,-87.12273406982422,0.05102574825286865,0.050811342895030975,0.0512353740632534,0.051025744527578354,0.051025744527578354,-3.036620555008085e-08,1.407798299624119e-05,0.16353291273117065,8.24713206384331e-05
G39,134,1678.408447265625,0.8658658862113953,-103.18730926513672,-103.18730926513672,14.0,14.0,-974.1953125,-685.0,297.0,1383.689453125,-88.36289978027344,0.05181439220905304,0.051596954464912415,0.05202696472406387,0.05181438848376274,0.05181438848376274,1.5682111609294225e-08,1.5059057659527753e-05,0.1657254695892334,8.513294596923515e-05
G39,135,1690.9189453125,0.8648648858070374,-104.4431381225586,-104.4431381225586,14.0,14.0,-908.078125,-613.0,297.0,1383.6083984375,-89.6248779296875,0.052617717534303665,0.05239721015095711,0.05283329263329506,0.05261771380901337,0.05261771380901337,-2.3061716092342976e-08,1.5967929357429966e-05,0.16795258224010468,8.660254388814792e-05
G39,136,1703.429443359375,0.8638638854026794,-105.72128295898438,-105.72128295898438,14.0,14.0,-862.0,-572.0,297.0,1383.5244140625,-90.90907287597656,0.05343601852655411,0.05321238934993744,0.053654640913009644,0.05343601480126381,0.05343601480126381,2.360040340931846e-08,1.6836134818731807e-05,0.1702147126197815,8.768649422563612e-05
G39,137,1715.93994140625,0.8628628849983215,-107.02213287353516,-107.02213287353516,13.999999046325684,14.0,-840.515625,-520.0,297.0,1383.4375,-92.21590423583984,0.05426958575844765,0.054042793810367584,0.0544913075864315,0.05426958203315735,0.05426958203315735,8.827284680990033e-09,1.7753856809576973e-05,0.17251238226890564,8.924936264520511e-05
G39,138,1728.450439453125,0.8618618845939636,-108.34610748291016,-108.34610748291016,13.999999046325684,14.0,-822.9609375,-467.0,297.0,1383.34765625,-93.54576873779297,0.05511872470378876,0.054888710379600525,0.05534359812736511,0.05511872470378876,0.05511872470378876,-3.818833960167467e-08,1.8778064259095117e-05,0.17484605312347412,9.143650095211342e-05
G39,139,1740.9609375,0.8608608841896057,-109.69363403320312,-109.69363403320312,13.999998092651367,14.0,-845.921875,-521.0,297.0,1383.254638671875,-94.89910125732422,0.05598372966051102,0.05575045198202133,0.05621180310845375,0.05598372593522072,0.05598372593522072,2.1504501290792177e-08,1.981996865652036e-05,0.17721623182296753,9.486600174568594e-05
G39,140,1753.471435546875,0.8598598837852478,-111.06513214111328,-111.06513214111328,13.999998092651367,14.0,-894.453125,-437.0,297.0,1383.158447265625,-96.27631378173828,0.056864917278289795,0.05662832409143448,0.05709622800350189,0.0568649098277092,0.0568649098277092,1.685693540309785e-08,2.119762939400971e-05,0.17962342500686646,9.935736306943e-05
G39,141,1765.98193359375,0.8588588237762451,-112.46102142333984,-112.46102142333984,13.999998092651367,14.0,-956.3828125,-581.0,297.0,1383.0589599609375,-97.6778564453125,0.057762593030929565,0.057522617280483246,0.057997193187475204,0.05776258185505867,0.05776258185505867,-1.9119337224537958e-08,2.2941356291994452e-05,0.1820681095123291,0.00010574796033324674
G39,142,1778.492431640625,0.8578578233718872,-113.88176727294922,-113.88176727294922,13.999998092651367,13.999999046325684,-1036.6015625,-505.0,297.0,1382.9560546875,-99.10416412353516,0.0586770735681057,0.058433692902326584,0.05891501158475876,0.0586770661175251,0.0586770661175251,2.7547832903707103e-09,2.5040530090336688e-05,0.18455079197883606,0.0001143338595284149
G39,143,1791.0030517578125,0.8568568229675293,-115.32779693603516,-115.32779693603516,13.999998092651367,13.999999046325684,-1120.890625,-639.0,297.0,1382.849365234375,-100.5556869506836,0.059608690440654755,0.059361834079027176,0.059850022196769714,0.05960868299007416,0.05960868299007416,-4.998181779569677e-08,2.746598875091877e-05,0.1870720088481903,0.0001248375920113176
G39,144,1803.5135498046875,0.8558558225631714,-116.799560546875,-116.799560546875,13.999998092651367,13.999999046325684,-1188.5859375,-768.0,297.0,1382.739013671875,-102.03287506103516,0.060557771474123,0.06030737981200218,0.06080254539847374,0.060557764023542404,0.060557764023542404,1.4744317411441443e-07,3.003094570885878e-05,0.18963219225406647,0.00013684056466445327
G39,145,1816.0240478515625,0.8548548221588135,-118.29753112792969,-118.29753112792969,13.999996185302734,13.999998092651367,-1219.3046875,-744.0,297.0,1382.624755859375,-103.53618621826172,0.0615246444940567,0.061270687729120255,0.061772916465997696,0.061524637043476105,0.061524637043476105,-1.817941068793516e-07,3.247732820454985e-05,0.19223186373710632,0.00014914260827936232
G39,146,1828.5345458984375,0.8538538217544556,-119.82215881347656,-119.82215881347656,13.999996185302734,13.999998092651367,-1218.9140625,-862.0,297.0,1382.506591796875,-105.06608581542969,0.06250966340303421,0.06225205585360527,0.06276147812604904,0.06250964850187302,0.06250964850187302,1.1611624017859867e-07,3.4525306546129286e-05,0.19487154483795166,0.00016038522880990058
G39,147,1841.0450439453125,0.8528528213500977,-121.37391662597656,-121.37391662597656,13.999996185302734,13.999998092651367,-1180.4140625,-842.0,297.0,1382.38427734375,-106.62305450439453,0.0635131448507309,0.06325186043977737,0.06376856565475464,0.0635131299495697,0.0635131299495697,-1.980280295299508e-08,3.62976934411563e-05,0.1975516676902771,0.00016950674762483686
G39,148,1853.5555419921875,0.8518518209457397,-122.95328521728516,-122.95328521728516,13.999996185302734,13.999998092651367,-1130.953125,-826.0,297.0,1382.257568359375,-108.20755767822266,0.0645354613661766,0.06427043676376343,0.06479454040527344,0.06453544646501541,0.06453544646501541,-6.930565632501384e-08,3.7808949855389073e-05,0.20027276873588562,0.00017711540567688644
G39,149,1866.0660400390625,0.8508508205413818,-124.56074523925781,-124.56074523925781,13.999996185302734,13.999998092651367,-1083.0390625,-863.0,297.0,1382.1265869140625,-109.82008361816406,0.06557697802782059,0.06530814617872238,0.0658397451043129,0.0655769631266594,0.0655769631266594,1.5919852103252197e-07,3.92274341720622e-05,0.20303529500961304,0.00018359595560468733
G39,150,1878.5765380859375,0.8498498201370239,-126.19677734375,-126.19677734375,13.999996185302734,13.99999713897705,-1044.890625,-853.0,297.0,1381.990966796875,-111.46113586425781,0.0666380375623703,0.06636534631252289,0.06690454483032227,0.06663800776004791,0.06663800776004791,-2.3275487137652817e-07,4.0490740502718836e-05,0.20583973824977875,0.0001893159787869081
G39,151,1891.0870361328125,0.848848819732666,-127.86190795898438,-127.86190795898438,13.999996185302734,13.99999713897705,-1004.03125,-770.0,297.0,1381.850341796875,-113.13118743896484,0.0677189901471138,0.0674423947930336,0.06798931956291199,0.06771896779537201,0.06771896779537201,2.341631670788047e-07,4.160322350799106e-05,0.20868657529354095,0.00019414602138567716
G39,152,1903.5975341796875,0.8478478193283081,-129.55661010742188,-129.55661010742188,13.999996185302734,13.99999713897705,-957.6640625,-725.0,297.0,1381.704833984375,-114.83076477050781,0.06882023066282272,0.06853968650102615,0.06909443438053131,0.06882021576166153,0.06882021576166153,-1.4447390128680127e-07,4.239520785631612e-05,0.21157626807689667,0.00019792189414147288
G39,153,1916.108154296875,0.8468468189239502,-131.2813720703125,-131.2813720703125,13.999996185302734,13.99999713897705,-904.546875,-664.0,297.0,1381.554443359375,-116.56034851074219,0.06994213163852692,0.0696575716137886,0.07022025436162949,0.06994210928678513,0.06994210928678513,3.610104215567844e-08,4.2995681724278256e-05,0.2145092636346817,0.00020060680981259793
G39,154,1928.61865234375,0.8458458185195923,-133.0367431640625,-133.0367431640625,13.999996185302734,13.99999713897705,-850.3125,-613.0,297.0,1381.3984375,-118.32048034667969,0.07108507305383682,0.070796437561512,0.07136718183755875,0.07108505815267563,0.07108505815267563,1.9176180643398766e-08,4.341610838309862e-05,0.21748603880405426,0.00020221936574671417
G39,155,1941.129150390625,0.8448448181152344,-134.82321166992188,-134.82321166992188,13.999996185302734,13.999998092651367,-802.8203125,-605.0,297.0,1381.2369384765625,-120.11166381835938,0.07224944233894348,0.07195665687322617,0.07253558188676834,0.0722494050860405,0.0722494050860405,-2.829754652822203e-09,4.3784402805613354e-05,0.22050699591636658,0.0002030424657277763
G39,156,1953.6396484375,0.8438438177108765,-136.641357421875,-136.641357421875,13.999996185302734,13.999998092651367,-748.546875,-514.0,297.0,1381.06982421875,-121.93443298339844,0.07343561202287674,0.07313864678144455,0.07372584193944931,0.07343558967113495,0.07343558967113495,5.096932209625038e-09,4.4088908907724544e-05,0.22357264161109924,0.00020376713655423373
G39,157,1966.150146484375,0.8428428173065186,-138.49163818359375,-138.49163818359375,13.999996185302734,13.999998092651367,-716.84375,-471.0,297.0,1380.896728515625,-123.789306640625,0.07464399188756943,0.07434277981519699,0.07493838667869568,0.07464396953582764,0.07464396953582764,-1.2924103032219136e-07,4.438540054252371e-05,0.22668331861495972,0.00020453266915865242
G39,158,1978.66064453125,0.8418418169021606,-140.3746337890625,-140.3746337890625,13.999996185302734,13.999998092651367,-691.171875,-463.0,297.0,1380.71728515625,-125.67682647705078,0.07587499171495438,0.07556945830583572,0.0761735811829567,0.07587496936321259,0.07587496936321259,2.49173922384216e-07,4.471235297387466e-05,0.2298395037651062,0.00020556645176839083
G39,159,1991.171142578125,0.8408408164978027,-142.29086303710938,-142.29086303710938,13.999996185302734,13.999998092651367,-689.453125,-477.0,297.0,1380.53173828125,-127.5975341796875,0.07712899148464203,0.07681910693645477,0.07743186503648758,0.07712896913290024,0.07712896913290024,-2.1035867803220754e-07,4.529788930085488e-05,0.23304156959056854,0.00020723199122585356
G39,160,2003.681640625,0.8398398160934448,-144.24087524414062,-144.24087524414062,13.999996185302734,13.999998092651367,-694.0546875,-459.0,297.0,1380.3394775390625,-129.55197143554688,0.0784064382314682,0.07809212058782578,0.07871361821889877,0.07840641587972641,0.07840641587972641,6.858971346446197e-08,4.595607242663391e-05,0.23628990352153778,0.00021007195755373687
G39,161,2016.192138671875,0.8388388156890869,-146.22520446777344,-146.22520446777344,13.999996185302734,13.999998092651367,-704.5078125,-464.0,297.0,1380.140380859375,-131.54067993164062,0.07970770448446274,0.07938890159130096,0.0800192654132843,0.07970768958330154,0.07970768958330154,5.304994132870888e-08,4.6893077524146065e-05,0.23958489298820496,0.00021380465477705002
G39,162,2028.70263671875,0.837837815284729,-148.2444305419922,-148.2444305419922,13.999996185302734,13.999998092651367,-735.2890625,-457.0,297.0,1379.9342041015625,-133.56422424316406,0.08103323727846146,0.08070989698171616,0.08134923875331879,0.08103321492671967,0.08103321492671967,-6.924734208269001e-08,4.798487134394236e-05,0.24292689561843872,0.00021934199321549386
G39,163,2041.2132568359375,0.8368368148803711,-150.299072265625,-150.299072265625,13.999996185302734,13.999998092651367,-760.5,-533.0,297.0,1379.720703125,-135.62313842773438,0.08238345384597778,0.08205551654100418,0.08270394057035446,0.0823834240436554,0.0823834240436554,-1.3809397181319127e-08,4.921310755889863e-05,0.24631626904010773,0.00022599495423492044
G39,164,2053.7236328125,0.8358358144760132,-152.38973999023438,-152.38973999023438,13.999996185302734,13.99999713897705,-795.3125,-470.0,297.0,1379.49951171875,-137.71804809570312,0.08375877887010574,0.08342618495225906,0.08408380299806595,0.08375874906778336,0.08375874906778336,7.339839669384673e-08,5.070126280770637e-05,0.24975331127643585,0.0002338800550205633
G39,165,2066.234130859375,0.8348348140716553,-154.5169677734375,-154.5169677734375,13.999994277954102,13.99999713897705,-823.015625,-526.0,297.0,1379.2705078125,-139.8494415283203,0.08515964448451996,0.08482233434915543,0.08548928052186966,0.08515961468219757,0.08515961468219757,-5.549414439087741e-08,5.233431875240058e-05,0.25323837995529175,0.00024272703740280122
G39,166,2078.74462890625,0.8338338136672974,-156.68130493164062,-156.68130493164062,13.999994277954102,13.999996185302734,-856.890625,-575.0,297.0,1379.0333251953125,-142.01791381835938,0.08658647537231445,0.08624440431594849,0.08692077547311783,0.08658644556999207,0.08658644556999207,2.023677403428792e-08,5.4006464779376984e-05,0.2567717134952545,0.0002523945295251906
G39,167,2091.255126953125,0.8328328132629395,-158.88336181640625,-158.88336181640625,13.999994277954102,13.999996185302734,-878.6171875,-589.0,297.0,1378.78759765625,-144.22406005859375,0.08803971856832504,0.08769281208515167,0.08837874233722687,0.08803968876600266,0.08803968876600266,2.2295680857098432e-09,5.568726555793546e-05,0.26035359501838684,0.0002621374442242086
G39,168,2103.765869140625,0.8318318128585815,-161.12368774414062,-161.12368774414062,13.999992370605469,13.999996185302734,-893.875,-603.0,297.0,1378.533203125,-146.46844482421875,0.08951982110738754,0.0891680121421814,0.08986362814903259,0.08951979130506516,0.08951979130506516,-2.407607091470254e-08,5.7301323977299035e-05,0.2639843225479126,0.00027151472750119865
G39,169,2116.2763671875,0.8308308124542236,-163.40286254882812,-163.40286254882812,13.999992370605469,13.999996185302734,-910.75,-701.0,297.0,1378.269775390625,-148.75161743164062,0.09102722257375717,0.09067045897245407,0.09137585759162903,0.09102719277143478,0.09102719277143478,4.889433213861594e-08,5.8731966419145465e-05,0.2676640450954437,0.0002802054805215448
G39,170,2128.786865234375,0.8298298120498657,-165.72145080566406,-165.72145080566406,13.999992370605469,13.999995231628418,-912.203125,-568.0,297.0,1377.996826171875,-151.07415771484375,0.09256237745285034,0.09220057725906372,0.09291590005159378,0.09256234765052795,0.09256234765052795,-3.053090935623004e-08,6.015972394379787e-05,0.2713930308818817,0.00028786127222701907
G39,171,2141.29736328125,0.8288288116455078,-168.08006286621094,-168.08006286621094,13.999992370605469,13.999995231628418,-916.84375,-664.0,297.0,1377.714111328125,-153.43667602539062,0.09412572532892227,0.09375885874032974,0.09448418766260147,0.09412569552659988,0.09412569552659988,-3.804296611065183e-08,6.154661241453141e-05,0.2751713991165161,0.0002952907234430313
G39,172,2153.807861328125,0.8278278112411499,-170.479248046875,-170.479248046875,13.999991416931152,13.999995231628418,-917.6875,-619.0,297.0,1377.42138671875,-155.8397216796875,0.09571772813796997,0.09534574300050735,0.0960811898112297,0.09571769088506699,0.09571769088506699,1.217441507606054e-07,6.305309216259047e-05,0.27899932861328125,0.00030276773031800985
G39,173,2166.318359375,0.826826810836792,-172.91958618164062,-172.91958618164062,13.999990463256836,13.999995231628418,-916.2578125,-654.0,297.0,1377.118408203125,-158.28390502929688,0.09733883291482925,0.09696165472269058,0.09770737588405609,0.09733880311250687,0.09733880311250687,-1.9311967491830728e-07,6.458293501054868e-05,0.2828769385814667,0.00031122134532779455
G39,174,2178.828857421875,0.8258258104324341,-175.40167236328125,-175.40167236328125,13.999990463256836,13.999994277954102,-911.4765625,-723.0,297.0,1376.804443359375,-160.76979064941406,0.09898950904607773,0.09860708564519882,0.09936316311359406,0.09898947924375534,0.09898947924375534,1.7131887375398946e-07,6.583051435882226e-05,0.28680431842803955,0.00031935787410475314
G39,175,2191.33935546875,0.8248248100280762,-177.92608642578125,-177.92608642578125,13.999990463256836,13.999994277954102,-911.25,-716.0,297.0,1376.479248046875,-163.29794311523438,0.1006702110171318,0.10028247535228729,0.1010490208864212,0.10067018121480942,0.10067018121480942,-4.293946531674919e-08,6.699741061311215e-05,0.29078149795532227,0.000325563654769212
G39,176,2203.849853515625,0.8238238096237183,-180.49337768554688,-180.49337768554688,13.999990463256836,13.999994277954102,-896.0859375,-662.0,297.0,1376.142578125,-165.8689727783203,0.1023814007639885,0.1019883006811142,0.10276544094085693,0.10238136351108551,0.10238136351108551,-7.972983695481162e-08,6.80906669003889e-05,0.2948085069656372,0.0003306157304905355
G39,177,2216.3603515625,0.8228228092193604,-183.10415649414062,-183.10415649414062,13.999990463256836,13.999994277954102,-907.140625,-622.0,297.0,1375.7939453125,-168.48342895507812,0.10412353277206421,0.10372501611709595,0.10451285541057587,0.10412350296974182,0.10412350296974182,1.6905872257666488e-07,6.930117524461821e-05,0.2988853454589844,0.0003360183327458799
G39,178,2228.870849609375,0.8218218088150024,-185.75900268554688,-185.75900268554688,13.999988555908203,13.999994277954102,-911.390625,-657.0,297.0,1375.432861328125,-171.14190673828125,0.10589707642793655,0.10549309104681015,0.10629173368215561,0.10589703917503357,0.10589703917503357,-2.402489940322994e-07,7.077498594298959e-05,0.3030119836330414,0.0003429045609664172
G39,179,2241.38134765625,0.8208208084106445,-188.45846557617188,-188.45846557617188,13.999988555908203,13.999993324279785,-921.96875,-650.0,297.0,1375.05908203125,-173.844970703125,0.10770248621702194,0.10729298740625381,0.10810253769159317,0.10770244896411896,0.10770244896411896,2.721607756939193e-07,7.232256757561117e-05,0.3071882724761963,0.0003516066644806415
G39,180,2253.891845703125,0.8198198080062866,-191.20309448242188,-191.20309448242188,13.999988555908203,13.999992370605469,-934.2265625,-708.0,297.0,1374.671875,-176.59320068359375,0.10954023897647858,0.10912518203258514,0.10994571447372437,0.109540194272995,0.109540194272995,-1.938105924637057e-07,7.38860180717893e-05,0.31141409277915955,0.0003611720458138734
G39,181,2266.40234375,0.8188188076019287,-193.99349975585938,-193.99349975585938,13.999987602233887,13.999992370605469,-940.953125,-606.0,297.0,1374.2711181640625,-179.38714599609375,0.11141078919172287,0.11099007725715637,0.111821748316288,0.11141075193881989,0.11141075193881989,4.617153948061059e-08,7.541614468209445e-05,0.315689355134964,0.0003706348070409149
G39,182,2278.912841796875,0.8178178071975708,-196.83023071289062,-196.83023071289062,13.99998664855957,13.999992370605469,-948.6796875,-715.0,297.0,1373.856201171875,-182.22738647460938,0.11331459134817123,0.11288820952177048,0.11373109370470047,0.11331454664468765,0.11331454664468765,-1.9115294236371483e-08,7.708006160100922e-05,0.32001373171806335,0.00038059381768107414
G39,183,2291.42333984375,0.8168168067932129,-199.7138214111328,-199.7138214111328,13.99998664855957,13.999991416931152,-958.2890625,-727.0,297.0,1373.426513671875,-185.1144561767578,0.11525211483240128,0.11481998860836029,0.1156742051243782,0.1152520701289177,0.1152520701289177,1.478341715710485e-07,7.880420162109658e-05,0.3243870437145233,0.0003908567887265235
G39,184,2303.933837890625,0.815815806388855,-202.6448211669922,-202.6448211669922,13.999984741210938,13.999990463256836,-971.3359375,-748.0,297.0,1372.981689453125,-188.0489044189453,0.11722379922866821,0.11678589880466461,0.11765153706073761,0.11722376197576523,0.11722376197576523,-2.211321401546229e-07,8.049541793297976e-05,0.3288089632987976,0.00040116964373737574
G39,185,2316.4443359375,0.8148148059844971,-205.62379455566406,-205.62379455566406,13.999984741210938,13.999990463256836,-980.625,-677.0,297.0,1372.521240234375,-191.0312957763672,0.11923012137413025,0.11878638714551926,0.1196635365486145,0.11923007667064667,0.11923007667064667,2.246303552055906e-07,8.21403882582672e-05,0.3332791030406952,0.0004114710900466889
G39,186,2328.954833984375,0.8138138055801392,-208.65126037597656,-208.65126037597656,13.999984741210938,13.999990463256836,-989.6328125,-724.0,297.0,1372.044677734375,-194.06214904785156,0.1212715283036232,0.12082192301750183,0.12171065807342529,0.12127147614955902,0.12127147614955902,-2.941807224488002e-07,8.405399421462789e-05,0.337797075510025,0.0004217476525809616
G39,187,2341.46533203125,0.8128128051757812,-211.72776794433594,-211.72776794433594,13.999982833862305,13.99998950958252,-1011.296875,-772.0,297.0,1371.55126953125,-197.1420135498047,0.12334845215082169,0.12289295345544815,0.1237933561205864,0.1233484074473381,0.1233484074473381,3.489622315555607e-07,8.617985440650955e-05,0.3423624336719513,0.0004342403553891927
G39,188,2353.97607421875,0.8118118047714233,-214.8538055419922,-214.8538055419922,13.999980926513672,13.999988555908203,-1008.65625,-805.0,297.0,1371.04052734375,-200.27137756347656,0.12546135485172272,0.12499988079071045,0.12591205537319183,0.12546131014823914,0.12546131014823914,-2.814854553889745e-07,8.843701652949676e-05,0.346974641084671,0.0004477956972550601
G39,189,2366.486572265625,0.8108108043670654,-218.02987670898438,-218.02987670898438,13.999980926513672,13.999987602233887,-986.21875,-625.0,297.0,1370.51220703125,-203.45077514648438,0.1276106834411621,0.12714320421218872,0.12806721031665802,0.12761062383651733,0.12761062383651733,1.861906611111408e-07,9.07058420125395e-05,0.35163313150405884,0.00046183407539501786
G39,190,2378.9970703125,0.8098098039627075,-221.25650024414062,-221.25650024414062,13.999979019165039,13.999988555908203,-957.203125,-464.0,297.0,1369.96533203125,-206.6806640625,0.1297968477010727,0.1293233335018158,0.13025926053524017,0.12979678809642792,0.12979678809642792,-2.0293242641855613e-08,9.299137309426442e-05,0.3563372790813446,0.0004750683146994561
G39,191,2391.507568359375,0.8088088035583496,-224.53416442871094,-224.53416442871094,13.999979972839355,13.999998092651367,-878.71875,-139.0,297.0,1369.3994140625,-209.96157836914062,0.1320202797651291,0.1315407007932663,0.13248862326145172,0.1320202350616455,0.1320202350616455,-6.129464935611395e-08,9.607533866073936e-05,0.3610864281654358,0.00048753610462881625
G39,192,2404.01806640625,0.8078078031539917,-227.86329650878906,-227.86329650878906,13.999981880187988,14.00002670288086,-744.09375,157.0,297.0,1368.81396484375,-213.29393005371094,0.13428141176700592,0.13379573822021484,0.1347557008266449,0.13428136706352234,0.13428136706352234,1.1664942789479937e-08,0.00010089999705087394,0.36587977409362793,0.000501635018736124
G39,193,2416.528564453125,0.8068068027496338,-231.24441528320312,-231.24441528320312,13.999992370605469,14.0001220703125,-537.2890625,522.0,522.0,1368.208251953125,-216.67823791503906,0.1365806758403778,0.13608884811401367,0.13706094026565552,0.13658060133457184,0.13658060133457184,1.5822585908153997e-07,0.0001103463873732835,0.37071654200553894,0.0005175764090381563
G39,194,2429.0390625,0.8058058023452759,-234.67791748046875,-234.67791748046875,14.000025749206543,14.00044059753418,-225.40625,887.0,887.0,1367.58154296875,-220.1148681640625,0.1389184594154358,0.1384204626083374,0.13940472900867462,0.13891832530498505,0.13891832530498505,-1.0731807975616903e-07,0.00012999861792195588,0.37559589743614197,0.0005386750563047826
G39,195,2441.549560546875,0.804804801940918,-238.1642608642578,-238.1642608642578,14.000137329101562,14.001337051391602,143.0625,1138.0,1138.0,1366.933349609375,-223.604248046875,0.1412951648235321,0.1407909393310547,0.14178746938705444,0.14129488170146942,0.14129488170146942,4.938906954521372e-07,0.00016981453518383205,0.38051700592041016,0.0005751607241109014
G39,196,2454.06005859375,0.8038038015365601,-241.70391845703125,-241.70391845703125,14.00046443939209,14.00343132019043,519.3359375,1348.0,1348.0,1366.262939453125,-227.14669799804688,0.1437111645936966,0.14320074021816254,0.14420953392982483,0.14371050894260406,0.14371050894260406,4.473472472454887e-07,0.00024523286265321076,0.3854791522026062,0.0006654226453974843
G39,197,2466.570556640625,0.8028028011322021,-245.29733276367188,-245.29733276367188,14.001317977905273,14.007554054260254,872.2265625,1475.0,1475.0,1365.56982421875,-230.74237060546875,0.1461668461561203,0.14565017819404602,0.14667131006717682,0.14616531133651733,0.14616531133651733,1.037133984027605e-06,0.00037108262768015265,0.3904818892478943,0.0008924924768507481
G39,198,2479.0810546875,0.8018018007278442,-248.94497680664062,-248.94497680664062,14.003233909606934,14.014830589294434,1142.0078125,1533.0,1533.0,1364.852783203125,-234.39120483398438,0.14866261184215546,0.14813965559005737,0.14917317032814026,0.1486593335866928,0.1486593335866928,2.104442955896957e-06,0.0005561341531574726,0.3955252468585968,0.0013140972005203366
G39,199,2491.591552734375,0.8008008003234863,-252.6474609375,-252.6474609375,14.006980895996094,14.026148796081543,1330.8671875,1573.0,1573.0,1364.111572265625,-238.09300231933594,0.15119880437850952,0.15066953003406525,0.1517154425382614,0.15119242668151855,0.15119242668151855,3.6223461847839644e-06,0.0008037014631554484,0.4006095826625824,0.0019467297242954373
G39,200,2504.10205078125,0.7997997999191284,-256.40533447265625,-256.40533447265625,14.013559341430664,14.042998313903809,1446.1015625,1592.0,1592.0,1363.34521484375,-241.84732055664062,0.15377576649188995,0.1532401591539383,0.15429849922657013,0.15376433730125427,0.15376433730125427,5.114728082844522e-06,0.0011180242290720344,0.40573564171791077,0.002790670143440366
G39,201,2516.612548828125,0.7987987995147705,-260.2192077636719,-260.2192077636719,14.024266242980957,14.067301750183105,1518.4921875,1616.0,1616.0,1362.55322265625,-245.6535186767578,0.15639381110668182,0.15585188567638397,0.15692265331745148,0.15637460350990295,0.15637460350990295,6.7732876232184935e-06,0.0015000798739492893,0.41090479493141174,0.003852348541840911
G39,202,2529.123046875,0.7977977991104126,-264.0897521972656,-264.0897521972656,14.040714263916016,14.100921630859375,1555.15625,1625.0,1625.0,1361.734619140625,-249.5106201171875,0.15905332565307617,0.15850503742694855,0.15958821773529053,0.15902259945869446,0.15902259945869446,1.055926622939296e-05,0.0019542051013559103,0.4161189794540405,0.005146885756403208
G39,203,2541.633544921875,0.7967967987060547,-268.0177307128906,-268.0177307128906,14.0648832321167,14.146280288696289,1584.1796875,1660.0,1660.0,1360.888671875,-253.4174041748047,0.16175459325313568,0.16119994223117828,0.16230346262454987,0.16170759499073029,0.16170759499073029,1.3007343113713432e-05,0.002483576303347945,0.4213809072971344,0.006694290321320295
G39,204,2554.14404296875,0.7957957983016968,-272.0039367675781,-272.0039367675781,14.099061012268066,14.205511093139648,1602.265625,1665.0,1665.0,1360.014404296875,-257.3724060058594,0.1644979566335678,0.16393692791461945,0.16515277326107025,0.16442857682704926,0.16442857682704926,1.5868408809183165e-05,0.003089297330006957,0.4266939163208008,0.008505500853061676
G39,205,2566.654541015625,0.7947947978973389,-276.0493469238281,-276.0493469238281,14.145866394042969,14.28220272064209,1616.203125,1684.0,1684.0,1359.111328125,-261.3739318847656,0.16728374361991882,0.1667162925004959,0.1680814027786255,0.1671844869852066,0.1671844869852066,2.049576141871512e-05,0.0037758732214570045,0.4320622384548187,0.010593515820801258
G39,206,2579.1650390625,0.793793797492981,-280.1549072265625,-280.1549072265625,14.2083101272583,14.379364967346191,1631.2578125,1716.0,1716.0,1358.178466796875,-265.41998291015625,0.1701122224330902,0.16953840851783752,0.1711006909608841,0.1699739396572113,0.1699739396572113,2.475585824868176e-05,0.004546136129647493,0.4374910891056061,0.012977425009012222
G39,207,2591.67578125,0.792792797088623,-284.32177734375,-284.32177734375,14.2898588180542,14.50008773803711,1642.4296875,1720.0,1720.0,1357.21484375,-269.5082092285156,0.17298370599746704,0.17240358889102936,0.1742270141839981,0.17279542982578278,0.17279542982578278,2.8927830499014817e-05,0.005404887720942497,0.4429868757724762,0.015663817524909973
G39,208,2604.186279296875,0.7917917966842651,-288.5511779785156,-288.5511779785156,14.394368171691895,14.6497220993042,1653.140625,1738.0,1738.0,1356.2198486328125,-273.635986328125,0.1758984923362732,0.1753121316432953,0.17746342718601227,0.1756473332643509,0.1756473332643509,3.4530887205619365e-05,0.006354136858135462,0.4485573172569275,0.018667742609977722
G39,209,2616.69677734375,0.7907907962799072,-292.8445739746094,-292.8445739746094,14.526066780090332,14.83185863494873,1666.140625,1750.0,1750.0,1355.1923828125,-277.80059814453125,0.17885687947273254,0.17826445400714874,0.18082092702388763,0.17852765321731567,0.17852765321731567,3.9762278902344406e-05,0.0073989033699035645,0.4542115330696106,0.02199210226535797
G39,210,2629.207275390625,0.7897897958755493,-297.20343017578125,-297.20343017578125,14.689769744873047,15.050945281982422,1683.1953125,1773.0,1773.0,1354.1317138671875,-281.9986572265625,0.18185916543006897,0.18126080930233002,0.1843101531267166,0.18143419921398163,0.18143419921398163,4.621002881322056e-05,0.008544770069420338,0.45996055006980896,0.025642184540629387
G39,211,2641.7177734375,0.7887887954711914,-301.6295471191406,-301.6295471191406,14.890867233276367,15.313549041748047,1702.375,1779.0,1779.0,1353.0367431640625,-286.22650146484375,0.18490566313266754,0.18430164456367493,0.18794184923171997,0.18436452746391296,0.18436452746391296,5.286329542286694e-05,0.00979621335864067,0.46581754088401794,0.029627826064825058
G39,212,2654.228271484375,0.7877877950668335,-306.12481689453125,-306.12481689453125,15.13525104522705,15.625426292419434,1720.0625,1809.0,1809.0,1351.9066162109375,-290.480224609375,0.18799664080142975,0.18738733232021332,0.1917269378900528,0.1873159557580948,0.1873159557580948,5.933597276452929e-05,0.011159395799040794,0.47179803252220154,0.0339508056640625
G39,213,2666.73876953125,0.7867867946624756,-310.6913757324219,-310.6913757324219,15.429452896118164,15.993037223815918,1738.71875,1808.0,1809.0,1350.7403564453125,-294.75543212890625,0.19113239645957947,0.19051826000213623,0.1957094520330429,0.19028541445732117,0.19028541445732117,6.709291483275592e-05,0.012639894150197506,0.4779202938079834,0.038607675582170486
G39,214,2679.249267578125,0.7857857942581177,-315.3315734863281,-315.3315734863281,15.78076171875,16.424373626708984,1759.53125,1828.0,1828.0,1349.536865234375,-299.047119140625,0.19431325793266296,0.19369450211524963,0.19986090064048767,0.19326959550380707,0.19326959550380707,7.548282883362845e-05,0.014243187382817268,0.48420587182044983,0.04359886050224304
G39,215,2691.759765625,0.7847847938537598,-320.0479736328125,-320.0479736328125,16.1970157623291,16.927146911621094,1777.3828125,1835.0,1835.0,1348.29541015625,-303.35003662109375,0.19753950834274292,0.19690795242786407,0.2041858285665512,0.19626504182815552,0.19626504182815552,8.289136167149991e-05,0.01597369834780693,0.490679532289505,0.04891136661171913
G39,216,2704.270263671875,0.7837837934494019,-324.84344482421875,-324.84344482421875,16.686630249023438,17.509565353393555,1795.4453125,1855.0,1855.0,1347.0145263671875,-307.65869140625,0.2008114904165268,0.2001655101776123,0.20868688821792603,0.1992678940296173,0.1992678940296173,9.176036837743595e-05,0.01783573068678379,0.4973696768283844,0.054536350071430206
G39,217,2716.78076171875,0.782782793045044,-329.7210388183594,-329.7210388183594,17.258773803710938,18.18210220336914,1815.0390625,1880.0,1880.0,1345.693359375,-311.9669189453125,0.20412948727607727,0.20346717536449432,0.21336480975151062,0.20227394998073578,0.20227394998073578,0.00010105425462825224,0.019835587590932846,0.504308819770813,0.06045306846499443
G39,218,2729.291259765625,0.781781792640686,-334.68408203125,-334.68408203125,17.92336654663086,18.953609466552734,1833.4609375,1886.0,1886.0,1344.3310546875,-316.2681884765625,0.20749381184577942,0.20681291818618774,0.21821816265583038,0.20527909696102142,0.20527909696102142,0.00011089586041634902,0.021976018324494362,0.5115339159965515,0.0666428804397583
G39,219,2741.8017578125,0.7807807922363281,-339.7362365722656,-339.7362365722656,18.690515518188477,19.834077835083008,1850.2578125,1905.0,1905.0,1342.926025390625,-320.5559387207031,0.2109048217535019,0.21020273864269257,0.2232445776462555,0.20827873051166534,0.20827873051166534,0.00012133421842008829,0.024260632693767548,0.5190852880477905,0.07306581735610962
G39,220,2754.312255859375,0.7797797918319702,-344.88128662109375,-344.88128662109375,19.5711669921875,20.834571838378906,1866.1953125,1924.0,1924.0,1341.4775390625,-324.8230895996094,0.21436285972595215,0.21363656222820282,0.22844001650810242,0.21126797795295715,0.21126797795295715,0.0001325362827628851,0.026694664731621742,0.5270083546638489,0.07969248294830322
G39,221,2766.82275390625,0.7787787914276123,-350.123291015625,-350.123291015625,20.57693862915039,21.966236114501953,1879.4140625,1932.0,1932.0,1339.98388671875,-329.0620422363281,0.21786825358867645,0.21711379289627075,0.23379983007907867,0.2142418771982193,0.2142418771982193,0.00014441668463405222,0.02927832491695881,0.5353531241416931,0.08647871762514114
G39,222,2779.333251953125,0.7777777910232544,-355.466552734375,-355.466552734375,21.719825744628906,23.240835189819336,1893.9765625,1938.0,1938.0,1338.444580078125,-333.26513671875,0.22142133116722107,0.2206333726644516,0.23931884765625,0.21719509363174438,0.21719509363174438,0.0001568976294947788,0.032016903162002563,0.544172465801239,0.0933627262711525
G39,223,2791.84375,0.7767767906188965,-360.91546630859375,-360.91546630859375,23.01242446899414,24.670394897460938,1908.296875,1950.0,1950.0,1336.857666015625,-337.4241943359375,0.22502252459526062,0.22419628500938416,0.24499161541461945,0.22012269496917725,0.22012269496917725,0.0001707546616671607,0.03491043299436569,0.5535243153572083,0.10029254853725433
G39,224,2804.354248046875,0.7757757902145386,-366.4747314453125,-366.4747314453125,24.466894149780273,26.26520538330078,1924.890625,1958.0,1958.0,1335.22216796875,-341.5317077636719,0.22867213189601898,0.2278023660182953,0.2508126497268677,0.22301961481571198,0.22301961481571198,0.00018467560585122555,0.03796115890145302,0.5634660124778748,0.10718324780464172
G39,225,2816.86474609375,0.7747747898101807,-372.1490173339844,-372.1490173339844,26.09566879272461,28.0374755859375,1938.0234375,1969.0,1969.0,1333.536865234375,-345.5799560546875,0.2323705554008484,0.23145140707492828,0.2567767798900604,0.22588065266609192,0.22588065266609192,0.00019933228031732142,0.041170887649059296,0.5740563869476318,0.11394768953323364
G39,226,2829.375244140625,0.7737737894058228,-377.943115234375,-377.943115234375,27.911357879638672,29.999248504638672,1950.34375,1984.0,1984.0,1331.800048828125,-349.5610656738281,0.23611819744110107,0.23514311015605927,0.26287880539894104,0.22870118916034698,0.22870118916034698,0.00021517583809327334,0.044537194073200226,0.5853561162948608,0.12049999833106995
G39,227,2841.885986328125,0.7727727890014648,-383.86181640625,-383.86181640625,29.925777435302734,32.15471267700195,1964.15625,1994.0,1994.0,1330.0107421875,-353.46807861328125,0.23991543054580688,0.2388773262500763,0.2691139280796051,0.23147690296173096,0.23147690296173096,0.00023112920462153852,0.04805699735879898,0.5974202752113342,0.12673147022724152
G39,228,2854.396484375,0.7717717885971069,-389.909912109375,-389.909912109375,32.14992904663086,34.51601028442383,1975.703125,2005.0,2005.0,1328.167236328125,-357.294677734375,0.24376264214515686,0.24265369772911072,0.2754773497581482,0.23420420289039612,0.23420420289039612,0.00024764376576058567,0.051727116107940674,0.610299289226532,0.1325259953737259
G39,229,2866.906982421875,0.770770788192749,-396.0919189453125,-396.0919189453125,34.593807220458984,37.093692779541016,1987.0546875,2020.0,2020.0,1326.268310546875,-361.0355224609375,0.24766021966934204,0.24647201597690582,0.28196465969085693,0.23687992990016937,0.23687992990016937,0.0002660486788954586,0.055544909089803696,0.6240373849868774,0.1377645879983902
G39,230,2879.41748046875,0.7697697877883911,-402.412353515625,-402.412353515625,37.26644515991211,39.893524169921875,1998.6484375,2033.0,2033.0,1324.3121337890625,-364.6860046386719,0.2516085207462311,0.2503320276737213,0.288571298122406,0.23950202763080597,0.23950202763080597,0.00028249964816495776,0.059502482414245605,0.6386705040931702,0.14232785999774933
G39,231,2891.927978515625,0.7687687873840332,-408.87542724609375,-408.87542724609375,40.174869537353516,42.91621398925781,2010.0078125,2044.0,2044.0,1322.29736328125,-368.24334716796875,0.2556079626083374,0.2542334198951721,0.2952929735183716,0.24206875264644623,0.24206875264644623,0.00030187499942258,0.0635952427983284,0.6542189717292786,0.14607803523540497
G39,232,2904.4384765625,0.7677677869796753,-415.48504638671875,-415.48504638671875,43.325347900390625,46.16844940185547,2022.5859375,2054.0,2054.0,1320.222412109375,-371.7052001953125,0.2596588730812073,0.2581760585308075,0.30212515592575073,0.24457956850528717,0.24457956850528717,0.00032025983091443777,0.06781595200300217,0.6706981658935547,0.1489008069038391
G39,233,2916.948974609375,0.7667667865753174,-422.2448425292969,-422.2448425292969,46.722015380859375,49.653175354003906,2033.484375,2064.0,2064.0,1318.0858154296875,-375.0709533691406,0.2637614905834198,0.2621596157550812,0.3090634346008301,0.24703459441661835,0.24703459441661835,0.00033975561382249,0.07215666770935059,0.6881026029586792,0.15066514909267426
G39,234,2929.45947265625,0.7657657861709595,-429.157958984375,-429.157958984375,50.36753845214844,53.37012481689453,2042.890625,2072.0,2072.0,1315.8857421875,-378.34124755859375,0.2679162323474884,0.2661840319633484,0.31610313057899475,0.24943514168262482,0.24943514168262482,0.00035842982470057905,0.07660529017448425,0.7064177393913269,0.15126334130764008
G39,235,2941.969970703125,0.7647647857666016,-436.2273864746094,-436.2273864746094,54.262451171875,57.31538772583008,2050.4375,2075.0,2075.0,1313.62060546875,-381.5184020996094,0.27212321758270264,0.27024924755096436,0.3232394754886627,0.2517836093902588,0.2517836093902588,0.00037771204370073974,0.08115236461162567,0.7256132960319519,0.15059180557727814
G39,236,2954.48046875,0.7637637853622437,-443.4554748535156,-443.4554748535156,58.405235290527344,61.48663330078125,2058.1875,2085.0,2085.0,1311.288818359375,-384.6064147949219,0.276382714509964,0.2743551433086395,0.3304676115512848,0.2540830969810486,0.2540830969810486,0.0003975694999098778,0.08579006791114807,0.7456436157226562,0.1485651731491089
G39,237,2966.990966796875,0.7627627849578857,-450.8443603515625,-450.8443603515625,62.79296875,65.88050842285156,2066.4765625,2096.0,2096.0,1308.888671875,-387.6102294921875,0.28069478273391724,0.2784899175167084,0.3377824127674103,0.25633808970451355,0.25633808970451355,0.00041783115011639893,0.09050597250461578,0.7664527297019958,0.14511606097221375
G39,238,2979.50146484375,0.7617617845535278,-458.39593505859375,-458.39593505859375,67.4203872680664,70.4888916015625,2074.140625,2102.0,2102.0,1306.41845703125,-390.5370788574219,0.28505951166152954,0.2826608121395111,0.345178484916687,0.25855323672294617,0.25855323672294617,0.000437786104157567,0.09529205411672592,0.7879717946052551,0.14020583033561707
G39,239,2992.011962890625,0.7607607841491699,-466.11163330078125,-466.11163330078125,72.28152465820312,75.31993865966797,2082.078125,2112.0,2112.0,1303.8765869140625,-393.39434814453125,0.2894769310951233,0.28686773777008057,0.35265040397644043,0.26073378324508667,0.26073378324508667,0.000458068068837747,0.10014121234416962,0.8101283311843872,0.1338295191526413
G39,240,3004.5224609375,0.759759783744812,-473.99298095703125,-473.99298095703125,77.36983489990234,80.35556030273438,2087.921875,2113.0,2113.0,1301.2613525390625,-396.1900634765625,0.29394692182540894,0.29110997915267944,0.36019253730773926,0.26288551092147827,0.26288551092147827,0.0004792100517079234,0.10504592210054398,0.8328409194946289,0.12601442635059357
G39,241,3017.032958984375,0.7587587833404541,-482.04132080078125,-482.04132080078125,82.67752075195312,85.59591674804688,2092.75,2114.0,2114.0,1298.5711669921875,-398.933349609375,0.2984692454338074,0.29538673162460327,0.3677990436553955,0.26501351594924927,0.26501351594924927,0.0005013281479477882,0.10999970138072968,0.8560242056846619,0.11684156954288483
G39,242,3029.54345703125,0.7577577829360962,-490.258056640625,-490.258056640625,88.19820404052734,91.03121948242188,2097.890625,2120.0,2120.0,1295.8045654296875,-401.6321105957031,0.3030436933040619,0.2996971905231476,0.37546393275260925,0.267124205827713,0.267124205827713,0.0005213711992837489,0.1149945855140686,0.879602313041687,0.10645419359207153
G39,243,3042.053955078125,0.7567567825317383,-498.64483642578125,-498.64483642578125,93.9237060546875,96.647216796875,2103.5,2128.0,2128.0,1292.959716796875,-404.2961120605469,0.30766987800598145,0.3040405213832855,0.3831814229488373,0.26922324299812317,0.26922324299812317,0.000544233713299036,0.12002547085285187,0.9034914374351501,0.09507228434085846
G39,244,3054.564453125,0.7557557821273804,-507.2037048339844,-507.2037048339844,99.8473129272461,102.45265197753906,2109.7578125,2139.0,2139.0,1290.0352783203125,-406.9340515136719,0.3123473525047302,0.3084145784378052,0.3909452557563782,0.2713141441345215,0.2713141441345215,0.0005673988489434123,0.12509523332118988,0.9276196956634521,0.08303941041231155
G39,245,3067.074951171875,0.7547547817230225,-515.93701171875,-515.93701171875,105.96613311767578,108.44837951660156,2114.1171875,2139.0,2139.0,1287.0296630859375,-409.55126953125,0.3170755207538605,0.3128165602684021,0.3987496495246887,0.2734009325504303,0.2734009325504303,0.0005897344672121108,0.13019756972789764,0.9519283175468445,0.07087890803813934
G39,246,3079.58544921875,0.7537537813186646,-524.84765625,-524.84765625,112.27682495117188,114.64513397216797,2119.453125,2147.0,2147.0,1283.9415283203125,-412.1539611816406,0.32185372710227966,0.3172481656074524,0.406588613986969,0.27548661828041077,0.27548661828041077,0.0006125042564235628,0.13533475995063782,0.9763648509979248,0.05941057950258255
G39,247,3092.09619140625,0.7527527809143066,-533.9392700195312,-533.9392700195312,118.77842712402344,121.04473876953125,2124.6875,2155.0,2155.0,1280.7694091796875,-414.74658203125,0.3266812860965729,0.3217082619667053,0.41445621848106384,0.277570903301239,0.277570903301239,0.0006344057619571686,0.14050818979740143,1.0008912086486816,0.049950238317251205
G39,248,3104.606689453125,0.7517517805099487,-543.215576171875,-543.215576171875,125.47525787353516,127.64930725097656,2130.9453125,2162.0,2162.0,1277.5120849609375,-417.3288269042969,0.3315572738647461,0.3261958658695221,0.42234671115875244,0.2796538174152374,0.2796538174152374,0.0006554932915605605,0.1457209587097168,1.0254833698272705,0.04433252662420273
G39,249,3117.1171875,0.7507507801055908,-552.68115234375,-552.68115234375,132.37171936035156,134.46356201171875,2135.515625,2169.0,2169.0,1274.168212890625,-419.900634765625,0.33648085594177246,0.33070987462997437,0.4302544891834259,0.2817328870296478,0.2817329168319702,0.0006772430497221649,0.15097852051258087,1.0501307249069214,0.044067833572626114
G39,250,3129.627685546875,0.7497497797012329,-562.340576171875,-562.340576171875,139.47625732421875,141.63162231445312,2139.953125,2173.0,2173.0,1270.736572265625,-422.4583435058594,0.34145092964172363,0.3352491855621338,0.43817412853240967,0.28380513191223145,0.2838054299354553,0.0006983692874200642,0.15628400444984436,1.0748401880264282,0.048768121749162674
G39,251,3142.13818359375,0.748748779296875,-572.1988525390625,-572.1988525390625,146.798095703125,149.00587463378906,2143.9296875,2182.0,2182.0,1267.21630859375,-424.99749755859375,0.3464665114879608,0.33981266617774963,0.4461003243923187,0.28586727380752563,0.2858692705631256,0.0007186068687587976,0.1616402417421341,1.0996118783950806,0.05640619248151779
G39,252,3154.648681640625,0.7477477788925171,-582.260498046875,-582.260498046875,154.34674072265625,156.6046905517578,2148.390625,2188.0,2188.0,1263.60595703125,-427.51324462890625,0.3515263795852661,0.3443991243839264,0.4540356397628784,0.2879164516925812,0.2879221439361572,0.0007389270467683673,0.16704829037189484,1.1244593858718872,0.06497127562761307
G39,253,3167.1591796875,0.7467467784881592,-592.5296630859375,-592.5296630859375,162.13050842285156,164.44122314453125,2153.1328125,2192.0,2192.0,1259.90478515625,-430.0013732910156,0.356629341840744,0.34900739789009094,0.4619755744934082,0.28995025157928467,0.28996020555496216,0.00075908174039796,0.17250795662403107,1.14939546585083,0.07309205830097198
G39,254,3179.669677734375,0.7457457780838013,-603.0098876953125,-603.0098876953125,170.1565399169922,172.50267028808594,2158.4921875,2193.0,2193.0,1256.1119384765625,-432.45831298828125,0.36177411675453186,0.353636234998703,0.46990495920181274,0.2919636368751526,0.291977196931839,0.0007787116337567568,0.17802487313747406,1.1744111776351929,0.07991275191307068
G39,255,3192.18017578125,0.7447447776794434,-613.7035522460938,-613.7035522460938,178.43441772460938,180.79376220703125,2163.484375,2195.0,2195.0,1252.226318359375,-434.8768310546875,0.3669593930244446,0.35828447341918945,0.47781914472579956,0.29395416378974915,0.2939693033695221,0.0007979396032169461,0.18359880149364471,1.199510097503662,0.08490095287561417
G39,256,3204.690673828125,0.7437437772750854,-624.61181640625,-624.61181640625,186.96917724609375,189.3497314453125,2168.078125,2197.0,2197.0,1248.24755859375,-437.2531433105469,0.37218374013900757,0.36295077204704285,0.48571354150772095,0.29592061042785645,0.2959355115890503,0.0008141983998939395,0.1892261952161789,1.2246710062026978,0.08774180710315704
G39,257,3217.201171875,0.7427427768707275,-635.73486328125,-635.73486328125,195.76239013671875,198.17523193359375,2172.78125,2198.0,2198.0,1244.1748046875,-439.5857238769531,0.37744569778442383,0.3676339387893677,0.4935835897922516,0.2978612184524536,0.2978742718696594,0.0008306432282552123,0.19490566849708557,1.2498562335968018,0.08828968554735184
G39,258,3229.711669921875,0.7417417764663696,-647.0714721679688,-647.0714721679688,204.81532287597656,207.25927734375,2177.9296875,2205.0,2205.0,1240.0072021484375,-441.87225341796875,0.38274380564689636,0.3723326623439789,0.5014249086380005,0.29977333545684814,0.2997833490371704,0.0008468380547128618,0.20063431560993195,1.2750147581100464,0.08655108511447906
G39,259,3242.22216796875,0.7407407760620117,-658.6197509765625,-658.6197509765625,214.13002014160156,216.59080505371094,2181.8046875,2209.0,2209.0,1235.74462890625,-444.10858154296875,0.3880763649940491,0.377045601606369,0.5092333555221558,0.30165499448776245,0.3016619384288788,0.0008632349199615419,0.20641058683395386,1.300098180770874,0.08267050236463547
G39,260,3254.732666015625,0.7397397756576538,-670.3768920898438,-670.3768920898438,223.7061767578125,226.1887664794922,2186.8359375,2213.0,2213.0,1231.3865966796875,-446.2923583984375,0.3934418261051178,0.3817715346813202,0.5170044302940369,0.30350691080093384,0.3035110533237457,0.0008776825270615518,0.21223099529743195,1.325054407119751,0.07693915069103241
G39,261,3267.2431640625,0.7387387752532959,-682.3399047851562,-682.3399047851562,233.53973388671875,236.05531311035156,2190.859375,2218.0,2218.0,1226.9326171875,-448.42462158203125,0.39883843064308167,0.38650909066200256,0.5247340202331543,0.3053271472454071,0.30532941222190857,0.0008897666702978313,0.21809247136116028,1.3498040437698364,0.06980933994054794
G39,262,3279.753662109375,0.737737774848938,-694.505615234375,-694.505615234375,243.6302490234375,246.17950439453125,2195.515625,2221.0,2221.0,1222.3828125,-450.502685546875,0.4042644798755646,0.3912569284439087,0.5324180126190186,0.30711469054222107,0.3071157932281494,0.0009049194632098079,0.22399291396141052,1.3743036985397339,0.06192225590348244
G39,263,3292.26416015625,0.7367367744445801,-706.8712158203125,-706.8712158203125,253.97589111328125,256.56597900390625,2199.5859375,2225.0,2225.0,1217.737060546875,-452.525390625,0.4097181260585785,0.39601370692253113,0.5400522351264954,0.30886924266815186,0.30886977910995483,0.0009196408209390938,0.22993186116218567,1.3985011577606201,0.05415163189172745
G39,264,3304.774658203125,0.7357357740402222,-719.43359375,-719.43359375,264.57421875,267.21710205078125,2202.984375,2228.0,2228.0,1212.9951171875,-454.4922790527344,0.4151975214481354,0.4007781147956848,0.5476328134536743,0.31059175729751587,0.31059199571609497,0.0009332280023954809,0.2359025627374649,1.422349452972412,0.047650378197431564
G39,265,3317.28515625,0.7347347736358643,-732.190185546875,-732.190185546875,275.42083740234375,278.11798095703125,2206.953125,2231.0,2231.0,1208.157470703125,-456.4051208496094,0.4207007586956024,0.40554875135421753,0.555155873298645,0.31227943301200867,0.312279611825943,0.0009480110020376742,0.24190835654735565,1.4457975625991821,0.04368121176958084
G39,266,3329.7958984375,0.7337337732315063,-745.1383056640625,-745.1383056640625,286.5169677734375,289.264404296875,2210.4296875,2238.0,2238.0,1203.224365234375,-458.25994873046875,0.42622581124305725,0.4103243052959442,0.5626175403594971,0.3139341175556183,0.31393420696258545,0.0009616499883122742,0.24794340133666992,1.46884024143219,0.04305528104305267
G39,267,3342.306396484375,0.7327327728271484,-758.2752075195312,-758.2752075195312,297.8570556640625,300.6725769042969,2213.703125,2241.0,2241.0,1198.196044921875,-460.05963134765625,0.43177077174186707,0.41510337591171265,0.5700210928916931,0.3155561089515686,0.3155561089515686,0.0009757953230291605,0.2540026605129242,1.4914307594299316,0.04545137658715248
G39,268,3354.81689453125,0.7317317724227905,-771.597900390625,-771.597900390625,309.43743896484375,312.3499755859375,2216.359375,2241.0,2241.0,1193.0731201171875,-461.8048095703125,0.43733352422714233,0.4198846220970154,0.5773652791976929,0.3171437978744507,0.3171437978744507,0.0009897742420434952,0.2600860297679901,1.5135480165481567,0.04961391165852547
G39,269,3367.327392578125,0.7307307720184326,-785.1029052734375,-785.1029052734375,321.25677490234375,324.31005859375,2218.84375,2248.0,2248.0,1187.8564453125,-463.493408203125,0.4429120123386383,0.4246666133403778,0.5846391320228577,0.3186977207660675,0.3186977207660675,0.001003780635073781,0.26619184017181396,1.5351827144622803,0.0541662760078907
G39,270,3379.837890625,0.7297297716140747,-798.7863159179688,-798.7863159179688,333.31005859375,336.50738525390625,2221.0546875,2257.0,2257.0,1182.54638671875,-465.1263732910156,0.44850409030914307,0.4294480085372925,0.5918392539024353,0.3202187716960907,0.3202187716960907,0.0010155474301427603,0.27231326699256897,1.5563035011291504,0.0580618642270565
G39,271,3392.348388671875,0.7287287712097168,-812.6433715820312,-812.6433715820312,345.5912170410156,348.9310302734375,2223.6953125,2262.0,2262.0,1177.144287109375,-466.7052001953125,0.4541076123714447,0.4342274069786072,0.5989627838134766,0.32170629501342773,0.32170629501342773,0.0010289897909387946,0.27845022082328796,1.5768909454345703,0.06065285578370094
G39,272,3404.85888671875,0.7277277708053589,-826.6689453125,-826.6689453125,358.0956726074219,361.6114501953125,2226.6640625,2263.0,2263.0,1171.651123046875,-468.2291259765625,0.4597204327583313,0.4390033781528473,0.6060066223144531,0.32316356897354126,0.32316356897354126,0.0010397734586149454,0.2846008539199829,1.5969128608703613,0.06160077825188637
G39,273,3417.369384765625,0.726726770401001,-840.85693359375,-840.85693359375,370.8125,374.52301025390625,2229.3125,2265.0,2265.0,1166.0679931640625,-469.7032165527344,0.46534034609794617,0.44377464056015015,0.6129680871963501,0.3245916962623596,0.3245916962623596,0.00105239637196064,0.290761262178421,1.616337776184082,0.06081957370042801
G39,274,3429.8798828125,0.7257257699966431,-855.2008666992188,-855.2008666992188,383.73345947265625,387.6744689941406,2231.9140625,2270.0,2270.0,1160.396240234375,-471.12908935546875,0.47096508741378784,0.4485399127006531,0.6198444366455078,0.32599306106567383,0.32599306106567383,0.0010632362682372332,0.2969262897968292,1.6351289749145508,0.05843693017959595
G39,275,3442.390380859375,0.7247247695922852,-869.69384765625,-869.69384765625,396.84796142578125,401.01397705078125,2234.4453125,2274.0,2274.0,1154.637451171875,-472.510498046875,0.476592481136322,0.4532977342605591,0.6266331672668457,0.3273639678955078,0.3273639678955078,0.001072753220796585,0.3030998706817627,1.6532444953918457,0.054763250052928925
G39,276,3454.90087890625,0.7237237691879272,-884.3284912109375,-884.3284912109375,410.15386962890625,414.57550048828125,2237.8984375,2275.0,2275.0,1148.7930908203125,-473.8421630859375,0.48222026228904724,0.4580468535423279,0.6333321332931519,0.32871201634407043,0.32871201634407043,0.0010827983496710658,0.3092708885669708,1.6706764698028564,0.05029532313346863
G39,277,3467.411376953125,0.7227227687835693,-899.097412109375,-899.097412109375,423.6324462890625,428.3304138183594,2240.046875,2279.0,2279.0,1142.8648681640625,-475.13531494140625,0.4878461956977844,0.4627859592437744,0.6399391293525696,0.3300374448299408,0.3300374448299408,0.0010915034217759967,0.3154395520687103,1.6873595714569092,0.0456702820956707
G39,278,3479.921875,0.7217217683792114,-913.99267578125,-913.99267578125,437.27557373046875,442.2384338378906,2242.4453125,2279.0,2279.0,1136.854736328125,-476.390380859375,0.4934680163860321,0.467513769865036,0.6464523077011108,0.3313339948654175,0.3313339948654175,0.0011000942904502153,0.3216070234775543,1.7032861709594727,0.04163053631782532
G39,279,3492.432373046875,0.7207207679748535,-929.006591796875,-929.006591796875,451.08428955078125,456.32440185546875,2244.6015625,2279.0,2279.0,1130.7646484375,-477.5985412597656,0.4990834593772888,0.47222912311553955,0.6528699398040771,0.33260709047317505,0.33260709047317505,0.001111091230995953,0.3277643024921417,1.718448281288147,0.038838375359773636
G39,280,3504.94287109375,0.7197197675704956,-944.1314697265625,-944.1314697265625,465.0428466796875,470.5574951171875,2246.3359375,2281.0,2281.0,1124.5965576171875,-478.7677917480469,0.5046903491020203,0.4769306778907776,0.6592168211936951,0.3338586390018463,0.3338586390018463,0.0011166948825120926,0.33390748500823975,1.732818365097046,0.037642210721969604
G39,281,3517.453369140625,0.7187187671661377,-959.3593139648438,-959.3593139648438,479.1404113769531,484.9151611328125,2248.7421875,2281.0,2281.0,1118.352783203125,-479.9009094238281,0.5102863907814026,0.4816173017024994,0.6654691696166992,0.3350851535797119,0.3350851535797119,0.0011264017084613442,0.34004005789756775,1.7463879585266113,0.03789052739739418
G39,282,3529.9638671875,0.717717707157135,-974.6820068359375,-974.6820068359375,493.37384033203125,499.4259033203125,2250.359375,2283.0,2283.0,1112.03564453125,-480.99310302734375,0.5158694386482239,0.48628783226013184,0.6716217398643494,0.33628469705581665,0.33628469705581665,0.001133790472522378,0.3461610972881317,1.7591581344604492,0.03898685425519943
G39,283,3542.474365234375,0.7167167067527771,-990.0913696289062,-990.0913696289062,507.73760986328125,514.0425415039062,2252.3984375,2284.0,2284.0,1105.6475830078125,-482.04168701171875,0.5214372277259827,0.4909410774707794,0.6776736378669739,0.33745986223220825,0.33745986223220825,0.001139379572123289,0.35226476192474365,1.7711292505264282,0.040235452353954315
G39,284,3554.98486328125,0.7157157063484192,-1005.5789794921875,-1005.5789794921875,522.21923828125,528.7642211914062,2253.921875,2284.0,2284.0,1099.1910400390625,-483.05059814453125,0.5269876718521118,0.49557581543922424,0.6836241483688354,0.33861127495765686,0.33861127495765686,0.0011460212990641594,0.358345627784729,1.7823011875152588,0.041101425886154175
G39,285,3567.495361328125,0.7147147059440613,-1021.1362915039062,-1021.1362915039062,536.80908203125,543.623779296875,2255.3125,2285.0,2285.0,1092.6688232421875,-484.0208740234375,0.5325185656547546,0.5001910924911499,0.689472496509552,0.3397361636161804,0.3397361636161804,0.0011517080711200833,0.3644043803215027,1.7926626205444336,0.04128202423453331
G39,286,3580.006103515625,0.7137137055397034,-1036.754150390625,-1036.754150390625,551.5021362304688,558.5711059570312,2256.71875,2286.0,2286.0,1086.08349609375,-484.9486999511719,0.5380280613899231,0.5047857165336609,0.6952183246612549,0.3408384621143341,0.3408384621143341,0.001157697755843401,0.3704354763031006,1.8022327423095703,0.04069611057639122
G39,287,3592.5166015625,0.7127127051353455,-1052.423828125,-1052.423828125,566.28369140625,573.5459594726562,2258.875,2288.0,2288.0,1079.4378662109375,-485.8397521972656,0.5435137152671814,0.5093585252761841,0.700861394405365,0.34191492199897766,0.34191492199897766,0.0011637628776952624,0.37643861770629883,1.8110017776489258,0.039463382214307785
G39,288,3605.027099609375,0.7117117047309875,-1068.13623046875,-1068.13623046875,581.14892578125,588.6429443359375,2260.984375,2288.0,2288.0,1072.73486328125,-486.6896667480469,0.5489738583564758,0.5139086246490479,0.7064014673233032,0.34297075867652893,0.34297075867652893,0.0011680477764457464,0.3824123740196228,1.8189818859100342,0.037845298647880554
G39,289,3617.53759765625,0.7107107043266296,-1083.882080078125,-1083.882080078125,596.0814208984375,603.80126953125,2262.3046875,2288.0,2288.0,1065.9775390625,-487.50592041015625,0.5544064044952393,0.5184348821640015,0.7118386626243591,0.3440030813217163,0.3440030813217163,0.0011743459617719054,0.3883550465106964,1.8261706829071045,0.0361824706196785
G39,290,3630.048095703125,0.7097097039222717,-1099.65234375,-1099.65234375,611.0759887695312,619.0286865234375,2263.5859375,2290.0,2290.0,1059.168701171875,-488.28460693359375,0.5598093271255493,0.5229350328445435,0.7171730399131775,0.34501272439956665,0.34501272439956665,0.001178652048110962,0.39426082372665405,1.8325806856155396,0.03480888530611992
G39,291,3642.55859375,0.7087087035179138,-1115.438232421875,-1115.438232421875,626.122314453125,634.2835693359375,2265.0,2289.0,2290.0,1052.3115234375,-489.0269775390625,0.5651809573173523,0.5274034142494202,0.7224048972129822,0.34600332379341125,0.34600332379341125,0.0011852321913465858,0.4001274108886719,1.8382141590118408,0.03397078439593315
G39,292,3655.069091796875,0.7077077031135559,-1131.2305908203125,-1131.2305908203125,641.2061767578125,649.6043701171875,2266.078125,2291.0,2291.0,1045.4090576171875,-489.7383728027344,0.5705193877220154,0.5318452715873718,0.7275345325469971,0.34697064757347107,0.34697064757347107,0.0011919154785573483,0.405955970287323,1.8430825471878052,0.03369687497615814
G39,293,3667.57958984375,0.706706702709198,-1147.02099609375,-1147.02099609375,656.3248291015625,664.9647827148438,2267.234375,2293.0,2293.0,1038.464599609375,-490.4129638671875,0.5758228898048401,0.536259651184082,0.7325625419616699,0.34791696071624756,0.34791696071624756,0.0011969611514359713,0.4117410480976105,1.847204566001892,0.0338364876806736
G39,294,3680.090087890625,0.7057057023048401,-1162.8004150390625,-1162.8004150390625,671.4661865234375,680.3427734375,2268.703125,2293.0,2293.0,1031.4814453125,-491.05389404296875,0.5810897350311279,0.5406458377838135,0.7374893426895142,0.3488421142101288,0.3488421142101288,0.0012047126656398177,0.4174826741218567,1.8505786657333374,0.034131795167922974
G39,295,3692.6005859375,0.7047047019004822,-1178.5606689453125,-1178.5606689453125,686.6219482421875,695.709228515625,2269.6875,2295.0,2295.0,1024.46240234375,-491.6613464355469,0.58631831407547,0.5450029969215393,0.7423156499862671,0.3497464060783386,0.3497464060783386,0.0012119726743549109,0.4231775999069214,1.8532360792160034,0.034311529248952866
G39,296,3705.111083984375,0.7037037014961243,-1194.29345703125,-1194.29345703125,701.783203125,711.113525390625,2270.578125,2296.0,2296.0,1017.4110717773438,-492.23565673828125,0.5915071368217468,0.5493304133415222,0.7470424175262451,0.3506298065185547,0.3506298065185547,0.0012184827355667949,0.4288250803947449,1.8551815748214722,0.034194957464933395
G39,297,3717.62158203125,0.7027027010917664,-1209.990234375,-1209.990234375,716.94140625,726.496337890625,2272.1640625,2299.0,2299.0,1010.3306274414062,-492.7770080566406,0.5966546535491943,0.5536274313926697,0.7516753077507019,0.35149574279785156,0.35149574279785156,0.0012282939860597253,0.43442270159721375,1.856430172920227,0.033730510622262955
G39,298,3730.132080078125,0.7017017006874084,-1225.6431884765625,-1225.6431884765625,732.0838623046875,741.8782958984375,2273.25,2299.0,2299.0,1003.2242431640625,-493.2903137207031,0.6017594337463379,0.5578932762145996,0.7562190890312195,0.3523378372192383,0.3523378372192383,0.0012358655221760273,0.4399748742580414,1.8569937944412231,0.032956868410110474
G39,299,3742.642578125,0.7007007002830505,-1241.2440185546875,-1241.2440185546875,747.2111206054688,757.2203369140625,2274.4140625,2301.0,2301.0,996.0953369140625,-493.7667236328125,0.6068201065063477,0.5621274709701538,0.7606664896011353,0.35316213965415955,0.35316213965415955,0.0012438790872693062,0.4454771876335144,1.8569022417068481,0.032012101262807846
G39,300,3755.153076171875,0.6996996998786926,-1256.78515625,-1256.78515625,762.3070068359375,772.5321655273438,2275.3515625,2302.0,2302.0,988.9470825195312,-494.21484375,0.6118353605270386,0.566329300403595,0.765018880367279,0.35396885871887207,0.35396885871887207,0.001253406866453588,0.45092880725860596,1.856154441833496,0.031069288030266762
G39,301,3767.66357421875,0.6986986994743347,-1272.25927734375,-1272.25927734375,777.3635864257812,787.8201904296875,2275.9765625,2302.0,2302.0,981.78271484375,-494.6351318359375,0.6168041825294495,0.5704982280731201,0.7692775130271912,0.3547547459602356,0.3547547459602356,0.0012620593188330531,0.45632657408714294,1.8547779321670532,0.030286915600299835
G39,302,3780.174072265625,0.6976976990699768,-1287.6588134765625,-1287.6588134765625,792.3778686523438,803.0225830078125,2276.6171875,2304.0,2304.0,974.60546875,-495.0231018066406,0.6217252016067505,0.5746337175369263,0.7734436392784119,0.3555237054824829,0.3555237054824829,0.001269428408704698,0.4616701900959015,1.8527923822402954,0.029750505462288857
G39,303,3792.6845703125,0.6966966986656189,-1302.9769287109375,-1302.9769287109375,807.3375244140625,818.1832275390625,2277.46875,2305.0,2305.0,967.41845703125,-495.38433837890625,0.6265974640846252,0.5787353515625,0.7775186896324158,0.3562757670879364,0.3562757670879364,0.001278484589420259,0.4669570028781891,1.850210189819336,0.029479218646883965
G39,304,3805.195068359375,0.695695698261261,-1318.206787109375,-1318.206787109375,822.2353515625,833.319580078125,2278.453125,2307.0,2307.0,960.2250366210938,-495.71905517578125,0.6314198970794678,0.5828025341033936,0.7815040349960327,0.3570088744163513,0.3570088744163513,0.0012872116640210152,0.47218888998031616,1.8470535278320312,0.029407447203993797
G39,305,3817.70556640625,0.6946946978569031,-1333.341796875,-1333.341796875,837.06787109375,848.3438720703125,2279.3828125,2307.0,2307.0,953.028076171875,-496.0242919921875,0.6361916661262512,0.5868349075317383,0.7854012250900269,0.3577239513397217,0.3577239513397217,0.0012967637740075588,0.47736600041389465,1.843345284461975,0.02944483421742916
G39,306,3830.21630859375,0.6936936974525452,-1348.3759765625,-1348.3759765625,851.8273315429688,863.2879638671875,2280.171875,2309.0,2309.0,945.8307495117188,-496.3016662597656,0.6409119367599487,0.590831995010376,0.789211630821228,0.3584248125553131,0.3584248125553131,0.0013044567313045263,0.4824836850166321,1.8391082286834717,0.02952130138874054
G39,307,3842.726806640625,0.6926926970481873,-1363.3031005859375,-1363.3031005859375,866.5023193359375,878.1743774414062,2280.96875,2309.0,2309.0,938.6360473632812,-496.5565185546875,0.6455799341201782,0.5947934985160828,0.7929369807243347,0.3591068387031555,0.3591068387031555,0.0013145261909812689,0.4875445067882538,1.8343555927276611,0.029603611677885056
G39,308,3855.2373046875,0.6916916966438293,-1378.11767578125,-1378.11767578125,881.09375,892.952392578125,2281.7421875,2311.0,2311.0,931.4469604492188,-496.78240966796875,0.6501948833465576,0.5987191200256348,0.7965786457061768,0.3597697913646698,0.3597697913646698,0.0013226228766143322,0.49254676699638367,1.8291171789169312,0.02968849241733551
G39,309,3867.747802734375,0.6906906962394714,-1392.8143310546875,-1392.8143310546875,895.5961303710938,907.6099853515625,2282.203125,2311.0,2311.0,924.2662963867188,-496.979248046875,0.6547561287879944,0.6026084423065186,0.8001382946968079,0.3604167699813843,0.3604167699813843,0.0013304732274264097,0.49748867750167847,1.8234111070632935,0.029816776514053345
G39,310,3880.25830078125,0.6896896958351135,-1407.387939453125,-1407.387939453125,910.0000610351562,922.2066650390625,2282.6640625,2312.0,2312.0,917.096923828125,-497.1514587402344,0.6592632532119751,0.606461226940155,0.8036173582077026,0.3610451817512512,0.3610451817512512,0.0013395682908594608,0.5023684501647949,1.8172578811645508,0.030048219487071037
G39,311,3892.768798828125,0.6886886954307556,-1421.83349609375,-1421.83349609375,924.3043212890625,936.7119140625,2282.953125,2313.0,2313.0,909.9415893554688,-497.29547119140625,0.663715660572052,0.6102771759033203,0.8070759177207947,0.36165449023246765,0.36165449023246765,0.0013467668322846293,0.5071911811828613,1.8106768131256104,0.03039279207587242
G39,312,3905.279296875,0.6876876950263977,-1436.14697265625,-1436.14697265625,938.5050048828125,951.1580200195312,2283.5234375,2313.0,2313.0,902.802978515625,-497.41070556640625,0.6681129336357117,0.6140561103820801,0.8104715347290039,0.36224591732025146,0.36224591732025146,0.0013533832971006632,0.5119494795799255,1.803695559501648,0.030873948708176613
G39,313,3917.789794921875,0.6866866946220398,-1450.3236083984375,-1450.3236083984375,952.59619140625,965.457763671875,2284.171875,2314.0,2314.0,895.6836547851562,-497.49884033203125,0.6724546551704407,0.6177979111671448,0.8137902021408081,0.3628210723400116,0.3628210723400116,0.0013616932556033134,0.51664799451828,1.7963286638259888,0.03146377205848694
G39,314,3930.30029296875,0.6856856942176819,-1464.35986328125,-1464.35986328125,966.5714111328125,979.6554565429688,2284.6484375,2314.0,2314.0,888.5861206054688,-497.5623779296875,0.6767406463623047,0.6215022802352905,0.8170319199562073,0.3633787930011749,0.3633787930011749,0.001369256991893053,0.5212847590446472,1.7885969877243042,0.03213498741388321
G39,315,3942.810791015625,0.684684693813324,-1478.251953125,-1478.251953125,980.4287109375,993.7440185546875,2285.2890625,2316.0,2316.0,881.5128173828125,-497.59979248046875,0.6809706091880798,0.6251690983772278,0.8201983571052551,0.36392080783843994,0.36392080783843994,0.0013748332858085632,0.5258600115776062,1.7805248498916626,0.03284592181444168
G39,316,3955.3212890625,0.6836836934089661,-1491.99658203125,-1491.99658203125,994.162109375,1007.683837890625,2285.796875,2317.0,2317.0,874.4661865234375,-497.6134338378906,0.685144305229187,0.6287984251976013,0.8232910633087158,0.3644448518753052,0.3644448518753052,0.0013817759463563561,0.5303755402565002,1.772121787071228,0.03355959802865982
G39,317,3967.831787109375,0.6826826930046082,-1505.590576171875,-1505.590576171875,1007.7716674804688,1021.527099609375,2286.28125,2317.0,2317.0,867.4484252929688,-497.600341796875,0.6892617344856262,0.632390022277832,0.8263115882873535,0.36495423316955566,0.36495423316955566,0.0013887909008190036,0.534830629825592,1.7634201049804688,0.03428364917635918
G39,318,3980.34228515625,0.6816816926002502,-1519.03125,-1519.03125,1021.2498779296875,1035.2247314453125,2286.8671875,2317.0,2317.0,860.461669921875,-497.565185546875,0.6933227181434631,0.6359437704086304,0.8292617797851562,0.36544668674468994,0.36544668674468994,0.0013950075954198837,0.539226233959198,1.7544268369674683,0.03500696271657944
G39,319,3992.852783203125,0.6806806921958923,-1532.31591796875,-1532.31591796875,1034.59716796875,1048.784423828125,2287.1484375,2318.0,2318.0,853.5079345703125,-497.50494384765625,0.6973273158073425,0.6394597887992859,0.8321430683135986,0.36592304706573486,0.36592304706573486,0.0014002741081640124,0.5435636043548584,1.7451647520065308,0.035749468952417374
G39,320,4005.36328125,0.6796796917915344,-1545.4423828125,-1545.4423828125,1047.81005859375,1062.22705078125,2287.6171875,2318.0,2318.0,846.5894775390625,-497.42095947265625,0.7012755274772644,0.642937958240509,0.8349569439888,0.36638343334198,0.36638343334198,0.0014054233906790614,0.5478411912918091,1.735654592514038,0.03651250898838043
G39,321,4017.873779296875,0.6786786913871765,-1558.4085693359375,-1558.4085693359375,1060.88623046875,1075.505859375,2287.8984375,2319.0,2319.0,839.7078857421875,-497.3132629394531,0.7051674723625183,0.6463782787322998,0.8377051949501038,0.36682963371276855,0.36682963371276855,0.0014121385756880045,0.5520599484443665,1.7259093523025513,0.037289585918188095
G39,322,4030.38427734375,0.6776776909828186,-1571.212646484375,-1571.212646484375,1073.821533203125,1088.65185546875,2288.296875,2320.0,2320.0,832.865234375,-497.18450927734375,0.709003210067749,0.6497808694839478,0.8403891324996948,0.36726030707359314,0.36726030707359314,0.001416830811649561,0.5562167167663574,1.7159454822540283,0.03808353841304779
G39,323,4042.894775390625,0.6766766905784607,-1583.8531494140625,-1583.8531494140625,1086.615966796875,1101.6556396484375,2288.7109375,2320.0,2320.0,826.0631103515625,-497.032958984375,0.7127829790115356,0.6531457304954529,0.843010425567627,0.3676756024360657,0.3676756024360657,0.00142130337189883,0.5603145360946655,1.7057840824127197,0.03887829929590225
G39,324,4055.4052734375,0.6756756901741028,-1596.328857421875,-1596.328857421875,1099.2679443359375,1114.481689453125,2289.0703125,2320.0,2320.0,819.3031005859375,-496.85894775390625,0.7165071368217468,0.6564728617668152,0.8455705642700195,0.3680783808231354,0.3680783808231354,0.0014264264609664679,0.5643525123596191,1.6954362392425537,0.03965497389435768
G39,325,4067.916015625,0.6746746897697449,-1608.638427734375,-1608.638427734375,1111.7723388671875,1127.226806640625,2289.6015625,2320.0,2320.0,812.5869140625,-496.66632080078125,0.7201756834983826,0.659762442111969,0.8480710387229919,0.368465781211853,0.368465781211853,0.001430547796189785,0.5683333873748779,1.6849195957183838,0.040399882942438126
G39,326,4080.426513671875,0.673673689365387,-1620.7811279296875,-1620.7811279296875,1124.13232421875,1139.766357421875,2290.171875,2320.0,2320.0,805.9158935546875,-496.4513854980469,0.7237890958786011,0.6630145907402039,0.8505131602287292,0.3688391149044037,0.3688391149044037,0.0014341534115374088,0.572256863117218,1.6742479801177979,0.04111866280436516
G39,327,4092.93701171875,0.672672688961029,-1632.7562255859375,-1632.7562255859375,1136.344970703125,1152.1563720703125,2290.9375,2321.0,2321.0,799.2913818359375,-496.21600341796875,0.7273475527763367,0.6662294268608093,0.8528984785079956,0.3691983222961426,0.3691983222961426,0.0014375741593539715,0.576123833656311,1.6634352207183838,0.041786547750234604
G39,328,4105.447265625,0.6716716885566711,-1644.563232421875,-1644.563232421875,1148.41015625,1164.416748046875,2291.6796875,2321.0,2321.0,792.7147216796875,-495.9600830078125,0.7308517098426819,0.6694070100784302,0.8552284836769104,0.36954542994499207,0.36954542994499207,0.0014410067815333605,0.579933226108551,1.6524986028671265,0.04240051284432411
G39,329,4117.9580078125,0.6706706881523132,-1656.2021484375,-1656.2021484375,1160.32470703125,1176.521484375,2292.421875,2322.0,2322.0,786.1871337890625,-495.6865234375,0.734301745891571,0.6725404858589172,0.8575044274330139,0.3698766529560089,0.3698766529560089,0.0014433148317039013,0.5836871862411499,1.641444206237793,0.04296693578362465
G39,330,4130.46826171875,0.6696696877479553,-1667.67236328125,-1667.67236328125,1172.09326171875,1188.4471435546875,2292.78125,2322.0,2322.0,779.7096557617188,-495.39031982421875,0.7376980185508728,0.675636887550354,0.8597277402877808,0.37019413709640503,0.37019413709640503,0.00144563231151551,0.5873857736587524,1.6302942037582397,0.043461281806230545
G39,331,4142.97900390625,0.6686686873435974,-1678.9742431640625,-1678.9742431640625,1183.713134765625,1200.2227783203125,2293.15625,2322.0,2322.0,773.2833251953125,-495.07440185546875,0.7410411834716797,0.6786965727806091,0.861899733543396,0.37050098180770874,0.37050098180770874,0.0014473372139036655,0.5910235047340393,1.619052529335022,0.04389480501413345
G39,332,4155.4892578125,0.6676676869392395,-1690.10791015625,-1690.10791015625,1195.1802978515625,1211.8621826171875,2293.65625,2322.0,2322.0,766.9091796875,-494.7430725097656,0.7443316578865051,0.6817196011543274,0.8640217185020447,0.3707926869392395,0.3707926869392395,0.0014493727358058095,0.594605028629303,1.6077337265014648,0.04424536973237991
G39,333,4168.0,0.6666666269302368,-1701.0738525390625,-1701.0738525390625,1206.5010986328125,1223.302978515625,2294.109375,2324.0,2324.0,760.5880126953125,-494.39019775390625,0.7475698590278625,0.6847062706947327,0.8660950064659119,0.3710712194442749,0.3710712194442749,0.001451391726732254,0.5981302261352539,1.596351146697998,0.0445132702589035
G39,334,4180.51025390625,0.6656656265258789,-1711.872314453125,-1711.872314453125,1217.6732177734375,1234.625732421875,2294.6796875,2324.0,2324.0,754.3206176757812,-494.0186767578125,0.7507563829421997,0.6876568794250488,0.8681207895278931,0.3713374137878418,0.3713374137878418,0.0014522143173962831,0.6016020774841309,1.5849114656448364,0.044688913971185684
G39,335,4193.02099609375,0.664664626121521,-1722.50439453125,-1722.50439453125,1228.6962890625,1245.781982421875,2295.0546875,2324.0,2324.0,748.1077880859375,-493.629638671875,0.7538918852806091,0.6905716061592102,0.8701003789901733,0.3715904653072357,0.3715904653072357,0.0014545921003445983,0.6050209999084473,1.5734288692474365,0.044759996235370636
G39,336,4205.53173828125,0.6636636257171631,-1732.970458984375,-1732.970458984375,1239.572021484375,1256.771240234375,2295.484375,2324.0,2324.0,741.9500732421875,-493.22210693359375,0.756976842880249,0.6934506893157959,0.8720371127128601,0.3718301057815552,0.3718301057815552,0.001454738201573491,0.6083871722221375,1.561910629272461,0.04473131522536278
G39,337,4218.0419921875,0.6626626253128052,-1743.2716064453125,-1743.2716064453125,1250.30126953125,1267.6322021484375,2296.203125,2324.0,2324.0,735.84814453125,-492.7957763671875,0.7600116729736328,0.6962944865226746,0.8739350438117981,0.3720571994781494,0.3720571994781494,0.0014563992153853178,0.6117016673088074,1.5503671169281006,0.044601112604141235
G39,338,4230.552734375,0.6616616249084473,-1753.4088134765625,-1753.4088134765625,1260.88427734375,1278.322509765625,2297.0234375,2323.0,2324.0,729.802490234375,-492.3519592285156,0.7629972100257874,0.6991032361984253,0.8757901787757874,0.3722721040248871,0.3722721040248871,0.0014568842016160488,0.6149691343307495,1.5388054847717285,0.04436695575714111
G39,339,4243.06298828125,0.6606606245040894,-1763.383056640625,-1763.383056640625,1271.321533203125,1288.86767578125,2297.4921875,2323.0,2324.0,723.8135986328125,-491.89105224609375,0.7659340500831604,0.7018771171569824,0.8776034116744995,0.3724750578403473,0.3724750578403473,0.0014569753548130393,0.6181877851486206,1.5272369384765625,0.044027991592884064
G39,340,4255.57373046875,0.6596596240997314,-1773.1956787109375,-1773.1956787109375,1281.613525390625,1299.2626953125,2298.0859375,2323.0,2324.0,717.8817138671875,-491.4134521484375,0.7688227295875549,0.7046165466308594,0.8793759346008301,0.3726664185523987,0.3726664185523987,0.0014573241351172328,0.6213581562042236,1.5156652927398682,0.043592751026153564
G39,341,4268.083984375,0.6586586236953735,-1782.847900390625,-1782.847900390625,1291.76123046875,1309.602294921875,2298.5859375,2323.0,2324.0,712.00732421875,-490.9198913574219,0.7716638445854187,0.7073218822479248,0.8811089396476746,0.3728463351726532,0.3728463351726532,0.0014576633693650365,0.6244803667068481,1.5041024684906006,0.043045077472925186
G39,342,4280.5947265625,0.6576576232910156,-1792.341064453125,-1792.341064453125,1301.765625,1319.812255859375,2299.21875,2323.0,2324.0,706.190673828125,-490.41046142578125,0.7744581699371338,0.7099932432174683,0.882803201675415,0.37301507592201233,0.37301507592201233,0.0014572464860975742,0.6275545358657837,1.492552399635315,0.04239993914961815
G39,343,4293.10498046875,0.6566566228866577,-1801.6766357421875,-1801.6766357421875,1311.6278076171875,1329.85693359375,2299.625,2323.0,2324.0,700.431884765625,-489.88555908203125,0.7772062420845032,0.7126311659812927,0.8844600319862366,0.3731737732887268,0.3731737732887268,0.001457231119275093,0.6305803060531616,1.4810216426849365,0.04165172204375267
G39,344,4305.61572265625,0.6556556224822998,-1810.85595703125,-1810.85595703125,1321.34765625,1339.7919921875,2299.84375,2327.0,2327.0,694.7311401367188,-489.346923828125,0.7799087166786194,0.715235710144043,0.886080265045166,0.37332063913345337,0.37332063913345337,0.0014568896731361747,0.6335581541061401,1.4695179462432861,0.040807317942380905
G39,345,4318.1259765625,0.6546546220779419,-1819.880859375,-1819.880859375,1330.92919921875,1349.56103515625,2300.21875,2327.0,2327.0,689.088623046875,-488.79217529296875,0.7825663089752197,0.7178075313568115,0.8876648545265198,0.373457670211792,0.373457670211792,0.0014563871081918478,0.6364889144897461,1.4580461978912354,0.0398763045668602
G39,346,4330.63671875,0.653653621673584,-1828.7530517578125,-1828.7530517578125,1340.371337890625,1359.1810302734375,2300.5078125,2328.0,2328.0,683.50439453125,-488.223876953125,0.7851797342300415,0.7203466892242432,0.8892149329185486,0.3735855221748352,0.3735855221748352,0.0014557288959622383,0.6393726468086243,1.4466115236282349,0.0388636589050293
G39,347,4343.14697265625,0.6526526212692261,-1837.473876953125,-1837.473876953125,1349.674560546875,1368.6898193359375,2300.78125,2328.0,2328.0,677.9783935546875,-487.6430969238281,0.7877495288848877,0.7228536605834961,0.8907312154769897,0.37370187044143677,0.37370187044143677,0.0014549659099429846,0.6422131061553955,1.4352195262908936,0.03777439147233963
G39,348,4355.65771484375,0.6516516208648682,-1846.045166015625,-1846.045166015625,1358.843994140625,1378.0206298828125,2301.109375,2328.0,2328.0,672.5106811523438,-487.04681396484375,0.7902764081954956,0.7253286838531494,0.8922147154808044,0.3738080561161041,0.3738080561161041,0.0014546215534210205,0.6450088620185852,1.4238741397857666,0.03662719950079918
G39,349,4368.16796875,0.6506506204605103,-1854.468994140625,-1854.468994140625,1367.87939453125,1387.24169921875,2301.4296875,2328.0,2328.0,667.10107421875,-486.4368896484375,0.7927610874176025,0.7277721762657166,0.89366614818573,0.37390607595443726,0.37390607595443726,0.001452799653634429,0.6477617621421814,1.412582278251648,0.03542415052652359
G39,350,4380.6787109375,0.6496496200561523,-1862.7469482421875,-1862.7469482421875,1376.780029296875,1396.309814453125,2301.6796875,2328.0,2328.0,661.7496337890625,-485.81585693359375,0.795204222202301,0.7301844358444214,0.8950865864753723,0.3739922344684601,0.3739922344684601,0.0014519173419103026,0.6504727602005005,1.4013444185256958,0.034185219556093216
G39,351,4393.18896484375,0.6486486196517944,-1870.880859375,-1870.880859375,1385.5523681640625,1405.2493896484375,2301.8515625,2329.0,2329.0,656.4561157226562,-485.1790771484375,0.797606348991394,0.7325659394264221,0.8964765667915344,0.37407007813453674,0.37407007813453674,0.0014511783374473453,0.6531401872634888,1.3901678323745728,0.03291091322898865
G39,352,4405.69970703125,0.6476476192474365,-1878.872802734375,-1878.872802734375,1394.19384765625,1414.0390625,2302.1015625,2329.0,2329.0,651.2203369140625,-484.5311584472656,0.7999683618545532,0.7349156141281128,0.8978371024131775,0.3741399049758911,0.3741399049758911,0.0014485601568594575,0.6557641625404358,1.3790552616119385,0.031630989164114
G39,353,4418.2099609375,0.6466466188430786,-1886.724609375,-1886.724609375,1402.7056884765625,1422.731201171875,2302.6171875,2329.0,2329.0,646.0421752929688,-483.87261962890625,0.8022907376289368,0.7372324466705322,0.8991690874099731,0.3741985857486725,0.3741985857486725,0.0014484729617834091,0.6583471894264221,1.3680078983306885,0.030340522527694702
G39,354,4430.720703125,0.6456456184387207,-1894.4381103515625,-1894.4381103515625,1411.09423828125,1431.25,2302.7578125,2329.0,2329.0,640.9212036132812,-483.1993408203125,0.8045742511749268,0.7395195364952087,0.9004729390144348,0.37425127625465393,0.37425127625465393,0.0014463769039139152,0.660888671875,1.3570324182510376,0.029072606936097145
G39,355,4443.2314453125,0.6446446180343628,-1902.015625,-1902.015625,1419.3543701171875,1439.66748046875,2302.90625,2329.0,2329.0,635.8572998046875,-482.51812744140625,0.806819498538971,0.7417773604393005,0.9017496109008789,0.3742949068546295,0.3742949068546295,0.0014455759664997458,0.6633899211883545,1.3461283445358276,0.027824638411402702
G39,356,4455.74169921875,0.6436436176300049,-1909.4588623046875,-1909.4588623046875,1427.4923095703125,1447.9586181640625,2303.015625,2329.0,2329.0,630.8501586914062,-481.82501220703125,0.8090271353721619,0.7439988851547241,0.9029998183250427,0.3743301033973694,0.3743301033973694,0.001444617286324501,0.6658514738082886,1.335300087928772,0.02662288211286068
G39,357,4468.25244140625,0.642642617225647,-1916.7701416015625,-1916.7701416015625,1435.509033203125,1456.0919189453125,2303.140625,2329.0,2329.0,625.8994140625,-481.12091064453125,0.8111978769302368,0.7461878061294556,0.904224157333374,0.3743574917316437,0.3743574917316437,0.001443763030692935,0.6682753562927246,1.324549913406372,0.025470029562711716
G39,358,4480.7626953125,0.6416416168212891,-1923.9512939453125,-1923.9512939453125,1443.406005859375,1464.140625,2303.3203125,2330.0,2330.0,621.0047607421875,-480.40673828125,0.8133323192596436,0.7483398914337158,0.9054234623908997,0.3743777573108673,0.3743777573108673,0.0014428390422835946,0.6706611514091492,1.3138794898986816,0.02438327483832836
G39,359,4493.2734375,0.6406406164169312,-1931.00439453125,-1931.00439453125,1451.18408203125,1472.0521240234375,2303.5703125,2330.0,2330.0,616.165771484375,-479.68316650390625,0.8154310584068298,0.7504571676254272,0.9065982699394226,0.3743895888328552,0.3743895888328552,0.0014427917776629329,0.6730111241340637,1.303290843963623,0.023369362577795982
G39,360,4505.78369140625,0.6396396160125732,-1937.931396484375,-1937.931396484375,1458.846923828125,1479.833984375,2303.8046875,2330.0,2330.0,611.382080078125,-478.94879150390625,0.817494809627533,0.7525477409362793,0.9077492356300354,0.3743927776813507,0.3743927776813507,0.0014417212223634124,0.6753255128860474,1.292785406112671,0.022432459518313408
G39,361,4518.29443359375,0.6386386156082153,-1944.7347412109375,-1944.7347412109375,1466.3970947265625,1487.5169677734375,2304.0703125,2330.0,2330.0,606.6533203125,-478.203369140625,0.8195241093635559,0.7546118497848511,0.9088769555091858,0.37439000606536865,0.37439000606536865,0.0014420453226193786,0.6776034235954285,1.2823665142059326,0.021580291911959648
G39,362,4530.8046875,0.6376376152038574,-1951.4161376953125,-1951.4161376953125,1473.8330078125,1495.0765380859375,2304.1484375,2330.0,2330.0,601.9788818359375,-477.45025634765625,0.8215195536613464,0.756649911403656,0.9099820852279663,0.37437903881073,0.37437903881073,0.00144170131534338,0.6798475384712219,1.2720329761505127,0.02081627957522869
G39,363,4543.3154296875,0.6366366147994995,-1957.977783203125,-1957.977783203125,1481.159423828125,1502.515869140625,2304.25,2330.0,2330.0,597.358642578125,-476.6867980957031,0.8234819769859314,0.7586621046066284,0.9110651612281799,0.37436071038246155,0.37436071038246155,0.0014419675571843982,0.6820566058158875,1.26178777217865,0.020154492929577827
G39,364,4555.82568359375,0.6356356143951416,-1964.421630859375,-1964.421630859375,1488.3775634765625,1509.8583984375,2304.4296875,2331.0,2331.0,592.7918090820312,-475.9139404296875,0.8254117965698242,0.7606216073036194,0.9121268391609192,0.3743365406990051,0.3743365406990051,0.0014423361280933022,0.6842325925827026,1.2516322135925293,0.01960119605064392
G39,365,4568.33642578125,0.6346346139907837,-1970.749755859375,-1970.749755859375,1495.4873046875,1517.0908203125,2304.609375,2331.0,2331.0,588.2781372070312,-475.1337890625,0.8273096084594727,0.76255202293396,0.9131675958633423,0.374304860830307,0.374304860830307,0.0014426643028855324,0.6863752007484436,1.2415660619735718,0.019156573340296745
G39,366,4580.8466796875,0.6336336135864258,-1976.96435546875,-1976.96435546875,1502.49267578125,1524.21044921875,2304.65625,2331.0,2331.0,583.8170166015625,-474.3442687988281,0.8291760087013245,0.764458417892456,0.9141880869865417,0.37426602840423584,0.37426602840423584,0.0014435512712225318,0.6884849071502686,1.231590747833252,0.018843693658709526
G39,367,4593.357421875,0.6326326131820679,-1983.0672607421875,-1983.0672607421875,1509.3953857421875,1531.235107421875,2304.7734375,2331.0,2331.0,579.4080200195312,-473.5457763671875,0.8310116529464722,0.7663411498069763,0.9151885509490967,0.37422192096710205,0.37422192096710205,0.0014436815399676561,0.6905612945556641,1.2217081785202026,0.01866205222904682
G39,368,4605.86767578125,0.63163161277771,-1989.060546875,-1989.060546875,1516.1949462890625,1538.153564453125,2304.859375,2331.0,2331.0,575.0505981445312,-472.74072265625,0.8328171372413635,0.7682005763053894,0.9161697626113892,0.3741692006587982,0.3741692006587982,0.001444556168280542,0.6926069855690002,1.2119159698486328,0.018618935719132423
G39,369,4618.37841796875,0.630630612373352,-1994.946044921875,-1994.946044921875,1522.8973388671875,1544.97021484375,2305.0,2331.0,2331.0,570.7442626953125,-471.92510986328125,0.834592878818512,0.7700368762016296,0.9171320796012878,0.3741110861301422,0.3741110861301422,0.0014448970323428512,0.694622814655304,1.2022175788879395,0.018718335777521133
G39,370,4630.888671875,0.6296296119689941,-2000.725830078125,-2000.725830078125,1529.5006103515625,1551.6865234375,2305.109375,2332.0,2332.0,566.4884033203125,-471.102783203125,0.8363395929336548,0.7718505263328552,0.9180759787559509,0.3740469217300415,0.3740469217300415,0.0014456381322816014,0.6966097354888916,1.1926119327545166,0.018952950835227966
G39,371,4643.3994140625,0.6286286115646362,-2006.401611328125,-2006.401611328125,1536.00732421875,1558.3062744140625,2305.2578125,2332.0,2332.0,562.2825927734375,-470.2731628417969,0.8380576372146606,0.7736417055130005,0.9190019965171814,0.3739745616912842,0.3739745616912842,0.001444794237613678,0.6985687613487244,1.1830984354019165,0.019322633743286133
G39,372,4655.90966796875,0.6276276111602783,-2011.9754638671875,-2011.9754638671875,1542.4219970703125,1564.8310546875,2305.3984375,2332.0,2332.0,558.126220703125,-469.43353271484375,0.8397478461265564,0.7754107117652893,0.9199106097221375,0.3738989233970642,0.3738989233970642,0.0014462986728176475,0.7004979848861694,1.1736799478530884,0.01981353759765625
G39,373,4668.42041015625,0.6266266107559204,-2017.44921875,-2017.44921875,1548.740478515625,1571.2596435546875,2305.5703125,2332.0,2332.0,554.018798828125,-468.59002685546875,0.8414104580879211,0.7771579623222351,0.9208020567893982,0.3738143742084503,0.3738143742084503,0.0014445167034864426,0.7023997902870178,1.1643526554107666,0.020412523299455643
G39,374,4680.9306640625,0.6256256103515625,-2022.82470703125,-2022.82470703125,1554.9715576171875,1577.589111328125,2305.765625,2333.0,2333.0,549.959716796875,-467.73565673828125,0.8430461883544922,0.7788835763931274,0.9216769933700562,0.3737252354621887,0.3737252354621887,0.0014454186893999577,0.7042734026908875,1.1551212072372437,0.021095747128129005
G39,375,4693.44140625,0.6246246099472046,-2028.1038818359375,-2028.1038818359375,1561.111572265625,1583.8388671875,2305.84375,2334.0,2334.0,545.948486328125,-466.8759460449219,0.8446553945541382,0.7805880308151245,0.9225357174873352,0.3736303150653839,0.3736303150653839,0.00144431262742728,0.7061188817024231,1.1459815502166748,0.021850192919373512
G39,376,4705.9521484375,0.6236236095428467,-2033.2882080078125,-2033.2882080078125,1567.16357421875,1589.97998046875,2305.9140625,2334.0,2334.0,541.9844970703125,-466.0093688964844,0.8462386727333069,0.7822714447975159,0.9233786463737488,0.37352776527404785,0.37352776527404785,0.0014441658277064562,0.7079374194145203,1.136935830116272,0.02264903113245964
G39,377,4718.46240234375,0.6226226091384888,-2038.3797607421875,-2038.3797607421875,1573.132080078125,1596.043212890625,2306.171875,2334.0,2334.0,538.0671997070312,-465.1336669921875,0.847796618938446,0.7839342355728149,0.9242061376571655,0.37342119216918945,0.37342119216918945,0.00144297257065773,0.7097300887107849,1.1279840469360352,0.02349236235022545
G39,378,4730.97314453125,0.6216216087341309,-2043.380126953125,-2043.380126953125,1579.0137939453125,1602.004638671875,2306.296875,2334.0,2334.0,534.196044921875,-464.25335693359375,0.8493295907974243,0.7855766415596008,0.9250186085700989,0.3733079433441162,0.3733079433441162,0.0014433329924941063,0.7114964127540588,1.1191248893737793,0.02434093877673149
G39,379,4743.4833984375,0.620620608329773,-2048.291015625,-2048.291015625,1584.81396484375,1607.892333984375,2306.6015625,2334.0,2334.0,530.3704833984375,-463.3652038574219,0.8508381843566895,0.7871989011764526,0.9258163571357727,0.37318795919418335,0.37318795919418335,0.001441881526261568,0.7132390737533569,1.1103582382202148,0.025207238271832466
G39,380,4755.994140625,0.619619607925415,-2053.11376953125,-2053.11376953125,1590.5341796875,1613.6805419921875,2306.6875,2332.0,2334.0,526.58984375,-462.4691162109375,0.8523225784301758,0.7888013124465942,0.9265998005867004,0.3730646073818207,0.3730646073818207,0.0014425890985876322,0.7149568200111389,1.1016854047775269,0.026060761883854866
G39,381,4768.50439453125,0.6186186075210571,-2057.85107421875,-2057.85107421875,1596.171875,1619.3927001953125,2306.8359375,2332.0,2334.0,522.853759765625,-461.56939697265625,0.8537836074829102,0.7903842329978943,0.9273692965507507,0.37293219566345215,0.37293219566345215,0.0014415846671909094,0.7166523337364197,1.0931026935577393,0.02688969299197197
G39,382,4781.01513671875,0.6176176071166992,-2062.50341796875,-2062.50341796875,1601.7357177734375,1625.027587890625,2306.9921875,2332.0,2334.0,519.1614990234375,-460.65899658203125,0.8552215099334717,0.7919477820396423,0.9281252026557922,0.37279579043388367,0.37279579043388367,0.0014416254125535488,0.7183234095573425,1.0846134424209595,0.027698980644345284
G39,383,4793.525390625,0.6166166067123413,-2067.072509765625,-2067.072509765625,1607.2208251953125,1630.579833984375,2307.2265625,2334.0,2334.0,515.5126342773438,-459.744140625,0.8566368818283081,0.7934923768043518,0.9288676977157593,0.37265464663505554,0.37265464663505554,0.0014417370548471808,0.7199719548225403,1.07621431350708,0.028452806174755096
G39,384,4806.0361328125,0.6156156063079834,-2071.560546875,-2071.560546875,1612.6298828125,1636.05712890625,2307.2890625,2334.0,2334.0,511.906494140625,-458.8240051269531,0.8580299615859985,0.7949787378311157,0.9295973181724548,0.37250402569770813,0.37250402569770813,0.0014406420523300767,0.7215997576713562,1.0679045915603638,0.029155215248465538
G39,385,4818.54638671875,0.6146146059036255,-2075.96826171875,-2075.96826171875,1617.969970703125,1641.468994140625,2307.3515625,2335.0,2335.0,508.34259033203125,-457.8927917480469,0.859401285648346,0.7964339852333069,0.9303141236305237,0.3723527491092682,0.3723527491092682,0.0014414065517485142,0.7232034802436829,1.0596871376037598,0.029793933033943176
G39,386,4831.05712890625,0.6136136054992676,-2080.297607421875,-2080.297607421875,1623.231689453125,1646.7939453125,2307.5546875,2335.0,2335.0,504.8203125,-456.96136474609375,0.8607513904571533,0.7978721857070923,0.931018590927124,0.3721925914287567,0.3721925914287567,0.0014401491498574615,0.7247866988182068,1.0515553951263428,0.030357342213392258
G39,387,4843.5673828125,0.6126126050949097,-2084.5498046875,-2084.5498046875,1628.426513671875,1652.0657958984375,2307.6875,2334.0,2335.0,501.3391418457031,-456.0197448730469,0.8620803952217102,0.7992936968803406,0.9317108988761902,0.3720282018184662,0.3720282018184662,0.0014405837282538414,0.7263498306274414,1.043514609336853,0.030843086540699005
G39,388,4856.078125,0.6116116046905518,-2088.726318359375,-2088.726318359375,1633.5501708984375,1657.25341796875,2307.859375,2334.0,2335.0,497.8985595703125,-455.07354736328125,0.8633890748023987,0.8006985187530518,0.9323914051055908,0.3718602955341339,0.3718602955341339,0.0014397366903722286,0.727893054485321,1.0355602502822876,0.031255632638931274
G39,389,4868.58837890625,0.6106106042861938,-2092.82861328125,-2092.82861328125,1638.6033935546875,1662.37841796875,2307.9375,2334.0,2335.0,494.49798583984375,-454.1236572265625,0.8646775484085083,0.8020870089530945,0.9330604076385498,0.37168508768081665,0.37168508768081665,0.001440234831534326,0.7294166088104248,1.0276927947998047,0.03157487511634827
G39,390,4881.09912109375,0.6096096038818359,-2096.858154296875,-2096.858154296875,1643.591796875,1667.437255859375,2308.1171875,2334.0,2335.0,491.13690185546875,-453.16558837890625,0.8659462928771973,0.8034594058990479,0.9337181448936462,0.37150678038597107,0.37150678038597107,0.0014390179421752691,0.7309218645095825,1.0199122428894043,0.0318157784640789
G39,391,4893.609375,0.608608603477478,-2100.81591796875,-2100.81591796875,1648.51171875,1672.423583984375,2308.2421875,2334.0,2335.0,487.81475830078125,-452.20440673828125,0.8671956658363342,0.8048158884048462,0.9343648552894592,0.3713235557079315,0.3713235557079315,0.0014395946636795998,0.7324077486991882,1.0122168064117432,0.03197043016552925
G39,392,4906.1201171875,0.6076076030731201,-2104.70361328125,-2104.70361328125,1653.36669921875,1677.34033203125,2308.359375,2334.0,2335.0,484.5310363769531,-451.2380065917969,0.8684260845184326,0.8061566948890686,0.9350007772445679,0.3711349368095398,0.3711349368095398,0.001438818988390267,0.7338751554489136,1.0046056509017944,0.032036468386650085
G39,393,4918.63037109375,0.6066066026687622,-2108.52197265625,-2108.52197265625,1658.158447265625,1682.205322265625,2308.40625,2334.0,2335.0,481.28515625,-450.2657775878906,0.8696378469467163,0.8074820637702942,0.9356260299682617,0.3709428608417511,0.3709428608417511,0.001438731444068253,0.735321044921875,0.9970793724060059,0.0320289321243763
G39,394,4931.14111328125,0.6056056022644043,-2112.27294921875,-2112.27294921875,1662.885986328125,1686.9833984375,2308.4453125,2334.0,2335.0,478.07672119140625,-449.2901611328125,0.870831310749054,0.8087921738624573,0.9362412095069885,0.37074577808380127,0.37074577808380127,0.0014384665992110968,0.7367480993270874,0.989635169506073,0.03193661570549011
G39,395,4943.65185546875,0.6046046018600464,-2115.95751953125,-2115.95751953125,1667.5523681640625,1691.7119140625,2308.4921875,2334.0,2335.0,474.90509033203125,-448.30914306640625,0.8720070719718933,0.8100873231887817,0.9368461966514587,0.37054458260536194,0.37054458260536194,0.0014380627544596791,0.7381560206413269,0.9822736382484436,0.03176700323820114
G39,396,4956.162109375,0.6036036014556885,-2119.576904296875,-2119.576904296875,1672.15771484375,1696.3779296875,2308.53125,2334.0,2335.0,471.76983642578125,-447.32403564453125,0.8731650710105896,0.8113675117492676,0.9374414086341858,0.3703398108482361,0.3703398108482361,0.001437495113350451,0.739546537399292,0.9749928116798401,0.03151661530137062
G39,397,4968.6728515625,0.6026026010513306,-2123.13232421875,-2123.13232421875,1676.70263671875,1700.96630859375,2308.546875,2334.0,2335.0,468.67041015625,-446.33544921875,0.8743059635162354,0.8126331567764282,0.9380269646644592,0.3701295256614685,0.3701295256614685,0.0014368674019351602,0.740917980670929,0.9677925705909729,0.031184878200292587
G39,398,4981.18310546875,0.6016016006469727,-2126.625,-2126.625,1681.190673828125,1705.517578125,2308.5546875,2334.0,2335.0,465.6063537597656,-445.34100341796875,0.8754298686981201,0.8138843178749084,0.9386031627655029,0.36991778016090393,0.36991778016090393,0.0014364953385666013,0.742270290851593,0.9606714844703674,0.030769439414143562
G39,399,4993.69384765625,0.6006006002426147,-2130.056396484375,-2130.056396484375,1685.617919921875,1709.989013671875,2308.6328125,2334.0,2335.0,462.5771179199219,-444.34564208984375,0.8765372037887573,0.8151213526725769,0.9391700625419617,0.36970022320747375,0.36970022320747375,0.001435256446711719,0.7436052560806274,0.9536285400390625,0.030272331088781357
G39,400,5006.2041015625,0.5995995998382568,-2133.427001953125,-2133.427001953125,1689.990966796875,1714.41357421875,2308.6875,2334.0,2335.0,459.582275390625,-443.3441162109375,0.8776283264160156,0.8163443207740784,0.9397280216217041,0.3694804012775421,0.3694804012775421,0.0014351492282003164,0.7449232935905457,0.9466635584831238,0.029707327485084534
G39,401,5018.71484375,0.5985985994338989,-2136.73828125,-2136.73828125,1694.306640625,1718.7791748046875,2308.765625,2334.0,2335.0,456.62127685546875,-442.34088134765625,0.8787034749984741,0.8175534009933472,0.940277099609375,0.3692573010921478,0.3692573010921478,0.0014339789049699903,0.7462249398231506,0.9397746324539185,0.029065677896142006
G39,402,5031.22509765625,0.597597599029541,-2139.99169921875,-2139.99169921875,1698.56689453125,1723.081787109375,2308.7734375,2334.0,2335.0,453.6936950683594,-441.33453369140625,0.8797629475593567,0.818748950958252,0.940817654132843,0.36903029680252075,0.36903029680252075,0.0014336503809317946,0.7475086450576782,0.9329617619514465,0.028361128643155098
G39,403,5043.73583984375,0.5965965986251831,-2143.187744140625,-2143.187744140625,1702.77392578125,1727.33154296875,2308.7890625,2334.0,2335.0,450.799072265625,-440.3244323730469,0.8808070421218872,0.8199309706687927,0.9413498044013977,0.36880066990852356,0.36880066990852356,0.0014329315163195133,0.7487753033638,0.9262235760688782,0.027601156383752823
G39,404,5056.24609375,0.5955955982208252,-2146.327880859375,-2146.327880859375,1706.92724609375,1731.525634765625,2308.8125,2334.0,2335.0,447.9369201660156,-439.31207275390625,0.8818361759185791,0.8210997581481934,0.9418737292289734,0.3685678243637085,0.3685678243637085,0.0014323457144200802,0.7500244379043579,0.9195591807365417,0.02679027058184147
G39,405,5068.7568359375,0.5945945978164673,-2149.4130859375,-2149.4130859375,1711.028564453125,1735.65283203125,2308.8515625,2334.0,2335.0,445.10675048828125,-438.296875,0.8828504085540771,0.8222554326057434,0.9423894286155701,0.3683314621448517,0.3683314621448517,0.001431274227797985,0.7512589693069458,0.9129678010940552,0.025939619168639183
G39,406,5081.26708984375,0.5935935974121094,-2152.4443359375,-2152.4443359375,1715.0789794921875,1739.7393798828125,2308.9140625,2335.0,2335.0,442.3081970214844,-437.27838134765625,0.8838501572608948,0.8233982920646667,0.942897379398346,0.36809229850769043,0.36809229850769043,0.0014308369718492031,0.7524757981300354,0.9064485430717468,0.025061603635549545
G39,407,5093.77783203125,0.5925925970077515,-2155.4228515625,-2155.4228515625,1719.078857421875,1743.76220703125,2308.9296875,2335.0,2335.0,439.5407409667969,-436.257568359375,0.8848357200622559,0.8245283365249634,0.9433974623680115,0.3678496181964874,0.3678496181964874,0.0014288394013419747,0.7536783814430237,0.900000274181366,0.02416572906076908
G39,408,5106.2880859375,0.5915915966033936,-2158.34912109375,-2158.34912109375,1723.030029296875,1747.729248046875,2308.984375,2335.0,2335.0,436.803955078125,-435.2335205078125,0.8858072757720947,0.825645923614502,0.9438899755477905,0.36760392785072327,0.36760392785072327,0.0014280229806900024,0.754864513874054,0.8936225771903992,0.023264454677700996
G39,409,5118.798828125,0.5905905961990356,-2161.224609375,-2161.224609375,1726.932861328125,1751.659912109375,2309.0390625,2335.0,2335.0,434.0974426269531,-434.2068176269531,0.8867650628089905,0.8267510533332825,0.9443751573562622,0.3673548102378845,0.3673548102378845,0.0014257945585995913,0.7560369372367859,0.8873142600059509,0.022379523143172264
G39,410,5131.30908203125,0.5895895957946777,-2164.0498046875,-2164.0498046875,1730.78857421875,1755.5238037109375,2309.0703125,2335.0,2335.0,431.42071533203125,-433.17718505859375,0.8877094388008118,0.8278440237045288,0.9448530077934265,0.36710256338119507,0.36710256338119507,0.0014238700969144702,0.7571945190429688,0.8810747265815735,0.021511683240532875
G39,411,5143.81982421875,0.5885885953903198,-2166.826171875,-2166.826171875,1734.5980224609375,1759.3489990234375,2309.09375,2335.0,2335.0,428.7734069824219,-432.1447448730469,0.8886406421661377,0.8289248943328857,0.9453238248825073,0.36684659123420715,0.36684659123420715,0.0014214375987648964,0.758338212966919,0.8749029636383057,0.020682914182543755
G39,412,5156.330078125,0.5875875949859619,-2169.55419921875,-2169.55419921875,1738.362548828125,1763.1322021484375,2309.125,2335.0,2335.0,426.15509033203125,-431.1090087890625,0.8895588517189026,0.8299939632415771,0.9457875490188599,0.366587370634079,0.366587370634079,0.0014185300096869469,0.7594676613807678,0.8687984943389893,0.019901327788829803
G39,413,5168.8408203125,0.586586594581604,-2172.235107421875,-2172.235107421875,1742.082763671875,1766.8564453125,2309.1640625,2335.0,2335.0,423.5652770996094,-430.0704650878906,0.8904642462730408,0.8310513496398926,0.946244478225708,0.3663245439529419,0.3663245439529419,0.0014157474506646395,0.7605835199356079,0.8627603650093079,0.019190389662981033
G39,414,5181.3515625,0.5855855941772461,-2174.86962890625,-2174.86962890625,1745.759765625,1770.552001953125,2309.171875,2335.0,2335.0,421.0036926269531,-429.02874755859375,0.8913573026657104,0.8320971131324768,0.9466947317123413,0.3660581707954407,0.3660581707954407,0.0014122662832960486,0.7616856098175049,0.8567878007888794,0.018553609028458595
G39,415,5193.86181640625,0.5845845937728882,-2177.458984375,-2177.458984375,1749.394287109375,1774.1953125,2309.1953125,2335.0,2335.0,418.4698486328125,-427.98394775390625,0.8922379612922668,0.8331314921379089,0.9471385478973389,0.3657889664173126,0.3657889664173126,0.001409256481565535,0.7627759575843811,0.8508802056312561,0.018014058470726013
G39,416,5206.37255859375,0.5835835933685303,-2180.00341796875,-2180.00341796875,1752.9864501953125,1777.797607421875,2309.1796875,2335.0,2335.0,415.96337890625,-426.9368896484375,0.8931066393852234,0.8341547250747681,0.9475758075714111,0.3655158281326294,0.3655158281326294,0.0014056189684197307,0.763856828212738,0.8450362682342529,0.017563167959451675
G39,417,5218.8828125,0.5825825929641724,-2182.50390625,-2182.50390625,1756.538330078125,1781.3626708984375,2309.21875,2335.0,2335.0,413.48388671875,-425.88629150390625,0.8939634561538696,0.835166871547699,0.9480066895484924,0.3652401566505432,0.3652401566505432,0.0014027630677446723,0.7649261355400085,0.8392557501792908,0.01722143217921257
G39,418,5231.3935546875,0.5815815925598145,-2184.96142578125,-2184.96142578125,1760.049072265625,1784.881103515625,2309.3515625,2335.0,2335.0,411.0309753417969,-424.8338928222656,0.8948087096214294,0.8361679911613464,0.9484314918518066,0.3649608790874481,0.3649608790874481,0.0013991505838930607,0.7659875750541687,0.8335373997688293,0.016989024356007576
G39,419,5243.90380859375,0.5805805921554565,-2187.376953125,-2187.376953125,1763.520751953125,1788.363037109375,2309.4453125,2336.0,2336.0,408.6042785644531,-423.77838134765625,0.8956425786018372,0.8371584415435791,0.9488502144813538,0.3646787405014038,0.3646787405014038,0.001396278035826981,0.7670396566390991,0.8278804421424866,0.01686861552298069
G39,420,5256.41455078125,0.5795795917510986,-2189.7509765625,-2189.7509765625,1766.953125,1791.8057861328125,2309.4765625,2336.0,2336.0,406.2034606933594,-422.7206726074219,0.8964651823043823,0.8381381630897522,0.9492630362510681,0.3643937408924103,0.3643937408924103,0.001393154263496399,0.7680822014808655,0.8222846984863281,0.01685437187552452
G39,421,5268.9248046875,0.5785785913467407,-2192.08447265625,-2192.08447265625,1770.346923828125,1795.205810546875,2309.5234375,2336.0,2336.0,403.828125,-421.66082763671875,0.8972768783569336,0.8391075134277344,0.9496700167655945,0.36410602927207947,0.36410602927207947,0.0013900442281737924,0.7691135406494141,0.8167482614517212,0.016925079748034477
G39,422,5281.435546875,0.5775775909423828,-2194.3779296875,-2194.3779296875,1773.7030029296875,1798.5775146484375,2309.5625,2336.0,2336.0,401.4778747558594,-420.5989685058594,0.898077666759491,0.8400664925575256,0.9500712156295776,0.3638152778148651,0.3638152778148651,0.0013871979899704456,0.7701349258422852,0.8112716674804688,0.0170766469091177
G39,423,5293.94580078125,0.5765765905380249,-2196.63232421875,-2196.63232421875,1777.022216796875,1801.89990234375,2309.578125,2336.0,2336.0,399.15240478515625,-419.5346984863281,0.8988679647445679,0.8410151600837708,0.9504668116569519,0.3635225296020508,0.3635225296020508,0.0013842020416632295,0.7711436152458191,0.8058531880378723,0.01729114167392254
G39,424,5306.45654296875,0.575575590133667,-2198.84814453125,-2198.84814453125,1780.303955078125,1805.1981201171875,2309.59375,2336.0,2336.0,396.8513488769531,-418.4693603515625,0.8996478319168091,0.8419538140296936,0.9508569240570068,0.36322683095932007,0.36322683095932007,0.0013810900272801518,0.7721432447433472,0.800492525100708,0.01755664125084877
G39,425,5318.966796875,0.5745745897293091,-2201.0263671875,-2201.0263671875,1783.55029296875,1808.453125,2309.609375,2336.0,2336.0,394.5743713378906,-417.4017639160156,0.9004174470901489,0.8428826332092285,0.9512417316436768,0.3629286587238312,0.3629286587238312,0.0013784461189061403,0.773131787776947,0.7951889038085938,0.01784105971455574
G39,426,5331.4775390625,0.5735735893249512,-2203.16748046875,-2203.16748046875,1786.7611083984375,1811.6761474609375,2309.6875,2336.0,2336.0,392.32110595703125,-416.33258056640625,0.9011770486831665,0.8438014984130859,0.9516211748123169,0.362628698348999,0.362628698348999,0.001375385094434023,0.7741118669509888,0.7899414300918579,0.018140090629458427
G39,427,5343.98779296875,0.5725725889205933,-2205.27197265625,-2205.27197265625,1789.9365234375,1814.8642578125,2309.8046875,2336.0,2336.0,390.09124755859375,-415.26251220703125,0.9019266963005066,0.8447108268737793,0.9519953727722168,0.36232542991638184,0.36232542991638184,0.0013729726197198033,0.7750834226608276,0.7847496271133423,0.018421415239572525
G39,428,5356.49853515625,0.5715715885162354,-2207.3408203125,-2207.3408203125,1793.078369140625,1818.01904296875,2309.8515625,2336.0,2336.0,387.884521484375,-414.1898193359375,0.9026666879653931,0.8456106185913086,0.952364444732666,0.3620207607746124,0.3620207607746124,0.0013700161362066865,0.7760454416275024,0.7796126008033752,0.018685951828956604
G39,429,5369.0087890625,0.5705705881118774,-2209.374267578125,-2209.374267578125,1796.1856689453125,1821.135498046875,2309.9375,2336.0,2336.0,385.7004699707031,-413.1168212890625,0.9033971428871155,0.8465009927749634,0.9527284502983093,0.3617129623889923,0.3617129623889923,0.0013680001720786095,0.776997983455658,0.7745298743247986,0.018912335857748985
G39,430,5381.51953125,0.5695695877075195,-2211.373291015625,-2211.373291015625,1799.2607421875,1824.227783203125,2309.9453125,2336.0,2336.0,383.53887939453125,-412.04144287109375,0.9041182398796082,0.8473820090293884,0.953087568283081,0.3614031672477722,0.3614031672477722,0.0013651737244799733,0.7779403328895569,0.7695006728172302,0.019094062969088554
G39,431,5394.02978515625,0.5685685873031616,-2213.33837890625,-2213.33837890625,1802.302734375,1827.27392578125,2309.9609375,2336.0,2336.0,381.3993835449219,-410.9649353027344,0.9048302173614502,0.8482539653778076,0.9534417986869812,0.3610914945602417,0.3610914945602417,0.0013635307550430298,0.7788726091384888,0.7645243406295776,0.019222252070903778
G39,432,5406.54052734375,0.5675675868988037,-2215.27001953125,-2215.27001953125,1805.3121337890625,1830.3031005859375,2309.9765625,2336.0,2336.0,379.2817077636719,-409.8876647949219,0.9055330753326416,0.8491167426109314,0.9537913203239441,0.36077681183815,0.36077681183815,0.0013610300375148654,0.7797946333885193,0.7596002221107483,0.019281096756458282
G39,433,5419.05078125,0.5665665864944458,-2217.1689453125,-2217.1689453125,1808.291015625,1833.2847900390625,2309.9921875,2336.0,2336.0,377.185546875,-408.80810546875,0.9062271118164062,0.8499707579612732,0.954136073589325,0.3604610860347748,0.3604610860347748,0.001359629794023931,0.7807070016860962,0.7547274827957153,0.019277986139059067
G39,434,5431.5615234375,0.5655655860900879,-2219.035400390625,-2219.035400390625,1811.237548828125,1836.2476806640625,2310.0078125,2336.0,2336.0,375.1105651855469,-407.7287292480469,0.9069123268127441,0.8508159518241882,0.9544762372970581,0.36014288663864136,0.36014288663864136,0.001357843866571784,0.7816091775894165,0.7499058246612549,0.019201671704649925
G39,435,5444.072265625,0.56456458568573,-2220.870361328125,-2220.870361328125,1814.15380859375,1839.171142578125,2310.0390625,2336.0,2336.0,373.0565185546875,-406.64788818359375,0.9075890183448792,0.8516524434089661,0.9548119306564331,0.3598226010799408,0.3598226010799408,0.0013564866967499256,0.7825027704238892,0.7451337575912476,0.01904390938580036
G39,436,5456.58251953125,0.5635635852813721,-2222.673828125,-2222.673828125,1817.0400390625,1842.06689453125,2310.03125,2336.0,2336.0,371.02313232421875,-405.5657958984375,0.908257246017456,0.8524803519248962,0.9551430940628052,0.359501451253891,0.359501451253891,0.0013556418707594275,0.7833857536315918,0.7404118180274963,0.018810145556926727
G39,437,5469.09326171875,0.5625625848770142,-2224.44677734375,-2224.44677734375,1819.8955078125,1844.93408203125,2310.0546875,2336.0,2336.0,369.01007080078125,-404.4841003417969,0.908917248249054,0.8532999157905579,0.9554699063301086,0.3591773211956024,0.3591773211956024,0.001354359439574182,0.7842614054679871,0.7357378005981445,0.018499014899134636
G39,438,5481.603515625,0.5615615844726562,-2226.18994140625,-2226.18994140625,1822.72265625,1847.769775390625,2310.046875,2336.0,2336.0,367.01702880859375,-403.40032958984375,0.9095690250396729,0.8541110157966614,0.9557923674583435,0.3588525652885437,0.3588525652885437,0.0013541565276682377,0.7851261496543884,0.7311125993728638,0.01811138726770878
G39,439,5494.1142578125,0.5605605840682983,-2227.9033203125,-2227.9033203125,1825.5196533203125,1850.572998046875,2310.0625,2336.0,2336.0,365.0438232421875,-402.31719970703125,0.9102128148078918,0.8549139499664307,0.9561105370521545,0.35852527618408203,0.35852527618408203,0.0013532957527786493,0.7859828472137451,0.7265343070030212,0.01765131764113903
G39,440,5506.62451171875,0.5595595836639404,-2229.58740234375,-2229.58740234375,1828.2890625,1853.357666015625,2310.0703125,2336.0,2336.0,363.0901184082031,-401.2325134277344,0.9108486771583557,0.8557087779045105,0.9564247131347656,0.35819685459136963,0.35819685459136963,0.0013532123994082212,0.78682941198349,0.7220031023025513,0.017125675454735756
G39,441,5519.13525390625,0.5585585832595825,-2231.2431640625,-2231.2431640625,1831.02978515625,1856.0966796875,2310.078125,2336.0,2336.0,361.15570068359375,-400.1478271484375,0.9114768505096436,0.8564956188201904,0.9567347168922424,0.3578662872314453,0.3578662872314453,0.0013531213626265526,0.787667989730835,0.7175179719924927,0.016540857031941414
G39,442,5531.6455078125,0.5575575828552246,-2232.87060546875,-2232.87060546875,1833.7435302734375,1858.830810546875,2310.09375,2336.0,2336.0,359.240234375,-399.0621337890625,0.9120973348617554,0.8572744727134705,0.9570406675338745,0.3575341999530792,0.3575341999530792,0.0013532675802707672,0.7884975671768188,0.7130784392356873,0.015911802649497986
G39,443,5544.15625,0.5565565824508667,-2234.47021484375,-2234.47021484375,1836.429931640625,1861.5101318359375,2310.109375,2336.0,2336.0,357.343505859375,-397.97601318359375,0.9127103686332703,0.8580455780029297,0.957342803478241,0.3572002053260803,0.3572002053260803,0.0013538458151742816,0.7893190979957581,0.7086840271949768,0.015240558423101902
G39,444,5556.66650390625,0.5555555820465088,-2236.04296875,-2236.04296875,1839.08984375,1864.19091796875,2310.109375,2336.0,2336.0,355.46527099609375,-396.8891296386719,0.913316011428833,0.8588089346885681,0.9576409459114075,0.3568642735481262,0.3568642735481262,0.001354799373075366,0.7901318669319153,0.7043337821960449,0.014535807073116302
G39,445,5569.17724609375,0.5545545816421509,-2237.588623046875,-2237.588623046875,1841.7237548828125,1866.8203125,2310.109375,2336.0,2336.0,353.60528564453125,-395.80145263671875,0.9139145016670227,0.8595647811889648,0.9579353332519531,0.3565264940261841,0.3565264940261841,0.0013558309292420745,0.7909371256828308,0.700027585029602,0.013808283023536205
G39,446,5581.6875,0.553553581237793,-2239.1083984375,-2239.1083984375,1844.33203125,1869.4395751953125,2310.1171875,2336.0,2336.0,351.7632751464844,-394.7130432128906,0.9145057797431946,0.8603130578994751,0.9582259654998779,0.35618671774864197,0.35618671774864197,0.0013573933392763138,0.7917339205741882,0.6957645416259766,0.013066430576145649
G39,447,5594.1982421875,0.5525525808334351,-2240.601806640625,-2240.601806640625,1846.9154052734375,1872.0284423828125,2310.140625,2336.0,2336.0,349.93902587890625,-393.623779296875,0.915090024471283,0.8610538840293884,0.9585128426551819,0.3558446168899536,0.3558446168899536,0.0013590388698503375,0.7925244569778442,0.6915439963340759,0.012322131544351578
G39,448,5606.70849609375,0.5515515804290771,-2242.06982421875,-2242.06982421875,1849.474609375,1874.5889892578125,2310.1796875,2336.0,2336.0,348.13226318359375,-392.5332946777344,0.9156674146652222,0.8617874383926392,0.9587962627410889,0.3555015027523041,0.3555015027523041,0.001360941445454955,0.7933075428009033,0.6873660683631897,0.011584228835999966
G39,449,5619.21923828125,0.5505505800247192,-2243.51318359375,-2243.51318359375,1852.008544921875,1877.1297607421875,2310.1796875,2336.0,2336.0,346.3428039550781,-391.443115234375,0.9162379503250122,0.8625138401985168,0.9590759873390198,0.35515469312667847,0.35515469312667847,0.0013629236491397023,0.7940856218338013,0.6832287907600403,0.010869154706597328
G39,450,5631.7294921875,0.5495495796203613,-2244.931884765625,-2244.931884765625,1854.5205078125,1879.646240234375,2310.1953125,2336.0,2336.0,344.57037353515625,-390.35015869140625,0.9168018102645874,0.8632330894470215,0.9593522548675537,0.35480797290802,0.35480797290802,0.0013652138877660036,0.7948544025421143,0.6791335940361023,0.010182671248912811
G39,451,5644.240234375,0.5485485792160034,-2246.326416015625,-2246.326416015625,1857.0068359375,1882.132568359375,2310.21875,2336.0,2336.0,342.81475830078125,-389.2587890625,0.9173592329025269,0.8639453053474426,0.9596251249313354,0.3544574975967407,0.3544574975967407,0.0013670629123225808,0.7956190705299377,0.6750776767730713,0.009538772515952587
G39,452,5656.75048828125,0.5475475788116455,-2247.697021484375,-2247.697021484375,1859.47216796875,1884.6075439453125,2310.2265625,2336.0,2336.0,341.0758056640625,-388.1646728515625,0.917910099029541,0.864650547504425,0.9598947167396545,0.3541058301925659,0.3541058301925659,0.0013695613015443087,0.7963767647743225,0.6710625886917114,0.008951728232204914
G39,453,5669.26123046875,0.5465465784072876,-2249.04443359375,-2249.04443359375,1861.9140625,1887.046630859375,2310.234375,2336.0,2336.0,339.3531494140625,-387.07061767578125,0.9184545278549194,0.8653489351272583,0.9601609110832214,0.3537524938583374,0.3537524938583374,0.0013712270883843303,0.7971294522285461,0.6670863628387451,0.008432948961853981
G39,454,5681.77197265625,0.5455455780029297,-2250.369140625,-2250.369140625,1864.3333740234375,1889.475341796875,2310.328125,2336.0,2336.0,337.6466979980469,-385.9761962890625,0.9189927577972412,0.8660405278205872,0.9604238271713257,0.35339635610580444,0.35339635610580444,0.0013734610984101892,0.797876238822937,0.6631491780281067,0.007993899285793304
G39,455,5694.2822265625,0.5445445775985718,-2251.6708984375,-2251.6708984375,1866.731689453125,1891.871826171875,2310.359375,2336.0,2336.0,335.9561767578125,-384.8800964355469,0.9195249080657959,0.866725504398346,0.9606837630271912,0.353039026260376,0.353039026260376,0.0013750366633757949,0.7986188530921936,0.6592503786087036,0.007637168746441603
G39,456,5706.79296875,0.5435435771942139,-2252.950439453125,-2252.950439453125,1869.10791015625,1894.25439453125,2310.390625,2336.0,2336.0,334.28143310546875,-383.7841491699219,0.9200509190559387,0.8674039244651794,0.960940420627594,0.35267987847328186,0.35267987847328186,0.0013768577482551336,0.799353837966919,0.6553893089294434,0.007363652344793081
G39,457,5719.30322265625,0.542542576789856,-2254.20849609375,-2254.20849609375,1871.46240234375,1896.6107177734375,2310.3828125,2336.0,2336.0,332.6221923828125,-382.68768310546875,0.920570969581604,0.8680757284164429,0.9611940979957581,0.35231813788414,0.35231813788414,0.0013781352899968624,0.8000847697257996,0.6515658497810364,0.007163831032812595
G39,458,5731.81396484375,0.541541576385498,-2255.44482421875,-2255.44482421875,1873.797119140625,1898.9482421875,2310.421875,2336.0,2336.0,330.978271484375,-381.58984375,0.9210851192474365,0.8687411546707153,0.9614447355270386,0.35195595026016235,0.35195595026016235,0.0013798115542158484,0.8008078336715698,0.647779107093811,0.007037969306111336
G39,459,5744.32421875,0.5405405759811401,-2256.659912109375,-2256.659912109375,1876.1097412109375,1901.26513671875,2310.4296875,2336.0,2336.0,329.3494873046875,-380.492919921875,0.9215935468673706,0.8694002032279968,0.9616923928260803,0.35159096121788025,0.35159096121788025,0.0013807269278913736,0.8015263080596924,0.6440290212631226,0.0069710444658994675
G39,460,5756.8349609375,0.5395395755767822,-2257.8544921875,-2257.8544921875,1878.403076171875,1903.559814453125,2310.4375,2336.0,2336.0,327.73565673828125,-379.39447021484375,0.9220962524414062,0.8700530529022217,0.9619371891021729,0.3512251675128937,0.3512251675128937,0.0013823924819007516,0.8022367358207703,0.6403146982192993,0.006956807337701321
G39,461,5769.34521484375,0.5385385751724243,-2259.02880859375,-2259.02880859375,1880.675537109375,1905.8369140625,2310.4375,2336.0,2336.0,326.13653564453125,-378.29656982421875,0.9225932955741882,0.8706929087638855,0.9621791839599609,0.3508579730987549,0.3508579730987549,0.0013831250835210085,0.8029417991638184,0.6366361975669861,0.006979173049330711
G39,462,5781.85595703125,0.5375375747680664,-2260.1826171875,-2260.1826171875,1882.927978515625,1908.091796875,2310.4453125,2336.0,2336.0,324.552001953125,-377.19866943359375,0.9230849146842957,0.8712897896766663,0.9624183773994446,0.3504886329174042,0.3504886329174042,0.00138459715526551,0.8036398887634277,0.6329925656318665,0.007025572005659342
G39,463,5794.3662109375,0.5365365743637085,-2261.317138671875,-2261.317138671875,1885.16162109375,1910.328857421875,2310.453125,2336.0,2336.0,322.9817810058594,-376.09991455078125,0.9235711097717285,0.871881365776062,0.9626548290252686,0.35011911392211914,0.35011911392211914,0.0013852179981768131,0.8043320775032043,0.6293837428092957,0.007097246125340462
G39,464,5806.876953125,0.5355355739593506,-2262.43212890625,-2262.43212890625,1887.3743896484375,1912.5443115234375,2310.453125,2336.0,2336.0,321.42578125,-375.0024719238281,0.9240519404411316,0.8724677562713623,0.9628886580467224,0.34974685311317444,0.34974685311317444,0.0013863928616046906,0.8050176501274109,0.6258090138435364,0.00719364732503891
G39,465,5819.38720703125,0.5345345735549927,-2263.5283203125,-2263.5283203125,1889.5697021484375,1914.745361328125,2310.4609375,2336.0,2336.0,319.88372802734375,-373.903564453125,0.9245274662971497,0.8730490803718567,0.9631198048591614,0.3493746519088745,0.3493746519088745,0.0013869641115888953,0.8056974411010742,0.6222681403160095,0.007305042818188667
G39,466,5831.89794921875,0.5335335731506348,-2264.60546875,-2264.60546875,1891.74462890625,1916.91845703125,2310.4609375,2336.0,2336.0,318.35552978515625,-372.80621337890625,0.9249978065490723,0.8736252188682556,0.9633483290672302,0.34900012612342834,0.34900012612342834,0.0013877146411687136,0.8063714504241943,0.6187606453895569,0.007432416547089815
G39,467,5844.408203125,0.5325325727462769,-2265.664306640625,-2265.664306640625,1893.902099609375,1919.0858154296875,2310.46875,2336.0,2336.0,316.8409423828125,-371.70782470703125,0.925463080406189,0.8741964101791382,0.9635744094848633,0.34862467646598816,0.34862467646598816,0.001388165750540793,0.8070402145385742,0.6152859330177307,0.007577912416309118
G39,468,5856.9189453125,0.531531572341919,-2266.704833984375,-2266.704833984375,1896.041015625,1921.218994140625,2310.484375,2336.0,2336.0,315.33984375,-370.6100158691406,0.9259232878684998,0.8747626543045044,0.963797926902771,0.3482482433319092,0.3482482433319092,0.0013886127853766084,0.8077042102813721,0.6118438839912415,0.007734892424196005
G39,469,5869.42919921875,0.530530571937561,-2267.7275390625,-2267.7275390625,1898.1614990234375,1923.35009765625,2310.484375,2336.0,2336.0,313.85205078125,-369.5126647949219,0.9263785481452942,0.875324010848999,0.9640190005302429,0.3478696346282959,0.3478696346282959,0.0013886899687349796,0.8083652853965759,0.6084338426589966,0.007909019477665424
G39,470,5881.93994140625,0.5295295715332031,-2268.73291015625,-2268.73291015625,1900.26513671875,1925.4493408203125,2310.4921875,2336.0,2336.0,312.3774108886719,-368.4145202636719,0.926828920841217,0.8758804202079773,0.9642377495765686,0.3474907875061035,0.3474907875061035,0.0013892200076952577,0.8090215921401978,0.605055570602417,0.008098450489342213
G39,471,5894.4501953125,0.5285285711288452,-2269.720703125,-2269.720703125,1902.3504638671875,1927.5416259765625,2310.5078125,2336.0,2336.0,310.91571044921875,-367.31756591796875,0.9272744655609131,0.8764320611953735,0.9644540548324585,0.34710976481437683,0.34710976481437683,0.0013887820532545447,0.8096733689308167,0.6017085313796997,0.008295628242194653
G39,472,5906.9609375,0.5275275707244873,-2270.691650390625,-2270.691650390625,1904.41943359375,1929.609130859375,2310.515625,2336.0,2336.0,309.466796875,-366.21990966796875,0.9277153611183167,0.8769789338111877,0.9646680951118469,0.34672781825065613,0.34672781825065613,0.0013893466675654054,0.8103200197219849,0.5983924865722656,0.008510690182447433
G39,473,5919.4716796875,0.5265265703201294,-2271.64599609375,-2271.64599609375,1906.470947265625,1931.664794921875,2310.515625,2336.0,2336.0,308.030517578125,-365.1228332519531,0.928151547908783,0.8775212168693542,0.9648799300193787,0.34634459018707275,0.34634459018707275,0.0013885537628084421,0.8109615445137024,0.5951068997383118,0.008733597584068775
G39,474,5931.98193359375,0.5255255699157715,-2272.58349609375,-2272.58349609375,1908.5059814453125,1933.698486328125,2310.546875,2336.0,2336.0,306.60675048828125,-364.0258483886719,0.928583025932312,0.8780588507652283,0.9650893807411194,0.34596002101898193,0.34596002101898193,0.001389145734719932,0.8115977644920349,0.5918514132499695,0.008971573784947395
G39,475,5944.49267578125,0.5245245695114136,-2273.5048828125,-2273.5048828125,1910.5245361328125,1935.723388671875,2310.578125,2336.0,2336.0,305.1953125,-362.9290466308594,0.9290101528167725,0.8785918951034546,0.9652966856956482,0.3455739915370941,0.3455739915370941,0.0013882284983992577,0.8122303485870361,0.5886255502700806,0.009207688271999359
G39,476,5957.0029296875,0.5235235691070557,-2274.41015625,-2274.41015625,1912.5272216796875,1937.7198486328125,2310.59375,2336.0,2336.0,303.7960510253906,-361.8322448730469,0.92943274974823,0.8791202902793884,0.9655019044876099,0.34518730640411377,0.34518730640411377,0.001388729433529079,0.8128573894500732,0.5854292511940002,0.009449266828596592
G39,477,5969.513671875,0.5225225687026978,-2275.30029296875,-2275.30029296875,1914.51318359375,1939.716552734375,2310.6171875,2336.0,2336.0,302.4088134765625,-360.736328125,0.9298509955406189,0.8796443939208984,0.9657048583030701,0.3447982370853424,0.3447982370853424,0.0013878070749342442,0.8134806752204895,0.5822617411613464,0.009687277488410473
G39,478,5982.02392578125,0.5215215682983398,-2276.17431640625,-2276.17431640625,1916.484619140625,1941.67822265625,2310.6640625,2336.0,2336.0,301.033447265625,-359.63946533203125,0.9302648305892944,0.8801639080047607,0.9659057855606079,0.3444092273712158,0.3444092273712158,0.0013880865881219506,0.8140982389450073,0.5791230797767639,0.009934497065842152
G39,479,5994.53466796875,0.5205205678939819,-2277.033447265625,-2277.033447265625,1918.4393310546875,1943.643310546875,2310.6953125,2336.0,2336.0,299.66986083984375,-358.54412841796875,0.9306743741035461,0.8806791305541992,0.9661046862602234,0.34401771426200867,0.34401771426200867,0.0013873783173039556,0.8147127032279968,0.5760124921798706,0.010170474648475647
G39,480,6007.044921875,0.519519567489624,-2277.87744140625,-2277.87744140625,1920.3798828125,1945.5775146484375,2310.6953125,2336.0,2336.0,298.31781005859375,-357.4478454589844,0.9310797452926636,0.8811900019645691,0.9663015604019165,0.34362584352493286,0.34362584352493286,0.0013875343138352036,0.8153231143951416,0.572929859161377,0.010400991886854172
G39,481,6019.5556640625,0.5185185670852661,-2278.70654296875,-2278.70654296875,1922.304443359375,1947.505615234375,2310.6953125,2336.0,2336.0,296.97723388671875,-356.35272216796875,0.9314810037612915,0.8816966414451599,0.9664965271949768,0.34323203563690186,0.34323203563690186,0.001386993215419352,0.8159313201904297,0.5698748826980591,0.010615783743560314
G39,482,6032.06591796875,0.5175175666809082,-2279.52099609375,-2279.52099609375,1924.2149658203125,1949.4163818359375,2310.703125,2336.0,2336.0,295.64794921875,-355.2572021484375,0.9318781495094299,0.8821989297866821,0.96668940782547,0.3428371846675873,0.3428371846675873,0.0013871026458218694,0.8165351152420044,0.5668469071388245,0.010821850039064884
G39,483,6044.57666015625,0.5165165662765503,-2280.3212890625,-2280.3212890625,1926.1103515625,1951.310302734375,2310.703125,2336.0,2336.0,294.3298645019531,-354.16217041015625,0.9322713017463684,0.8826971054077148,0.9668803811073303,0.3424410820007324,0.3424410820007324,0.001386853284202516,0.8171347975730896,0.563846230506897,0.011013392359018326
G39,484,6057.0869140625,0.5155155658721924,-2281.107177734375,-2281.107177734375,1927.991455078125,1953.1927490234375,2310.703125,2336.0,2336.0,293.0228271484375,-353.0674133300781,0.9326604604721069,0.8831910490989685,0.9670695662498474,0.3420436680316925,0.3420436680316925,0.0013870859984308481,0.8177297711372375,0.5608716607093811,0.011186926625669003
G39,485,6069.59765625,0.5145145654678345,-2281.87890625,-2281.87890625,1929.858154296875,1955.059814453125,2310.703125,2336.0,2336.0,291.7266540527344,-351.9728698730469,0.9330456852912903,0.8836809992790222,0.9672567844390869,0.3416447937488556,0.3416447937488556,0.0013869190588593483,0.8183207511901855,0.5579236745834351,0.011339130811393261
G39,486,6082.10791015625,0.5135135650634766,-2282.63720703125,-2282.63720703125,1931.7110595703125,1956.91015625,2310.703125,2336.0,2336.0,290.4412841796875,-350.8784484863281,0.9334270358085632,0.884166955947876,0.9674422144889832,0.341245174407959,0.341245174407959,0.001387321506626904,0.8189070224761963,0.5550013780593872,0.011475575156509876
G39,487,6094.61865234375,0.5125125050544739,-2283.3818359375,-2283.3818359375,1933.549560546875,1958.7515869140625,2310.6953125,2336.0,2336.0,289.1665344238281,-349.7847900390625,0.9338046312332153,0.8846487998962402,0.9676257371902466,0.34084346890449524,0.34084346890449524,0.0013873768039047718,0.8194899559020996,0.5521047115325928,0.011595715768635273
G39,488,6107.12890625,0.511511504650116,-2284.11279296875,-2284.11279296875,1935.375,1960.5736083984375,2310.6953125,2336.0,2336.0,287.90234375,-348.690673828125,0.9341784119606018,0.8851266503334045,0.9678075313568115,0.34044161438941956,0.34044161438941956,0.0013879331527277827,0.8200678825378418,0.5492333769798279,0.011692884378135204
G39,489,6119.6396484375,0.5105105042457581,-2284.8310546875,-2284.8310546875,1937.1859130859375,1962.387451171875,2310.6953125,2336.0,2336.0,286.64849853515625,-347.5980224609375,0.9345484972000122,0.8856005668640137,0.9679939150810242,0.34003758430480957,0.34003758430480957,0.0013884683139622211,0.8206422924995422,0.5463868379592896,0.01177967805415392
G39,490,6132.14990234375,0.5095095038414001,-2285.53564453125,-2285.53564453125,1938.984375,1964.181396484375,2310.734375,2336.0,2336.0,285.40496826171875,-346.5047302246094,0.9349149465560913,0.886070728302002,0.9681791067123413,0.33963316679000854,0.33963316679000854,0.0013889316469430923,0.8212122917175293,0.5435651540756226,0.011860474944114685
G39,491,6144.66064453125,0.5085085034370422,-2286.2275390625,-2286.2275390625,1940.7685546875,1965.9708251953125,2310.734375,2336.0,2336.0,284.17156982421875,-345.4126892089844,0.9352778196334839,0.8865370154380798,0.9683625102043152,0.3392271101474762,0.3392271101474762,0.0013901611091569066,0.8217788934707642,0.5407676696777344,0.011922973208129406
G39,492,6157.1708984375,0.5075075030326843,-2286.90673828125,-2286.90673828125,1942.540283203125,1967.73583984375,2310.7265625,2336.0,2336.0,282.9482116699219,-344.320556640625,0.9356371164321899,0.8869994878768921,0.9685442447662354,0.33882012963294983,0.33882012963294983,0.0013907004613429308,0.8223410844802856,0.537994384765625,0.012004994787275791
G39,493,6169.681640625,0.5065065026283264,-2287.573486328125,-2287.573486328125,1944.298828125,1969.500732421875,2310.7265625,2336.0,2336.0,281.7347717285156,-343.22918701171875,0.935992956161499,0.8874582052230835,0.9687240719795227,0.33841198682785034,0.33841198682785034,0.0013922498328611255,0.8228994607925415,0.5352447628974915,0.012071233242750168
G39,494,6182.1923828125,0.5055055022239685,-2288.22802734375,-2288.22802734375,1946.04443359375,1971.240234375,2310.7265625,2336.0,2336.0,280.5311279296875,-342.1382141113281,0.9363453388214111,0.8879131078720093,0.9689021110534668,0.33800286054611206,0.33800286054611206,0.0013931791763752699,0.8234537839889526,0.532518744468689,0.01215813122689724
G39,495,6194.70263671875,0.5045045018196106,-2288.87060546875,-2288.87060546875,1947.77734375,1972.978271484375,2310.7265625,2336.0,2336.0,279.337158203125,-341.04791259765625,0.9366942644119263,0.8883644938468933,0.9690784811973572,0.3375924825668335,0.3375924825668335,0.0013946779072284698,0.8240045309066772,0.5298159718513489,0.012243300676345825
G39,496,6207.21337890625,0.5035035014152527,-2289.5009765625,-2289.5009765625,1949.498046875,1974.6949462890625,2310.7265625,2336.0,2336.0,278.1527404785156,-339.9580078125,0.9370399117469788,0.8888121247291565,0.9692531824111938,0.33718156814575195,0.33718156814575195,0.001396007603034377,0.8245514035224915,0.5271360874176025,0.0123384278267622
G39,497,6219.7236328125,0.5025025010108948,-2290.11962890625,-2290.11962890625,1951.205810546875,1976.40478515625,2310.7265625,2336.0,2336.0,276.97784423828125,-338.869140625,0.9373821020126343,0.8892561793327332,0.9694260954856873,0.33676934242248535,0.33676934242248535,0.0013973986497148871,0.8250945210456848,0.5244790315628052,0.01242375560104847
G39,498,6232.234375,0.5015015006065369,-2290.7265625,-2290.7265625,1952.9017333984375,1978.1011962890625,2310.7265625,2336.0,2336.0,275.8122863769531,-337.7806091308594,0.9377211928367615,0.8896967172622681,0.9695974588394165,0.3363562226295471,0.3363562226295471,0.0013988936552777886,0.825633704662323,0.521844208240509,0.012519280426204205
G39,499,6244.74462890625,0.500500500202179,-2291.322265625,-2291.322265625,1954.5855712890625,1979.7825927734375,2310.7265625,2336.0,2336.0,274.65594482421875,-336.69287109375,0.9380569458007812,0.8901337385177612,0.969767153263092,0.3359426259994507,0.3359426259994507,0.0014003007672727108,0.8261691331863403,0.5192317366600037,0.01259682048112154
G39,500,6257.25537109375,0.49949949979782104,-2291.906982421875,-2291.906982421875,1956.257080078125,1981.4586181640625,2310.734375,2336.0,2336.0,273.5087890625,-335.6062927246094,0.9383895993232727,0.8905673027038574,0.9699352383613586,0.3355274200439453,0.3355274200439453,0.0014018029905855656,0.8267015814781189,0.5166410207748413,0.012668373994529247
G39,501,6269.765625,0.49849849939346313,-2292.48046875,-2292.48046875,1957.91748046875,1983.1148681640625,2310.734375,2336.0,2336.0,272.37060546875,-334.5198059082031,0.9387189745903015,0.8909973502159119,0.9701017141342163,0.3351120054721832,0.3351120054721832,0.0014031694736331701,0.8272308707237244,0.5140721201896667,0.012740516103804111
G39,502,6282.2763671875,0.4974974989891052,-2293.04345703125,-2293.04345703125,1959.5654296875,1984.766357421875,2310.734375,2336.0,2336.0,271.24139404296875,-333.4347229003906,0.9390453100204468,0.8914240598678589,0.9702666401863098,0.3346949815750122,0.3346949815750122,0.0014047296717762947,0.8277568817138672,0.5115244388580322,0.012793172150850296
G39,503,6294.78662109375,0.4964964985847473,-2293.595703125,-2293.595703125,1961.202880859375,1986.403564453125,2310.734375,2336.0,2336.0,270.1210021972656,-332.3497619628906,0.9393686652183533,0.8917885422706604,0.9704299569129944,0.33427754044532776,0.33427754044532776,0.00140599743463099,0.8282800316810608,0.5089980959892273,0.012848066166043282
G39,504,6307.29736328125,0.4954954981803894,-2294.13720703125,-2294.13720703125,1962.828369140625,1988.0272216796875,2310.734375,2336.0,2336.0,269.0093688964844,-331.2660217285156,0.9396889209747314,0.8921416401863098,0.9705917239189148,0.33385851979255676,0.33385851979255676,0.0014073543716222048,0.8288002610206604,0.5064924955368042,0.012883465737104416
G39,505,6319.8076171875,0.4944944977760315,-2294.668212890625,-2294.668212890625,1964.4434814453125,1989.646484375,2310.734375,2336.0,2336.0,267.90631103515625,-330.182373046875,0.9400062561035156,0.8924922943115234,0.9707521200180054,0.3334391415119171,0.3334391415119171,0.0014086475130170584,0.829317569732666,0.5040077567100525,0.01290804147720337
G39,506,6332.318359375,0.4934934973716736,-2295.189208984375,-2295.189208984375,1966.046875,1991.2462158203125,2310.7265625,2336.0,2336.0,266.8118896484375,-329.1000671386719,0.940320611000061,0.8928406834602356,0.9709110260009766,0.3330180048942566,0.3330180048942566,0.0014095769729465246,0.8298317790031433,0.5015432834625244,0.012924574315547943
G39,507,6344.82861328125,0.4924924969673157,-2295.7001953125,-2295.7001953125,1967.640380859375,1992.841552734375,2310.7421875,2336.0,2336.0,265.725830078125,-328.01776123046875,0.9406321048736572,0.893186628818512,0.9710683822631836,0.33259642124176025,0.33259642124176025,0.0014108848990872502,0.83034348487854,0.49909910559654236,0.012924137525260448
G39,508,6357.33935546875,0.49149149656295776,-2296.200927734375,-2296.200927734375,1969.2227783203125,1994.4248046875,2310.765625,2336.0,2336.0,264.64813232421875,-326.93658447265625,0.9409406781196594,0.8935303092002869,0.971224308013916,0.33217355608940125,0.33217355608940125,0.0014114993391558528,0.8308526277542114,0.4966748058795929,0.012913762591779232
G39,509,6369.849609375,0.49049049615859985,-2296.6923828125,-2296.6923828125,1970.794921875,1995.9925537109375,2310.78125,2336.0,2336.0,263.5787353515625,-325.8559265136719,0.941246509552002,0.8938716053962708,0.9713786840438843,0.33174929022789,0.33174929022789,0.0014125455636531115,0.8313593864440918,0.49427029490470886,0.01287949550896883
G39,510,6382.3603515625,0.48948949575424194,-2297.173828125,-2297.173828125,1972.35693359375,1997.559814453125,2310.78125,2336.0,2336.0,262.5174560546875,-324.77557373046875,0.9415494203567505,0.8942107558250427,0.9715318083763123,0.3313247859477997,0.3313247859477997,0.0014131381176412106,0.8318629860877991,0.49188536405563354,0.01283468771725893
G39,511,6394.87060546875,0.48848849534988403,-2297.6455078125,-2297.6455078125,1973.908203125,1999.104736328125,2310.796875,2336.0,2336.0,261.4642639160156,-323.6966857910156,0.9418497085571289,0.8945475220680237,0.9716835021972656,0.33089813590049744,0.33089813590049744,0.0014136453391984105,0.8323642611503601,0.4895196259021759,0.012758931145071983
G39,512,6407.38134765625,0.4874874949455261,-2298.1083984375,-2298.1083984375,1975.4503173828125,2000.650146484375,2310.796875,2336.0,2336.0,260.4190673828125,-322.6174011230469,0.9421472549438477,0.8948820233345032,0.9719114899635315,0.3304712474346161,0.3304712474346161,0.0014143091393634677,0.8328626155853271,0.4871731102466583,0.012672013603150845
G39,513,6419.89208984375,0.4864864945411682,-2298.561767578125,-2298.561767578125,1976.9818115234375,2002.178466796875,2310.8203125,2336.0,2336.0,259.3817443847656,-321.5395812988281,0.9424420595169067,0.8952144384384155,0.972140371799469,0.3300430476665497,0.3300430476665497,0.001414350583218038,0.833358645439148,0.484845370054245,0.012562686577439308
G39,514,6432.40234375,0.4854854941368103,-2299.006103515625,-2299.006103515625,1978.503662109375,2003.699462890625,2310.8359375,2336.0,2336.0,258.35223388671875,-320.46221923828125,0.9427343010902405,0.8955445885658264,0.9723657369613647,0.3296133577823639,0.3296133577823639,0.0014147807378321886,0.8338518142700195,0.48253631591796875,0.012424968183040619
G39,515,6444.9130859375,0.4844844937324524,-2299.44140625,-2299.44140625,1980.01611328125,2005.211181640625,2310.8359375,2336.0,2336.0,257.3304748535156,-319.3851318359375,0.9430238604545593,0.8958725333213806,0.9725878238677979,0.329183429479599,0.329183429479599,0.001414539641700685,0.8343421816825867,0.4802457392215729,0.012273618020117283
G39,516,6457.42333984375,0.4834834933280945,-2299.867431640625,-2299.867431640625,1981.5184326171875,2006.7120361328125,2310.8359375,2336.0,2336.0,256.31634521484375,-318.30950927734375,0.9433108568191528,0.8961982131004333,0.9728065133094788,0.3287517726421356,0.3287517726421356,0.001414633821696043,0.8348297476768494,0.4779733717441559,0.012095109559595585
G39,517,6469.93408203125,0.4824824929237366,-2300.28515625,-2300.28515625,1983.01171875,2008.202392578125,2310.8359375,2336.0,2336.0,255.30975341796875,-317.23394775390625,0.9435952305793762,0.8965073823928833,0.9730220437049866,0.3283192813396454,0.3283192813396454,0.0014140823623165488,0.835314154624939,0.47571903467178345,0.011897215619683266
G39,518,6482.4443359375,0.48148149251937866,-2300.694091796875,-2300.694091796875,1984.49560546875,2009.6873779296875,2310.8359375,2336.0,2336.0,254.31065368652344,-316.1593017578125,0.9438772201538086,0.8967999219894409,0.9732344150543213,0.3278861343860626,0.3278861343860626,0.0014138250844553113,0.8357958197593689,0.4734826683998108,0.011677022092044353
G39,519,6494.955078125,0.48048049211502075,-2301.094482421875,-2301.094482421875,1985.9697265625,2011.155517578125,2310.8359375,2336.0,2336.0,253.31893920898438,-315.08575439453125,0.9441565871238708,0.8970906734466553,0.9734436869621277,0.32745125889778137,0.32745125889778137,0.0014129654737189412,0.8362743258476257,0.47126367688179016,0.011439432390034199
G39,520,6507.46533203125,0.47947949171066284,-2301.486328125,-2301.486328125,1987.4354248046875,2012.624267578125,2310.8359375,2336.0,2336.0,252.33456420898438,-314.0123291015625,0.9444335699081421,0.8973796367645264,0.9736498594284058,0.3270162343978882,0.3270162343978882,0.0014123998116701841,0.8367500901222229,0.4690623879432678,0.011185042560100555
G39,521,6519.97607421875,0.47847849130630493,-2301.8701171875,-2301.8701171875,1988.89111328125,2014.07275390625,2310.84375,2336.0,2336.0,251.357421875,-312.9404296875,0.9447081685066223,0.897666871547699,0.9738532304763794,0.32657983899116516,0.32657983899116516,0.0014113012002781034,0.8372232913970947,0.46687817573547363,0.010916643775999546
G39,522,6532.486328125,0.477477490901947,-2302.24560546875,-2302.24560546875,1990.338134765625,2015.522705078125,2310.859375,2336.0,2336.0,250.3874053955078,-311.86907958984375,0.9449803233146667,0.8979523777961731,0.9740536212921143,0.3261423110961914,0.3261423110961914,0.001410552067682147,0.8376941084861755,0.46471109986305237,0.010638358071446419
G39,523,6544.9970703125,0.4764764904975891,-2302.613037109375,-2302.613037109375,1991.776611328125,2016.955810546875,2310.859375,2336.0,2336.0,249.42449951171875,-310.79827880859375,0.9452501535415649,0.8982359766960144,0.9742510914802551,0.32570478320121765,0.32570478320121765,0.0014094398356974125,0.8381621241569519,0.46256107091903687,0.010355621576309204
G39,524,6557.50732421875,0.4754754900932312,-2302.972412109375,-2302.972412109375,1993.2052001953125,2018.3826904296875,2310.8671875,2336.0,2336.0,248.46859741210938,-309.7292785644531,0.9455175995826721,0.8985179662704468,0.9744458794593811,0.3252652585506439,0.3252652585506439,0.0014085812726989388,0.8386279940605164,0.46042749285697937,0.01006999984383583
G39,525,6570.01806640625,0.4744744896888733,-2303.32421875,-2303.32421875,1994.626220703125,2019.8045654296875,2310.8671875,2336.0,2336.0,247.51963806152344,-308.6601257324219,0.9457827806472778,0.8987982273101807,0.9746379852294922,0.32482561469078064,0.32482561469078064,0.0014076823135837913,0.8390913605690002,0.4583107531070709,0.009788144379854202
G39,526,6582.5283203125,0.4734734892845154,-2303.66796875,-2303.66796875,1996.0377197265625,2021.2080078125,2310.8671875,2336.0,2336.0,246.5775146484375,-307.59259033203125,0.9460456371307373,0.8990767598152161,0.9748274087905884,0.3243849575519562,0.3243849575519562,0.0014067721785977483,0.839551568031311,0.45621004700660706,0.009522436186671257
G39,527,6595.0390625,0.47247248888015747,-2304.00390625,-2304.00390625,1997.4407958984375,2022.6162109375,2310.8671875,2336.0,2336.0,245.64219665527344,-306.5259094238281,0.9463062286376953,0.8993536829948425,0.9750142097473145,0.3239426612854004,0.3239426612854004,0.0014060684479773045,0.8400099277496338,0.45412570238113403,0.009269490838050842
G39,528,6607.54931640625,0.47147148847579956,-2304.33251953125,-2304.33251953125,1998.8359375,2024.0028076171875,2310.8671875,2336.0,2336.0,244.71359252929688,-305.45947265625,0.9465646147727966,0.8996288180351257,0.97519850730896,0.3235008716583252,0.3235008716583252,0.0014053928898647428,0.8404653668403625,0.4520573318004608,0.009040177799761295
G39,529,6620.06005859375,0.47047048807144165,-2304.653564453125,-2304.653564453125,2000.221435546875,2025.3890380859375,2310.8671875,2336.0,2336.0,243.7916259765625,-304.39520263671875,0.946820855140686,0.89990234375,0.9753803014755249,0.32305657863616943,0.32305657863616943,0.001404683105647564,0.8409194350242615,0.4500046670436859,0.008828687481582165
G39,530,6632.5703125,0.46946948766708374,-2304.96728515625,-2304.96728515625,2001.600341796875,2026.767578125,2310.8828125,2336.0,2336.0,242.87625122070312,-303.33038330078125,0.9470748901367188,0.9001742005348206,0.975559651851654,0.3226129412651062,0.3226129412651062,0.0014045860152691603,0.8413715958595276,0.44796788692474365,0.008645917288959026
G39,531,6645.0810546875,0.46846848726272583,-2305.27392578125,-2305.27392578125,2002.969482421875,2028.12744140625,2310.8984375,2336.0,2336.0,241.96737670898438,-302.2679748535156,0.9473267793655396,0.9004444479942322,0.9757365584373474,0.32216718792915344,0.32216718792915344,0.001403931644745171,0.841823160648346,0.4459463357925415,0.008472797460854053
G39,532,6657.591796875,0.4674674868583679,-2305.5732421875,-2305.5732421875,2004.33154296875,2029.498046875,2310.8984375,2336.0,2336.0,241.06494140625,-301.2053527832031,0.9475765228271484,0.9007130265235901,0.9759112596511841,0.32172152400016785,0.32172152400016785,0.0014043160481378436,0.8422717452049255,0.44394031167030334,0.008324358612298965
G39,533,6670.10205078125,0.46646648645401,-2305.865234375,-2305.865234375,2005.684814453125,2030.837158203125,2310.921875,2336.0,2336.0,240.16888427734375,-300.14459228515625,0.9478241801261902,0.9009800553321838,0.976083517074585,0.32127439975738525,0.32127439975738525,0.0014039991656318307,0.8427185416221619,0.4419492781162262,0.008186006918549538
G39,534,6682.61279296875,0.4654654860496521,-2306.150634765625,-2306.150634765625,2007.030517578125,2032.19091796875,2310.921875,2336.0,2336.0,239.2791290283203,-299.08428955078125,0.9480698704719543,0.9012454748153687,0.9762535691261292,0.32082679867744446,0.32082679867744446,0.0014045274583622813,0.8431631326675415,0.439973384141922,0.00805672351270914
G39,535,6695.123046875,0.4644644856452942,-2306.428955078125,-2306.428955078125,2008.3681640625,2033.5198974609375,2310.921875,2336.0,2336.0,238.39561462402344,-298.0252990722656,0.9483134150505066,0.9015092849731445,0.9764214158058167,0.3203783631324768,0.3203783631324768,0.0014047242002561688,0.8436049222946167,0.4380122423171997,0.00792218092828989
G39,536,6707.6337890625,0.4634634852409363,-2306.70068359375,-2306.70068359375,2009.6978759765625,2034.8489990234375,2310.921875,2336.0,2336.0,237.51829528808594,-296.96734619140625,0.9485549926757812,0.9017715454101562,0.9765869975090027,0.31992870569229126,0.31992870569229126,0.0014053643681108952,0.8440448045730591,0.4360658526420593,0.007792617194354534
G39,537,6720.14404296875,0.46246248483657837,-2306.965576171875,-2306.965576171875,2011.0203857421875,2036.1717529296875,2310.921875,2336.0,2336.0,236.6470947265625,-295.9100341796875,0.9487944841384888,0.902032196521759,0.9767506122589111,0.3194790780544281,0.3194790780544281,0.001405908027663827,0.8444814085960388,0.4341338872909546,0.007645395118743181
G39,538,6732.65478515625,0.46146148443222046,-2307.223876953125,-2307.223876953125,2012.3343505859375,2037.47900390625,2310.921875,2336.0,2336.0,235.78192138671875,-294.85455322265625,0.9490320682525635,0.9022913575172424,0.9769120812416077,0.31902727484703064,0.31902727484703064,0.0014068620512261987,0.8449165225028992,0.4322163164615631,0.007492879405617714
G39,539,6745.1650390625,0.46046048402786255,-2307.475830078125,-2307.475830078125,2013.641845703125,2038.7884521484375,2310.921875,2336.0,2336.0,234.9227752685547,-293.79888916015625,0.9492677450180054,0.9025489687919617,0.9770714640617371,0.31857630610466003,0.31857630610466003,0.0014073756756260991,0.8453482389450073,0.43031299114227295,0.007321016862988472
G39,540,6757.67578125,0.45945948362350464,-2307.72119140625,-2307.72119140625,2014.940673828125,2040.083740234375,2310.921875,2336.0,2336.0,234.0695343017578,-292.74578857421875,0.9495013952255249,0.9028050303459167,0.9772288799285889,0.3181228041648865,0.3181228041648865,0.0014086811570450664,0.8457784056663513,0.42842361330986023,0.007125319913029671
G39,541,6770.18603515625,0.45845848321914673,-2307.960205078125,-2307.960205078125,2016.2333984375,2041.3717041015625,2310.921875,2336.0,2336.0,233.22219848632812,-291.69219970703125,0.9497331976890564,0.9030596017837524,0.9773843288421631,0.31767016649246216,0.31767016649246216,0.0014091316843405366,0.8462060689926147,0.4265482723712921,0.006907882168889046
G39,542,6782.69677734375,0.4574574828147888,-2308.19287109375,-2308.19287109375,2017.5174560546875,2042.659423828125,2310.921875,2336.0,2336.0,232.38064575195312,-290.64117431640625,0.9499630331993103,0.903312623500824,0.9775378108024597,0.3172154724597931,0.3172154724597931,0.0014106229646131396,0.8466321229934692,0.4246864318847656,0.0066590760834515095
G39,543,6795.20703125,0.4564564824104309,-2308.41943359375,-2308.41943359375,2018.795166015625,2043.9283447265625,2310.9296875,2336.0,2336.0,231.54486083984375,-289.590087890625,0.9501911401748657,0.9035642147064209,0.9776895046234131,0.31676092743873596,0.31676092743873596,0.001411248231306672,0.8470558524131775,0.422838419675827,0.006383207626640797
G39,544,6807.7177734375,0.455455482006073,-2308.639892578125,-2308.639892578125,2020.0650634765625,2045.20166015625,2310.9296875,2336.0,2336.0,230.7147674560547,-288.5409851074219,0.9504173994064331,0.9038143157958984,0.9778392314910889,0.3163050711154938,0.3163050711154938,0.0014127130853012204,0.8474776148796082,0.42100363969802856,0.006080291233956814
G39,545,6820.22802734375,0.4544544816017151,-2308.854248046875,-2308.854248046875,2021.328125,2046.4603271484375,2310.9296875,2336.0,2336.0,229.89031982421875,-287.49249267578125,0.9506417512893677,0.9040629267692566,0.9779872298240662,0.31584885716438293,0.31584885716438293,0.001413510413840413,0.8478975296020508,0.41918233036994934,0.005751872435212135
G39,546,6832.73876953125,0.4534534811973572,-2309.062744140625,-2309.062744140625,2022.583740234375,2047.712890625,2310.9296875,2336.0,2336.0,229.0714569091797,-286.44549560546875,0.9508643746376038,0.9043100476264954,0.9781333804130554,0.31539174914360046,0.31539174914360046,0.0014148179907351732,0.8483151197433472,0.41737404465675354,0.005402832757681608
G39,547,6845.2490234375,0.45245248079299927,-2309.265380859375,-2309.265380859375,2023.83251953125,2048.96435546875,2310.9296875,2336.0,2336.0,228.2581329345703,-285.3995056152344,0.9510851502418518,0.9045557975769043,0.9782778024673462,0.31493422389030457,0.31493422389030457,0.001415710779838264,0.848730742931366,0.4155789911746979,0.005041602533310652
G39,548,6857.759765625,0.45145148038864136,-2309.4619140625,-2309.4619140625,2025.073974609375,2050.1982421875,2310.9296875,2336.0,2336.0,227.45028686523438,-284.3550109863281,0.9513042569160461,0.9047999978065491,0.9784204363822937,0.31447547674179077,0.31447547674179077,0.001416873070411384,0.8491439819335938,0.41379669308662415,0.004675951320677996
G39,549,6870.27001953125,0.45045047998428345,-2309.6533203125,-2309.6533203125,2026.308837890625,2051.4384765625,2310.9296875,2336.0,2336.0,226.64785766601562,-283.3112487792969,0.9515215158462524,0.9050428867340088,0.9785614013671875,0.31401678919792175,0.31401678919792175,0.0014177191769704223,0.8495553135871887,0.4120272994041443,0.004326223861426115
G39,550,6882.78076171875,0.44944947957992554,-2309.838623046875,-2309.838623046875,2027.536376953125,2052.658447265625,2310.9296875,2336.0,2336.0,225.85079956054688,-282.2693786621094,0.9517371654510498,0.9052843451499939,0.9787006974220276,0.31355658173561096,0.31355658173561096,0.0014187638880684972,0.8499643802642822,0.41027048230171204,0.004007154610008001
G39,551,6895.291015625,0.4484484791755676,-2310.0185546875,-2310.0185546875,2028.7578125,2053.8837890625,2310.9296875,2336.0,2336.0,225.0590362548828,-281.2279357910156,0.9519510269165039,0.9055244326591492,0.9788383841514587,0.31309670209884644,0.31309670209884644,0.001419443404302001,0.8503720164299011,0.40852633118629456,0.003734206547960639
G39,552,6907.8017578125,0.4474474787712097,-2310.192626953125,-2310.192626953125,2029.9716796875,2055.093017578125,2310.9296875,2336.0,2336.0,224.27256774902344,-280.18865966796875,0.9521632790565491,0.9057629704475403,0.978974461555481,0.31263503432273865,0.31263503432273865,0.0014202991733327508,0.8507777452468872,0.4067944884300232,0.0035249425563961267
G39,553,6920.3125,0.4464464783668518,-2310.361328125,-2310.361328125,2031.1796875,2056.3017578125,2310.9296875,2336.0,2336.0,223.49130249023438,-279.14959716796875,0.9523738026618958,0.9060001969337463,0.9791089296340942,0.31217390298843384,0.31217390298843384,0.0014209121000021696,0.8511822819709778,0.4050750732421875,0.0033942952286452055
G39,554,6932.82275390625,0.4454454779624939,-2310.525146484375,-2310.525146484375,2032.380126953125,2057.501708984375,2310.9296875,2336.0,2336.0,222.7152099609375,-278.1128845214844,0.9525827765464783,0.9062361121177673,0.9792419075965881,0.3117109537124634,0.3117109537124634,0.001421429798938334,0.8515844345092773,0.40336763858795166,0.0033434571232646704
G39,555,6945.33349609375,0.444444477558136,-2310.68359375,-2310.68359375,2033.5750732421875,2058.694091796875,2310.9296875,2336.0,2336.0,221.9442138671875,-277.076416015625,0.9527900815010071,0.9064706563949585,0.9793732166290283,0.3112485706806183,0.3112485706806183,0.0014220507582649589,0.851984977722168,0.40167245268821716,0.0033585689961910248
G39,556,6957.84375,0.4434434771537781,-2310.83642578125,-2310.83642578125,2034.7625732421875,2059.88330078125,2310.9296875,2336.0,2336.0,221.1782989501953,-276.04229736328125,0.9529957175254822,0.9067038297653198,0.9795031547546387,0.31078454852104187,0.31078454852104187,0.001422144123353064,0.8523831963539124,0.39998897910118103,0.0034163477830588818
G39,557,6970.3544921875,0.44244247674942017,-2310.98486328125,-2310.98486328125,2035.9444580078125,2061.063232421875,2310.9296875,2336.0,2336.0,220.4174041748047,-275.0085754394531,0.9531998634338379,0.9069356918334961,0.9796316027641296,0.31032082438468933,0.31032082438468933,0.0014227698557078838,0.8527796864509583,0.3983174264431,0.0034909776877611876
G39,558,6982.86474609375,0.44144147634506226,-2311.1279296875,-2311.1279296875,2037.119384765625,2062.2373046875,2310.9296875,2336.0,2336.0,219.66146850585938,-273.9769287109375,0.9534023404121399,0.9071661233901978,0.979758620262146,0.3098560869693756,0.3098560869693756,0.0014226033817976713,0.8531739115715027,0.39665743708610535,0.0035684476606547832
G39,559,6995.37548828125,0.44044047594070435,-2311.265625,-2311.265625,2038.288330078125,2063.407958984375,2310.9296875,2336.0,2336.0,218.91046142578125,-272.9462890625,0.9536033272743225,0.9073953032493591,0.979884147644043,0.30939069390296936,0.30939069390296936,0.0014230924425646663,0.8535666465759277,0.39500901103019714,0.003635321045294404
G39,560,7007.8857421875,0.43943947553634644,-2311.39892578125,-2311.39892578125,2039.4510498046875,2064.56787109375,2310.9375,2336.0,2336.0,218.16432189941406,-271.91693115234375,0.953802764415741,0.9076231718063354,0.9800082445144653,0.30892524123191833,0.30892524123191833,0.0014229377266019583,0.8539574146270752,0.3933720588684082,0.003693206235766411
G39,561,7020.396484375,0.4384384751319885,-2311.52734375,-2311.52734375,2040.607177734375,2065.72509765625,2310.9375,2336.0,2336.0,217.42303466796875,-270.8894348144531,0.9540006518363953,0.9078496694564819,0.9801310300827026,0.3084583282470703,0.3084583282470703,0.0014231933746486902,0.8543465733528137,0.39174631237983704,0.003734568366780877
G39,562,7032.90673828125,0.4374374747276306,-2311.6513671875,-2311.6513671875,2041.758056640625,2066.87744140625,2310.9375,2336.0,2336.0,216.68650817871094,-269.8624267578125,0.9541970491409302,0.9080749154090881,0.9802525043487549,0.30799180269241333,0.30799180269241333,0.0014231407549232244,0.8547338843345642,0.39013198018074036,0.0037537214811891317
G39,563,7045.41748046875,0.4364364743232727,-2311.7705078125,-2311.7705078125,2042.902099609375,2068.016845703125,2310.9375,2336.0,2336.0,215.95472717285156,-268.83770751953125,0.9543920159339905,0.908298909664154,0.9803726077079773,0.30752357840538025,0.30752357840538025,0.0014232902321964502,0.8551194071769714,0.3885284960269928,0.0037601457443088293
G39,564,7057.927734375,0.43543541431427,-2311.884765625,-2311.884765625,2044.041015625,2069.161865234375,2310.9375,2336.0,2336.0,215.22764587402344,-267.81329345703125,0.9545854330062866,0.9085215926170349,0.9804912805557251,0.3070555329322815,0.3070555329322815,0.0014232828980311751,0.8555031418800354,0.38693636655807495,0.003750196425244212
G39,565,7070.4384765625,0.4344344139099121,-2311.99462890625,-2311.99462890625,2045.17333984375,2070.2880859375,2310.9375,2336.0,2336.0,214.50521850585938,-266.7909851074219,0.9547773599624634,0.9087430238723755,0.9806087613105774,0.30658620595932007,0.30658620595932007,0.001423465320840478,0.8558851480484009,0.3853548765182495,0.0037371462676674128
G39,566,7082.94873046875,0.4334334135055542,-2312.10009765625,-2312.10009765625,2046.300537109375,2071.419189453125,2310.9375,2336.0,2336.0,213.78738403320312,-265.7694091796875,0.9549679160118103,0.9089632034301758,0.9807250499725342,0.30611658096313477,0.30611658096313477,0.0014235033886507154,0.8562652468681335,0.3837844729423523,0.0037213594187051058
G39,567,7095.45947265625,0.4324324131011963,-2312.200927734375,-2312.200927734375,2047.4215087890625,2072.538330078125,2310.9375,2336.0,2336.0,213.07412719726562,-264.74945068359375,0.9551571011543274,0.9091821312904358,0.9808400273323059,0.3056458830833435,0.3056458830833435,0.0014238400617614388,0.8566438555717468,0.38222455978393555,0.0037030179519206285
G39,568,7107.9697265625,0.4314314126968384,-2312.29736328125,-2312.29736328125,2048.537109375,2073.653564453125,2310.9375,2336.0,2336.0,212.36538696289062,-263.73046875,0.9553447961807251,0.9093997478485107,0.9809536933898926,0.30517488718032837,0.30517488718032837,0.0014240046730265021,0.857020378112793,0.38067561388015747,0.0036821686662733555
G39,569,7120.48046875,0.43043041229248047,-2312.3896484375,-2312.3896484375,2049.64697265625,2074.76416015625,2310.9375,2336.0,2336.0,211.6611328125,-262.71307373046875,0.9555311799049377,0.909616231918335,0.9810662269592285,0.30470263957977295,0.30470263957977295,0.0014244546182453632,0.8573955297470093,0.379136860370636,0.003662518924102187
G39,570,7132.99072265625,0.42942941188812256,-2312.4775390625,-2312.4775390625,2050.751708984375,2075.866943359375,2310.9375,2336.0,2336.0,210.96133422851562,-261.696533203125,0.9557160139083862,0.9098314046859741,0.9811776876449585,0.30423012375831604,0.30423012375831604,0.0014248427469283342,0.8577685952186584,0.37760892510414124,0.003633644664660096
G39,571,7145.50146484375,0.42842841148376465,-2312.561279296875,-2312.561279296875,2051.850341796875,2076.966796875,2310.9375,2336.0,2336.0,210.2659149169922,-260.6816711425781,0.9558995962142944,0.9100454449653625,0.9812877774238586,0.30375659465789795,0.30375659465789795,0.0014253297122195363,0.8581402897834778,0.3760910630226135,0.00359993614256382
G39,572,7158.01220703125,0.42742741107940674,-2312.640869140625,-2312.640869140625,2052.94384765625,2078.05810546875,2310.953125,2336.0,2336.0,209.57484436035156,-259.66778564453125,0.9560818076133728,0.9102582931518555,0.9813967943191528,0.3032821714878082,0.3032821714878082,0.0014258852461352944,0.8585104942321777,0.37458372116088867,0.003563790349289775
G39,573,7170.5224609375,0.42642641067504883,-2312.71630859375,-2312.71630859375,2054.0322265625,2079.14794921875,2310.953125,2336.0,2336.0,208.88809204101562,-258.655029296875,0.9562627077102661,0.9104697704315186,0.9815047383308411,0.3028075695037842,0.3028075695037842,0.0014263788470998406,0.858879804611206,0.3730863928794861,0.003526860848069191
G39,574,7183.033203125,0.4254254102706909,-2312.78759765625,-2312.78759765625,2055.11474609375,2080.22705078125,2310.953125,2336.0,2336.0,208.2056427001953,-257.64404296875,0.9564421772956848,0.9106802344322205,0.981611430644989,0.30233123898506165,0.30233123898506165,0.0014270080719143152,0.859247624874115,0.37159913778305054,0.003493670606985688
G39,575,7195.54345703125,0.424424409866333,-2312.85498046875,-2312.85498046875,2056.19287109375,2081.307373046875,2310.953125,2336.0,2336.0,207.52740478515625,-256.6335144042969,0.956620454788208,0.9108894467353821,0.9817171096801758,0.3018554747104645,0.3018554747104645,0.0014274276327341795,0.8596135377883911,0.37012186646461487,0.003460444277152419
G39,576,7208.05419921875,0.4234234094619751,-2312.918701171875,-2312.918701171875,2057.2646484375,2082.37548828125,2310.953125,2336.0,2336.0,206.8533935546875,-255.62533569335938,0.9567974209785461,0.911097526550293,0.9818217158317566,0.3013775050640106,0.3013775050640106,0.0014281950425356627,0.8599780797958374,0.3686543405056,0.0034389228094369173
G39,577,7220.564453125,0.4224224090576172,-2312.97802734375,-2312.97802734375,2058.33251953125,2083.444091796875,2310.953125,2336.0,2336.0,206.18353271484375,-254.61721801757812,0.9569730758666992,0.9113044142723083,0.9819252490997314,0.30090031027793884,0.30090031027793884,0.0014285247307270765,0.8603407144546509,0.3671967387199402,0.00342650362290442
G39,578,7233.0751953125,0.4214214086532593,-2313.0341796875,-2313.0341796875,2059.393798828125,2084.503662109375,2310.953125,2336.0,2336.0,205.51779174804688,-253.6116485595703,0.9571474194526672,0.911510169506073,0.9820276498794556,0.300420880317688,0.300420880317688,0.0014294111169874668,0.8607032895088196,0.3657486140727997,0.0034319646656513214
G39,579,7245.58544921875,0.42042040824890137,-2313.0859375,-2313.0859375,2060.45166015625,2085.560302734375,2310.953125,2336.0,2336.0,204.8561553955078,-252.60614013671875,0.9573206305503845,0.9117147326469421,0.9821290969848633,0.29994213581085205,0.29994213581085205,0.0014297019224613905,0.8610643744468689,0.36431026458740234,0.0034435063134878874
G39,580,7258.09619140625,0.41941940784454346,-2313.13427734375,-2313.13427734375,2061.5029296875,2086.6103515625,2310.953125,2336.0,2336.0,204.19854736328125,-251.60308837890625,0.957492470741272,0.9119182229042053,0.9822295904159546,0.29946163296699524,0.29946163296699524,0.0014304774813354015,0.8614243865013123,0.3628811538219452,0.0034699863754212856
G39,581,7270.6064453125,0.41841840744018555,-2313.178466796875,-2313.178466796875,2062.55029296875,2087.65625,2310.953125,2336.0,2336.0,203.54495239257812,-250.6005096435547,0.9576631188392639,0.912120521068573,0.9823289513587952,0.29898104071617126,0.29898104071617126,0.0014308872632682323,0.861782431602478,0.3614615499973297,0.003511677496135235
G39,582,7283.1171875,0.41741740703582764,-2313.219482421875,-2313.219482421875,2063.592041015625,2088.69677734375,2310.953125,2336.0,2336.0,202.89537048339844,-249.59976196289062,0.9578325748443604,0.9123216867446899,0.9824272990226746,0.29849958419799805,0.29849958419799805,0.0014314096188172698,0.8621391654014587,0.3600511848926544,0.0035727997310459614
G39,583,7295.62744140625,0.4164164066314697,-2313.2568359375,-2313.2568359375,2064.629150390625,2089.7314453125,2310.953125,2336.0,2336.0,202.2497100830078,-248.6002197265625,0.9580007791519165,0.9125217199325562,0.9825248122215271,0.298017293214798,0.298017293214798,0.0014319284819066525,0.8624942898750305,0.35864999890327454,0.003648060839623213
G39,584,7308.13818359375,0.4154154062271118,-2313.290771484375,-2313.290771484375,2065.6611328125,2090.763916015625,2310.953125,2336.0,2336.0,201.6079559326172,-247.6019287109375,0.9581678509712219,0.9127207398414612,0.9826212525367737,0.2975347340106964,0.2975347340106964,0.0014321821508929133,0.8628477454185486,0.35725802183151245,0.003738114144653082
G39,585,7320.6484375,0.4144144058227539,-2313.3212890625,-2313.3212890625,2066.6884765625,2091.78662109375,2310.953125,2336.0,2336.0,200.97006225585938,-246.6053924560547,0.9583336710929871,0.9129185676574707,0.9827167987823486,0.29705098271369934,0.29705098271369934,0.0014327175449579954,0.8631998896598816,0.3558749556541443,0.0038367987144738436
G39,586,7333.1591796875,0.413413405418396,-2313.34814453125,-2313.34814453125,2067.711181640625,2092.810546875,2310.953125,2336.0,2336.0,200.33602905273438,-245.6096954345703,0.9584983587265015,0.9131153225898743,0.9828113913536072,0.2965671718120575,0.2965671718120575,0.0014327988028526306,0.8635504245758057,0.35450097918510437,0.003945807460695505
G39,587,7345.66943359375,0.4124124050140381,-2313.37158203125,-2313.37158203125,2068.728515625,2093.8232421875,2310.9609375,2336.0,2336.0,199.70578002929688,-244.61595153808594,0.9586619138717651,0.9133110046386719,0.9829050302505493,0.2960822284221649,0.2960822284221649,0.0014331899583339691,0.8638995289802551,0.35313573479652405,0.0040489486418664455
G39,588,7358.18017578125,0.4114114046096802,-2313.3916015625,-2313.3916015625,2069.74169921875,2094.8369140625,2310.9609375,2336.0,2336.0,199.079345703125,-243.62319946289062,0.9588242769241333,0.9135056138038635,0.9829978942871094,0.2955968677997589,0.2955968677997589,0.0014332183636724949,0.8642476797103882,0.35177937150001526,0.004143443424254656
G39,589,7370.6904296875,0.41041040420532227,-2313.40869140625,-2313.40869140625,2070.749755859375,2095.841796875,2310.9609375,2336.0,2336.0,198.45660400390625,-242.63204956054688,0.9589855074882507,0.9136991500854492,0.9830896854400635,0.2951110601425171,0.2951110601425171,0.0014333488652482629,0.8645937442779541,0.3504316806793213,0.0042268517427146435
G39,590,7383.201171875,0.40940940380096436,-2313.42236328125,-2313.42236328125,2071.7529296875,2096.84423828125,2310.9609375,2336.0,2336.0,197.83758544921875,-241.64247131347656,0.9591456055641174,0.9138916730880737,0.9831807017326355,0.2946240305900574,0.2946240305900574,0.0014334282604977489,0.8649394512176514,0.34909263253211975,0.0042904517613351345
G39,591,7395.7119140625,0.40840840339660645,-2313.4326171875,-2313.4326171875,2072.751953125,2097.8408203125,2310.96875,2336.0,2336.0,197.22225952148438,-240.65383911132812,0.959304690361023,0.9140830636024475,0.9832708239555359,0.2941374182701111,0.2941374182701111,0.0014332202263176441,0.8652827143669128,0.34776219725608826,0.0043304129503667355
G39,592,7408.22216796875,0.40740740299224854,-2313.43994140625,-2313.43994140625,2073.74560546875,2098.833251953125,2311.0,2336.0,2336.0,196.61053466796875,-239.66751098632812,0.9594625234603882,0.9142733812332153,0.9833601713180542,0.2936488687992096,0.2936488687992096,0.0014334252336993814,0.865626871585846,0.34644007682800293,0.004345597233623266
G39,593,7420.73291015625,0.4064064025878906,-2313.44384765625,-2313.44384765625,2074.73583984375,2099.8203125,2311.0,2336.0,2336.0,196.00244140625,-238.6815643310547,0.9596192836761475,0.9144627451896667,0.9834485650062561,0.2931610941886902,0.2931610941886902,0.0014329047407954931,0.8659690618515015,0.34512653946876526,0.004329955670982599
G39,594,7433.2431640625,0.4054054021835327,-2313.44482421875,-2313.44482421875,2075.72021484375,2100.8046875,2311.0,2336.0,2336.0,195.39791870117188,-237.6981658935547,0.9597750902175903,0.9146509766578674,0.9835362434387207,0.29267165064811707,0.29267165064811707,0.0014331839047372341,0.866310715675354,0.34382110834121704,0.004286124370992184
G39,595,7445.75390625,0.4044044017791748,-2313.442626953125,-2313.442626953125,2076.700927734375,2101.781494140625,2311.0,2336.0,2336.0,194.79696655273438,-236.7153778076172,0.9599297046661377,0.9148381948471069,0.9836229681968689,0.29218220710754395,0.29218220710754395,0.001432532910257578,0.8666501641273499,0.34252411127090454,0.004211627412587404
G39,596,7458.26416015625,0.4034034013748169,-2313.4375,-2313.4375,2077.6767578125,2102.757080078125,2311.0,2336.0,2336.0,194.19952392578125,-235.73458862304688,0.9600833058357239,0.9150243997573853,0.9837088584899902,0.29169195890426636,0.29169195890426636,0.0014327509561553597,0.8669889569282532,0.34123510122299194,0.004112615250051022
G39,597,7470.77490234375,0.402402400970459,-2313.42919921875,-2313.42919921875,2078.64794921875,2103.725830078125,2311.0,2336.0,2336.0,193.60556030273438,-234.75511169433594,0.9602358937263489,0.9152095913887024,0.9837941527366638,0.29120108485221863,0.29120108485221863,0.0014321448979899287,0.867325484752655,0.3399542570114136,0.003984695300459862
G39,598,7483.28515625,0.4014014005661011,-2313.41796875,-2313.41796875,2079.614990234375,2104.690673828125,2311.0,2336.0,2336.0,193.01504516601562,-233.77703857421875,0.9603873491287231,0.9153937697410583,0.983878493309021,0.29070979356765747,0.29070979356765747,0.0014322465285658836,0.8676615357398987,0.3386813998222351,0.0038406485691666603
G39,599,7495.7958984375,0.40040040016174316,-2313.40380859375,-2313.40380859375,2080.57763671875,2105.65283203125,2311.0,2336.0,2336.0,192.427978515625,-232.8006134033203,0.960537850856781,0.9155769944190979,0.9839621782302856,0.290217787027359,0.290217787027359,0.001431677839718759,0.8679951429367065,0.33741647005081177,0.0036806506104767323
G39,600,7508.30615234375,0.39939939975738525,-2313.38671875,-2313.38671875,2081.535400390625,2106.6064453125,2311.0,2336.0,2336.0,191.84429931640625,-231.82559204101562,0.9606872797012329,0.9157592058181763,0.9840449094772339,0.2897251546382904,0.2897251546382904,0.0014316964661702514,0.8683284521102905,0.3361594080924988,0.0035185483284294605
G39,601,7520.81689453125,0.39839839935302734,-2313.36669921875,-2313.36669921875,2082.4892578125,2107.56201171875,2311.0,2336.0,2336.0,191.26400756835938,-230.85205078125,0.9608358144760132,0.9159404039382935,0.9841269850730896,0.2892320156097412,0.2892320156097412,0.0014310909900814295,0.8686593174934387,0.33491018414497375,0.003368597710505128
G39,602,7533.3271484375,0.39739739894866943,-2313.34375,-2313.34375,2083.4384765625,2108.505859375,2311.0,2336.0,2336.0,190.68702697753906,-229.88009643554688,0.9609832763671875,0.9161205291748047,0.9842084050178528,0.28873851895332336,0.28873851895332336,0.0014310405822470784,0.8689896464347839,0.33366861939430237,0.003228971967473626
G39,603,7545.837890625,0.3963963985443115,-2313.318359375,-2313.318359375,2084.38330078125,2109.452880859375,2311.0,2336.0,2336.0,190.11337280273438,-228.90980529785156,0.9611296653747559,0.9162998795509338,0.9842889904975891,0.2882438600063324,0.2882438600063324,0.0014304302167147398,0.869317889213562,0.3324347138404846,0.0031168360728770494
G39,604,7558.34814453125,0.3953953981399536,-2313.2900390625,-2313.2900390625,2085.32421875,2110.3896484375,2311.0,2336.0,2336.0,189.5430145263672,-227.94056701660156,0.9612752199172974,0.9164780378341675,0.9843689203262329,0.2877497375011444,0.2877497375011444,0.0014303239295259118,0.8696454167366028,0.3312084376811981,0.003041256684809923
G39,605,7570.85888671875,0.3943943977355957,-2313.2587890625,-2313.2587890625,2086.26025390625,2111.32568359375,2311.0,2336.0,2336.0,188.9759063720703,-226.97377014160156,0.9614197015762329,0.916655421257019,0.9844480752944946,0.28725364804267883,0.28725364804267883,0.0014297898160293698,0.8699710965156555,0.32998958230018616,0.003005845472216606
G39,606,7583.369140625,0.3933933973312378,-2313.22509765625,-2313.22509765625,2087.19287109375,2112.2568359375,2311.0,2336.0,2336.0,188.41204833984375,-226.0073699951172,0.9615632891654968,0.9168317317962646,0.984526515007019,0.28675857186317444,0.28675857186317444,0.0014296199660748243,0.8702957630157471,0.32877829670906067,0.0030113975517451763
G39,607,7595.8798828125,0.3923923969268799,-2313.188720703125,-2313.188720703125,2088.120361328125,2113.181396484375,2311.0,2336.0,2336.0,187.85137939453125,-225.04376220703125,0.9617058634757996,0.9170071482658386,0.9846042990684509,0.2862616181373596,0.2862616181373596,0.0014291784027591348,0.8706188797950745,0.3275742530822754,0.0030558130238205194
G39,608,7608.39013671875,0.391391396522522,-2313.14990234375,-2313.14990234375,2089.04443359375,2114.1083984375,2311.0,2336.0,2336.0,187.29388427734375,-224.08062744140625,0.9618474841117859,0.9171814918518066,0.9846813678741455,0.2857650816440582,0.2857650816440582,0.0014290185645222664,0.8709408640861511,0.32637763023376465,0.0031186288688331842
G39,609,7620.90087890625,0.39039039611816406,-2313.1083984375,-2313.1083984375,2089.9638671875,2115.0205078125,2311.0,2336.0,2336.0,186.7395477294922,-223.11990356445312,0.9619882106781006,0.9173550009727478,0.9847577810287476,0.28526771068573,0.28526771068573,0.00142857211176306,0.8712614178657532,0.32518818974494934,0.0032010602299124002
G39,610,7633.4111328125,0.38938939571380615,-2313.064208984375,-2313.064208984375,2090.87939453125,2115.942138671875,2311.0,2336.0,2336.0,186.18833923339844,-222.16046142578125,0.9621279835700989,0.9175276160240173,0.9848335385322571,0.28476959466934204,0.28476959466934204,0.0014285744400694966,0.8715807795524597,0.32400596141815186,0.0032944893464446068
G39,611,7645.921875,0.38838839530944824,-2313.017822265625,-2313.017822265625,2091.791015625,2116.845703125,2311.0,2336.0,2336.0,185.64022827148438,-221.20240783691406,0.9622668623924255,0.9176992177963257,0.9849085807800293,0.2842716872692108,0.2842716872692108,0.001428080489858985,0.8718987703323364,0.32283085584640503,0.0034033211413770914
G39,612,7658.4326171875,0.38738739490509033,-2312.96875,-2312.96875,2092.6982421875,2117.7568359375,2311.0,2336.0,2336.0,185.09518432617188,-220.2465362548828,0.9624048471450806,0.9178699254989624,0.9849829077720642,0.2837724983692169,0.2837724983692169,0.0014282457996159792,0.872215747833252,0.3216627538204193,0.0035208866465836763
G39,613,7670.94287109375,0.3863863945007324,-2312.91748046875,-2312.91748046875,2093.6015625,2118.657958984375,2311.0,2336.0,2336.0,184.55320739746094,-219.29165649414062,0.962541937828064,0.9180396795272827,0.9850566983222961,0.2832733392715454,0.2832733392715454,0.0014277963200584054,0.872531533241272,0.32050174474716187,0.003652663668617606
G39,614,7683.45361328125,0.3853853940963745,-2312.86376953125,-2312.86376953125,2094.5009765625,2119.5537109375,2311.0078125,2336.0,2336.0,184.01425170898438,-218.3387908935547,0.962678074836731,0.9182085990905762,0.9851298332214355,0.2827736437320709,0.2827736437320709,0.0014279773458838463,0.872846245765686,0.3193475902080536,0.0037983981892466545
G39,615,7695.9638671875,0.3843843936920166,-2312.8076171875,-2312.8076171875,2095.396240234375,2120.45458984375,2311.0078125,2336.0,2336.0,183.478271484375,-217.38751220703125,0.9628133177757263,0.918376624584198,0.9852023720741272,0.2822730839252472,0.2822730839252472,0.0014277339214459062,0.8731598258018494,0.31820034980773926,0.003944541793316603
G39,616,7708.474609375,0.3833833932876587,-2312.749267578125,-2312.749267578125,2096.287841796875,2121.3369140625,2311.0078125,2336.0,2336.0,182.94529724121094,-216.4376220703125,0.9629477858543396,0.9185437560081482,0.9852741956710815,0.28177252411842346,0.28177252411842346,0.0014278546441346407,0.8734723329544067,0.3170599341392517,0.00410018116235733
G39,617,7720.98486328125,0.3823823928833008,-2312.6884765625,-2312.6884765625,2097.17529296875,2122.232177734375,2311.0078125,2336.0,2336.0,182.415283203125,-215.48971557617188,0.9630813002586365,0.918709933757782,0.9853455424308777,0.2812710106372833,0.2812710106372833,0.0014277950394898653,0.8737833499908447,0.31592634320259094,0.004235833417624235
G39,618,7733.49560546875,0.38138139247894287,-2312.625732421875,-2312.625732421875,2098.05908203125,2123.1083984375,2311.0078125,2336.0,2336.0,181.88818359375,-214.54306030273438,0.9632139205932617,0.9188751578330994,0.9854162335395813,0.280769407749176,0.280769407749176,0.0014279363676905632,0.8740935325622559,0.314799427986145,0.0043703787960112095
G39,619,7746.005859375,0.38038039207458496,-2312.560546875,-2312.560546875,2098.93896484375,2123.991455078125,2311.0078125,2336.0,2336.0,181.36398315429688,-213.59835815429688,0.9633458852767944,0.9190395474433899,0.9854862689971924,0.2802668511867523,0.2802668511867523,0.00142796547152102,0.8744023442268372,0.3136792480945587,0.004497164394706488
G39,620,7758.5166015625,0.37937939167022705,-2312.493408203125,-2312.493408203125,2099.8154296875,2124.8662109375,2311.0078125,2336.0,2336.0,180.84266662597656,-212.65492248535156,0.9634767770767212,0.9192031025886536,0.9855557680130005,0.2797643840312958,0.2797643840312958,0.0014281530166044831,0.8747101426124573,0.3125656545162201,0.004610063042491674
G39,621,7771.02685546875,0.37837839126586914,-2312.424072265625,-2312.424072265625,2100.687255859375,2125.736328125,2311.0078125,2336.0,2336.0,180.32421875,-211.71356201171875,0.9636068940162659,0.9193658232688904,0.9856246709823608,0.279260516166687,0.279260516166687,0.0014282477786764503,0.8750165104866028,0.3114587068557739,0.0047171167097985744
G39,622,7783.53759765625,0.37737739086151123,-2312.3525390625,-2312.3525390625,2101.55615234375,2126.60693359375,2311.0078125,2336.0,2336.0,179.80860900878906,-210.77320861816406,0.9637362360954285,0.919527530670166,0.9856929779052734,0.2787572145462036,0.2787572145462036,0.0014284708304330707,0.8753219842910767,0.3103582561016083,0.004815279506146908
G39,623,7796.0478515625,0.3763763904571533,-2312.279052734375,-2312.279052734375,2102.4208984375,2127.468505859375,2311.0078125,2336.0,2336.0,179.29580688476562,-209.83523559570312,0.9638646841049194,0.9196885228157043,0.9857607483863831,0.27825233340263367,0.27825233340263367,0.0014285880606621504,0.875626266002655,0.30926430225372314,0.004893620032817125
G39,624,7808.55859375,0.3753753900527954,-2312.20361328125,-2312.20361328125,2103.2822265625,2128.33056640625,2311.0078125,2336.0,2336.0,178.78579711914062,-208.8981475830078,0.9639923572540283,0.919848620891571,0.9858279228210449,0.2777475118637085,0.2777475118637085,0.0014288375386968255,0.8759293556213379,0.30817678570747375,0.004973096773028374
G39,625,7821.06884765625,0.3743743896484375,-2312.125732421875,-2312.125732421875,2104.1396484375,2129.1875,2311.0078125,2336.0,2336.0,178.27854919433594,-207.96310424804688,0.9641193151473999,0.9200078845024109,0.9858945608139038,0.2772420644760132,0.2772420644760132,0.0014289675746113062,0.8762314319610596,0.3070956766605377,0.005042619071900845
G39,626,7833.57958984375,0.3733733892440796,-2312.0458984375,-2312.0458984375,2104.99365234375,2130.039306640625,2311.0078125,2336.0,2336.0,177.7740478515625,-207.02963256835938,0.9642452597618103,0.9201662540435791,0.9859606027603149,0.27673566341400146,0.27673566341400146,0.001429209252819419,0.8765323162078857,0.3060208559036255,0.005109434947371483
G39,627,7846.08984375,0.3723723888397217,-2311.96435546875,-2311.96435546875,2105.844482421875,2130.8916015625,2311.0078125,2336.0,2336.0,177.27227783203125,-206.097412109375,0.964370608329773,0.9203237891197205,0.9860261678695679,0.2762294411659241,0.2762294411659241,0.0014293063431978226,0.8768323063850403,0.3049522936344147,0.005160970147699118
G39,628,7858.6005859375,0.37137138843536377,-2311.880859375,-2311.880859375,2106.69091796875,2131.734619140625,2311.0078125,2336.0,2336.0,176.77322387695312,-205.16738891601562,0.9644951224327087,0.9204805493354797,0.9860910773277283,0.27572163939476013,0.27572163939476013,0.0014295629225671291,0.8771309852600098,0.3038899600505829,0.00520215043798089
G39,629,7871.11083984375,0.37037038803100586,-2311.79541015625,-2311.79541015625,2107.53466796875,2132.579833984375,2311.0078125,2336.0,2336.0,176.27682495117188,-204.23825073242188,0.9646188020706177,0.9206364154815674,0.9861556887626648,0.27521419525146484,0.27521419525146484,0.0014295688597485423,0.8774288296699524,0.30283376574516296,0.005230494774878025
G39,630,7883.62158203125,0.36936938762664795,-2311.707763671875,-2311.707763671875,2108.3740234375,2133.4169921875,2311.0078125,2336.0,2336.0,175.78311157226562,-203.31137084960938,0.9647417664527893,0.9207914471626282,0.986219584941864,0.27470558881759644,0.27470558881759644,0.0014298288151621819,0.8777255415916443,0.3017837107181549,0.005235812161117792
G39,631,7896.13232421875,0.36836838722229004,-2311.618408203125,-2311.618408203125,2109.21044921875,2134.2529296875,2311.015625,2336.0,2336.0,175.29202270507812,-202.3856964111328,0.9648639559745789,0.9209457039833069,0.9862831234931946,0.2741963565349579,0.2741963565349579,0.0014297256711870432,0.878021776676178,0.3007396459579468,0.005224453750997782
G39,632,7908.642578125,0.36736738681793213,-2311.52734375,-2311.52734375,2110.043701171875,2135.0859375,2311.015625,2336.0,2336.0,174.80357360839844,-201.46157836914062,0.9649852514266968,0.9210991263389587,0.9863459467887878,0.2736872732639313,0.2736872732639313,0.0014299283502623439,0.8783168196678162,0.2997016906738281,0.00519212381914258
G39,633,7921.1533203125,0.3663663864135742,-2311.4345703125,-2311.4345703125,2110.87255859375,2135.912353515625,2311.015625,2336.0,2336.0,174.31771850585938,-200.53961181640625,0.9651060104370117,0.921251654624939,0.9864084720611572,0.27317628264427185,0.27317628264427185,0.0014297631569206715,0.8786113858222961,0.2986695468425751,0.005139465909451246
G39,634,7933.66357421875,0.3653653860092163,-2311.339599609375,-2311.339599609375,2111.699462890625,2136.74072265625,2311.015625,2336.0,2336.0,173.83444213867188,-199.61831665039062,0.965225875377655,0.9214034080505371,0.9864704012870789,0.272666335105896,0.272666335105896,0.0014298072783276439,0.8789043426513672,0.2976434528827667,0.005072536412626505
G39,635,7946.17431640625,0.3643643856048584,-2311.2431640625,-2311.2431640625,2112.521484375,2137.55810546875,2311.015625,2336.0,2336.0,173.35372924804688,-198.69979858398438,0.9653451442718506,0.921554446220398,0.9865317940711975,0.27215418219566345,0.27215418219566345,0.001429647789336741,0.87919682264328,0.2966231107711792,0.004981075879186392
G39,636,7958.6845703125,0.3633633852005005,-2311.144775390625,-2311.144775390625,2113.34130859375,2138.38134765625,2311.015625,2336.0,2336.0,172.87554931640625,-197.78170776367188,0.9654635190963745,0.9217047095298767,0.9865928292274475,0.2716428339481354,0.2716428339481354,0.0014294987777248025,0.8794878125190735,0.29560866951942444,0.004874969832599163
G39,637,7971.1953125,0.3623623847961426,-2311.044921875,-2311.044921875,2114.15673828125,2139.19091796875,2311.015625,2336.0,2336.0,172.39988708496094,-196.86630249023438,0.9655812382698059,0.9218541383743286,0.9866532683372498,0.271129846572876,0.271129846572876,0.0014294278807938099,0.8797781467437744,0.29459989070892334,0.004749838728457689
G39,638,7983.70556640625,0.36136138439178467,-2310.94287109375,-2310.94287109375,2114.9697265625,2140.00732421875,2311.015625,2336.0,2336.0,171.92674255371094,-195.95169067382812,0.9656982421875,0.9220027923583984,0.9867132902145386,0.2706170976161957,0.2706170976161957,0.001429042313247919,0.8800673484802246,0.29359692335128784,0.004612154792994261
G39,639,7996.21630859375,0.36036038398742676,-2310.839599609375,-2310.839599609375,2115.77880859375,2140.811767578125,2311.015625,2336.0,2336.0,171.4560546875,-195.03936767578125,0.965814471244812,0.9221505522727966,0.9867728352546692,0.27010300755500793,0.27010300755500793,0.001429087482392788,0.8803555369377136,0.29259952902793884,0.0044676330871880054
G39,640,8008.7265625,0.35935938358306885,-2310.734375,-2310.734375,2116.585205078125,2141.618408203125,2311.015625,2336.0,2336.0,170.98785400390625,-194.12808227539062,0.9659301042556763,0.9222976565361023,0.986831784248352,0.26958921551704407,0.26958921551704407,0.0014285328797996044,0.880642831325531,0.2916078567504883,0.004321079235523939
G39,641,8021.2373046875,0.35835838317871094,-2310.6279296875,-2310.6279296875,2117.3876953125,2142.42041015625,2311.015625,2336.0,2336.0,170.5220947265625,-193.2191162109375,0.9660449624061584,0.9224439859390259,0.986890435218811,0.269074022769928,0.269074022769928,0.0014285626821219921,0.8809288144111633,0.29062169790267944,0.004174257628619671
G39,642,8033.74755859375,0.357357382774353,-2310.51953125,-2310.51953125,2118.187255859375,2143.2158203125,2311.015625,2336.0,2336.0,170.05874633789062,-192.3111572265625,0.9661591649055481,0.9225894808769226,0.9869486093521118,0.26855897903442383,0.26855897903442383,0.0014280648902058601,0.8812142610549927,0.2896410822868347,0.004033129196614027
G39,643,8046.25830078125,0.3563563823699951,-2310.40966796875,-2310.40966796875,2118.9833984375,2144.015869140625,2311.015625,2336.0,2336.0,169.5978240966797,-191.4053955078125,0.9662726521492004,0.9227342009544373,0.9870063066482544,0.2680428624153137,0.2680428624153137,0.0014278594171628356,0.8814983367919922,0.2886659502983093,0.0038974136114120483
G39,644,8058.7685546875,0.3553553819656372,-2310.29833984375,-2310.29833984375,2119.7763671875,2144.8017578125,2311.015625,2336.0,2336.0,169.1392822265625,-190.50094604492188,0.9663854837417603,0.9228782653808594,0.9870635271072388,0.26752638816833496,0.26752638816833496,0.001427598763257265,0.8817818760871887,0.2876962721347809,0.003774493932723999
G39,645,8071.279296875,0.3543543815612793,-2310.185302734375,-2310.185302734375,2120.566162109375,2145.595947265625,2311.015625,2336.0,2336.0,168.68310546875,-189.59829711914062,0.9664976000785828,0.9230215549468994,0.9871203303337097,0.2670094966888428,0.2670094966888428,0.0014270790852606297,0.8820639848709106,0.286732017993927,0.003667115233838558
G39,646,8083.78955078125,0.3533533811569214,-2310.07080078125,-2310.07080078125,2121.3525390625,2146.376953125,2311.015625,2336.0,2336.0,168.22927856445312,-188.6973876953125,0.9666090607643127,0.9231639504432678,0.9871768355369568,0.2664916515350342,0.2664916515350342,0.0014270117972046137,0.8823456168174744,0.28577303886413574,0.003579807933419943
G39,647,8096.30029296875,0.3523523807525635,-2309.954833984375,-2309.954833984375,2122.13623046875,2147.1611328125,2311.015625,2336.0,2336.0,167.77780151367188,-187.79791259765625,0.9667198061943054,0.9233058094978333,0.9872326850891113,0.26597386598587036,0.26597386598587036,0.0014262977056205273,0.8826258182525635,0.28481945395469666,0.003515241201967001
G39,648,8108.810546875,0.35135138034820557,-2309.83740234375,-2309.83740234375,2122.916015625,2147.941162109375,2311.015625,2336.0,2336.0,167.32864379882812,-186.9005584716797,0.9668299555778503,0.923446774482727,0.9872883558273315,0.26545479893684387,0.26545479893684387,0.0014262496260926127,0.882905900478363,0.283871054649353,0.0034707386512309313
G39,649,8121.3212890625,0.35035037994384766,-2309.71826171875,-2309.71826171875,2123.693359375,2148.71337890625,2311.015625,2336.0,2336.0,166.88177490234375,-186.00436401367188,0.9669394493103027,0.9235869646072388,0.987343430519104,0.26493605971336365,0.26493605971336365,0.001425532391294837,0.883184552192688,0.2829279601573944,0.0034430755767971277
G39,650,8133.83203125,0.34934937953948975,-2309.59814453125,-2309.59814453125,2124.46728515625,2149.491455078125,2311.015625,2336.0,2336.0,166.43719482421875,-185.1104736328125,0.9670482873916626,0.9237266182899475,0.9873981475830078,0.2644159495830536,0.2644159495830536,0.0014253780245780945,0.88346266746521,0.2819899916648865,0.003429770702496171
G39,651,8146.34228515625,0.34834837913513184,-2309.4765625,-2309.4765625,2125.23828125,2150.255126953125,2311.015625,2336.0,2336.0,165.99488830566406,-184.21771240234375,0.9671564102172852,0.9238653779029846,0.9874524474143982,0.26389604806900024,0.26389604806900024,0.0014247854705899954,0.8837395310401917,0.2810572385787964,0.0034295597579330206
G39,652,8158.85302734375,0.3473473787307739,-2309.353271484375,-2309.353271484375,2126.005859375,2151.02734375,2311.0234375,2336.0,2336.0,165.55482482910156,-183.3271942138672,0.96726393699646,0.9240034818649292,0.9875062704086304,0.26337507367134094,0.26337507367134094,0.0014245336642488837,0.8840157985687256,0.2801295220851898,0.00343824434094131
G39,653,8171.36328125,0.346346378326416,-2309.22900390625,-2309.22900390625,2126.770751953125,2151.786376953125,2311.0234375,2336.0,2336.0,165.1169891357422,-182.43798828125,0.967370867729187,0.9241408705711365,0.9875597357749939,0.2628538906574249,0.2628538906574249,0.0014240556629374623,0.8842912316322327,0.2792069613933563,0.0034574344754219055
G39,654,8183.8740234375,0.3453453779220581,-2309.10302734375,-2309.10302734375,2127.5322265625,2152.54931640625,2311.0234375,2336.0,2336.0,164.68136596679688,-181.55075073242188,0.9674771428108215,0.9242775440216064,0.9876129031181335,0.26233214139938354,0.26233214139938354,0.001423720852471888,0.8845657706260681,0.2782893776893616,0.003480364102870226
G39,655,8196.384765625,0.3443443775177002,-2308.97607421875,-2308.97607421875,2128.29052734375,2153.306396484375,2311.0234375,2336.0,2336.0,164.24795532226562,-180.66519165039062,0.9675828218460083,0.9244133830070496,0.9876655340194702,0.2618098258972168,0.2618098258972168,0.0014232975663617253,0.8848394155502319,0.27737680077552795,0.0035030925646424294
G39,656,8208.89453125,0.3433433771133423,-2308.84765625,-2308.84765625,2129.04638671875,2154.05908203125,2311.0234375,2336.0,2336.0,163.8167266845703,-179.78134155273438,0.9676879048347473,0.9245486855506897,0.987717866897583,0.261287122964859,0.261287122964859,0.001422914327122271,0.8851121068000793,0.2764691412448883,0.0035174109507352114
G39,657,8221.4052734375,0.3423423767089844,-2308.71826171875,-2308.71826171875,2129.798828125,2154.813232421875,2311.0234375,2336.0,2336.0,163.38766479492188,-178.8992919921875,0.967792272567749,0.9246832132339478,0.9877699017524719,0.2607637643814087,0.2607637643814087,0.0014225207269191742,0.8853837847709656,0.2755664885044098,0.0035220691934227943
G39,658,8233.916015625,0.34134137630462646,-2308.5869140625,-2308.5869140625,2130.548583984375,2155.55859375,2311.0234375,2336.0,2336.0,162.96075439453125,-178.0189208984375,0.9678961634635925,0.9248169660568237,0.9878214001655579,0.2602400779724121,0.2602400779724121,0.0014221034944057465,0.8856546878814697,0.2746686041355133,0.003515907097607851
G39,659,8246.4267578125,0.34034037590026855,-2308.455078125,-2308.455078125,2131.294921875,2156.30615234375,2311.0234375,2336.0,2336.0,162.53599548339844,-177.14041137695312,0.9679993391036987,0.9249501824378967,0.9878726005554199,0.25971558690071106,0.25971558690071106,0.001421778928488493,0.8859244585037231,0.2737756669521332,0.003501645755022764
G39,660,8258.9365234375,0.33933937549591064,-2308.32177734375,-2308.32177734375,2132.03857421875,2157.0478515625,2311.0234375,2336.0,2336.0,162.11334228515625,-176.26344299316406,0.968101978302002,0.9250825643539429,0.9879233241081238,0.25919121503829956,0.25919121503829956,0.0014213031390681863,0.8861936330795288,0.2728874087333679,0.0034717938397079706
G39,661,8271.447265625,0.33833837509155273,-2308.18701171875,-2308.18701171875,2132.77880859375,2157.78662109375,2311.0234375,2336.0,2336.0,161.6927947998047,-175.388671875,0.9682040214538574,0.9252142906188965,0.9879738092422485,0.25866520404815674,0.25866520404815674,0.0014210859080776572,0.8864616751670837,0.27200400829315186,0.0034292868804186583
G39,662,8283.9580078125,0.3373373746871948,-2308.051513671875,-2308.051513671875,2133.51708984375,2158.525146484375,2311.0234375,2336.0,2336.0,161.2743377685547,-174.51486206054688,0.9683054685592651,0.9253454208374023,0.9880238175392151,0.2581403851509094,0.2581403851509094,0.0014205420156940818,0.886728823184967,0.27112534642219543,0.0033706079702824354
G39,663,8296.46875,0.3363363742828369,-2307.91455078125,-2307.91455078125,2134.251220703125,2159.256103515625,2311.0234375,2336.0,2336.0,160.85797119140625,-173.64398193359375,0.9684063196182251,0.9254757761955261,0.9880735278129578,0.2576128840446472,0.2576128840446472,0.0014204473700374365,0.8869951367378235,0.2702513039112091,0.0032968742307275534
G39,664,8308.978515625,0.335335373878479,-2307.77685546875,-2307.77685546875,2134.98388671875,2159.98974609375,2311.0234375,2336.0,2336.0,160.44363403320312,-172.77342224121094,0.9685065150260925,0.9256054759025574,0.9881228804588318,0.25708723068237305,0.25708723068237305,0.001419873209670186,0.8872605562210083,0.2693819999694824,0.0032109643798321486
G39,665,8321.4892578125,0.3343343734741211,-2307.6376953125,-2307.6376953125,2135.712158203125,2160.71533203125,2311.0234375,2336.0,2336.0,160.0313720703125,-171.90618896484375,0.9686062335968018,0.9257345199584961,0.9881718754768372,0.256558895111084,0.256558895111084,0.0014198346761986613,0.8875250816345215,0.26851722598075867,0.0031172207091003656
G39,666,8334.0,0.3333333134651184,-2307.497314453125,-2307.497314453125,2136.43896484375,2161.44140625,2311.0234375,2336.0,2336.0,159.62112426757812,-171.0392303466797,0.9687053561210632,0.9258628487586975,0.9882205724716187,0.2560316324234009,0.2560316324234009,0.0014193163951858878,0.8877887725830078,0.2676571309566498,0.003019483992829919
G39,667,8346.5107421875,0.3323323130607605,-2307.35595703125,-2307.35595703125,2137.16162109375,2162.164306640625,2311.0234375,2336.0,2336.0,159.212890625,-170.17515563964844,0.9688040018081665,0.9259905815124512,0.9882688522338867,0.2555030286312103,0.2555030286312103,0.0014192343223839998,0.8880515694618225,0.26680153608322144,0.0029184650629758835
G39,668,8359.0205078125,0.3313313126564026,-2307.213623046875,-2307.213623046875,2137.88232421875,2162.881103515625,2311.0234375,2336.0,2336.0,158.80667114257812,-169.31228637695312,0.968902051448822,0.9261175394058228,0.9883168339729309,0.2549741268157959,0.2549741268157959,0.0014188357163220644,0.8883134722709656,0.26595044136047363,0.0028167685959488153
G39,669,8371.53125,0.3303303122520447,-2307.0703125,-2307.0703125,2138.60009765625,2163.6015625,2311.0234375,2336.0,2336.0,158.40243530273438,-168.4513397216797,0.968999445438385,0.9262439608573914,0.9883644580841064,0.25444495677948,0.25444495677948,0.0014186673797667027,0.8885744214057922,0.26510387659072876,0.0027212330605834723
G39,670,8384.0419921875,0.32932931184768677,-2306.92578125,-2306.92578125,2139.314453125,2164.310302734375,2311.0234375,2336.0,2336.0,158.0001678466797,-167.59234619140625,0.9690963625907898,0.9263697862625122,0.9884117245674133,0.25391480326652527,0.25391480326652527,0.0014184127794578671,0.8888346552848816,0.2642616927623749,0.002636493416503072
G39,671,8396.552734375,0.32832831144332886,-2306.7802734375,-2306.7802734375,2140.02685546875,2165.0263671875,2311.0234375,2336.0,2336.0,157.59986877441406,-166.73483276367188,0.9691926836967468,0.9264947772026062,0.9884586930274963,0.2533845901489258,0.2533845901489258,0.0014181811129674315,0.8890939354896545,0.2634240388870239,0.0025668868329375982
G39,672,8409.0634765625,0.32732731103897095,-2306.6337890625,-2306.6337890625,2140.73583984375,2165.72998046875,2311.0234375,2336.0,2336.0,157.20150756835938,-165.87939453125,0.9692885875701904,0.9266192317008972,0.9885053634643555,0.252853661775589,0.252853661775589,0.0014180279104039073,0.8893523216247559,0.2625906467437744,0.002511632163077593
G39,673,8421.5732421875,0.32632631063461304,-2306.486572265625,-2306.486572265625,2141.442138671875,2166.438720703125,2311.0234375,2336.0,2336.0,156.80508422851562,-165.02560424804688,0.9693838357925415,0.9267430305480957,0.9885516166687012,0.2523221969604492,0.2523221969604492,0.0014177841367200017,0.8896099328994751,0.2617616653442383,0.0024701321963220835
G39,674,8434.083984375,0.3253253102302551,-2306.338134765625,-2306.338134765625,2142.14599609375,2167.139892578125,2311.0234375,2336.0,2336.0,156.41058349609375,-164.17356872558594,0.9694785475730896,0.9268661141395569,0.9885976314544678,0.25179043412208557,0.25179043412208557,0.001417682389728725,0.8898665904998779,0.260936975479126,0.002444221405312419
G39,675,8446.5947265625,0.3243243098258972,-2306.1884765625,-2306.1884765625,2142.8466796875,2167.83935546875,2311.0234375,2336.0,2336.0,156.01797485351562,-163.32351684570312,0.9695727825164795,0.9269886016845703,0.9886433482170105,0.2512579560279846,0.2512579560279846,0.0014174679527059197,0.8901223540306091,0.2601166069507599,0.002435569651424885
G39,676,8459.10546875,0.3233233094215393,-2306.038330078125,-2306.038330078125,2143.544921875,2168.538330078125,2311.0234375,2336.0,2336.0,155.62725830078125,-162.47509765625,0.9696664214134216,0.927110493183136,0.9886886477470398,0.250725120306015,0.250725120306015,0.0014173822710290551,0.8903774619102478,0.25930044054985046,0.002437085844576359
G39,677,8471.615234375,0.3223223090171814,-2305.88720703125,-2305.88720703125,2144.240234375,2169.22998046875,2311.0234375,2336.0,2336.0,155.23843383789062,-161.62860107421875,0.9697597026824951,0.9272317290306091,0.9887337684631348,0.25019168853759766,0.25019168853759766,0.0014172038063406944,0.8906314969062805,0.2584885358810425,0.0024422623682767153
G39,678,8484.1259765625,0.3213213086128235,-2305.7353515625,-2305.7353515625,2144.93310546875,2169.9248046875,2311.0234375,2336.0,2336.0,154.85147094726562,-160.78382873535156,0.9698522686958313,0.927352249622345,0.9887785315513611,0.2496580183506012,0.2496580183506012,0.001417100545950234,0.8908849358558655,0.25768086314201355,0.0024485732428729534
G39,679,8496.63671875,0.3203203082084656,-2305.582275390625,-2305.582275390625,2145.623291015625,2170.611083984375,2311.0234375,2336.0,2336.0,154.4663543701172,-159.94105529785156,0.969944417476654,0.9274722337722778,0.9888229370117188,0.2491232454776764,0.2491232454776764,0.00141696457285434,0.8911373019218445,0.25687724351882935,0.00246065529063344
G39,680,8509.1474609375,0.31931930780410767,-2305.428466796875,-2305.428466796875,2146.310546875,2171.300537109375,2311.0234375,2336.0,2336.0,154.08306884765625,-159.09970092773438,0.9700360298156738,0.9275916218757629,0.9888669848442078,0.24858906865119934,0.24858906865119934,0.0014168241759762168,0.8913889527320862,0.2560778558254242,0.0024783224798738956
G39,681,8521.6572265625,0.31831830739974976,-2305.27392578125,-2305.27392578125,2146.9951171875,2171.980712890625,2311.0234375,2336.0,2336.0,153.70162963867188,-158.26089477539062,0.9701271653175354,0.9277104139328003,0.9889107942581177,0.24805283546447754,0.24805283546447754,0.0014167450135573745,0.8916399478912354,0.255282461643219,0.0024960467126220465
G39,682,8534.16796875,0.31731730699539185,-2305.118408203125,-2305.118408203125,2147.677734375,2172.666015625,2311.0234375,2336.0,2336.0,153.32199096679688,-157.42291259765625,0.9702178239822388,0.9278284907341003,0.9889544248580933,0.247517928481102,0.247517928481102,0.0014165454776957631,0.8918898105621338,0.25449129939079285,0.002505660755559802
G39,683,8546.6787109375,0.31631630659103394,-2304.96240234375,-2304.96240234375,2148.356689453125,2173.33935546875,2311.0234375,2336.0,2336.0,152.9441680908203,-156.587890625,0.9703078866004944,0.9279460310935974,0.9889976382255554,0.24698080122470856,0.24698080122470856,0.0014165292959660292,0.8921390771865845,0.2537040114402771,0.0025091031566262245
G39,684,8559.189453125,0.315315306186676,-2304.805419921875,-2304.805419921875,2149.033935546875,2174.021484375,2311.0234375,2336.0,2336.0,152.568115234375,-155.75364685058594,0.9703975915908813,0.9280629754066467,0.9890405535697937,0.2464444637298584,0.2464444637298584,0.0014162705047056079,0.8923874497413635,0.25292086601257324,0.0025086652021855116
G39,685,8571.69921875,0.3143143057823181,-2304.647705078125,-2304.647705078125,2149.7080078125,2174.688232421875,2311.0234375,2336.0,2336.0,152.19386291503906,-154.92202758789062,0.9704867005348206,0.9281792044639587,0.9890832304954529,0.24590696394443512,0.24590696394443512,0.001416297978721559,0.8926349878311157,0.2521416246891022,0.0025091010611504316
G39,686,8584.2099609375,0.3133133053779602,-2304.489013671875,-2304.489013671875,2150.37939453125,2175.36474609375,2311.0234375,2336.0,2336.0,151.8213653564453,-154.0918426513672,0.9705752730369568,0.9282949566841125,0.9891256093978882,0.24536898732185364,0.24536898732185364,0.001416024286299944,0.8928817510604858,0.25136640667915344,0.0025063257198780775
G39,687,8596.720703125,0.3123123049736023,-2304.32958984375,-2304.32958984375,2151.048828125,2176.0283203125,2311.0234375,2336.0,2336.0,151.45062255859375,-153.2635040283203,0.9706634879112244,0.9284100532531738,0.9891676902770996,0.24483102560043335,0.24483102560043335,0.0014160306891426444,0.8931276202201843,0.2505950331687927,0.002497274661436677
G39,688,8609.2314453125,0.3113113045692444,-2304.169677734375,-2304.169677734375,2151.71484375,2176.696533203125,2311.0234375,2336.0,2336.0,151.08160400390625,-152.43731689453125,0.9707512259483337,0.9285244941711426,0.9892094731330872,0.24429169297218323,0.24429169297218323,0.0014157824916765094,0.8933728337287903,0.24982760846614838,0.0024849865585565567
G39,689,8621.7412109375,0.3103103041648865,-2304.0087890625,-2304.0087890625,2152.379150390625,2177.35888671875,2311.0234375,2336.0,2336.0,150.71432495117188,-151.61245727539062,0.9708384275436401,0.9286383986473083,0.9892510771751404,0.2437528371810913,0.2437528371810913,0.0014157514087855816,0.8936170935630798,0.24906407296657562,0.002471630461513996
G39,690,8634.251953125,0.30930930376052856,-2303.84765625,-2303.84765625,2153.0400390625,2178.01806640625,2311.0234375,2336.0,2336.0,150.34877014160156,-150.7900390625,0.9709252119064331,0.9287518262863159,0.9892922639846802,0.2432125359773636,0.2432125359773636,0.001415506238117814,0.8938607573509216,0.2483043521642685,0.002459848765283823
G39,691,8646.7626953125,0.30830830335617065,-2303.685546875,-2303.685546875,2153.69921875,2178.677978515625,2311.0234375,2336.0,2336.0,149.98492431640625,-149.96888732910156,0.9710114598274231,0.9288645386695862,0.9893333315849304,0.24267256259918213,0.24267256259918213,0.0014154735254123807,0.8941032886505127,0.24754846096038818,0.00244719791226089
G39,692,8659.2734375,0.30730730295181274,-2303.52294921875,-2303.52294921875,2154.35546875,2179.33154296875,2311.0234375,2336.0,2336.0,149.62277221679688,-149.15008544921875,0.9710973501205444,0.9289766550064087,0.9893741011619568,0.24213135242462158,0.24213135242462158,0.001415196224115789,0.8943454027175903,0.24679633975028992,0.0024336788337677717
G39,693,8671.7841796875,0.30630630254745483,-2303.359375,-2303.359375,2155.00927734375,2179.9853515625,2311.0234375,2336.0,2336.0,149.2622833251953,-148.33273315429688,0.971182644367218,0.929088294506073,0.9894144535064697,0.24159018695354462,0.24159018695354462,0.001415165839716792,0.8945863246917725,0.2460480034351349,0.0024191823322325945
G39,694,8684.2939453125,0.3053053021430969,-2303.1953125,-2303.1953125,2155.66064453125,2180.635986328125,2311.0234375,2336.0,2336.0,148.90347290039062,-147.5175323486328,0.9712675213813782,0.92919921875,0.9894547462463379,0.24104821681976318,0.24104821681976318,0.0014148879563435912,0.8948269486427307,0.24530340731143951,0.002408320317044854
G39,695,8696.8046875,0.304304301738739,-2303.03076171875,-2303.03076171875,2156.3095703125,2181.281982421875,2311.0234375,2336.0,2336.0,148.5463409423828,-146.70401000976562,0.9713519811630249,0.9293096661567688,0.9894946217536926,0.24050568044185638,0.24050568044185638,0.0014148050686344504,0.8950662612915039,0.24456250667572021,0.00240190327167511
G39,696,8709.3154296875,0.3033033013343811,-2302.865234375,-2302.865234375,2156.9560546875,2181.93017578125,2311.0234375,2336.0,2336.0,148.1908416748047,-145.89231872558594,0.9714359641075134,0.9294195175170898,0.989534318447113,0.23996306955814362,0.23996306955814362,0.0014146029716357589,0.8953052163124084,0.24382531642913818,0.002395959571003914
G39,697,8721.826171875,0.3023023009300232,-2302.69970703125,-2302.69970703125,2157.599609375,2182.56982421875,2311.0234375,2336.0,2336.0,147.83700561523438,-145.082763671875,0.9715195894241333,0.9295288324356079,0.9895736575126648,0.23941916227340698,0.23941916227340698,0.0014143921434879303,0.8955432176589966,0.24309173226356506,0.0023865336552262306
G39,698,8734.3359375,0.3013013005256653,-2302.532958984375,-2302.532958984375,2158.241455078125,2183.21337890625,2311.0234375,2336.0,2336.0,147.48477172851562,-144.27459716796875,0.9716026186943054,0.9296374917030334,0.989612877368927,0.23887577652931213,0.23887577652931213,0.0014143087901175022,0.8957804441452026,0.24236184358596802,0.0023751764092594385
G39,699,8746.8466796875,0.3003003001213074,-2302.365966796875,-2302.365966796875,2158.880126953125,2183.84912109375,2311.0234375,2336.0,2336.0,147.1341552734375,-143.46893310546875,0.9716853499412537,0.9297456741333008,0.9896517395973206,0.23833072185516357,0.23833072185516357,0.0014139681588858366,0.8960169553756714,0.2416354864835739,0.0023699782323092222
G39,700,8759.357421875,0.29929929971694946,-2302.1982421875,-2302.1982421875,2159.51708984375,2184.486083984375,2311.0234375,2336.0,2336.0,146.78514099121094,-142.6644287109375,0.9717674851417542,0.9298532605171204,0.9896904230117798,0.23778629302978516,0.23778629302978516,0.0014139612903818488,0.8962525129318237,0.2409127801656723,0.002373178256675601
G39,701,8771.8681640625,0.29829829931259155,-2302.0302734375,-2302.0302734375,2160.15087890625,2185.118408203125,2311.0234375,2336.0,2336.0,146.437744140625,-141.86248779296875,0.971849262714386,0.9299602508544922,0.9897288084030151,0.23724029958248138,0.23724029958248138,0.0014135598903521895,0.8964875340461731,0.24019356071949005,0.0023784623481333256
G39,702,8784.3779296875,0.29729729890823364,-2301.861328125,-2301.861328125,2160.783203125,2185.749267578125,2311.0234375,2336.0,2336.0,146.09188842773438,-141.06179809570312,0.9719306826591492,0.9300667643547058,0.9897670149803162,0.23669473826885223,0.23669473826885223,0.001413543475791812,0.8967215418815613,0.23947793245315552,0.0023772758431732655
G39,703,8796.888671875,0.29629629850387573,-2301.6923828125,-2301.6923828125,2161.412109375,2186.37744140625,2311.0234375,2336.0,2336.0,145.74765014648438,-140.2635498046875,0.9720116257667542,0.9301726818084717,0.9898049831390381,0.23614780604839325,0.23614780604839325,0.001413158024661243,0.8969550132751465,0.23876579105854034,0.002370133763179183
G39,704,8809.3994140625,0.2952952980995178,-2301.5224609375,-2301.5224609375,2162.03955078125,2187.00341796875,2311.0234375,2336.0,2336.0,145.40496826171875,-139.4666748046875,0.9720922112464905,0.9302781224250793,0.9898427128791809,0.23560118675231934,0.23560118675231934,0.0014130697818472981,0.8971875309944153,0.23805713653564453,0.0023638594429939985
G39,705,8821.91015625,0.2942942976951599,-2301.3525390625,-2301.3525390625,2162.663818359375,2187.626953125,2311.0234375,2336.0,2336.0,145.06382751464844,-138.67214965820312,0.972172200679779,0.9303829669952393,0.9898802042007446,0.23505333065986633,0.23505333065986633,0.001412749057635665,0.8974193334579468,0.2373519241809845,0.0023632929660379887
G39,706,8834.419921875,0.293293297290802,-2301.181640625,-2301.181640625,2163.2861328125,2188.248046875,2311.0234375,2336.0,2336.0,144.7242431640625,-137.87911987304688,0.9722518920898438,0.9304872751235962,0.9899173378944397,0.23450544476509094,0.23450544476509094,0.0014125497546046972,0.897650420665741,0.23665013909339905,0.002365229884162545
G39,707,8846.9306640625,0.2922922968864441,-2301.0107421875,-2301.0107421875,2163.90625,2188.86669921875,2311.0234375,2336.0,2336.0,144.38616943359375,-137.08827209472656,0.972331166267395,0.9305910468101501,0.9899543523788452,0.2339569479227066,0.2339569479227066,0.0014123169239610434,0.8978806734085083,0.23595178127288818,0.002365299966186285
G39,708,8859.44140625,0.2912912964820862,-2300.839111328125,-2300.839111328125,2164.5234375,2189.482666015625,2311.0234375,2336.0,2336.0,144.0496368408203,-136.29922485351562,0.9724100232124329,0.9306942820549011,0.9899910688400269,0.23340757191181183,0.23340757191181183,0.0014120020205155015,0.8981103301048279,0.23525680601596832,0.002360568381845951
G39,709,8871.9521484375,0.29029029607772827,-2300.6669921875,-2300.6669921875,2165.13916015625,2190.09765625,2311.0234375,2336.0,2336.0,143.71461486816406,-135.51190185546875,0.9724884629249573,0.9307969212532043,0.9900276064872742,0.2328585386276245,0.2328585386276245,0.0014118407852947712,0.8983388543128967,0.23456521332263947,0.0023542982526123524
G39,710,8884.462890625,0.28928929567337036,-2300.49462890625,-2300.49462890625,2165.75146484375,2190.70849609375,2311.0234375,2336.0,2336.0,143.38111877441406,-134.72695922851562,0.9725664854049683,0.9308990836143494,0.9900639653205872,0.2323077768087387,0.2323077768087387,0.001411451492458582,0.8985670804977417,0.23387691378593445,0.00235233036801219
G39,711,8896.97265625,0.28828829526901245,-2300.32177734375,-2300.32177734375,2166.3623046875,2191.318359375,2311.0234375,2336.0,2336.0,143.04908752441406,-133.94320678710938,0.9726440906524658,0.9310006499290466,0.9900999665260315,0.23175787925720215,0.23175787925720215,0.0014112988719716668,0.8987940549850464,0.23319199681282043,0.0023558319080621004
G39,712,8909.4833984375,0.28728729486465454,-2300.1484375,-2300.1484375,2166.97021484375,2191.925048828125,2311.0234375,2336.0,2336.0,142.7185516357422,-133.16220092773438,0.9727213382720947,0.9311016798019409,0.9901358485221863,0.23120616376399994,0.23120616376399994,0.0014109115581959486,0.8990206718444824,0.2325102984905243,0.0023628638591617346
G39,713,8921.994140625,0.28628629446029663,-2299.974609375,-2299.974609375,2167.576416015625,2192.52978515625,2311.0234375,2336.0,2336.0,142.3894805908203,-132.38229370117188,0.9727981686592102,0.931202232837677,0.990171492099762,0.23065505921840668,0.23065505921840668,0.0014106858288869262,0.8992462754249573,0.23183193802833557,0.0023673302493989468
G39,714,8934.5048828125,0.2852852940559387,-2299.80078125,-2299.80078125,2168.1796875,2193.1318359375,2311.0234375,2336.0,2336.0,142.0618896484375,-131.60498046875,0.972874641418457,0.9313023090362549,0.9902068972587585,0.23010261356830597,0.23010261356830597,0.001410378492437303,0.8994713425636292,0.23115676641464233,0.0023678713478147984
G39,715,8947.0146484375,0.2842842936515808,-2299.62646484375,-2299.62646484375,2168.78125,2193.732666015625,2311.0234375,2336.0,2336.0,141.73574829101562,-130.8291015625,0.9729506373405457,0.931401789188385,0.990242063999176,0.22955015301704407,0.22955015301704407,0.0014100283151492476,0.8996954560279846,0.23048488795757294,0.002364995889365673
G39,716,8959.525390625,0.2832832932472229,-2299.45166015625,-2299.45166015625,2169.38037109375,2194.32958984375,2311.0234375,2336.0,2336.0,141.41104125976562,-130.05545043945312,0.9730262756347656,0.9315009117126465,0.9902770519256592,0.22899699211120605,0.22899699211120605,0.0014098177198320627,0.8999189138412476,0.22981615364551544,0.002359937410801649
G39,717,8972.0361328125,0.282282292842865,-2299.2763671875,-2299.2763671875,2169.97705078125,2194.926025390625,2311.0234375,2336.0,2336.0,141.08779907226562,-129.28359985351562,0.9731016159057617,0.9315993785858154,0.9903117418289185,0.22844335436820984,0.22844335436820984,0.0014093639329075813,0.9001416563987732,0.22915063798427582,0.002355268457904458
G39,718,8984.546875,0.2812812924385071,-2299.10107421875,-2299.10107421875,2170.571533203125,2195.518798828125,2311.0234375,2336.0,2336.0,140.76596069335938,-128.513671875,0.9731764197349548,0.9316972494125366,0.990346372127533,0.22788916528224945,0.22788916528224945,0.0014092081692069769,0.900363564491272,0.2284882813692093,0.002353493357077241
G39,719,8997.056640625,0.28028029203414917,-2298.92529296875,-2298.92529296875,2171.163818359375,2196.109375,2311.0234375,2336.0,2336.0,140.445556640625,-127.74568176269531,0.9732509255409241,0.9317947626113892,0.9903807044029236,0.22733472287654877,0.22733472287654877,0.0014087101444602013,0.9005846381187439,0.22782905399799347,0.002357332268729806
G39,720,9009.5673828125,0.27927929162979126,-2298.7490234375,-2298.7490234375,2171.75390625,2196.699462890625,2311.0234375,2336.0,2336.0,140.1265411376953,-126.97976684570312,0.9733251333236694,0.9318917393684387,0.9904148578643799,0.22677911818027496,0.22677911818027496,0.001408555544912815,0.9008052349090576,0.22717297077178955,0.002364807529374957
G39,721,9022.078125,0.27827829122543335,-2298.57275390625,-2298.57275390625,2172.341796875,2197.283935546875,2311.0234375,2336.0,2336.0,139.80894470214844,-126.21540832519531,0.9733988642692566,0.9319881200790405,0.9904487729072571,0.22622422873973846,0.22622422873973846,0.0014080568216741085,0.9010247588157654,0.22651997208595276,0.0023696753196418285
G39,722,9034.5888671875,0.27727729082107544,-2298.39599609375,-2298.39599609375,2172.927001953125,2197.87060546875,2311.0234375,2336.0,2336.0,139.49273681640625,-125.45367431640625,0.9734722375869751,0.9320841431617737,0.9904824495315552,0.22566699981689453,0.22566699981689453,0.0014078827807679772,0.9012438654899597,0.2258700430393219,0.0023687013890594244
G39,723,9047.0986328125,0.27627629041671753,-2298.218994140625,-2298.218994140625,2173.5107421875,2198.4501953125,2311.0234375,2336.0,2336.0,139.17791748046875,-124.69288635253906,0.9735451936721802,0.9321795105934143,0.9905160069465637,0.22511158883571625,0.22511158883571625,0.0014073700876906514,0.9014618396759033,0.22522319853305817,0.002361135557293892
G39,724,9059.609375,0.2752752900123596,-2298.0419921875,-2298.0419921875,2174.091064453125,2199.03173828125,2311.0234375,2336.0,2336.0,138.8644561767578,-123.93531036376953,0.9736178517341614,0.9322745203971863,0.9905493855476379,0.22455304861068726,0.22455304861068726,0.0014072138583287597,0.901679515838623,0.2245793491601944,0.002354282885789871
G39,725,9072.1201171875,0.2742742896080017,-2297.8642578125,-2297.8642578125,2174.6708984375,2199.608154296875,2311.0234375,2336.0,2336.0,138.55238342285156,-123.17825317382812,0.9736900925636292,0.9323689341545105,0.9905824661254883,0.22399663925170898,0.22399663925170898,0.0014066408621147275,0.9018959999084473,0.22393855452537537,0.002350011607632041
G39,726,9084.630859375,0.2732732892036438,-2297.6865234375,-2297.6865234375,2175.246826171875,2200.1845703125,2311.0234375,2336.0,2336.0,138.2416534423828,-122.42459106445312,0.973762035369873,0.9324629306793213,0.9906153678894043,0.2234373837709427,0.2234373837709427,0.0014065419090911746,0.9021120071411133,0.2233007401227951,0.0023512043990194798
G39,727,9097.140625,0.2722722887992859,-2297.5087890625,-2297.5087890625,2175.822021484375,2200.755859375,2311.0234375,2336.0,2336.0,137.93226623535156,-121.67161560058594,0.9738336205482483,0.9325563311576843,0.990648090839386,0.2228793501853943,0.2228793501853943,0.0014058796223253012,0.9023270606994629,0.2226659208536148,0.0023520728573203087
G39,728,9109.6513671875,0.271271288394928,-2297.33056640625,-2297.33056640625,2176.3935546875,2201.329833984375,2311.0234375,2336.0,2336.0,137.62423706054688,-120.92153930664062,0.9739048480987549,0.9326493144035339,0.9906806349754333,0.22231987118721008,0.22231987118721008,0.0014058413216844201,0.90254145860672,0.2220340520143509,0.0023523857817053795
G39,729,9122.162109375,0.27027028799057007,-2297.15185546875,-2297.15185546875,2176.964111328125,2201.89404296875,2311.0234375,2336.0,2336.0,137.31753540039062,-120.17290496826172,0.973975658416748,0.9327418208122253,0.9907130599021912,0.22176001965999603,0.22176001965999603,0.0014051187317818403,0.9027551412582397,0.22140510380268097,0.002352087991312146
G39,730,9134.6728515625,0.26926928758621216,-2296.9736328125,-2296.9736328125,2177.5322265625,2202.466796875,2311.0234375,2336.0,2336.0,137.01214599609375,-119.42631530761719,0.9740461707115173,0.9328338503837585,0.9907451868057251,0.2212001383304596,0.2212001383304596,0.0014050730969756842,0.9029679894447327,0.22077912092208862,0.0023538880050182343
G39,731,9147.18359375,0.26826828718185425,-2296.794677734375,-2296.794677734375,2178.09765625,2203.02392578125,2311.0234375,2336.0,2336.0,136.70809936523438,-118.68196105957031,0.974116325378418,0.9329253435134888,0.9907771348953247,0.2206389158964157,0.2206389158964157,0.0014043686678633094,0.9031801819801331,0.22015595436096191,0.0023566633462905884
G39,732,9159.693359375,0.26726728677749634,-2296.61572265625,-2296.61572265625,2178.66162109375,2203.59375,2311.0234375,2336.0,2336.0,136.40533447265625,-117.93912506103516,0.9741860628128052,0.933016300201416,0.9908088445663452,0.2200780063867569,0.2200780063867569,0.001404246431775391,0.9033915400505066,0.21953576803207397,0.002357130404561758
G39,733,9172.2041015625,0.2662662863731384,-2296.4365234375,-2296.4365234375,2179.22314453125,2204.14697265625,2311.0234375,2336.0,2336.0,136.1038818359375,-117.1987075805664,0.9742555618286133,0.9331069588661194,0.990840494632721,0.2195160835981369,0.2195160835981369,0.0014036090578883886,0.9036021828651428,0.2189183384180069,0.0023551364429295063
G39,734,9184.71484375,0.2652652859687805,-2296.25732421875,-2296.25732421875,2179.78271484375,2204.710205078125,2311.0234375,2336.0,2336.0,135.8037109375,-116.45997619628906,0.974324643611908,0.933197021484375,0.9908719658851624,0.21895363926887512,0.21895363926887512,0.0014033940387889743,0.903812050819397,0.2183038592338562,0.002356015844270587
G39,735,9197.2255859375,0.2642642855644226,-2296.07763671875,-2296.07763671875,2180.33984375,2205.26318359375,2311.0234375,2336.0,2336.0,135.50482177734375,-115.72325134277344,0.9743934273719788,0.9332866072654724,0.9909031987190247,0.21839120984077454,0.21839120984077454,0.0014028000878170133,0.9040210843086243,0.21769213676452637,0.0023633551318198442
G39,736,9209.7353515625,0.2632632851600647,-2295.89794921875,-2295.89794921875,2180.894775390625,2205.81689453125,2311.0234375,2336.0,2336.0,135.20721435546875,-114.98876953125,0.9744618535041809,0.9333757162094116,0.9909342527389526,0.21782733500003815,0.21782733500003815,0.0014025401324033737,0.9042295217514038,0.21708324551582336,0.0023747908417135477
G39,737,9222.24609375,0.2622622847557068,-2295.718505859375,-2295.718505859375,2181.4482421875,2206.37109375,2311.0234375,2336.0,2336.0,134.910888671875,-114.25578308105469,0.974530041217804,0.9334644079208374,0.9909650087356567,0.2172640711069107,0.2172640711069107,0.001401938614435494,0.9044371247291565,0.21647712588310242,0.002380696125328541
G39,738,9234.7568359375,0.2612612843513489,-2295.53857421875,-2295.53857421875,2181.99853515625,2206.916015625,2311.0234375,2336.0,2336.0,134.61581420898438,-113.52537536621094,0.974597692489624,0.933552622795105,0.9909958243370056,0.21669918298721313,0.21669918298721313,0.0014016618952155113,0.9046439528465271,0.2158738076686859,0.0023787079844623804
G39,739,9247.267578125,0.26026028394699097,-2295.358642578125,-2295.358642578125,2182.547607421875,2207.468505859375,2311.0234375,2336.0,2336.0,134.32199096679688,-112.79637908935547,0.9746651649475098,0.9336403012275696,0.9910262227058411,0.2161346822977066,0.2161346822977066,0.0014010652666911483,0.9048500061035156,0.2152732014656067,0.002372137736529112
G39,740,9259.77734375,0.25925928354263306,-2295.178466796875,-2295.178466796875,2183.09423828125,2208.009033203125,2311.0234375,2336.0,2336.0,134.02938842773438,-112.06983947753906,0.9747322797775269,0.9337276220321655,0.9910565614700317,0.21556910872459412,0.21556910872459412,0.001400731853209436,0.9050553441047668,0.21467538177967072,0.0023686918430030346
G39,741,9272.2880859375,0.25825828313827515,-2294.998291015625,-2294.998291015625,2183.63916015625,2208.55517578125,2311.0234375,2336.0,2336.0,133.73805236816406,-111.34500122070312,0.9747989773750305,0.9338144063949585,0.9910867810249329,0.21500317752361298,0.21500317752361298,0.0014001920353621244,0.905259907245636,0.21408021450042725,0.002370591973885894
G39,742,9284.798828125,0.25725728273391724,-2294.818115234375,-2294.818115234375,2184.181640625,2209.095703125,2311.0234375,2336.0,2336.0,133.44793701171875,-110.62226104736328,0.9748654365539551,0.9339007139205933,0.9911167621612549,0.21443694829940796,0.21443694829940796,0.0013997512869536877,0.9054637551307678,0.21348783373832703,0.0023743833880871534
G39,743,9297.3095703125,0.2562562823295593,-2294.6376953125,-2294.6376953125,2184.7216796875,2209.63232421875,2311.0234375,2336.0,2336.0,133.1590576171875,-109.90162658691406,0.9749315977096558,0.9339866042137146,0.9911466240882874,0.2138696014881134,0.2138696014881134,0.0013992999447509646,0.9056668877601624,0.21289804577827454,0.0023768669925630093
G39,744,9309.8193359375,0.2552552819252014,-2294.457275390625,-2294.457275390625,2185.26025390625,2210.173828125,2311.0234375,2336.0,2336.0,132.87136840820312,-109.18269348144531,0.9749974012374878,0.9340720772743225,0.9911762475967407,0.2133026272058487,0.2133026272058487,0.0013987546553835273,0.9058690667152405,0.2123109996318817,0.0023760690819472075
G39,745,9322.330078125,0.2542542815208435,-2294.27685546875,-2294.27685546875,2185.796630859375,2210.702392578125,2311.0234375,2336.0,2336.0,132.5849151611328,-108.46620178222656,0.975062906742096,0.9341569542884827,0.9912057518959045,0.2127341777086258,0.2127341777086258,0.0013983547687530518,0.9060707688331604,0.21172651648521423,0.0023752618581056595
G39,746,9334.8408203125,0.2532532811164856,-2294.0966796875,-2294.0966796875,2186.3310546875,2211.24169921875,2311.0234375,2336.0,2336.0,132.29965209960938,-107.7512435913086,0.9751281142234802,0.934241533279419,0.9912350177764893,0.21216601133346558,0.21216601133346558,0.001397769316099584,0.9062713980674744,0.21114477515220642,0.0023752334527671337
G39,747,9347.3515625,0.2522522807121277,-2293.916015625,-2293.916015625,2186.86279296875,2211.76611328125,2311.0234375,2336.0,2336.0,132.01556396484375,-107.0387191772461,0.9751929640769958,0.934325635433197,0.9912642240524292,0.21159684658050537,0.21159684658050537,0.0013973383465781808,0.9064715504646301,0.21056555211544037,0.0023782479111105204
G39,748,9359.861328125,0.2512512803077698,-2293.7353515625,-2293.7353515625,2187.393310546875,2212.300048828125,2311.0234375,2336.0,2336.0,131.732666015625,-106.32795715332031,0.9752575159072876,0.9344092011451721,0.9912932515144348,0.211027130484581,0.211027130484581,0.0013967951526865363,0.9066706895828247,0.20998898148536682,0.0023815676104277372
G39,749,9372.3720703125,0.25025027990341187,-2293.554931640625,-2293.554931640625,2187.92138671875,2212.822509765625,2311.0234375,2336.0,2336.0,131.45095825195312,-105.61918640136719,0.9753217697143555,0.9344923496246338,0.9913220405578613,0.21045751869678497,0.21045751869678497,0.0013962662778794765,0.9068692326545715,0.2094149887561798,0.0023837778717279434
G39,750,9384.8828125,0.24924927949905396,-2293.3740234375,-2293.3740234375,2188.447265625,2213.349609375,2311.0234375,2336.0,2336.0,131.17042541503906,-104.91276550292969,0.9753856658935547,0.9345751404762268,0.9913506507873535,0.20988623797893524,0.20988623797893524,0.0013958037598058581,0.9070669412612915,0.20884354412555695,0.002384372055530548
G39,751,9397.3935546875,0.24824827909469604,-2293.193359375,-2293.193359375,2188.9716796875,2213.87109375,2311.0234375,2336.0,2336.0,130.89105224609375,-104.20779418945312,0.9754493832588196,0.9346573948860168,0.9913792610168457,0.20931586623191833,0.20931586623191833,0.0013951760483905673,0.9072639346122742,0.20827467739582062,0.002381374593824148
G39,752,9409.904296875,0.24724727869033813,-2293.012939453125,-2293.012939453125,2189.49365234375,2214.39111328125,2311.0234375,2336.0,2336.0,130.61285400390625,-103.50555419921875,0.9755126237869263,0.9347392320632935,0.991407573223114,0.20874354243278503,0.20874354243278503,0.0013947649858891964,0.9074601531028748,0.20770831406116486,0.0023781873751431704
G39,753,9422.4140625,0.24624627828598022,-2292.83251953125,-2292.83251953125,2190.013916015625,2214.9111328125,2311.0234375,2336.0,2336.0,130.33578491210938,-102.80464172363281,0.9755757451057434,0.9348207116127014,0.991435706615448,0.20817187428474426,0.20817187428474426,0.0013940867502242327,0.9076555967330933,0.20714448392391205,0.002376735443249345
G39,754,9434.9248046875,0.24524527788162231,-2292.65185546875,-2292.65185546875,2190.53173828125,2215.42431640625,2311.0234375,2336.0,2336.0,130.05984497070312,-102.1063232421875,0.9756383895874023,0.9349016547203064,0.991463840007782,0.2075989544391632,0.2075989544391632,0.0013936739414930344,0.9078501462936401,0.2065831571817398,0.0023816979955881834
G39,755,9447.435546875,0.2442442774772644,-2292.47119140625,-2292.47119140625,2191.0478515625,2215.94287109375,2311.0234375,2336.0,2336.0,129.78506469726562,-101.40969848632812,0.975700855255127,0.934982180595398,0.9914916157722473,0.2070256918668747,0.2070256918668747,0.0013929948909208179,0.908044159412384,0.20602431893348694,0.002387761836871505
G39,756,9459.9462890625,0.2432432770729065,-2292.291015625,-2292.291015625,2191.56201171875,2216.45068359375,2311.0234375,2336.0,2336.0,129.51141357421875,-100.7152099609375,0.9757629632949829,0.9350622296333313,0.9915193915367126,0.2064521759748459,0.2064521759748459,0.0013925525126978755,0.908237099647522,0.20546793937683105,0.0023895343765616417
G39,757,9472.4560546875,0.24224227666854858,-2292.1103515625,-2292.1103515625,2192.07373046875,2216.96533203125,2311.0234375,2336.0,2336.0,129.2388916015625,-100.02288055419922,0.9758248925209045,0.9351418614387512,0.9915469288825989,0.20587752759456635,0.20587752759456635,0.001391886966302991,0.9084296226501465,0.20491403341293335,0.0023864503018558025
G39,758,9484.966796875,0.24124127626419067,-2291.93017578125,-2291.93017578125,2192.583984375,2217.47021484375,2311.0234375,2336.0,2336.0,128.96746826171875,-99.33230590820312,0.9758864045143127,0.9352211356163025,0.9915743470191956,0.20530317723751068,0.20530317723751068,0.0013914334122091532,0.908621072769165,0.20436257123947144,0.0023831534199416637
G39,759,9497.4775390625,0.24024027585983276,-2291.74951171875,-2291.74951171875,2193.091796875,2217.978515625,2311.0234375,2336.0,2336.0,128.69717407226562,-98.64417266845703,0.9759476780891418,0.9352999329566956,0.9916016459465027,0.20472736656665802,0.20472736656665802,0.0013907486572861671,0.9088119864463806,0.20381349325180054,0.0023834281601011753
G39,760,9509.98828125,0.23923927545547485,-2291.5693359375,-2291.5693359375,2193.59814453125,2218.482421875,2311.0234375,2336.0,2336.0,128.427978515625,-97.9576416015625,0.9760085940361023,0.93537837266922,0.991628885269165,0.20415200293064117,0.20415200293064117,0.0013903167564421892,0.909001886844635,0.20326688885688782,0.0023817673791199923
G39,761,9522.498046875,0.23823827505111694,-2291.38916015625,-2291.38916015625,2194.10205078125,2218.983642578125,2311.0234375,2336.0,2336.0,128.15988159179688,-97.27363586425781,0.9760693907737732,0.9354562759399414,0.9916558265686035,0.20357505977153778,0.20357505977153778,0.00138959102332592,0.9091913104057312,0.20272262394428253,0.002376698423177004
G39,762,9535.0087890625,0.23723727464675903,-2291.209228515625,-2291.209228515625,2194.6044921875,2219.486572265625,2311.0234375,2336.0,2336.0,127.89286804199219,-96.59117889404297,0.9761297106742859,0.9355338215827942,0.9916826486587524,0.20299875736236572,0.20299875736236572,0.0013891878770664334,0.9093796610832214,0.20218078792095184,0.002370522590354085
G39,763,9547.51953125,0.23623627424240112,-2291.029296875,-2291.029296875,2195.1044921875,2219.9814453125,2311.0234375,2336.0,2336.0,127.626953125,-95.91133880615234,0.9761898517608643,0.9356109499931335,0.991709291934967,0.20242063701152802,0.20242063701152802,0.001388430711813271,0.9095675349235535,0.2016412764787674,0.002368448069319129
G39,764,9560.0302734375,0.2352352738380432,-2290.84912109375,-2290.84912109375,2195.60302734375,2220.48193359375,2311.0234375,2336.0,2336.0,127.36211395263672,-95.2329330444336,0.9762496948242188,0.9356876015663147,0.9917358756065369,0.20184336602687836,0.20184336602687836,0.001388025120832026,0.9097543954849243,0.20110416412353516,0.0023679996374994516
G39,765,9572.5400390625,0.2342342734336853,-2290.66943359375,-2290.66943359375,2196.09912109375,2220.97265625,2311.0234375,2336.0,2336.0,127.09834289550781,-94.55726623535156,0.9763092398643494,0.935763955116272,0.9917622804641724,0.2012641876935959,0.2012641876935959,0.0013872787822037935,0.9099406599998474,0.20056934654712677,0.0023686822969466448
G39,766,9585.05078125,0.2332332730293274,-2290.48974609375,-2290.48974609375,2196.59375,2221.4677734375,2311.0234375,2336.0,2336.0,126.83564758300781,-93.88300323486328,0.9763684868812561,0.935839831829071,0.9917885661125183,0.20068565011024475,0.20068565011024475,0.0013868078822270036,0.9101259112358093,0.20003686845302582,0.0023701367899775505
G39,767,9597.5615234375,0.23223227262496948,-2290.310546875,-2290.310546875,2197.085693359375,2221.957275390625,2311.0234375,2336.0,2336.0,126.57400512695312,-93.21137237548828,0.9764275550842285,0.9359152317047119,0.9918146729469299,0.20010578632354736,0.20010578632354736,0.001386110088787973,0.9103105664253235,0.1995067149400711,0.00237361341714859
G39,768,9610.072265625,0.2312312126159668,-2290.131103515625,-2290.131103515625,2197.57666015625,2222.44580078125,2311.0234375,2336.0,2336.0,126.31341552734375,-92.54141235351562,0.976486325263977,0.9359902739524841,0.9918406009674072,0.19952566921710968,0.19952566921710968,0.00138552812859416,0.9104944467544556,0.19897884130477905,0.002376094227656722
G39,769,9622.5830078125,0.2302302122116089,-2289.951904296875,-2289.951904296875,2198.06494140625,2222.93359375,2311.0234375,2336.0,2336.0,126.05386352539062,-91.87367248535156,0.9765447974205017,0.9360648393630981,0.991866409778595,0.19894525408744812,0.19894525408744812,0.0013848780654370785,0.910677433013916,0.19845326244831085,0.0023779678158462048
G39,770,9635.0927734375,0.22922921180725098,-2289.772705078125,-2289.772705078125,2198.5517578125,2223.41650390625,2311.0234375,2336.0,2336.0,125.79537200927734,-91.2081298828125,0.9766030311584473,0.9361391663551331,0.9918922185897827,0.19836384057998657,0.19836384057998657,0.001384172821417451,0.9108596444129944,0.19792991876602173,0.002380544086918235
G39,771,9647.603515625,0.22822821140289307,-2289.59375,-2289.59375,2199.03662109375,2223.90087890625,2311.0234375,2336.0,2336.0,125.53791046142578,-90.54443359375,0.9766609072685242,0.9362128973007202,0.9919177889823914,0.19778230786323547,0.19778230786323547,0.001383531023748219,0.9110410809516907,0.19740885496139526,0.002382379723712802
G39,772,9660.1142578125,0.22722721099853516,-2289.4150390625,-2289.4150390625,2199.51904296875,2224.38134765625,2311.0234375,2336.0,2336.0,125.28147888183594,-89.88304138183594,0.9767186045646667,0.9362863302230835,0.9919432401657104,0.19720008969306946,0.19720008969306946,0.001382709015160799,0.9112217426300049,0.19689001142978668,0.002380250720307231
G39,773,9672.625,0.22622621059417725,-2289.23681640625,-2289.23681640625,2200.0,2224.85986328125,2311.0234375,2336.0,2336.0,125.02606964111328,-89.2236557006836,0.9767760038375854,0.9363592863082886,0.9919684529304504,0.19661715626716614,0.19661715626716614,0.001382031012326479,0.9114015698432922,0.19637340307235718,0.002376447431743145
G39,774,9685.134765625,0.22522521018981934,-2289.05810546875,-2289.05810546875,2200.47900390625,2225.33837890625,2311.0234375,2336.0,2336.0,124.77168273925781,-88.56627655029297,0.976833164691925,0.9364319443702698,0.9919936656951904,0.19603413343429565,0.19603413343429565,0.0013810875825583935,0.9115806818008423,0.19585901498794556,0.0023763510398566723
G39,775,9697.6455078125,0.22422420978546143,-2288.880126953125,-2288.880126953125,2200.9560546875,2225.81103515625,2311.0234375,2336.0,2336.0,124.51829528808594,-87.91119384765625,0.9768900275230408,0.936504065990448,0.9920186400413513,0.1954500824213028,0.1954500824213028,0.0013803471811115742,0.9117588996887207,0.19534678757190704,0.0023826509714126587
G39,776,9710.15625,0.22322320938110352,-2288.7021484375,-2288.7021484375,2201.43115234375,2226.287109375,2311.0234375,2336.0,2336.0,124.26593017578125,-87.25798797607422,0.9769465923309326,0.9365759491920471,0.9920435547828674,0.19486576318740845,0.19486576318740845,0.0013792786048725247,0.9119364619255066,0.1948367953300476,0.002390880836173892
G39,777,9722.6669921875,0.2222222089767456,-2288.5244140625,-2288.5244140625,2201.90478515625,2226.755859375,2311.0234375,2336.0,2336.0,124.01455688476562,-86.60699462890625,0.9770029783248901,0.9366472363471985,0.9920684099197388,0.19428110122680664,0.19428110122680664,0.0013784487964585423,0.9121129512786865,0.1943289339542389,0.002397067379206419
G39,778,9735.1767578125,0.2212212085723877,-2288.3466796875,-2288.3466796875,2202.3759765625,2227.2265625,2311.0234375,2336.0,2336.0,123.76419067382812,-85.95819854736328,0.9770591259002686,0.9367182850837708,0.992093026638031,0.19369521737098694,0.19369521737098694,0.0013772787060588598,0.9122889637947083,0.19382324814796448,0.0023995456285774708
G39,779,9747.6875,0.22022020816802979,-2288.16943359375,-2288.16943359375,2202.845703125,2227.69482421875,2311.0234375,2336.0,2336.0,123.51480102539062,-85.31118774414062,0.9771149158477783,0.9367888569831848,0.9921175837516785,0.1931098997592926,0.1931098997592926,0.001376318046823144,0.912463903427124,0.19331970810890198,0.0023974915966391563
G39,780,9760.1982421875,0.21921920776367188,-2287.9921875,-2287.9921875,2203.31298828125,2228.157958984375,2311.0234375,2336.0,2336.0,123.26640319824219,-84.66679382324219,0.9771705865859985,0.9368590712547302,0.992141842842102,0.19252273440361023,0.19252273440361023,0.0013751095393672585,0.9126383066177368,0.1928182691335678,0.0023942773696035147
G39,781,9772.708984375,0.21821820735931396,-2287.8154296875,-2287.8154296875,2203.77880859375,2228.6259765625,2311.0234375,2336.0,2336.0,123.01898193359375,-84.02392578125,0.9772258996963501,0.9369288682937622,0.9921661615371704,0.19193628430366516,0.19193628430366516,0.0013739882269874215,0.9128116965293884,0.19231899082660675,0.0023907124996185303
G39,782,9785.21875,0.21721720695495605,-2287.638671875,-2287.638671875,2204.242431640625,2229.082763671875,2311.0234375,2336.0,2336.0,122.77253723144531,-83.38372802734375,0.9772809147834778,0.9369982481002808,0.9921903014183044,0.1913483440876007,0.1913483440876007,0.0013727906625717878,0.912984311580658,0.19182181358337402,0.002390970941632986
G39,783,9797.7294921875,0.21621620655059814,-2287.462158203125,-2287.462158203125,2204.70458984375,2229.5478515625,2311.0234375,2336.0,2336.0,122.52705383300781,-82.74522399902344,0.9773358702659607,0.9370673298835754,0.9922142624855042,0.19076043367385864,0.19076043367385864,0.0013715600362047553,0.9131560921669006,0.19132672250270844,0.0023919723462313414
G39,784,9810.240234375,0.21521520614624023,-2287.2861328125,-2287.2861328125,2205.16455078125,2230.00146484375,2311.0234375,2336.0,2336.0,122.28253173828125,-82.10908508300781,0.9773904085159302,0.9371359944343567,0.9922382235527039,0.19017180800437927,0.19017180800437927,0.00137036619707942,0.9133272171020508,0.19083373248577118,0.0023945029824972153
G39,785,9822.7509765625,0.21421420574188232,-2287.1103515625,-2287.1103515625,2205.623046875,2230.4609375,2311.0234375,2336.0,2336.0,122.03897094726562,-81.47500610351562,0.9774447679519653,0.9372041821479797,0.9922618865966797,0.18958258628845215,0.18958258628845215,0.0013691552449017763,0.9134975075721741,0.19034281373023987,0.0023948836605995893
G39,786,9835.2607421875,0.21321320533752441,-2286.9345703125,-2286.9345703125,2206.0791015625,2230.91357421875,2311.0234375,2336.0,2336.0,121.7963638305664,-80.84300994873047,0.9774989485740662,0.9372721314430237,0.9922856092453003,0.18899309635162354,0.18899309635162354,0.001367937889881432,0.913666844367981,0.1898539513349533,0.0023936459328979254
G39,787,9847.771484375,0.2122122049331665,-2286.75927734375,-2286.75927734375,2206.53369140625,2231.365966796875,2311.0234375,2336.0,2336.0,121.55469512939453,-80.2132797241211,0.9775527715682983,0.9373395442962646,0.9923090934753418,0.1884026974439621,0.1884026974439621,0.0013668738538399339,0.9138355851173401,0.1893671303987503,0.0023903371766209602
G39,788,9860.2822265625,0.2112112045288086,-2286.58447265625,-2286.58447265625,2206.986328125,2231.818359375,2311.0234375,2336.0,2336.0,121.31397247314453,-79.58551788330078,0.9776064157485962,0.937406599521637,0.9923325777053833,0.18781238794326782,0.18781238794326782,0.001365683157928288,0.9140035510063171,0.18888236582279205,0.0023902005050331354
G39,789,9872.79296875,0.21021020412445068,-2286.40966796875,-2286.40966796875,2207.43701171875,2232.26416015625,2311.0234375,2336.0,2336.0,121.07418823242188,-78.96015930175781,0.9776598215103149,0.9374733567237854,0.9923558235168457,0.1872207373380661,0.1872207373380661,0.001364789786748588,0.9141708016395569,0.18839961290359497,0.002396492287516594
G39,790,9885.3037109375,0.20920920372009277,-2286.23486328125,-2286.23486328125,2207.88623046875,2232.715087890625,2311.0234375,2336.0,2336.0,120.8353271484375,-78.33660125732422,0.9777129292488098,0.9375396370887756,0.9923789501190186,0.18662963807582855,0.18662963807582855,0.0013637421652674675,0.9143370985984802,0.18791888654232025,0.002406153827905655
G39,791,9897.8134765625,0.20820820331573486,-2286.06103515625,-2286.06103515625,2208.3330078125,2233.155517578125,2311.0234375,2336.0,2336.0,120.59739685058594,-77.71563720703125,0.9777659177780151,0.9376056790351868,0.9924020767211914,0.1860368698835373,0.1860368698835373,0.0013629351742565632,0.9145029783248901,0.18744014203548431,0.0024118598084896803
G39,792,9910.32421875,0.20720720291137695,-2285.88720703125,-2285.88720703125,2208.7783203125,2233.603515625,2311.0234375,2336.0,2336.0,120.36038208007812,-77.09635925292969,0.9778185486793518,0.9376711845397949,0.9924249649047852,0.1854446530342102,0.1854446530342102,0.0013620884856209159,0.9146677851676941,0.18696340918540955,0.0024084688629955053
G39,793,9922.8349609375,0.20620620250701904,-2285.71337890625,-2285.71337890625,2209.2216796875,2234.041015625,2311.0234375,2336.0,2336.0,120.12428283691406,-76.47966766357422,0.9778710007667542,0.9377363920211792,0.9924477338790894,0.1848512589931488,0.1848512589931488,0.0013612823095172644,0.9148321151733398,0.18648864328861237,0.002402288606390357
G39,794,9935.345703125,0.20520520210266113,-2285.5400390625,-2285.5400390625,2209.663330078125,2234.48291015625,2311.0234375,2336.0,2336.0,119.88909912109375,-75.86488342285156,0.9779232740402222,0.9378013014793396,0.9924705028533936,0.1842573583126068,0.1842573583126068,0.0013605469139292836,0.9149954319000244,0.18601585924625397,0.002399996155872941
G39,795,9947.85546875,0.20420420169830322,-2285.3671875,-2285.3671875,2210.10302734375,2234.919921875,2311.0234375,2336.0,2336.0,119.65482330322266,-75.25225067138672,0.9779751896858215,0.9378657341003418,0.9924930930137634,0.1836637705564499,0.1836637705564499,0.0013597295619547367,0.9151580929756165,0.18554501235485077,0.0024024888407438993
G39,796,9960.3662109375,0.2032032012939453,-2285.19482421875,-2285.19482421875,2210.54052734375,2235.35498046875,2311.0234375,2336.0,2336.0,119.42144775390625,-74.64212036132812,0.9780269861221313,0.9379298090934753,0.9925156235694885,0.18306806683540344,0.18306806683540344,0.0013589058071374893,0.9153198599815369,0.18507610261440277,0.002403310965746641
G39,797,9972.876953125,0.2022022008895874,-2285.0224609375,-2285.0224609375,2210.97705078125,2235.79150390625,2311.0234375,2336.0,2336.0,119.18895721435547,-74.03352355957031,0.9780785441398621,0.9379934668540955,0.9925379157066345,0.18247391283512115,0.18247391283512115,0.0013581027742475271,0.9154808521270752,0.18460911512374878,0.0023957681842148304
G39,798,9985.3876953125,0.2012012004852295,-2284.8505859375,-2284.8505859375,2211.41064453125,2236.219970703125,2311.0234375,2336.0,2336.0,118.95736694335938,-73.42794799804688,0.9781298041343689,0.9380568265914917,0.9925602674484253,0.1818770170211792,0.1818770170211792,0.0013570309383794665,0.9156410098075867,0.18414406478405,0.002385013969615102
G39,799,9997.8974609375,0.20020020008087158,-2284.67919921875,-2284.67919921875,2211.84375,2236.654541015625,2311.0234375,2336.0,2336.0,118.72665405273438,-72.82362365722656,0.9781809449195862,0.9381197690963745,0.9925823211669922,0.1812816560268402,0.1812816560268402,0.0013562212698161602,0.9158004522323608,0.18368087708950043,0.002376444172114134
G39,800,10010.408203125,0.19919919967651367,-2284.508056640625,-2284.508056640625,2212.27392578125,2237.07958984375,2311.0234375,2336.0,2336.0,118.49681854248047,-72.22232055664062,0.9782317876815796,0.9381824135780334,0.9926043748855591,0.18068425357341766,0.18068425357341766,0.001354895532131195,0.9159590005874634,0.1832195669412613,0.0023779908660799265
G39,801,10022.9189453125,0.19819819927215576,-2284.3369140625,-2284.3369140625,2212.703125,2237.5087890625,2311.0234375,2336.0,2336.0,118.26786041259766,-71.62258911132812,0.9782823920249939,0.938244640827179,0.9926262497901917,0.1800871342420578,0.1800871342420578,0.0013539984356611967,0.9161170125007629,0.18276013433933258,0.0023846242111176252
G39,802,10035.4296875,0.19719719886779785,-2284.166748046875,-2284.166748046875,2213.1298828125,2237.9326171875,2311.0234375,2336.0,2336.0,118.03977966308594,-71.02536010742188,0.9783328175544739,0.938306450843811,0.9926481246948242,0.17948958277702332,0.17948958277702332,0.0013525263639166951,0.9162739515304565,0.1823025643825531,0.0023912182077765465
G39,803,10047.939453125,0.19619619846343994,-2283.99658203125,-2283.99658203125,2213.5546875,2238.355712890625,2311.0234375,2336.0,2336.0,117.81256103515625,-70.43033599853516,0.9783830046653748,0.9383679628372192,0.9926698207855225,0.1788906753063202,0.1788906753063202,0.0013514740858227015,0.9164304137229919,0.18184681236743927,0.002390193520113826
G39,804,10060.4501953125,0.19519519805908203,-2283.8271484375,-2283.8271484375,2213.978271484375,2238.7783203125,2311.0234375,2336.0,2336.0,117.58621215820312,-69.83719635009766,0.9784330129623413,0.9384291768074036,0.9926914572715759,0.17829282581806183,0.17829282581806183,0.0013499780325219035,0.9165859818458557,0.18139292299747467,0.00238188449293375
G39,805,10072.9609375,0.19419419765472412,-2283.65771484375,-2283.65771484375,2214.3994140625,2239.1962890625,2311.0234375,2336.0,2336.0,117.3607177734375,-69.24685668945312,0.9784827828407288,0.9384899735450745,0.9927129149436951,0.17769254744052887,0.17769254744052887,0.001348785706795752,0.9167410135269165,0.18094079196453094,0.0023734229616820812
G39,806,10085.4716796875,0.1931931972503662,-2283.489013671875,-2283.489013671875,2214.8193359375,2239.614990234375,2311.0234375,2336.0,2336.0,117.13606262207031,-68.65797424316406,0.9785323143005371,0.9385503530502319,0.9927343130111694,0.17709389328956604,0.17709389328956604,0.0013473463477566838,0.9168952703475952,0.18049052357673645,0.0023684834595769644
G39,807,10097.9814453125,0.1921921968460083,-2283.320556640625,-2283.320556640625,2215.23681640625,2240.03076171875,2311.0234375,2336.0,2336.0,116.91226959228516,-68.0721206665039,0.9785816669464111,0.9386103749275208,0.9927555918693542,0.1764928251504898,0.1764928251504898,0.0013461135094985366,0.9170488715171814,0.18004199862480164,0.0023701630998402834
G39,808,10110.4921875,0.1911911964416504,-2283.15234375,-2283.15234375,2215.653076171875,2240.44384765625,2311.0234375,2336.0,2336.0,116.68931579589844,-67.48774719238281,0.978630781173706,0.9386701583862305,0.9927767515182495,0.17589284479618073,0.17589284479618073,0.0013447673991322517,0.9172016978263855,0.17959530651569366,0.0023723426274955273
G39,809,10123.0029296875,0.19019019603729248,-2282.98486328125,-2282.98486328125,2216.06689453125,2240.8583984375,2311.0234375,2336.0,2336.0,116.46720123291016,-66.90618133544922,0.9786796569824219,0.9387295246124268,0.9927979111671448,0.17529138922691345,0.17529138922691345,0.0013436019653454423,0.9173539280891418,0.17915037274360657,0.002374708652496338
G39,810,10135.513671875,0.18918919563293457,-2282.8173828125,-2282.8173828125,2216.4794921875,2241.266357421875,2311.0234375,2336.0,2336.0,116.24591827392578,-66.32646179199219,0.9787283539772034,0.9387884736061096,0.9928187727928162,0.17468979954719543,0.17468979954719543,0.0013423830969259143,0.9175052642822266,0.17870724201202393,0.0023739899042993784
G39,811,10148.0244140625,0.18818819522857666,-2282.65087890625,-2282.65087890625,2216.89013671875,2241.67822265625,2311.0234375,2336.0,2336.0,116.02546691894531,-65.74911499023438,0.9787768721580505,0.9388470649719238,0.9928396940231323,0.17408797144889832,0.17408797144889832,0.001341328490525484,0.9176560640335083,0.17826585471630096,0.0023743000347167253
G39,812,10160.5341796875,0.18718719482421875,-2282.484375,-2282.484375,2217.298828125,2242.08251953125,2311.0234375,2336.0,2336.0,115.80584716796875,-65.174072265625,0.9788250923156738,0.9389054179191589,0.9928604960441589,0.1734849214553833,0.1734849214553833,0.001340268412604928,0.9178059697151184,0.17782621085643768,0.002378639066591859
G39,813,10173.044921875,0.18618619441986084,-2282.318359375,-2282.318359375,2217.7060546875,2242.490234375,2311.0234375,2336.0,2336.0,115.5870361328125,-64.60098266601562,0.9788731932640076,0.9389632940292358,0.992881178855896,0.17288239300251007,0.17288239300251007,0.001339348847977817,0.9179549813270569,0.17738832533359528,0.002386409556493163
G39,814,10185.5556640625,0.18518519401550293,-2282.15283203125,-2282.15283203125,2218.11083984375,2242.8916015625,2311.0234375,2336.0,2336.0,115.36904907226562,-64.030517578125,0.9789210557937622,0.9390208721160889,0.9929017424583435,0.1722782701253891,0.1722782701253891,0.001338442089036107,0.9181034564971924,0.17695216834545135,0.0023959719110280275
G39,815,10198.06640625,0.18418419361114502,-2281.98779296875,-2281.98779296875,2218.5146484375,2243.294921875,2311.0234375,2336.0,2336.0,115.15187072753906,-63.46186828613281,0.9789687395095825,0.9390782117843628,0.9929221868515015,0.1716746687889099,0.1716746687889099,0.0013376858551055193,0.9182510375976562,0.17651775479316711,0.0024014844093471766
G39,816,10210.576171875,0.1831831932067871,-2281.8232421875,-2281.8232421875,2218.916015625,2243.6943359375,2311.0234375,2336.0,2336.0,114.93550109863281,-62.89582824707031,0.9790162444114685,0.9391350746154785,0.9929425716400146,0.17106980085372925,0.17106980085372925,0.0013369038933888078,0.918397843837738,0.17608502507209778,0.0024032359942793846
G39,817,10223.0869140625,0.1821821928024292,-2281.6591796875,-2281.6591796875,2219.31591796875,2244.0927734375,2311.0234375,2336.0,2336.0,114.71994018554688,-62.33173370361328,0.9790633916854858,0.9391915202140808,0.9929628968238831,0.17046500742435455,0.17046500742435455,0.0013363017933443189,0.9185439944267273,0.17565403878688812,0.0024012522771954536
G39,818,10235.59765625,0.1811811923980713,-2281.495361328125,-2281.495361328125,2219.7138671875,2244.4892578125,2311.0234375,2336.0,2336.0,114.50517272949219,-61.77009963989258,0.9791105389595032,0.9392477869987488,0.9929831027984619,0.1698594093322754,0.1698594093322754,0.0013355956180021167,0.9186893701553345,0.1752246618270874,0.002398486016318202
G39,819,10248.1083984375,0.18018019199371338,-2281.332275390625,-2281.332275390625,2220.1103515625,2244.88330078125,2311.0234375,2336.0,2336.0,114.29120635986328,-61.210601806640625,0.9791573882102966,0.9393036365509033,0.9930031895637512,0.16925351321697235,0.16925351321697235,0.001335077453404665,0.9188341498374939,0.17479704320430756,0.0023947192821651697
G39,820,10260.6181640625,0.17917919158935547,-2281.16943359375,-2281.16943359375,2220.5048828125,2245.2763671875,2311.0234375,2336.0,2336.0,114.07803344726562,-60.653411865234375,0.979203999042511,0.9393590688705444,0.993023157119751,0.16864719986915588,0.16864719986915588,0.0013343997998163104,0.9189781546592712,0.17437106370925903,0.002392898313701153
G39,821,10273.12890625,0.17817819118499756,-2281.007080078125,-2281.007080078125,2220.8974609375,2245.6669921875,2311.0234375,2336.0,2336.0,113.86563873291016,-60.098506927490234,0.9792504906654358,0.9394143223762512,0.993043065071106,0.1680401861667633,0.1680401861667633,0.0013338674325495958,0.9191215634346008,0.17394673824310303,0.002394248265773058
G39,822,10285.6396484375,0.17717719078063965,-2280.84521484375,-2280.84521484375,2221.28857421875,2246.055908203125,2311.0234375,2336.0,2336.0,113.6540298461914,-59.5457763671875,0.9792968034744263,0.9394690990447998,0.9930627942085266,0.1674332618713379,0.1674332618713379,0.0013331840746104717,0.9192641973495483,0.17352408170700073,0.0023997316602617502
G39,823,10298.150390625,0.17617619037628174,-2280.683837890625,-2280.683837890625,2221.677490234375,2246.44287109375,2311.0234375,2336.0,2336.0,113.44320678710938,-58.99551010131836,0.9793428182601929,0.9395235180854797,0.9930825233459473,0.16682499647140503,0.16682499647140503,0.0013325628824532032,0.9194064140319824,0.17310304939746857,0.0024068139027804136
G39,824,10310.66015625,0.17517518997192383,-2280.5234375,-2280.5234375,2222.06494140625,2246.82861328125,2311.0234375,2336.0,2336.0,113.233154296875,-58.44719696044922,0.9793887138366699,0.9395776987075806,0.9931021928787231,0.1662176251411438,0.1662176251411438,0.0013318333076313138,0.9195476770401001,0.1726837009191513,0.0024120479356497526
G39,825,10323.1708984375,0.17417418956756592,-2280.363037109375,-2280.363037109375,2222.4501953125,2247.21142578125,2311.0234375,2336.0,2336.0,113.02387237548828,-57.901641845703125,0.9794343709945679,0.939631462097168,0.9931216835975647,0.16560804843902588,0.16560804843902588,0.0013311062939465046,0.9196886420249939,0.1722659319639206,0.0024142239708453417
G39,826,10335.681640625,0.173173189163208,-2280.203125,-2280.203125,2222.83447265625,2247.59423828125,2311.0234375,2336.0,2336.0,112.81535339355469,-57.357749938964844,0.9794799089431763,0.9396849274635315,0.9931411147117615,0.16500015556812286,0.16500015556812286,0.0013302955776453018,0.9198286533355713,0.17184984683990479,0.0024130488745868206
G39,827,10348.1923828125,0.1721721887588501,-2280.043701171875,-2280.043701171875,2223.216064453125,2247.97265625,2311.0234375,2336.0,2336.0,112.60760498046875,-56.816871643066406,0.9795252084732056,0.9397380352020264,0.9931604862213135,0.164389505982399,0.164389505982399,0.0013294832315295935,0.9199682474136353,0.17143535614013672,0.0024112469982355833
G39,828,10360.703125,0.1711711883544922,-2279.885009765625,-2279.885009765625,2223.5966796875,2248.3525390625,2311.0234375,2336.0,2336.0,112.4006118774414,-56.277488708496094,0.9795703887939453,0.9397908449172974,0.9931797981262207,0.16378073394298553,0.16378073394298553,0.0013285890454426408,0.9201070666313171,0.17102250456809998,0.002407132415100932
G39,829,10373.212890625,0.17017018795013428,-2279.726806640625,-2279.726806640625,2223.974853515625,2248.7275390625,2311.0234375,2336.0,2336.0,112.19437408447266,-55.74119567871094,0.9796152710914612,0.9398432970046997,0.9931989312171936,0.16316938400268555,0.16316938400268555,0.0013277138350531459,0.9202452898025513,0.17061124742031097,0.0024053440429270267
G39,830,10385.7236328125,0.16916918754577637,-2279.5693359375,-2279.5693359375,2224.35205078125,2249.103515625,2311.0234375,2336.0,2336.0,111.9888916015625,-55.20645523071289,0.9796599745750427,0.9398954510688782,0.9932180047035217,0.16255933046340942,0.16255933046340942,0.0013267806498333812,0.9203827381134033,0.1702016144990921,0.002405432052910328
G39,831,10398.234375,0.16816818714141846,-2279.412109375,-2279.412109375,2224.7265625,2249.475830078125,2311.0234375,2336.0,2336.0,111.78414916992188,-54.674617767333984,0.9797044992446899,0.9399471282958984,0.9932369589805603,0.1619476079940796,0.1619476079940796,0.001325866556726396,0.9205195903778076,0.16979354619979858,0.002408985747024417
G39,832,10410.7451171875,0.16716718673706055,-2279.25537109375,-2279.25537109375,2225.10009765625,2249.84765625,2311.0234375,2336.0,2336.0,111.58015441894531,-54.144649505615234,0.9797489047050476,0.9399986267089844,0.9932558536529541,0.16133606433868408,0.16133606433868408,0.0013249596813693643,0.9206557869911194,0.1693871021270752,0.0024112043902277946
G39,833,10423.2548828125,0.16616618633270264,-2279.09912109375,-2279.09912109375,2225.47119140625,2250.216796875,2311.0234375,2336.0,2336.0,111.37689971923828,-53.61719512939453,0.9797930717468262,0.9400497078895569,0.9932746887207031,0.16072404384613037,0.16072404384613037,0.0013240271946415305,0.9207913279533386,0.16898219287395477,0.0024121657479554415
G39,834,10435.765625,0.16516518592834473,-2278.943603515625,-2278.943603515625,2225.841064453125,2250.58544921875,2311.0234375,2336.0,2336.0,111.17437744140625,-53.09203338623047,0.9798370599746704,0.9401004910469055,0.9932934045791626,0.1601112186908722,0.1601112186908722,0.001323210191912949,0.9209262132644653,0.1685788780450821,0.002414274262264371
G39,835,10448.2763671875,0.16416418552398682,-2278.78857421875,-2278.78857421875,2226.208984375,2250.9501953125,2311.0234375,2336.0,2336.0,110.97259521484375,-52.56904602050781,0.9798809289932251,0.9401509761810303,0.9933120608329773,0.15949852764606476,0.15949852764606476,0.0013222878333181143,0.9210605025291443,0.16817709803581238,0.002418847056105733
G39,836,10460.787109375,0.1631631851196289,-2278.63427734375,-2278.63427734375,2226.574951171875,2251.31640625,2311.0234375,2336.0,2336.0,110.77153778076172,-52.0485725402832,0.9799245595932007,0.9402010440826416,0.9933305382728577,0.1588849276304245,0.1588849276304245,0.0013215511571615934,0.9211941361427307,0.16777686774730682,0.00242472137324512
G39,837,10473.296875,0.162162184715271,-2278.47998046875,-2278.47998046875,2226.939453125,2251.6767578125,2311.0234375,2336.0,2336.0,110.57119750976562,-51.530250549316406,0.9799679517745972,0.9402508735656738,0.993349015712738,0.15827108919620514,0.15827108919620514,0.0013206737348809838,0.9213272929191589,0.16737818717956543,0.002425901358947158
G39,838,10485.8076171875,0.16116118431091309,-2278.32666015625,-2278.32666015625,2227.30224609375,2252.0400390625,2311.0234375,2336.0,2336.0,110.37159729003906,-51.01430892944336,0.9800112843513489,0.9403002858161926,0.9933674931526184,0.15765714645385742,0.15765714645385742,0.0013199396198615432,0.9214596152305603,0.16698098182678223,0.002421104582026601
G39,839,10498.318359375,0.16016018390655518,-2278.174072265625,-2278.174072265625,2227.662841796875,2252.39697265625,2311.0234375,2336.0,2336.0,110.17269897460938,-50.50079345703125,0.9800543785095215,0.9403494000434875,0.9933857321739197,0.157041996717453,0.157041996717453,0.0013191162142902613,0.9215916991233826,0.16658532619476318,0.002412494271993637
G39,840,10510.8291015625,0.15915918350219727,-2278.02197265625,-2278.02197265625,2228.022216796875,2252.756103515625,2311.0234375,2336.0,2336.0,109.97453308105469,-49.989349365234375,0.980097234249115,0.9403982162475586,0.993403971195221,0.1564275324344635,0.1564275324344635,0.0013183258706703782,0.9217228293418884,0.16619114577770233,0.0024076979607343674
G39,841,10523.3388671875,0.15815818309783936,-2277.870361328125,-2277.870361328125,2228.37939453125,2253.10986328125,2311.0234375,2336.0,2336.0,109.77705383300781,-49.4805908203125,0.980139970779419,0.9404467344284058,0.9934220910072327,0.15581150352954865,0.15581150352954865,0.0013175351778045297,0.9218536615371704,0.16579848527908325,0.0024096535053104162
G39,842,10535.849609375,0.15715718269348145,-2277.71923828125,-2277.71923828125,2228.7353515625,2253.465087890625,2311.0234375,2336.0,2336.0,109.5802993774414,-48.973785400390625,0.9801825284957886,0.9404948949813843,0.9934402108192444,0.15519599616527557,0.15519599616527557,0.001316716312430799,0.921983540058136,0.16540728509426117,0.0024152183905243874
G39,843,10548.3603515625,0.15615618228912354,-2277.56884765625,-2277.56884765625,2229.0888671875,2253.81591796875,2311.0234375,2336.0,2336.0,109.38424682617188,-48.469627380371094,0.9802249670028687,0.9405427575111389,0.993458092212677,0.1545795053243637,0.1545795053243637,0.0013159482041373849,0.9221130609512329,0.16501760482788086,0.002418853808194399
G39,844,10560.87109375,0.15515518188476562,-2277.4189453125,-2277.4189453125,2229.44091796875,2254.1669921875,2311.0234375,2336.0,2336.0,109.18888854980469,-47.96761703491211,0.9802672266960144,0.9405902624130249,0.9934759736061096,0.1539626568555832,0.1539626568555832,0.0013151238672435284,0.9222418665885925,0.16462936997413635,0.0024197204038500786
G39,845,10573.380859375,0.15415418148040771,-2277.26953125,-2277.26953125,2229.79150390625,2254.5146484375,2311.0234375,2336.0,2336.0,108.99423217773438,-47.46797180175781,0.980309247970581,0.940637469291687,0.9934938549995422,0.15334582328796387,0.15334582328796387,0.0013143615797162056,0.9223698973655701,0.16424264013767242,0.002419176045805216
G39,846,10585.8916015625,0.1531531810760498,-2277.12109375,-2277.12109375,2230.14013671875,2254.862060546875,2311.0234375,2336.0,2336.0,108.80026245117188,-46.970794677734375,0.9803511500358582,0.9406843185424805,0.9935114979743958,0.15272781252861023,0.15272781252861023,0.0013135388726368546,0.9224974513053894,0.1638573557138443,0.0024192589335143566
G39,847,10598.40234375,0.1521521806716919,-2276.97314453125,-2276.97314453125,2230.487060546875,2255.20703125,2311.0234375,2336.0,2336.0,108.60699462890625,-46.47573471069336,0.9803928136825562,0.94073086977005,0.9935291409492493,0.15211011469364166,0.15211011469364166,0.001312812208198011,0.9226243495941162,0.16347354650497437,0.0024179185274988413
G39,848,10610.9130859375,0.15115118026733398,-2276.82568359375,-2276.82568359375,2230.83203125,2255.5498046875,2311.0234375,2336.0,2336.0,108.4144058227539,-45.983245849609375,0.9804343581199646,0.9407771825790405,0.9935467839241028,0.15149159729480743,0.15149159729480743,0.001311998930759728,0.92275071144104,0.16309118270874023,0.0024166216608136892
G39,849,10623.423828125,0.15015017986297607,-2276.6787109375,-2276.6787109375,2231.175537109375,2255.89306640625,2311.0234375,2336.0,2336.0,108.22250366210938,-45.49298095703125,0.9804757833480835,0.9408230781555176,0.9935641884803772,0.1508725881576538,0.1508725881576538,0.0013113203458487988,0.9228764772415161,0.1627102494239807,0.0024142106994986534
G39,850,10635.93359375,0.14914917945861816,-2276.53271484375,-2276.53271484375,2231.517333984375,2256.230712890625,2311.0234375,2336.0,2336.0,108.03128051757812,-45.00503921508789,0.9805169105529785,0.9408686757087708,0.9935816526412964,0.1502537578344345,0.1502537578344345,0.0013105340767651796,0.9230015873908997,0.1623307764530182,0.0024122530594468117
G39,851,10648.4443359375,0.14814817905426025,-2276.38671875,-2276.38671875,2231.857177734375,2256.5712890625,2311.0234375,2336.0,2336.0,107.84072875976562,-44.51963806152344,0.9805580377578735,0.9409139156341553,0.9935990571975708,0.14963367581367493,0.14963367581367493,0.0013098875060677528,0.9231262803077698,0.1619526892900467,0.0024117298889905214
G39,852,10660.955078125,0.14714717864990234,-2276.241943359375,-2276.241943359375,2232.195556640625,2256.9052734375,2311.0234375,2336.0,2336.0,107.6508560180664,-44.036346435546875,0.9805988669395447,0.9409588575363159,0.9936162233352661,0.14901399612426758,0.14901399612426758,0.0013091631699353456,0.9232503175735474,0.1615760326385498,0.002412474015727639
G39,853,10673.4658203125,0.14614617824554443,-2276.09765625,-2276.09765625,2232.53173828125,2257.241943359375,2311.0234375,2336.0,2336.0,107.4616470336914,-43.55564880371094,0.9806395173072815,0.9410035610198975,0.9936333894729614,0.14839349687099457,0.14839349687099457,0.0013085093814879656,0.9233738780021667,0.16120079159736633,0.0024159287568181753
G39,854,10685.9755859375,0.14514517784118652,-2275.953857421875,-2275.953857421875,2232.866455078125,2257.57421875,2311.0234375,2336.0,2336.0,107.27311706542969,-43.07720184326172,0.9806801080703735,0.9410478472709656,0.9936506152153015,0.14777253568172455,0.14777253568172455,0.001307838479988277,0.9234967827796936,0.16082696616649628,0.002421062672510743
G39,855,10698.486328125,0.1441441774368286,-2275.810791015625,-2275.810791015625,2233.19970703125,2257.905029296875,2311.0234375,2336.0,2336.0,107.08524322509766,-42.601097106933594,0.9807204604148865,0.9410918951034546,0.9936675429344177,0.14715173840522766,0.14715173840522766,0.0013071279972791672,0.9236193895339966,0.16045449674129486,0.0024244331289082766
G39,856,10710.9970703125,0.1431431770324707,-2275.66845703125,-2275.66845703125,2233.53076171875,2258.236328125,2311.0234375,2336.0,2336.0,106.89802551269531,-42.12752914428711,0.9807606935501099,0.941135585308075,0.9936844706535339,0.14652960002422333,0.14652960002422333,0.0013064636150375009,0.9237412214279175,0.16008339822292328,0.002427469240501523
G39,857,10723.5078125,0.1421421766281128,-2275.52685546875,-2275.52685546875,2233.86083984375,2258.5615234375,2311.0234375,2336.0,2336.0,106.71147155761719,-41.656070709228516,0.9808006882667542,0.9411789774894714,0.9937014579772949,0.14590823650360107,0.14590823650360107,0.001305689220316708,0.9238625168800354,0.1597137153148651,0.002427630592137575
G39,858,10736.017578125,0.14114117622375488,-2275.385498046875,-2275.385498046875,2234.188232421875,2258.890625,2311.0234375,2336.0,2336.0,106.52557373046875,-41.18731689453125,0.9808406233787537,0.941222071647644,0.993718147277832,0.14528512954711914,0.14528512954711914,0.0013050088891759515,0.9239832162857056,0.15934540331363678,0.0024255297612398863
G39,859,10748.5283203125,0.14014017581939697,-2275.2451171875,-2275.2451171875,2234.5146484375,2259.211669921875,2311.0234375,2336.0,2336.0,106.34031677246094,-40.72056579589844,0.9808803796768188,0.9412648677825928,0.9937350153923035,0.14466311037540436,0.14466311037540436,0.0013042027130723,0.924103319644928,0.1589784473180771,0.002419870812445879
G39,860,10761.0390625,0.13913917541503906,-2275.105224609375,-2275.105224609375,2234.8388671875,2259.537841796875,2311.0234375,2336.0,2336.0,106.15571594238281,-40.25661087036133,0.9809199571609497,0.9413073062896729,0.993751585483551,0.1440390646457672,0.1440390646457672,0.0013035053852945566,0.9242228269577026,0.15861286222934723,0.0024169916287064552
G39,861,10773.5498046875,0.13813817501068115,-2274.966064453125,-2274.966064453125,2235.16162109375,2259.85546875,2311.0234375,2336.0,2336.0,105.97175598144531,-39.79458999633789,0.9809593558311462,0.941349446773529,0.9937682151794434,0.14341627061367035,0.14341627061367035,0.0013027215609326959,0.9243418574333191,0.15824860334396362,0.00241565122269094
G39,862,10786.0595703125,0.13713717460632324,-2274.82763671875,-2274.82763671875,2235.482421875,2260.177978515625,2311.0234375,2336.0,2336.0,105.78843688964844,-39.33539581298828,0.9809985756874084,0.9413912892341614,0.9937846660614014,0.14279165863990784,0.14279165863990784,0.001302014454267919,0.9244601130485535,0.15788571536540985,0.0024188512470573187
G39,863,10798.5703125,0.13613617420196533,-2274.68994140625,-2274.68994140625,2235.8017578125,2260.491943359375,2311.0234375,2336.0,2336.0,105.60576629638672,-38.87821578979492,0.9810376763343811,0.9414328336715698,0.9938011765480042,0.1421675831079483,0.1421675831079483,0.0013013185234740376,0.9245781302452087,0.15752415359020233,0.002420583972707391
G39,864,10811.0810546875,0.13513517379760742,-2274.552734375,-2274.552734375,2236.119140625,2260.811279296875,2311.0234375,2336.0,2336.0,105.42372131347656,-38.42367935180664,0.9810766577720642,0.9414740204811096,0.9938175082206726,0.1415429264307022,0.1415429264307022,0.0013006189838051796,0.9246953725814819,0.15716391801834106,0.002422405406832695
G39,865,10823.591796875,0.1341341733932495,-2274.416259765625,-2274.416259765625,2236.43505859375,2261.1220703125,2311.0234375,2336.0,2336.0,105.24231719970703,-37.97148513793945,0.9811154007911682,0.9415149092674255,0.9938337802886963,0.14091721177101135,0.14091721177101135,0.0013000272447243333,0.9248123168945312,0.15680500864982605,0.002422295743599534
G39,866,10836.1015625,0.1331331729888916,-2274.2802734375,-2274.2802734375,2236.749267578125,2261.4375,2311.0234375,2336.0,2336.0,105.06153869628906,-37.521507263183594,0.9811540842056274,0.9415555000305176,0.9938499927520752,0.14029264450073242,0.14029264450073242,0.0012993477284908295,0.924928605556488,0.15644744038581848,0.0024222114589065313
G39,867,10848.6123046875,0.1321321725845337,-2274.145263671875,-2274.145263671875,2237.0615234375,2261.74609375,2311.0234375,2336.0,2336.0,104.88138580322266,-37.0743408203125,0.9811925292015076,0.9415958523750305,0.9938661456108093,0.1396656334400177,0.1396656334400177,0.0012988108210265636,0.925044596195221,0.15609116852283478,0.0024253339506685734
G39,868,10861.123046875,0.13113117218017578,-2274.0107421875,-2274.0107421875,2237.3720703125,2262.05615234375,2311.0234375,2336.0,2336.0,104.70185852050781,-36.629032135009766,0.9812307953834534,0.9416358470916748,0.9938822984695435,0.13904039561748505,0.13904039561748505,0.0012981606414541602,0.9251599311828613,0.15573619306087494,0.002431580564007163
G39,869,10873.6337890625,0.13013017177581787,-2273.87744140625,-2273.87744140625,2237.68115234375,2262.36328125,2311.0234375,2336.0,2336.0,104.52294921875,-36.18669891357422,0.9812690019607544,0.94167560338974,0.9938982725143433,0.13841301202774048,0.13841301202774048,0.0012976130237802863,0.9252749681472778,0.15538251399993896,0.0024392930790781975
G39,870,10886.14453125,0.12912917137145996,-2273.744140625,-2273.744140625,2237.98828125,2262.668212890625,2311.0234375,2336.0,2336.0,104.34466552734375,-35.746315002441406,0.9813070297241211,0.941714882850647,0.9939141869544983,0.13778629899024963,0.13778629899024963,0.0012969948584213853,0.9253893494606018,0.15503011643886566,0.002440438373014331
G39,871,10898.654296875,0.12812811136245728,-2273.61181640625,-2273.61181640625,2238.2939453125,2262.973876953125,2311.0234375,2336.0,2336.0,104.1669921875,-35.308589935302734,0.981344997882843,0.9417540431022644,0.9939301013946533,0.13715896010398865,0.13715896010398865,0.001296397065743804,0.9255031943321228,0.15467901527881622,0.0024346462450921535
G39,872,10911.1650390625,0.12712711095809937,-2273.48046875,-2273.48046875,2238.59765625,2263.2734375,2311.0234375,2336.0,2336.0,103.98992919921875,-34.87324142456055,0.9813826084136963,0.9417928457260132,0.9939460158348083,0.13653069734573364,0.13653069734573364,0.0012958090519532561,0.9256166815757751,0.15432919561862946,0.0024268771521747112
G39,873,10923.67578125,0.12612611055374146,-2273.349609375,-2273.349609375,2238.899658203125,2263.5771484375,2311.0234375,2336.0,2336.0,103.81348419189453,-34.44017028808594,0.9814202785491943,0.9418312907218933,0.9939616322517395,0.13590332865715027,0.13590332865715027,0.0012951617827638984,0.925729513168335,0.15398062765598297,0.002422292483970523
G39,874,10936.1865234375,0.12512511014938354,-2273.219482421875,-2273.219482421875,2239.2001953125,2263.8720703125,2311.0234375,2336.0,2336.0,103.63763427734375,-34.00983428955078,0.9814577102661133,0.9418694972991943,0.9939773082733154,0.13527381420135498,0.13527381420135498,0.0012946001952514052,0.9258419871330261,0.15363332629203796,0.0024218650069087744
G39,875,10948.6962890625,0.12412410974502563,-2273.090087890625,-2273.090087890625,2239.4990234375,2264.173583984375,2311.0234375,2336.0,2336.0,103.46240234375,-33.58148193359375,0.9814949035644531,0.9419073462486267,0.9939929842948914,0.13464587926864624,0.13464587926864624,0.001293939189054072,0.9259538054466248,0.15328730642795563,0.002420725068077445
G39,876,10961.20703125,0.12312310934066772,-2272.961181640625,-2272.961181640625,2239.7958984375,2264.46435546875,2311.0234375,2336.0,2336.0,103.28775787353516,-33.156036376953125,0.981532096862793,0.9419448971748352,0.9940085411071777,0.13401561975479126,0.13401561975479126,0.0012934040278196335,0.92606520652771,0.15294253826141357,0.002419685712084174
G39,877,10973.7177734375,0.12212210893630981,-2272.8330078125,-2272.8330078125,2240.09130859375,2264.7626953125,2311.0234375,2336.0,2336.0,103.11371612548828,-32.732540130615234,0.9815690517425537,0.9419822096824646,0.9940239787101746,0.13338690996170044,0.13338690996170044,0.0012927541974931955,0.9261760711669922,0.1525990068912506,0.0024188521783798933
G39,878,10986.228515625,0.1211211085319519,-2272.7060546875,-2272.7060546875,2240.384521484375,2265.05078125,2311.0234375,2336.0,2336.0,102.94027709960938,-32.31193923950195,0.9816058874130249,0.9420191645622253,0.9940394163131714,0.13275590538978577,0.13275590538978577,0.0012922573368996382,0.9262865781784058,0.15225671231746674,0.0024197003804147243
G39,879,10998.73828125,0.120120108127594,-2272.57958984375,-2272.57958984375,2240.6767578125,2265.34423828125,2311.0234375,2336.0,2336.0,102.76742553710938,-31.893308639526367,0.9816426038742065,0.942055881023407,0.9940548539161682,0.13212652504444122,0.13212652504444122,0.0012916134437546134,0.9263965487480164,0.15191565454006195,0.002418859861791134
G39,880,11011.2490234375,0.11911910772323608,-2272.45361328125,-2272.45361328125,2240.966552734375,2265.630615234375,2311.0234375,2336.0,2336.0,102.59516143798828,-31.477584838867188,0.9816791415214539,0.94209223985672,0.9940699934959412,0.1314947009086609,0.1314947009086609,0.0012911718804389238,0.9265061616897583,0.15157580375671387,0.002417763229459524
G39,881,11023.759765625,0.11811810731887817,-2272.32861328125,-2272.32861328125,2241.25537109375,2265.9189453125,2311.0234375,2336.0,2336.0,102.42349243164062,-31.063806533813477,0.9817156195640564,0.9421283602714539,0.9940853118896484,0.13086466491222382,0.13086466491222382,0.0012905183248221874,0.9266153573989868,0.15123720467090607,0.002417914103716612
G39,882,11036.2705078125,0.11711710691452026,-2272.2041015625,-2272.2041015625,2241.5419921875,2266.203125,2311.0234375,2336.0,2336.0,102.25240325927734,-30.65298080444336,0.9817518591880798,0.9421641230583191,0.9941003918647766,0.13023212552070618,0.13023212552070618,0.0012901328736916184,0.9267241358757019,0.15089981257915497,0.0024213611613959074
G39,883,11048.7802734375,0.11611610651016235,-2272.08056640625,-2272.08056640625,2241.827392578125,2266.48828125,2311.0234375,2336.0,2336.0,102.08189392089844,-30.244094848632812,0.9817880392074585,0.9421995282173157,0.9941154718399048,0.12960119545459747,0.12960119545459747,0.0012894684914499521,0.9268324971199036,0.15056361258029938,0.002422277582809329
G39,884,11061.291015625,0.11511510610580444,-2271.957763671875,-2271.957763671875,2242.110595703125,2266.768310546875,2311.0234375,2336.0,2336.0,101.91197204589844,-29.83810806274414,0.9818240404129028,0.9422348141670227,0.994130551815033,0.12896829843521118,0.12896829843521118,0.0012891159858554602,0.9269405007362366,0.1502286195755005,0.0024192952550947666
G39,885,11073.8017578125,0.11411410570144653,-2271.835693359375,-2271.835693359375,2242.392578125,2267.05029296875,2311.0234375,2336.0,2336.0,101.74261474609375,-29.4342041015625,0.9818598628044128,0.9422697424888611,0.9941455125808716,0.1283360868692398,0.1283360868692398,0.0012884632451459765,0.9270480275154114,0.1498948484659195,0.002413829555734992
G39,886,11086.3125,0.11311310529708862,-2271.71435546875,-2271.71435546875,2242.67236328125,2267.327392578125,2311.0234375,2336.0,2336.0,101.5738525390625,-29.032981872558594,0.9818955659866333,0.9423043131828308,0.9941603541374207,0.12770314514636993,0.12770314514636993,0.0012881230795755982,0.9271551966667175,0.14956223964691162,0.002414172515273094
G39,887,11098.8232421875,0.11211210489273071,-2271.59375,-2271.59375,2242.95068359375,2267.60498046875,2311.0234375,2336.0,2336.0,101.4056396484375,-28.63413429260254,0.9819310903549194,0.9423386454582214,0.9941752552986145,0.12706953287124634,0.12706953287124634,0.00128750572912395,0.927262008190155,0.14923082292079926,0.0024211343843489885
G39,888,11111.3330078125,0.1111111044883728,-2271.47412109375,-2271.47412109375,2243.227294921875,2267.88037109375,2311.0234375,2336.0,2336.0,101.2380142211914,-28.2376708984375,0.9819666147232056,0.9423726201057434,0.9941900968551636,0.12643638253211975,0.12643638253211975,0.0012871724320575595,0.9273683428764343,0.1489005982875824,0.0024296294432133436
G39,889,11123.84375,0.11011010408401489,-2271.35498046875,-2271.35498046875,2243.502197265625,2268.15283203125,2311.0234375,2336.0,2336.0,101.07093811035156,-27.84384536743164,0.9820019006729126,0.9424062967300415,0.9942048192024231,0.12580177187919617,0.12580177187919617,0.0012865972239524126,0.9274743795394897,0.14857155084609985,0.002433287911117077
G39,890,11136.3544921875,0.10910910367965698,-2271.23681640625,-2271.23681640625,2243.775634765625,2268.426513671875,2311.0234375,2336.0,2336.0,100.90444946289062,-27.452239990234375,0.9820370078086853,0.9424397349357605,0.9942194223403931,0.12516793608665466,0.12516793608665466,0.0012862702133134007,0.9275799989700317,0.14824366569519043,0.0024326734710484743
G39,891,11148.865234375,0.10810810327529907,-2271.119384765625,-2271.119384765625,2244.046875,2268.6943359375,2311.0234375,2336.0,2336.0,100.7385025024414,-27.06333351135254,0.9820720553398132,0.9424728751182556,0.994234025478363,0.12453282624483109,0.12453282624483109,0.0012857328401878476,0.9276853203773499,0.14791695773601532,0.0024324317928403616
G39,892,11161.375,0.10710710287094116,-2271.002685546875,-2271.002685546875,2244.31689453125,2268.965087890625,2311.0234375,2336.0,2336.0,100.57312774658203,-26.676700592041016,0.9821068644523621,0.9425057172775269,0.9942485094070435,0.12389792501926422,0.12389792501926422,0.001285398262552917,0.9277902841567993,0.14759138226509094,0.002434869995340705
G39,893,11173.8857421875,0.10610610246658325,-2270.88671875,-2270.88671875,2244.585205078125,2269.22998046875,2311.0234375,2336.0,2336.0,100.4083023071289,-26.29265022277832,0.9821416735649109,0.9425382018089294,0.9942629933357239,0.12326246500015259,0.12326246500015259,0.0012849100166931748,0.9278948307037354,0.14726696908473969,0.0024390784092247486
G39,894,11186.396484375,0.10510510206222534,-2270.771728515625,-2270.771728515625,2244.8515625,2269.49658203125,2311.0234375,2336.0,2336.0,100.24403381347656,-25.911026000976562,0.9821763038635254,0.9425705075263977,0.9942775368690491,0.12262662500143051,0.12262662500143051,0.001284544705413282,0.9279991388320923,0.14694370329380035,0.0024447180330753326
G39,895,11198.9072265625,0.10410410165786743,-2270.6572265625,-2270.6572265625,2245.116455078125,2269.75927734375,2311.0234375,2336.0,2336.0,100.08031463623047,-25.53186798095703,0.9822108149528503,0.9426025152206421,0.9942917823791504,0.12199045717716217,0.12199045717716217,0.0012841287534683943,0.9281032085418701,0.14662158489227295,0.002447989536449313
G39,896,11211.4169921875,0.10310310125350952,-2270.543701171875,-2270.543701171875,2245.3798828125,2270.02099609375,2311.0234375,2336.0,2336.0,99.91715240478516,-25.15518569946289,0.982245147228241,0.9426341652870178,0.9943061470985413,0.12135417759418488,0.12135417759418488,0.0012837188551202416,0.9282068014144897,0.14630059897899628,0.0024462672881782055
G39,897,11223.927734375,0.10210210084915161,-2270.430908203125,-2270.430908203125,2245.64111328125,2270.28173828125,2311.0234375,2336.0,2336.0,99.75453186035156,-24.781030654907227,0.982279360294342,0.9426655173301697,0.9943203926086426,0.12071675807237625,0.12071675807237625,0.0012833710061386228,0.928310215473175,0.14598073065280914,0.0024378346279263496
G39,898,11236.4384765625,0.1011011004447937,-2270.31884765625,-2270.31884765625,2245.90087890625,2270.539306640625,2311.0234375,2336.0,2336.0,99.59245300292969,-24.40919303894043,0.9823135137557983,0.9426966905593872,0.9943345785140991,0.12008049339056015,0.12008049339056015,0.0012829512124881148,0.9284133315086365,0.14566200971603394,0.0024304138496518135
G39,899,11248.94921875,0.10010010004043579,-2270.207763671875,-2270.207763671875,2246.158935546875,2270.796875,2311.0234375,2336.0,2336.0,99.43092346191406,-24.040138244628906,0.9823474884033203,0.9427273869514465,0.9943487048149109,0.11944157630205154,0.11944157630205154,0.0012826269958168268,0.9285162687301636,0.14534439146518707,0.002431171014904976
G39,900,11261.458984375,0.09909909963607788,-2270.09765625,-2270.09765625,2246.415771484375,2271.051513671875,2311.0234375,2336.0,2336.0,99.26993560791016,-23.673105239868164,0.982381284236908,0.9427579045295715,0.9943627119064331,0.11880537122488022,0.11880537122488022,0.0012822719290852547,0.9286187887191772,0.14502790570259094,0.002439201110973954
G39,901,11273.9697265625,0.09809809923171997,-2269.98779296875,-2269.98779296875,2246.669921875,2271.30517578125,2311.0234375,2336.0,2336.0,99.10948944091797,-23.309160232543945,0.982414960861206,0.9427881836891174,0.9943767786026001,0.11816513538360596,0.11816513538360596,0.0012819162802770734,0.9287213683128357,0.14471249282360077,0.0024493595119565725
G39,902,11286.48046875,0.09709709882736206,-2269.879150390625,-2269.879150390625,2246.92333984375,2271.55712890625,2311.0234375,2336.0,2336.0,98.94956970214844,-22.946983337402344,0.9824485182762146,0.9428181052207947,0.9943906664848328,0.11752858757972717,0.11752858757972717,0.0012816715752705932,0.9288234710693359,0.14439822733402252,0.002454135101288557
G39,903,11298.9912109375,0.09609609842300415,-2269.771240234375,-2269.771240234375,2247.17431640625,2271.806640625,2311.0234375,2336.0,2336.0,98.79017639160156,-22.588077545166016,0.9824819564819336,0.9428477883338928,0.9944045543670654,0.11688758432865143,0.11688758432865143,0.0012812798377126455,0.9289255738258362,0.14408503472805023,0.0024562696926295757
G39,904,11311.5009765625,0.09509509801864624,-2269.664306640625,-2269.664306640625,2247.42431640625,2272.0556640625,2311.0234375,2336.0,2336.0,98.63133239746094,-22.230871200561523,0.9825153350830078,0.9428771138191223,0.9944185018539429,0.11625008285045624,0.11625008285045624,0.0012811085907742381,0.929027259349823,0.1437729448080063,0.002454405417665839
G39,905,11324.01171875,0.09409409761428833,-2269.557861328125,-2269.557861328125,2247.67236328125,2272.30224609375,2311.0234375,2336.0,2336.0,98.47300720214844,-21.87689208984375,0.9825485348701477,0.9429061412811279,0.9944321513175964,0.11560889333486557,0.11560889333486557,0.0012807358289137483,0.9291290044784546,0.1434619426727295,0.0024549290537834167
G39,906,11336.5224609375,0.09309309720993042,-2269.4521484375,-2269.4521484375,2247.9189453125,2272.54736328125,2311.0234375,2336.0,2336.0,98.3152084350586,-21.5247802734375,0.982581615447998,0.9429349899291992,0.9944459199905396,0.11496994644403458,0.11496994644403458,0.0012805697042495012,0.9292303919792175,0.14315202832221985,0.0024565255735069513
G39,907,11349.033203125,0.09209209680557251,-2269.34765625,-2269.34765625,2248.163330078125,2272.791259765625,2311.0234375,2336.0,2336.0,98.15792846679688,-21.175643920898438,0.9826143980026245,0.9429634809494019,0.9944596290588379,0.11432888358831406,0.11432888358831406,0.001280260388739407,0.9293318390846252,0.14284318685531616,0.0024617339950054884
G39,908,11361.5439453125,0.0910910964012146,-2269.24365234375,-2269.24365234375,2248.406494140625,2273.0322265625,2311.0234375,2336.0,2336.0,98.00118255615234,-20.82868766784668,0.9826472401618958,0.9429916739463806,0.9944731593132019,0.11368842422962189,0.11368842422962189,0.001280078198760748,0.9294330477714539,0.14253541827201843,0.0024657908361405134
G39,909,11374.0537109375,0.09009009599685669,-2269.140625,-2269.140625,2248.647705078125,2273.27392578125,2311.0234375,2336.0,2336.0,97.84495544433594,-20.484399795532227,0.9826799631118774,0.9430195689201355,0.9944868683815002,0.11304730921983719,0.11304730921983719,0.001279826508834958,0.9295341968536377,0.14222875237464905,0.002466344041749835
G39,910,11386.564453125,0.08908909559249878,-2269.03857421875,-2269.03857421875,2248.887451171875,2273.510498046875,2311.0234375,2336.0,2336.0,97.68923950195312,-20.142562866210938,0.9827125668525696,0.9430472254753113,0.9945002794265747,0.1124056950211525,0.1124056950211525,0.0012796472292393446,0.9296352863311768,0.14192309975624084,0.002464260207489133
G39,911,11399.0751953125,0.08808809518814087,-2268.937255859375,-2268.937255859375,2249.12548828125,2273.749267578125,2311.0234375,2336.0,2336.0,97.53404235839844,-19.803207397460938,0.9827449321746826,0.9430745840072632,0.994513750076294,0.11176402121782303,0.11176402121782303,0.0012794388458132744,0.9297362565994263,0.141618549823761,0.0024638825561851263
G39,912,11411.5859375,0.08708709478378296,-2268.836669921875,-2268.836669921875,2249.362060546875,2273.982666015625,2311.0234375,2336.0,2336.0,97.37935638427734,-19.466407775878906,0.9827772974967957,0.9431016445159912,0.9945271611213684,0.1111217811703682,0.1111217811703682,0.0012792705092579126,0.9298372864723206,0.1413150429725647,0.0024684371892362833
G39,913,11424.095703125,0.08608609437942505,-2268.7373046875,-2268.7373046875,2249.5966796875,2274.217529296875,2311.0234375,2336.0,2336.0,97.22518920898438,-19.132080078125,0.9828094840049744,0.9431284666061401,0.9945405125617981,0.11047911643981934,0.11047911643981934,0.0012791183544322848,0.9299382567405701,0.14101257920265198,0.0024729210417717695
G39,914,11436.6064453125,0.08508509397506714,-2268.638427734375,-2268.638427734375,2249.82958984375,2274.44873046875,2311.0234375,2336.0,2336.0,97.07151794433594,-18.800251007080078,0.9828414916992188,0.9431548714637756,0.994553804397583,0.10983651131391525,0.10983651131391525,0.0012789504835382104,0.9300392866134644,0.14071117341518402,0.002471095183864236
G39,915,11449.1171875,0.08408409357070923,-2268.54052734375,-2268.54052734375,2250.06103515625,2274.6796875,2311.0234375,2336.0,2336.0,96.91836547851562,-18.47100830078125,0.9828734397888184,0.9431811571121216,0.9945670366287231,0.10919268429279327,0.10919268429279327,0.0012788691092282534,0.9301404356956482,0.14041079580783844,0.0024617777671664953
G39,916,11461.6279296875,0.08308309316635132,-2268.443359375,-2268.443359375,2250.290771484375,2274.90771484375,2311.0234375,2336.0,2336.0,96.76571655273438,-18.14413070678711,0.9829053282737732,0.9432070255279541,0.9945802092552185,0.1085498109459877,0.1085498109459877,0.0012787096202373505,0.9302415251731873,0.14011147618293762,0.0024529756046831608
G39,917,11474.1376953125,0.08208209276199341,-2268.34716796875,-2268.34716796875,2250.5185546875,2275.13525390625,2311.0234375,2336.0,2336.0,96.61357116699219,-17.819992065429688,0.9829370379447937,0.9432327151298523,0.9945933222770691,0.10790476202964783,0.10790476202964783,0.001278680399991572,0.9303427934646606,0.13981316983699799,0.0024539341684430838
G39,918,11486.6484375,0.0810810923576355,-2268.251953125,-2268.251953125,2250.7451171875,2275.359619140625,2311.0234375,2336.0,2336.0,96.46192169189453,-17.498071670532227,0.9829686284065247,0.9432580471038818,0.9946064352989197,0.10726159811019897,0.10726159811019897,0.0012785684084519744,0.930444061756134,0.1395159214735031,0.0024628553073853254
G39,919,11499.1591796875,0.08008009195327759,-2268.1572265625,-2268.1572265625,2250.9697265625,2275.58447265625,2311.0234375,2336.0,2336.0,96.31077575683594,-17.179035186767578,0.9830000400543213,0.943283200263977,0.9946194887161255,0.10661542415618896,0.10661542415618896,0.001278549199923873,0.9305456876754761,0.13921967148780823,0.002472038147971034
G39,920,11511.669921875,0.07907909154891968,-2268.0634765625,-2268.0634765625,2251.193115234375,2275.80517578125,2311.0234375,2336.0,2336.0,96.16012573242188,-16.862102508544922,0.9830313920974731,0.9433079361915588,0.9946324825286865,0.10597168654203415,0.10597168654203415,0.0012785203289240599,0.9306473731994629,0.13892444968223572,0.00247140577994287
G39,921,11524.1796875,0.07807809114456177,-2267.970703125,-2267.970703125,2251.414306640625,2276.027099609375,2311.0234375,2336.0,2336.0,96.00997924804688,-16.548131942749023,0.9830626845359802,0.9433324337005615,0.9946454763412476,0.10532478988170624,0.10532478988170624,0.0012784932041540742,0.9307493567466736,0.1386302411556244,0.0024650022387504578
G39,922,11536.6904296875,0.07707709074020386,-2267.878662109375,-2267.878662109375,2251.63427734375,2276.244384765625,2311.0234375,2336.0,2336.0,95.86031341552734,-16.236255645751953,0.983093798160553,0.9433566927909851,0.9946582913398743,0.10467997938394547,0.10467997938394547,0.0012785466387867928,0.9308514595031738,0.13833704590797424,0.002458662260323763
G39,923,11549.201171875,0.07607609033584595,-2267.78759765625,-2267.78759765625,2251.852294921875,2276.462890625,2311.0234375,2336.0,2336.0,95.71114349365234,-15.927286148071289,0.9831247329711914,0.94338059425354,0.9946711659431458,0.1040327399969101,0.1040327399969101,0.0012785338331013918,0.9309540390968323,0.13804484903812408,0.0024610240943729877
G39,924,11561.7119140625,0.07507508993148804,-2267.69775390625,-2267.69775390625,2252.06884765625,2276.67724609375,2311.0234375,2336.0,2336.0,95.56245422363281,-15.620534896850586,0.9831556677818298,0.9434043169021606,0.9946839213371277,0.10338664799928665,0.10338664799928665,0.0012786381412297487,0.9310569167137146,0.1377536952495575,0.002467524027451873
G39,925,11574.2216796875,0.07407408952713013,-2267.6083984375,-2267.6083984375,2252.283447265625,2276.891845703125,2311.0234375,2336.0,2336.0,95.41426086425781,-15.316543579101562,0.9831864237785339,0.9434276819229126,0.9946966171264648,0.10273900628089905,0.10273900628089905,0.0012786734150722623,0.9311602115631104,0.1374635100364685,0.0024749203585088253
G39,926,11586.732421875,0.07307308912277222,-2267.52001953125,-2267.52001953125,2252.49658203125,2277.103759765625,2311.0234375,2336.0,2336.0,95.26655578613281,-15.014912605285645,0.9832170605659485,0.9434508085250854,0.9947093725204468,0.10209181159734726,0.10209181159734726,0.0012788120657205582,0.9312638640403748,0.1371743381023407,0.002479271497577429
G39,927,11599.2431640625,0.0720720887184143,-2267.432373046875,-2267.432373046875,2252.708251953125,2277.31396484375,2311.0234375,2336.0,2336.0,95.11933135986328,-14.715940475463867,0.9832475781440735,0.9434736371040344,0.9947220087051392,0.10144350677728653,0.10144350677728653,0.0012789092725142837,0.9313680529594421,0.1368861347436905,0.0024818675592541695
G39,928,11611.75390625,0.0710710883140564,-2267.345703125,-2267.345703125,2252.91796875,2277.5234375,2311.0234375,2336.0,2336.0,94.97258758544922,-14.419400215148926,0.9832779765129089,0.9434961080551147,0.994734525680542,0.10079530626535416,0.10079530626535416,0.0012790864566341043,0.931472659111023,0.13659894466400146,0.002482588402926922
G39,929,11624.2646484375,0.07007008790969849,-2267.260009765625,-2267.260009765625,2253.126220703125,2277.730224609375,2311.0234375,2336.0,2336.0,94.8263168334961,-14.125471115112305,0.9833082556724548,0.9435184001922607,0.9947471022605896,0.1001463383436203,0.1001463383436203,0.001279250136576593,0.9315779209136963,0.13631273806095123,0.0024818081874400377
G39,930,11636.7744140625,0.06906908750534058,-2267.175048828125,-2267.175048828125,2253.3330078125,2277.9365234375,2311.0234375,2336.0,2336.0,94.6805419921875,-13.83403205871582,0.983338475227356,0.9435403943061829,0.9947596192359924,0.09949693828821182,0.09949693828821182,0.00127946469001472,0.9316837787628174,0.136027529835701,0.002480151131749153
G39,931,11649.28515625,0.06806808710098267,-2267.091064453125,-2267.091064453125,2253.53759765625,2278.139892578125,2311.0234375,2336.0,2336.0,94.53522491455078,-13.54513168334961,0.9833685755729675,0.9435620307922363,0.9947720170021057,0.09884746372699738,0.09884746372699738,0.0012797086965292692,0.9317903518676758,0.13574326038360596,0.0024787290021777153
G39,932,11661.7958984375,0.06706708669662476,-2267.0078125,-2267.0078125,2253.7412109375,2278.343017578125,2311.0234375,2336.0,2336.0,94.39039611816406,-13.258821487426758,0.9833985567092896,0.9435834884643555,0.994784414768219,0.09819670766592026,0.09819670766592026,0.0012799432734027505,0.9318976998329163,0.1354600042104721,0.002478816080838442
G39,933,11674.306640625,0.06606608629226685,-2266.92578125,-2266.92578125,2253.94287109375,2278.54296875,2311.0234375,2336.0,2336.0,94.24603271484375,-12.974943161010742,0.983428418636322,0.943604588508606,0.9947968125343323,0.09754662960767746,0.09754662960767746,0.0012802880955860019,0.932005763053894,0.13517770171165466,0.0024775925558060408
G39,934,11686.81640625,0.06506508588790894,-2266.8447265625,-2266.8447265625,2254.142822265625,2278.7431640625,2311.0234375,2336.0,2336.0,94.10213470458984,-12.693758010864258,0.9834581613540649,0.9436253905296326,0.9948090314865112,0.09689469635486603,0.09689469635486603,0.0012805374572053552,0.9321147799491882,0.134896382689476,0.0024766712449491024
G39,935,11699.3271484375,0.06406408548355103,-2266.76416015625,-2266.76416015625,2254.34130859375,2278.939453125,2311.0234375,2336.0,2336.0,93.95870971679688,-12.414939880371094,0.9834877848625183,0.9436460137367249,0.994821310043335,0.09624361246824265,0.09624361246824265,0.0012809791369363666,0.9322247505187988,0.13461601734161377,0.0024763562250882387
G39,936,11711.837890625,0.06306308507919312,-2266.684814453125,-2266.684814453125,2254.5380859375,2279.13671875,2311.0234375,2336.0,2336.0,93.81575775146484,-12.138838768005371,0.9835172295570374,0.9436662793159485,0.9948334693908691,0.09559080749750137,0.09559080749750137,0.001281275413930416,0.9323357343673706,0.13433662056922913,0.002480819821357727
G39,937,11724.3486328125,0.062062084674835205,-2266.606201171875,-2266.606201171875,2254.733154296875,2279.330078125,2311.0234375,2336.0,2336.0,93.67327117919922,-11.865128517150879,0.9835466742515564,0.943686306476593,0.9948456287384033,0.09493844211101532,0.09493844211101532,0.001281787408515811,0.9324477910995483,0.1340581774711609,0.00248625036329031
G39,938,11736.8583984375,0.061061084270477295,-2266.528564453125,-2266.528564453125,2254.9267578125,2279.5234375,2311.0234375,2336.0,2336.0,93.53123474121094,-11.594087600708008,0.9835759997367859,0.9437060952186584,0.9948577880859375,0.09428467601537704,0.09428467601537704,0.0012821736745536327,0.9325610399246216,0.13378068804740906,0.00249237148091197
G39,939,11749.369140625,0.060060083866119385,-2266.4521484375,-2266.4521484375,2255.11865234375,2279.714111328125,2311.0234375,2336.0,2336.0,93.38967895507812,-11.325490951538086,0.983605146408081,0.9437255263328552,0.9948698282241821,0.09363117069005966,0.09363117069005966,0.0012827325845137239,0.9326756000518799,0.13350418210029602,0.002495186636224389
G39,940,11761.8798828125,0.059059083461761475,-2266.376220703125,-2266.376220703125,2255.30859375,2279.9033203125,2311.0234375,2336.0,2336.0,93.24856567382812,-11.059541702270508,0.9836342334747314,0.9437445998191833,0.9948818683624268,0.09297604858875275,0.09297604858875275,0.0012832344509661198,0.9327914714813232,0.1332286149263382,0.002496316796168685
G39,941,11774.390625,0.058058083057403564,-2266.30126953125,-2266.30126953125,2255.49755859375,2280.091796875,2311.0234375,2336.0,2336.0,93.10792541503906,-10.796022415161133,0.9836632013320923,0.9437634944915771,0.9948937892913818,0.09232159703969955,0.09232159703969955,0.0012838428374379873,0.9329089522361755,0.13295398652553558,0.002494313521310687
G39,942,11786.900390625,0.057057082653045654,-2266.2275390625,-2266.2275390625,2255.6845703125,2280.27685546875,2311.0234375,2336.0,2336.0,92.96774291992188,-10.535202026367188,0.9836920499801636,0.9437822103500366,0.9949057102203369,0.0916648879647255,0.0916648879647255,0.0012844556476920843,0.9330279231071472,0.13268034160137177,0.0024915116373449564
G39,943,11799.4111328125,0.056056082248687744,-2266.154296875,-2266.154296875,2255.86962890625,2280.462890625,2311.0234375,2336.0,2336.0,92.82801055908203,-10.276748657226562,0.9837208390235901,0.9438004493713379,0.994917631149292,0.09100931137800217,0.09100931137800217,0.0012851337669417262,0.9331486225128174,0.13240760564804077,0.0024861216079443693
G39,944,11811.921875,0.055055081844329834,-2266.082275390625,-2266.082275390625,2256.053466796875,2280.644775390625,2311.0234375,2336.0,2336.0,92.68872833251953,-10.021049499511719,0.983749508857727,0.9438185095787048,0.9949294328689575,0.0903511568903923,0.0903511568903923,0.0012858465779572725,0.9332712292671204,0.13213583827018738,0.002483755350112915
G39,945,11824.4326171875,0.054054081439971924,-2266.01123046875,-2266.01123046875,2256.235595703125,2280.826904296875,2311.0234375,2336.0,2336.0,92.5499038696289,-9.76769733428955,0.9837779998779297,0.9438363313674927,0.994941234588623,0.08969398587942123,0.08969398587942123,0.001286616432480514,0.9333956837654114,0.1318650096654892,0.0024862466380000114
G39,946,11836.943359375,0.053053081035614014,-2265.941162109375,-2265.941162109375,2256.416015625,2281.00634765625,2311.0234375,2336.0,2336.0,92.41153717041016,-9.517084121704102,0.9838064312934875,0.9438537955284119,0.9949530363082886,0.0890345647931099,0.0890345647931099,0.0012874272651970387,0.9335224032402039,0.13159514963626862,0.002493593841791153
G39,947,11849.453125,0.052052080631256104,-2265.871826171875,-2265.871826171875,2256.59521484375,2281.184326171875,2311.0234375,2336.0,2336.0,92.27360534667969,-9.268867492675781,0.9838347434997559,0.9438709616661072,0.9949647188186646,0.08837547153234482,0.08837547153234482,0.0012883032904937863,0.9336512088775635,0.13132619857788086,0.002497496549040079
G39,948,11861.9638671875,0.05105108022689819,-2265.8037109375,-2265.8037109375,2256.7724609375,2281.36181640625,2311.0234375,2336.0,2336.0,92.1361312866211,-9.02332592010498,0.9838629364967346,0.9438879489898682,0.9949764013290405,0.08771459758281708,0.08771459758281708,0.0012892234371975064,0.9337825179100037,0.1310582160949707,0.0024931104853749275
G39,949,11874.474609375,0.05005007982254028,-2265.736328125,-2265.736328125,2256.9482421875,2281.53564453125,2311.0234375,2336.0,2336.0,91.99909973144531,-8.780243873596191,0.9838910102844238,0.9439046382904053,0.994987964630127,0.0870535746216774,0.0870535746216774,0.0012902141315862536,0.9339163303375244,0.13079114258289337,0.002483425894752145
G39,950,11886.9853515625,0.04904907941818237,-2265.669677734375,-2265.669677734375,2257.122314453125,2281.710205078125,2311.0234375,2336.0,2336.0,91.86251831054688,-8.539795875549316,0.9839191436767578,0.9439210295677185,0.9949995279312134,0.08639081567525864,0.08639081567525864,0.0012912619858980179,0.9340530037879944,0.13052503764629364,0.0024789804592728615
G39,951,11899.4951171875,0.04804807901382446,-2265.6044921875,-2265.6044921875,2257.294921875,2281.881103515625,2311.0234375,2336.0,2336.0,91.72636413574219,-8.301825523376465,0.9839469790458679,0.9439370632171631,0.9950110912322998,0.08572787791490555,0.08572787791490555,0.0012923739850521088,0.9341925382614136,0.13025987148284912,0.002486503915861249
G39,952,11912.005859375,0.04704707860946655,-2265.539794921875,-2265.539794921875,2257.465576171875,2282.05224609375,2311.0234375,2336.0,2336.0,91.59066772460938,-8.066492080688477,0.9839747548103333,0.9439528584480286,0.9950225353240967,0.08506280183792114,0.08506280183792114,0.0012935681734234095,0.9343352317810059,0.12999564409255981,0.002501646289601922
G39,953,11924.5166015625,0.04604607820510864,-2265.476318359375,-2265.476318359375,2257.63525390625,2282.22021484375,2311.0234375,2336.0,2336.0,91.45541381835938,-7.833617210388184,0.9840024709701538,0.9439684748649597,0.9950339794158936,0.0843978300690651,0.0843978300690651,0.0012948120711371303,0.9344815015792847,0.12973234057426453,0.0025138549972325563
G39,954,11937.02734375,0.04504507780075073,-2265.413818359375,-2265.413818359375,2257.802734375,2282.3876953125,2311.0234375,2336.0,2336.0,91.32059478759766,-7.6034135818481445,0.9840300679206848,0.9439836740493774,0.9950454235076904,0.08373002707958221,0.08373002707958221,0.001296165050007403,0.9346312880516052,0.12947002053260803,0.0025174699258059263
G39,955,11949.537109375,0.04404407739639282,-2265.352294921875,-2265.352294921875,2257.96923828125,2282.552734375,2311.0234375,2336.0,2336.0,91.18621826171875,-7.37562370300293,0.9840575456619263,0.9439986348152161,0.9950567483901978,0.08306282013654709,0.08306282013654709,0.0012975612189620733,0.9347849488258362,0.12920862436294556,0.0025142859667539597
G39,956,11962.0478515625,0.04304307699203491,-2265.29150390625,-2265.29150390625,2258.13330078125,2282.71728515625,2311.0234375,2336.0,2336.0,91.0522689819336,-7.150557994842529,0.984084963798523,0.9440134167671204,0.9950680732727051,0.08239185065031052,0.08239185065031052,0.0012990813702344894,0.934942901134491,0.12894819676876068,0.002512351842597127
G39,957,11974.55859375,0.042042076587677,-2265.23193359375,-2265.23193359375,2258.296875,2282.87939453125,2311.0234375,2336.0,2336.0,90.91876220703125,-6.927848815917969,0.9841122031211853,0.9440277814865112,0.9950793981552124,0.08172200620174408,0.08172200620174408,0.0013006575172767043,0.9351052641868591,0.12868869304656982,0.0025160913355648518
G39,958,11987.0693359375,0.04104107618331909,-2265.17333984375,-2265.17333984375,2258.4580078125,2283.0400390625,2311.0234375,2336.0,2336.0,90.78569030761719,-6.707917213439941,0.9841394424438477,0.9440419673919678,0.9950906038284302,0.08104759454727173,0.08104759454727173,0.0013023579958826303,0.9352726340293884,0.12843017280101776,0.002527200849726796
G39,959,11999.5791015625,0.04004007577896118,-2265.115966796875,-2265.115966796875,2258.6181640625,2283.199462890625,2311.0234375,2336.0,2336.0,90.65304565429688,-6.490303039550781,0.9841665029525757,0.9440557956695557,0.995101809501648,0.0803743228316307,0.0803743228316307,0.001304134726524353,0.9354451298713684,0.1281725913286209,0.002536199754104018
G39,960,12012.08984375,0.03903907537460327,-2265.0595703125,-2265.0595703125,2258.7763671875,2283.35693359375,2311.0234375,2336.0,2336.0,90.52084350585938,-6.275478363037109,0.9841933846473694,0.9440693855285645,0.995112955570221,0.07969629764556885,0.07969629764556885,0.0013060432393103838,0.9356232285499573,0.12791597843170166,0.002540205605328083
G39,961,12024.6005859375,0.03803807497024536,-2265.00390625,-2265.00390625,2258.93310546875,2283.51318359375,2311.0234375,2336.0,2336.0,90.38906860351562,-6.062987804412842,0.9842202663421631,0.9440826773643494,0.9951240420341492,0.07901869714260101,0.07901869714260101,0.0013080342905595899,0.9358073472976685,0.1276603490114212,0.002536933170631528
G39,962,12037.111328125,0.03703707456588745,-2264.94921875,-2264.94921875,2259.08837890625,2283.66748046875,2311.0234375,2336.0,2336.0,90.25772094726562,-5.853241920471191,0.984247088432312,0.9440957307815552,0.9951351284980774,0.07833659648895264,0.07833659648895264,0.001310188788920641,0.9359979629516602,0.12740568816661835,0.0025356076657772064
G39,963,12049.62109375,0.03603607416152954,-2264.8955078125,-2264.8955078125,2259.2421875,2283.82080078125,2311.0234375,2336.0,2336.0,90.12680053710938,-5.6458868980407715,0.9842737317085266,0.9441084861755371,0.9951462149620056,0.07765388488769531,0.07765388488769531,0.0013124176766723394,0.9361956119537354,0.12715204060077667,0.0025372665841132402
G39,964,12062.1318359375,0.03503507375717163,-2264.843017578125,-2264.843017578125,2259.394287109375,2283.97216796875,2311.0234375,2336.0,2336.0,89.99630737304688,-5.441219329833984,0.9843003153800964,0.9441209435462952,0.9951571822166443,0.07696672528982162,0.07696672528982162,0.001314847613684833,0.9364007115364075,0.12689939141273499,0.002543223788961768
G39,965,12074.642578125,0.03403407335281372,-2264.79150390625,-2264.79150390625,2259.544921875,2284.1220703125,2311.0234375,2336.0,2336.0,89.86624908447266,-5.238982200622559,0.9843268394470215,0.9441331624984741,0.9951682090759277,0.07627829164266586,0.07627829164266586,0.0013173597399145365,0.9366140365600586,0.1266477108001709,0.002548128366470337
G39,966,12087.1533203125,0.03303307294845581,-2264.7412109375,-2264.7412109375,2259.6943359375,2284.2705078125,2311.0234375,2336.0,2336.0,89.73661041259766,-5.039412975311279,0.9843531847000122,0.9441450834274292,0.9951790571212769,0.07558467984199524,0.07558467984199524,0.0013200863031670451,0.9368362426757812,0.12639708817005157,0.0025540462229400873
G39,967,12099.6640625,0.0320320725440979,-2264.69140625,-2264.69140625,2259.841796875,2284.41748046875,2311.0234375,2336.0,2336.0,89.6073989868164,-4.842268466949463,0.9843794703483582,0.9441566467285156,0.995189905166626,0.07488958537578583,0.07488958537578583,0.0013229356845840812,0.9370678067207336,0.12614749372005463,0.0025605878327041864
G39,968,12112.173828125,0.03103107213973999,-2264.64306640625,-2264.64306640625,2259.988037109375,2284.56298828125,2311.0234375,2336.0,2336.0,89.4786148071289,-4.647807598114014,0.9844055771827698,0.9441680312156677,0.9952007532119751,0.07418826967477798,0.07418826967477798,0.0013259901897981763,0.9373098015785217,0.12589892745018005,0.0025714721996337175
G39,969,12124.6845703125,0.03003007173538208,-2264.595703125,-2264.595703125,2260.1328125,2284.706787109375,2311.0234375,2336.0,2336.0,89.35025024414062,-4.4557576179504395,0.9844316840171814,0.9441790580749512,0.9952115416526794,0.07348459213972092,0.07348459213972092,0.00132921920157969,0.937562882900238,0.12565143406391144,0.002583084162324667
G39,970,12137.1953125,0.02902907133102417,-2264.549560546875,-2264.549560546875,2260.276123046875,2284.849365234375,2311.0234375,2336.0,2336.0,89.22230529785156,-4.266378402709961,0.9844576716423035,0.9441899061203003,0.9952223896980286,0.07277456670999527,0.07277456670999527,0.0013326599728316069,0.9378280639648438,0.12540505826473236,0.0026005683466792107
G39,971,12149.7060546875,0.02802807092666626,-2264.50439453125,-2264.50439453125,2260.417724609375,2284.989990234375,2311.0234375,2336.0,2336.0,89.09478759765625,-4.079461574554443,0.984483540058136,0.944200336933136,0.9952329993247986,0.07205966860055923,0.07205966860055923,0.0013363072648644447,0.9381064772605896,0.12515980005264282,0.0026208676863461733
G39,972,12162.2158203125,0.02702707052230835,-2264.460693359375,-2264.460693359375,2260.55810546875,2285.1298828125,2311.0234375,2336.0,2336.0,88.96769714355469,-3.8951234817504883,0.9845093488693237,0.9442106485366821,0.9952437281608582,0.07133931666612625,0.07133931666612625,0.0013401980977505445,0.9383990168571472,0.12491565197706223,0.00264101498760283
G39,973,12174.7265625,0.026026010513305664,-2264.417724609375,-2264.417724609375,2260.69677734375,2285.26708984375,2311.0234375,2336.0,2336.0,88.84101867675781,-3.71335506439209,0.9845349788665771,0.9442204833030701,0.995254397392273,0.07061047852039337,0.07061047852039337,0.0013443208299577236,0.9387072324752808,0.12467268109321594,0.0026523559354245663
G39,974,12187.2373046875,0.025025010108947754,-2264.3759765625,-2264.3759765625,2260.83447265625,2285.40478515625,2311.0234375,2336.0,2336.0,88.71476745605469,-3.534055709838867,0.9845606088638306,0.9442301988601685,0.995265007019043,0.06987686455249786,0.06987686455249786,0.0013487286632880569,0.939032256603241,0.12443092465400696,0.002658050274476409
G39,975,12199.748046875,0.024024009704589844,-2264.33544921875,-2264.33544921875,2260.970458984375,2285.538818359375,2311.0234375,2336.0,2336.0,88.58894348144531,-3.3574447631835938,0.9845860004425049,0.9442395567893982,0.995275616645813,0.06913150101900101,0.06913150101900101,0.001353395520709455,0.9393756985664368,0.12419041991233826,0.002665514126420021
G39,976,12212.2578125,0.023023009300231934,-2264.2958984375,-2264.2958984375,2261.105224609375,2285.67333984375,2311.0234375,2336.0,2336.0,88.46353149414062,-3.183230400085449,0.984611451625824,0.9442486763000488,0.9952861666679382,0.06838011741638184,0.06838011741638184,0.001358397537842393,0.9397391676902771,0.12395119667053223,0.002677291864529252
G39,977,12224.7685546875,0.022022008895874023,-2264.2578125,-2264.2578125,2261.238525390625,2285.8046875,2311.0234375,2336.0,2336.0,88.33853149414062,-3.011734962463379,0.9846367239952087,0.9442574977874756,0.9952966570854187,0.06761479377746582,0.06761479377746582,0.001363695482723415,0.9401246309280396,0.12371330708265305,0.0026916274800896645
G39,978,12237.279296875,0.021021008491516113,-2264.220703125,-2264.220703125,2261.37060546875,2285.93603515625,2311.0234375,2336.0,2336.0,88.2139663696289,-2.8426620960235596,0.984661877155304,0.9442660212516785,0.9953070282936096,0.06684008985757828,0.06684008985757828,0.0013693731743842363,0.9405339360237122,0.12347681075334549,0.0027030697092413902
G39,979,12249.7900390625,0.020020008087158203,-2264.1845703125,-2264.1845703125,2261.501220703125,2286.0654296875,2311.0234375,2336.0,2336.0,88.08981323242188,-2.6762781143188477,0.9846869111061096,0.9442743062973022,0.9953175783157349,0.06605000048875809,0.06605000048875809,0.0013753960374742746,0.9409693479537964,0.12324178963899612,0.0027189902029931545
G39,980,12262.2998046875,0.019019007682800293,-2264.150390625,-2264.150390625,2261.630859375,2286.193603515625,2311.0234375,2336.0,2336.0,87.9660873413086,-2.512410879135132,0.9847118854522705,0.9442822933197021,0.9953279495239258,0.06524477154016495,0.06524477154016495,0.0013818421866744757,0.9414332509040833,0.12300829589366913,0.002744929166510701
G39,981,12274.810546875,0.018018007278442383,-2264.1171875,-2264.1171875,2261.7587890625,2286.320556640625,2311.0234375,2336.0,2336.0,87.84278106689453,-2.351161241531372,0.9847368001937866,0.9442899227142334,0.9953382015228271,0.06442328542470932,0.06442328542470932,0.0013886835658922791,0.9419283866882324,0.12277641147375107,0.0027837513480335474
G39,982,12287.3212890625,0.017017006874084473,-2264.08544921875,-2264.08544921875,2261.8857421875,2286.44580078125,2311.0234375,2336.0,2336.0,87.71989440917969,-2.192582607269287,0.9847615361213684,0.9442973732948303,0.9953486323356628,0.06357871741056442,0.06357871741056442,0.0013959987554699183,0.9424574971199036,0.12254621833562851,0.0028268496971577406
G39,983,12299.83203125,0.016016006469726562,-2264.05517578125,-2264.05517578125,2262.011474609375,2286.5703125,2311.0234375,2336.0,2336.0,87.59742736816406,-2.0365543365478516,0.9847862124443054,0.9443044662475586,0.9953588843345642,0.062715545296669,0.062715545296669,0.0014037549262866378,0.9430238604545593,0.1223178580403328,0.0028588762506842613
G39,984,12312.341796875,0.015015006065368652,-2264.0263671875,-2264.0263671875,2262.135986328125,2286.69287109375,2311.0234375,2336.0,2336.0,87.47538757324219,-1.8833484649658203,0.9848108291625977,0.9443113803863525,0.9953691363334656,0.06182171031832695,0.06182171031832695,0.0014120321720838547,0.9436306953430176,0.12209140509366989,0.002885677618905902
G39,985,12324.8525390625,0.014014005661010742,-2263.9990234375,-2263.9990234375,2262.25927734375,2286.81494140625,2311.0234375,2336.0,2336.0,87.353759765625,-1.7327395677566528,0.9848353862762451,0.9443178772926331,0.9953794479370117,0.0609019510447979,0.060901954770088196,0.001420795451849699,0.9442816376686096,0.12186699360609055,0.002918750513345003
G39,986,12337.36328125,0.013013005256652832,-2263.973388671875,-2263.973388671875,2262.381591796875,2286.93505859375,2311.0234375,2336.0,2336.0,87.23257446289062,-1.5850346088409424,0.9848596453666687,0.944324254989624,0.9953895807266235,0.05994553864002228,0.059945546090602875,0.0014301083283498883,0.9449805021286011,0.12164478003978729,0.0029694451950490475
G39,987,12349.8740234375,0.012012004852294922,-2263.94970703125,-2263.94970703125,2262.50244140625,2287.05419921875,2311.0234375,2336.0,2336.0,87.11180114746094,-1.4401321411132812,0.9848840236663818,0.9443302154541016,0.9953997731208801,0.05895114317536354,0.058951158076524734,0.0014399283099919558,0.9457312226295471,0.12142491340637207,0.0030256069730967283
G39,988,12362.384765625,0.011011004447937012,-2263.927734375,-2263.927734375,2262.62255859375,2287.17236328125,2311.0234375,2336.0,2336.0,86.99146270751953,-1.298222541809082,0.9849081635475159,0.9443359375,0.9954099059104919,0.05791245028376579,0.057912521064281464,0.0014503045240417123,0.9465377926826477,0.12120755761861801,0.0030825950670987368
G39,989,12374.89453125,0.010010004043579102,-2263.90771484375,-2263.90771484375,2262.741455078125,2287.2890625,2311.0234375,2336.0,2336.0,86.87155151367188,-1.159407615661621,0.9849323034286499,0.9443413615226746,0.995419979095459,0.05682171881198883,0.056821826845407486,0.001461174339056015,0.9474040269851685,0.12099287658929825,0.003147050505504012
G39,990,12387.4052734375,0.009009003639221191,-2263.89013671875,-2263.89013671875,2262.859375,2287.405029296875,2311.0234375,2336.0,2336.0,86.75205993652344,-1.0238142013549805,0.9849562048912048,0.9443464875221252,0.9954299926757812,0.055674660950899124,0.05567486584186554,0.0014725347282364964,0.9483339190483093,0.1207810491323471,0.003217489691451192
G39,991,12399.916015625,0.008008003234863281,-2263.874755859375,-2263.874755859375,2262.97607421875,2287.519287109375,2311.0234375,2336.0,2336.0,86.63301086425781,-0.8916857242584229,0.9849801659584045,0.9443513751029968,0.9954400062561035,0.054460398852825165,0.05446082726120949,0.0014843178214505315,0.949330747127533,0.12057225406169891,0.003294121939688921
G39,992,12412.4267578125,0.007007002830505371,-2263.862060546875,-2263.862060546875,2263.091796875,2287.6328125,2311.0234375,2336.0,2336.0,86.51439666748047,-0.763208270072937,0.9850039482116699,0.9443559050559998,0.9954500794410706,0.053172700107097626,0.05317361280322075,0.0014964191941544414,0.9503971338272095,0.12036662548780441,0.0033866618759930134
G39,993,12424.9365234375,0.006006002426147461,-2263.85205078125,-2263.85205078125,2263.20654296875,2287.7451171875,2311.0234375,2336.0,2336.0,86.39620971679688,-0.6387107372283936,0.985027551651001,0.9443601965904236,0.9954600930213928,0.051801249384880066,0.05180305615067482,0.0015087397769093513,0.9515347480773926,0.12016432732343674,0.0035049680154770613
G39,994,12437.447265625,0.005005002021789551,-2263.845458984375,-2263.845458984375,2263.31982421875,2287.85595703125,2311.0234375,2336.0,2336.0,86.2784652709961,-0.5185306668281555,0.9850512146949768,0.9443642497062683,0.9954700469970703,0.05033602565526962,0.050340160727500916,0.001521038357168436,0.9527439475059509,0.11996540427207947,0.0036513523664325476
G39,995,12449.9580078125,0.004004001617431641,-2263.842041015625,-2263.842041015625,2263.43212890625,2287.9658203125,2311.0234375,2336.0,2336.0,86.1611557006836,-0.4030910134315491,0.9850746393203735,0.9443679451942444,0.995479941368103,0.048767536878585815,0.04877548664808273,0.001533103291876614,0.954023540019989,0.1197698712348938,0.0038196370005607605
G39,996,12462.46875,0.0030030012130737305,-2263.842529296875,-2263.842529296875,2263.54296875,2288.073974609375,2311.0234375,2336.0,2336.0,86.04429626464844,-0.29289793968200684,0.9850980639457703,0.9443714618682861,0.9954898953437805,0.04708455875515938,0.04710182920098305,0.0015445780009031296,0.9553701877593994,0.11957765370607376,0.00400147307664156
G39,997,12474.978515625,0.0020020008087158203,-2263.84765625,-2263.84765625,2263.65234375,2288.18115234375,2311.0234375,2336.0,2336.0,85.92786407470703,-0.18852663040161133,0.9851213097572327,0.9443745613098145,0.9954997897148132,0.045276544988155365,0.04531809687614441,0.0015551060205325484,0.9567782878875732,0.11938859522342682,0.004197972360998392
G39,998,12487.4892578125,0.0010010004043579102,-2263.85791015625,-2263.85791015625,2263.760498046875,2288.287109375,2311.0234375,2336.0,2336.0,85.8118896484375,-0.09064366668462753,0.9851444363594055,0.9443774223327637,0.9955096244812012,0.04333420470356941,0.043483465909957886,0.001564259291626513,0.9582401514053345,0.11920240521430969,0.004435026086866856
G39,999,12500.0,0.0,-2263.873291015625,-2263.873291015625,2263.866455078125,2288.390869140625,2311.0234375,2336.0,2336.0,85.69633483886719,0.0,0.9851675033569336,0.9443800449371338,0.9955193996429443,0.04124551638960838,0.04256243258714676,0.0015716213965788484,0.9597455859184265,0.11901869624853134,0.004737365059554577
