instance,step,beta,gamma,loss_mean,free_energy_mean,expected_cut_mean,expected_cut_max,hard_cut_mean,hard_cut_max,best_cut_so_far,entropy_mean,driver_energy_mean,R_mean,R_min,R_max,rx_mean,rx_abs_mean,rz_mean,rz_abs_mean,grad_norm_raw_R,grad_norm_theta
G7,0,2.0,1.0,-210.23883056640625,-210.23883056640625,-75.0,-75.0,-142.9765625,24.0,24.0,554.4776611328125,-7.999996185302734,0.010099474340677261,0.010056464932858944,0.010143181309103966,0.010099222883582115,0.010099222883582115,7.209813190911518e-08,6.97074574418366e-05,0.024626243859529495,2.4994769773911685e-05
G7,1,14.510510444641113,0.9989989995956421,28.71661949157715,28.71661949157715,-75.0,-75.0,-121.2890625,66.0,66.0,554.4769287109375,-8.071290969848633,0.010199961252510548,0.010156523436307907,0.010244099423289299,0.010199944488704205,0.010199944488704205,4.545804443978341e-08,1.487569352320861e-05,0.024950658902525902,0.0001787948131095618
G7,2,27.021020889282227,0.9979979991912842,46.33620834350586,46.33620834350586,-75.0,-75.0,-163.2578125,19.0,66.0,554.47607421875,-8.143621444702148,0.010301477275788784,0.010257611982524395,0.01034605037420988,0.010301372036337852,0.010301372036337852,-1.1883511952248682e-08,4.576890205498785e-05,0.025179721415042877,4.4892323785461485e-05
G7,3,39.531532287597656,0.9969969987869263,52.75749969482422,52.75749969482422,-75.0,-75.0,-158.078125,0.0,66.0,554.4752197265625,-8.216349601745605,0.010404047556221485,0.0103597491979599,0.010449059307575226,0.01040390133857727,0.01040390133857727,-5.9423264531233144e-08,5.3392359404824674e-05,0.025404958054423332,0.0001170717368950136
G7,4,52.04204177856445,0.9959959983825684,56.055850982666016,56.055850982666016,-75.0,-75.0,-143.46875,73.0,73.0,554.474365234375,-8.289795875549316,0.01050769817084074,0.010462962090969086,0.010553152300417423,0.010507635772228241,0.010507635772228241,-6.719045586578432e-08,3.3863019780255854e-05,0.025630950927734375,0.0001377741136820987
G7,5,64.55255126953125,0.9949949979782104,58.04647445678711,58.04647445678711,-75.0,-75.0,-135.6953125,75.0,75.0,554.4735107421875,-8.364036560058594,0.01061245333403349,0.010567276738584042,0.010658356361091137,0.010612444952130318,0.010612444952130318,-4.198640723984681e-08,1.0824068340298254e-05,0.025858748704195023,8.902324043447152e-05
G7,6,77.06306457519531,0.9939939975738525,59.36598587036133,59.36598587036133,-75.0,-75.0,-188.5234375,-20.0,75.0,554.47265625,-8.43896484375,0.01071834284812212,0.010672721080482006,0.01076470036059618,0.010718300007283688,0.010718300007283688,3.970931139463119e-09,2.9503251425921917e-05,0.0260882917791605,3.4982473152922466e-05
G7,7,89.57357025146484,0.9929929971694946,60.29531478881836,60.29531478881836,-75.0,-75.0,-172.78125,-13.0,75.0,554.4718017578125,-8.514556884765625,0.01082539651542902,0.010779323056340218,0.010872210375964642,0.010825315490365028,0.010825315490365028,4.2858008697521655e-08,4.0860046283341944e-05,0.026319637894630432,7.607395673403516e-05
G7,8,102.0840835571289,0.9919919967651367,60.97758483886719,60.97758483886719,-75.0,-75.0,-157.0,65.0,75.0,554.4708251953125,-8.590900421142578,0.01093363482505083,0.010887106880545616,0.010980913415551186,0.010933573357760906,0.010933573357760906,5.87976778376742e-08,3.5084747651126236e-05,0.026553113013505936,0.00010468787513673306
G7,9,114.59459686279297,0.9909909963607788,61.493404388427734,61.493404388427734,-75.0,-75.0,-85.1953125,84.0,84.0,554.4698486328125,-8.668058395385742,0.011043095029890537,0.010996106080710888,0.011090842075645924,0.011043076403439045,0.011043076403439045,5.0145562369152685e-08,1.9473696738714352e-05,0.026788948103785515,9.158567263511941e-05
G7,10,127.1051025390625,0.9899899959564209,61.891685485839844,61.891685485839844,-75.0,-75.0,-285.3984375,-105.0,84.0,554.468994140625,-8.746028900146484,0.011153802275657654,0.011106347665190697,0.011202020570635796,0.011153793893754482,0.011153793893754482,2.282254207841561e-08,9.000128557090648e-06,0.027027156203985214,5.181293818168342e-05
G7,11,139.61561584472656,0.988988995552063,62.203826904296875,62.203826904296875,-75.0,-75.0,-197.4765625,-33.0,84.0,554.468017578125,-8.824784278869629,0.011265788227319717,0.01121786143630743,0.011314484290778637,0.01126575656235218,0.01126575656235218,-1.0942080130860177e-08,2.555843639129307e-05,0.027267666533589363,3.3583328331587836e-05
G7,12,152.12612915039062,0.9879879951477051,62.45087432861328,62.45087432861328,-75.0,-75.0,-153.875,58.0,84.0,554.4669189453125,-8.904346466064453,0.011379077099263668,0.011330673471093178,0.011428257450461388,0.011379029601812363,0.011379029601812363,-3.8150890446786434e-08,3.145603113807738e-05,0.027510549873113632,6.511301035061479e-05
G7,13,164.6366424560547,0.9869869947433472,62.64741897583008,62.64741897583008,-75.0,-75.0,-68.671875,104.0,104.0,554.4659423828125,-8.984763145446777,0.011493702419102192,0.0114448182284832,0.01154337264597416,0.011493667960166931,0.011493667960166931,-4.9922295630722147e-08,2.645083259267267e-05,0.02775595895946026,8.092889038380235e-05
G7,14,177.1471405029297,0.9859859943389893,62.803955078125,62.803955078125,-75.0,-75.0,-94.546875,109.0,109.0,554.46484375,-9.06607723236084,0.011609699577093124,0.011560327373445034,0.011659866198897362,0.011609687469899654,0.011609687469899654,-4.3682611305939645e-08,1.5389701729873195e-05,0.028004027903079987,6.95690032443963e-05
G7,15,189.65765380859375,0.9849849939346313,62.92820739746094,62.92820739746094,-75.0,-75.0,-263.1015625,-94.0,109.0,554.4638671875,-9.148294448852539,0.011727096512913704,0.011677232570946217,0.011777765117585659,0.011727090924978256,0.011727090924978256,-2.1122193771816455e-08,8.365735993720591e-06,0.028254777193069458,4.099538273294456e-05
G7,16,202.1681671142578,0.9839839935302734,63.0260009765625,63.0260009765625,-75.0,-75.0,-156.7578125,31.0,109.0,554.4627685546875,-9.231416702270508,0.01184592954814434,0.01179556455463171,0.011897104792296886,0.011845911853015423,0.011845911853015423,1.0207642731074884e-08,2.02537739824038e-05,0.028508203104138374,2.96197940770071e-05
G7,17,214.67868041992188,0.9829829931259155,63.101783752441406,63.101783752441406,-75.0,-75.0,-76.5859375,112.0,112.0,554.4615478515625,-9.31546401977539,0.0119662219658494,0.011915352195501328,0.012017911300063133,0.011966194957494736,0.011966194957494736,3.8143038949556285e-08,2.4626075173728168e-05,0.028764378279447556,5.177242564968765e-05
G7,18,227.18919372558594,0.9819819927215576,63.15901184082031,63.15901184082031,-75.0,-75.0,-90.421875,71.0,112.0,554.46044921875,-9.400469779968262,0.012088017538189888,0.012036636471748352,0.012140224687755108,0.012087997980415821,0.012087997980415821,5.1390721012012364e-08,2.0929996026097797e-05,0.02902340143918991,6.35518372291699e-05
G7,19,239.69969177246094,0.9809809923171997,63.200382232666016,63.200382232666016,-75.0,-75.0,-103.359375,66.0,112.0,554.459228515625,-9.48647689819336,0.01221134141087532,0.012159443460404873,0.012264076620340347,0.012211334891617298,0.012211334891617298,4.306732748204922e-08,1.2157682249380741e-05,0.02928539551794529,5.483751374413259e-05
G7,20,252.210205078125,0.9799799919128418,63.228111267089844,63.228111267089844,-75.0,-75.0,-227.7890625,-62.0,112.0,554.4581298828125,-9.573492050170898,0.01233623456209898,0.01228381134569645,0.012389500625431538,0.012336230836808681,0.012336230836808681,1.4780561663485514e-08,7.65859385865042e-06,0.02955038473010063,3.269521039328538e-05
G7,21,264.7207336425781,0.9789789915084839,63.24397277832031,63.24397277832031,-75.0,-75.0,-100.140625,106.0,112.0,554.456787109375,-9.661528587341309,0.012462723068892956,0.012409769929945469,0.012516528367996216,0.012462710961699486,0.012462710961699486,-2.17152020809408e-08,1.6858644812600687e-05,0.02981841191649437,2.5582374291843735e-05
G7,22,277.2312316894531,0.977977991104126,63.249420166015625,63.249420166015625,-75.0,-75.0,-102.8203125,44.0,112.0,554.45556640625,-9.750605583190918,0.012590846978127956,0.012537355534732342,0.012645198032259941,0.012590830214321613,0.012590830214321613,-4.8999538648786256e-08,1.9777849956881255e-05,0.030089525505900383,4.3122636270709336e-05
G7,23,289.7417297363281,0.9769769906997681,63.24562072753906,63.24562072753906,-75.0,-75.0,-130.25,97.0,112.0,554.454345703125,-9.840761184692383,0.01272063609212637,0.01266660075634718,0.012775540351867676,0.012720624916255474,0.012720624916255474,-5.3031715907536636e-08,1.5859397535678e-05,0.030363842844963074,5.098199108033441e-05
G7,24,302.25225830078125,0.9759759902954102,63.233577728271484,63.233577728271484,-75.0,-75.0,-130.046875,45.0,112.0,554.4530029296875,-9.93202018737793,0.012852133251726627,0.01279754750430584,0.012907599098980427,0.012852129526436329,0.012852129526436329,-3.0502963710432596e-08,8.556556167604867e-06,0.03064143843948841,4.1803497879300267e-05
G7,25,314.76275634765625,0.9749749898910522,63.214107513427734,63.214107513427734,-75.0,-75.0,-139.1640625,42.0,112.0,554.45166015625,-10.024404525756836,0.012985370121896267,0.01293022371828556,0.013041402213275433,0.012985366396605968,0.012985366396605968,8.170008669594608e-09,8.397054443776142e-06,0.03092237375676632,2.3801856514182873e-05
G7,26,327.2732849121094,0.9739739894866943,63.187923431396484,63.187923431396484,-75.0,-75.0,-138.7734375,17.0,112.0,554.4503173828125,-10.117927551269531,0.013120383024215698,0.013064670376479626,0.013176989741623402,0.013120374642312527,0.013120374642312527,4.2519559428910725e-08,1.4939608263375703e-05,0.031206687912344933,2.447503175062593e-05
G7,27,339.7837829589844,0.9729729890823364,63.15561294555664,63.15561294555664,-75.0,-75.0,-173.515625,36.0,112.0,554.4488525390625,-10.212615013122559,0.013257211074233055,0.013200925663113594,0.013314398936927319,0.013257200829684734,0.013257200829684734,5.38819797668566e-08,1.5466393961105496e-05,0.03149445727467537,3.8160364056238905e-05
G7,28,352.2942810058594,0.9719719886779785,63.117679595947266,63.117679595947266,-75.0,-75.0,-148.15625,56.0,112.0,554.4473876953125,-10.308502197265625,0.013395885936915874,0.013339023105800152,0.013453667052090168,0.013395881280303001,0.013395881280303001,3.601300235800409e-08,1.0844260032172315e-05,0.031785786151885986,4.033920413348824e-05
G7,29,364.8048095703125,0.9709709882736206,63.074546813964844,63.074546813964844,-75.0,-75.0,-161.2421875,-7.0,112.0,554.4459228515625,-10.405611038208008,0.013536453247070312,0.013478999026119709,0.01359483040869236,0.013536451384425163,0.013536451384425163,-1.0446126186280935e-09,5.679169589711819e-06,0.03208073228597641,2.9105842259014025e-05
G7,30,377.3153076171875,0.9699699878692627,63.02659606933594,63.02659606933594,-75.0,-75.0,-200.7109375,-26.0,112.0,554.4444580078125,-10.503961563110352,0.013678942807018757,0.0136208925396204,0.013737926259636879,0.013678939081728458,0.013678939081728458,-3.588553809663608e-08,9.808716640691273e-06,0.03237936273217201,1.754439654177986e-05
G7,31,389.8258361816406,0.9689689874649048,62.97414016723633,62.97414016723633,-75.0,-75.0,-208.7890625,-10.0,112.0,554.44287109375,-10.603574752807617,0.013823399320244789,0.013764744624495506,0.013882995583117008,0.013823391869664192,0.013823391869664192,-4.869790259931506e-08,1.2979569874005392e-05,0.03268173336982727,2.5838398869382218e-05
G7,32,402.3363342285156,0.9679679870605469,62.91746139526367,62.91746139526367,-75.0,-75.0,-159.3671875,48.0,112.0,554.4412841796875,-10.70448112487793,0.013969860039651394,0.013910598121583462,0.01403007935732603,0.013969853520393372,0.013969853520393372,-3.3377894226305216e-08,1.1009613444912247e-05,0.03298793360590935,3.3551983506185934e-05
G7,33,414.8468322753906,0.966966986656189,62.85679626464844,62.85679626464844,-75.0,-75.0,-110.296875,48.0,112.0,554.439697265625,-10.806710243225098,0.01411836501210928,0.014058482833206654,0.014179215766489506,0.01411836314946413,0.01411836314946413,-5.262279501039302e-10,6.364816727000289e-06,0.03329804912209511,2.9295508284121752e-05
G7,34,427.35736083984375,0.965965986251831,62.79235076904297,62.79235076904297,-75.0,-75.0,-327.234375,-176.0,112.0,554.43798828125,-10.910287857055664,0.014268957078456879,0.014208445325493813,0.014330446720123291,0.014268956147134304,0.014268956147134304,2.9494998443624354e-08,6.126631888037082e-06,0.03361215442419052,1.7800861314754002e-05
G7,35,439.86785888671875,0.9649649858474731,62.72430419921875,62.72430419921875,-75.0,-75.0,-222.03125,-36.0,112.0,554.436279296875,-11.01523494720459,0.01442167442291975,0.014360526576638222,0.014483814127743244,0.014421669766306877,0.014421669766306877,3.9653187400290335e-08,1.0254818334942684e-05,0.03393030911684036,1.8072465536533855e-05
G7,36,452.3783874511719,0.9639639854431152,62.65282440185547,62.65282440185547,-75.0,-75.0,-142.8515625,33.0,112.0,554.4345703125,-11.121578216552734,0.014576558955013752,0.014514761976897717,0.01463935524225235,0.014576554298400879,0.014576554298400879,2.6429551880369218e-08,9.924564437824301e-06,0.0342525877058506,2.64784484897973e-05
G7,37,464.8888854980469,0.9629629850387573,62.57804489135742,62.57804489135742,-75.0,-75.0,-73.1015625,94.0,112.0,554.4327392578125,-11.229345321655273,0.014733652584254742,0.014671199955046177,0.01479711476713419,0.014733651652932167,0.014733651652932167,3.3801086929408086e-10,6.3761926867300645e-06,0.0345790758728981,2.6237632482661866e-05
G7,38,477.3993835449219,0.9619619846343994,62.50007247924805,62.50007247924805,-75.0,-75.0,-386.796875,-223.0,112.0,554.430908203125,-11.338570594787598,0.014892997220158577,0.014829885214567184,0.014957134611904621,0.014892995357513428,0.014892995357513428,-2.229121420782576e-08,4.510562575887889e-06,0.034909866750240326,1.7515867511974648e-05
G7,39,489.909912109375,0.9609609842300415,62.419036865234375,62.419036865234375,-75.0,-75.0,-210.40625,-5.0,112.0,554.428955078125,-11.449270248413086,0.015054638497531414,0.014990851283073425,0.015119463205337524,0.01505463570356369,0.01505463570356369,-2.964701195651287e-08,8.15003841125872e-06,0.03524501621723175,1.4227410247258376e-05
G7,40,502.42041015625,0.9599599838256836,62.33500671386719,62.33500671386719,-75.0,-75.0,-112.2421875,52.0,112.0,554.427001953125,-11.561478614807129,0.015218621119856834,0.015154151245951653,0.015284139662981033,0.01521861832588911,0.01521861832588911,-2.0345151341416567e-08,8.461232027912047e-06,0.03558460995554924,2.1178617316763848e-05
G7,41,514.930908203125,0.9589589834213257,62.248077392578125,62.248077392578125,-75.0,-75.0,-50.6953125,123.0,123.0,554.425048828125,-11.675226211547852,0.015384991653263569,0.015319827012717724,0.015451210550963879,0.015384990721940994,0.015384990721940994,-1.808115213108863e-09,5.693199909728719e-06,0.03592873737215996,2.2331267246045172e-05
G7,42,527.4414672851562,0.9579579830169678,62.158302307128906,62.158302307128906,-75.0,-75.0,-336.8046875,-164.0,123.0,554.423095703125,-11.790539741516113,0.015553789213299751,0.01548792701214552,0.015620718710124493,0.015553789213299751,0.015553789213299751,1.553871520343364e-08,3.895567715517245e-06,0.03627748414874077,1.5653353329980746e-05
G7,43,539.9519653320312,0.9569569826126099,62.065757751464844,62.065757751464844,-75.0,-75.0,-186.171875,5.0,123.0,554.4208984375,-11.907444953918457,0.015725063160061836,0.015658488497138023,0.015792720019817352,0.015725061297416687,0.015725061297416687,2.3431857343325646e-08,6.7792075242323335e-06,0.03663090988993645,1.2216816685395315e-05
G7,44,552.4624633789062,0.955955982208252,61.970489501953125,61.970489501953125,-75.0,-75.0,-86.9921875,54.0,123.0,554.4188232421875,-12.025973320007324,0.015898864716291428,0.015831565484404564,0.015967248007655144,0.01589886099100113,0.01589886099100113,1.862778198358228e-08,7.008755346760154e-06,0.03698911517858505,1.774031261447817e-05
G7,45,564.9729614257812,0.954954981803894,61.87252426147461,61.87252426147461,-75.0,-75.0,-33.6015625,188.0,188.0,554.4166259765625,-12.146159172058105,0.01607523486018181,0.016007209196686745,0.016144365072250366,0.01607523299753666,0.01607523299753666,3.5346805482561194e-09,4.637574875232531e-06,0.037352193146944046,1.8590759282233194e-05
G7,46,577.4834594726562,0.9539539813995361,61.77191925048828,61.77191925048828,-75.0,-75.0,-358.1953125,-136.0,188.0,554.414306640625,-12.268026351928711,0.016254229471087456,0.0161854587495327,0.016324108466506004,0.016254229471087456,0.016254229471087456,-1.4070988818559726e-08,3.6025408007844817e-06,0.0377202108502388,1.294116646022303e-05
G7,47,589.9940185546875,0.9529529809951782,61.668697357177734,61.668697357177734,-75.0,-75.0,-164.984375,-9.0,188.0,554.4119873046875,-12.391613006591797,0.0164358951151371,0.016366368159651756,0.01650654338300228,0.016435891389846802,0.016435891389846802,-2.3631198331486303e-08,5.895808499190025e-06,0.03809328377246857,1.1054319656977896e-05
G7,48,602.5045166015625,0.9519519805908203,61.56288146972656,61.56288146972656,-75.0,-75.0,-69.0078125,99.0,188.0,554.40966796875,-12.516944885253906,0.016620280221104622,0.016549985855817795,0.01669170707464218,0.016620278358459473,0.016620278358459473,-1.787992154334006e-08,5.601914836006472e-06,0.03847147151827812,1.5497107597184367e-05
G7,49,615.0150146484375,0.9509509801864624,61.454490661621094,61.454490661621094,-75.0,-75.0,-25.2421875,151.0,188.0,554.4072265625,-12.64405632019043,0.01680743880569935,0.016736367717385292,0.016879655420780182,0.01680743880569935,0.01680743880569935,7.755545095022853e-10,3.5260995900898706e-06,0.03885487839579582,1.5071340385475196e-05
G7,50,627.5255126953125,0.9499499797821045,61.343544006347656,61.343544006347656,-75.0,-75.0,-341.1640625,-195.0,188.0,554.4046630859375,-12.772981643676758,0.016997424885630608,0.016925565898418427,0.017070436850190163,0.016997424885630608,0.016997424885630608,1.9576772203322435e-08,3.639320311776828e-06,0.03924359753727913,1.0148832188860979e-05
G7,51,640.0360107421875,0.9489489793777466,61.230045318603516,61.230045318603516,-75.0,-75.0,-134.78125,45.0,188.0,554.402099609375,-12.903751373291016,0.01719028875231743,0.01711762696504593,0.01726411283016205,0.01719028688967228,0.01719028688967228,2.3967128726098963e-08,5.137628704687813e-06,0.039637722074985504,1.0602222573652398e-05
G7,52,652.5465698242188,0.9479479789733887,61.11400604248047,61.11400604248047,-75.0,-75.0,-19.8671875,182.0,188.0,554.3995361328125,-13.036397933959961,0.01738608255982399,0.017312616109848022,0.017460733652114868,0.01738608069717884,0.01738608069717884,9.899225439369275e-09,4.201787305646576e-06,0.04003734141588211,1.3626877262140624e-05
G7,53,665.0570678710938,0.9469469785690308,60.99543380737305,60.99543380737305,-75.0,-75.0,-147.6640625,29.0,188.0,554.3968505859375,-13.170957565307617,0.017584864050149918,0.017510581761598587,0.0176603551954031,0.017584864050149918,0.017584864050149918,-1.1546791078842489e-08,2.717468305490911e-06,0.04044254869222641,1.1561560313566588e-05
G7,54,677.5675659179688,0.9459459781646729,60.87432098388672,60.87432098388672,-75.0,-75.0,-230.9140625,-64.0,188.0,554.39404296875,-13.307466506958008,0.017786696553230286,0.0177115760743618,0.01786302775144577,0.017786694690585136,0.017786694690585136,-2.2916150754781484e-08,3.832989932561759e-06,0.04085344821214676,8.204942787415348e-06
G7,55,690.0780639648438,0.9449449181556702,60.750667572021484,60.750667572021484,-75.0,-75.0,-61.328125,175.0,188.0,554.39111328125,-13.445959091186523,0.017991628497838974,0.017915666103363037,0.018068823963403702,0.017991628497838974,0.017991628497838974,-1.550433026409337e-08,4.20501100961701e-06,0.041270140558481216,1.053186679200735e-05
G7,56,702.5885620117188,0.9439439177513123,60.62446594238281,60.62446594238281,-75.0,-75.0,22.78125,258.0,258.0,554.38818359375,-13.586471557617188,0.018199725076556206,0.018122904002666473,0.018277792260050774,0.018199725076556206,0.018199725076556206,3.4133067483566037e-09,2.8808990464312956e-06,0.04169272631406784,1.1363520570739638e-05
G7,57,715.09912109375,0.9429429173469543,60.49570083618164,60.49570083618164,-75.0,-75.0,-355.390625,-176.0,258.0,554.38525390625,-13.72904109954834,0.01841104030609131,0.018333347514271736,0.01848999224603176,0.01841104030609131,0.01841104030609131,1.7799651530481242e-08,2.660313612068421e-06,0.04212130606174469,8.265426004072651e-06
G7,58,727.609619140625,0.9419419169425964,60.36437225341797,60.36437225341797,-75.0,-75.0,-109.7734375,126.0,258.0,554.382080078125,-13.87370491027832,0.018625637516379356,0.018547063693404198,0.018705489113926888,0.018625637516379356,0.018625637516379356,1.6897075738597778e-08,3.666501697807689e-06,0.04255598410964012,7.920083589851856e-06
G7,59,740.1201171875,0.9409409165382385,60.23046112060547,60.23046112060547,-75.0,-75.0,27.9140625,204.0,258.0,554.37890625,-14.020500183105469,0.018843581900000572,0.018764106556773186,0.018924344331026077,0.018843581900000572,0.018843581900000572,3.0616011947870447e-09,3.0002008770679822e-06,0.04299686849117279,9.920442607835867e-06
G7,60,752.630615234375,0.9399399161338806,60.09394836425781,60.09394836425781,-75.0,-75.0,-194.71875,44.0,258.0,554.375732421875,-14.16946792602539,0.01906493306159973,0.01898454874753952,0.019146621227264404,0.01906493306159973,0.01906493306159973,-1.1859413007186959e-08,2.1748435301560676e-06,0.043444063514471054,8.40346547192894e-06
G7,61,765.14111328125,0.9389389157295227,59.95481872558594,59.95481872558594,-75.0,-75.0,-178.2109375,-37.0,258.0,554.372314453125,-14.320646286010742,0.019289756193757057,0.019208449870347977,0.019372383132576942,0.019289756193757057,0.019289756193757057,-1.6296722193942514e-08,2.9652935609192355e-06,0.043897680938243866,6.543476047227159e-06
G7,62,777.6516723632812,0.9379379153251648,59.81304931640625,59.81304931640625,-75.0,-75.0,11.3203125,174.0,258.0,554.368896484375,-14.474075317382812,0.01951812021434307,0.019435875117778778,0.019601697102189064,0.01951812021434307,0.01951812021434307,-7.232078491625771e-09,2.8700994789687684e-06,0.04435782879590988,8.22219044493977e-06
G7,63,790.1621704101562,0.9369369149208069,59.668617248535156,59.668617248535156,-75.0,-75.0,-55.484375,191.0,258.0,554.3653564453125,-14.62979793548584,0.019750088453292847,0.019666891545057297,0.01983463577926159,0.019750088453292847,0.019750088453292847,7.614890051854672e-09,2.011327524087392e-06,0.04482462629675865,7.961379196785856e-06
G7,64,802.6726684570312,0.935935914516449,59.52150344848633,59.52150344848633,-75.0,-75.0,-251.140625,-76.0,258.0,554.3616943359375,-14.787853240966797,0.019985731691122055,0.019901568070054054,0.020071258768439293,0.019985731691122055,0.019985731691122055,1.5257654695233214e-08,2.3788534235791303e-06,0.04529817774891853,5.933896318310872e-06
G7,65,815.1831665039062,0.9349349141120911,59.37166976928711,59.37166976928711,-75.0,-75.0,-16.515625,167.0,258.0,554.35791015625,-14.948287010192871,0.020225118845701218,0.02013997733592987,0.020311644300818443,0.020225118845701218,0.020225118845701218,8.549359442611149e-09,2.58851741818944e-06,0.04577861353754997,6.8149552134855185e-06
G7,66,827.6936645507812,0.9339339137077332,59.21910095214844,59.21910095214844,-75.0,-75.0,4.9921875,222.0,258.0,554.3541259765625,-15.111139297485352,0.020468320697546005,0.020382188260555267,0.020555861294269562,0.020468320697546005,0.020468320697546005,-6.002570884788838e-09,1.8847048295356217e-06,0.046266041696071625,7.178372015914647e-06
G7,67,840.2042236328125,0.9329329133033752,59.06376266479492,59.06376266479492,-75.0,-75.0,-274.09375,-106.0,258.0,554.35009765625,-15.276457786560059,0.020715415477752686,0.020628269761800766,0.02080398052930832,0.020715415477752686,0.020715415477752686,-1.3626071826422503e-08,1.9870726646331605e-06,0.046760592609643936,5.49025662621716e-06
G7,68,852.7147216796875,0.9319319128990173,58.905616760253906,58.905616760253906,-75.0,-75.0,-32.203125,149.0,258.0,554.3460693359375,-15.444284439086914,0.02096647210419178,0.020878298208117485,0.021056076511740685,0.02096647210419178,0.02096647210419178,-6.922854733915074e-09,2.26708039008372e-06,0.04726238548755646,5.802336545457365e-06
G7,69,865.2252197265625,0.9309309124946594,58.7446403503418,58.7446403503418,-75.0,-75.0,17.6640625,210.0,258.0,554.3419189453125,-15.614669799804688,0.021221565082669258,0.021132351830601692,0.021312233060598373,0.021221565082669258,0.021221565082669258,5.803585612085271e-09,1.7244013861272833e-06,0.04777154326438904,6.323928118945332e-06
G7,70,877.7357177734375,0.9299299120903015,58.580787658691406,58.580787658691406,-75.0,-75.0,-255.7421875,-79.0,258.0,554.3375244140625,-15.7876558303833,0.021480780094861984,0.021390506997704506,0.021572520956397057,0.021480780094861984,0.021480780094861984,1.0554783713701e-08,1.7351445649183006e-06,0.048288192600011826,4.997767518943874e-06
G7,71,890.2462158203125,0.9289289116859436,58.414031982421875,58.414031982421875,-75.0,-75.0,-33.0703125,97.0,258.0,554.3331298828125,-15.963293075561523,0.02174418605864048,0.021652843803167343,0.021837016567587852,0.02174418605864048,0.02174418605864048,3.857257180328588e-09,1.964466946446919e-06,0.048812467604875565,5.089139904157491e-06
G7,72,902.7567749023438,0.9279279112815857,58.244327545166016,58.244327545166016,-75.0,-75.0,14.53125,278.0,278.0,554.32861328125,-16.141630172729492,0.02201187051832676,0.021919434890151024,0.022105809301137924,0.02201187051832676,0.02201187051832676,-4.977970036179613e-09,1.5424250250362093e-06,0.049344502389431,5.523841537069529e-06
G7,73,915.2672729492188,0.9269269108772278,58.0716438293457,58.0716438293457,-75.0,-75.0,-218.96875,-53.0,278.0,554.3238525390625,-16.322715759277344,0.02228391543030739,0.02219037152826786,0.02237897925078869,0.02228391356766224,0.02228391356766224,-6.591687640167265e-09,1.5581838397338288e-06,0.04988442361354828,4.464944595383713e-06
G7,74,927.7777709960938,0.9259259104728699,57.89592742919922,57.89592742919922,-75.0,-75.0,-21.3125,103.0,278.0,554.319091796875,-16.506603240966797,0.022560400888323784,0.02246573194861412,0.02265661023557186,0.022560400888323784,0.022560400888323784,-1.609144817393826e-09,1.7000327261484927e-06,0.05043237283825874,4.5583024075313006e-06
G7,75,940.2882690429688,0.924924910068512,57.71714401245117,57.71714401245117,-75.0,-75.0,-6.53125,263.0,278.0,554.3140869140625,-16.693340301513672,0.02284141443669796,0.022745605558156967,0.02293878234922886,0.02284141443669796,0.02284141443669796,3.00415603504689e-09,1.3618378034152556e-06,0.050988487899303436,4.805765456694644e-06
G7,76,952.7987670898438,0.923923909664154,57.535247802734375,57.535247802734375,-75.0,-75.0,-177.6875,-2.0,278.0,554.3089599609375,-16.882984161376953,0.02312704734504223,0.023030079901218414,0.02322559617459774,0.02312704734504223,0.02312704734504223,3.3092664164513508e-09,1.422604782419512e-06,0.0515529103577137,3.9452006603823975e-06
G7,77,965.309326171875,0.9229229092597961,57.35019302368164,57.35019302368164,-75.0,-75.0,11.8125,208.0,278.0,554.3037109375,-17.075584411621094,0.023417383432388306,0.023319236934185028,0.023517126217484474,0.023417383432388306,0.023417383432388306,1.193191323523024e-09,1.4596664641430834e-06,0.05212578922510147,4.136692041356582e-06
G7,78,977.81982421875,0.9219219088554382,57.16192626953125,57.16192626953125,-75.0,-75.0,-43.828125,174.0,278.0,554.29833984375,-17.271198272705078,0.0237125176936388,0.02361317351460457,0.02381347492337227,0.0237125176936388,0.0237125176936388,-5.886650056297071e-10,1.2071210448993952e-06,0.052707258611917496,4.147771051066229e-06
G7,79,990.330322265625,0.9209209084510803,56.97041320800781,56.97041320800781,-75.0,-75.0,-117.6953125,32.0,278.0,554.2928466796875,-17.46988296508789,0.024012543261051178,0.023911984637379646,0.024114735424518585,0.024012543261051178,0.024012543261051178,-1.9967665298992188e-09,1.3022561233810848e-06,0.05329747498035431,3.5018967992073158e-06
G7,80,1002.8408203125,0.9199199080467224,56.77558898925781,56.77558898925781,-75.0,-75.0,33.828125,196.0,278.0,554.287109375,-17.671693801879883,0.024317553266882896,0.024215759709477425,0.024420997127890587,0.024317553266882896,0.024317553266882896,-2.7747955044787886e-09,1.2421121482475428e-06,0.05389659106731415,3.7600646010105265e-06
G7,81,1015.351318359375,0.9189189076423645,56.57741165161133,56.57741165161133,-75.0,-75.0,-94.015625,103.0,278.0,554.2811279296875,-17.87668800354004,0.024627646431326866,0.024524599313735962,0.02473236806690693,0.024627646431326866,0.024627646431326866,-4.177145573880381e-10,1.0905232556979172e-06,0.05450476333498955,3.543257662386168e-06
G7,82,1027.86181640625,0.9179179072380066,56.37582778930664,56.37582778930664,-75.0,-75.0,-59.7578125,79.0,278.0,554.2750854492188,-18.08492660522461,0.024942919611930847,0.02483859844505787,0.025048933923244476,0.024942919611930847,0.024942919611930847,4.034660605611862e-09,1.1798593959611026e-06,0.05512213706970215,3.165459474985255e-06
G7,83,1040.372314453125,0.9169169068336487,56.170772552490234,56.170772552490234,-75.0,-75.0,26.6484375,241.0,278.0,554.268798828125,-18.296466827392578,0.025263475254178047,0.0251578651368618,0.025370802730321884,0.025263475254178047,0.025263475254178047,3.622423250249085e-09,1.0525345714995638e-06,0.05574887990951538,3.378420160515816e-06
G7,84,1052.8829345703125,0.9159159064292908,55.96220016479492,55.96220016479492,-75.0,-75.0,-104.640625,83.0,278.0,554.262451171875,-18.511375427246094,0.025589417666196823,0.02548249438405037,0.02569807879626751,0.025589417666196823,0.025589417666196823,-3.028656436754318e-09,1.011453377941507e-06,0.05638515576720238,3.0130238428682787e-06
G7,85,1065.3934326171875,0.9149149060249329,55.75005340576172,55.75005340576172,-75.0,-75.0,0.515625,120.0,278.0,554.2557373046875,-18.729713439941406,0.02592085488140583,0.02581259422004223,0.02603086642920971,0.02592085488140583,0.02592085488140583,-5.627998511670285e-09,1.0363452247474925e-06,0.05703112110495567,2.9241675747471163e-06
G7,86,1077.9039306640625,0.913913905620575,55.534263610839844,55.534263610839844,-75.0,-75.0,-25.1015625,160.0,278.0,554.2489013671875,-18.951541900634766,0.026257885619997978,0.026148276403546333,0.026369275525212288,0.026257885619997978,0.026257885619997978,1.0851882725759765e-09,9.129159934673226e-07,0.057686954736709595,2.9539789920818293e-06
G7,87,1090.4144287109375,0.912912905216217,55.314781188964844,55.314781188964844,-75.0,-75.0,-64.4453125,110.0,278.0,554.241943359375,-19.176931381225586,0.026600627228617668,0.02648964338004589,0.0267134178429842,0.026600627228617668,0.026600627228617668,5.919350787308986e-09,9.392149422637885e-07,0.05835281312465668,2.620204440972884e-06
G7,88,1102.9249267578125,0.9119119048118591,55.0915412902832,55.0915412902832,-75.0,-75.0,31.4140625,242.0,278.0,554.234619140625,-19.40594482421875,0.026949193328619003,0.026836806908249855,0.0270634014159441,0.026949193328619003,0.026949193328619003,5.729634544593409e-10,8.839912197800004e-07,0.059028882533311844,2.6958834951074095e-06
G7,89,1115.4354248046875,0.9109109044075012,54.86447525024414,54.86447525024414,-75.0,-75.0,-65.5390625,130.0,278.0,554.2271728515625,-19.638652801513672,0.02730369009077549,0.027189888060092926,0.02741933986544609,0.02730369009077549,0.02730369009077549,-5.035990291446524e-09,8.319614153151633e-07,0.059715334326028824,2.5167760213662405e-06
G7,90,1127.9459228515625,0.9099099040031433,54.63352584838867,54.63352584838867,-75.0,-75.0,-15.7734375,103.0,278.0,554.219482421875,-19.875120162963867,0.027664246037602425,0.02754899673163891,0.027781354263424873,0.027664246037602425,0.027664246037602425,-1.527312942783965e-09,8.406506140090642e-07,0.060412343591451645,2.385943844274152e-06
G7,91,1140.4564208984375,0.9089089035987854,54.39862060546875,54.39862060546875,-75.0,-75.0,-22.9375,157.0,278.0,554.2115478515625,-20.11542320251465,0.028030969202518463,0.0279142614454031,0.028149567544460297,0.028030969202518463,0.028030969202518463,3.6947822579236345e-09,7.654477371943358e-07,0.06112009659409523,2.3935085664561484e-06
G7,92,1152.9669189453125,0.9079079031944275,54.15969467163086,54.15969467163086,-75.0,-75.0,-41.0078125,81.0,278.0,554.203369140625,-20.359630584716797,0.028403988108038902,0.028285790234804153,0.02852409891784191,0.028403988108038902,0.028403988108038902,1.9627248715181622e-09,7.688454957133217e-07,0.0618387795984745,2.181013542212895e-06
G7,93,1165.4774169921875,0.9069069027900696,53.91667175292969,53.91667175292969,-75.0,-75.0,15.421875,183.0,278.0,554.1949462890625,-20.607818603515625,0.028783423826098442,0.028663713485002518,0.028905071318149567,0.028783423826098442,0.028783423826098442,-2.3102377788575268e-09,7.246547397699032e-07,0.06256857514381409,2.1937798919680063e-06
G7,94,1177.988037109375,0.9059059023857117,53.66948699951172,53.66948699951172,-75.0,-75.0,-40.2578125,136.0,278.0,554.186279296875,-20.86005973815918,0.02916940674185753,0.029048161581158638,0.02929261140525341,0.02916940674185753,0.02916940674185753,-2.168347945641358e-09,6.974045732022205e-07,0.0633096769452095,2.0553000013023848e-06
G7,95,1190.49853515625,0.9049049019813538,53.418067932128906,53.418067932128906,-75.0,-75.0,13.5546875,167.0,278.0,554.1773681640625,-21.116432189941406,0.02956206165254116,0.029439255595207214,0.02968684956431389,0.02956206165254116,0.02956206165254116,1.0084798551801555e-09,6.827748961768521e-07,0.06406228244304657,1.9854599031532416e-06
G7,96,1203.009033203125,0.9039039015769958,53.16233444213867,53.16233444213867,-75.0,-75.0,-19.984375,142.0,278.0,554.1680908203125,-21.377012252807617,0.02996153011918068,0.02983713522553444,0.030087921768426895,0.02996153011918068,0.02996153011918068,2.2654318421189146e-09,6.410568289538787e-07,0.0648265853524208,1.9331896510266233e-06
G7,97,1215.51953125,0.9029029011726379,52.90221405029297,52.90221405029297,-75.0,-75.0,-4.6328125,129.0,278.0,554.1585693359375,-21.641881942749023,0.030367936939001083,0.030241932719945908,0.030495960265398026,0.030367936939001083,0.030367936939001083,2.531877207889721e-10,6.345862857415341e-07,0.06560278683900833,1.816377221075527e-06
G7,98,1228.030029296875,0.90190190076828,52.63762664794922,52.63762664794922,-75.0,-75.0,-4.140625,126.0,278.0,554.1488037109375,-21.911121368408203,0.030781425535678864,0.03065378963947296,0.03091110847890377,0.030781425535678864,0.030781425535678864,-2.275971411336286e-09,5.962608042864304e-07,0.06639109551906586,1.794510012587125e-06
G7,99,1240.54052734375,0.9009009003639221,52.368499755859375,52.368499755859375,-75.0,-75.0,-19.640625,211.0,278.0,554.138671875,-22.184810638427734,0.031202133744955063,0.031072836369276047,0.031333502382040024,0.031202133744955063,0.031202133744955063,-1.4827915562065641e-09,5.855135327692551e-07,0.0671917125582695,1.6834067082527326e-06
G7,100,1253.051025390625,0.8998998999595642,52.0947380065918,52.0947380065918,-75.0,-75.0,3.1875,141.0,278.0,554.128173828125,-22.463037490844727,0.03163020685315132,0.0314992256462574,0.03176329284906387,0.03163020685315132,0.03163020685315132,2.251815400811097e-09,5.571757242250897e-07,0.06800484657287598,1.6533944062757655e-06
G7,101,1265.5615234375,0.8988988995552063,51.81626892089844,51.81626892089844,-75.0,-75.0,-19.734375,131.0,278.0,554.117431640625,-22.745887756347656,0.03206579014658928,0.03193309158086777,0.03220062330365181,0.03206579014658928,0.03206579014658928,2.5424378158334093e-09,5.402278020483209e-07,0.068830706179142,1.5683158380852547e-06
G7,102,1278.072021484375,0.8978978991508484,51.53300476074219,51.53300476074219,-75.0,-75.0,2.7890625,133.0,278.0,554.1063232421875,-23.033447265625,0.03250904008746147,0.03237459436058998,0.03264563903212547,0.03250904008746147,0.03250904008746147,-2.316942859792448e-09,5.206995865592035e-07,0.06966952234506607,1.5222250340229948e-06
G7,103,1290.58251953125,0.8968968987464905,51.24485778808594,51.24485778808594,-75.0,-75.0,-19.296875,152.0,278.0,554.0949096679688,-23.325803756713867,0.03296009823679924,0.03282389044761658,0.0330984964966774,0.03296009823679924,0.03296009823679924,-3.0623592550682588e-09,4.994050186724053e-07,0.07052150368690491,1.4609451000069384e-06
G7,104,1303.0931396484375,0.8958958983421326,50.95174026489258,50.95174026489258,-75.0,-75.0,-2.8828125,148.0,278.0,554.0831298828125,-23.62305450439453,0.03341912850737572,0.0332811214029789,0.03355935588479042,0.03341912850737572,0.03341912850737572,2.326669079621979e-09,4.856041186940274e-07,0.07138688117265701,1.4047682270756923e-06
G7,105,1315.6036376953125,0.8948948979377747,50.65355682373047,50.65355682373047,-75.0,-75.0,-9.171875,121.0,278.0,554.0709228515625,-23.9252872467041,0.03388628736138344,0.033746447414159775,0.034028369933366776,0.03388628736138344,0.03388628736138344,2.8027884457770824e-09,4.6395715003200166e-07,0.0722658634185791,1.3587526837000041e-06
G7,106,1328.1141357421875,0.8938938975334167,50.35022735595703,50.35022735595703,-75.0,-75.0,-8.90625,142.0,278.0,554.058349609375,-24.23259735107422,0.034361738711595535,0.03422003984451294,0.034505706280469894,0.034361738711595535,0.034361738711595535,-1.6862234941683596e-09,4.520048833001056e-07,0.07315870374441147,1.3012198678552522e-06
G7,107,1340.6246337890625,0.8928928971290588,50.04164505004883,50.04164505004883,-75.0,-75.0,-12.265625,100.0,278.0,554.0452880859375,-24.545082092285156,0.03484564274549484,0.034702055156230927,0.03499152883887291,0.03484564274549484,0.03484564274549484,-2.5890598553957034e-09,4.3209772115915257e-07,0.07406561821699142,1.2626293255380006e-06
G7,108,1353.1351318359375,0.8918918967247009,49.727718353271484,49.727718353271484,-75.0,-75.0,-4.0390625,144.0,278.0,554.031982421875,-24.862838745117188,0.035338178277015686,0.03519267588853836,0.03548600524663925,0.035338178277015686,0.035338178277015686,7.449964534167464e-10,4.217239961690211e-07,0.07498685270547867,1.2089968777218019e-06
G7,109,1365.6456298828125,0.890890896320343,49.408348083496094,49.408348083496094,-75.0,-75.0,-16.8125,122.0,278.0,554.01806640625,-25.18596649169922,0.0358395092189312,0.03569205477833748,0.035989318042993546,0.0358395092189312,0.0358395092189312,3.218927346892997e-09,4.036877214730339e-07,0.0759226456284523,1.1757629181374796e-06
G7,110,1378.1561279296875,0.8898898959159851,49.08343505859375,49.08343505859375,-75.0,-75.0,-13.109375,156.0,278.0,554.0037841796875,-25.514572143554688,0.036349810659885406,0.036200378090143204,0.03650163114070892,0.036349810659885406,0.036349810659885406,-1.211109101895147e-09,3.9445745869670645e-07,0.07687322795391083,1.131150384026114e-06
G7,111,1390.6666259765625,0.8888888955116272,48.75288391113281,48.75288391113281,-75.0,-75.0,-23.5078125,158.0,278.0,553.9890747070312,-25.848756790161133,0.03686927258968353,0.036717820912599564,0.03702313080430031,0.03686927258968353,0.03686927258968353,-2.770402351970347e-09,3.801470143116603e-07,0.07783886045217514,1.1168217497470323e-06
G7,112,1403.1771240234375,0.8878878951072693,48.41657638549805,48.41657638549805,-75.0,-75.0,-19.5625,168.0,278.0,553.973876953125,-26.18862533569336,0.037398066371679306,0.03724457323551178,0.03755400329828262,0.037398066371679306,0.037398066371679306,1.3744533289283822e-09,3.7342928749239945e-07,0.07881978899240494,1.1315862593619386e-06
G7,113,1415.6876220703125,0.8868868947029114,48.07441329956055,48.07441329956055,-75.0,-75.0,-42.671875,119.0,278.0,553.9581298828125,-26.534284591674805,0.037936385720968246,0.03778081387281418,0.03809443861246109,0.037936385720968246,0.037936385720968246,2.9465176965004503e-09,3.664559926619404e-07,0.07981625944375992,1.2385082754917676e-06
G7,114,1428.1982421875,0.8858858942985535,47.726295471191406,47.726295471191406,-75.0,-75.0,-47.21875,112.0,278.0,553.94189453125,-26.885847091674805,0.038484420627355576,0.03832673653960228,0.038644611835479736,0.038484420627355576,0.038484420627355576,-3.636563272735316e-09,3.6948378578927077e-07,0.08082853257656097,1.4132127716948162e-06
G7,115,1440.708740234375,0.8848848938941956,47.372093200683594,47.372093200683594,-75.0,-75.0,-88.328125,71.0,278.0,553.9251708984375,-27.243427276611328,0.039042361080646515,0.038882531225681305,0.039204731583595276,0.039042361080646515,0.039042361080646515,1.6436388361462662e-10,3.819208700406307e-07,0.081856869161129,1.7748028540154337e-06
G7,116,1453.21923828125,0.8838838934898376,47.0117073059082,47.0117073059082,-75.0,-75.0,-149.5390625,58.0,278.0,553.9078369140625,-27.607131958007812,0.03961040824651718,0.03944840282201767,0.03977499529719353,0.03961040824651718,0.03961040824651718,3.10268144509962e-09,4.1992853994088364e-07,0.08290152251720428,2.4119829049595864e-06
G7,117,1465.729736328125,0.8828828930854797,46.64501953125,46.64501953125,-75.0,-75.0,-226.03125,55.0,278.0,553.8900146484375,-27.97708511352539,0.04018877074122429,0.0400245375931263,0.04035560414195061,0.04018877074122429,0.04018877074122429,-2.5913515777631346e-09,4.917006322102679e-07,0.08396276831626892,3.1795341328688664e-06
G7,118,1478.240234375,0.8818818926811218,46.27191925048828,46.27191925048828,-75.0,-75.0,-336.8828125,-4.0,278.0,553.8714599609375,-28.3533992767334,0.040777646005153656,0.04061116650700569,0.04094675928354263,0.040777646005153656,0.040777646005153656,-7.178385663664244e-10,6.315937639556068e-07,0.0850408747792244,4.209074177197181e-06
G7,119,1490.750732421875,0.8808808922767639,45.89228057861328,45.89228057861328,-75.0,-75.0,-503.7421875,-31.0,278.0,553.8524169921875,-28.73619842529297,0.0413772389292717,0.041208475828170776,0.041548680514097214,0.0413772389292717,0.0413772389292717,2.1513431036623842e-09,8.918897833609662e-07,0.0861361101269722,5.7021056818484794e-06
G7,120,1503.26123046875,0.879879891872406,45.5059814453125,45.5059814453125,-75.0,-75.0,-671.140625,-201.0,278.0,553.8326416015625,-29.12560272216797,0.04198778048157692,0.04181669279932976,0.042161572724580765,0.04198778048157692,0.04198778048157692,-7.019269609997991e-10,1.3426745226752246e-06,0.08724875003099442,7.894394002505578e-06
G7,121,1515.771728515625,0.8788788914680481,45.112892150878906,45.112892150878906,-75.0,-75.0,-829.9921875,-230.0,278.0,553.8123779296875,-29.521738052368164,0.04260947182774544,0.04243602976202965,0.042785659432411194,0.04260947182774544,0.04260947182774544,3.35628724812409e-09,2.0853688056376996e-06,0.08837907761335373,1.1017034921678714e-05
G7,122,1528.2822265625,0.8778778910636902,44.71290588378906,44.71290588378906,-75.0,-75.0,-917.625,-527.0,278.0,553.791259765625,-29.924732208251953,0.043242547661066055,0.043066710233688354,0.043421171605587006,0.043242547661066055,0.043242547661066055,-1.5360960503585375e-08,3.2068858217826346e-06,0.08952736109495163,1.5035185242595617e-05
G7,123,1540.792724609375,0.8768768906593323,44.30588150024414,44.30588150024414,-75.0,-75.0,-969.265625,-700.0,278.0,553.76953125,-30.334712982177734,0.04388723149895668,0.04370895400643349,0.04406832903623581,0.04388723149895668,0.04388723149895668,1.552935380289e-08,4.800349870492937e-06,0.0906938910484314,2.027704249485396e-05
G7,124,1553.3033447265625,0.8758758902549744,43.89168930053711,43.89168930053711,-75.0,-75.0,-995.78125,-833.0,278.0,553.7470703125,-30.751815795898438,0.044543761759996414,0.044363003224134445,0.04472736269235611,0.04454375058412552,0.04454375058412552,1.71224652234514e-08,6.858920642116573e-06,0.09187895804643631,2.692660018510651e-05
G7,125,1565.8138427734375,0.8748748898506165,43.47019577026367,43.47019577026367,-75.0,-75.0,-1037.7265625,-834.0,278.0,553.7237548828125,-31.176170349121094,0.04521235451102257,0.04502908140420914,0.04539850726723671,0.04521235451102257,0.04521235451102257,-4.908135409209535e-08,9.210722055286169e-06,0.09308283776044846,3.458587889326736e-05
G7,126,1578.3243408203125,0.8738738894462585,43.04126739501953,43.04126739501953,-75.0,-75.0,-1068.1953125,-850.0,278.0,553.6997680664062,-31.607913970947266,0.045893266797065735,0.04570743814110756,0.046082012355327606,0.045893266797065735,0.045893266797065735,5.238857525569074e-08,1.157980841526296e-05,0.0943058431148529,4.230902050039731e-05
G7,127,1590.8348388671875,0.8728728890419006,42.604766845703125,42.604766845703125,-75.0,-75.0,-1081.4140625,-896.0,278.0,553.6749267578125,-32.04719161987305,0.046586740761995316,0.04639831930398941,0.0467781163752079,0.04658673703670502,0.04658673703670502,-4.2998312466124844e-08,1.3640794350067154e-05,0.09554824978113174,4.903037552139722e-05
G7,128,1603.3453369140625,0.8718718886375427,42.160552978515625,42.160552978515625,-75.0,-75.0,-1095.4765625,-838.0,278.0,553.6492919921875,-32.49413299560547,0.04729302227497101,0.04710196703672409,0.047487080097198486,0.04729301854968071,0.04729301854968071,1.6403555846977724e-08,1.5194133084150963e-05,0.09681035578250885,5.417913416749798e-05
G7,129,1615.8558349609375,0.8708708882331848,41.70848846435547,41.70848846435547,-75.0,-75.0,-1067.7109375,-768.0,278.0,553.6226806640625,-32.948890686035156,0.04801236838102341,0.047818638384342194,0.048209141939878464,0.04801236093044281,0.04801236093044281,2.6651218121287457e-08,1.6335687178070657e-05,0.09809248149394989,5.75478479731828e-05
G7,130,1628.3663330078125,0.8698698878288269,41.24842071533203,41.24842071533203,-75.0,-75.0,-1052.5859375,-820.0,278.0,553.5953369140625,-33.4116096496582,0.048745036125183105,0.04854859784245491,0.04894457012414932,0.04874502867460251,0.04874502867460251,-4.804432762739452e-08,1.721053740766365e-05,0.09939490258693695,5.967848119325936e-05
G7,131,1640.8768310546875,0.868868887424469,40.78020477294922,40.78020477294922,-75.0,-75.0,-1047.8046875,-792.0,278.0,553.56689453125,-33.8824348449707,0.049491290003061295,0.04929208755493164,0.04969362914562225,0.049491286277770996,0.049491286277770996,-4.1596739386307036e-09,1.8062735762214288e-05,0.1007179394364357,6.110672984505072e-05
G7,132,1653.3873291015625,0.8678678870201111,40.30369567871094,40.30369567871094,-75.0,-75.0,-1071.3515625,-776.0,278.0,553.53759765625,-34.36151885986328,0.050251398235559464,0.05004938691854477,0.05045657232403755,0.050251398235559464,0.050251398235559464,9.514457843806667e-08,1.9093649825663306e-05,0.10206189006567001,6.302272231550887e-05
G7,133,1665.89794921875,0.8668668866157532,39.818729400634766,39.818729400634766,-75.0,-75.0,-1098.578125,-849.0,278.0,553.5072021484375,-34.84901428222656,0.0510256290435791,0.05082077533006668,0.05123370885848999,0.0510256290435791,0.0510256290435791,-8.650545879618221e-08,2.0337067326181568e-05,0.10342705994844437,6.598151958314702e-05
G7,134,1678.408447265625,0.8658658862113953,39.325157165527344,39.325157165527344,-75.0,-75.0,-1147.4765625,-828.0,278.0,553.475830078125,-35.34507751464844,0.05181426927447319,0.051606521010398865,0.05202527716755867,0.051814258098602295,0.051814258098602295,-4.3605336230712055e-08,2.187013888033107e-05,0.10481376200914383,6.999769539106637e-05
G7,135,1690.9189453125,0.8648648858070374,38.82282638549805,38.82282638549805,-75.0,-75.0,-1200.75,-831.0,278.0,553.443359375,-35.84986877441406,0.052617594599723816,0.0524069108068943,0.05283157899975777,0.05261758714914322,0.05261758714914322,1.3524149267141183e-07,2.3802595023880713e-05,0.10622230172157288,7.536858902312815e-05
G7,136,1703.429443359375,0.8638638854026794,38.31157684326172,38.31157684326172,-75.0,-75.0,-1260.609375,-749.0,278.0,553.4097900390625,-36.36354446411133,0.05343589559197426,0.053222231566905975,0.05365290120244026,0.05343588814139366,0.05343588814139366,-8.972316578592654e-08,2.6077517759404145e-05,0.10765299946069717,8.24333619675599e-05
G7,137,1715.93994140625,0.8628628849983215,37.791236877441406,37.791236877441406,-75.0,-75.0,-1324.375,-890.0,278.0,553.375,-36.88627243041992,0.0542694590985775,0.05405276641249657,0.05448954552412033,0.0542694516479969,0.0542694516479969,3.7707440725398556e-08,2.8653472327277996e-05,0.1091061532497406,9.073163528228179e-05
G7,138,1728.450439453125,0.8618618845939636,37.26164627075195,37.26164627075195,-75.0,-75.0,-1353.5078125,-837.0,278.0,553.339111328125,-37.418216705322266,0.05511859804391861,0.05489882454276085,0.055341798812150955,0.055118583142757416,0.055118583142757416,-1.1988404935436847e-07,3.14230564981699e-05,0.11058208346366882,0.00010009580728365108
G7,139,1740.9609375,0.8608608841896057,36.72264099121094,36.72264099121094,-75.0,-75.0,-1376.0390625,-924.0,278.0,553.3018798828125,-37.95954895019531,0.05598360300064087,0.0557607039809227,0.056209977716207504,0.055983588099479675,0.055983588099479675,2.199562629812135e-07,3.399336492293514e-05,0.1120811179280281,0.0001100592635339126
G7,140,1753.471435546875,0.8598598837852478,36.17404556274414,36.17404556274414,-75.0,-75.0,-1351.7421875,-1035.0,278.0,553.263427734375,-38.510433197021484,0.05686478316783905,0.05663871765136719,0.057094376534223557,0.05686476454138756,0.05686476454138756,-1.5674159214995598e-07,3.582565113902092e-05,0.11360354721546173,0.000119222910143435
G7,141,1765.98193359375,0.8588588237762451,35.615692138671875,35.615692138671875,-75.0,-75.0,-1300.7109375,-1032.0,278.0,553.2236328125,-39.071044921875,0.05776245892047882,0.05753317102789879,0.05799531936645508,0.05776244029402733,0.05776244029402733,1.772561475377188e-08,3.668131466838531e-05,0.11514969170093536,0.0001255072420462966
G7,142,1778.492431640625,0.8578578233718872,35.047393798828125,35.047393798828125,-75.0,-75.0,-1237.171875,-994.0,278.0,553.182373046875,-39.641571044921875,0.05867693945765495,0.05844438821077347,0.058913107961416245,0.05867691710591316,0.05867691710591316,2.070538940301958e-08,3.733827907126397e-05,0.11671988666057587,0.00012856734974775463
G7,143,1791.0030517578125,0.8568568229675293,34.46898651123047,34.46898651123047,-75.0,-75.0,-1195.9296875,-999.0,278.0,553.1397705078125,-40.22217559814453,0.05960855260491371,0.059372685849666595,0.059848081320524216,0.05960853397846222,0.05960853397846222,-2.3217298306121847e-08,3.8290105294436216e-05,0.11831443756818771,0.0001306188787566498
G7,144,1803.5135498046875,0.8558558225631714,33.88027572631836,33.88027572631836,-75.0,-75.0,-1183.578125,-949.0,278.0,553.0955810546875,-40.81304931640625,0.06055762991309166,0.06031839922070503,0.06080058589577675,0.06055761128664017,0.06055761128664017,7.110666189191761e-08,3.935670974897221e-05,0.11993364244699478,0.00013330545334611088
G7,145,1816.0240478515625,0.8548548221588135,33.281089782714844,33.281089782714844,-75.0,-75.0,-1143.5859375,-963.0,278.0,553.0499267578125,-41.41437530517578,0.06152451038360596,0.06128184497356415,0.06177092343568802,0.06152448430657387,0.06152448430657387,-2.293485401594353e-08,3.998051397502422e-05,0.12157782912254333,0.00013612621114589274
G7,146,1828.5345458984375,0.8538538217544556,32.67123794555664,32.67123794555664,-75.0,-75.0,-1095.0,-923.0,278.0,553.002685546875,-42.02633285522461,0.06250951439142227,0.06226338818669319,0.06275945156812668,0.06250949949026108,0.06250949949026108,-1.232211417345752e-07,3.990779441664927e-05,0.12324729561805725,0.0001377385196974501
G7,147,1841.0450439453125,0.8528528213500977,32.050537109375,32.050537109375,-75.0,-75.0,-1042.5703125,-792.0,278.0,552.9537353515625,-42.64912033081055,0.06351300328969955,0.06326336413621902,0.06376651674509048,0.06351298093795776,0.06351298093795776,2.461580663748464e-07,3.983929127571173e-05,0.1249423623085022,0.00013719688286073506
G7,148,1853.5555419921875,0.8518518209457397,31.418785095214844,31.418785095214844,-75.0,-75.0,-1008.2578125,-815.0,278.0,552.903076171875,-43.282920837402344,0.06453531980514526,0.06428211182355881,0.0647924542427063,0.06453530490398407,0.06453530490398407,-2.5490629695923417e-07,3.9980663132155314e-05,0.12666332721710205,0.00013623322593048215
G7,149,1866.0660400390625,0.8508508205413818,30.775802612304688,30.775802612304688,-75.0,-75.0,-981.7421875,-744.0,278.0,552.8506469726562,-43.92793273925781,0.06557682156562805,0.06531999260187149,0.06583762913942337,0.06557680666446686,0.06557680666446686,7.652739242303142e-08,4.006365270470269e-05,0.12841051816940308,0.0001361488102702424
G7,150,1878.5765380859375,0.8498498201370239,30.121387481689453,30.121387481689453,-75.0,-75.0,-965.1015625,-739.0,278.0,552.79638671875,-44.5843505859375,0.06663787364959717,0.06637735664844513,0.06690242141485214,0.06663785874843597,0.06663785874843597,7.887352637681033e-08,4.031139178550802e-05,0.13018420338630676,0.0001364300405839458
G7,151,1891.0870361328125,0.848848819732666,29.455341339111328,29.455341339111328,-75.0,-75.0,-959.2890625,-758.0,278.0,552.7401123046875,-45.25237274169922,0.06771884113550186,0.06745459139347076,0.06798715889453888,0.06771881878376007,0.06771881878376007,7.642578481181772e-08,4.060507126268931e-05,0.13198469579219818,0.00013717953697778285
G7,152,1903.5975341796875,0.8478478193283081,28.7774658203125,28.7774658203125,-75.0,-75.0,-943.5625,-756.0,278.0,552.6820068359375,-45.93220138549805,0.06882007420063019,0.06855203956365585,0.06909223645925522,0.0688200518488884,0.0688200518488884,-2.2763094875699608e-07,4.095786061952822e-05,0.1338122934103012,0.00013813535042572767
G7,153,1916.108154296875,0.8468468189239502,28.087554931640625,28.087554931640625,-75.0,-75.0,-940.5234375,-682.0,278.0,552.6217041015625,-46.62403869628906,0.06994197517633438,0.06967009603977203,0.0702180340886116,0.06994196027517319,0.06994196027517319,-3.093984091151469e-08,4.134556365897879e-05,0.13566727936267853,0.00013981282245367765
G7,154,1928.61865234375,0.8458458185195923,27.38541030883789,27.38541030883789,-75.0,-75.0,-952.375,-708.0,278.0,552.559326171875,-47.328086853027344,0.07108490914106369,0.07080914080142975,0.07136491686105728,0.0710848867893219,0.0710848867893219,2.1150364659661136e-07,4.214857108308934e-05,0.13754995167255402,0.00014206023479346186
G7,155,1941.129150390625,0.8448448181152344,26.670818328857422,26.670818328857422,-75.0,-75.0,-977.6640625,-761.0,278.0,552.4947509765625,-48.044559478759766,0.07224927097558975,0.07196955382823944,0.07253327965736389,0.07224924862384796,0.07224924862384796,9.701951597662628e-08,4.340492159826681e-05,0.13946057856082916,0.000145895013702102
G7,156,1953.6396484375,0.8438438177108765,25.943571090698242,25.943571090698242,-75.0,-75.0,-996.15625,-758.0,278.0,552.4279174804688,-48.77366638183594,0.07343544065952301,0.07315172255039215,0.07372351735830307,0.07343541830778122,0.07343541830778122,-3.4097644174835295e-07,4.452276334632188e-05,0.14139944314956665,0.00015151791740208864
G7,157,1966.150146484375,0.8428428173065186,25.203460693359375,25.203460693359375,-75.0,-75.0,-1028.875,-793.0,278.0,552.358642578125,-49.5156135559082,0.0746438205242157,0.07435604929924011,0.07493602484464645,0.07464379817247391,0.07464379817247391,1.798817805820363e-07,4.582671317621134e-05,0.14336681365966797,0.0001569368614582345
G7,158,1978.66064453125,0.8418418169021606,24.450265884399414,24.450265884399414,-75.0,-75.0,-1056.96875,-801.0,278.0,552.2869873046875,-50.2706184387207,0.07587481290102005,0.07558292895555496,0.07617118954658508,0.07587479054927826,0.07587479054927826,7.477738250827315e-08,4.775308843818493e-05,0.1453629434108734,0.0001631894992897287
G7,159,1991.171142578125,0.8408408164978027,23.683778762817383,23.683778762817383,-75.0,-75.0,-1081.9453125,-813.0,278.0,552.2127075195312,-51.03889465332031,0.0771288201212883,0.07683275640010834,0.07742942124605179,0.07712879776954651,0.07712879776954651,-2.693671206088766e-07,4.960151272825897e-05,0.14738810062408447,0.0001717879349598661
G7,160,2003.681640625,0.8398398160934448,22.903778076171875,22.903778076171875,-75.0,-75.0,-1116.1015625,-814.0,278.0,552.1358032226562,-51.8206672668457,0.07840625941753387,0.07810594886541367,0.0787111446261406,0.07840622961521149,0.07840622961521149,3.327578781409102e-07,5.1409544539637864e-05,0.14944252371788025,0.00018036525580100715
G7,161,2016.192138671875,0.8388388156890869,22.11004638671875,22.11004638671875,-75.00000762939453,-75.00000762939453,-1130.1484375,-856.0,278.0,552.05615234375,-52.61614990234375,0.07970752567052841,0.07940295338630676,0.08001675456762314,0.07970749586820602,0.07970749586820602,-1.5053342394821811e-07,5.347173646441661e-05,0.15152645111083984,0.00018820131663233042
G7,162,2028.70263671875,0.837837815284729,21.30236053466797,21.30236053466797,-75.00000762939453,-75.00000762939453,-1145.3203125,-888.0,278.0,551.9736938476562,-53.425567626953125,0.08103305846452713,0.08072414994239807,0.08134669065475464,0.08103302121162415,0.08103302121162415,-1.6357843080072598e-08,5.536583557841368e-05,0.15364010632038116,0.00019690200861077756
G7,163,2041.2132568359375,0.8368368148803711,20.480499267578125,20.480499267578125,-75.00001525878906,-75.00000762939453,-1136.2421875,-901.0,278.0,551.8883056640625,-54.24913787841797,0.08238326758146286,0.08206995576620102,0.08270135521888733,0.08238323032855988,0.08238323032855988,-1.2449954844839795e-08,5.676013824995607e-05,0.1557837277650833,0.00020527801825664937
G7,164,2053.7236328125,0.8358358144760132,19.644237518310547,19.644237518310547,-75.00001525878906,-75.00000762939453,-1134.34375,-917.0,278.0,551.7998046875,-55.08708953857422,0.08375857770442963,0.08344081789255142,0.08408119529485703,0.08375855535268784,0.08375855535268784,5.007540693213741e-08,5.80162595724687e-05,0.15795749425888062,0.0002115214301738888
G7,165,2066.234130859375,0.8348348140716553,18.793346405029297,18.793346405029297,-75.00001525878906,-75.00000762939453,-1126.84375,-913.0,278.0,551.708251953125,-55.93964767456055,0.08515945076942444,0.0848371759057045,0.08548662811517715,0.08515941351652145,0.08515941351652145,-1.322497240607845e-07,5.931392661295831e-05,0.16016164422035217,0.00021648446272592992
G7,166,2078.74462890625,0.8338338136672974,17.927608489990234,17.927608489990234,-75.00001525878906,-75.00000762939453,-1130.546875,-869.0,278.0,551.6133422851562,-56.807037353515625,0.08658628165721893,0.08625944703817368,0.08691809326410294,0.08658624440431595,0.08658624440431595,3.0249964311224176e-07,6.0702674090862274e-05,0.16239631175994873,0.00022236088989302516
G7,167,2091.255126953125,0.8328328132629395,17.046789169311523,17.046789169311523,-75.00001525878906,-75.00000762939453,-1113.5625,-879.0,278.0,551.5150146484375,-57.68949508666992,0.08803951740264893,0.08770807087421417,0.08837603777647018,0.08803949505090714,0.08803949505090714,-4.2526195898062724e-07,6.185279198689386e-05,0.164661705493927,0.0002278803731314838
G7,168,2103.765869140625,0.8318318128585815,16.15066146850586,16.15066146850586,-75.00001525878906,-75.00000762939453,-1106.875,-890.0,278.0,551.413330078125,-58.58723831176758,0.08951961994171143,0.08918347954750061,0.08986087888479233,0.08951958268880844,0.08951958268880844,3.924950817690842e-07,6.273656617850065e-05,0.16695795953273773,0.0002328031259821728
G7,169,2116.2763671875,0.8308308124542236,15.238993644714355,15.238993644714355,-75.00001525878906,-75.00000762939453,-1087.9921875,-807.0,278.0,551.307861328125,-59.50050735473633,0.09102702140808105,0.0906861424446106,0.09137307107448578,0.09102699160575867,0.09102699160575867,-2.643742789132375e-07,6.345730798784643e-05,0.16928522288799286,0.0002366813860135153
G7,170,2128.786865234375,0.8298298120498657,14.311555862426758,14.311555862426758,-75.00001525878906,-75.00000762939453,-1085.421875,-884.0,278.0,551.19873046875,-60.429527282714844,0.09256216138601303,0.09221649169921875,0.09291308373212814,0.09256211668252945,0.09256211668252945,4.1410379481021664e-07,6.429247878259048e-05,0.17164364457130432,0.00023977062664926052
G7,171,2141.29736328125,0.8288288116455078,13.368117332458496,13.368117332458496,-75.00001525878906,-75.00000762939453,-1085.28125,-851.0,278.0,551.085693359375,-61.37453079223633,0.09412551671266556,0.09377498924732208,0.09448135644197464,0.09412547945976257,0.09412547945976257,-6.015003464199253e-07,6.5704902226571e-05,0.1740332841873169,0.00024364648561459035
G7,172,2153.807861328125,0.8278278112411499,12.408446311950684,12.408446311950684,-75.00001525878906,-75.00000762939453,-1103.4375,-886.0,278.0,550.9686279296875,-62.335750579833984,0.09571750462055206,0.09536208212375641,0.0960783064365387,0.09571746736764908,0.09571746736764908,3.691385757065291e-07,6.712668255204335e-05,0.17645429074764252,0.00025015458231791854
G7,173,2166.318359375,0.826826810836792,11.432311058044434,11.432311058044434,-75.00001525878906,-75.00000762939453,-1098.0234375,-828.0,278.0,550.847412109375,-63.31342315673828,0.09733861684799194,0.09697823226451874,0.0977044403553009,0.09733857959508896,0.09733857959508896,5.6860447017470506e-08,6.859268614789471e-05,0.17890669405460358,0.00025776505935937166
G7,174,2178.828857421875,0.8258258104324341,10.43947982788086,10.43947982788086,-75.00001525878906,-75.00000762939453,-1099.4375,-843.0,278.0,550.7218017578125,-64.30776977539062,0.09898929297924042,0.09862388670444489,0.09936019033193588,0.09898925572633743,0.09898925572633743,-3.906562255906465e-07,6.984425999689847e-05,0.18139056861400604,0.0002650326059665531
G7,175,2191.33935546875,0.8248248100280762,9.429718971252441,9.429718971252441,-75.00001525878906,-75.00000762939453,-1107.640625,-863.0,278.0,550.5917358398438,-65.31903076171875,0.1006699949502945,0.10029950737953186,0.10104603320360184,0.10066995024681091,0.10066995024681091,2.3786313363416411e-07,7.086899131536484e-05,0.1839059591293335,0.0002711816632654518
G7,176,2203.849853515625,0.8238238096237183,8.40279769897461,8.40279769897461,-75.00001525878906,-75.00000762939453,-1109.15625,-782.0,278.0,550.45703125,-66.34744262695312,0.10238116979598999,0.10200557857751846,0.10276240110397339,0.102381132543087,0.102381132543087,3.0106815529507003e-07,7.258499681483954e-05,0.18645286560058594,0.00027694221353158355
G7,177,2216.3603515625,0.8228228092193604,7.358489036560059,7.358489036560059,-75.00001525878906,-75.00000762939453,-1134.609375,-806.0,278.0,550.3175659179688,-67.39321899414062,0.1041233018040657,0.10374252498149872,0.10450977832078934,0.10412326455116272,0.10412326455116272,-2.681921102976048e-07,7.483719673473388e-05,0.18903127312660217,0.0002859232190530747
G7,178,2228.870849609375,0.8218218088150024,6.296560764312744,6.296560764312744,-75.00001525878906,-75.00000762939453,-1141.546875,-877.0,278.0,550.1731567382812,-68.45661163330078,0.10589684545993805,0.10551083832979202,0.1062886044383049,0.10589679330587387,0.10589679330587387,-1.1238109465239177e-07,7.717011612839997e-05,0.191641166806221,0.0002975804090965539
G7,179,2241.38134765625,0.8208208084106445,5.216782569885254,5.216782569885254,-75.00001525878906,-75.00000762939453,-1152.1640625,-882.0,278.0,550.0236206054688,-69.53783416748047,0.10770225524902344,0.10731096565723419,0.10809935629367828,0.10770221799612045,0.10770221799612045,1.779878715524319e-07,7.900682976469398e-05,0.19428248703479767,0.00030930296634323895
G7,180,2253.891845703125,0.8198198080062866,4.118927001953125,4.118927001953125,-75.00001525878906,-75.00000762939453,-1159.6171875,-895.0,278.0,549.8687744140625,-70.63713073730469,0.10954000055789948,0.10914339125156403,0.10994250327348709,0.1095399558544159,0.1095399558544159,-3.0523980854013644e-07,8.070952753769234e-05,0.1969551295042038,0.0003189464332535863
G7,181,2266.40234375,0.8188188076019287,3.0027694702148438,3.0027694702148438,-75.00001525878906,-75.00000762939453,-1175.171875,-980.0,278.0,549.70849609375,-71.75469970703125,0.11141053587198257,0.11100854724645615,0.11181849986314774,0.11141049861907959,0.11141049861907959,1.9571855602862342e-07,8.320503548020497e-05,0.19965901970863342,0.00032933815964497626
G7,182,2278.912841796875,0.8178178071975708,1.8680837154388428,1.8680837154388428,-75.00001525878906,-75.00001525878906,-1180.46875,-949.0,278.0,549.54248046875,-72.89079284667969,0.11331433802843094,0.11290692538022995,0.11372780054807663,0.11331429332494736,0.11331429332494736,2.388808297837386e-07,8.55417747516185e-05,0.2023940086364746,0.00034187824348919094
G7,183,2291.42333984375,0.8168168067932129,0.7146512269973755,0.7146512269973755,-75.00001525878906,-75.00001525878906,-1187.7421875,-958.0,278.0,549.37060546875,-74.04561614990234,0.11525185406208038,0.11483896523714066,0.11567085981369019,0.1152518019080162,0.1152518019080162,-3.563457653399382e-07,8.779099152889103e-05,0.20515990257263184,0.0003546049993019551
G7,184,2303.933837890625,0.815815806388855,-0.45774930715560913,-0.45774930715560913,-75.00001525878906,-75.00001525878906,-1187.734375,-944.0,278.0,549.1926879882812,-75.21939849853516,0.11722354590892792,0.11680512875318527,0.11764813959598541,0.11722350120544434,0.11722350120544434,3.176726792730733e-08,8.973419608082622e-05,0.20795655250549316,0.0003661684168037027
G7,185,2316.4443359375,0.8148148059844971,-1.649336576461792,-1.649336576461792,-75.00001525878906,-75.00001525878906,-1180.40625,-927.0,278.0,549.008544921875,-76.412353515625,0.11922986805438995,0.1188058853149414,0.11966009438037872,0.11922980844974518,0.11922980844974518,4.6283491883514216e-07,9.100254101213068e-05,0.2107837200164795,0.00037602733937092125
G7,186,2328.954833984375,0.8138138055801392,-2.8603227138519287,-2.8603227138519287,-75.00001525878906,-75.00001525878906,-1174.3359375,-997.0,278.0,548.81787109375,-77.62469482421875,0.12127126753330231,0.12084166705608368,0.12170716375112534,0.12127120792865753,0.12127120792865753,-4.409969562857441e-07,9.254148608306423e-05,0.21364113688468933,0.0003835159877780825
G7,187,2341.46533203125,0.8128128051757812,-4.09091854095459,-4.09091854095459,-75.00001525878906,-75.00001525878906,-1182.4375,-1003.0,278.0,548.6204833984375,-78.85662841796875,0.1233481839299202,0.1229129433631897,0.12378981709480286,0.12334813922643661,0.12334813922643661,-2.0916351672894962e-07,9.418695844942704e-05,0.2165285050868988,0.00039192146505229175
G7,188,2353.97607421875,0.8118118047714233,-5.341329097747803,-5.341329097747803,-75.0000228881836,-75.00001525878906,-1171.4375,-1008.0,278.0,548.416259765625,-80.10838317871094,0.12546108663082123,0.12502016127109528,0.12590846419334412,0.12546104192733765,0.12546104192733765,7.854641808080487e-07,9.599095210433006e-05,0.21944552659988403,0.00040138213080354035
G7,189,2366.486572265625,0.8108108043670654,-6.611759185791016,-6.611759185791016,-75.00003051757812,-75.00001525878906,-1177.8671875,-892.0,278.0,548.2048950195312,-81.380126953125,0.12761040031909943,0.12716373801231384,0.12806358933448792,0.12761034071445465,0.12761034071445465,-6.334628892545879e-07,9.812576172407717e-05,0.22239182889461517,0.00041104413685388863
G7,190,2378.9970703125,0.8098098039627075,-7.902406692504883,-7.902406692504883,-75.00003051757812,-75.00001525878906,-1183.7890625,-992.0,278.0,547.9861450195312,-82.67208862304688,0.12979656457901,0.1293441355228424,0.1302555948495865,0.12979650497436523,0.12979650497436523,4.070716954629461e-07,0.00010020376794273034,0.2253669798374176,0.00042346949339844286
G7,191,2391.507568359375,0.8088088035583496,-9.213464736938477,-9.213464736938477,-75.00003051757812,-75.00001525878906,-1188.3828125,-957.0,278.0,547.7598266601562,-83.98444366455078,0.1320200115442276,0.1315617561340332,0.13248491287231445,0.13201993703842163,0.13201993703842163,8.004334972611105e-09,0.00010247428872389719,0.22837059199810028,0.00043610786087810993
G7,192,2404.01806640625,0.8078078031539917,-10.545120239257812,-10.545120239257812,-75.00003051757812,-75.00001525878906,-1186.1015625,-948.0,278.0,547.525634765625,-85.31739807128906,0.13428114354610443,0.13381706178188324,0.13475196063518524,0.13428108394145966,0.13428108394145966,-8.97294796686765e-07,0.00010483356163604185,0.23140215873718262,0.0004477911570575088
G7,193,2416.528564453125,0.8068068027496338,-11.897558212280273,-11.897558212280273,-75.00003051757812,-75.00001525878906,-1166.8046875,-832.0,278.0,547.2833251953125,-86.67111206054688,0.13658039271831512,0.13611043989658356,0.13705715537071228,0.13658033311367035,0.13658033311367035,8.229070544985007e-07,0.00010790366650326177,0.23446117341518402,0.000461691030068323
G7,194,2429.0390625,0.8058058023452759,-13.270953178405762,-13.270953178405762,-75.00003051757812,-75.00001525878906,-1132.625,-810.0,278.0,547.0326538085938,-88.0457763671875,0.13891816139221191,0.13844230771064758,0.1394008845090866,0.13891808688640594,0.13891808688640594,-2.4264636522275396e-07,0.00011084527795901522,0.2375470995903015,0.00047847212408669293
G7,195,2441.549560546875,0.804804801940918,-14.665478706359863,-14.665478706359863,-75.00003051757812,-75.00001525878906,-1025.4453125,-658.0,278.0,546.7733764648438,-89.44156646728516,0.14129485189914703,0.14081306755542755,0.14178359508514404,0.14129477739334106,0.14129477739334106,-1.1376365449677905e-07,0.00011539283877937123,0.24065932631492615,0.000491840299218893
G7,196,2454.06005859375,0.8038038015365601,-16.081295013427734,-16.081295013427734,-75.00003051757812,-75.00001525878906,-772.7890625,57.0,278.0,546.5052490234375,-90.85862731933594,0.14371085166931152,0.1432231217622757,0.14420561492443085,0.14371077716350555,0.14371077716350555,3.332042908255062e-08,0.0001249052002094686,0.2437971979379654,0.0005073191714473069
G7,197,2466.570556640625,0.8028028011322021,-17.518558502197266,-17.518558502197266,-75.00003051757812,-75.0,-285.1640625,721.0,721.0,546.2279052734375,-92.29713439941406,0.14616654813289642,0.14567285776138306,0.14666734635829926,0.14616642892360687,0.14616642892360687,-2.389760709320399e-07,0.00014526316954288632,0.24696007370948792,0.0005263024941086769
G7,198,2479.0810546875,0.8018018007278442,-18.97742462158203,-18.97742462158203,-75.0,-74.99988555908203,399.0703125,1307.0,1307.0,545.941162109375,-93.75720977783203,0.14866229891777039,0.1481626033782959,0.1491691619157791,0.14866209030151367,0.14866209030151367,-6.400339458423332e-08,0.00019256945233792067,0.2501472532749176,0.0005444413400255144
G7,199,2491.591552734375,0.8008008003234863,-20.458040237426758,-20.458040237426758,-74.99993133544922,-74.9994888305664,1013.6328125,1525.0,1525.0,545.6446533203125,-95.23897552490234,0.15119846165180206,0.15069274604320526,0.1517113894224167,0.15119792520999908,0.15119792520999908,-4.137447149332729e-07,0.00030213166610337794,0.25335803627967834,0.000566248141694814
G7,200,2504.10205078125,0.7997997999191284,-21.9605712890625,-21.9605712890625,-74.99966430664062,-74.99809265136719,1392.5625,1642.0,1642.0,545.3381958007812,-96.74246215820312,0.1537753790616989,0.1532636433839798,0.15429440140724182,0.1537737250328064,0.1537737250328064,-1.9945407530030934e-06,0.0005315963644534349,0.2565920948982239,0.0006089482922106981
G7,201,2516.612548828125,0.7987987995147705,-23.485273361206055,-23.485273361206055,-74.99871826171875,-74.99319458007812,1555.9921875,1690.0,1690.0,545.0213623046875,-98.26741027832031,0.1563933789730072,0.15587562322616577,0.15691852569580078,0.15638776123523712,0.15638776123523712,-2.3013103600533213e-06,0.0009936288697645068,0.25985026359558105,0.0007191654294729233
G7,202,2529.123046875,0.7977977991104126,-25.032737731933594,-25.032737731933594,-74.99528503417969,-74.97810363769531,1610.7578125,1733.0,1733.0,544.6939086914062,-99.81265258789062,0.15905281901359558,0.15852899849414825,0.15958404541015625,0.1590346246957779,0.1590346246957779,-6.713946277159266e-06,0.0018479659920558333,0.26313748955726624,0.001049567712470889
G7,203,2541.633544921875,0.7967967987060547,-26.604473114013672,-26.604473114013672,-74.98434448242188,-74.94120788574219,1639.6640625,1746.0,1746.0,544.3555297851562,-101.3746337890625,0.16175399720668793,0.16122408211231232,0.16229134798049927,0.16170337796211243,0.16170337796211243,-1.3018044228374492e-05,0.003234690986573696,0.2664697468280792,0.0018447517650201917
G7,204,2554.14404296875,0.7957957983016968,-28.203338623046875,-28.203338623046875,-74.95594787597656,-74.86974334716797,1669.703125,1780.0,1780.0,544.005859375,-102.94630432128906,0.16449730098247528,0.16396120190620422,0.1650407761335373,0.1643795371055603,0.1643795371055603,-2.0879348085145466e-05,0.00516298646107316,0.269879013299942,0.0032991969492286444
G7,205,2566.654541015625,0.7947947978973389,-29.833078384399414,-29.833078384399414,-74.89713287353516,-74.75184631347656,1702.5078125,1794.0,1794.0,543.6446533203125,-104.51840209960938,0.16728314757347107,0.16674073040485382,0.16783280670642853,0.16704882681369781,0.16704882681369781,-2.9304841518751346e-05,0.007539225742220879,0.27340731024742126,0.0054544913582503796
G7,206,2579.1650390625,0.793793797492981,-31.497730255126953,-31.497730255126953,-74.79476928710938,-74.57564544677734,1731.0390625,1827.0,1827.0,543.271484375,-106.08186340332031,0.17011205852031708,0.1695631593465805,0.1706681102514267,0.16969844698905945,0.16969844698905945,-3.757742524612695e-05,0.010273613967001438,0.27709731459617615,0.00824324693530798
G7,207,2591.67578125,0.792792797088623,-33.20183563232422,-33.20183563232422,-74.63619995117188,-74.328857421875,1754.0390625,1844.0,1844.0,542.885986328125,-107.62857055664062,0.17298462986946106,0.17242923378944397,0.17354753613471985,0.17231644690036774,0.17231644690036774,-4.633054049918428e-05,0.01331917941570282,0.28099143505096436,0.01158968172967434
G7,208,2604.186279296875,0.7917917966842651,-34.95065689086914,-34.95065689086914,-74.40865325927734,-73.99861145019531,1771.609375,1851.0,1851.0,542.48779296875,-109.1510009765625,0.17590168118476868,0.17533999681472778,0.17647282779216766,0.17489086091518402,0.17489086091518402,-5.666594370268285e-05,0.01665608398616314,0.2851341962814331,0.015459327958524227
G7,209,2616.69677734375,0.7907907962799072,-36.75015640258789,-36.75015640258789,-74.09866333007812,-73.57050323486328,1785.359375,1864.0,1864.0,542.0765380859375,-110.64167022705078,0.17886413633823395,0.17829680442810059,0.17946858704090118,0.17740978300571442,0.17740978300571442,-6.782502896385267e-05,0.020274071022868156,0.2895735800266266,0.019847901538014412
G7,210,2629.207275390625,0.7897897958755493,-38.60694122314453,-38.60694122314453,-73.69221496582031,-73.02996826171875,1796.1875,1869.0,1869.0,541.651611328125,-112.0931396484375,0.18187306821346283,0.18129965662956238,0.18252278864383698,0.17986150085926056,0.17986150085926056,-7.846157677704468e-05,0.02416253462433815,0.29436084628105164,0.02475622296333313
G7,211,2641.7177734375,0.7887887954711914,-40.5281867980957,-40.5281867980957,-73.17488098144531,-72.36347198486328,1805.7109375,1878.0,1878.0,541.212646484375,-113.4981918334961,0.18492980301380157,0.1843433827161789,0.18565478920936584,0.1822347342967987,0.1822347342967987,-8.869692828739062e-05,0.02831265889108181,0.2995498776435852,0.030178898945450783
G7,212,2654.228271484375,0.7877877950668335,-42.521636962890625,-42.521636962890625,-72.53194427490234,-71.55709075927734,1814.296875,1876.0,1878.0,540.759033203125,-114.84984588623047,0.18803584575653076,0.18743343651294708,0.18889175355434418,0.1845184713602066,0.1845184713602066,-9.907277126330882e-05,0.03271808102726936,0.3051973283290863,0.0361035093665123
G7,213,2666.73876953125,0.7867867946624756,-44.595542907714844,-44.595542907714844,-71.74842834472656,-70.595947265625,1821.46875,1877.0,1878.0,540.2901611328125,-116.141357421875,0.19119296967983246,0.19057071208953857,0.1922198086977005,0.1867019683122635,0.1867019683122635,-0.00010948660201393068,0.03737053647637367,0.31136220693588257,0.04251163825392723
G7,214,2679.249267578125,0.7857857942581177,-46.758644104003906,-46.758644104003906,-70.80902862548828,-69.46556091308594,1827.7734375,1887.0,1887.0,539.805419921875,-117.36619567871094,0.1944030523300171,0.19375622272491455,0.19564805924892426,0.1887747198343277,0.1887747198343277,-0.00012025138130411506,0.042264461517333984,0.3181062340736389,0.04937997832894325
G7,215,2691.759765625,0.7847847938537598,-49.020137786865234,-49.020137786865234,-69.69822692871094,-68.1514663696289,1833.2734375,1900.0,1900.0,539.303955078125,-118.51802062988281,0.19766834378242493,0.19697457551956177,0.19918595254421234,0.19072659313678741,0.19072659313678741,-0.00013262090214993805,0.047391947358846664,0.32549339532852173,0.0566784143447876
G7,216,2704.270263671875,0.7837837934494019,-51.38959884643555,-51.38959884643555,-68.40037536621094,-66.63812255859375,1838.1640625,1899.0,1900.0,538.78515625,-119.59074401855469,0.2009912133216858,0.20023250579833984,0.20284298062324524,0.19254782795906067,0.19254782795906067,-0.0001461907959310338,0.05274667963385582,0.3335895240306854,0.06437009572982788
G7,217,2716.78076171875,0.782782793045044,-53.87697982788086,-53.87697982788086,-66.89964294433594,-64.90972137451172,1843.234375,1906.0,1906.0,538.2481079101562,-120.57850646972656,0.2043742686510086,0.20353463292121887,0.20662857592105865,0.19422881305217743,0.19422881305217743,-0.00015897351840976626,0.05832524225115776,0.3424620032310486,0.0724119320511818
G7,218,2729.291259765625,0.781781792640686,-56.492515563964844,-56.492515563964844,-65.18013000488281,-62.95155334472656,1848.0703125,1914.0,1914.0,537.69189453125,-121.47563171386719,0.20782029628753662,0.20688092708587646,0.21055181324481964,0.1957603096961975,0.1957603096961975,-0.0001711477234493941,0.06412199139595032,0.35217931866645813,0.08075454086065292
G7,219,2741.8017578125,0.7807807922363281,-59.24669647216797,-59.24669647216797,-63.22590637207031,-60.74880599975586,1852.8828125,1915.0,1915.0,537.1154174804688,-122.27670288085938,0.2113322764635086,0.21027140319347382,0.21462100744247437,0.19713354110717773,0.19713354110717773,-0.000184043834451586,0.07013226300477982,0.3628101944923401,0.08934139460325241
G7,220,2754.312255859375,0.7797797918319702,-62.15020751953125,-62.15020751953125,-61.02118682861328,-58.28639221191406,1857.3046875,1916.0,1916.0,536.5177001953125,-122.97660064697266,0.2149132937192917,0.21370603144168854,0.21884357929229736,0.19834010303020477,0.19834010303020477,-0.00019766384502872825,0.07634935528039932,0.3744226098060608,0.09810817241668701
G7,221,2766.82275390625,0.7787787914276123,-65.21380615234375,-65.21380615234375,-58.55033493041992,-55.54981231689453,1861.5234375,1921.0,1921.0,535.8975830078125,-123.57046508789062,0.21856655180454254,0.21718479692935944,0.22322580218315125,0.19937188923358917,0.19937188923358917,-0.00021193205611780286,0.08276641368865967,0.3870832026004791,0.10698399692773819
G7,222,2779.333251953125,0.7777777910232544,-68.44831085205078,-68.44831085205078,-55.79789733886719,-52.524864196777344,1864.7421875,1918.0,1921.0,535.2537841796875,-124.05361938476562,0.22229529917240143,0.22070753574371338,0.22777250409126282,0.20022127032279968,0.20022127032279968,-0.0002266616647830233,0.08937583863735199,0.40085601806640625,0.11589141190052032
G7,223,2791.84375,0.7767767906188965,-71.86443328857422,-71.86443328857422,-52.74884033203125,-49.19730758666992,1868.71875,1918.0,1921.0,534.5851440429688,-124.42179870605469,0.2261028289794922,0.2242741882801056,0.23248697817325592,0.20088130235671997,0.20088130235671997,-0.00024152717378456146,0.09617000073194504,0.4158013164997101,0.12474418431520462
G7,224,2804.354248046875,0.7757757902145386,-75.47272491455078,-75.47272491455078,-49.38873291015625,-45.55353546142578,1872.109375,1919.0,1921.0,533.8902587890625,-124.67108154296875,0.22999238967895508,0.22788453102111816,0.2373710721731186,0.2013455480337143,0.2013455480337143,-0.0002565982867963612,0.1031419187784195,0.43197402358055115,0.13344813883304596
G7,225,2816.86474609375,0.7747747898101807,-79.28343200683594,-79.28343200683594,-45.70381164550781,-41.58118438720703,1874.84375,1920.0,1921.0,533.167724609375,-124.79796600341797,0.23396709561347961,0.2315383404493332,0.24242530763149261,0.20160844922065735,0.20160844922065735,-0.0002718436880968511,0.11028383672237396,0.44942277669906616,0.1419028788805008
G7,226,2829.375244140625,0.7737737894058228,-83.30635833740234,-83.30635833740234,-41.68128204345703,-37.26942825317383,1877.96875,1922.0,1922.0,532.4160766601562,-124.79946899414062,0.23803003132343292,0.23523536324501038,0.24764904379844666,0.20166529715061188,0.20166529715061188,-0.00028717282111756504,0.11758652329444885,0.4681882858276367,0.1499999612569809
G7,227,2841.885986328125,0.7727727890014648,-87.55073547363281,-87.55073547363281,-37.30950164794922,-32.60987091064453,1881.2421875,1927.0,1927.0,531.6337890625,-124.67315673828125,0.24218402802944183,0.23897528648376465,0.25308653712272644,0.20151236653327942,0.20151236653327942,-0.00030241295462474227,0.1250409334897995,0.4883018434047699,0.157623291015625
G7,228,2854.396484375,0.7717717885971069,-92.02503204345703,-92.02503204345703,-32.57817077636719,-27.59613037109375,1884.265625,1934.0,1934.0,530.8193969726562,-124.41724395751953,0.24643170833587646,0.24275778234004974,0.2586921155452728,0.2011471539735794,0.2011471539735794,-0.0003174902522005141,0.13263429701328278,0.5097842812538147,0.16465094685554504
G7,229,2866.906982421875,0.770770788192749,-96.73684692382812,-96.73684692382812,-27.478687286376953,-22.222732543945312,1886.9609375,1934.0,1934.0,529.9713134765625,-124.03067779541016,0.25077545642852783,0.246582493185997,0.264459490776062,0.20056888461112976,0.20056888461112976,-0.00033283053198829293,0.14035482704639435,0.5326443314552307,0.1709548830986023
G7,230,2879.41748046875,0.7697697877883911,-101.69270324707031,-101.69270324707031,-22.004545211791992,-16.486713409423828,1889.3046875,1935.0,1935.0,529.0880126953125,-123.51348876953125,0.25521740317344666,0.2504490315914154,0.27038365602493286,0.19977842271327972,0.19977842271327972,-0.00034864339977502823,0.1481894999742508,0.5568771958351135,0.17640209197998047
G7,231,2891.927978515625,0.7687687873840332,-106.89790344238281,-106.89790344238281,-16.151458740234375,-10.388504028320312,1891.578125,1939.0,1939.0,528.1678466796875,-122.8667221069336,0.25975915789604187,0.2543569505214691,0.2764592468738556,0.19877859950065613,0.19877859950065613,-0.0003646746918093413,0.156124547123909,0.582463800907135,0.18085715174674988
G7,232,2904.4384765625,0.7677677869796753,-112.3564224243164,-112.3564224243164,-9.917749404907227,-3.9325332641601562,1893.8203125,1944.0,1944.0,527.209228515625,-122.0926513671875,0.26440224051475525,0.2583058774471283,0.2826806306838989,0.19757480919361115,0.19757480919361115,-0.00038064352702349424,0.16414597630500793,0.609369695186615,0.1841835379600525
G7,233,2916.948974609375,0.7667667865753174,-118.07077026367188,-118.07077026367188,-3.3046722412109375,2.8731307983398438,1896.5,1947.0,1947.0,526.2108154296875,-121.1950454711914,0.2691476047039032,0.2622952461242676,0.2890419661998749,0.19617512822151184,0.19617512822151184,-0.00039635456050746143,0.17223727703094482,0.6375445127487183,0.1862471103668213
G7,234,2929.45947265625,0.7657657861709595,-124.04194641113281,-124.04194641113281,3.683300495147705,10.018234252929688,1898.5703125,1947.0,1947.0,525.1707763671875,-120.17936706542969,0.27399587631225586,0.26632454991340637,0.2955373227596283,0.19459059834480286,0.19459059834480286,-0.00041221192805096507,0.1803842931985855,0.6669213175773621,0.1869194656610489
G7,235,2941.969970703125,0.7647647857666016,-130.26939392089844,-130.26939392089844,11.038412094116211,17.48963165283203,1900.4375,1947.0,1947.0,524.0878295898438,-119.05284118652344,0.2789473235607147,0.27039316296577454,0.30216068029403687,0.1928359568119049,0.1928359568119049,-0.000428506318712607,0.18856586515903473,0.6974175572395325,0.18608303368091583
G7,236,2954.48046875,0.7637637853622437,-136.75108337402344,-136.75108337402344,18.749187469482422,25.27204132080078,1902.5546875,1946.0,1947.0,522.96044921875,-117.82489776611328,0.28400173783302307,0.27449870109558105,0.30890601873397827,0.1909290999174118,0.1909290999174118,-0.0004452956491149962,0.19676420092582703,0.7289344072341919,0.18363504111766815
G7,237,2966.990966796875,0.7627627849578857,-143.483642578125,-143.483642578125,26.800872802734375,33.34657287597656,1904.2109375,1947.0,1947.0,521.7872924804688,-116.50689697265625,0.28915855288505554,0.2786319851875305,0.3157673478126526,0.18889199197292328,0.18889199197292328,-0.00046238969662226737,0.2049621343612671,0.7613598704338074,0.1794959306716919
G7,238,2979.50146484375,0.7617617845535278,-150.46246337890625,-150.46246337890625,35.1751823425293,41.764862060546875,1906.015625,1948.0,1948.0,520.5669555664062,-115.1125717163086,0.2944168746471405,0.2828017473220825,0.32273855805397034,0.18675047159194946,0.18675047159194946,-0.00047972105676308274,0.2131420224905014,0.7945689558982849,0.17361390590667725
G7,239,2992.011962890625,0.7607607841491699,-157.68218994140625,-157.68218994140625,43.85069274902344,50.650596618652344,1907.6640625,1953.0,1953.0,519.2982177734375,-113.65794372558594,0.29977530241012573,0.2870071828365326,0.32981353998184204,0.18453416228294373,0.18453416228294373,-0.000497299712151289,0.22128774225711823,0.8284265995025635,0.16597388684749603
G7,240,3004.5224609375,0.759759783744812,-165.13694763183594,-165.13694763183594,52.80323791503906,59.7899169921875,1909.453125,1953.0,1953.0,517.9798583984375,-112.16130828857422,0.3052321970462799,0.29124751687049866,0.33698615431785583,0.18227721750736237,0.18227721750736237,-0.0005148961790837348,0.2293817400932312,0.8627912402153015,0.15660719573497772
G7,241,3017.032958984375,0.7587587833404541,-172.82089233398438,-172.82089233398438,62.006103515625,69.1551513671875,1911.0625,1953.0,1953.0,516.61083984375,-110.64354705810547,0.3107854425907135,0.295522004365921,0.3442501723766327,0.18001696467399597,0.18001696467399597,-0.0005319790216162801,0.2374095618724823,0.8975169658660889,0.14560113847255707
G7,242,3029.54345703125,0.7577577829360962,-180.72869873046875,-180.72869873046875,71.4312515258789,78.71826171875,1912.484375,1953.0,1953.0,515.1900024414062,-109.12741088867188,0.3164326846599579,0.29982972145080566,0.35159924626350403,0.17779387533664703,0.17779387533664703,-0.000548620184417814,0.24535807967185974,0.9324592351913452,0.13311231136322021
G7,243,3042.053955078125,0.7567567825317383,-188.85626220703125,-188.85626220703125,81.05001831054688,88.45315551757812,1914.265625,1957.0,1957.0,513.716552734375,-107.63739013671875,0.32217124104499817,0.30416983366012573,0.35902684926986694,0.17564986646175385,0.17564986646175385,-0.0005654830019921064,0.2532189190387726,0.96747887134552,0.1193850189447403
G7,244,3054.564453125,0.7557557821273804,-197.20106506347656,-197.20106506347656,90.83465576171875,98.33578491210938,1915.5078125,1957.0,1957.0,512.1895751953125,-106.19873046875,0.3279981017112732,0.308541476726532,0.36652642488479614,0.17362786829471588,0.17362786829471588,-0.0005817027413286269,0.26098328828811646,1.0024480819702148,0.10477650165557861
G7,245,3067.074951171875,0.7547547817230225,-205.7626953125,-205.7626953125,100.75904083251953,108.34016418457031,1917.5703125,1958.0,1958.0,510.60845947265625,-104.83717346191406,0.3339099884033203,0.3129436671733856,0.3740910291671753,0.17176948487758636,0.17176948487758636,-0.0005985753959976137,0.26864683628082275,1.0372531414031982,0.08980381488800049
G7,246,3079.58544921875,0.7537537813186646,-214.5431365966797,-214.5431365966797,110.80035400390625,118.44833374023438,1919.21875,1958.0,1958.0,508.97247314453125,-103.5775146484375,0.33990344405174255,0.3173755407333374,0.3817138671875,0.17011378705501556,0.17011378705501556,-0.0006141850026324391,0.27621185779571533,1.071799874305725,0.07522784173488617
G7,247,3092.09619140625,0.7527527809143066,-223.54690551757812,-223.54690551757812,120.93994903564453,128.64500427246094,1920.2109375,1958.0,1958.0,507.28106689453125,-102.4428939819336,0.34597480297088623,0.321835994720459,0.38938796520233154,0.1686955988407135,0.1686955988407135,-0.0006307147559709847,0.2836754620075226,1.1060161590576172,0.06220300495624542
G7,248,3104.606689453125,0.7517517805099487,-232.78073120117188,-232.78073120117188,131.1641082763672,138.92678833007812,1921.046875,1958.0,1958.0,505.5339660644531,-101.45378112792969,0.35212016105651855,0.3263239562511444,0.3971063494682312,0.1675429344177246,0.1675429344177246,-0.0006465573678724468,0.2910408079624176,1.1398515701293945,0.05243966728448868
G7,249,3117.1171875,0.7507507801055908,-242.25314331054688,-242.25314331054688,141.46514892578125,149.28170776367188,1922.546875,1959.0,1959.0,503.730712890625,-100.62638854980469,0.3583356440067291,0.3308384418487549,0.40486201643943787,0.16667567193508148,0.16667567193508148,-0.0006621714564971626,0.2983180284500122,1.1732796430587769,0.04791446030139923
G7,250,3129.627685546875,0.7497497797012329,-251.97372436523438,-251.97372436523438,151.84130859375,159.72047424316406,1923.765625,1960.0,1960.0,501.87115478515625,-99.97203826904297,0.3646169602870941,0.3353782892227173,0.41264820098876953,0.16610458493232727,0.16610458493232727,-0.0006772844353690743,0.3055194914340973,1.2062926292419434,0.049388520419597626
G7,251,3142.13818359375,0.748748779296875,-261.9520263671875,-261.9520263671875,162.29641723632812,170.24485778808594,1924.8125,1966.0,1966.0,499.9552001953125,-99.49649047851562,0.3709600865840912,0.33994224667549133,0.42045795917510986,0.16582992672920227,0.16582992672920227,-0.0006923723267391324,0.3126567304134369,1.2389004230499268,0.05529260262846947
G7,252,3154.648681640625,0.7477477788925171,-272.1966552734375,-272.1966552734375,172.83963012695312,180.8798828125,1925.71875,1966.0,1966.0,497.9827880859375,-99.19917297363281,0.3773607313632965,0.3445292115211487,0.4282846748828888,0.16584044694900513,0.16584044694900513,-0.0007073208689689636,0.3197445273399353,1.271121621131897,0.06313446164131165
G7,253,3167.1591796875,0.7467467784881592,-282.7142639160156,-282.7142639160156,183.4849853515625,191.63446044921875,1926.4140625,1966.0,1966.0,495.95404052734375,-99.0726547241211,0.38381460309028625,0.3491378426551819,0.4361219108104706,0.16611573100090027,0.16611573100090027,-0.0007228723843581975,0.32679426670074463,1.3029831647872925,0.07100249826908112
G7,254,3179.669677734375,0.7457457780838013,-293.5085754394531,-293.5085754394531,194.24917602539062,202.53466796875,1927.359375,1966.0,1966.0,493.8690490722656,-99.10408782958984,0.39031749963760376,0.3537669777870178,0.44396355748176575,0.16662681102752686,0.16662681102752686,-0.0007394613930955529,0.3338181674480438,1.3345073461532593,0.07773744314908981
G7,255,3192.18017578125,0.7447447776794434,-304.58038330078125,-304.58038330078125,205.15077209472656,213.59674072265625,1928.1484375,1966.0,1966.0,491.7280578613281,-99.27557373046875,0.3968651592731476,0.3584153354167938,0.45180365443229675,0.1673377901315689,0.1673377901315689,-0.0007551695453003049,0.3408319056034088,1.3657132387161255,0.0826897919178009
G7,256,3204.690673828125,0.7437437772750854,-315.9269714355469,-315.9269714355469,216.20904541015625,224.84384155273438,1929.046875,1964.0,1966.0,489.53143310546875,-99.5651626586914,0.40345335006713867,0.3630816638469696,0.45963671803474426,0.1682075411081314,0.1682075411081314,-0.0007719613495282829,0.34784457087516785,1.3966095447540283,0.08553843945264816
G7,257,3217.201171875,0.7427427768707275,-327.5426330566406,-327.5426330566406,227.4432373046875,236.29132080078125,1929.9609375,1967.0,1967.0,487.27947998046875,-99.94795227050781,0.4100778102874756,0.3677646219730377,0.46745723485946655,0.16919085383415222,0.16919085383415222,-0.0007876167073845863,0.35486555099487305,1.4271959066390991,0.08619331568479538
G7,258,3229.711669921875,0.7417417764663696,-339.41937255859375,-339.41937255859375,238.87246704101562,247.95809936523438,1930.71875,1967.0,1967.0,484.9727783203125,-100.39673614501953,0.4167344868183136,0.37246304750442505,0.4752603769302368,0.1702413111925125,0.1702413111925125,-0.0008034348138608038,0.3619055151939392,1.4574636220932007,0.08475147187709808
G7,259,3242.22216796875,0.7407407760620117,-351.54736328125,-351.54736328125,250.5147705078125,259.86328125,1931.2890625,1969.0,1969.0,482.61175537109375,-100.88373565673828,0.4234192669391632,0.37717556953430176,0.4830412268638611,0.17131595313549042,0.17131595313549042,-0.0008189112995751202,0.3689687252044678,1.487398624420166,0.08147227019071579
G7,260,3254.732666015625,0.7397397756576538,-363.9161071777344,-363.9161071777344,262.38519287109375,272.0103759765625,1932.1015625,1969.0,1969.0,480.19708251953125,-101.38337707519531,0.4301280379295349,0.3819010555744171,0.490795373916626,0.17237216234207153,0.17237216234207153,-0.000832421937957406,0.37606164813041687,1.5169742107391357,0.07677417248487473
G7,261,3267.2431640625,0.7387387752532959,-376.51495361328125,-376.51495361328125,274.49835205078125,284.41192626953125,1932.71875,1969.0,1969.0,477.72943115234375,-101.87040710449219,0.4368568956851959,0.3866383731365204,0.4985184073448181,0.17337319254875183,0.17337319254875183,-0.0008474616333842278,0.3831866383552551,1.5461689233779907,0.07122378796339035
G7,262,3279.753662109375,0.737737774848938,-389.333984375,-389.333984375,286.8659362792969,297.0782165527344,1933.3359375,1969.0,1969.0,475.20953369140625,-102.32316589355469,0.4436017870903015,0.3913861811161041,0.5062062740325928,0.17428691685199738,0.17428691685199738,-0.0008605823968537152,0.3903416395187378,1.5749530792236328,0.06553782522678375
G7,263,3292.26416015625,0.7367367744445801,-402.36407470703125,-402.36407470703125,299.49761962890625,310.01708984375,1933.953125,1969.0,1969.0,472.6383056640625,-102.72285461425781,0.45035886764526367,0.39614349603652954,0.5138548612594604,0.17508548498153687,0.17508548498153687,-0.0008748816326260567,0.39753028750419617,1.6032986640930176,0.0605393648147583
G7,264,3304.774658203125,0.7357357740402222,-415.59722900390625,-415.59722900390625,312.4017028808594,323.2279357910156,1934.84375,1969.0,1969.0,470.0164794921875,-103.05332946777344,0.4571243226528168,0.4009091258049011,0.5214604139328003,0.17575250566005707,0.17575250566005707,-0.000887906237039715,0.4047493636608124,1.6311802864074707,0.05703635513782501
G7,265,3317.28515625,0.7347347736358643,-429.026611328125,-429.026611328125,325.5805358886719,336.7203369140625,1935.4765625,1969.0,1969.0,467.34515380859375,-103.30518341064453,0.46389442682266235,0.40568211674690247,0.5290190577507019,0.17627431452274323,0.17627431452274323,-0.0009008838678710163,0.4119985103607178,1.658564567565918,0.055579375475645065
G7,266,3329.7958984375,0.7337337732315063,-442.6457824707031,-442.6457824707031,339.0355224609375,350.4958190917969,1935.9765625,1970.0,1970.0,464.625244140625,-103.47074890136719,0.4706653952598572,0.4104613959789276,0.5365270972251892,0.17664845287799835,0.17664845287799835,-0.0009127770317718387,0.41926971077919006,1.6854240894317627,0.05620414763689041
G7,267,3342.306396484375,0.7327327728271484,-456.4488220214844,-456.4488220214844,352.7617492675781,364.5349426269531,1936.6328125,1970.0,1970.0,461.85797119140625,-103.54889678955078,0.47743362188339233,0.41524603962898254,0.5439808368682861,0.17687663435935974,0.17687663435935974,-0.0009249820141121745,0.42655837535858154,1.7117195129394531,0.058404549956321716
G7,268,3354.81689453125,0.7317317724227905,-470.4295654296875,-470.4295654296875,366.751708984375,378.8349914550781,1937.109375,1970.0,1970.0,459.0444030761719,-103.54100036621094,0.4841954708099365,0.4200350046157837,0.5513768196105957,0.17697051167488098,0.17697051167488098,-0.0009360897238366306,0.4338535964488983,1.7374149560928345,0.0613756999373436
G7,269,3367.327392578125,0.7307307720184326,-484.5811767578125,-484.5811767578125,380.991455078125,393.37213134765625,1937.6171875,1971.0,1971.0,456.185791015625,-103.45425415039062,0.4909473955631256,0.42482706904411316,0.5587114691734314,0.1769457906484604,0.1769457906484604,-0.0009471395169384778,0.44114920496940613,1.762460470199585,0.06431405246257782
G7,270,3379.837890625,0.7297297716140747,-498.8961181640625,-498.8961181640625,395.46392822265625,408.1275329589844,1938.15625,1971.0,1971.0,453.283447265625,-103.298095703125,0.49768590927124023,0.4296211004257202,0.565981388092041,0.17682227492332458,0.17682227492332458,-0.0009581036865711212,0.44843462109565735,1.7868057489395142,0.0665813758969307
G7,271,3392.348388671875,0.7287287712097168,-513.3656005859375,-513.3656005859375,410.1484375,423.0792541503906,1938.5625,1971.0,1971.0,450.3387451171875,-103.08438110351562,0.5044075846672058,0.43441587686538696,0.5731833577156067,0.17662446200847626,0.17662446200847626,-0.0009693619213066995,0.45570090413093567,1.8103951215744019,0.06774866580963135
G7,272,3404.85888671875,0.7277277708053589,-527.979736328125,-527.979736328125,425.0207214355469,438.2008056640625,1938.953125,1971.0,1971.0,447.3531494140625,-102.82763671875,0.5111089944839478,0.43921026587486267,0.5803343653678894,0.17637844383716583,0.17637844383716583,-0.0009785983711481094,0.4629368185997009,1.8331680297851562,0.06758839637041092
G7,273,3417.369384765625,0.726726770401001,-542.7279052734375,-542.7279052734375,440.0546875,453.47259521484375,1939.3203125,1971.0,1971.0,444.328125,-102.54315948486328,0.5177868008613586,0.44400307536125183,0.5874714255332947,0.17610760033130646,0.17610760033130646,-0.0009905165061354637,0.47013434767723083,1.8550649881362915,0.06605054438114166
G7,274,3429.8798828125,0.7257257699966431,-557.5985107421875,-557.5985107421875,455.22515869140625,468.8612060546875,1939.609375,1971.0,1971.0,441.2652587890625,-102.2446517944336,0.5244376063346863,0.44878488779067993,0.5945321917533875,0.17583636939525604,0.17583636939525604,-0.001000179909169674,0.47728705406188965,1.8760290145874023,0.06324295699596405
G7,275,3442.390380859375,0.7247247695922852,-572.5795288085938,-572.5795288085938,470.5058288574219,484.3502197265625,1940.1015625,1972.0,1972.0,438.166259765625,-101.94638061523438,0.5310582518577576,0.45353877544403076,0.6015140414237976,0.17558762431144714,0.17558762431144714,-0.0010111983865499496,0.4843878746032715,1.896009087562561,0.05940941721200943
G7,276,3454.90087890625,0.7237237691879272,-587.6589965820312,-587.6589965820312,485.87152099609375,499.90716552734375,1940.3984375,1972.0,1972.0,435.03277587890625,-101.66156005859375,0.5376455187797546,0.45828354358673096,0.608414351940155,0.17537519335746765,0.17537519335746765,-0.0010217161616310477,0.49143218994140625,1.9149564504623413,0.054901886731386185
G7,277,3467.411376953125,0.7227227687835693,-602.8250732421875,-602.8250732421875,501.3023681640625,515.5270385742188,1940.859375,1972.0,1972.0,431.8665771484375,-101.39810943603516,0.5441962480545044,0.46301788091659546,0.6152306199073792,0.17521551251411438,0.17521551251411438,-0.0010312694357708097,0.49841630458831787,1.9328373670578003,0.0501726008951664
G7,278,3479.921875,0.7217217683792114,-618.0658569335938,-618.0658569335938,516.7772216796875,531.1847534179688,1941.28125,1972.0,1972.0,428.66961669921875,-101.16548156738281,0.5507072806358337,0.46774062514305115,0.6219608783721924,0.17511694133281708,0.17511694133281708,-0.0010405081557109952,0.5053390264511108,1.949623942375183,0.045714352279901505
G7,279,3492.432373046875,0.7207207679748535,-633.3703002929688,-633.3703002929688,532.2801513671875,546.8680419921875,1941.625,1972.0,1972.0,425.44366455078125,-100.96833801269531,0.5571756958961487,0.4724503755569458,0.6286031007766724,0.17508403956890106,0.17508403956890106,-0.0010476968018338084,0.5121958255767822,1.9652972221374512,0.04201240837574005
G7,280,3504.94287109375,0.7197197675704956,-648.727294921875,-648.727294921875,547.7977294921875,562.5726318359375,1941.9296875,1972.0,1972.0,422.19073486328125,-100.80915832519531,0.5635986328125,0.4771462380886078,0.635155439376831,0.17511044442653656,0.17511044442653656,-0.0010545003460720181,0.5189892649650574,1.9798465967178345,0.039413515478372574
G7,281,3517.453369140625,0.7187187671661377,-664.1260986328125,-664.1260986328125,563.3229370117188,578.2711181640625,1942.1796875,1972.0,1972.0,418.91278076171875,-100.68413543701172,0.5699732303619385,0.4818269908428192,0.6416163444519043,0.17519930005073547,0.17519930005073547,-0.0010610015597194433,0.5257127285003662,1.9932823181152344,0.03801887854933739
G7,282,3529.9638671875,0.717717707157135,-679.5562744140625,-679.5562744140625,578.8436279296875,593.9812622070312,1942.3671875,1972.0,1972.0,415.61181640625,-100.59491729736328,0.5762967467308044,0.4864915609359741,0.6479842066764832,0.17533323168754578,0.17533323168754578,-0.0010649909963831306,0.5323696136474609,2.0055994987487793,0.03763755410909653
G7,283,3542.474365234375,0.7167167067527771,-695.0072631835938,-695.0072631835938,594.3594360351562,609.6800537109375,1942.6640625,1972.0,1972.0,412.28985595703125,-100.53140258789062,0.5825666785240173,0.49113893508911133,0.6542577147483826,0.17550407350063324,0.17550407350063324,-0.0010691734496504068,0.5389582514762878,2.016819477081299,0.03786981850862503
G7,284,3554.98486328125,0.7157157063484192,-710.4683837890625,-710.4683837890625,609.8645629882812,625.3783569335938,1942.9140625,1972.0,1972.0,408.94903564453125,-100.48881530761719,0.588780403137207,0.49576830863952637,0.6604355573654175,0.1757010668516159,0.1757010668516159,-0.001072509097866714,0.5454800724983215,2.026956796646118,0.03829377144575119
G7,285,3567.495361328125,0.7147147059440613,-725.9290771484375,-725.9290771484375,625.3545532226562,641.0440673828125,1943.0546875,1972.0,1972.0,405.5913391113281,-100.46090698242188,0.5949357748031616,0.5003786683082581,0.6665369272232056,0.17590723931789398,0.17590723931789398,-0.0010756597621366382,0.5519323945045471,2.0360281467437744,0.038575027137994766
G7,286,3580.006103515625,0.7137137055397034,-741.3788452148438,-741.3788452148438,640.8285522460938,656.701904296875,1943.3828125,1972.0,1972.0,402.2188720703125,-100.43792724609375,0.6010304689407349,0.50496906042099,0.6725665926933289,0.17611321806907654,0.17611321806907654,-0.0010788729414343834,0.5583164691925049,2.0440566539764404,0.03852476924657822
G7,287,3592.5166015625,0.7127127051353455,-756.8070068359375,-756.8070068359375,656.2814331054688,672.3460693359375,1943.6796875,1972.0,1972.0,398.8337707519531,-100.41451263427734,0.6070624589920044,0.5095388293266296,0.6784963011741638,0.17630736529827118,0.17630736529827118,-0.0010801074095070362,0.5646325945854187,2.051062822341919,0.03809240087866783
G7,288,3605.027099609375,0.7117117047309875,-772.203125,-772.203125,671.70947265625,687.927490234375,1943.9375,1972.0,1972.0,395.43798828125,-100.38401794433594,0.6130297183990479,0.5140869617462158,0.6843254566192627,0.17648056149482727,0.17648056149482727,-0.0010819700546562672,0.5708789825439453,2.0570662021636963,0.03734796866774559
G7,289,3617.53759765625,0.7107107043266296,-787.5571899414062,-787.5571899414062,687.1074829101562,703.5093994140625,1944.4140625,1972.0,1972.0,392.0335998535156,-100.34130096435547,0.6189305186271667,0.5186127424240112,0.6900536417961121,0.17662784457206726,0.17662784457206726,-0.0010834872955456376,0.5770578384399414,2.0620899200439453,0.03641657158732414
G7,290,3630.048095703125,0.7097097039222717,-802.859130859375,-802.859130859375,702.4684448242188,719.0460205078125,1944.78125,1972.0,1972.0,388.6226501464844,-100.28359985351562,0.6247630715370178,0.5231154561042786,0.6956806182861328,0.17674660682678223,0.17674660682678223,-0.0010830594692379236,0.5831657648086548,2.0661535263061523,0.035467132925987244
G7,291,3642.55859375,0.7087087035179138,-818.0994873046875,-818.0994873046875,717.7843017578125,734.512939453125,1945.03125,1972.0,1972.0,385.20709228515625,-100.20948791503906,0.6305260062217712,0.5275945067405701,0.7012062668800354,0.17682971060276031,0.17682971060276031,-0.0010823432821780443,0.5892036557197571,2.069275140762329,0.0346423014998436
G7,292,3655.069091796875,0.7077077031135559,-833.2693481445312,-833.2693481445312,733.0499267578125,749.9454956054688,1945.328125,1972.0,1972.0,381.7889709472656,-100.11500549316406,0.6362177729606628,0.5320494174957275,0.7066307663917542,0.17688800394535065,0.17688800394535065,-0.0010803283657878637,0.5951645374298096,2.0714828968048096,0.03403041139245033
G7,293,3667.57958984375,0.706706702709198,-848.3598022460938,-848.3598022460938,748.2503051757812,765.324462890625,1945.609375,1972.0,1972.0,378.3701477050781,-100.00635528564453,0.6418372392654419,0.5364799499511719,0.7119542360305786,0.1769166886806488,0.1769166886806488,-0.001077087945304811,0.6010501384735107,2.072788715362549,0.033639416098594666
G7,294,3680.090087890625,0.7057057023048401,-863.3626708984375,-863.3626708984375,763.3798828125,780.6046142578125,1945.6875,1972.0,1972.0,374.9525451660156,-99.88090515136719,0.6473830938339233,0.540885865688324,0.717177152633667,0.1769215613603592,0.1769215613603592,-0.0010724150342866778,0.6068601012229919,2.0732204914093018,0.033407893031835556
G7,295,3692.6005859375,0.7047047019004822,-878.2699584960938,-878.2699584960938,778.4273681640625,795.826416015625,1945.9375,1975.0,1975.0,371.5379638671875,-99.7419662475586,0.6528543829917908,0.5452675819396973,0.7222998738288879,0.17691245675086975,0.17691245675086975,-0.0010670769261196256,0.6125853657722473,2.072798252105713,0.033230870962142944
G7,296,3705.111083984375,0.7037037014961243,-893.0740966796875,-893.0740966796875,793.379638671875,810.9520263671875,1946.1328125,1975.0,1975.0,368.12835693359375,-99.59516906738281,0.6582502722740173,0.5496251583099365,0.7273231744766235,0.17688874900341034,0.17688874900341034,-0.0010597340296953917,0.618230938911438,2.0715415477752686,0.03300144150853157
G7,297,3717.62158203125,0.7027027010917664,-907.76806640625,-907.76806640625,808.229736328125,825.9475708007812,1946.34375,1975.0,1975.0,364.72528076171875,-99.44017028808594,0.6635698676109314,0.5539593696594238,0.7322474718093872,0.17686206102371216,0.17686206102371216,-0.0010536318877711892,0.6237934827804565,2.0694782733917236,0.03263355419039726
G7,298,3730.132080078125,0.7017017006874084,-922.3447265625,-922.3447265625,822.9642944335938,840.8497924804688,1946.578125,1975.0,1975.0,361.33062744140625,-99.28352355957031,0.66881263256073,0.5582613945007324,0.7370738387107849,0.17683489620685577,0.17683489620685577,-0.001045225071720779,0.6292722821235657,2.066629648208618,0.03210197016596794
G7,299,3742.642578125,0.7007007002830505,-936.7976684570312,-936.7976684570312,837.5753173828125,855.606201171875,1946.796875,1977.0,1977.0,357.9459228515625,-99.12667083740234,0.6739778518676758,0.5624992847442627,0.7418029308319092,0.17680910229682922,0.17680910229682922,-0.0010365179041400552,0.6346690058708191,2.063020706176758,0.031418316066265106
G7,300,3755.153076171875,0.6996996998786926,-951.1207885742188,-951.1207885742188,852.0557250976562,870.2076416015625,1947.109375,1977.0,1977.0,354.5728759765625,-98.97062683105469,0.6790652275085449,0.5666976571083069,0.7464357614517212,0.17679424583911896,0.17679424583911896,-0.0010275725508108735,0.6399824619293213,2.0586814880371094,0.030649300664663315
G7,301,3767.66357421875,0.6986986994743347,-965.3082275390625,-965.3082275390625,866.394287109375,884.699951171875,1947.265625,1979.0,1979.0,351.21295166015625,-98.82071685791016,0.6840744018554688,0.5708631277084351,0.7509733438491821,0.1767825037240982,0.1767825037240982,-0.0010176802752539515,0.645211935043335,2.053635358810425,0.02987293340265751
G7,302,3780.174072265625,0.6976976990699768,-979.354736328125,-979.354736328125,880.5901489257812,899.0037841796875,1947.4375,1979.0,1979.0,347.8677062988281,-98.67259979248047,0.6890051364898682,0.574995219707489,0.7554166913032532,0.1767818033695221,0.1767818033695221,-0.0010088107082992792,0.6503528952598572,2.047916889190674,0.029173359274864197
G7,303,3792.6845703125,0.6966966986656189,-993.2552490234375,-993.2552490234375,894.6338500976562,913.1612548828125,1947.6015625,1979.0,1979.0,344.53857421875,-98.5306396484375,0.6938572525978088,0.579093337059021,0.7597669959068298,0.1767875850200653,0.1767875850200653,-0.000997935771010816,0.6554089188575745,2.0415515899658203,0.028602801263332367
G7,304,3805.195068359375,0.695695698261261,-1007.00537109375,-1007.00537109375,908.5234375,927.187744140625,1947.84375,1979.0,1979.0,341.22686767578125,-98.39228820800781,0.6986306309700012,0.583156943321228,0.7640255093574524,0.17679667472839355,0.17679667472839355,-0.0009890664368867874,0.6603805422782898,2.0345733165740967,0.028188278898596764
G7,305,3817.70556640625,0.6946946978569031,-1020.600830078125,-1020.600830078125,922.256591796875,941.0196533203125,1948.015625,1979.0,1979.0,337.9339599609375,-98.25578308105469,0.7033255100250244,0.587185800075531,0.7681933641433716,0.1768110990524292,0.1768110990524292,-0.0009801099076867104,0.6652698516845703,2.0270133018493652,0.027924811467528343
G7,306,3830.21630859375,0.6936936974525452,-1034.0379638671875,-1034.0379638671875,935.828369140625,954.705322265625,1948.1328125,1979.0,1979.0,334.6610412597656,-98.1221923828125,0.707942008972168,0.591179370880127,0.7722718715667725,0.17682704329490662,0.17682704329490662,-0.0009700597729533911,0.6700738668441772,2.0189013481140137,0.027768542990088463
G7,307,3842.726806640625,0.6926926970481873,-1047.3131103515625,-1047.3131103515625,949.2374267578125,968.23388671875,1948.375,1979.0,1979.0,331.4093322753906,-97.98944091796875,0.7124802470207214,0.5951372385025024,0.7762624621391296,0.1768397092819214,0.1768397092819214,-0.0009615003946237266,0.6747993230819702,2.010267972946167,0.02768307738006115
G7,308,3855.2373046875,0.6916916966438293,-1060.4234619140625,-1060.4234619140625,962.4835205078125,981.5858154296875,1948.5859375,1979.0,1979.0,328.179931640625,-97.85485076904297,0.7169405817985535,0.5990592241287231,0.7801663279533386,0.1768503189086914,0.1768503189086914,-0.0009525930508971214,0.6794413328170776,2.001147985458374,0.027624407783150673
G7,309,3867.747802734375,0.6906906962394714,-1073.3662109375,-1073.3662109375,975.5631103515625,994.75830078125,1948.7890625,1979.0,1979.0,324.97393798828125,-97.7190933227539,0.7213233709335327,0.6029449701309204,0.7839849591255188,0.17685623466968536,0.17685623466968536,-0.0009426188189536333,0.6840024590492249,1.9915659427642822,0.027565820142626762
G7,310,3880.25830078125,0.6896896958351135,-1086.1390380859375,-1086.1390380859375,988.475341796875,1007.776611328125,1948.984375,1979.0,1979.0,321.79229736328125,-97.58073425292969,0.7256290912628174,0.6067941188812256,0.7877199053764343,0.17685580253601074,0.17685580253601074,-0.0009327806183137,0.6884861588478088,1.981553316116333,0.027499595656991005
G7,311,3892.768798828125,0.6886886954307556,-1098.7396240234375,-1098.7396240234375,1001.2189331054688,1020.614501953125,1949.078125,1979.0,1979.0,318.63592529296875,-97.43887329101562,0.7298582196235657,0.6106064915657043,0.791372537612915,0.17684772610664368,0.17684772610664368,-0.0009234766475856304,0.6928907632827759,1.9711395502090454,0.02742995135486126
G7,312,3905.279296875,0.6876876950263977,-1111.16650390625,-1111.16650390625,1013.79296875,1033.272705078125,1949.234375,1979.0,1979.0,315.50567626953125,-97.29280853271484,0.7340114712715149,0.6143819093704224,0.7949442863464355,0.1768321990966797,0.1768321990966797,-0.0009132648701779544,0.6972172260284424,1.960349678993225,0.027360104024410248
G7,313,3917.789794921875,0.6866866946220398,-1123.418212890625,-1123.418212890625,1026.19580078125,1045.76904296875,1949.4375,1980.0,1980.0,312.4024658203125,-97.14265441894531,0.7380892634391785,0.6181200742721558,0.7984365820884705,0.1768101453781128,0.1768101453781128,-0.0009034612448886037,0.7014632821083069,1.9492112398147583,0.027310000732541084
G7,314,3930.30029296875,0.6856856942176819,-1135.4931640625,-1135.4931640625,1038.425537109375,1058.098876953125,1949.5078125,1980.0,1980.0,309.326904296875,-96.98895263671875,0.7420925498008728,0.6218209862709045,0.8018510937690735,0.17677852511405945,0.17677852511405945,-0.0008944806177169085,0.7056329250335693,1.9377492666244507,0.02727384679019451
G7,315,3942.810791015625,0.684684693813324,-1147.39111328125,-1147.39111328125,1050.4833984375,1070.228271484375,1949.6953125,1980.0,1980.0,306.27972412109375,-96.83004760742188,0.7460218667984009,0.6254844069480896,0.8051892518997192,0.1767416000366211,0.1767416000366211,-0.00088479247642681,0.7097257971763611,1.9259898662567139,0.0272603090852499
G7,316,3955.3212890625,0.6836836934089661,-1159.1109619140625,-1159.1109619140625,1062.3660888671875,1082.2037353515625,1949.8359375,1980.0,1980.0,303.26153564453125,-96.66828918457031,0.7498781681060791,0.6291057467460632,0.8084524869918823,0.1766994744539261,0.1766994744539261,-0.0008753947913646698,0.7137435078620911,1.9139546155929565,0.027261437848210335
G7,317,3967.831787109375,0.6826826930046082,-1170.652587890625,-1170.652587890625,1074.0732421875,1094.029296875,1949.984375,1980.0,1980.0,300.27294921875,-96.50374603271484,0.7536619901657104,0.6326858401298523,0.8116424679756165,0.1766507476568222,0.1766507476568222,-0.00086692109471187,0.7176870703697205,1.9016674757003784,0.02726888470351696
G7,318,3980.34228515625,0.6816816926002502,-1182.0159912109375,-1182.0159912109375,1085.605712890625,1105.751953125,1950.0390625,1980.0,1980.0,297.3144226074219,-96.33567810058594,0.7573745846748352,0.636228084564209,0.8147605061531067,0.17659926414489746,0.17659926414489746,-0.0008562756120227277,0.7215531468391418,1.8891509771347046,0.027270538732409477
G7,319,3992.852783203125,0.6806806921958923,-1193.2010498046875,-1193.2010498046875,1096.961181640625,1117.2723388671875,1950.203125,1980.0,1980.0,294.3864440917969,-96.16618347167969,0.7610166668891907,0.6397324204444885,0.8178082704544067,0.17654424905776978,0.17654424905776978,-0.000848424737341702,0.7253442406654358,1.8764252662658691,0.02726748026907444
G7,320,4005.36328125,0.6796796917915344,-1204.2081298828125,-1204.2081298828125,1108.140380859375,1128.6278076171875,1950.3984375,1981.0,1981.0,291.4893798828125,-95.99483489990234,0.7645890712738037,0.6431989073753357,0.820787250995636,0.17648765444755554,0.17648765444755554,-0.0008382961968891323,0.7290652394294739,1.863511562347412,0.027260208502411842
G7,321,4017.873779296875,0.6786786913871765,-1215.037841796875,-1215.037841796875,1119.143310546875,1139.7935791015625,1950.546875,1981.0,1981.0,288.6236267089844,-95.82272338867188,0.768092930316925,0.6466274857521057,0.8236987590789795,0.17642982304096222,0.17642982304096222,-0.0008300184272229671,0.7327142357826233,1.8504291772842407,0.02724793367087841
G7,322,4030.38427734375,0.6776776909828186,-1225.690673828125,-1225.690673828125,1129.969970703125,1150.767578125,1950.6796875,1981.0,1981.0,285.78948974609375,-95.65003967285156,0.7715291976928711,0.6500183343887329,0.8265444040298462,0.1763690859079361,0.1763690859079361,-0.0008206373313441873,0.7362949848175049,1.8371965885162354,0.027244580909609795
G7,323,4042.894775390625,0.6766766905784607,-1236.16796875,-1236.16796875,1140.6220703125,1161.580078125,1950.75,1980.0,1981.0,282.98724365234375,-95.47589111328125,0.7748988270759583,0.6533713936805725,0.8293255567550659,0.1763102263212204,0.1763102263212204,-0.0008114177035167813,0.7398050427436829,1.8238333463668823,0.027241697534918785
G7,324,4055.4052734375,0.6756756901741028,-1246.4705810546875,-1246.4705810546875,1151.0986328125,1172.205322265625,1950.875,1980.0,1981.0,280.2170715332031,-95.30282592773438,0.7782029509544373,0.6566868424415588,0.8320437669754028,0.17624828219413757,0.17624828219413757,-0.0008026043069548905,0.7432478070259094,1.8103547096252441,0.027256367728114128
G7,325,4067.916015625,0.6746746897697449,-1256.5994873046875,-1256.5994873046875,1161.403076171875,1182.645751953125,1951.0,1980.0,1981.0,277.4791259765625,-95.12820434570312,0.781442403793335,0.6599647402763367,0.8347004652023315,0.17618392407894135,0.17618392407894135,-0.0007930523133836687,0.7466237545013428,1.7967791557312012,0.02726597897708416
G7,326,4080.426513671875,0.673673689365387,-1266.5562744140625,-1266.5562744140625,1171.5364990234375,1192.94140625,1951.046875,1980.0,1981.0,274.77362060546875,-94.952392578125,0.7846184372901917,0.6631444096565247,0.8372969031333923,0.17612136900424957,0.17612136900424957,-0.0007833464187569916,0.7499305605888367,1.7831225395202637,0.027284039184451103
G7,327,4092.93701171875,0.672672688961029,-1276.34228515625,-1276.34228515625,1181.4981689453125,1203.041259765625,1951.1484375,1980.0,1981.0,272.1005859375,-94.77763366699219,0.7877320051193237,0.6661393046379089,0.8398346900939941,0.1760525405406952,0.1760525405406952,-0.0007740025175735354,0.7531735301017761,1.7693984508514404,0.027290020138025284
G7,328,4105.447265625,0.6716716885566711,-1285.9593505859375,-1285.9593505859375,1191.294189453125,1212.9755859375,1951.203125,1980.0,1981.0,269.4600830078125,-94.599609375,0.7907842993736267,0.6691062450408936,0.8423149585723877,0.17598330974578857,0.17598330974578857,-0.0007631877087987959,0.7563528418540955,1.7556232213974,0.02729116380214691
G7,329,4117.9580078125,0.6706706881523132,-1295.408935546875,-1295.408935546875,1200.9227294921875,1222.7548828125,1951.265625,1981.0,1981.0,266.8521728515625,-94.42147827148438,0.7937762141227722,0.6720455884933472,0.8447392582893372,0.175911083817482,0.175911083817482,-0.0007535443874076009,0.7594678997993469,1.7418092489242554,0.02727859653532505
G7,330,4130.46826171875,0.6696696877479553,-1304.693115234375,-1304.693115234375,1210.3870849609375,1232.3505859375,1951.40625,1981.0,1981.0,264.2768249511719,-94.24185180664062,0.7967089414596558,0.6749576330184937,0.8471088409423828,0.17583447694778442,0.17583447694778442,-0.0007428963435813785,0.7625226974487305,1.7279698848724365,0.02725892886519432
G7,331,4142.97900390625,0.6686686873435974,-1313.8133544921875,-1313.8133544921875,1219.690185546875,1241.781982421875,1951.4921875,1981.0,1981.0,261.7339782714844,-94.06001281738281,0.7995836734771729,0.6778427362442017,0.8494248986244202,0.17575499415397644,0.17575499415397644,-0.0007321120356209576,0.7655158638954163,1.7141172885894775,0.027229320257902145
G7,332,4155.4892578125,0.6676676869392395,-1322.77197265625,-1322.77197265625,1228.8328857421875,1251.05419921875,1951.5859375,1982.0,1982.0,259.22357177734375,-93.87675476074219,0.8024012446403503,0.6807012557983398,0.8516889214515686,0.17567303776741028,0.17567303776741028,-0.0007212558411993086,0.7684487700462341,1.7002627849578857,0.02719096466898918
G7,333,4168.0,0.6666666269302368,-1331.5709228515625,-1331.5709228515625,1237.817138671875,1260.1580810546875,1951.7109375,1982.0,1982.0,256.7455749511719,-93.6922836303711,0.8051628470420837,0.6835336089134216,0.8539020419120789,0.17558471858501434,0.17558471858501434,-0.0007106347475200891,0.7713252305984497,1.686416506767273,0.02714502438902855
G7,334,4180.51025390625,0.6656656265258789,-1340.2122802734375,-1340.2122802734375,1246.64697265625,1269.09033203125,1951.8046875,1982.0,1982.0,254.29977416992188,-93.50456237792969,0.8078696727752686,0.6863400340080261,0.8560655117034912,0.1754980832338333,0.1754980832338333,-0.0006992450798861682,0.7741435766220093,1.6725902557373047,0.02708476223051548
G7,335,4193.02099609375,0.664664626121521,-1348.6983642578125,-1348.6983642578125,1255.3203125,1277.875,1951.8984375,1982.0,1982.0,251.88604736328125,-93.3178939819336,0.8105226755142212,0.6891210675239563,0.8581805229187012,0.17540404200553894,0.17540404200553894,-0.0006886335322633386,0.7769080996513367,1.6587899923324585,0.027005400508642197
G7,336,4205.53173828125,0.6636636257171631,-1357.03125,-1357.03125,1263.844482421875,1286.5028076171875,1951.9609375,1982.0,1982.0,249.50424194335938,-93.12744140625,0.8131228685379028,0.6918769478797913,0.8602482080459595,0.17530860006809235,0.17530860006809235,-0.0006772887427359819,0.7796176075935364,1.645027995109558,0.026915768161416054
G7,337,4218.0419921875,0.6626626253128052,-1365.213134765625,-1365.213134765625,1272.21826171875,1295.0009765625,1952.03125,1982.0,1982.0,247.15411376953125,-92.93637084960938,0.8156713843345642,0.6946080327033997,0.8622698783874512,0.17521201074123383,0.17521201074123383,-0.0006661508814431727,0.7822701930999756,1.6313103437423706,0.02680584415793419
G7,338,4230.552734375,0.6616616249084473,-1373.2464599609375,-1373.2464599609375,1280.44384765625,1303.365478515625,1952.078125,1983.0,1983.0,244.83551025390625,-92.74485778808594,0.8181692957878113,0.6973146200180054,0.8642880916595459,0.1751100867986679,0.1751100867986679,-0.0006545410142280161,0.78487229347229,1.6176438331604004,0.026681076735258102
G7,339,4243.06298828125,0.6606606245040894,-1381.133544921875,-1381.133544921875,1288.5257568359375,1311.5723876953125,1952.2265625,1983.0,1983.0,242.5481719970703,-92.55067443847656,0.82061767578125,0.6999971270561218,0.8663572669029236,0.17500701546669006,0.17500701546669006,-0.0006432079244405031,0.7874254584312439,1.6040380001068115,0.026541780680418015
G7,340,4255.57373046875,0.6596596240997314,-1388.876953125,-1388.876953125,1296.4642333984375,1319.63134765625,1952.3125,1983.0,1983.0,240.2918701171875,-92.3560562133789,0.8230173587799072,0.7026557922363281,0.8683777451515198,0.1749030500650406,0.1749030500650406,-0.0006320923566818237,0.7899296283721924,1.5904972553253174,0.026384612545371056
G7,341,4268.083984375,0.6586586236953735,-1396.4783935546875,-1396.4783935546875,1304.261474609375,1327.562255859375,1952.375,1984.0,1984.0,238.06631469726562,-92.16111755371094,0.8253695368766785,0.7052909731864929,0.8703509569168091,0.17479385435581207,0.17479385435581207,-0.0006204080418683589,0.7923851013183594,1.5770277976989746,0.02621280401945114
G7,342,4280.5947265625,0.6576576232910156,-1403.94091796875,-1403.94091796875,1311.9222412109375,1335.336181640625,1952.4765625,1984.0,1984.0,235.87123107910156,-91.96360778808594,0.8276751637458801,0.7079028487205505,0.872278094291687,0.17468610405921936,0.17468610405921936,-0.0006101281032897532,0.7947925329208374,1.5636367797851562,0.02602957934141159
G7,343,4293.10498046875,0.6566566228866577,-1411.2666015625,-1411.2666015625,1319.445068359375,1342.98095703125,1952.5078125,1984.0,1984.0,233.70632934570312,-91.76702880859375,0.8299353122711182,0.7104918956756592,0.8741604685783386,0.17457355558872223,0.17457355558872223,-0.0005989950150251389,0.7971543073654175,1.5503270626068115,0.025834830477833748
G7,344,4305.61572265625,0.6556556224822998,-1418.457763671875,-1418.457763671875,1326.8359375,1350.4832763671875,1952.578125,1984.0,1984.0,231.5713348388672,-91.56809997558594,0.8321508765220642,0.7130582332611084,0.8759990334510803,0.1744600236415863,0.1744600236415863,-0.000589054252486676,0.7994682192802429,1.5371055603027344,0.025634733960032463
G7,345,4318.1259765625,0.6546546220779419,-1425.5169677734375,-1425.5169677734375,1334.094970703125,1357.854736328125,1952.6328125,1985.0,1985.0,229.4658966064453,-91.36885833740234,0.8343228101730347,0.7156020402908325,0.8777951598167419,0.1743449568748474,0.1743449568748474,-0.000578325882088393,0.8017377853393555,1.5239752531051636,0.02543392963707447
G7,346,4330.63671875,0.653653621673584,-1432.446533203125,-1432.446533203125,1341.22509765625,1365.09521484375,1952.6796875,1985.0,1985.0,227.38973999023438,-91.16897583007812,0.836452066898346,0.7181236743927002,0.8795498013496399,0.17422671616077423,0.17422671616077423,-0.0005692376289516687,0.8039634227752686,1.510940432548523,0.025233902037143707
G7,347,4343.14697265625,0.6526526212692261,-1439.2489013671875,-1439.2489013671875,1348.2294921875,1372.1959228515625,1952.7265625,1985.0,1985.0,225.34246826171875,-90.9676284790039,0.8385395407676697,0.720623254776001,0.8812644481658936,0.17410783469676971,0.17410783469676971,-0.0005582240992225707,0.8061463832855225,1.4980050325393677,0.02504446543753147
G7,348,4355.65771484375,0.6516516208648682,-1445.92626953125,-1445.92626953125,1355.10888671875,1379.18505859375,1952.75,1985.0,1985.0,223.32379150390625,-90.76612091064453,0.8405863642692566,0.7231009602546692,0.8829398155212402,0.17398521304130554,0.17398521304130554,-0.0005496898666024208,0.8082861304283142,1.4851717948913574,0.024862170219421387
G7,349,4368.16796875,0.6506506204605103,-1452.481201171875,-1452.481201171875,1361.86767578125,1386.0377197265625,1952.8515625,1985.0,1985.0,221.3333740234375,-90.5628662109375,0.8425931930541992,0.7255569100379944,0.8845770955085754,0.17386160790920258,0.17386160790920258,-0.0005396876949816942,0.8103823065757751,1.4724441766738892,0.024693883955478668
G7,350,4380.6787109375,0.6496496200561523,-1458.915771484375,-1458.915771484375,1368.50634765625,1392.818603515625,1952.9609375,1985.0,1985.0,219.37081909179688,-90.35931396484375,0.844560980796814,0.7279912233352661,0.8861772418022156,0.17373503744602203,0.17373503744602203,-0.000530661316588521,0.8124411106109619,1.4598244428634644,0.02454034984111786
G7,351,4393.18896484375,0.6486486196517944,-1465.232666015625,-1465.232666015625,1375.0286865234375,1399.570068359375,1953.046875,1985.0,1985.0,217.435791015625,-90.15440368652344,0.846490740776062,0.7304039597511292,0.8877415060997009,0.1736050695180893,0.1736050695180893,-0.0005220408784225583,0.814463198184967,1.4473152160644531,0.024403279647231102
G7,352,4405.69970703125,0.6476476192474365,-1471.4337158203125,-1471.4337158203125,1381.4368896484375,1406.2060546875,1953.125,1986.0,1986.0,215.5279541015625,-89.94793701171875,0.8483831882476807,0.7325100898742676,0.8892706036567688,0.17347556352615356,0.17347556352615356,-0.0005134998355060816,0.8164465427398682,1.4349185228347778,0.024289416149258614
G7,353,4418.2099609375,0.6466466188430786,-1477.5216064453125,-1477.5216064453125,1387.7313232421875,1412.7135009765625,1953.1640625,1986.0,1986.0,213.6469268798828,-89.74191284179688,0.850239098072052,0.7345458269119263,0.8907657265663147,0.17333979904651642,0.17333979904651642,-0.0005049339379183948,0.8183927536010742,1.4226356744766235,0.024189801886677742
G7,354,4430.720703125,0.6456456184387207,-1483.4984130859375,-1483.4984130859375,1393.917724609375,1419.1248779296875,1953.2265625,1986.0,1986.0,211.79232788085938,-89.53286743164062,0.8520594835281372,0.7365955114364624,0.8922275900840759,0.1732054501771927,0.1732054501771927,-0.0004977238131687045,0.8203030824661255,1.4104695320129395,0.02411608211696148
G7,355,4443.2314453125,0.6446446180343628,-1489.366455078125,-1489.366455078125,1399.994384765625,1425.4093017578125,1953.3203125,1986.0,1986.0,209.9638214111328,-89.32476806640625,0.853844940662384,0.7386581301689148,0.8936572670936584,0.1730666160583496,0.1730666160583496,-0.0004899457562714815,0.8221774101257324,1.3984196186065674,0.024060361087322235
G7,356,4455.74169921875,0.6436436176300049,-1495.127685546875,-1495.127685546875,1405.96630859375,1431.59228515625,1953.3671875,1986.0,1986.0,208.1610107421875,-89.11457824707031,0.8555964231491089,0.7407327890396118,0.8950555920600891,0.17292629182338715,0.17292629182338715,-0.0004830097605008632,0.8240165710449219,1.386488676071167,0.02402728982269764
G7,357,4468.25244140625,0.642642617225647,-1500.78466796875,-1500.78466796875,1411.83447265625,1437.664306640625,1953.4140625,1986.0,1986.0,206.38356018066406,-88.90383911132812,0.8573147654533386,0.7428184151649475,0.8964233994483948,0.17278610169887543,0.17278610169887543,-0.00047685610479675233,0.825820803642273,1.3746767044067383,0.024007592350244522
G7,358,4480.7626953125,0.6416416168212891,-1506.339111328125,-1506.339111328125,1417.60009765625,1443.6312255859375,1953.4609375,1986.0,1986.0,204.63107299804688,-88.69341278076172,0.8590004444122314,0.7449136972427368,0.8977614045143127,0.17264077067375183,0.17264077067375183,-0.00047099756193347275,0.8275916576385498,1.362984538078308,0.024008844047784805
G7,359,4493.2734375,0.6406406164169312,-1511.79345703125,-1511.79345703125,1423.2677001953125,1449.494873046875,1953.4765625,1986.0,1986.0,202.90316772460938,-88.48056030273438,0.8606545329093933,0.7470175623893738,0.899070680141449,0.1724965125322342,0.1724965125322342,-0.0004655954835470766,0.8293273448944092,1.351413607597351,0.024024400860071182
G7,360,4505.78369140625,0.6396396160125732,-1517.1495361328125,-1517.1495361328125,1428.83642578125,1455.2508544921875,1953.5,1986.0,1986.0,201.1995086669922,-88.26847839355469,0.8622775077819824,0.7491289377212524,0.900351881980896,0.17235082387924194,0.17235082387924194,-0.0004613918426912278,0.8310297131538391,1.3399630784988403,0.02404974214732647
G7,361,4518.29443359375,0.6386386156082153,-1522.409423828125,-1522.409423828125,1434.309326171875,1460.9124755859375,1953.5625,1988.0,1988.0,199.51971435546875,-88.055908203125,0.8638701438903809,0.7512463927268982,0.9016057848930359,0.1722002774477005,0.1722002774477005,-0.0004577365762088448,0.8327013850212097,1.3286337852478027,0.024087069556117058
G7,362,4530.8046875,0.6376376152038574,-1527.5753173828125,-1527.5753173828125,1439.690673828125,1466.4697265625,1953.6015625,1988.0,1988.0,197.8634033203125,-87.84111022949219,0.8654331564903259,0.7531672120094299,0.902833104133606,0.17205244302749634,0.17205244302749634,-0.0004539680667221546,0.8343420028686523,1.3174265623092651,0.02413264475762844
G7,363,4543.3154296875,0.6366366147994995,-1532.6490478515625,-1532.6490478515625,1444.9779052734375,1471.933837890625,1953.625,1988.0,1988.0,196.230224609375,-87.62791442871094,0.8669673204421997,0.7549333572387695,0.9040346741676331,0.171900674700737,0.171900674700737,-0.00045207448420114815,0.8359522223472595,1.306339979171753,0.024184146896004677
G7,364,4555.82568359375,0.6356356143951416,-1537.632568359375,-1537.632568359375,1450.1767578125,1477.29443359375,1953.6796875,1988.0,1988.0,194.61981201171875,-87.41295623779297,0.8684731721878052,0.7566825151443481,0.9052109718322754,0.17174731194972992,0.17174731194972992,-0.0004493204760365188,0.8375353813171387,1.2953749895095825,0.024243824183940887
G7,365,4568.33642578125,0.6346346139907837,-1542.527587890625,-1542.527587890625,1455.287841796875,1482.582275390625,1953.7265625,1988.0,1988.0,193.03182983398438,-87.19743347167969,0.8699513077735901,0.758414626121521,0.9063630104064941,0.17159396409988403,0.17159396409988403,-0.000447608734248206,0.8390880227088928,1.2845312356948853,0.02430415339767933
G7,366,4580.8466796875,0.6336336135864258,-1547.336181640625,-1547.336181640625,1460.312255859375,1487.75927734375,1953.765625,1988.0,1988.0,191.46588134765625,-86.98216247558594,0.8714025020599365,0.760129988193512,0.9074912071228027,0.17143824696540833,0.17143824696540833,-0.00044595118379220366,0.840614378452301,1.2738078832626343,0.024366650730371475
G7,367,4593.357421875,0.6326326131820679,-1552.06005859375,-1552.06005859375,1465.252685546875,1492.854248046875,1953.7890625,1988.0,1988.0,189.921630859375,-86.76594543457031,0.8728272914886475,0.761828601360321,0.9085962176322937,0.1712796688079834,0.1712796688079834,-0.00044481229269877076,0.8421159982681274,1.2632049322128296,0.024429449811577797
G7,368,4605.86767578125,0.63163161277771,-1556.701171875,-1556.701171875,1470.1116943359375,1497.876953125,1953.8671875,1988.0,1988.0,188.3987579345703,-86.54852294921875,0.8742262721061707,0.763510525226593,0.9096788167953491,0.17112204432487488,0.17112204432487488,-0.0004438593750819564,0.8435908555984497,1.2527220249176025,0.024495379999279976
G7,369,4618.37841796875,0.630630612373352,-1561.2611083984375,-1561.2611083984375,1474.888671875,1502.8006591796875,1953.953125,1988.0,1988.0,186.8968505859375,-86.33183288574219,0.8756000995635986,0.7651761770248413,0.9107394814491272,0.17096035182476044,0.17096035182476044,-0.00044328163494355977,0.8450411558151245,1.2423577308654785,0.02455628663301468
G7,370,4630.888671875,0.6296296119689941,-1565.7415771484375,-1565.7415771484375,1479.588134765625,1507.6424560546875,1954.015625,1990.0,1990.0,185.41561889648438,-86.11334991455078,0.8769493699073792,0.7668253183364868,0.9117788672447205,0.17079804837703705,0.17079804837703705,-0.00044293960672803223,0.8464654088020325,1.2321124076843262,0.024628646671772003
G7,371,4643.3994140625,0.6286286115646362,-1570.144287109375,-1570.144287109375,1484.2098388671875,1512.42138671875,1954.0546875,1990.0,1990.0,183.9547119140625,-85.89483642578125,0.8782745003700256,0.7684581875801086,0.9127973914146423,0.17063453793525696,0.17063453793525696,-0.0004430623375810683,0.8478654026985168,1.221984624862671,0.024692246690392494
G7,372,4655.90966796875,0.6276276111602783,-1574.470947265625,-1574.470947265625,1488.755859375,1517.10302734375,1954.140625,1990.0,1990.0,182.51377868652344,-85.67596435546875,0.8795762658119202,0.7700749635696411,0.9137958884239197,0.17046818137168884,0.17046818137168884,-0.00044278393033891916,0.8492432236671448,1.2119739055633545,0.024764521047472954
G7,373,4668.42041015625,0.6266266107559204,-1578.72314453125,-1578.72314453125,1493.228515625,1521.717529296875,1954.171875,1990.0,1990.0,181.09249877929688,-85.45591735839844,0.8808548450469971,0.7716756463050842,0.9147746562957764,0.17030185461044312,0.17030185461044312,-0.00044389840331859887,0.8505995273590088,1.2020792961120605,0.024837378412485123
G7,374,4680.9306640625,0.6256256103515625,-1582.9024658203125,-1582.9024658203125,1497.6279296875,1526.260498046875,1954.21875,1990.0,1990.0,179.69052124023438,-85.23616027832031,0.882111132144928,0.7732604742050171,0.9157342314720154,0.17013278603553772,0.17013278603553772,-0.00044357372098602355,0.8519315719604492,1.1922998428344727,0.024917658418416977
G7,375,4693.44140625,0.6246246099472046,-1587.01025390625,-1587.01025390625,1501.95703125,1530.72314453125,1954.234375,1990.0,1990.0,178.30755615234375,-85.01530456542969,0.883345365524292,0.7748294472694397,0.9166752696037292,0.169962540268898,0.169962540268898,-0.0004455934395082295,0.8532416820526123,1.182634711265564,0.025003427639603615
G7,376,4705.9521484375,0.6236236095428467,-1591.0484619140625,-1591.0484619140625,1506.216796875,1535.1270751953125,1954.25,1990.0,1990.0,176.9432830810547,-84.79411315917969,0.8845581412315369,0.7763828039169312,0.9175980687141418,0.16979117691516876,0.16979117691516876,-0.0004461846256162971,0.8545284867286682,1.1730828285217285,0.025095511227846146
G7,377,4718.46240234375,0.6226226091384888,-1595.01806640625,-1595.01806640625,1510.408203125,1539.4522705078125,1954.2890625,1990.0,1990.0,175.5973663330078,-84.57266235351562,0.8857501149177551,0.7779205441474915,0.9185032248497009,0.16961787641048431,0.16961787641048431,-0.00044781266478821635,0.8557947874069214,1.1636431217193604,0.025194106623530388
G7,378,4730.97314453125,0.6216216087341309,-1598.9208984375,-1598.9208984375,1514.53369140625,1543.712158203125,1954.34375,1990.0,1990.0,174.26950073242188,-84.35050964355469,0.8869213461875916,0.7794427871704102,0.9193910956382751,0.16944186389446259,0.16944186389446259,-0.0004496159963309765,0.8570412397384644,1.154314398765564,0.025295229628682137
G7,379,4743.4833984375,0.620620608329773,-1602.758056640625,-1602.758056640625,1518.594482421875,1547.9173583984375,1954.40625,1990.0,1990.0,172.95938110351562,-84.12730407714844,0.888072669506073,0.7809497117996216,0.9202622175216675,0.1692674160003662,0.1692674160003662,-0.00045115387183614075,0.8582676649093628,1.1450963020324707,0.025406943634152412
G7,380,4755.994140625,0.619619607925415,-1606.53125,-1606.53125,1522.590087890625,1552.036376953125,1954.4453125,1990.0,1990.0,171.66671752929688,-83.90513610839844,0.8892044425010681,0.7824413776397705,0.9211171269416809,0.1690867841243744,0.1690867841243744,-0.0004526003613136709,0.8594767451286316,1.135986328125,0.02551594004034996
G7,381,4768.50439453125,0.6186186075210571,-1610.2415771484375,-1610.2415771484375,1526.525634765625,1556.107666015625,1954.5078125,1990.0,1990.0,170.39120483398438,-83.68018341064453,0.8903170824050903,0.783918023109436,0.921955943107605,0.16890940070152283,0.16890940070152283,-0.00045440392568707466,0.8606657385826111,1.1269851922988892,0.025631116703152657
G7,382,4781.01513671875,0.6176176071166992,-1613.8905029296875,-1613.8905029296875,1530.39794921875,1560.1153564453125,1954.5078125,1990.0,1990.0,169.13255310058594,-83.45713806152344,0.8914108872413635,0.7853795886039734,0.9227792620658875,0.16872692108154297,0.16872692108154297,-0.0004554936313070357,0.8618383407592773,1.1180895566940308,0.02574300579726696
G7,383,4793.525390625,0.6166166067123413,-1617.4791259765625,-1617.4791259765625,1534.2122802734375,1564.04638671875,1954.609375,1991.0,1991.0,167.89047241210938,-83.23184967041016,0.8924863934516907,0.7868263721466064,0.9235875010490417,0.1685451865196228,0.1685451865196228,-0.00045668560778722167,0.8629925847053528,1.1093002557754517,0.025855546817183495
G7,384,4806.0361328125,0.6156156063079834,-1621.0089111328125,-1621.0089111328125,1537.967041015625,1567.9384765625,1954.640625,1991.0,1991.0,166.66468811035156,-83.00723266601562,0.89354407787323,0.7882583737373352,0.9243810176849365,0.16836115717887878,0.16836115717887878,-0.0004579518281389028,0.8641287684440613,1.1006145477294922,0.02597028762102127
G7,385,4818.54638671875,0.6146146059036255,-1624.48095703125,-1624.48095703125,1541.664794921875,1571.74658203125,1954.6640625,1991.0,1991.0,165.45492553710938,-82.78178405761719,0.8945841789245605,0.789675772190094,0.9251601099967957,0.1681758016347885,0.1681758016347885,-0.0004584937705658376,0.8652448654174805,1.0920321941375732,0.02608085796236992
G7,386,4831.05712890625,0.6136136054992676,-1627.896484375,-1627.896484375,1545.306396484375,1575.5189208984375,1954.703125,1991.0,1991.0,164.26089477539062,-82.55596923828125,0.8956072926521301,0.7910786867141724,0.9259251952171326,0.16798938810825348,0.16798938810825348,-0.00045956994290463626,0.8663431406021118,1.0835514068603516,0.026194196194410324
G7,387,4843.5673828125,0.6126126050949097,-1631.2567138671875,-1631.2567138671875,1548.89306640625,1579.2113037109375,1954.71875,1991.0,1991.0,163.08233642578125,-82.32992553710938,0.8966134190559387,0.7922680974006653,0.9266765713691711,0.16780135035514832,0.16780135035514832,-0.00046000408474355936,0.8674230575561523,1.0751713514328003,0.026310427114367485
G7,388,4856.078125,0.6116116046905518,-1634.5626220703125,-1634.5626220703125,1552.426025390625,1582.860595703125,1954.71875,1991.0,1991.0,161.91897583007812,-82.1033935546875,0.8976032733917236,0.7934015989303589,0.9274147152900696,0.1676120012998581,0.1676120012998581,-0.0004606907023116946,0.8684850931167603,1.0668903589248657,0.026423683390021324
G7,389,4868.58837890625,0.6106106042861938,-1637.815673828125,-1637.815673828125,1555.906005859375,1586.448486328125,1954.7578125,1991.0,1991.0,160.7705841064453,-81.87653350830078,0.898577094078064,0.7945277690887451,0.928139865398407,0.16742214560508728,0.16742214560508728,-0.0004610572359524667,0.8695294260978699,1.0587077140808105,0.026544565334916115
G7,390,4881.09912109375,0.6096096038818359,-1641.0164794921875,-1641.0164794921875,1559.333984375,1589.97802734375,1954.78125,1991.0,1991.0,159.63687133789062,-81.64971160888672,0.8995353579521179,0.7956468462944031,0.9288522601127625,0.1672295778989792,0.1672295778989792,-0.0004618950479198247,0.8705569505691528,1.0506216287612915,0.02665896527469158
G7,391,4893.609375,0.608608603477478,-1644.16650390625,-1644.16650390625,1562.712158203125,1593.4581298828125,1954.828125,1991.0,1991.0,158.51760864257812,-81.421875,0.9004781246185303,0.796758770942688,0.9295523762702942,0.16703777015209198,0.16703777015209198,-0.00046229863073676825,0.8715695738792419,1.0426316261291504,0.026773232966661453
G7,392,4906.1201171875,0.6076076030731201,-1647.2666015625,-1647.2666015625,1566.0396728515625,1596.880126953125,1954.8828125,1991.0,1991.0,157.41256713867188,-81.19473266601562,0.901405930519104,0.797863781452179,0.9302404522895813,0.16684360802173615,0.16684360802173615,-0.000462998024886474,0.8725684881210327,1.0347355604171753,0.026882125064730644
G7,393,4918.63037109375,0.6066066026687622,-1650.3177490234375,-1650.3177490234375,1569.3192138671875,1600.254150390625,1954.9140625,1991.0,1991.0,156.3214569091797,-80.96674346923828,0.9023190140724182,0.7989616990089417,0.9309167265892029,0.1666479855775833,0.1666479855775833,-0.0004639169492293149,0.873552143573761,1.026932954788208,0.02697822079062462
G7,394,4931.14111328125,0.6056056022644043,-1653.321044921875,-1653.321044921875,1572.5511474609375,1603.5716552734375,1954.9375,1991.0,1991.0,155.24407958984375,-80.73836517333984,0.9032177329063416,0.8000528216362,0.9316708445549011,0.16645343601703644,0.16645343601703644,-0.000464297307189554,0.874521017074585,1.019222378730774,0.027067391201853752
G7,395,4943.65185546875,0.6046046018600464,-1656.277587890625,-1656.277587890625,1575.7354736328125,1606.843017578125,1954.9609375,1991.0,1991.0,154.18017578125,-80.51081085205078,0.9041024446487427,0.8011370897293091,0.9324323534965515,0.1662551313638687,0.1662551313638687,-0.0004651648341678083,0.8754768371582031,1.0116021633148193,0.027138305827975273
G7,396,4956.162109375,0.6036036014556885,-1659.18798828125,-1659.18798828125,1578.875244140625,1610.0614013671875,1955.0,1991.0,1991.0,153.12954711914062,-80.28175354003906,0.9049732685089111,0.8022146224975586,0.9331787824630737,0.16605791449546814,0.16605791449546814,-0.00046576670138165355,0.8764159083366394,1.0040720701217651,0.02719765156507492
G7,397,4968.6728515625,0.6026026010513306,-1662.0533447265625,-1662.0533447265625,1581.96923828125,1613.2353515625,1955.046875,1991.0,1991.0,152.09194946289062,-80.05354309082031,0.9058306813240051,0.8032853603363037,0.9339104890823364,0.16585955023765564,0.16585955023765564,-0.00046609732089564204,0.8773406744003296,0.9966298937797546,0.02724326215684414
G7,398,4981.18310546875,0.6016016006469727,-1664.8746337890625,-1664.8746337890625,1585.019287109375,1616.355224609375,1955.0546875,1992.0,1992.0,151.06716918945312,-79.82508850097656,0.906674861907959,0.8043494820594788,0.9346280097961426,0.1656588464975357,0.1656588464975357,-0.00046666181879118085,0.8782532215118408,0.9892750978469849,0.027265317738056183
G7,399,4993.69384765625,0.6006006002426147,-1667.65283203125,-1667.65283203125,1588.0269775390625,1619.43798828125,1955.0546875,1992.0,1992.0,150.05499267578125,-79.59585571289062,0.9075062274932861,0.805406928062439,0.9353316426277161,0.1654592901468277,0.1654592901468277,-0.0004668503243010491,0.8791509866714478,0.9820063710212708,0.027282102033495903
G7,400,5006.2041015625,0.5995995998382568,-1670.388427734375,-1670.388427734375,1590.9913330078125,1622.46923828125,1955.1328125,1992.0,1992.0,149.05520629882812,-79.36744689941406,0.9083247780799866,0.8064578175544739,0.9360218048095703,0.16525748372077942,0.16525748372077942,-0.0004669328627642244,0.8800381422042847,0.9748222231864929,0.027270320802927017
G7,401,5018.71484375,0.5985985994338989,-1673.082763671875,-1673.082763671875,1593.9150390625,1625.4561767578125,1955.125,1992.0,1992.0,148.06759643554688,-79.13832092285156,0.9091309905052185,0.8075020909309387,0.9366989135742188,0.16505473852157593,0.16505473852157593,-0.0004671615024562925,0.8809149265289307,0.9677219986915588,0.027248892933130264
G7,402,5031.22509765625,0.597597599029541,-1675.736328125,-1675.736328125,1596.798095703125,1628.407470703125,1955.15625,1992.0,1992.0,147.09194946289062,-78.9090576171875,0.9099250435829163,0.8085399270057678,0.9373631477355957,0.1648518294095993,0.1648518294095993,-0.00046681505045853555,0.8817784190177917,0.9607042670249939,0.027201037853956223
G7,403,5043.73583984375,0.5965965986251831,-1678.3499755859375,-1678.3499755859375,1599.640869140625,1631.306640625,1955.2578125,1992.0,1992.0,146.12811279296875,-78.68003845214844,0.9107072949409485,0.8095711469650269,0.9380149841308594,0.16464781761169434,0.16464781761169434,-0.0004666789900511503,0.8826334476470947,0.9537679553031921,0.027135154232382774
G7,404,5056.24609375,0.5955955982208252,-1680.92431640625,-1680.92431640625,1602.4449462890625,1634.172607421875,1955.3046875,1992.0,1992.0,145.17584228515625,-78.45081329345703,0.9114778637886047,0.8105960488319397,0.9386547207832336,0.16444167494773865,0.16444167494773865,-0.00046619607019238174,0.8834795355796814,0.9469118714332581,0.027051543816924095
G7,405,5068.7568359375,0.5945945978164673,-1683.4605712890625,-1683.4605712890625,1605.211181640625,1636.9927978515625,1955.3515625,1992.0,1992.0,144.23495483398438,-78.22091674804688,0.9122370481491089,0.8116145133972168,0.9392827153205872,0.16423644125461578,0.16423644125461578,-0.0004656321834772825,0.8843130469322205,0.9401351809501648,0.026941752061247826
G7,406,5081.26708984375,0.5935935974121094,-1685.9591064453125,-1685.9591064453125,1607.9390869140625,1639.77734375,1955.3984375,1992.0,1992.0,143.30528259277344,-77.99176025390625,0.9129850268363953,0.8126264810562134,0.9398990869522095,0.16402894258499146,0.16402894258499146,-0.00046518142335116863,0.8851374387741089,0.9334363341331482,0.026812391355633736
G7,407,5093.77783203125,0.5925925970077515,-1688.420654296875,-1688.420654296875,1610.6309814453125,1642.517578125,1955.421875,1992.0,1992.0,142.38662719726562,-77.76187133789062,0.9137219786643982,0.8136321306228638,0.9405044317245483,0.1638200730085373,0.1638200730085373,-0.00046432603267021477,0.8859497904777527,0.9268145561218262,0.026661304756999016
G7,408,5106.2880859375,0.5915915966033936,-1690.8463134765625,-1690.8463134765625,1613.286865234375,1645.2265625,1955.4453125,1992.0,1992.0,141.4788055419922,-77.53166961669922,0.9144483208656311,0.8146314024925232,0.9410988688468933,0.16361233592033386,0.16361233592033386,-0.00046386438771151006,0.8867530822753906,0.9202687740325928,0.026485074311494827
G7,409,5118.798828125,0.5905905961990356,-1693.236328125,-1693.236328125,1615.906494140625,1647.8909912109375,1955.4609375,1992.0,1992.0,140.58163452148438,-77.30233001708984,0.9151641130447388,0.8156244158744812,0.9416825771331787,0.16340088844299316,0.16340088844299316,-0.00046312747872434556,0.8875489830970764,0.9137974381446838,0.026288943365216255
G7,410,5131.30908203125,0.5895895957946777,-1695.591552734375,-1695.591552734375,1618.49267578125,1650.5216064453125,1955.5,1992.0,1992.0,139.69496154785156,-77.07157897949219,0.9158695936203003,0.8166109919548035,0.9422560930252075,0.16319110989570618,0.16319110989570618,-0.0004622432170435786,0.8883346319198608,0.9074003100395203,0.02606593258678913
G7,411,5143.81982421875,0.5885885953903198,-1697.9124755859375,-1697.9124755859375,1621.04345703125,1653.116943359375,1955.515625,1992.0,1992.0,138.81858825683594,-76.84193420410156,0.91656494140625,0.8175913095474243,0.942819356918335,0.1629786640405655,0.1629786640405655,-0.0004621148109436035,0.8891099095344543,0.9010753035545349,0.025822514668107033
G7,412,5156.330078125,0.5875875949859619,-1700.199951171875,-1700.199951171875,1623.561767578125,1655.6712646484375,1955.546875,1992.0,1992.0,137.95236206054688,-76.61140441894531,0.9172505140304565,0.8185654282569885,0.9433728456497192,0.1627664566040039,0.1627664566040039,-0.000461139774415642,0.8898742198944092,0.894822359085083,0.025559311732649803
G7,413,5168.8408203125,0.586586594581604,-1702.4544677734375,-1702.4544677734375,1626.046630859375,1658.197998046875,1955.59375,1992.0,1992.0,137.0961151123047,-76.38128662109375,0.9179262518882751,0.8195332288742065,0.9439167380332947,0.16255305707454681,0.16255305707454681,-0.00046138992183841765,0.890629231929779,0.8886396288871765,0.02527252957224846
G7,414,5181.3515625,0.5855855941772461,-1704.6767578125,-1704.6767578125,1628.49951171875,1660.68212890625,1955.6015625,1992.0,1992.0,136.24969482421875,-76.15098571777344,0.9185924530029297,0.8204948306083679,0.9444513320922852,0.16233879327774048,0.16233879327774048,-0.000461013987660408,0.891372799873352,0.882526695728302,0.024971798062324524
G7,415,5193.86181640625,0.5845845937728882,-1706.8673095703125,-1706.8673095703125,1630.920654296875,1663.1376953125,1955.6328125,1992.0,1992.0,135.41293334960938,-75.92060852050781,0.919249415397644,0.8214502334594727,0.944976806640625,0.1621241718530655,0.1621241718530655,-0.0004612642514985055,0.8921082615852356,0.8764821887016296,0.02465326339006424
G7,416,5206.37255859375,0.5835835933685303,-1709.0267333984375,-1709.0267333984375,1633.3104248046875,1665.5576171875,1955.671875,1992.0,1992.0,134.58566284179688,-75.69039916992188,0.9198971390724182,0.822399377822876,0.945493221282959,0.1619088351726532,0.1619088351726532,-0.0004615707148332149,0.8928334712982178,0.8705052733421326,0.024320067837834358
G7,417,5218.8828125,0.5825825929641724,-1711.155517578125,-1711.155517578125,1635.6695556640625,1667.942138671875,1955.6796875,1992.0,1992.0,133.76776123046875,-75.46021270751953,0.9205360412597656,0.8233424425125122,0.9460011124610901,0.16169238090515137,0.16169238090515137,-0.00046186972758732736,0.8935490846633911,0.8645949363708496,0.023973843082785606
G7,418,5231.3935546875,0.5815815925598145,-1713.25439453125,-1713.25439453125,1637.9990234375,1670.3011474609375,1955.6875,1992.0,1992.0,132.9590606689453,-75.22984313964844,0.9211660027503967,0.8242793083190918,0.9465004205703735,0.16147658228874207,0.16147658228874207,-0.0004627720918506384,0.8942541480064392,0.8587502241134644,0.023613492026925087
G7,419,5243.90380859375,0.5805805921554565,-1715.32373046875,-1715.32373046875,1640.29833984375,1672.6204833984375,1955.7109375,1992.0,1992.0,132.15940856933594,-75.0001449584961,0.9217873215675354,0.8252100348472595,0.946991503238678,0.16125808656215668,0.16125808656215668,-0.0004632464551832527,0.8949507474899292,0.8529700040817261,0.023241518065333366
G7,420,5256.41455078125,0.5795795917510986,-1717.3642578125,-1717.3642578125,1642.569580078125,1674.91552734375,1955.703125,1992.0,1992.0,131.36868286132812,-74.76952362060547,0.9224002361297607,0.8261346220970154,0.9474745392799377,0.1610422134399414,0.1610422134399414,-0.0004645544686354697,0.8956372141838074,0.8472538590431213,0.022856323048472404
G7,421,5268.9248046875,0.5785785913467407,-1719.376220703125,-1719.376220703125,1644.81103515625,1677.1796875,1955.703125,1992.0,1992.0,130.5867156982422,-74.54046630859375,0.9230048656463623,0.8270531296730042,0.9479495882987976,0.16082176566123962,0.16082176566123962,-0.0004655187076423317,0.8963158130645752,0.8416000604629517,0.02246330864727497
G7,422,5281.435546875,0.5775775909423828,-1721.3604736328125,-1721.3604736328125,1647.0263671875,1679.409912109375,1955.734375,1992.0,1992.0,129.81338500976562,-74.30963897705078,0.9236012101173401,0.8279656171798706,0.9484171271324158,0.1606048196554184,0.1606048196554184,-0.00046688239672221243,0.8969862461090088,0.8360087871551514,0.022060630843043327
G7,423,5293.94580078125,0.5765765905380249,-1723.3173828125,-1723.3173828125,1649.212158203125,1681.62060546875,1955.7734375,1992.0,1992.0,129.048583984375,-74.08078002929688,0.9241897463798523,0.8288719654083252,0.9488770365715027,0.16038452088832855,0.16038452088832855,-0.0004684857849497348,0.8976490497589111,0.8304779529571533,0.021651098504662514
G7,424,5306.45654296875,0.575575590133667,-1725.247314453125,-1725.247314453125,1651.372314453125,1683.79541015625,1955.828125,1992.0,1992.0,128.2921142578125,-73.85073852539062,0.9247703552246094,0.829772412776947,0.9493295550346375,0.1601647585630417,0.1601647585630417,-0.00046987924724817276,0.8983038067817688,0.8250076770782471,0.021233845502138138
G7,425,5318.966796875,0.5745745897293091,-1727.15087890625,-1727.15087890625,1653.505615234375,1685.946533203125,1955.859375,1992.0,1992.0,127.54390716552734,-73.62127685546875,0.9253432154655457,0.8306667804718018,0.9497748613357544,0.15994511544704437,0.15994511544704437,-0.0004718179989140481,0.8989498615264893,0.819596529006958,0.020810814574360847
G7,426,5331.4775390625,0.5735735893249512,-1729.028564453125,-1729.028564453125,1655.612548828125,1688.074462890625,1955.8671875,1992.0,1992.0,126.80380249023438,-73.3922348022461,0.9259085059165955,0.8315550684928894,0.9502132534980774,0.15972386300563812,0.15972386300563812,-0.0004737937997560948,0.8995872139930725,0.8142438530921936,0.02038499340415001
G7,427,5343.98779296875,0.5725725889205933,-1730.880615234375,-1730.880615234375,1657.6942138671875,1690.169189453125,1955.8671875,1992.0,1992.0,126.07168579101562,-73.16281127929688,0.9264665246009827,0.8324375748634338,0.9506447315216064,0.15950319170951843,0.15950319170951843,-0.00047585676657035947,0.9002148509025574,0.8089488744735718,0.019961869344115257
G7,428,5356.49853515625,0.5715715885162354,-1732.707763671875,-1732.707763671875,1659.7503662109375,1692.2474365234375,1955.8828125,1992.0,1992.0,125.34742736816406,-72.93399047851562,0.9270170331001282,0.8333140015602112,0.9510694742202759,0.15928205847740173,0.15928205847740173,-0.0004787165089510381,0.9008338451385498,0.8037105798721313,0.01954043284058571
G7,429,5369.0087890625,0.5705705881118774,-1734.51025390625,-1734.51025390625,1661.78173828125,1694.2938232421875,1955.875,1992.0,1992.0,124.63092041015625,-72.705322265625,0.927560567855835,0.8341845273971558,0.9514877200126648,0.15906016528606415,0.15906016528606415,-0.0004813380364794284,0.9014445543289185,0.798528254032135,0.019134700298309326
G7,430,5381.51953125,0.5695695877075195,-1736.28857421875,-1736.28857421875,1663.7889404296875,1696.321044921875,1955.890625,1992.0,1992.0,123.92204284667969,-72.47666931152344,0.9280970692634583,0.8350491523742676,0.9518996477127075,0.15883885324001312,0.15883885324001312,-0.00048453861381858587,0.9020459651947021,0.793401300907135,0.01873118057847023
G7,431,5394.02978515625,0.5685685873031616,-1738.043212890625,-1738.043212890625,1665.771728515625,1698.320556640625,1955.8984375,1992.0,1992.0,123.22065734863281,-72.2486343383789,0.928626537322998,0.8359079360961914,0.9523198008537292,0.15861661732196808,0.15861661732196808,-0.0004883172805421054,0.9026413559913635,0.7883285284042358,0.01834963634610176
G7,432,5406.54052734375,0.5675675868988037,-1739.7744140625,-1739.7744140625,1667.731201171875,1700.2996826171875,1955.9375,1992.0,1992.0,122.52667236328125,-72.02052307128906,0.9291493892669678,0.8367608785629272,0.9527425765991211,0.15839454531669617,0.15839454531669617,-0.0004916814505122602,0.9032306671142578,0.7833095788955688,0.01797860860824585
G7,433,5419.05078125,0.5665665864944458,-1741.482666015625,-1741.482666015625,1669.6673583984375,1702.253173828125,1956.0,1992.0,1992.0,121.83998107910156,-71.7928466796875,0.9296655058860779,0.8376079201698303,0.9531584978103638,0.15817226469516754,0.15817226469516754,-0.000496273918543011,0.9038152098655701,0.7783434391021729,0.017619024962186813
G7,434,5431.5615234375,0.5655655860900879,-1743.16845703125,-1743.16845703125,1671.580810546875,1704.185791015625,1956.03125,1992.0,1992.0,121.16044616699219,-71.5654296875,0.9301750659942627,0.8384491801261902,0.9535678625106812,0.1579495370388031,0.1579495370388031,-0.0005001513054594398,0.9043943881988525,0.7734295725822449,0.01726950891315937
G7,435,5444.072265625,0.56456458568573,-1744.8321533203125,-1744.8321533203125,1673.4718017578125,1706.09423828125,1956.046875,1992.0,1992.0,120.48799133300781,-71.33816528320312,0.9306782484054565,0.8392846584320068,0.9539708495140076,0.15772654116153717,0.15772654116153717,-0.000504678871948272,0.9049685597419739,0.7685671448707581,0.016926685348153114
G7,436,5456.58251953125,0.5635635852813721,-1746.47412109375,-1746.47412109375,1675.3409423828125,1707.9830322265625,1956.046875,1992.0,1992.0,119.82249450683594,-71.11114501953125,0.9311750531196594,0.840114414691925,0.9543673992156982,0.157504141330719,0.157504141330719,-0.0005092712235637009,0.9055359959602356,0.7637554407119751,0.016582174226641655
G7,437,5469.09326171875,0.5625625848770142,-1748.0946044921875,-1748.0946044921875,1677.18798828125,1709.845458984375,1956.0546875,1992.0,1992.0,119.16386413574219,-70.88475036621094,0.9316657781600952,0.8409384489059448,0.954757809638977,0.15728026628494263,0.15728026628494263,-0.0005134547245688736,0.9060975313186646,0.7589938044548035,0.016245512291789055
G7,438,5481.603515625,0.5615615844726562,-1749.694091796875,-1749.694091796875,1679.014404296875,1711.6932373046875,1956.0625,1992.0,1992.0,118.51199340820312,-70.65804290771484,0.9321503043174744,0.8417565822601318,0.9551421999931335,0.15705789625644684,0.15705789625644684,-0.0005183690809644759,0.9066511988639832,0.7542816400527954,0.015901941806077957
G7,439,5494.1142578125,0.5605605840682983,-1751.27294921875,-1751.27294921875,1680.819091796875,1713.510986328125,1956.0859375,1992.0,1992.0,117.86676788330078,-70.432373046875,0.9326289892196655,0.8425564169883728,0.9555208086967468,0.15683412551879883,0.15683412551879883,-0.0005225719651207328,0.9071981310844421,0.7496180534362793,0.01556412223726511
G7,440,5506.62451171875,0.5595595836639404,-1752.83154296875,-1752.83154296875,1682.603759765625,1715.31689453125,1956.0859375,1992.0,1992.0,117.22811126708984,-70.20643615722656,0.9331017136573792,0.8432577252388,0.9558935165405273,0.15661098062992096,0.15661098062992096,-0.0005274413269944489,0.907738983631134,0.7450025677680969,0.01522347517311573
G7,441,5519.13525390625,0.5585585832595825,-1754.3702392578125,-1754.3702392578125,1684.367919921875,1717.0947265625,1956.078125,1992.0,1992.0,116.59591674804688,-69.98112487792969,0.9335687160491943,0.843953549861908,0.956260621547699,0.15638762712478638,0.15638762712478638,-0.0005320222699083388,0.9082737565040588,0.7404343485832214,0.014888029545545578
G7,442,5531.6455078125,0.5575575828552246,-1755.8892822265625,-1755.8892822265625,1686.1123046875,1718.856201171875,1956.0859375,1992.0,1992.0,115.9700927734375,-69.75608825683594,0.9340299963951111,0.8446438908576965,0.9566222429275513,0.15616416931152344,0.15616416931152344,-0.0005367851699702442,0.90880286693573,0.7359129190444946,0.014560842886567116
G7,443,5544.15625,0.5565565824508667,-1757.38916015625,-1757.38916015625,1687.8369140625,1720.5977783203125,1956.0859375,1992.0,1992.0,115.35054779052734,-69.53135681152344,0.9344856142997742,0.8453288078308105,0.956978440284729,0.15594041347503662,0.15594041347503662,-0.0005418300279416144,0.9093267321586609,0.7314375042915344,0.014242238365113735
G7,444,5556.66650390625,0.5555555820465088,-1758.8699951171875,-1758.8699951171875,1689.54248046875,1722.31640625,1956.0859375,1992.0,1992.0,114.7372055053711,-69.3068618774414,0.9349358677864075,0.8460083603858948,0.9573294520378113,0.15571685135364532,0.15571685135364532,-0.00054680131142959,0.9098445177078247,0.7270075082778931,0.01393978949636221
G7,445,5569.17724609375,0.5545545816421509,-1760.332275390625,-1760.332275390625,1691.22900390625,1724.019775390625,1956.0859375,1992.0,1992.0,114.12994384765625,-69.08279418945312,0.9353806972503662,0.8466827273368835,0.9576752781867981,0.15549282729625702,0.15549282729625702,-0.0005522529827430844,0.9103541374206543,0.7226223349571228,0.01365804672241211
G7,446,5581.6875,0.553553581237793,-1761.7763671875,-1761.7763671875,1692.8970947265625,1725.7021484375,1956.09375,1992.0,1992.0,113.52870178222656,-68.85888671875,0.9358201622962952,0.8473516702651978,0.958016037940979,0.15526866912841797,0.15526866912841797,-0.0005576626281253994,0.9108579754829407,0.7182813882827759,0.013399594463407993
G7,447,5594.1982421875,0.5525525808334351,-1763.202392578125,-1763.202392578125,1694.546875,1727.3646240234375,1956.109375,1992.0,1992.0,112.93338775634766,-68.63529205322266,0.9362545013427734,0.848015546798706,0.9583518505096436,0.1550440788269043,0.1550440788269043,-0.0005633717519231141,0.9113559722900391,0.7139840722084045,0.013174610212445259
G7,448,5606.70849609375,0.5515515804290771,-1764.6107177734375,-1764.6107177734375,1696.178955078125,1729.01318359375,1956.140625,1992.0,1992.0,112.34391784667969,-68.41184997558594,0.9366836547851562,0.848597526550293,0.9586828351020813,0.15481960773468018,0.15481960773468018,-0.0005692230188287795,0.9118483662605286,0.709729790687561,0.012977348640561104
G7,449,5619.21923828125,0.5505505800247192,-1766.001708984375,-1766.001708984375,1697.7930908203125,1730.6378173828125,1956.15625,1992.0,1992.0,111.76019287109375,-68.1888198852539,0.9371077418327332,0.8491093516349792,0.9590091109275818,0.15459388494491577,0.15459388494491577,-0.0005752815050072968,0.9123368859291077,0.7055178284645081,0.012817610055208206
G7,450,5631.7294921875,0.5495495796203613,-1767.375732421875,-1767.375732421875,1699.390380859375,1732.25,1956.15625,1992.0,1992.0,111.18216705322266,-67.96560668945312,0.9375268816947937,0.8496182560920715,0.9593307971954346,0.1543688327074051,0.1543688327074051,-0.0005812323070131242,0.9128201007843018,0.7013478875160217,0.01268738228827715
G7,451,5644.240234375,0.5485485792160034,-1768.73291015625,-1768.73291015625,1700.9703369140625,1733.842529296875,1956.171875,1992.0,1992.0,110.60972595214844,-67.7430419921875,0.9379412531852722,0.8501242399215698,0.9596478343009949,0.15414251387119293,0.15414251387119293,-0.0005876313662156463,0.913298487663269,0.69721919298172,0.012588818557560444
G7,452,5656.75048828125,0.5475475788116455,-1770.0736083984375,-1770.0736083984375,1702.533935546875,1735.41650390625,1956.1640625,1992.0,1992.0,110.04280853271484,-67.52029418945312,0.9383507966995239,0.8506272435188293,0.9599604606628418,0.1539161652326584,0.1539161652326584,-0.0005936095840297639,0.9137707352638245,0.6931313276290894,0.012519055046141148
G7,453,5669.26123046875,0.5465465784072876,-1771.39794921875,-1771.39794921875,1704.080810546875,1736.978759765625,1956.1640625,1992.0,1992.0,109.48133087158203,-67.29788208007812,0.9387555718421936,0.8511273264884949,0.9602688550949097,0.15368971228599548,0.15368971228599548,-0.0006001025903970003,0.9142366051673889,0.6890837550163269,0.012473631650209427
G7,454,5681.77197265625,0.5455455780029297,-1772.7064208984375,-1772.7064208984375,1705.611572265625,1738.517578125,1956.1640625,1992.0,1992.0,108.92522430419922,-67.07579803466797,0.9391556978225708,0.8516245484352112,0.9605728983879089,0.15346243977546692,0.15346243977546692,-0.0006062667234800756,0.9146983623504639,0.6850757598876953,0.012442517094314098
G7,455,5694.2822265625,0.5445445775985718,-1773.999267578125,-1773.999267578125,1707.12646484375,1740.0477294921875,1956.1875,1992.0,1992.0,108.37442016601562,-66.85371398925781,0.9395512342453003,0.8521186709403992,0.9608728289604187,0.15323488414287567,0.15323488414287567,-0.0006128862150944769,0.9151560664176941,0.6811070442199707,0.012421357445418835
G7,456,5706.79296875,0.5435435771942139,-1775.2763671875,-1775.2763671875,1708.625732421875,1741.55517578125,1956.2109375,1992.0,1992.0,107.82881164550781,-66.63186645507812,0.9399423599243164,0.8526098132133484,0.9611685276031494,0.15300771594047546,0.15300771594047546,-0.0006194709567353129,0.9156094193458557,0.6771770715713501,0.012404834851622581
G7,457,5719.30322265625,0.542542576789856,-1776.538330078125,-1776.538330078125,1710.109130859375,1743.0526123046875,1956.2109375,1992.0,1992.0,107.28836822509766,-66.41056060791016,0.9403290152549744,0.8530979752540588,0.9614603519439697,0.1527795046567917,0.1527795046567917,-0.0006263711838982999,0.9160573482513428,0.6732850670814514,0.012385168112814426
G7,458,5731.81396484375,0.541541576385498,-1777.7855224609375,-1777.7855224609375,1711.57763671875,1744.53076171875,1956.25,1992.0,1992.0,106.75299072265625,-66.18916320800781,0.9407113194465637,0.8535831570625305,0.9617481827735901,0.15255106985569,0.15255106985569,-0.0006333907367661595,0.9165006875991821,0.6694308519363403,0.012363127432763577
G7,459,5744.32421875,0.5405405759811401,-1779.0177001953125,-1779.0177001953125,1713.03125,1745.995849609375,1956.2734375,1992.0,1992.0,106.22262573242188,-65.96803283691406,0.9410893321037292,0.8540652990341187,0.9620321989059448,0.15232360363006592,0.15232360363006592,-0.0006405076128430665,0.9169400334358215,0.6656137704849243,0.012330071069300175
G7,460,5756.8349609375,0.5395395755767822,-1780.2353515625,-1780.2353515625,1714.46923828125,1747.44482421875,1956.28125,1992.0,1992.0,105.69719696044922,-65.74769592285156,0.9414631724357605,0.8545444011688232,0.9623124003410339,0.15209375321865082,0.15209375321865082,-0.0006480545271188021,0.9173768162727356,0.6618332862854004,0.012283733114600182
G7,461,5769.34521484375,0.5385385751724243,-1781.438720703125,-1781.438720703125,1715.893798828125,1748.880615234375,1956.296875,1992.0,1992.0,105.17664337158203,-65.52667999267578,0.9418328404426575,0.8550205230712891,0.962588906288147,0.1518661230802536,0.1518661230802536,-0.0006552658742293715,0.9178107976913452,0.6580891013145447,0.012225012294948101
G7,462,5781.85595703125,0.5375375747680664,-1782.6280517578125,-1782.6280517578125,1717.302978515625,1750.298583984375,1956.3046875,1992.0,1992.0,104.660888671875,-65.3070068359375,0.9421984553337097,0.8554934859275818,0.9628617763519287,0.1516358107328415,0.1516358107328415,-0.0006631059804931283,0.918240487575531,0.6543803811073303,0.012151410803198814
G7,463,5794.3662109375,0.5365365743637085,-1783.803466796875,-1783.803466796875,1718.698974609375,1751.70751953125,1956.3125,1992.0,1992.0,104.14988708496094,-65.08653259277344,0.942560076713562,0.8559634685516357,0.9631311893463135,0.15140706300735474,0.15140706300735474,-0.0006703753606416285,0.91866534948349,0.6507071852684021,0.012064505368471146
G7,464,5806.876953125,0.5355355739593506,-1784.9652099609375,-1784.9652099609375,1720.080322265625,1753.09619140625,1956.3203125,1992.0,1992.0,103.6435546875,-64.86709594726562,0.9429177045822144,0.8564302921295166,0.9633970260620117,0.15117685496807098,0.15117685496807098,-0.0006782772834412754,0.9190859794616699,0.6470685601234436,0.011962903663516045
G7,465,5819.38720703125,0.5345345735549927,-1786.1134033203125,-1786.1134033203125,1721.4482421875,1754.4755859375,1956.3203125,1992.0,1992.0,103.14183044433594,-64.64740753173828,0.9432714581489563,0.8568940758705139,0.963659405708313,0.1509467512369156,0.1509467512369156,-0.0006852094666101038,0.9195017218589783,0.6434643268585205,0.011852944269776344
G7,466,5831.89794921875,0.5335335731506348,-1787.2484130859375,-1787.2484130859375,1722.802734375,1755.839599609375,1956.34375,1992.0,1992.0,102.64466857910156,-64.42813110351562,0.9436213374137878,0.8573548197746277,0.9639184474945068,0.15071626007556915,0.15071626007556915,-0.0006931642419658601,0.9199128746986389,0.6398938894271851,0.011726656928658485
G7,467,5844.408203125,0.5325325727462769,-1788.370361328125,-1788.370361328125,1724.143798828125,1757.188720703125,1956.359375,1992.0,1992.0,102.1520004272461,-64.20906066894531,0.9439675211906433,0.8578123450279236,0.9641741514205933,0.1504858285188675,0.1504858285188675,-0.0006995123694650829,0.9203216433525085,0.6363568902015686,0.01159724686294794
G7,468,5856.9189453125,0.531531572341919,-1789.479248046875,-1789.479248046875,1725.4716796875,1758.5264892578125,1956.359375,1992.0,1992.0,101.66376495361328,-63.990379333496094,0.9443098306655884,0.8582668900489807,0.9644266366958618,0.15025454759597778,0.15025454759597778,-0.0007069806451909244,0.9207260012626648,0.6328528523445129,0.011454874649643898
G7,469,5869.42919921875,0.530530571937561,-1790.57568359375,-1790.57568359375,1726.7867431640625,1759.8509521484375,1956.3671875,1992.0,1992.0,101.17990112304688,-63.771705627441406,0.9446487426757812,0.8587183952331543,0.9646759629249573,0.15002396702766418,0.15002396702766418,-0.000712989829480648,0.9211254715919495,0.6293812990188599,0.0113097308203578
G7,470,5881.93994140625,0.5295295715332031,-1791.65966796875,-1791.65966796875,1728.0887451171875,1761.1590576171875,1956.3671875,1992.0,1992.0,100.70035552978516,-63.55370330810547,0.9449837803840637,0.8591668605804443,0.9649221897125244,0.14979253709316254,0.14979253709316254,-0.0007196209626272321,0.9215220212936401,0.6259419322013855,0.011164183728396893
G7,471,5894.4501953125,0.5285285711288452,-1792.731201171875,-1792.731201171875,1729.37841796875,1762.461181640625,1956.3671875,1992.0,1992.0,100.22506713867188,-63.33571243286133,0.9453154802322388,0.8596122860908508,0.9651653170585632,0.14956119656562805,0.14956119656562805,-0.0007254953379742801,0.9219133257865906,0.6225341558456421,0.011019710451364517
G7,472,5906.9609375,0.5275275707244873,-1793.7906494140625,-1793.7906494140625,1730.6556396484375,1763.742919921875,1956.3671875,1992.0,1992.0,99.75399780273438,-63.11812210083008,0.9456436038017273,0.860054612159729,0.9654054641723633,0.14932993054389954,0.14932993054389954,-0.0007315368857234716,0.9223001003265381,0.6191577315330505,0.010884501039981842
G7,473,5919.4716796875,0.5265265703201294,-1794.838134765625,-1794.838134765625,1731.92041015625,1765.0185546875,1956.3671875,1992.0,1992.0,99.28706359863281,-62.90093994140625,0.9459682106971741,0.8604939579963684,0.9656427502632141,0.14909808337688446,0.14909808337688446,-0.0007372041000053287,0.9226824641227722,0.6158121228218079,0.0107598677277565
G7,474,5931.98193359375,0.5255255699157715,-1795.8740234375,-1795.8740234375,1733.17333984375,1766.27880859375,1956.3671875,1992.0,1992.0,98.8242416381836,-62.68389129638672,0.9462894797325134,0.8609302043914795,0.9658769965171814,0.14886677265167236,0.14886677265167236,-0.0007428447715938091,0.9230608940124512,0.612497091293335,0.010645955801010132
G7,475,5944.49267578125,0.5245245695114136,-1796.898193359375,-1796.898193359375,1734.4141845703125,1767.5283203125,1956.375,1992.0,1992.0,98.36544799804688,-62.46742630004883,0.9466074109077454,0.8613635897636414,0.9661083817481995,0.1486346423625946,0.1486346423625946,-0.0007481910288333893,0.9234364032745361,0.6092121005058289,0.010552390478551388
G7,476,5957.0029296875,0.5235235691070557,-1797.910888671875,-1797.910888671875,1735.6435546875,1768.7647705078125,1956.390625,1992.0,1992.0,97.91065979003906,-62.25099563598633,0.9469221234321594,0.861794114112854,0.9663370847702026,0.1484033316373825,0.1484033316373825,-0.0007533488096669316,0.9238093495368958,0.6059568524360657,0.010481364093720913
G7,477,5969.513671875,0.5225225687026978,-1798.91259765625,-1798.91259765625,1736.86083984375,1769.9925537109375,1956.3828125,1992.0,1992.0,97.4598159790039,-62.0352783203125,0.9472335577011108,0.8622215986251831,0.9665629863739014,0.14817102253437042,0.14817102253437042,-0.0007582174148410559,0.9241793751716614,0.6027308702468872,0.01043433602899313
G7,478,5982.02392578125,0.5215215682983398,-1799.903076171875,-1799.903076171875,1738.0672607421875,1771.20458984375,1956.390625,1992.0,1992.0,97.01285552978516,-61.81951141357422,0.9475417137145996,0.862646222114563,0.9667861461639404,0.14793923497200012,0.14793923497200012,-0.0007628030725754797,0.9245457053184509,0.5995340347290039,0.010418638586997986
G7,479,5994.53466796875,0.5205205678939819,-1800.882568359375,-1800.882568359375,1739.26220703125,1772.41015625,1956.3984375,1992.0,1992.0,96.56974792480469,-61.60433578491211,0.9478468298912048,0.8630680441856384,0.9670066833496094,0.1477067619562149,0.1477067619562149,-0.0007670163176953793,0.9249085187911987,0.5963656902313232,0.010436381213366985
G7,480,6007.044921875,0.519519567489624,-1801.8515625,-1801.8515625,1740.4462890625,1773.60107421875,1956.40625,1992.0,1992.0,96.13043212890625,-61.389244079589844,0.948148787021637,0.8634871244430542,0.967224657535553,0.1474745124578476,0.1474745124578476,-0.0007711506332270801,0.9252698421478271,0.5932257175445557,0.01048852875828743
G7,481,6019.5556640625,0.5185185670852661,-1802.809814453125,-1802.809814453125,1741.6192626953125,1774.78271484375,1956.40625,1992.0,1992.0,95.69485473632812,-61.17461395263672,0.9484476447105408,0.863903284072876,0.9674400687217712,0.14724138379096985,0.14724138379096985,-0.0007747401250526309,0.9256278872489929,0.5901135802268982,0.010572921484708786
G7,482,6032.06591796875,0.5175175666809082,-1803.757568359375,-1803.757568359375,1742.7818603515625,1775.9534912109375,1956.4296875,1992.0,1992.0,95.26298522949219,-60.96000671386719,0.9487435817718506,0.8643168210983276,0.9676528573036194,0.14700902998447418,0.14700902998447418,-0.0007783850305713713,0.9259827733039856,0.5870291590690613,0.010691830888390541
G7,483,6044.57666015625,0.5165165662765503,-1804.6953125,-1804.6953125,1743.93359375,1777.11328125,1956.4375,1992.0,1992.0,94.83476257324219,-60.74607849121094,0.9490363597869873,0.8647277355194092,0.9678633213043213,0.14677514135837555,0.14677514135837555,-0.0007815624703653157,0.9263346791267395,0.5839719176292419,0.010834898799657822
G7,484,6057.0869140625,0.5155155658721924,-1805.622802734375,-1805.622802734375,1745.0753173828125,1778.2630615234375,1956.4375,1992.0,1992.0,94.41014862060547,-60.531898498535156,0.9493264555931091,0.8651360273361206,0.9680712819099426,0.14654237031936646,0.14654237031936646,-0.0007847669767215848,0.9266825914382935,0.5809416770935059,0.011002803221344948
G7,485,6069.59765625,0.5145145654678345,-1806.5404052734375,-1806.5404052734375,1746.206298828125,1779.402099609375,1956.4375,1992.0,1992.0,93.98910522460938,-60.31855392456055,0.9496135711669922,0.8655418157577515,0.9682767987251282,0.14630846679210663,0.14630846679210663,-0.0007876124582253397,0.9270274043083191,0.5779379606246948,0.011184592731297016
G7,486,6082.10791015625,0.5135135650634766,-1807.4482421875,-1807.4482421875,1747.32763671875,1780.5316162109375,1956.4375,1992.0,1992.0,93.57157897949219,-60.105106353759766,0.949897825717926,0.8659449815750122,0.9685046076774597,0.14607484638690948,0.14607484638690948,-0.0007905098609626293,0.9273685812950134,0.5749605298042297,0.011380559764802456
G7,487,6094.61865234375,0.5125125050544739,-1808.34619140625,-1808.34619140625,1748.438720703125,1781.6494140625,1956.4375,1992.0,1992.0,93.15752410888672,-59.89215087890625,0.9501792788505554,0.8663458228111267,0.9687525033950806,0.1458408385515213,0.1458408385515213,-0.000793216866441071,0.9277064204216003,0.5720090270042419,0.011582748033106327
G7,488,6107.12890625,0.511511504650116,-1809.2347412109375,-1809.2347412109375,1749.5401611328125,1782.7598876953125,1956.4375,1992.0,1992.0,92.74690246582031,-59.679412841796875,0.9504579901695251,0.8667441606521606,0.9689966440200806,0.145607128739357,0.145607128739357,-0.000795671483501792,0.9280399680137634,0.5690832138061523,0.011792585253715515
G7,489,6119.6396484375,0.5105105042457581,-1810.114013671875,-1810.114013671875,1750.631591796875,1783.857421875,1956.4375,1992.0,1992.0,92.33966827392578,-59.4671745300293,0.9507339000701904,0.8671401739120483,0.9692373871803284,0.14537237584590912,0.14537237584590912,-0.0007984055555425584,0.9283698797225952,0.5661826133728027,0.01199877355247736
G7,490,6132.14990234375,0.5095095038414001,-1810.98388671875,-1810.98388671875,1751.714111328125,1784.9481201171875,1956.4453125,1992.0,1992.0,91.935791015625,-59.25489044189453,0.9510071873664856,0.8675338625907898,0.9694744944572449,0.14513841271400452,0.14513841271400452,-0.0008005140698514879,0.9286962747573853,0.5633072257041931,0.012206915766000748
G7,491,6144.66064453125,0.5085085034370422,-1811.8446044921875,-1811.8446044921875,1752.7864990234375,1786.0272216796875,1956.4453125,1992.0,1992.0,91.53521728515625,-59.04329299926758,0.9512779116630554,0.8679253458976746,0.969708263874054,0.14490357041358948,0.14490357041358948,-0.0008031228207983077,0.9290196299552917,0.560456395149231,0.012403604574501514
G7,492,6157.1708984375,0.5075075030326843,-1812.696533203125,-1812.696533203125,1753.849853515625,1787.097900390625,1956.453125,1992.0,1992.0,91.13792419433594,-58.83171844482422,0.9515458941459656,0.8683147430419922,0.9699386954307556,0.14466850459575653,0.14466850459575653,-0.0008050594478845596,0.9293398857116699,0.5576300621032715,0.012598421424627304
G7,493,6169.681640625,0.5065065026283264,-1813.5394287109375,-1813.5394287109375,1754.904296875,1788.159423828125,1956.4609375,1992.0,1992.0,90.74384307861328,-58.62043380737305,0.9518113732337952,0.8687019348144531,0.9701659679412842,0.14443373680114746,0.14443373680114746,-0.0008075791993178427,0.9296571612358093,0.554827868938446,0.01277825515717268
G7,494,6182.1923828125,0.5055055022239685,-1814.37353515625,-1814.37353515625,1755.9493408203125,1789.210205078125,1956.453125,1992.0,1992.0,90.35296630859375,-58.409645080566406,0.9520741701126099,0.8690870404243469,0.9703899621963501,0.14419791102409363,0.14419791102409363,-0.000809471879620105,0.9299721121788025,0.5520495772361755,0.012951090931892395
G7,495,6194.70263671875,0.5045045018196106,-1815.19921875,-1815.19921875,1756.98583984375,1790.2552490234375,1956.453125,1992.0,1992.0,89.96524047851562,-58.19879913330078,0.9523346424102783,0.8694701194763184,0.9706108570098877,0.14396251738071442,0.14396251738071442,-0.0008119140402413905,0.9302843809127808,0.5492948293685913,0.013109677471220493
G7,496,6207.21337890625,0.5035035014152527,-1816.0162353515625,-1816.0162353515625,1758.0133056640625,1791.28662109375,1956.453125,1992.0,1992.0,89.58062744140625,-57.988502502441406,0.9525924324989319,0.8698513507843018,0.9708287715911865,0.1437263786792755,0.1437263786792755,-0.0008140206336975098,0.9305954575538635,0.5465633869171143,0.013251214288175106
G7,497,6219.7236328125,0.5025025010108948,-1816.82470703125,-1816.82470703125,1759.0321044921875,1792.314453125,1956.46875,1992.0,1992.0,89.19908142089844,-57.778297424316406,0.952847957611084,0.8702306151390076,0.9710436463356018,0.14348994195461273,0.14348994195461273,-0.0008164796163327992,0.9309049844741821,0.5438550114631653,0.01337928231805563
G7,498,6232.234375,0.5015015006065369,-1817.6251220703125,-1817.6251220703125,1760.04248046875,1793.3289794921875,1956.46875,1992.0,1992.0,88.82058715820312,-57.568336486816406,0.9531010389328003,0.8706080317497253,0.9712555408477783,0.14325359463691711,0.14325359463691711,-0.0008187752682715654,0.931212842464447,0.5411694049835205,0.013487912714481354
G7,499,6244.74462890625,0.500500500202179,-1818.417236328125,-1818.417236328125,1761.0443115234375,1794.3375244140625,1956.484375,1992.0,1992.0,88.44509887695312,-57.358795166015625,0.9533517956733704,0.8709837198257446,0.9714645743370056,0.14301644265651703,0.14301644265651703,-0.0008214318659156561,0.9315184354782104,0.5385063290596008,0.013579966500401497
G7,500,6257.25537109375,0.49949949979782104,-1819.2012939453125,-1819.2012939453125,1762.0379638671875,1795.337890625,1956.4921875,1992.0,1992.0,88.07258605957031,-57.14931869506836,0.9536001086235046,0.8713575601577759,0.971670925617218,0.14277927577495575,0.14277927577495575,-0.0008238475420512259,0.9318212866783142,0.5358654856681824,0.013655177317559719
G7,501,6269.765625,0.49849849939346313,-1819.9774169921875,-1819.9774169921875,1763.023193359375,1796.3271484375,1956.5078125,1992.0,1992.0,87.7030029296875,-56.94020462036133,0.9538460969924927,0.8717297315597534,0.971874475479126,0.1425420641899109,0.1425420641899109,-0.0008267041994258761,0.9321221709251404,0.533246636390686,0.013708092272281647
G7,502,6282.2763671875,0.4974974989891052,-1820.74560546875,-1820.74560546875,1764.000244140625,1797.3126220703125,1956.515625,1992.0,1992.0,87.33631134033203,-56.7314567565918,0.9540899395942688,0.8721001744270325,0.9720752835273743,0.14230401813983917,0.14230401813983917,-0.0008293327409774065,0.9324203133583069,0.5306495428085327,0.013746439479291439
G7,503,6294.78662109375,0.4964964985847473,-1821.506103515625,-1821.506103515625,1764.969482421875,1798.284912109375,1956.53125,1992.0,1992.0,86.97249603271484,-56.52275848388672,0.9543313980102539,0.8724690675735474,0.9722734093666077,0.14206624031066895,0.14206624031066895,-0.0008324662921950221,0.9327184557914734,0.5280739665031433,0.01375955156981945
G7,504,6307.29736328125,0.4954954981803894,-1822.259033203125,-1822.259033203125,1765.9306640625,1799.2542724609375,1956.5390625,1992.0,1992.0,86.61151123046875,-56.314552307128906,0.9545707702636719,0.8728364109992981,0.9724690914154053,0.14182782173156738,0.14182782173156738,-0.0008354666642844677,0.9330151677131653,0.5255195498466492,0.013760601170361042
G7,505,6319.8076171875,0.4944944977760315,-1823.0042724609375,-1823.0042724609375,1766.8841552734375,1800.210693359375,1956.5390625,1992.0,1992.0,86.25333404541016,-56.10646057128906,0.9548078775405884,0.8732020854949951,0.9726621508598328,0.14158903062343597,0.14158903062343597,-0.0008391294977627695,0.9333094358444214,0.5229862332344055,0.013737738132476807
G7,506,6332.318359375,0.4934934973716736,-1823.7420654296875,-1823.7420654296875,1767.829833984375,1801.1641845703125,1956.5390625,1992.0,1992.0,85.89791870117188,-55.89861297607422,0.955042839050293,0.8735663890838623,0.9728526473045349,0.14135001599788666,0.14135001599788666,-0.000842486449982971,0.9336006045341492,0.5204736590385437,0.013702142052352428
G7,507,6344.82861328125,0.4924924969673157,-1824.47265625,-1824.47265625,1768.76806640625,1802.104736328125,1956.5390625,1992.0,1992.0,85.54524230957031,-55.69105911254883,0.9552757143974304,0.8739292025566101,0.9730408787727356,0.14111042022705078,0.14111042022705078,-0.0008466109284199774,0.9338896870613098,0.5179815888404846,0.013651755638420582
G7,508,6357.33935546875,0.49149149656295776,-1825.19580078125,-1825.19580078125,1769.6988525390625,1803.04345703125,1956.546875,1992.0,1992.0,85.19526672363281,-55.48365783691406,0.9555063247680664,0.8742905259132385,0.9732266068458557,0.14087039232254028,0.14087039232254028,-0.0008503244607709348,0.9341760873794556,0.515509843826294,0.013587101362645626
G7,509,6369.849609375,0.49049049615859985,-1825.9119873046875,-1825.9119873046875,1770.6220703125,1803.968505859375,1956.546875,1992.0,1992.0,84.84796905517578,-55.27647399902344,0.9557349681854248,0.8746505379676819,0.9734100103378296,0.14063023030757904,0.14063023030757904,-0.0008546335157006979,0.9344602823257446,0.5130581259727478,0.013521218672394753
G7,510,6382.3603515625,0.48948949575424194,-1826.62109375,-1826.62109375,1771.5382080078125,1804.89208984375,1956.5390625,1992.0,1992.0,84.50331115722656,-55.069618225097656,0.9559615850448608,0.8750091791152954,0.9735912084579468,0.14038918912410736,0.14038918912410736,-0.0008587109623476863,0.9347420930862427,0.5106261968612671,0.013445056974887848
G7,511,6394.87060546875,0.48848849534988403,-1827.3231201171875,-1827.3231201171875,1772.4471435546875,1805.802734375,1956.5390625,1992.0,1992.0,84.1612777709961,-54.8628044128418,0.9561861753463745,0.8753664493560791,0.973770022392273,0.1401480883359909,0.1401480883359909,-0.0008631267701275647,0.9350218176841736,0.5082138776779175,0.013375842943787575
G7,512,6407.38134765625,0.4874874949455261,-1828.018310546875,-1828.018310546875,1773.348876953125,1806.7115478515625,1956.5390625,1992.0,1992.0,83.82182312011719,-54.65635681152344,0.9564087390899658,0.8757225275039673,0.9739466309547424,0.13990646600723267,0.13990646600723267,-0.0008673894335515797,0.9352989196777344,0.5058208703994751,0.013311668299138546
G7,513,6419.89208984375,0.4864864945411682,-1828.7066650390625,-1828.7066650390625,1774.2435302734375,1807.607421875,1956.5390625,1992.0,1992.0,83.48492431640625,-54.45008850097656,0.9566293358802795,0.8760772347450256,0.97412109375,0.13966414332389832,0.13966414332389832,-0.0008719056495465338,0.9355729222297668,0.5034470558166504,0.01326004322618246
G7,514,6432.40234375,0.4854854941368103,-1829.388427734375,-1829.388427734375,1775.131591796875,1808.5023193359375,1956.546875,1992.0,1992.0,83.15054321289062,-54.243934631347656,0.9568479657173157,0.876430869102478,0.9742934107780457,0.1394219696521759,0.1394219696521759,-0.0008761737844906747,0.9358463883399963,0.5010920166969299,0.013226564042270184
G7,515,6444.9130859375,0.4844844937324524,-1830.0634765625,-1830.0634765625,1776.0123291015625,1809.383544921875,1956.5625,1992.0,1992.0,82.81866455078125,-54.03822708129883,0.9570646286010742,0.8767832517623901,0.9744637608528137,0.13917888700962067,0.13917888700962067,-0.0008806713740341365,0.9361189007759094,0.4987557828426361,0.013207811862230301
G7,516,6457.42333984375,0.4834834933280945,-1830.73193359375,-1830.73193359375,1776.8865966796875,1810.264892578125,1956.5625,1992.0,1992.0,82.48926544189453,-53.832557678222656,0.9572795033454895,0.8771345019340515,0.9746319055557251,0.13893577456474304,0.13893577456474304,-0.0008849388104863465,0.9363897442817688,0.4964379072189331,0.013213197700679302
G7,517,6469.93408203125,0.4824824929237366,-1831.39404296875,-1831.39404296875,1777.75390625,1811.132568359375,1956.5625,1992.0,1992.0,82.16230773925781,-53.627262115478516,0.9574925303459167,0.8774846792221069,0.9747980237007141,0.1386922299861908,0.1386922299861908,-0.0008892415789887309,0.9366575479507446,0.49413830041885376,0.013233779929578304
G7,518,6482.4443359375,0.48148149251937866,-1832.049560546875,-1832.049560546875,1778.61474609375,1811.999267578125,1956.5625,1992.0,1992.0,81.83775329589844,-53.42219161987305,0.9577035903930664,0.877833902835846,0.9749622344970703,0.13844837248325348,0.13844837248325348,-0.0008933855569921434,0.9369235038757324,0.4918566644191742,0.013276511803269386
G7,519,6494.955078125,0.48048049211502075,-1832.698974609375,-1832.698974609375,1779.468994140625,1812.8555908203125,1956.578125,1992.0,1992.0,81.51559448242188,-53.21739196777344,0.9579128623008728,0.8781821131706238,0.9751244783401489,0.13820426166057587,0.13820426166057587,-0.0008975416421890259,0.937187910079956,0.48959288001060486,0.013327542692422867
G7,520,6507.46533203125,0.47947949171066284,-1833.342041015625,-1833.342041015625,1780.316650390625,1813.7064208984375,1956.625,1992.0,1992.0,81.19580078125,-53.01288986206055,0.9581204056739807,0.8785293698310852,0.9752848148345947,0.13795951008796692,0.13795951008796692,-0.0009012837545014918,0.9374511241912842,0.48734670877456665,0.013391676358878613
G7,521,6519.97607421875,0.47847849130630493,-1833.97900390625,-1833.97900390625,1781.1580810546875,1814.5526123046875,1956.640625,1992.0,1992.0,80.87834930419922,-52.80853271484375,0.9583260416984558,0.8788759112358093,0.9754432439804077,0.1377153992652893,0.1377153992652893,-0.0009053476969711483,0.9377142190933228,0.48511791229248047,0.013456071726977825
G7,522,6532.486328125,0.477477490901947,-1834.60986328125,-1834.60986328125,1781.99267578125,1815.387451171875,1956.6640625,1992.0,1992.0,80.56320190429688,-52.60480499267578,0.9585299491882324,0.8792216181755066,0.9755997657775879,0.13746950030326843,0.13746950030326843,-0.0009086079662665725,0.937977135181427,0.4829063415527344,0.013520043343305588
G7,523,6544.9970703125,0.4764764904975891,-1835.2347412109375,-1835.2347412109375,1782.8216552734375,1816.2235107421875,1956.6640625,1992.0,1992.0,80.25033569335938,-52.400787353515625,0.9587321877479553,0.8795667886734009,0.9757545590400696,0.13722513616085052,0.13722513616085052,-0.0009123566560447216,0.9382382035255432,0.48071184754371643,0.013570738025009632
G7,524,6557.50732421875,0.4754754900932312,-1835.853759765625,-1835.853759765625,1783.643798828125,1817.0439453125,1956.671875,1992.0,1992.0,79.93974304199219,-52.19774627685547,0.958932638168335,0.879911482334137,0.9759076237678528,0.13697896897792816,0.13697896897792816,-0.0009153296705335379,0.9384968280792236,0.47853410243988037,0.013602463528513908
G7,525,6570.01806640625,0.4744744896888733,-1836.4666748046875,-1836.4666748046875,1784.460205078125,1817.8682861328125,1956.671875,1992.0,1992.0,79.63137817382812,-51.994422912597656,0.9591314196586609,0.8802558183670044,0.976058840751648,0.13673317432403564,0.13673317432403564,-0.0009185902308672667,0.9387540221214294,0.4763730764389038,0.013614923693239689
G7,526,6582.5283203125,0.4734734892845154,-1837.073974609375,-1837.073974609375,1785.270263671875,1818.67626953125,1956.6796875,1992.0,1992.0,79.32522583007812,-51.7916259765625,0.9593285322189331,0.8806000351905823,0.9762084484100342,0.13648761808872223,0.13648761808872223,-0.0009213138837367296,0.9390097856521606,0.47422850131988525,0.013593203388154507
G7,527,6595.0390625,0.47247248888015747,-1837.6754150390625,-1837.6754150390625,1786.0740966796875,1819.4881591796875,1956.6796875,1992.0,1992.0,79.02127075195312,-51.589317321777344,0.9595239758491516,0.8809443116188049,0.9763562679290771,0.13624027371406555,0.13624027371406555,-0.0009240314830094576,0.9392634630203247,0.4721001982688904,0.013540036976337433
G7,528,6607.54931640625,0.47147148847579956,-1838.271240234375,-1838.271240234375,1786.87255859375,1820.2847900390625,1956.6796875,1992.0,1992.0,78.719482421875,-51.38671875,0.959717869758606,0.8812890648841858,0.9765024185180664,0.13599486649036407,0.13599486649036407,-0.0009263198589906096,0.9395164251327515,0.469988077878952,0.01345302164554596
G7,529,6620.06005859375,0.47047048807144165,-1838.8614501953125,-1838.8614501953125,1787.664306640625,1821.083984375,1956.6875,1992.0,1992.0,78.4198226928711,-51.18525695800781,0.9599100947380066,0.8816344141960144,0.9766469597816467,0.13574720919132233,0.13574720919132233,-0.0009286014246754348,0.9397681951522827,0.4678918123245239,0.013315891847014427
G7,530,6632.5703125,0.46946948766708374,-1839.446044921875,-1839.446044921875,1788.450927734375,1821.86962890625,1956.6875,1992.0,1992.0,78.12229919433594,-50.98333740234375,0.9601007103919983,0.8819811344146729,0.9767898917198181,0.13550052046775818,0.13550052046775818,-0.0009302399703301489,0.9400177597999573,0.4658113718032837,0.01314437948167324
G7,531,6645.0810546875,0.46846848726272583,-1840.025146484375,-1840.025146484375,1789.2313232421875,1822.656005859375,1956.6875,1992.0,1992.0,77.82686614990234,-50.78218078613281,0.9602896571159363,0.8823295831680298,0.9769312739372253,0.1352536529302597,0.1352536529302597,-0.0009321090183220804,0.9402648210525513,0.46374648809432983,0.012924729846417904
G7,532,6657.591796875,0.4674674868583679,-1840.598876953125,-1840.598876953125,1790.005859375,1823.431396484375,1956.6875,1992.0,1992.0,77.53350830078125,-50.58135223388672,0.9604771137237549,0.8826802968978882,0.9770709872245789,0.13500556349754333,0.13500556349754333,-0.00093321647727862,0.9405098557472229,0.4616970121860504,0.012660934589803219
G7,533,6670.10205078125,0.46646648645401,-1841.167236328125,-1841.167236328125,1790.775390625,1824.205078125,1956.6875,1992.0,1992.0,77.24220275878906,-50.38045883178711,0.9606631398200989,0.8830342292785645,0.9772093296051025,0.13475888967514038,0.13475888967514038,-0.0009346219594590366,0.9407520294189453,0.45966285467147827,0.012364231050014496
G7,534,6682.61279296875,0.4654654860496521,-1841.7303466796875,-1841.7303466796875,1791.538330078125,1824.970947265625,1956.6953125,1992.0,1992.0,76.95294189453125,-50.18048858642578,0.9608475565910339,0.8833920359611511,0.9773461818695068,0.13451014459133148,0.13451014459133148,-0.0009354545036330819,0.940992534160614,0.45764368772506714,0.012025684118270874
G7,535,6695.123046875,0.4644644856452942,-1842.2880859375,-1842.2880859375,1792.296630859375,1825.7315673828125,1956.6953125,1992.0,1992.0,76.66568756103516,-49.98014831542969,0.9610305428504944,0.8837547302246094,0.9774813652038574,0.13426320254802704,0.13426320254802704,-0.0009365660953335464,0.9412308931350708,0.45563963055610657,0.011660625226795673
G7,536,6707.6337890625,0.4634634852409363,-1842.8408203125,-1842.8408203125,1793.048583984375,1826.4881591796875,1956.6953125,1992.0,1992.0,76.38042449951172,-49.78087615966797,0.9612119197845459,0.8841231465339661,0.9776151776313782,0.1340140849351883,0.1340140849351883,-0.0009370990446768701,0.9414675831794739,0.45365017652511597,0.011273565702140331
G7,537,6720.14404296875,0.46246248483657837,-1843.3883056640625,-1843.3883056640625,1793.7957763671875,1827.2364501953125,1956.6953125,1992.0,1992.0,76.09712219238281,-49.58119201660156,0.9613918662071228,0.8844981789588928,0.9777476191520691,0.13376657664775848,0.13376657664775848,-0.0009380787960253656,0.9417017698287964,0.45167550444602966,0.010873121209442616
G7,538,6732.65478515625,0.46146148443222046,-1843.9307861328125,-1843.9307861328125,1794.536865234375,1827.983154296875,1956.6953125,1992.0,1992.0,75.81578063964844,-49.38249969482422,0.9615704417228699,0.8848807215690613,0.9778785705566406,0.13351763784885406,0.13351763784885406,-0.0009383850265294313,0.9419344663619995,0.44971519708633423,0.010462638922035694
G7,539,6745.1650390625,0.46046048402786255,-1844.46826171875,-1844.46826171875,1795.2733154296875,1828.7208251953125,1956.6875,1992.0,1992.0,75.536376953125,-49.183677673339844,0.9617474675178528,0.8852716088294983,0.9780082106590271,0.1332692950963974,0.1332692950963974,-0.00093911646399647,0.9421650767326355,0.44776931405067444,0.010050282813608646
G7,540,6757.67578125,0.45945948362350464,-1845.0006103515625,-1845.0006103515625,1796.004150390625,1829.455810546875,1956.6875,1992.0,1992.0,75.25886535644531,-48.985469818115234,0.9619231820106506,0.8856717348098755,0.9781364798545837,0.1330203413963318,0.1330203413963318,-0.0009393598884344101,0.9423940777778625,0.44583752751350403,0.009646596387028694
G7,541,6770.18603515625,0.45845848321914673,-1845.5283203125,-1845.5283203125,1796.7298583984375,1830.184814453125,1956.6953125,1992.0,1992.0,74.98326110839844,-48.787445068359375,0.9620974659919739,0.8860819935798645,0.9782633185386658,0.13277192413806915,0.13277192413806915,-0.0009398916154168546,0.9426228404045105,0.443919837474823,0.00925205647945404
G7,542,6782.69677734375,0.4574574828147888,-1846.051025390625,-1846.051025390625,1797.4500732421875,1830.907958984375,1956.6953125,1992.0,1992.0,74.70951843261719,-48.59001159667969,0.9622702598571777,0.8865029811859131,0.9783889651298523,0.13252247869968414,0.13252247869968414,-0.0009400424314662814,0.9428498148918152,0.44201600551605225,0.008880319073796272
G7,543,6795.20703125,0.4564564824104309,-1846.569091796875,-1846.569091796875,1798.16552734375,1831.627685546875,1956.6953125,1992.0,1992.0,74.43763732910156,-48.392601013183594,0.9624418616294861,0.8869354724884033,0.978513240814209,0.13227419555187225,0.13227419555187225,-0.0009405192686244845,0.9430758357048035,0.4401259422302246,0.008530799299478531
G7,544,6807.7177734375,0.455455482006073,-1847.082275390625,-1847.082275390625,1798.87548828125,1832.3406982421875,1956.7109375,1992.0,1992.0,74.16758728027344,-48.196006774902344,0.962611973285675,0.8873800039291382,0.9786362051963806,0.1320246309041977,0.1320246309041977,-0.0009406387689523399,0.9433014988899231,0.438249409198761,0.008211382664740086
G7,545,6820.22802734375,0.4544544816017151,-1847.591064453125,-1847.591064453125,1799.5809326171875,1833.049560546875,1956.7109375,1992.0,1992.0,73.89935302734375,-47.99934387207031,0.9627807140350342,0.8878371119499207,0.978757917881012,0.13177628815174103,0.13177628815174103,-0.0009409530321136117,0.9435259699821472,0.4363864064216614,0.007923999801278114
G7,546,6832.73876953125,0.4534534811973572,-1848.0950927734375,-1848.0950927734375,1800.28076171875,1833.7542724609375,1956.7109375,1992.0,1992.0,73.63291931152344,-47.80353546142578,0.9629482626914978,0.8883073925971985,0.978878378868103,0.13152670860290527,0.13152670860290527,-0.0009411242208443582,0.9437482953071594,0.4345366656780243,0.007672446314245462
G7,547,6845.2490234375,0.45245248079299927,-1848.5947265625,-1848.5947265625,1800.976318359375,1834.451904296875,1956.7265625,1992.0,1992.0,73.36827087402344,-47.60767364501953,0.9631144404411316,0.888791024684906,0.9789976477622986,0.1312781423330307,0.1312781423330307,-0.0009413300431333482,0.9439695477485657,0.43270018696784973,0.007451886776834726
G7,548,6857.759765625,0.45145148038864136,-1849.0897216796875,-1849.0897216796875,1801.66650390625,1835.147705078125,1956.7265625,1992.0,1992.0,73.1053695678711,-47.412574768066406,0.9632794260978699,0.889288604259491,0.9791157245635986,0.13102851808071136,0.13102851808071136,-0.0009414778323844075,0.9441891312599182,0.430876761674881,0.007278018165379763
G7,549,6870.27001953125,0.45045047998428345,-1849.580322265625,-1849.580322265625,1802.352294921875,1835.8360595703125,1956.7265625,1992.0,1992.0,72.84422302246094,-47.21748733520508,0.9634429812431335,0.8898002505302429,0.9792324900627136,0.13077963888645172,0.13077963888645172,-0.000941698148380965,0.9444068670272827,0.4290663003921509,0.007133467122912407
G7,550,6882.78076171875,0.44944947957992554,-1850.066650390625,-1850.066650390625,1803.032958984375,1836.521240234375,1956.734375,1992.0,1992.0,72.58480834960938,-47.02307891845703,0.9636053442955017,0.8903260827064514,0.9793481826782227,0.13052956759929657,0.13052956759929657,-0.0009418086265213788,0.9446228742599487,0.4272686541080475,0.0070260376669466496
G7,551,6895.291015625,0.4484484791755676,-1850.548583984375,-1850.548583984375,1803.70947265625,1837.2021484375,1956.734375,1992.0,1992.0,72.32710266113281,-46.82862854003906,0.9637663960456848,0.8908664584159851,0.9794628024101257,0.13028071820735931,0.13028071820735931,-0.0009419495472684503,0.9448376893997192,0.42548373341560364,0.006949334405362606
G7,552,6907.8017578125,0.4474474787712097,-1851.0262451171875,-1851.0262451171875,1804.380859375,1837.8758544921875,1956.734375,1992.0,1992.0,72.07109069824219,-46.6350212097168,0.9639261960983276,0.8914211392402649,0.9795761108398438,0.13003017008304596,0.13003017008304596,-0.000942045880947262,0.9450509548187256,0.4237113296985626,0.00688738701865077
G7,553,6920.3125,0.4464464783668518,-1851.499755859375,-1851.499755859375,1805.048095703125,1838.549072265625,1956.734375,1992.0,1992.0,71.81675720214844,-46.44120788574219,0.9640849232673645,0.8919903039932251,0.9796884655952454,0.1297810971736908,0.1297810971736908,-0.0009420594433322549,0.9452624320983887,0.4219515025615692,0.006840266287326813
G7,554,6932.82275390625,0.4454454779624939,-1851.968994140625,-1851.968994140625,1805.710205078125,1839.2137451171875,1956.734375,1992.0,1992.0,71.56407928466797,-46.248321533203125,0.9642422795295715,0.8925736546516418,0.9797996878623962,0.12953056395053864,0.12953056395053864,-0.00094204320339486,0.9454736113548279,0.4202038645744324,0.006800688803195953
G7,555,6945.33349609375,0.444444477558136,-1852.43408203125,-1852.43408203125,1806.3685302734375,1839.876708984375,1956.7421875,1992.0,1992.0,71.31305694580078,-46.055320739746094,0.9643985033035278,0.8931711316108704,0.9799097776412964,0.12928113341331482,0.12928113341331482,-0.0009419650887139142,0.945684015750885,0.41846850514411926,0.00675723934546113
G7,556,6957.84375,0.4434434771537781,-1852.895263671875,-1852.895263671875,1807.02197265625,1840.5345458984375,1956.7421875,1992.0,1992.0,71.06365203857422,-45.863101959228516,0.9645535349845886,0.893782377243042,0.9800187945365906,0.12903065979480743,0.12903065979480743,-0.0009418429108336568,0.945892870426178,0.4167451560497284,0.006703508086502552
G7,557,6970.3544921875,0.44244247674942017,-1853.352294921875,-1853.352294921875,1807.6712646484375,1841.1864013671875,1956.7421875,1992.0,1992.0,70.81587219238281,-45.67091751098633,0.9647074937820435,0.8944070339202881,0.9801267385482788,0.12878097593784332,0.12878097593784332,-0.0009417073451913893,0.9460998177528381,0.41503381729125977,0.0066366964019834995
G7,558,6982.86474609375,0.44144147634506226,-1853.805419921875,-1853.805419921875,1808.31591796875,1841.837646484375,1956.7421875,1992.0,1992.0,70.56968688964844,-45.47941207885742,0.964860200881958,0.8950446248054504,0.9802337288856506,0.1285306066274643,0.1285306066274643,-0.0009416305692866445,0.9463051557540894,0.41333431005477905,0.006549041252583265
G7,559,6995.37548828125,0.44044047594070435,-1854.254638671875,-1854.254638671875,1808.95654296875,1842.479736328125,1956.7421875,1992.0,1992.0,70.32508850097656,-45.28806686401367,0.965011715888977,0.8956946134567261,0.9803395867347717,0.1282804161310196,0.1282804161310196,-0.0009415381937287748,0.9465092420578003,0.4116465151309967,0.006436490453779697
G7,560,7007.8857421875,0.43943947553634644,-1854.699951171875,-1854.699951171875,1809.5927734375,1843.12255859375,1956.7421875,1992.0,1992.0,70.08204650878906,-45.09718322753906,0.9651621580123901,0.8963563442230225,0.9804445505142212,0.12803012132644653,0.12803012132644653,-0.0009416164248250425,0.9467114806175232,0.40997031331062317,0.006304815877228975
G7,561,7020.396484375,0.4384384751319885,-1855.141357421875,-1855.141357421875,1810.224853515625,1843.7562255859375,1956.7421875,1992.0,1992.0,69.84056091308594,-44.90666961669922,0.9653114676475525,0.8967769742012024,0.9805485010147095,0.12777964770793915,0.12777964770793915,-0.0009416834218427539,0.9469122290611267,0.40830564498901367,0.006146653555333614
G7,562,7032.90673828125,0.4374374747276306,-1855.5791015625,-1855.5791015625,1810.8526611328125,1844.390869140625,1956.7421875,1992.0,1992.0,69.60061645507812,-44.716487884521484,0.9654597043991089,0.8970330357551575,0.980651319026947,0.12752875685691833,0.12752875685691833,-0.0009420325513929129,0.9471110105514526,0.40665239095687866,0.005979758687317371
G7,563,7045.41748046875,0.4364364743232727,-1856.012939453125,-1856.012939453125,1811.4765625,1845.0162353515625,1956.7421875,1992.0,1992.0,69.36219787597656,-44.52655792236328,0.9656068086624146,0.8972876071929932,0.9807533621788025,0.1272784024477005,0.1272784024477005,-0.0009423165465705097,0.9473083019256592,0.4050103724002838,0.005794381257146597
G7,564,7057.927734375,0.43543541431427,-1856.4432373046875,-1856.4432373046875,1812.09619140625,1845.642822265625,1956.75,1992.0,1992.0,69.12528991699219,-44.337223052978516,0.9657528400421143,0.8975408673286438,0.9808542728424072,0.12702685594558716,0.12702685594558716,-0.0009429910569451749,0.9475041031837463,0.40337952971458435,0.005604634061455727
G7,565,7070.4384765625,0.4344344139099121,-1856.8697509765625,-1856.8697509765625,1812.7120361328125,1846.2601318359375,1956.7578125,1992.0,1992.0,68.88986206054688,-44.14786911010742,0.965897798538208,0.897792637348175,0.9809544086456299,0.12677617371082306,0.12677617371082306,-0.0009435176616534591,0.9476994276046753,0.4017598032951355,0.005412607919424772
G7,566,7082.94873046875,0.4334334135055542,-1857.2926025390625,-1857.2926025390625,1813.3236083984375,1846.87841796875,1956.765625,1992.0,1992.0,68.65592956542969,-43.959228515625,0.9660417437553406,0.8980429172515869,0.9810535311698914,0.12652495503425598,0.12652495503425598,-0.0009444603347219527,0.9478936791419983,0.40015092492103577,0.005232758354395628
G7,567,7095.45947265625,0.4324324131011963,-1857.7119140625,-1857.7119140625,1813.931396484375,1847.48828125,1956.765625,1992.0,1992.0,68.4234619140625,-43.77079772949219,0.9661844968795776,0.8982918858528137,0.9811517596244812,0.12627318501472473,0.12627318501472473,-0.0009451569640077651,0.9480874538421631,0.39855295419692993,0.005068222992122173
G7,568,7107.9697265625,0.4314314126968384,-1858.127685546875,-1858.127685546875,1814.5355224609375,1848.0975341796875,1956.765625,1992.0,1992.0,68.19244384765625,-43.58258056640625,0.9663263559341431,0.8985394835472107,0.9812490940093994,0.1260228455066681,0.1260228455066681,-0.0009463303140364587,0.948279082775116,0.3969656825065613,0.0049269855953752995
G7,569,7120.48046875,0.43043041229248047,-1858.5399169921875,-1858.5399169921875,1815.135009765625,1848.70166015625,1956.765625,1992.0,1992.0,67.96287536621094,-43.39525604248047,0.9664670825004578,0.8987857103347778,0.9813454747200012,0.12577025592327118,0.12577025592327118,-0.0009472277597524226,0.948470413684845,0.39538899064064026,0.004810054786503315
G7,570,7132.99072265625,0.42942941188812256,-1858.94873046875,-1858.94873046875,1815.7315673828125,1849.30078125,1956.765625,1992.0,1992.0,67.73472595214844,-43.207557678222656,0.966606855392456,0.8990305662155151,0.9814410209655762,0.12552030384540558,0.12552030384540558,-0.0009485199116170406,0.9486600756645203,0.39382290840148926,0.004725445527583361
G7,571,7145.50146484375,0.42842841148376465,-1859.3538818359375,-1859.3538818359375,1816.3232421875,1849.89990234375,1956.765625,1992.0,1992.0,67.50798797607422,-43.02117156982422,0.9667455554008484,0.8992740511894226,0.9815357327461243,0.12526753544807434,0.12526753544807434,-0.0009497987921349704,0.948849618434906,0.3922671675682068,0.004665279760956764
G7,572,7158.01220703125,0.42742741107940674,-1859.755859375,-1859.755859375,1816.912353515625,1850.488525390625,1956.765625,1992.0,1992.0,67.28265380859375,-42.834228515625,0.9668833613395691,0.8995161652565002,0.981629490852356,0.12501703202724457,0.12501703202724457,-0.0009511401294730604,0.9490377306938171,0.39072185754776,0.004631296265870333
G7,573,7170.5224609375,0.42642641067504883,-1860.1544189453125,-1860.1544189453125,1817.49658203125,1851.083251953125,1956.765625,1992.0,1992.0,67.05870056152344,-42.64845275878906,0.9670201539993286,0.8997569680213928,0.9817225337028503,0.12476480007171631,0.12476480007171631,-0.0009527656366117299,0.9492246508598328,0.38918665051460266,0.004618178121745586
G7,574,7183.033203125,0.4254254102706909,-1860.549560546875,-1860.549560546875,1818.077880859375,1851.6619873046875,1956.7734375,1992.0,1992.0,66.83613586425781,-42.462493896484375,0.9671558737754822,0.8999964594841003,0.9818146824836731,0.1245131641626358,0.1245131641626358,-0.0009542569168843329,0.9494105577468872,0.3876616656780243,0.004613493103533983
G7,575,7195.54345703125,0.424424409866333,-1860.941650390625,-1860.941650390625,1818.6552734375,1852.2506103515625,1956.7734375,1992.0,1992.0,66.61492919921875,-42.277137756347656,0.9672906994819641,0.900234580039978,0.9819059371948242,0.1242615282535553,0.1242615282535553,-0.0009560364414937794,0.9495954513549805,0.3861466944217682,0.004611006006598473
G7,576,7208.05419921875,0.4234234094619751,-1861.330322265625,-1861.330322265625,1819.22900390625,1852.822265625,1956.7734375,1992.0,1992.0,66.39506530761719,-42.092193603515625,0.9674245715141296,0.9004713892936707,0.9819965362548828,0.12400896102190018,0.12400896102190018,-0.0009578044409863651,0.9497793316841125,0.3846416771411896,0.004608504008501768
G7,577,7220.564453125,0.4224224090576172,-1861.7159423828125,-1861.7159423828125,1819.7994384765625,1853.4019775390625,1956.7734375,1992.0,1992.0,66.1765365600586,-41.90732955932617,0.9675574898719788,0.900706946849823,0.982086181640625,0.12375766783952713,0.12375766783952713,-0.0009596349555067718,0.9499616026878357,0.3831465542316437,0.00459344731643796
G7,578,7233.0751953125,0.4214214086532593,-1862.0982666015625,-1862.0982666015625,1820.36572265625,1853.9696044921875,1956.7890625,1992.0,1992.0,65.9593505859375,-41.723304748535156,0.9676895141601562,0.9009411334991455,0.9821751713752747,0.12350433319807053,0.12350433319807053,-0.000961592304520309,0.9501442313194275,0.3816611170768738,0.004571079276502132
G7,579,7245.58544921875,0.42042040824890137,-1862.4774169921875,-1862.4774169921875,1820.929443359375,1854.53857421875,1956.7890625,1992.0,1992.0,65.74346160888672,-41.538997650146484,0.9678204655647278,0.9011741280555725,0.9822632670402527,0.12325332313776016,0.12325332313776016,-0.0009635157766751945,0.9503257274627686,0.38018545508384705,0.004540007561445236
G7,580,7258.09619140625,0.41941940784454346,-1862.853515625,-1862.853515625,1821.488525390625,1855.1025390625,1956.78125,1992.0,1992.0,65.52888488769531,-41.35586929321289,0.9679506421089172,0.9014057517051697,0.9823507070541382,0.12299950420856476,0.12299950420856476,-0.0009656495531089604,0.950506865978241,0.3787192404270172,0.004505618941038847
G7,581,7270.6064453125,0.41841840744018555,-1863.2265625,-1863.2265625,1822.0452880859375,1855.6622314453125,1956.78125,1992.0,1992.0,65.31559753417969,-41.172203063964844,0.9680798053741455,0.9016361236572266,0.9824373126029968,0.12274801731109619,0.12274801731109619,-0.0009677006746642292,0.9506867527961731,0.3772626519203186,0.004463025834411383
G7,582,7283.1171875,0.41741740703582764,-1863.596435546875,-1863.596435546875,1822.5977783203125,1856.22021484375,1956.78125,1992.0,1992.0,65.10359191894531,-40.98973083496094,0.9682081341743469,0.9018653035163879,0.9825232028961182,0.12249450385570526,0.12249450385570526,-0.0009699829970486462,0.9508658647537231,0.37581533193588257,0.004420742858201265
G7,583,7295.62744140625,0.4164164066314697,-1863.96337890625,-1863.96337890625,1823.1474609375,1856.773193359375,1956.7890625,1992.0,1992.0,64.8928451538086,-40.80698013305664,0.9683355689048767,0.9020931124687195,0.9826083183288574,0.12224177271127701,0.12224177271127701,-0.0009722067043185234,0.9510446190834045,0.37437745928764343,0.004375186283141375
G7,584,7308.13818359375,0.4154154062271118,-1864.3272705078125,-1864.3272705078125,1823.693603515625,1857.323974609375,1956.7890625,1992.0,1992.0,64.683349609375,-40.62489318847656,0.9684621095657349,0.9023197889328003,0.9826927185058594,0.12198864668607712,0.12198864668607712,-0.0009744238923303783,0.9512220621109009,0.37294867634773254,0.004333451855927706
G7,585,7320.6484375,0.4144144058227539,-1864.688232421875,-1864.688232421875,1824.236328125,1857.87109375,1956.7890625,1992.0,1992.0,64.47511291503906,-40.443084716796875,0.9685877561569214,0.9025450944900513,0.982776403427124,0.12173505872488022,0.12173505872488022,-0.0009767238516360521,0.9513984322547913,0.37152913212776184,0.004291458986699581
G7,586,7333.1591796875,0.413413405418396,-1865.04638671875,-1865.04638671875,1824.7760009765625,1858.414306640625,1956.7890625,1992.0,1992.0,64.26811218261719,-40.26152420043945,0.968712568283081,0.9027692675590515,0.9828593134880066,0.12148141860961914,0.12148141860961914,-0.0009788995375856757,0.95157390832901,0.3701185882091522,0.004258210305124521
G7,587,7345.66943359375,0.4124124050140381,-1865.401611328125,-1865.401611328125,1825.3125,1858.9556884765625,1956.7890625,1992.0,1992.0,64.06233215332031,-40.080352783203125,0.9688365459442139,0.9029636383056641,0.9829415678977966,0.12122762203216553,0.12122762203216553,-0.0009810844203457236,0.951748251914978,0.36871710419654846,0.004225940443575382
G7,588,7358.18017578125,0.4114114046096802,-1865.7537841796875,-1865.7537841796875,1825.8455810546875,1859.4921875,1956.796875,1992.0,1992.0,63.857757568359375,-39.899539947509766,0.968959629535675,0.9031434655189514,0.9830232262611389,0.12097322940826416,0.12097322940826416,-0.0009831985225901008,0.951921820640564,0.36732444167137146,0.004194382578134537
G7,589,7370.6904296875,0.41041040420532227,-1866.103271484375,-1866.103271484375,1826.375732421875,1860.026611328125,1956.796875,1992.0,1992.0,63.654388427734375,-39.71894073486328,0.9690818786621094,0.9033225178718567,0.9831041097640991,0.12071919441223145,0.12071919441223145,-0.000985256745480001,0.9520946145057678,0.3659406006336212,0.004173965658992529
G7,590,7383.201171875,0.40940940380096436,-1866.4498291015625,-1866.4498291015625,1826.902587890625,1860.5579833984375,1956.796875,1992.0,1992.0,63.45221710205078,-39.538856506347656,0.9692032933235168,0.9035006761550903,0.983184278011322,0.12046433985233307,0.12046433985233307,-0.0009872178779914975,0.9522663950920105,0.36456549167633057,0.004153320100158453
G7,591,7395.7119140625,0.40840840339660645,-1866.7938232421875,-1866.7938232421875,1827.4263916015625,1861.084228515625,1956.796875,1992.0,1992.0,63.251220703125,-39.35892105102539,0.9693238735198975,0.9036779999732971,0.9832637906074524,0.12021008133888245,0.12021008133888245,-0.000989157590083778,0.9524369835853577,0.3631990849971771,0.0041349842213094234
G7,592,7408.22216796875,0.40740740299224854,-1867.1348876953125,-1867.1348876953125,1827.94677734375,1861.611572265625,1956.796875,1992.0,1992.0,63.05139923095703,-39.17958068847656,0.9694436192512512,0.9038545489311218,0.9833426475524902,0.11995476484298706,0.11995476484298706,-0.0009911094093695283,0.9526064991950989,0.36184120178222656,0.004120883997529745
G7,593,7420.73291015625,0.4064064025878906,-1867.473388671875,-1867.473388671875,1828.464599609375,1862.1292724609375,1956.796875,1992.0,1992.0,62.85273742675781,-39.00030517578125,0.9695626497268677,0.9040303826332092,0.9834209084510803,0.1197003498673439,0.1197003498673439,-0.0009928079089149833,0.9527746438980103,0.3604918420314789,0.004099593963474035
G7,594,7433.2431640625,0.4054054021835327,-1867.80908203125,-1867.80908203125,1828.97900390625,1862.6522216796875,1956.796875,1992.0,1992.0,62.65522766113281,-38.82173538208008,0.9696808457374573,0.9042052626609802,0.9834985136985779,0.11944474279880524,0.11944474279880524,-0.0009948179358616471,0.9529419541358948,0.35915085673332214,0.004072943702340126
G7,595,7445.75390625,0.4044044017791748,-1868.14208984375,-1868.14208984375,1829.4906005859375,1863.1634521484375,1956.796875,1992.0,1992.0,62.4588623046875,-38.643184661865234,0.9697982668876648,0.9043794870376587,0.9835754632949829,0.11918997764587402,0.11918997764587402,-0.000996316666714847,0.9531079530715942,0.3578183054924011,0.0040412163361907005
G7,596,7458.26416015625,0.4034034013748169,-1868.4725341796875,-1868.4725341796875,1829.9989013671875,1863.679443359375,1956.796875,1992.0,1992.0,62.26362609863281,-38.46531295776367,0.9699148535728455,0.9045527577400208,0.9836517572402954,0.11893437802791595,0.11893437802791595,-0.0009982074843719602,0.9532729983329773,0.35649392008781433,0.003998042084276676
G7,597,7470.77490234375,0.402402400970459,-1868.80029296875,-1868.80029296875,1830.50439453125,1864.1864013671875,1956.796875,1992.0,1992.0,62.06951141357422,-38.28758239746094,0.970030665397644,0.9047253727912903,0.9837274551391602,0.11867911368608475,0.11867911368608475,-0.0009996209992095828,0.9534369707107544,0.3551778197288513,0.003939705900847912
G7,598,7483.28515625,0.4014014005661011,-1869.12548828125,-1869.12548828125,1831.0068359375,1864.6943359375,1956.796875,1992.0,1992.0,61.876502990722656,-38.11037063598633,0.9701457023620605,0.9048970937728882,0.9838025569915771,0.11842358112335205,0.11842358112335205,-0.0010012995917350054,0.953599750995636,0.35386982560157776,0.0038618321996182203
G7,599,7495.7958984375,0.40040040016174316,-1869.4481201171875,-1869.4481201171875,1831.50634765625,1865.1973876953125,1956.796875,1992.0,1992.0,61.68460464477539,-37.93347930908203,0.970259964466095,0.9050681591033936,0.9838770031929016,0.11816779524087906,0.11816779524087906,-0.0010026190429925919,0.9537615776062012,0.3525698781013489,0.0037668985314667225
G7,600,7508.30615234375,0.39939939975738525,-1869.768310546875,-1869.768310546875,1832.003173828125,1865.6981201171875,1956.8046875,1992.0,1992.0,61.493797302246094,-37.75691604614258,0.9703735113143921,0.9052383303642273,0.9839508533477783,0.11791244149208069,0.11791244149208069,-0.001004158752039075,0.9539225697517395,0.3512779474258423,0.003649135585874319
G7,601,7520.81689453125,0.39839839935302734,-1870.0858154296875,-1870.0858154296875,1832.4967041015625,1866.196044921875,1956.8046875,1992.0,1992.0,61.3040771484375,-37.580902099609375,0.9704862833023071,0.9054078459739685,0.984024167060852,0.11765603721141815,0.11765603721141815,-0.0010053286096081138,0.9540833234786987,0.34999388456344604,0.003509173635393381
G7,602,7533.3271484375,0.39739739894866943,-1870.40087890625,-1870.40087890625,1832.98779296875,1866.691162109375,1956.8046875,1992.0,1992.0,61.11543273925781,-37.404964447021484,0.9705983400344849,0.9055765271186829,0.984096884727478,0.11740075051784515,0.11740075051784515,-0.00100675318390131,0.9542430639266968,0.34871771931648254,0.0033499961718916893
G7,603,7545.837890625,0.3963963985443115,-1870.71337890625,-1870.71337890625,1833.4755859375,1867.1826171875,1956.8046875,1992.0,1992.0,60.927852630615234,-37.22978973388672,0.9707096815109253,0.9057444334030151,0.9841690063476562,0.11714407056570053,0.11714407056570053,-0.0010078293271362782,0.9544019103050232,0.34744927287101746,0.0031734255608171225
G7,604,7558.34814453125,0.3953953981399536,-1871.023681640625,-1871.023681640625,1833.9610595703125,1867.673095703125,1956.8046875,1992.0,1992.0,60.74132537841797,-37.05458068847656,0.9708201885223389,0.9059115648269653,0.9842405319213867,0.1168883666396141,0.1168883666396141,-0.0010091232834383845,0.9545599222183228,0.34618860483169556,0.0029900853987783194
G7,605,7570.85888671875,0.3943943977355957,-1871.331298828125,-1871.331298828125,1834.443359375,1868.1580810546875,1956.8046875,1992.0,1992.0,60.555850982666016,-36.880096435546875,0.9709300994873047,0.9060779213905334,0.9843115210533142,0.1166319027543068,0.1166319027543068,-0.0010101603111252189,0.9547178149223328,0.3449355363845825,0.0028043545316904783
G7,606,7583.369140625,0.3933933973312378,-1871.63671875,-1871.63671875,1834.9229736328125,1868.6439208984375,1956.8046875,1992.0,1992.0,60.37141418457031,-36.705780029296875,0.9710392355918884,0.9062435626983643,0.9843818545341492,0.11637545377016068,0.11637545377016068,-0.001011368352919817,0.9548749327659607,0.34369009733200073,0.0026197137776762247
G7,607,7595.8798828125,0.3923923969268799,-1871.939697265625,-1871.939697265625,1835.39990234375,1869.123046875,1956.8046875,1992.0,1992.0,60.188011169433594,-36.53187561035156,0.9711475968360901,0.9064083695411682,0.9844517707824707,0.11611942201852798,0.11611942201852798,-0.0010124117834493518,0.9550310969352722,0.34245213866233826,0.0024474780075252056
G7,608,7608.39013671875,0.391391396522522,-1872.240234375,-1872.240234375,1835.8739013671875,1869.60302734375,1956.8046875,1992.0,1992.0,60.00563049316406,-36.35851287841797,0.9712553024291992,0.9065725207328796,0.9845210909843445,0.11586230993270874,0.11586230993270874,-0.001013588160276413,0.9551864266395569,0.3412216305732727,0.0023014710750430822
G7,609,7620.90087890625,0.39039039611816406,-1872.53857421875,-1872.53857421875,1836.345458984375,1870.07763671875,1956.8046875,1992.0,1992.0,59.82426452636719,-36.18522644042969,0.9713624119758606,0.906735897064209,0.9845898151397705,0.11560634523630142,0.11560634523630142,-0.00101469864603132,0.9553410410881042,0.3399985134601593,0.0021892457734793425
G7,610,7633.4111328125,0.38938939571380615,-1872.83447265625,-1872.83447265625,1836.81396484375,1870.551025390625,1956.8046875,1992.0,1992.0,59.64390182495117,-36.0127067565918,0.9714688062667847,0.9068984985351562,0.9846581220626831,0.11534912139177322,0.11534912139177322,-0.0010158766526728868,0.9554946422576904,0.33878272771835327,0.002111620968207717
G7,611,7645.921875,0.38838839530944824,-1873.1282958984375,-1873.1282958984375,1837.2802734375,1871.021728515625,1956.8046875,1992.0,1992.0,59.46453857421875,-35.8402099609375,0.9715744853019714,0.9070603847503662,0.9847258925437927,0.11509276926517487,0.11509276926517487,-0.0010170286986976862,0.9556475877761841,0.33757421374320984,0.002069545444101095
G7,612,7658.4326171875,0.38738739490509033,-1873.419677734375,-1873.419677734375,1837.74365234375,1871.488525390625,1956.8046875,1992.0,1992.0,59.286163330078125,-35.66838836669922,0.9716795086860657,0.9072215557098389,0.9847930669784546,0.11483559012413025,0.11483559012413025,-0.0010182351106777787,0.9557995200157166,0.33637285232543945,0.0020601944997906685
G7,613,7670.94287109375,0.3863863945007324,-1873.7091064453125,-1873.7091064453125,1838.20458984375,1871.955322265625,1956.8046875,1992.0,1992.0,59.108768463134766,-35.496726989746094,0.9717838168144226,0.9073819518089294,0.9848597645759583,0.11457908153533936,0.11457908153533936,-0.0010193890193477273,0.955950915813446,0.3351786732673645,0.0020702071487903595
G7,614,7683.45361328125,0.3853853940963745,-1873.99609375,-1873.99609375,1838.6627197265625,1872.416015625,1956.8046875,1992.0,1992.0,58.932350158691406,-35.32568359375,0.971887469291687,0.9075416326522827,0.9849260449409485,0.1143215149641037,0.1143215149641037,-0.00102060881908983,0.9561012983322144,0.33399155735969543,0.0020865623373538256
G7,615,7695.9638671875,0.3843843936920166,-1874.281005859375,-1874.281005859375,1839.1185302734375,1872.8779296875,1956.8046875,1992.0,1992.0,58.756893157958984,-35.15472412109375,0.9719904661178589,0.9077006578445435,0.9849916100502014,0.11406518518924713,0.11406518518924713,-0.0010216980008408427,0.9562509059906006,0.33281150460243225,0.002095951931551099
G7,616,7708.474609375,0.3833833932876587,-1874.5635986328125,-1874.5635986328125,1839.571533203125,1873.333984375,1956.8046875,1992.0,1992.0,58.582393646240234,-34.98455810546875,0.972092866897583,0.9078587889671326,0.9850568175315857,0.11380721628665924,0.11380721628665924,-0.0010229155886918306,0.9563997983932495,0.3316383361816406,0.002097802935168147
G7,617,7720.98486328125,0.3823823928833008,-1874.84423828125,-1874.84423828125,1840.0224609375,1873.7900390625,1956.8046875,1992.0,1992.0,58.408843994140625,-34.814300537109375,0.9721945524215698,0.9080163240432739,0.985121488571167,0.11355062574148178,0.11355062574148178,-0.001023893360979855,0.9565476775169373,0.3304721415042877,0.0020882252138108015
G7,618,7733.49560546875,0.38138139247894287,-1875.122802734375,-1875.122802734375,1840.4703369140625,1874.24169921875,1956.8046875,1992.0,1992.0,58.23624038696289,-34.644874572753906,0.9722956418991089,0.908173143863678,0.9851856827735901,0.11329290270805359,0.11329290270805359,-0.0010250750929117203,0.9566949009895325,0.3293127417564392,0.002062956104055047
G7,619,7746.005859375,0.38038039207458496,-1875.399169921875,-1875.399169921875,1840.916259765625,1874.6925048828125,1956.8046875,1992.0,1992.0,58.06456756591797,-34.47551727294922,0.9723960757255554,0.9083292484283447,0.9852494597434998,0.11303538084030151,0.11303538084030151,-0.0010259930277243257,0.9568414092063904,0.32816019654273987,0.0020203725434839725
G7,620,7758.5166015625,0.37937939167022705,-1875.6734619140625,-1875.6734619140625,1841.359375,1875.139404296875,1956.8046875,1992.0,1992.0,57.893821716308594,-34.306640625,0.9724958539009094,0.9084845781326294,0.9853126406669617,0.11277829110622406,0.11277829110622406,-0.0010270464699715376,0.9569869041442871,0.32701435685157776,0.0019621255341917276
G7,621,7771.02685546875,0.37837839126586914,-1875.94580078125,-1875.94580078125,1841.800048828125,1875.585205078125,1956.8046875,1992.0,1992.0,57.723995208740234,-34.13829040527344,0.9725950956344604,0.9086391925811768,0.9853754043579102,0.11251983046531677,0.11251983046531677,-0.0010279850102961063,0.9571318030357361,0.3258751928806305,0.0018919708672910929
G7,622,7783.53759765625,0.37737739086151123,-1876.216064453125,-1876.216064453125,1842.23876953125,1876.02734375,1956.8046875,1992.0,1992.0,57.555084228515625,-33.96995162963867,0.972693681716919,0.9087932705879211,0.9854377508163452,0.11226283758878708,0.11226283758878708,-0.001028817379847169,0.9572758078575134,0.3247426748275757,0.0018150435062125325
G7,623,7796.0478515625,0.3763763904571533,-1876.484375,-1876.484375,1842.674560546875,1876.46826171875,1956.8046875,1992.0,1992.0,57.38707733154297,-33.802467346191406,0.9727916717529297,0.9089464545249939,0.9854996204376221,0.11200429499149323,0.11200429499149323,-0.001029754988849163,0.9574190378189087,0.32361671328544617,0.0017406457336619496
G7,624,7808.55859375,0.3753753900527954,-1876.750732421875,-1876.750732421875,1843.1083984375,1876.906005859375,1956.8046875,1992.0,1992.0,57.21996307373047,-33.634925842285156,0.9728890657424927,0.9090990424156189,0.985560953617096,0.1117464229464531,0.1117464229464531,-0.0010303258895874023,0.9575616717338562,0.32249727845191956,0.0016761673614382744
G7,625,7821.06884765625,0.3743743896484375,-1877.01513671875,-1877.01513671875,1843.539794921875,1877.341552734375,1956.8046875,1992.0,1992.0,57.053741455078125,-33.46800231933594,0.9729858040809631,0.9092509150505066,0.9856218695640564,0.11148837953805923,0.11148837953805923,-0.0010311651276424527,0.9577032327651978,0.3213843107223511,0.0016262897988781333
G7,626,7833.57958984375,0.3733733892440796,-1877.27734375,-1877.27734375,1843.96875,1877.775390625,1956.8046875,1992.0,1992.0,56.888404846191406,-33.30143737792969,0.9730820059776306,0.9094020128250122,0.9856824278831482,0.11122966557741165,0.11122966557741165,-0.0010315011022612453,0.9578444361686707,0.32027775049209595,0.0015936631243675947
G7,627,7846.08984375,0.3723723888397217,-1877.537841796875,-1877.537841796875,1844.3955078125,1878.2056884765625,1956.8046875,1992.0,1992.0,56.72394561767578,-33.13508224487305,0.9731775522232056,0.9095525145530701,0.985742449760437,0.1109713539481163,0.1109713539481163,-0.0010321743320673704,0.9579846262931824,0.3191775679588318,0.0015788652235642076
G7,628,7858.6005859375,0.37137138843536377,-1877.79638671875,-1877.79638671875,1844.81982421875,1878.635009765625,1956.8046875,1992.0,1992.0,56.56035614013672,-32.969268798828125,0.9732725024223328,0.9097023010253906,0.9858021140098572,0.11071275174617767,0.11071275174617767,-0.0010323082096874714,0.9581246972084045,0.31808367371559143,0.0015846542082726955
G7,629,7871.11083984375,0.37037038803100586,-1878.052978515625,-1878.052978515625,1845.2420654296875,1879.061279296875,1956.8046875,1992.0,1992.0,56.39762878417969,-32.80377960205078,0.9733669757843018,0.9098514318466187,0.9858613014221191,0.11045333743095398,0.11045333743095398,-0.001032853382639587,0.9582644701004028,0.3169960379600525,0.001605672761797905
G7,630,7883.62158203125,0.36936938762664795,-1878.307861328125,-1878.307861328125,1845.662109375,1879.48486328125,1956.8046875,1992.0,1992.0,56.235755920410156,-32.638465881347656,0.973460853099823,0.9099998474121094,0.9859200716018677,0.11019523441791534,0.11019523441791534,-0.0010328065836802125,0.9584035873413086,0.3159146308898926,0.001640868023969233
G7,631,7896.13232421875,0.36836838722229004,-1878.560791015625,-1878.560791015625,1846.079833984375,1879.908447265625,1956.8046875,1992.0,1992.0,56.074729919433594,-32.47395324707031,0.9735540747642517,0.9101476669311523,0.9859783053398132,0.10993485897779465,0.10993485897779465,-0.00103323208168149,0.9585419297218323,0.31483936309814453,0.0016825908096507192
G7,632,7908.642578125,0.36736738681793213,-1878.8118896484375,-1878.8118896484375,1846.49560546875,1880.325439453125,1956.8046875,1992.0,1992.0,55.91455078125,-32.30918884277344,0.9736468195915222,0.9102947115898132,0.9860363006591797,0.10967662930488586,0.10967662930488586,-0.0010330635122954845,0.9586797952651978,0.31377023458480835,0.0017302142223343253
G7,633,7921.1533203125,0.3663663864135742,-1879.061279296875,-1879.061279296875,1846.90869140625,1880.746826171875,1956.8046875,1992.0,1992.0,55.75520706176758,-32.14546585083008,0.9737389087677002,0.9104411602020264,0.9860937595367432,0.10941623151302338,0.10941623151302338,-0.0010332763195037842,0.9588168263435364,0.3127071261405945,0.0017775552114471793
G7,634,7933.66357421875,0.3653653860092163,-1879.3087158203125,-1879.3087158203125,1847.3201904296875,1881.15771484375,1956.8046875,1992.0,1992.0,55.59669494628906,-31.981523513793945,0.97383052110672,0.9105868935585022,0.9861508011817932,0.10915686190128326,0.10915686190128326,-0.0010330288205295801,0.958953320980072,0.31165003776550293,0.0018295927438884974
G7,635,7946.17431640625,0.3643643856048584,-1879.554443359375,-1879.554443359375,1847.729248046875,1881.5750732421875,1956.8046875,1992.0,1992.0,55.43899917602539,-31.818300247192383,0.9739216566085815,0.9107319116592407,0.9862074851989746,0.10889722406864166,0.10889722406864166,-0.0010329026263207197,0.9590887427330017,0.3105989396572113,0.0018919195281341672
G7,636,7958.6845703125,0.3633633852005005,-1879.798583984375,-1879.798583984375,1848.1361083984375,1881.982666015625,1956.8046875,1992.0,1992.0,55.28212356567383,-31.655412673950195,0.9740121364593506,0.9108763933181763,0.9862638711929321,0.10863649845123291,0.10863649845123291,-0.0010325202019885182,0.9592239856719971,0.30955374240875244,0.0019512868020683527
G7,637,7971.1953125,0.3623623847961426,-1880.040771484375,-1880.040771484375,1848.5411376953125,1882.3931884765625,1956.8046875,1992.0,1992.0,55.126060485839844,-31.492626190185547,0.9741020798683167,0.9110201597213745,0.9863197207450867,0.10837718099355698,0.10837718099355698,-0.0010320190340280533,0.959358274936676,0.30851441621780396,0.0020165061578154564
G7,638,7983.70556640625,0.36136138439178467,-1880.28125,-1880.28125,1848.9437255859375,1882.800537109375,1956.8046875,1992.0,1992.0,54.970794677734375,-31.330663681030273,0.9741915464401245,0.9111632704734802,0.9863751530647278,0.10811599344015121,0.10811599344015121,-0.0010313796810805798,0.959492027759552,0.3074808716773987,0.0020756691228598356
G7,639,7996.21630859375,0.36036038398742676,-1880.52001953125,-1880.52001953125,1849.3446044921875,1883.201904296875,1956.8046875,1992.0,1992.0,54.81632995605469,-31.1685791015625,0.9742803573608398,0.9113056659698486,0.986430287361145,0.10785596817731857,0.10785596817731857,-0.0010306630283594131,0.9596249461174011,0.306453138589859,0.0021409981418401003
G7,640,8008.7265625,0.35935938358306885,-1880.7572021484375,-1880.7572021484375,1849.7431640625,1883.60986328125,1956.8046875,1992.0,1992.0,54.66265869140625,-31.007244110107422,0.9743687510490417,0.9114475846290588,0.9864850044250488,0.10759496688842773,0.10759496688842773,-0.0010297251865267754,0.959757387638092,0.305431067943573,0.002215371700003743
G7,641,8021.2373046875,0.35835838317871094,-1880.99267578125,-1880.99267578125,1850.139892578125,1884.00341796875,1956.8046875,1992.0,1992.0,54.50977325439453,-30.846044540405273,0.9744566082954407,0.911588728427887,0.9865393042564392,0.10733414441347122,0.10733414441347122,-0.0010289768688380718,0.9598889946937561,0.3044147491455078,0.0022900234907865524
G7,642,8033.74755859375,0.357357382774353,-1881.2265625,-1881.2265625,1850.534423828125,1884.408935546875,1956.8046875,1992.0,1992.0,54.357666015625,-30.685317993164062,0.9745439887046814,0.9117292165756226,0.9865933060646057,0.10707269608974457,0.10707269608974457,-0.0010278199333697557,0.960020124912262,0.3034040033817291,0.002374390373006463
G7,643,8046.25830078125,0.3563563823699951,-1881.4586181640625,-1881.4586181640625,1850.9271240234375,1884.798828125,1956.8125,1992.0,1992.0,54.206336975097656,-30.524831771850586,0.9746307134628296,0.9118690490722656,0.9866468906402588,0.1068120151758194,0.1068120151758194,-0.001027026679366827,0.960151195526123,0.3023989200592041,0.0024616671726107597
G7,644,8058.7685546875,0.3553553819656372,-1881.689208984375,-1881.689208984375,1851.317626953125,1885.1982421875,1956.8125,1992.0,1992.0,54.05577087402344,-30.364980697631836,0.9747171401977539,0.9120083451271057,0.986700177192688,0.10654937475919724,0.10654937475919724,-0.001025880454108119,0.9602819681167603,0.3013993203639984,0.002555370796471834
G7,645,8071.279296875,0.3543543815612793,-1881.918212890625,-1881.918212890625,1851.70654296875,1885.5869140625,1956.8125,1992.0,1992.0,53.905967712402344,-30.20499038696289,0.9748029112815857,0.9121468663215637,0.986752986907959,0.10628916323184967,0.10628916323184967,-0.001024928642436862,0.9604116678237915,0.3004052937030792,0.002660291502252221
G7,646,8083.78955078125,0.3533533811569214,-1882.1455078125,-1882.1455078125,1852.0927734375,1885.9793701171875,1956.8125,1992.0,1992.0,53.756919860839844,-30.04610824584961,0.974888265132904,0.9122848510742188,0.9868054389953613,0.10602571070194244,0.10602571070194244,-0.0010239518014714122,0.9605410695075989,0.2994166910648346,0.0027662513311952353
G7,647,8096.30029296875,0.3523523807525635,-1882.3712158203125,-1882.3712158203125,1852.4779052734375,1886.36669921875,1956.8125,1992.0,1992.0,53.60862350463867,-29.886728286743164,0.9749729633331299,0.9124221801757812,0.986857533454895,0.10576507449150085,0.10576507449150085,-0.0010228948667645454,0.9606692790985107,0.2984335720539093,0.002879880601540208
G7,648,8108.810546875,0.35135138034820557,-1882.595458984375,-1882.595458984375,1852.8603515625,1886.7529296875,1956.8125,1992.0,1992.0,53.46107482910156,-29.72856330871582,0.9750573635101318,0.9125589728355408,0.9869093298912048,0.10550187528133392,0.10550187528133392,-0.0010220414260402322,0.9607975482940674,0.2974557876586914,0.0029803600627928972
G7,649,8121.3212890625,0.35035037994384766,-1882.818115234375,-1882.818115234375,1853.241455078125,1887.1380615234375,1956.8125,1992.0,1992.0,53.31426239013672,-29.570098876953125,0.9751411080360413,0.9126949906349182,0.986960768699646,0.10524001717567444,0.10524001717567444,-0.0010210982291027904,0.9609255194664001,0.2964833974838257,0.003083739895373583
G7,650,8133.83203125,0.34934937953948975,-1883.039306640625,-1883.039306640625,1853.620361328125,1887.519287109375,1956.8125,1992.0,1992.0,53.168182373046875,-29.412425994873047,0.9752246141433716,0.9128304719924927,0.9870118498802185,0.10497742146253586,0.10497742146253586,-0.0010202727280557156,0.9610527753829956,0.2955162823200226,0.003180024679750204
G7,651,8146.34228515625,0.34834837913513184,-1883.2587890625,-1883.2587890625,1853.9974365234375,1887.9013671875,1956.8125,1992.0,1992.0,53.02283477783203,-29.25497055053711,0.9753074645996094,0.9129652976989746,0.9870626330375671,0.10471463948488235,0.10471463948488235,-0.001019541174173355,0.9611794948577881,0.2945544123649597,0.0032703944016247988
G7,652,8158.85302734375,0.3473473787307739,-1883.4769287109375,-1883.4769287109375,1854.37255859375,1888.2783203125,1956.8125,1992.0,1992.0,52.878204345703125,-29.097885131835938,0.975389838218689,0.9130995273590088,0.9871130585670471,0.10445204377174377,0.10445204377174377,-0.0010187492007389665,0.9613054990768433,0.2935977578163147,0.003350368933752179
G7,653,8171.36328125,0.346346378326416,-1883.693603515625,-1883.693603515625,1854.745849609375,1888.65625,1956.8125,1992.0,1992.0,52.73429870605469,-28.94127082824707,0.9754717946052551,0.9132331609725952,0.9871631264686584,0.10418913513422012,0.10418913513422012,-0.0010181148536503315,0.9614308476448059,0.2926463186740875,0.0034186088014394045
G7,654,8183.8740234375,0.3453453779220581,-1883.90869140625,-1883.90869140625,1855.1171875,1889.030517578125,1956.8203125,1992.0,1992.0,52.591102600097656,-28.784990310668945,0.9755532145500183,0.9133661985397339,0.9872128367424011,0.10392595827579498,0.10392595827579498,-0.001017404836602509,0.9615556001663208,0.29169994592666626,0.003478465834632516
G7,655,8196.384765625,0.3443443775177002,-1884.122314453125,-1884.122314453125,1855.48681640625,1889.403076171875,1956.8203125,1992.0,1992.0,52.4486083984375,-28.62905502319336,0.9756342172622681,0.91349858045578,0.9872621893882751,0.10366334766149521,0.10366334766149521,-0.0010168163571506739,0.9616804122924805,0.29075872898101807,0.003523328108713031
G7,656,8208.89453125,0.3433433771133423,-1884.33447265625,-1884.33447265625,1855.8544921875,1889.7755126953125,1956.8203125,1992.0,1992.0,52.30682373046875,-28.47370147705078,0.9757146835327148,0.9136303067207336,0.9873112440109253,0.10339944809675217,0.10339944809675217,-0.0010161732789129019,0.9618048667907715,0.289822518825531,0.0035586103331297636
G7,657,8221.4052734375,0.3423423767089844,-1884.5452880859375,-1884.5452880859375,1856.220458984375,1890.1424560546875,1956.8203125,1992.0,1992.0,52.16572570800781,-28.31841278076172,0.975794792175293,0.9137614369392395,0.9873600602149963,0.10313695669174194,0.10313695669174194,-0.0010156685020774603,0.9619283676147461,0.28889134526252747,0.0035815450828522444
G7,658,8233.916015625,0.34134137630462646,-1884.754638671875,-1884.754638671875,1856.584228515625,1890.512939453125,1956.8203125,1992.0,1992.0,52.025325775146484,-28.163928985595703,0.9758744835853577,0.9138920903205872,0.9874083995819092,0.10287275165319443,0.10287275165319443,-0.0010150948073714972,0.9620516896247864,0.2879651188850403,0.0035924569237977266
G7,659,8246.4267578125,0.34034037590026855,-1884.962646484375,-1884.962646484375,1856.94677734375,1890.8748779296875,1956.8203125,1992.0,1992.0,51.88561248779297,-28.0093994140625,0.9759536385536194,0.9140221476554871,0.9874565005302429,0.10260973870754242,0.10260973870754242,-0.0010146426502615213,0.9621740579605103,0.28704386949539185,0.003594527253881097
G7,660,8258.9365234375,0.33933937549591064,-1885.1690673828125,-1885.1690673828125,1857.30712890625,1891.242431640625,1956.8203125,1992.0,1992.0,51.74658203125,-27.855619430541992,0.9760323762893677,0.9141514301300049,0.9875043034553528,0.10234569013118744,0.10234569013118744,-0.001014183391816914,0.9622959494590759,0.2861274778842926,0.003586414037272334
G7,661,8271.447265625,0.33833837509155273,-1885.374267578125,-1885.374267578125,1857.666015625,1891.6005859375,1956.8203125,1992.0,1992.0,51.60822296142578,-27.701980590820312,0.9761106371879578,0.9142802357673645,0.9875518679618835,0.10208185762166977,0.10208185762166977,-0.0010137436911463737,0.9624173045158386,0.28521600365638733,0.003571486799046397
G7,662,8283.9580078125,0.3373373746871948,-1885.577880859375,-1885.577880859375,1858.02294921875,1891.964599609375,1956.8203125,1992.0,1992.0,51.47053909301758,-27.54882049560547,0.9761884808540344,0.9144083857536316,0.9875989556312561,0.10181785374879837,0.10181785374879837,-0.0010133994510397315,0.9625378847122192,0.2843093276023865,0.0035526647698134184
G7,663,8296.46875,0.3363363742828369,-1885.7803955078125,-1885.7803955078125,1858.378173828125,1892.319580078125,1956.8203125,1992.0,1992.0,51.333518981933594,-27.396038055419922,0.9762660264968872,0.9145361185073853,0.9876458048820496,0.10155361145734787,0.10155361145734787,-0.0010130058508366346,0.9626585245132446,0.28340744972229004,0.00353250908665359
G7,664,8308.978515625,0.335335373878479,-1885.9814453125,-1885.9814453125,1858.731689453125,1892.678955078125,1956.8203125,1992.0,1992.0,51.197166442871094,-27.24361228942871,0.9763429760932922,0.9146630167961121,0.9876924157142639,0.10128901153802872,0.10128901153802872,-0.0010127424029633403,0.9627789855003357,0.28251028060913086,0.0035120295360684395
G7,665,8321.4892578125,0.3343343734741211,-1886.1810302734375,-1886.1810302734375,1859.0833740234375,1893.0318603515625,1956.8203125,1992.0,1992.0,51.061466217041016,-27.09151840209961,0.9764195084571838,0.9147894978523254,0.9877386093139648,0.10102487355470657,0.10102487355470657,-0.0010124635882675648,0.9628986716270447,0.2816178798675537,0.0034922887571156025
G7,666,8334.0,0.3333333134651184,-1886.37939453125,-1886.37939453125,1859.433349609375,1893.38623046875,1956.8203125,1992.0,1992.0,50.926422119140625,-26.939966201782227,0.976495623588562,0.9149154424667358,0.9877846240997314,0.10075940936803818,0.10075940936803818,-0.0010122274979948997,0.963018000125885,0.28073012828826904,0.0034790050704032183
G7,667,8346.5107421875,0.3323323130607605,-1886.576416015625,-1886.576416015625,1859.7818603515625,1893.7373046875,1956.8203125,1992.0,1992.0,50.792022705078125,-26.78848648071289,0.9765713214874268,0.9150406718254089,0.9878302216529846,0.10049537569284439,0.10049537569284439,-0.0010121152736246586,0.9631365537643433,0.27984702587127686,0.003472178941592574
G7,668,8359.0205078125,0.3313313126564026,-1886.772216796875,-1886.772216796875,1860.1282958984375,1894.0869140625,1956.8203125,1992.0,1992.0,50.65827178955078,-26.63780975341797,0.9766467213630676,0.915165364742279,0.9878756403923035,0.10022953152656555,0.10022953152656555,-0.0010118538048118353,0.9632546901702881,0.2789685130119324,0.003469419665634632
G7,669,8371.53125,0.3303303122520447,-1886.966552734375,-1886.966552734375,1860.473388671875,1894.435546875,1956.8203125,1992.0,1992.0,50.52515411376953,-26.48708152770996,0.976721465587616,0.9152894616127014,0.9879207611083984,0.09996484220027924,0.09996484220027924,-0.0010119042126461864,0.963371992111206,0.27809464931488037,0.003482973435893655
G7,670,8384.0419921875,0.32932931184768677,-1887.15966796875,-1887.15966796875,1860.816650390625,1894.7811279296875,1956.8203125,1992.0,1992.0,50.39266586303711,-26.33708381652832,0.97679603099823,0.9154131412506104,0.9879655241966248,0.09969939291477203,0.09969939291477203,-0.0010115961777046323,0.9634888768196106,0.27722522616386414,0.003496836870908737
G7,671,8396.552734375,0.32832831144332886,-1887.3515625,-1887.3515625,1861.1583251953125,1895.126708984375,1956.8203125,1992.0,1992.0,50.26081466674805,-26.187307357788086,0.9768701195716858,0.915536105632782,0.9880099892616272,0.09943370521068573,0.09943370521068573,-0.0010117011843249202,0.9636051654815674,0.2763603925704956,0.0035279588773846626
G7,672,8409.0634765625,0.32732731103897095,-1887.542236328125,-1887.542236328125,1861.498291015625,1895.4688720703125,1956.828125,1992.0,1992.0,50.12958526611328,-26.037891387939453,0.9769437909126282,0.9156585335731506,0.9880542159080505,0.09916864335536957,0.09916864335536957,-0.0010114393662661314,0.9637214541435242,0.27549996972084045,0.003559788689017296
G7,673,8421.5732421875,0.32632631063461304,-1887.7314453125,-1887.7314453125,1861.83642578125,1895.81103515625,1956.828125,1992.0,1992.0,49.99898147583008,-25.889070510864258,0.9770170450210571,0.9157804250717163,0.9880982041358948,0.09890227764844894,0.09890227764844894,-0.0010114909382537007,0.9638375639915466,0.27464398741722107,0.0035949593875557184
G7,674,8434.083984375,0.3253253102302551,-1887.9195556640625,-1887.9195556640625,1862.17333984375,1896.150146484375,1956.828125,1992.0,1992.0,49.86899185180664,-25.740333557128906,0.9770898818969727,0.9159016609191895,0.9881418347358704,0.09863713383674622,0.09863713383674622,-0.0010112776653841138,0.9639530181884766,0.27379241585731506,0.003630466526374221
G7,675,8446.5947265625,0.3243243098258972,-1888.1064453125,-1888.1064453125,1862.5081787109375,1896.488525390625,1956.828125,1992.0,1992.0,49.7396125793457,-25.592336654663086,0.9771623015403748,0.9160224199295044,0.9881852865219116,0.09837070852518082,0.09837070852518082,-0.001011289656162262,0.9640679955482483,0.27294519543647766,0.003661231603473425
G7,676,8459.10546875,0.3233233094215393,-1888.2919921875,-1888.2919921875,1862.841796875,1896.8248291015625,1956.828125,1992.0,1992.0,49.61084747314453,-25.44443702697754,0.9772344827651978,0.9161426424980164,0.9882283806800842,0.09810483455657959,0.09810483455657959,-0.0010111206211149693,0.9641822576522827,0.27210232615470886,0.003679177025333047
G7,677,8471.615234375,0.3223223090171814,-1888.4764404296875,-1888.4764404296875,1863.1734619140625,1897.1600341796875,1956.828125,1992.0,1992.0,49.4826774597168,-25.297103881835938,0.9773061275482178,0.9162622094154358,0.988271176815033,0.09783889353275299,0.09783889353275299,-0.0010110250441357493,0.9642959237098694,0.27126380801200867,0.003687148215249181
G7,678,8484.1259765625,0.3213213086128235,-1888.65966796875,-1888.65966796875,1863.503662109375,1897.4930419921875,1956.828125,1992.0,1992.0,49.35511016845703,-25.150177001953125,0.9773774743080139,0.9163813591003418,0.9883137941360474,0.09757205843925476,0.09757205843925476,-0.0010109188733622432,0.9644092321395874,0.27042949199676514,0.0036781493108719587
G7,679,8496.63671875,0.3203203082084656,-1888.841796875,-1888.841796875,1863.83251953125,1897.8250732421875,1956.828125,1992.0,1992.0,49.22814178466797,-25.003448486328125,0.9774484038352966,0.9164999127388,0.9883561730384827,0.09730659425258636,0.09730659425258636,-0.0010107833659276366,0.964521586894989,0.26959946751594543,0.003645320190116763
G7,680,8509.1474609375,0.31931930780410767,-1889.0224609375,-1889.0224609375,1864.159423828125,1898.15478515625,1956.828125,1992.0,1992.0,49.10175704956055,-24.857498168945312,0.9775189161300659,0.9166178703308105,0.9883982539176941,0.0970388874411583,0.0970388874411583,-0.001010620384477079,0.9646339416503906,0.26877361536026,0.003588396590203047
G7,681,8521.6572265625,0.31831830739974976,-1889.2022705078125,-1889.2022705078125,1864.485107421875,1898.484130859375,1956.828125,1992.0,1992.0,48.97596740722656,-24.711402893066406,0.9775890707969666,0.9167352318763733,0.9884400367736816,0.09677381068468094,0.09677381068468094,-0.0010104984976351261,0.9647451639175415,0.267952024936676,0.0035096544306725264
G7,682,8534.16796875,0.31731730699539185,-1889.380859375,-1889.380859375,1864.8087158203125,1898.81005859375,1956.828125,1992.0,1992.0,48.85075378417969,-24.566404342651367,0.9776589274406433,0.9168521761894226,0.9884816408157349,0.09650527685880661,0.09650527685880661,-0.0010103087406605482,0.9648562669754028,0.2671344578266144,0.0034023721236735582
G7,683,8546.6787109375,0.31631630659103394,-1889.5582275390625,-1889.5582275390625,1865.131591796875,1899.13671875,1956.828125,1992.0,1992.0,48.72612380981445,-24.420955657958984,0.9777282476425171,0.9169685244560242,0.9885228872299194,0.09624063223600388,0.09624063223600388,-0.0010101643856614828,0.964966356754303,0.2663211524486542,0.003268777159973979
G7,684,8559.189453125,0.315315306186676,-1889.7344970703125,-1889.7344970703125,1865.451904296875,1899.458984375,1956.828125,1992.0,1992.0,48.60206604003906,-24.276914596557617,0.9777973890304565,0.9170843362808228,0.9885640144348145,0.09597122669219971,0.09597122669219971,-0.0010099392384290695,0.9650763273239136,0.26551181077957153,0.0031149929855018854
G7,685,8571.69921875,0.3143143057823181,-1889.90966796875,-1889.90966796875,1865.7718505859375,1899.783447265625,1956.828125,1992.0,1992.0,48.47858428955078,-24.132102966308594,0.9778660535812378,0.9171996712684631,0.9886047840118408,0.09570670872926712,0.09570670872926712,-0.0010097528574988246,0.9651852250099182,0.26470667123794556,0.002939966507256031
G7,686,8584.2099609375,0.3133133053779602,-1890.0836181640625,-1890.0836181640625,1866.0889892578125,1900.10205078125,1956.828125,1992.0,1992.0,48.35566711425781,-23.988948822021484,0.9779344201087952,0.9173144102096558,0.9886453151702881,0.0954371839761734,0.0954371839761734,-0.0010095445904880762,0.9652943015098572,0.26390543580055237,0.0027496882248669863
G7,687,8596.720703125,0.3123123049736023,-1890.256591796875,-1890.256591796875,1866.406005859375,1900.423828125,1956.828125,1992.0,1992.0,48.23331069946289,-23.844966888427734,0.9780023097991943,0.9174285531044006,0.9886856079101562,0.09517160058021545,0.09517160058021545,-0.0010092471493408084,0.965403139591217,0.2631083130836487,0.0025514191947877407
G7,688,8609.2314453125,0.3113113045692444,-1890.428466796875,-1890.428466796875,1866.720458984375,1900.7392578125,1956.828125,1992.0,1992.0,48.111515045166016,-23.702396392822266,0.9780699014663696,0.9175422787666321,0.9887256026268005,0.09490306675434113,0.09490306675434113,-0.0010090708965435624,0.9655117392539978,0.2623150646686554,0.0023545625153928995
G7,689,8621.7412109375,0.3103103041648865,-1890.59912109375,-1890.59912109375,1867.033935546875,1901.057861328125,1956.828125,1992.0,1992.0,47.99027633666992,-23.559518814086914,0.978137195110321,0.917655348777771,0.9887654781341553,0.09463575482368469,0.09463575482368469,-0.001008734805509448,0.9656198024749756,0.26152583956718445,0.0021734933834522963
G7,690,8634.251953125,0.30930930376052856,-1890.768798828125,-1890.768798828125,1867.3458251953125,1901.37109375,1956.828125,1992.0,1992.0,47.869590759277344,-23.417373657226562,0.9782040119171143,0.9177680015563965,0.9888050556182861,0.09436826407909393,0.09436826407909393,-0.0010085714748129249,0.9657272696495056,0.2607404589653015,0.0020183688029646873
G7,691,8646.7626953125,0.30830830335617065,-1890.9373779296875,-1890.9373779296875,1867.65625,1901.685546875,1956.828125,1992.0,1992.0,47.74945068359375,-23.275617599487305,0.9782706499099731,0.9178800582885742,0.9888443350791931,0.0940994918346405,0.0940994918346405,-0.0010081917280331254,0.9658345580101013,0.25995901226997375,0.0019048347603529692
G7,692,8659.2734375,0.30730730295181274,-1891.1048583984375,-1891.1048583984375,1867.96533203125,1901.997314453125,1956.828125,1992.0,1992.0,47.629859924316406,-23.133968353271484,0.9783368706703186,0.9179916977882385,0.9888835549354553,0.0938325896859169,0.0938325896859169,-0.001008062157779932,0.9659410119056702,0.2591814398765564,0.0018305372213944793
G7,693,8671.7841796875,0.30630630254745483,-1891.271240234375,-1891.271240234375,1868.272705078125,1902.307373046875,1956.828125,1992.0,1992.0,47.510807037353516,-22.993209838867188,0.9784026741981506,0.9181026816368103,0.9889223575592041,0.09356305003166199,0.09356305003166199,-0.0010076862527057528,0.9660474061965942,0.2584076523780823,0.0018089688383042812
G7,694,8684.2939453125,0.3053053021430969,-1891.436767578125,-1891.436767578125,1868.5791015625,1902.6173095703125,1956.828125,1992.0,1992.0,47.39228820800781,-22.852237701416016,0.9784682989120483,0.9182132482528687,0.9889609217643738,0.09329581260681152,0.09329581260681152,-0.0010075292084366083,0.9661529064178467,0.25763773918151855,0.0018343244446441531
G7,695,8696.8046875,0.304304301738739,-1891.6011962890625,-1891.6011962890625,1868.883544921875,1902.92431640625,1956.828125,1992.0,1992.0,47.27430725097656,-22.71225357055664,0.9785334467887878,0.9183233380317688,0.9889994263648987,0.09302642941474915,0.09302642941474915,-0.0010071786819025874,0.9662584662437439,0.2568715512752533,0.0018984773196280003
G7,696,8709.3154296875,0.3033033013343811,-1891.7646484375,-1891.7646484375,1869.18701171875,1903.230712890625,1956.828125,1992.0,1992.0,47.1568603515625,-22.57217788696289,0.9785982966423035,0.9184328317642212,0.9890375733375549,0.09275828301906586,0.09275828301906586,-0.0010070010321214795,0.9663631319999695,0.2561091482639313,0.001989680575206876
G7,697,8721.826171875,0.3023023009300232,-1891.927001953125,-1891.927001953125,1869.48876953125,1903.5361328125,1956.828125,1992.0,1992.0,47.03993225097656,-22.43283462524414,0.9786627888679504,0.9185418486595154,0.9890755414962769,0.09248920530080795,0.09248920530080795,-0.001006681122817099,0.966467559337616,0.2553504705429077,0.002087258966639638
G7,698,8734.3359375,0.3013013005256653,-1892.0885009765625,-1892.0885009765625,1869.78955078125,1903.83837890625,1956.828125,1992.0,1992.0,46.92353057861328,-22.2936954498291,0.9787269234657288,0.9186502695083618,0.9891133308410645,0.09222032129764557,0.09222032129764557,-0.0010064488742500544,0.9665713310241699,0.2545955181121826,0.0021904720924794674
G7,699,8746.8466796875,0.3003003001213074,-1892.2490234375,-1892.2490234375,1870.088623046875,1904.1419677734375,1956.828125,1992.0,1992.0,46.80765151977539,-22.155033111572266,0.9787907004356384,0.91875821352005,0.9891507625579834,0.09195137023925781,0.09195137023925781,-0.0010061783250421286,0.9666749238967896,0.2538442313671112,0.002279875334352255
G7,700,8759.357421875,0.29929929971694946,-1892.408447265625,-1892.408447265625,1870.38623046875,1904.4407958984375,1956.8359375,1992.0,1992.0,46.692283630371094,-22.01678466796875,0.9788543581962585,0.9188656806945801,0.9891881346702576,0.09168199449777603,0.09168199449777603,-0.0010058573679998517,0.9667786955833435,0.2530965805053711,0.0023517697118222713
G7,701,8771.8681640625,0.29829829931259155,-1892.5670166015625,-1892.5670166015625,1870.682861328125,1904.741943359375,1956.8359375,1992.0,1992.0,46.577430725097656,-21.878868103027344,0.9789175391197205,0.9189727306365967,0.9892252087593079,0.09141284972429276,0.09141284972429276,-0.0010056686587631702,0.9668822884559631,0.25235259532928467,0.0024064378812909126
G7,702,8784.3779296875,0.29729729890823364,-1892.724609375,-1892.724609375,1870.977783203125,1905.0380859375,1956.8359375,1992.0,1992.0,46.46308898925781,-21.741432189941406,0.9789803624153137,0.9190792441368103,0.989262044429779,0.091143399477005,0.091143399477005,-0.0010052323341369629,0.9669854044914246,0.25161221623420715,0.0024339728988707066
G7,703,8796.888671875,0.29629629850387573,-1892.881103515625,-1892.881103515625,1871.271484375,1905.3358154296875,1956.8359375,1992.0,1992.0,46.34925079345703,-21.604360580444336,0.9790429472923279,0.9191851615905762,0.9892987012863159,0.09087368100881577,0.09087368100881577,-0.0010050891432911158,0.967087984085083,0.25087541341781616,0.002445966238155961
G7,704,8809.3994140625,0.2952952980995178,-1893.036865234375,-1893.036865234375,1871.56396484375,1905.63037109375,1956.8359375,1992.0,1992.0,46.23591613769531,-21.4676570892334,0.9791051745414734,0.9192906618118286,0.9893351197242737,0.09060435742139816,0.09060435742139816,-0.0010046176612377167,0.967190146446228,0.2501421570777893,0.0024275716859847307
G7,705,8821.91015625,0.2942942976951599,-1893.191650390625,-1893.191650390625,1871.85498046875,1905.92431640625,1956.8359375,1992.0,1992.0,46.123085021972656,-21.331478118896484,0.979167103767395,0.9193956255912781,0.9893714189529419,0.09033402055501938,0.09033402055501938,-0.0010044468799605966,0.9672920107841492,0.2494124174118042,0.002393391216173768
G7,706,8834.419921875,0.293293297290802,-1893.345458984375,-1893.345458984375,1872.1446533203125,1906.217041015625,1956.8359375,1992.0,1992.0,46.0107421875,-21.195491790771484,0.9792287945747375,0.9195001125335693,0.9894073605537415,0.09006486088037491,0.09006486088037491,-0.0010039795888587832,0.9673932194709778,0.24868620932102203,0.0023335854057222605
G7,707,8846.9306640625,0.2922922968864441,-1893.498291015625,-1893.498291015625,1872.432861328125,1906.5076904296875,1956.8359375,1992.0,1992.0,45.89889907836914,-21.060211181640625,0.9792900085449219,0.9196040630340576,0.9894431829452515,0.08979389071464539,0.08979389071464539,-0.0010037667816504836,0.9674942493438721,0.24796344339847565,0.0022634488996118307
G7,708,8859.44140625,0.2912912964820862,-1893.6502685546875,-1893.6502685546875,1872.7200927734375,1906.7982177734375,1956.8359375,1992.0,1992.0,45.78754425048828,-20.924945831298828,0.9793510437011719,0.9197075963020325,0.9894787669181824,0.08952470868825912,0.08952470868825912,-0.001003325218334794,0.967594563961029,0.24724417924880981,0.0021816149819642305
G7,709,8871.9521484375,0.29029029607772827,-1893.80126953125,-1893.80126953125,1873.0057373046875,1907.0860595703125,1956.8359375,1992.0,1992.0,45.676673889160156,-20.790523529052734,0.979411780834198,0.9198105931282043,0.9895142316818237,0.08925352245569229,0.08925352245569229,-0.0010030627017840743,0.9676947593688965,0.24652831256389618,0.002095476258546114
G7,710,8884.462890625,0.28928929567337036,-1893.95166015625,-1893.95166015625,1873.290283203125,1907.37353515625,1956.8359375,1992.0,1992.0,45.56629180908203,-20.656070709228516,0.9794721007347107,0.9199131727218628,0.9895493984222412,0.08898384869098663,0.08898384869098663,-0.0010026522213593125,0.9677942991256714,0.24581587314605713,0.002005103975534439
G7,711,8896.97265625,0.28828829526901245,-1894.100830078125,-1894.100830078125,1873.5732421875,1907.65966796875,1956.8359375,1992.0,1992.0,45.456382751464844,-20.522403717041016,0.9795322418212891,0.9200151562690735,0.9895843863487244,0.088712677359581,0.088712677359581,-0.0010023533832281828,0.9678934812545776,0.24510681629180908,0.001917910878546536
G7,712,8909.4833984375,0.28728729486465454,-1894.249267578125,-1894.249267578125,1873.8553466796875,1907.94384765625,1956.8359375,1992.0,1992.0,45.346954345703125,-20.38882064819336,0.979591965675354,0.920116662979126,0.9896191954612732,0.0884425938129425,0.0884425938129425,-0.0010019737528637052,0.9679922461509705,0.24440111219882965,0.001836171024478972
G7,713,8921.994140625,0.28628629446029663,-1894.396728515625,-1894.396728515625,1874.1357421875,1908.227783203125,1956.8359375,1992.0,1992.0,45.238006591796875,-20.255922317504883,0.9796514511108398,0.9202178120613098,0.9896538853645325,0.0881713256239891,0.0881713256239891,-0.0010016366140916944,0.9680905938148499,0.24369874596595764,0.0017592397052794695
G7,714,8934.5048828125,0.2852852940559387,-1894.54345703125,-1894.54345703125,1874.4151611328125,1908.5091552734375,1956.8359375,1992.0,1992.0,45.129520416259766,-20.123188018798828,0.9797106981277466,0.9203183650970459,0.9896883368492126,0.08790086209774017,0.08790086209774017,-0.001001294469460845,0.968188464641571,0.24299970269203186,0.001697777770459652
G7,715,8947.0146484375,0.2842842936515808,-1894.689208984375,-1894.689208984375,1874.693115234375,1908.79052734375,1956.8359375,1992.0,1992.0,45.021507263183594,-19.991069793701172,0.9797695875167847,0.9204185605049133,0.9897225499153137,0.08762958645820618,0.08762958645820618,-0.0010009461548179388,0.9682859778404236,0.24230395257472992,0.0016478843754157424
G7,716,8959.525390625,0.2832832932472229,-1894.8341064453125,-1894.8341064453125,1874.969970703125,1909.06982421875,1956.8359375,1992.0,1992.0,44.913963317871094,-19.85919952392578,0.9798281788825989,0.9205181002616882,0.9897565245628357,0.0873587429523468,0.0873587429523468,-0.0010006306692957878,0.9683830142021179,0.24161146581172943,0.001608900842256844
G7,717,8972.0361328125,0.282282292842865,-1894.978271484375,-1894.978271484375,1875.245361328125,1909.347900390625,1956.8359375,1992.0,1992.0,44.8068733215332,-19.727861404418945,0.9798864722251892,0.9206173419952393,0.9897903800010681,0.08708729594945908,0.08708729594945908,-0.001000300864689052,0.968479573726654,0.2409222424030304,0.0015767242293804884
G7,718,8984.546875,0.2812812924385071,-1895.12158203125,-1895.12158203125,1875.519775390625,1909.6253662109375,1956.8359375,1992.0,1992.0,44.70024490356445,-19.59682273864746,0.9799444079399109,0.9207160472869873,0.9898239970207214,0.0868164524435997,0.0868164524435997,-0.0009999793255701661,0.9685758948326111,0.24023623764514923,0.0015537702711299062
G7,719,8997.056640625,0.28028029203414917,-1895.263916015625,-1895.263916015625,1875.7926025390625,1909.900634765625,1956.8359375,1992.0,1992.0,44.594078063964844,-19.466354370117188,0.9800022840499878,0.9208142757415771,0.9898574352264404,0.08654443919658661,0.08654443919658661,-0.0009997159941121936,0.9686716794967651,0.23955343663692474,0.0015398603864014149
G7,720,9009.5673828125,0.27927929162979126,-1895.4056396484375,-1895.4056396484375,1876.064697265625,1910.1756591796875,1956.8359375,1992.0,1992.0,44.48836135864258,-19.336055755615234,0.9800597429275513,0.9209120273590088,0.9898906946182251,0.08627384901046753,0.08627384901046753,-0.0009993505664169788,0.968766987323761,0.23887383937835693,0.00153391866479069
G7,721,9022.078125,0.27827829122543335,-1895.54638671875,-1895.54638671875,1876.3349609375,1910.448974609375,1956.8359375,1992.0,1992.0,44.383094787597656,-19.206512451171875,0.9801168441772461,0.9210093021392822,0.9899237751960754,0.08600127696990967,0.08600127696990967,-0.0009991945698857307,0.9688621163368225,0.23819738626480103,0.0015311356401070952
G7,722,9034.5888671875,0.27727729082107544,-1895.6864013671875,-1895.6864013671875,1876.6046142578125,1910.720703125,1956.8359375,1992.0,1992.0,44.27827453613281,-19.076961517333984,0.9801737666130066,0.9211061000823975,0.9899566769599915,0.08573068678379059,0.08573068678379059,-0.0009987629018723965,0.9689566493034363,0.2375241070985794,0.0015268874121829867
G7,723,9047.0986328125,0.27627629041671753,-1895.82568359375,-1895.82568359375,1876.8724365234375,1910.9920654296875,1956.8359375,1992.0,1992.0,44.17389678955078,-18.948284149169922,0.9802303910255432,0.9212024807929993,0.9899893999099731,0.08545787632465363,0.08545787632465363,-0.0009987192461267114,0.969050943851471,0.2368539273738861,0.0015208084369078279
G7,724,9059.609375,0.2752752900123596,-1895.964111328125,-1895.964111328125,1877.1396484375,1911.2613525390625,1956.8359375,1992.0,1992.0,44.069969177246094,-18.81955337524414,0.9802867770195007,0.9212983846664429,0.9900220036506653,0.08518707007169724,0.08518707007169724,-0.000998248578980565,0.9691446423530579,0.23618686199188232,0.0015131821855902672
G7,725,9072.1201171875,0.2742742896080017,-1896.1016845703125,-1896.1016845703125,1877.4051513671875,1911.52978515625,1956.8359375,1992.0,1992.0,43.96648025512695,-18.691699981689453,0.9803429245948792,0.9213938117027283,0.9900543689727783,0.08491404354572296,0.08491404354572296,-0.000998262781649828,0.96923828125,0.23552286624908447,0.001506343949586153
G7,726,9084.630859375,0.2732732892036438,-1896.238525390625,-1896.238525390625,1877.669921875,1911.7979736328125,1956.8359375,1992.0,1992.0,43.863426208496094,-18.563793182373047,0.9803987145423889,0.9214887619018555,0.9900864958763123,0.08464305847883224,0.08464305847883224,-0.000997811439447105,0.9693312048912048,0.23486196994781494,0.0015061988960951567
G7,727,9097.140625,0.2722722887992859,-1896.374755859375,-1896.374755859375,1877.93310546875,1912.0623779296875,1956.8359375,1992.0,1992.0,43.76080322265625,-18.436767578125,0.9804542064666748,0.9215832948684692,0.9901185631752014,0.08436977863311768,0.08436977863311768,-0.0009978233138099313,0.9694239497184753,0.23420408368110657,0.0015135753201320767
G7,728,9109.6513671875,0.271271288394928,-1896.510009765625,-1896.510009765625,1878.195556640625,1912.32958984375,1956.8359375,1992.0,1992.0,43.65861511230469,-18.30967903137207,0.9805094599723816,0.9216774106025696,0.9901504516601562,0.08409854769706726,0.08409854769706726,-0.0009974405402317643,0.9695160984992981,0.23354925215244293,0.0015219287015497684
G7,729,9122.162109375,0.27027028799057007,-1896.6446533203125,-1896.6446533203125,1878.4564208984375,1912.5908203125,1956.8359375,1992.0,1992.0,43.556854248046875,-18.183473587036133,0.9805644750595093,0.9217709898948669,0.990182101726532,0.08382512629032135,0.08382512629032135,-0.0009974039858207107,0.9696083068847656,0.23289740085601807,0.0015264259418472648
G7,730,9134.6728515625,0.26926928758621216,-1896.778564453125,-1896.778564453125,1878.716552734375,1912.85595703125,1956.8359375,1992.0,1992.0,43.45552062988281,-18.057228088378906,0.9806192517280579,0.9218641519546509,0.9902135729789734,0.08355344831943512,0.08355344831943512,-0.0009971188846975565,0.9696996808052063,0.23224855959415436,0.00152739102486521
G7,731,9147.18359375,0.26826828718185425,-1896.91162109375,-1896.91162109375,1878.97509765625,1913.115478515625,1956.8359375,1992.0,1992.0,43.35460662841797,-17.931793212890625,0.9806736707687378,0.9219568371772766,0.9902448654174805,0.08328016102313995,0.08328016102313995,-0.0009970200480893254,0.9697909355163574,0.23160265386104584,0.0015295289922505617
G7,732,9159.693359375,0.26726728677749634,-1897.0439453125,-1897.0439453125,1879.23291015625,1913.376708984375,1956.8359375,1992.0,1992.0,43.254119873046875,-17.80644989013672,0.9807279706001282,0.9220491051673889,0.9902760982513428,0.08300761133432388,0.08300761133432388,-0.0009968143422156572,0.9698817729949951,0.23095974326133728,0.00153250340372324
G7,733,9172.2041015625,0.2662662863731384,-1897.1756591796875,-1897.1756591796875,1879.4892578125,1913.635986328125,1956.8359375,1992.0,1992.0,43.15404510498047,-17.68170166015625,0.9807818531990051,0.922140896320343,0.990307092666626,0.08273489028215408,0.08273489028215408,-0.0009966726647689939,0.9699723124504089,0.23031972348690033,0.0015345816500484943
G7,734,9184.71484375,0.2652652859687805,-1897.3065185546875,-1897.3065185546875,1879.74462890625,1913.892578125,1956.8359375,1992.0,1992.0,43.05438995361328,-17.557353973388672,0.9808355569839478,0.9222323298454285,0.9903379678726196,0.0824611485004425,0.0824611485004425,-0.0009965222561731935,0.9700624346733093,0.22968263924121857,0.0015304600819945335
G7,735,9197.2255859375,0.2642642855644226,-1897.436767578125,-1897.436767578125,1879.9989013671875,1914.15185546875,1956.8359375,1992.0,1992.0,42.95514678955078,-17.4332275390625,0.980889081954956,0.9223232269287109,0.9903685450553894,0.08218901604413986,0.08218901604413986,-0.0009963539196178317,0.9701521992683411,0.22904843091964722,0.0015171203995123506
G7,736,9209.7353515625,0.2632632851600647,-1897.56640625,-1897.56640625,1880.2518310546875,1914.404296875,1956.8359375,1992.0,1992.0,42.85631561279297,-17.30988311767578,0.9809421896934509,0.9224137663841248,0.9903990626335144,0.08191430568695068,0.08191430568695068,-0.0009962290059775114,0.9702416658401489,0.22841711342334747,0.0014981160638853908
G7,737,9222.24609375,0.2622622847557068,-1897.6951904296875,-1897.6951904296875,1880.504150390625,1914.66259765625,1956.8359375,1992.0,1992.0,42.75788879394531,-17.18642807006836,0.9809951782226562,0.9225037693977356,0.9904294013977051,0.08164235949516296,0.08164235949516296,-0.0009960546158254147,0.9703307747840881,0.22778862714767456,0.0014796851901337504
G7,738,9234.7568359375,0.2612612843513489,-1897.8233642578125,-1897.8233642578125,1880.7547607421875,1914.91259765625,1956.8359375,1992.0,1992.0,42.659873962402344,-17.06399154663086,0.9810478687286377,0.922593355178833,0.9904595613479614,0.08136720210313797,0.08136720210313797,-0.0009959123563021421,0.9704196453094482,0.22716298699378967,0.001469296868890524
G7,739,9247.267578125,0.26026028394699097,-1897.9508056640625,-1897.9508056640625,1881.0048828125,1915.16796875,1956.8359375,1992.0,1992.0,42.562255859375,-16.941322326660156,0.9811003804206848,0.922682523727417,0.9904896020889282,0.081094890832901,0.081094890832901,-0.0009957486763596535,0.9705080986022949,0.22654017806053162,0.0014635425759479403
G7,740,9259.77734375,0.25925928354263306,-1898.07763671875,-1898.07763671875,1881.2532958984375,1915.4169921875,1956.8359375,1992.0,1992.0,42.46504211425781,-16.819683074951172,0.9811525344848633,0.9227712750434875,0.9905194044113159,0.08081979304552078,0.08081979304552078,-0.0009955785935744643,0.9705963134765625,0.22592014074325562,0.0014585875906050205
G7,741,9272.2880859375,0.25825828313827515,-1898.20361328125,-1898.20361328125,1881.5010986328125,1915.6685791015625,1956.8359375,1992.0,1992.0,42.36822509765625,-16.697906494140625,0.9812045097351074,0.9228595495223999,0.9905491471290588,0.08054669201374054,0.08054669201374054,-0.0009953889530152082,0.9706840515136719,0.22530291974544525,0.0014479722594842315
G7,742,9284.798828125,0.25725728273391724,-1898.3291015625,-1898.3291015625,1881.74755859375,1915.9169921875,1956.8359375,1992.0,1992.0,42.27180480957031,-16.57697868347168,0.9812562465667725,0.9229474067687988,0.9905787110328674,0.08027192950248718,0.08027192950248718,-0.0009952066466212273,0.9707714915275574,0.22468844056129456,0.0014360137283802032
G7,743,9297.3095703125,0.2562562823295593,-1898.453857421875,-1898.453857421875,1881.9930419921875,1916.1649169921875,1956.8359375,1992.0,1992.0,42.175777435302734,-16.45615005493164,0.9813076853752136,0.9230348467826843,0.9906080961227417,0.07999803125858307,0.07999803125858307,-0.00099497614428401,0.9708585739135742,0.22407671809196472,0.0014259677845984697
G7,744,9309.8193359375,0.2552552819252014,-1898.5780029296875,-1898.5780029296875,1882.237548828125,1916.412353515625,1956.8359375,1992.0,1992.0,42.08013916015625,-16.3359375,0.9813589453697205,0.9231218695640564,0.9906373620033264,0.07972334325313568,0.07972334325313568,-0.0009947288781404495,0.9709453582763672,0.22346770763397217,0.001421832013875246
G7,745,9322.330078125,0.2542542815208435,-1898.701416015625,-1898.701416015625,1882.4808349609375,1916.657470703125,1956.8359375,1992.0,1992.0,41.984893798828125,-16.21600341796875,0.9814099073410034,0.923208475112915,0.9906664490699768,0.07944901287555695,0.07944901287555695,-0.0009944759076461196,0.9710317850112915,0.2228614240884781,0.0014211958041414618
G7,746,9334.8408203125,0.2532532811164856,-1898.82421875,-1898.82421875,1882.7230224609375,1916.9029541015625,1956.8359375,1992.0,1992.0,41.89002990722656,-16.096580505371094,0.9814606308937073,0.9232946038246155,0.9906953573226929,0.07917415350675583,0.07917415350675583,-0.000994114438071847,0.9711178541183472,0.2222578376531601,0.0014220066368579865
G7,747,9347.3515625,0.2522522807121277,-1898.9462890625,-1898.9462890625,1882.96435546875,1917.14599609375,1956.8359375,1992.0,1992.0,41.79555892944336,-15.977489471435547,0.981511116027832,0.9233803153038025,0.9907241463661194,0.07889948785305023,0.07889948785305023,-0.0009937981376424432,0.9712038040161133,0.2216569185256958,0.0014216528506949544
G7,748,9359.861328125,0.2512512803077698,-1899.06787109375,-1899.06787109375,1883.20458984375,1917.38916015625,1956.8359375,1992.0,1992.0,41.70146179199219,-15.858877182006836,0.9815614223480225,0.9234655499458313,0.9907528162002563,0.07862446457147598,0.07862446457147598,-0.0009932935936376452,0.9712895154953003,0.221058651804924,0.0014226088533177972
G7,749,9372.3720703125,0.25025027990341187,-1899.188720703125,-1899.188720703125,1883.4437255859375,1917.630615234375,1956.8359375,1992.0,1992.0,41.60774612426758,-15.74063491821289,0.981611430644989,0.9235504865646362,0.9907812476158142,0.07834941148757935,0.07834941148757935,-0.0009928166400641203,0.9713749289512634,0.22046305239200592,0.0014259855961427093
G7,750,9384.8828125,0.24924927949905396,-1899.30908203125,-1899.30908203125,1883.681884765625,1917.87109375,1956.8359375,1992.0,1992.0,41.514408111572266,-15.622828483581543,0.9816612601280212,0.9236348867416382,0.9908095598220825,0.07807426154613495,0.07807426154613495,-0.000992115237750113,0.9714601039886475,0.21987006068229675,0.001432994962669909
G7,751,9397.3935546875,0.24824827909469604,-1899.4287109375,-1899.4287109375,1883.9189453125,1918.11083984375,1956.8359375,1992.0,1992.0,41.421443939208984,-15.505440711975098,0.9817109704017639,0.9237188696861267,0.9908377528190613,0.07779884338378906,0.07779884338378906,-0.0009913393296301365,0.9715451002120972,0.2192796915769577,0.001440906897187233
G7,752,9409.904296875,0.24724727869033813,-1899.5478515625,-1899.5478515625,1884.1549072265625,1918.3487548828125,1956.8359375,1992.0,1992.0,41.328857421875,-15.388442039489746,0.9817602038383484,0.9238026142120361,0.9908658862113953,0.07752348482608795,0.07752348482608795,-0.0009903862373903394,0.9716296195983887,0.21869191527366638,0.0014474440831691027
G7,753,9422.4140625,0.24624627828598022,-1899.666259765625,-1899.666259765625,1884.389892578125,1918.5870361328125,1956.8359375,1992.0,1992.0,41.23663330078125,-15.271897315979004,0.9818093776702881,0.923885703086853,0.9908937215805054,0.07724776118993759,0.07724776118993759,-0.000989286694675684,0.9717140793800354,0.2181067168712616,0.0014512254856526852
G7,754,9434.9248046875,0.24524527788162231,-1899.7840576171875,-1899.7840576171875,1884.6240234375,1918.8221435546875,1956.8359375,1992.0,1992.0,41.14478302001953,-15.155718803405762,0.9818583726882935,0.9239685535430908,0.9909214377403259,0.07697198539972305,0.07697198539972305,-0.0009881731821224093,0.9717980623245239,0.21752409636974335,0.0014551664935424924
G7,755,9447.435546875,0.2442442774772644,-1899.9013671875,-1899.9013671875,1884.85693359375,1919.059326171875,1956.8359375,1992.0,1992.0,41.05329895019531,-15.0399751663208,0.9819070100784302,0.9240509271621704,0.9909490942955017,0.07669620960950851,0.07669620960950851,-0.0009869070490822196,0.9718818664550781,0.21694400906562805,0.0014641796005889773
G7,756,9459.9462890625,0.2432432770729065,-1900.01806640625,-1900.01806640625,1885.0889892578125,1919.2913818359375,1956.8359375,1992.0,1992.0,40.96217346191406,-14.92466926574707,0.9819554686546326,0.9241328239440918,0.9909765720367432,0.07641960680484772,0.07641960680484772,-0.0009857143741101027,0.9719653129577637,0.2163664698600769,0.0014824994141235948
G7,757,9472.4560546875,0.24224227666854858,-1900.1341552734375,-1900.1341552734375,1885.320068359375,1919.527587890625,1956.8359375,1992.0,1992.0,40.87141418457031,-14.809648513793945,0.9820037484169006,0.9242144227027893,0.9910038709640503,0.07614412903785706,0.07614412903785706,-0.0009843711741268635,0.9720484018325806,0.21579144895076752,0.0015131013933569193
G7,758,9484.966796875,0.24124127626419067,-1900.2496337890625,-1900.2496337890625,1885.550048828125,1919.756591796875,1956.8359375,1992.0,1992.0,40.78102111816406,-14.69528579711914,0.9820517301559448,0.9242955446243286,0.9910311698913574,0.07586643099784851,0.07586643099784851,-0.0009831060888245702,0.9721313118934631,0.2152189165353775,0.0015567955560982227
G7,759,9497.4775390625,0.24024027585983276,-1900.3646240234375,-1900.3646240234375,1885.7794189453125,1919.9913330078125,1956.8359375,1992.0,1992.0,40.690975189208984,-14.580938339233398,0.9820995926856995,0.9243762493133545,0.9910582304000854,0.07559134811162949,0.07559134811162949,-0.0009817364625632763,0.9722135663032532,0.21464890241622925,0.001618735957890749
G7,760,9509.98828125,0.23923927545547485,-1900.47900390625,-1900.47900390625,1886.0072021484375,1920.218505859375,1956.8359375,1992.0,1992.0,40.601287841796875,-14.467535018920898,0.982147216796875,0.9244565963745117,0.9910851120948792,0.07531267404556274,0.07531267404556274,-0.00098042085301131,0.9722958207130432,0.2140813171863556,0.001698973006568849
G7,761,9522.498046875,0.23823827505111694,-1900.593017578125,-1900.593017578125,1886.2347412109375,1920.45068359375,1956.8359375,1992.0,1992.0,40.51195526123047,-14.353890419006348,0.9821944832801819,0.9245364665985107,0.9911119341850281,0.07503753155469894,0.07503753155469894,-0.0009790456388145685,0.9723774790763855,0.2135162204504013,0.0018017838010564446
G7,762,9535.0087890625,0.23723727464675903,-1900.7061767578125,-1900.7061767578125,1886.4605712890625,1920.6767578125,1956.8359375,1992.0,1992.0,40.4229736328125,-14.24135971069336,0.9822417497634888,0.9246159791946411,0.9911385178565979,0.07475864887237549,0.07475864887237549,-0.0009777155937626958,0.9724588394165039,0.21295355260372162,0.0019174445187672973
G7,763,9547.51953125,0.23623627424240112,-1900.8189697265625,-1900.8189697265625,1886.686279296875,1920.90576171875,1956.8359375,1992.0,1992.0,40.33434295654297,-14.128564834594727,0.982288658618927,0.9246950745582581,0.9911651015281677,0.07448248565196991,0.07448248565196991,-0.0009763452690094709,0.9725399017333984,0.21239332854747772,0.0020472800824791193
G7,764,9560.0302734375,0.2352352738380432,-1900.9312744140625,-1900.9312744140625,1886.9102783203125,1921.131103515625,1956.8359375,1992.0,1992.0,40.246055603027344,-14.016727447509766,0.9823353886604309,0.9247737526893616,0.9911914467811584,0.07420428097248077,0.07420428097248077,-0.0009750436875037849,0.9726205468177795,0.21183548867702484,0.0021812014747411013
G7,765,9572.5400390625,0.2342342734336853,-1901.04296875,-1901.04296875,1887.1337890625,1921.357177734375,1956.8359375,1992.0,1992.0,40.158119201660156,-13.904949188232422,0.9823819398880005,0.9248520731925964,0.9912176728248596,0.0739266648888588,0.0739266648888588,-0.0009736866340972483,0.9727007746696472,0.21128009259700775,0.0023196220863610506
G7,766,9585.05078125,0.2332332730293274,-1901.154052734375,-1901.154052734375,1887.356201171875,1921.5810546875,1956.8359375,1992.0,1992.0,40.070518493652344,-13.793725967407227,0.982428252696991,0.9249299764633179,0.991243839263916,0.07364898175001144,0.07364898175001144,-0.0009724620613269508,0.9727806448936462,0.2107270359992981,0.0024563223123550415
G7,767,9597.5615234375,0.23223227262496948,-1901.264892578125,-1901.264892578125,1887.57763671875,1921.805419921875,1956.8359375,1992.0,1992.0,39.98326873779297,-13.68293571472168,0.9824744462966919,0.9250074625015259,0.9912698268890381,0.0733705461025238,0.0733705461025238,-0.0009711412712931633,0.9728602170944214,0.21017634868621826,0.002587519818916917
G7,768,9610.072265625,0.2312312126159668,-1901.375,-1901.375,1887.79833984375,1922.0267333984375,1956.8359375,1992.0,1992.0,39.89634704589844,-13.572447776794434,0.9825204014778137,0.9250845909118652,0.9912983775138855,0.07309267669916153,0.07309267669916153,-0.0009700087830424309,0.9729394912719727,0.20962801575660706,0.0027085617184638977
G7,769,9622.5830078125,0.2302302122116089,-1901.484619140625,-1901.484619140625,1888.017822265625,1922.249755859375,1956.8359375,1992.0,1992.0,39.80977249145508,-13.46251392364502,0.9825660586357117,0.9251613020896912,0.991327702999115,0.07281413674354553,0.07281413674354553,-0.0009688017307780683,0.973018229007721,0.20908202230930328,0.0028137387707829475
G7,770,9635.0927734375,0.22922921180725098,-1901.5936279296875,-1901.5936279296875,1888.236572265625,1922.46875,1956.8359375,1992.0,1992.0,39.72352600097656,-13.352901458740234,0.9826115965843201,0.9252376556396484,0.9913568496704102,0.07253563404083252,0.07253563404083252,-0.0009677609778009355,0.9730966687202454,0.20853835344314575,0.0028985480312258005
G7,771,9647.603515625,0.22822821140289307,-1901.7022705078125,-1901.7022705078125,1888.454345703125,1922.68994140625,1956.8359375,1992.0,1992.0,39.63761901855469,-13.243741989135742,0.9826568961143494,0.9253134727478027,0.991385817527771,0.07225751876831055,0.07225751876831055,-0.0009666546829976141,0.9731747508049011,0.20799697935581207,0.002958115190267563
G7,772,9660.1142578125,0.22722721099853516,-1901.810302734375,-1901.810302734375,1888.671142578125,1922.9075927734375,1956.84375,1992.0,1992.0,39.552040100097656,-13.135099411010742,0.9827020168304443,0.9253890514373779,0.9914146065711975,0.07197809964418411,0.07197809964418411,-0.0009657375048846006,0.9732527136802673,0.20745790004730225,0.0029988428577780724
G7,773,9672.625,0.22622621059417725,-1901.91796875,-1901.91796875,1888.88720703125,1923.1258544921875,1956.84375,1992.0,1992.0,39.466793060302734,-13.026666641235352,0.9827468395233154,0.9254641532897949,0.9914433360099792,0.07170040160417557,0.07170040160417557,-0.0009647560655139387,0.9733309745788574,0.20692110061645508,0.0030170471873134375
G7,774,9685.134765625,0.22522521018981934,-1902.02490234375,-1902.02490234375,1889.101806640625,1923.3427734375,1956.84375,1992.0,1992.0,39.381874084472656,-12.918990135192871,0.9827917218208313,0.9255388975143433,0.9914718270301819,0.07142027467489243,0.07142027467489243,-0.0009638604242354631,0.973409116268158,0.20638655126094818,0.0030177526641637087
G7,775,9697.6455078125,0.22422420978546143,-1902.131591796875,-1902.131591796875,1889.316162109375,1923.558349609375,1956.84375,1992.0,1992.0,39.29727554321289,-12.811325073242188,0.982836127281189,0.925613284111023,0.9915001392364502,0.07114279270172119,0.07114279270172119,-0.0009630117565393448,0.973486602306366,0.20585429668426514,0.0029972807969897985
G7,776,9710.15625,0.22322320938110352,-1902.2376708984375,-1902.2376708984375,1889.529052734375,1923.773681640625,1956.84375,1992.0,1992.0,39.21300506591797,-12.704578399658203,0.9828805327415466,0.9256871938705444,0.9915282726287842,0.07086195051670074,0.07086195051670074,-0.0009621958015486598,0.9735640287399292,0.2053242176771164,0.002962617902085185
G7,777,9722.6669921875,0.2222222089767456,-1902.34326171875,-1902.34326171875,1889.741455078125,1923.9876708984375,1956.84375,1992.0,1992.0,39.129058837890625,-12.597681045532227,0.9829246401786804,0.9257608652114868,0.9915562868118286,0.07058466225862503,0.07058466225862503,-0.0009613384609110653,0.9736408591270447,0.2047964185476303,0.0029166382737457752
G7,778,9735.1767578125,0.2212212085723877,-1902.4482421875,-1902.4482421875,1889.9525146484375,1924.200439453125,1956.84375,1992.0,1992.0,39.04542922973633,-12.491859436035156,0.9829685688018799,0.9258340001106262,0.991584062576294,0.07030345499515533,0.07030345499515533,-0.000960657256655395,0.9737176299095154,0.20427079498767853,0.0028579432982951403
G7,779,9747.6875,0.22022020816802979,-1902.552978515625,-1902.552978515625,1890.1632080078125,1924.41357421875,1956.84375,1992.0,1992.0,38.962120056152344,-12.385793685913086,0.983012318611145,0.925906777381897,0.9916118383407593,0.0700257197022438,0.0700257197022438,-0.0009598161559551954,0.9737939238548279,0.20374740660190582,0.0027892382349818945
G7,780,9760.1982421875,0.21921920776367188,-1902.6572265625,-1902.6572265625,1890.372314453125,1924.623779296875,1956.84375,1992.0,1992.0,38.879127502441406,-12.280787467956543,0.9830559492111206,0.9259792566299438,0.9916394352912903,0.06974487006664276,0.06974487006664276,-0.000959225872065872,0.9738699793815613,0.20322614908218384,0.0027100136503577232
G7,781,9772.708984375,0.21821820735931396,-1902.7608642578125,-1902.7608642578125,1890.5811767578125,1924.835693359375,1956.84375,1992.0,1992.0,38.79644775390625,-12.175680160522461,0.9830992817878723,0.9260513186454773,0.9916667342185974,0.06946612149477005,0.06946612149477005,-0.0009584352374076843,0.9739456176757812,0.20270709693431854,0.002618520986288786
G7,782,9785.21875,0.21721720695495605,-1902.864013671875,-1902.864013671875,1890.788818359375,1925.0438232421875,1956.84375,1992.0,1992.0,38.71408462524414,-12.071390151977539,0.9831423759460449,0.9261229634284973,0.991693913936615,0.06918621063232422,0.06918621063232422,-0.0009579050238244236,0.9740208387374878,0.20219019055366516,0.0025248508900403976
G7,783,9797.7294921875,0.21621620655059814,-1902.966796875,-1902.966796875,1890.9954833984375,1925.2537841796875,1956.84375,1992.0,1992.0,38.63203048706055,-11.967344284057617,0.9831854104995728,0.9261942505836487,0.9917210340499878,0.06890596449375153,0.06890596449375153,-0.0009572377311997116,0.9740960001945496,0.2016754299402237,0.0024257092736661434
G7,784,9810.240234375,0.21521520614624023,-1903.0689697265625,-1903.0689697265625,1891.201416015625,1925.46044921875,1956.84375,1992.0,1992.0,38.55028533935547,-11.863689422607422,0.9832282662391663,0.9262651205062866,0.9917479753494263,0.06862713396549225,0.06862713396549225,-0.0009566977387294173,0.9741705060005188,0.20116280019283295,0.0023259236477315426
G7,785,9822.7509765625,0.21421420574188232,-1903.1708984375,-1903.1708984375,1891.40625,1925.668212890625,1956.84375,1992.0,1992.0,38.46885299682617,-11.760725975036621,0.9832708239555359,0.9263356924057007,0.9917746782302856,0.06834571063518524,0.06834571063518524,-0.0009561384213156998,0.9742449522018433,0.20065228641033173,0.002226745244115591
G7,786,9835.2607421875,0.21321320533752441,-1903.272216796875,-1903.272216796875,1891.610595703125,1925.873291015625,1956.84375,1992.0,1992.0,38.387725830078125,-11.657766342163086,0.983313262462616,0.9264059066772461,0.9918013215065002,0.06806711107492447,0.06806711107492447,-0.000955623050685972,0.9743189811706543,0.20014388859272003,0.0021281607914716005
G7,787,9847.771484375,0.2122122049331665,-1903.373291015625,-1903.373291015625,1891.8134765625,1926.0792236328125,1956.84375,1992.0,1992.0,38.30690002441406,-11.555736541748047,0.9833555221557617,0.9264756441116333,0.9918278455734253,0.06778530776500702,0.06778530776500702,-0.0009551153052598238,0.974392831325531,0.1996375471353531,0.00203510164283216
G7,788,9860.2822265625,0.2112112045288086,-1903.4737548828125,-1903.4737548828125,1892.0162353515625,1926.282958984375,1956.84375,1992.0,1992.0,38.22637939453125,-11.453614234924316,0.9833976626396179,0.9265450239181519,0.991854190826416,0.06750611960887909,0.06750611960887909,-0.0009546123328618705,0.97446608543396,0.19913333654403687,0.001950244652107358
G7,789,9872.79296875,0.21021020412445068,-1903.57373046875,-1903.57373046875,1892.217529296875,1926.48681640625,1956.84375,1992.0,1992.0,38.14616012573242,-11.352381706237793,0.983439564704895,0.9266141057014465,0.9918803572654724,0.06722446531057358,0.06722446531057358,-0.0009541166364215314,0.9745393395423889,0.1986311674118042,0.0018746460555121303
G7,790,9885.3037109375,0.20920920372009277,-1903.67333984375,-1903.67333984375,1892.4183349609375,1926.68896484375,1956.84375,1992.0,1992.0,38.06623840332031,-11.251181602478027,0.9834812879562378,0.926682710647583,0.9919064044952393,0.06694440543651581,0.06694440543651581,-0.0009536901488900185,0.9746121168136597,0.19813106954097748,0.0018056218978017569
G7,791,9897.8134765625,0.20820820331573486,-1903.7724609375,-1903.7724609375,1892.617919921875,1926.890869140625,1956.84375,1992.0,1992.0,37.98661804199219,-11.150699615478516,0.9835227727890015,0.9267510175704956,0.9919323325157166,0.06666282564401627,0.06666282564401627,-0.0009531648829579353,0.9746847152709961,0.19763299822807312,0.00174148625228554
G7,792,9910.32421875,0.20720720291137695,-1903.8712158203125,-1903.8712158203125,1892.8170166015625,1927.091552734375,1956.84375,1992.0,1992.0,37.90728759765625,-11.050413131713867,0.9835641384124756,0.9268189668655396,0.9919581413269043,0.06638240069150925,0.06638240069150925,-0.0009528120281174779,0.9747568964958191,0.19713696837425232,0.001683707581833005
G7,793,9922.8349609375,0.20620620250701904,-1903.969482421875,-1903.969482421875,1893.014892578125,1927.2913818359375,1956.84375,1992.0,1992.0,37.8282585144043,-10.950769424438477,0.9836053252220154,0.9268864393234253,0.9919837117195129,0.06610040366649628,0.06610040366649628,-0.0009523154585622251,0.9748288989067078,0.19664296507835388,0.0016355792758986354
G7,794,9935.345703125,0.20520520210266113,-1904.0675048828125,-1904.0675048828125,1893.21240234375,1927.490234375,1956.84375,1992.0,1992.0,37.7495231628418,-10.851317405700684,0.9836463928222656,0.9269536733627319,0.9920092821121216,0.06582006067037582,0.06582006067037582,-0.0009520248859189451,0.9749005436897278,0.1961509883403778,0.0015933274989947677
G7,795,9947.85546875,0.20420420169830322,-1904.1650390625,-1904.1650390625,1893.4085693359375,1927.6888427734375,1956.84375,1992.0,1992.0,37.67107391357422,-10.752586364746094,0.9836872816085815,0.9270205497741699,0.9920346140861511,0.06553748995065689,0.06553748995065689,-0.000951557420194149,0.9749719500541687,0.19566096365451813,0.0015544234775006771
G7,796,9960.3662109375,0.2032032012939453,-1904.2620849609375,-1904.2620849609375,1893.604248046875,1927.885498046875,1956.84375,1992.0,1992.0,37.592918395996094,-10.653942108154297,0.9837278723716736,0.9270869493484497,0.9920598268508911,0.06525733321905136,0.06525733321905136,-0.0009513155091553926,0.9750429391860962,0.19517295062541962,0.0015188985271379352
G7,797,9972.876953125,0.2022022008895874,-1904.35888671875,-1904.35888671875,1893.798828125,1928.0833740234375,1956.84375,1992.0,1992.0,37.515052795410156,-10.55614185333252,0.9837684631347656,0.9271530508995056,0.992084801197052,0.06497421860694885,0.06497421860694885,-0.0009509102092124522,0.9751138091087341,0.1946869045495987,0.0014907714212313294
G7,798,9985.3876953125,0.2012012004852295,-1904.455078125,-1904.455078125,1893.992919921875,1928.27734375,1956.84375,1992.0,1992.0,37.437469482421875,-10.458312034606934,0.983808696269989,0.9272187948226929,0.9921098351478577,0.06469400972127914,0.06469400972127914,-0.0009506723145022988,0.9751841425895691,0.19420284032821655,0.0014704889617860317
G7,799,9997.8974609375,0.20020020008087158,-1904.5509033203125,-1904.5509033203125,1894.185791015625,1928.4739990234375,1956.84375,1992.0,1992.0,37.360172271728516,-10.36140251159668,0.9838489294052124,0.9272841215133667,0.9921345710754395,0.0644107386469841,0.0644107386469841,-0.00095033657271415,0.975254476070404,0.19372069835662842,0.0014578072587028146
G7,800,10010.408203125,0.19919919967651367,-1904.646484375,-1904.646484375,1894.378173828125,1928.6663818359375,1956.84375,1992.0,1992.0,37.283164978027344,-10.264453887939453,0.9838889241218567,0.9273492097854614,0.992159366607666,0.06412997841835022,0.06412997841835022,-0.0009500792948529124,0.9753243327140808,0.19324052333831787,0.001448612893000245
G7,801,10022.9189453125,0.19819819927215576,-1904.741455078125,-1904.741455078125,1894.5694580078125,1928.861083984375,1956.84375,1992.0,1992.0,37.20642852783203,-10.168356895446777,0.9839287400245667,0.927413821220398,0.9921838641166687,0.06384707987308502,0.06384707987308502,-0.0009498306317254901,0.9753940105438232,0.19276225566864014,0.0014419680228456855
G7,802,10035.4296875,0.19719719886779785,-1904.836181640625,-1904.836181640625,1894.7601318359375,1929.0521240234375,1956.84375,1992.0,1992.0,37.12998580932617,-10.072372436523438,0.9839683175086975,0.9274780750274658,0.9922083020210266,0.06356525421142578,0.06356525421142578,-0.0009495509439148009,0.975463330745697,0.1922859251499176,0.0014358705375343561
G7,803,10047.939453125,0.19619619846343994,-1904.930419921875,-1904.930419921875,1894.9498291015625,1929.244873046875,1956.84375,1992.0,1992.0,37.053810119628906,-9.977010726928711,0.9840078353881836,0.927541971206665,0.9922325611114502,0.06328315287828445,0.06328315287828445,-0.000949349079746753,0.9755323529243469,0.19181150197982788,0.0014322977513074875
G7,804,10060.4501953125,0.19519519805908203,-1905.0244140625,-1905.0244140625,1895.138671875,1929.4345703125,1956.84375,1992.0,1992.0,36.97792053222656,-9.882054328918457,0.9840472340583801,0.9276055693626404,0.992256760597229,0.0630001574754715,0.0630001574754715,-0.0009491074597463012,0.9756011962890625,0.19133897125720978,0.0014334709849208593
G7,805,10072.9609375,0.19419419765472412,-1905.1181640625,-1905.1181640625,1895.3270263671875,1929.625244140625,1956.84375,1992.0,1992.0,36.902305603027344,-9.7874116897583,0.9840864539146423,0.9276687502861023,0.9922806620597839,0.06271852552890778,0.06271852552890778,-0.0009489020449109375,0.9756696224212646,0.1908683180809021,0.001437883242033422
G7,806,10085.4716796875,0.1931931972503662,-1905.2113037109375,-1905.2113037109375,1895.51416015625,1929.813720703125,1956.84375,1992.0,1992.0,36.826961517333984,-9.69343376159668,0.9841253161430359,0.9277316331863403,0.9923046231269836,0.06243501603603363,0.06243501603603363,-0.0009487090865150094,0.9757378697395325,0.19039955735206604,0.0014429965522140265
G7,807,10097.9814453125,0.1921921968460083,-1905.30419921875,-1905.30419921875,1895.700927734375,1930.0029296875,1956.84375,1992.0,1992.0,36.751895904541016,-9.599618911743164,0.9841642379760742,0.9277941584587097,0.9923283457756042,0.06215297430753708,0.06215297430753708,-0.0009484768961556256,0.9758058190345764,0.1899326741695404,0.001444295747205615
G7,808,10110.4921875,0.1911911964416504,-1905.396728515625,-1905.396728515625,1895.886474609375,1930.189453125,1956.84375,1992.0,1992.0,36.677101135253906,-9.506481170654297,0.9842028617858887,0.9278563261032104,0.9923520684242249,0.061869725584983826,0.061869725584983826,-0.0009483381290920079,0.9758735299110413,0.18946760892868042,0.0014439236838370562
G7,809,10123.0029296875,0.19019019603729248,-1905.48876953125,-1905.48876953125,1896.0716552734375,1930.37744140625,1956.84375,1992.0,1992.0,36.60257339477539,-9.413612365722656,0.9842414855957031,0.9279181361198425,0.9923755526542664,0.06158662587404251,0.06158662587404251,-0.0009480731678195298,0.9759410619735718,0.18900442123413086,0.0014447012217715383
G7,810,10135.513671875,0.18918919563293457,-1905.58056640625,-1905.58056640625,1896.255615234375,1930.561767578125,1956.84375,1992.0,1992.0,36.5283203125,-9.321220397949219,0.9842797517776489,0.9279794692993164,0.9923990368843079,0.061303991824388504,0.061303991824388504,-0.0009479698492214084,0.9760081171989441,0.18854306638240814,0.001450174953788519
G7,811,10148.0244140625,0.18818819522857666,-1905.671875,-1905.671875,1896.4390869140625,1930.7484130859375,1956.84375,1992.0,1992.0,36.45432662963867,-9.229350090026855,0.9843178987503052,0.9280405640602112,0.9924222826957703,0.06101982295513153,0.06101982295513153,-0.0009476932464167476,0.9760750532150269,0.18808351457118988,0.0014574313536286354
G7,812,10160.5341796875,0.18718719482421875,-1905.7630615234375,-1905.7630615234375,1896.621826171875,1930.9312744140625,1956.84375,1992.0,1992.0,36.3806037902832,-9.137702941894531,0.9843560457229614,0.9281013607978821,0.9924454092979431,0.06073746457695961,0.06073746457695961,-0.0009476227569393814,0.976141631603241,0.18762581050395966,0.001459312392398715
G7,813,10173.044921875,0.18618619441986084,-1905.853759765625,-1905.853759765625,1896.803466796875,1931.1160888671875,1956.84375,1992.0,1992.0,36.30714797973633,-9.046782493591309,0.9843938946723938,0.9281617403030396,0.992468535900116,0.0604529082775116,0.0604529082775116,-0.0009473323007114232,0.9762080311775208,0.1871698796749115,0.001456262543797493
G7,814,10185.5556640625,0.18518519401550293,-1905.9442138671875,-1905.9442138671875,1896.984619140625,1931.2977294921875,1956.84375,1992.0,1992.0,36.233951568603516,-8.955986022949219,0.9844316840171814,0.9282218217849731,0.9924914240837097,0.06017007678747177,0.06017007678747177,-0.0009473023819737136,0.9762740731239319,0.186715766787529,0.0014519847463816404
G7,815,10198.06640625,0.18418419361114502,-1906.0341796875,-1906.0341796875,1897.164794921875,1931.480712890625,1956.84375,1992.0,1992.0,36.16101837158203,-8.865901947021484,0.9844692945480347,0.9282814860343933,0.9925141930580139,0.05988580733537674,0.05988580733537674,-0.0009470003424212337,0.9763399362564087,0.18626342713832855,0.0014524201396852732
G7,816,10210.576171875,0.1831831932067871,-1906.1240234375,-1906.1240234375,1897.344482421875,1931.660888671875,1956.84375,1992.0,1992.0,36.08834457397461,-8.776058197021484,0.9845067262649536,0.9283407926559448,0.9925368428230286,0.05960211157798767,0.05960211157798767,-0.0009470093646086752,0.9764054417610168,0.18581287562847137,0.0014555801171809435
G7,817,10223.0869140625,0.1821821928024292,-1906.2135009765625,-1906.2135009765625,1897.523193359375,1931.8426513671875,1956.84375,1992.0,1992.0,36.015933990478516,-8.686755180358887,0.9845439791679382,0.9283998608589172,0.992559552192688,0.05931815505027771,0.05931815505027771,-0.0009466998162679374,0.9764707684516907,0.18536406755447388,0.0014583715237677097
G7,818,10235.59765625,0.1811811923980713,-1906.302490234375,-1906.302490234375,1897.7010498046875,1932.020751953125,1956.84375,1992.0,1992.0,35.94377899169922,-8.597867012023926,0.9845811128616333,0.9284584522247314,0.9925819635391235,0.05903392657637596,0.05903392657637596,-0.0009467296185903251,0.9765357971191406,0.18491701781749725,0.0014593459200114012
G7,819,10248.1083984375,0.18018019199371338,-1906.3912353515625,-1906.3912353515625,1897.87841796875,1932.2012939453125,1956.84375,1992.0,1992.0,35.87187957763672,-8.509395599365234,0.9846181273460388,0.9285168051719666,0.9926042556762695,0.05874968692660332,0.05874968692660332,-0.0009464368922635913,0.9766005277633667,0.1844717264175415,0.0014592031948268414
G7,820,10260.6181640625,0.17917919158935547,-1906.479736328125,-1906.479736328125,1898.0548095703125,1932.377685546875,1956.84375,1992.0,1992.0,35.80023193359375,-8.421378135681152,0.9846549034118652,0.928574800491333,0.9926264882087708,0.058465514332056046,0.058465514332056046,-0.0009464515605941415,0.9766650199890137,0.18402814865112305,0.0014603490708395839
G7,821,10273.12890625,0.17817819118499756,-1906.56787109375,-1906.56787109375,1898.23046875,1932.5565185546875,1956.84375,1992.0,1992.0,35.728843688964844,-8.333824157714844,0.9846916198730469,0.9286324381828308,0.9926486611366272,0.05818063020706177,0.05818063020706177,-0.0009461992303840816,0.9767292737960815,0.18358631432056427,0.001463809167034924
G7,822,10285.6396484375,0.17717719078063965,-1906.6556396484375,-1906.6556396484375,1898.405517578125,1932.7318115234375,1956.84375,1992.0,1992.0,35.65770721435547,-8.246624946594238,0.9847280383110046,0.92868971824646,0.9926706552505493,0.05789651349186897,0.05789651349186897,-0.0009461801964789629,0.9767932891845703,0.18314619362354279,0.0014686331851407886
G7,823,10298.150390625,0.17617619037628174,-1906.7431640625,-1906.7431640625,1898.5797119140625,1932.90869140625,1956.84375,1992.0,1992.0,35.586822509765625,-8.159990310668945,0.9847645163536072,0.9287466406822205,0.9926925897598267,0.057611316442489624,0.057611316442489624,-0.0009459755965508521,0.9768568277359009,0.1827077865600586,0.0014749441761523485
G7,824,10310.66015625,0.17517518997192383,-1906.830322265625,-1906.830322265625,1898.753173828125,1933.0830078125,1956.84375,1992.0,1992.0,35.51618194580078,-8.07365894317627,0.9848006963729858,0.9288032054901123,0.9927143454551697,0.05732671543955803,0.05732671543955803,-0.0009459179709665477,0.9769203662872314,0.1822710633277893,0.0014785629464313388
G7,825,10323.1708984375,0.17417418956756592,-1906.917236328125,-1906.917236328125,1898.92578125,1933.2576904296875,1956.84375,1992.0,1992.0,35.44579315185547,-7.98786735534668,0.9848368763923645,0.9288594722747803,0.9927359819412231,0.05704176798462868,0.05704176798462868,-0.0009457574342377484,0.9769834876060486,0.18183603882789612,0.0014792975271120667
G7,826,10335.681640625,0.173173189163208,-1907.003662109375,-1907.003662109375,1899.0977783203125,1933.43115234375,1956.84375,1992.0,1992.0,35.37565612792969,-7.902483940124512,0.9848728179931641,0.9289154410362244,0.9927575588226318,0.056756239384412766,0.056756239384412766,-0.0009456623811274767,0.9770464897155762,0.18140268325805664,0.0014747334644198418
G7,827,10348.1923828125,0.1721721887588501,-1907.0899658203125,-1907.0899658203125,1899.26904296875,1933.6041259765625,1956.84375,1992.0,1992.0,35.305763244628906,-7.817477226257324,0.9849085807800293,0.928970992565155,0.9927790760993958,0.05647171288728714,0.05647171288728714,-0.0009455327526666224,0.9771090745925903,0.18097101151943207,0.0014673518016934395
G7,828,10360.703125,0.1711711883544922,-1907.176025390625,-1907.176025390625,1899.439453125,1933.7760009765625,1956.84375,1992.0,1992.0,35.236114501953125,-7.733064651489258,0.9849442839622498,0.9290263652801514,0.9928003549575806,0.056185390800237656,0.056185390800237656,-0.0009454082464799285,0.9771715998649597,0.1805409938097,0.0014619361609220505
G7,829,10373.212890625,0.17017018795013428,-1907.26171875,-1907.26171875,1899.609375,1933.94775390625,1956.84375,1992.0,1992.0,35.16670227050781,-7.648862838745117,0.9849797487258911,0.9290812015533447,0.9928216338157654,0.055900853127241135,0.055900853127241135,-0.0009452957310713828,0.9772337079048157,0.18011263012886047,0.0014620430301874876
G7,830,10385.7236328125,0.16916918754577637,-1907.34716796875,-1907.34716796875,1899.7783203125,1934.11767578125,1956.84375,1992.0,1992.0,35.09754180908203,-7.565361976623535,0.9850151538848877,0.929135799407959,0.9928427934646606,0.055614322423934937,0.055614322423934937,-0.0009451485238969326,0.9772956371307373,0.17968590557575226,0.0014680916210636497
G7,831,10398.234375,0.16816818714141846,-1907.43212890625,-1907.43212890625,1899.94677734375,1934.2884521484375,1956.84375,1992.0,1992.0,35.02861785888672,-7.482048034667969,0.9850503206253052,0.9291900396347046,0.9928638339042664,0.05532916262745857,0.05532916262745857,-0.0009450405486859381,0.9773573279380798,0.17926080524921417,0.0014715322759002447
G7,832,10410.7451171875,0.16716718673706055,-1907.5169677734375,-1907.5169677734375,1900.1142578125,1934.456298828125,1956.84375,1992.0,1992.0,34.959938049316406,-7.39937686920166,0.9850854277610779,0.9292439818382263,0.9928846955299377,0.05504296347498894,0.05504296347498894,-0.0009448827477172017,0.9774187207221985,0.1788373440504074,0.0014680199092254043
G7,833,10423.2548828125,0.16616618633270264,-1907.6015625,-1907.6015625,1900.28125,1934.626220703125,1956.84375,1992.0,1992.0,34.89148712158203,-7.317022800445557,0.9851204752922058,0.9292975068092346,0.9929054975509644,0.05475683882832527,0.05475683882832527,-0.0009447652846574783,0.9774799346923828,0.1784154772758484,0.0014578376431018114
G7,834,10435.765625,0.16516518592834473,-1907.685791015625,-1907.685791015625,1900.4473876953125,1934.7926025390625,1956.84375,1992.0,1992.0,34.823280334472656,-7.235138893127441,0.9851552844047546,0.929350733757019,0.992926299571991,0.05447109043598175,0.05447109043598175,-0.0009446142357774079,0.9775408506393433,0.1779952496290207,0.0014473199844360352
G7,835,10448.2763671875,0.16416418552398682,-1907.769775390625,-1907.769775390625,1900.6126708984375,1934.96044921875,1956.84375,1992.0,1992.0,34.75531005859375,-7.15376091003418,0.9851899743080139,0.9294036626815796,0.9929469227790833,0.054184120148420334,0.054184120148420334,-0.0009444644674658775,0.9776015877723694,0.17757660150527954,0.0014419709332287312
G7,836,10460.787109375,0.1631631851196289,-1907.853515625,-1907.853515625,1900.777587890625,1935.1263427734375,1956.84375,1992.0,1992.0,34.68757629394531,-7.072683811187744,0.9852244257926941,0.9294562935829163,0.9929674863815308,0.053898539394140244,0.053898539394140244,-0.0009443474118597806,0.9776618480682373,0.17715954780578613,0.0014411535812541842
G7,837,10473.296875,0.162162184715271,-1907.93701171875,-1907.93701171875,1900.9415283203125,1935.29150390625,1956.84375,1992.0,1992.0,34.62007141113281,-6.992243766784668,0.985258936882019,0.9295085072517395,0.9929879307746887,0.053611114621162415,0.053611114621162415,-0.0009441464790143073,0.97772216796875,0.17674407362937927,0.0014435285702347755
G7,838,10485.8076171875,0.16116118431091309,-1908.020263671875,-1908.020263671875,1901.1048583984375,1935.45751953125,1956.84375,1992.0,1992.0,34.552799224853516,-6.91202449798584,0.9852930903434753,0.9295605421066284,0.9930081367492676,0.053325287997722626,0.053325287997722626,-0.000944071973208338,0.9777820110321045,0.17633017897605896,0.0014454363845288754
G7,839,10498.318359375,0.16016018390655518,-1908.103271484375,-1908.103271484375,1901.267333984375,1935.61962890625,1956.84375,1992.0,1992.0,34.48576354980469,-6.832470417022705,0.9853273034095764,0.9296121597290039,0.993028461933136,0.05303776636719704,0.05303776636719704,-0.000943824474234134,0.9778417944908142,0.1759178340435028,0.0014476331416517496
G7,840,10510.8291015625,0.15915918350219727,-1908.1859130859375,-1908.1859130859375,1901.429443359375,1935.7855224609375,1956.84375,1992.0,1992.0,34.41895294189453,-6.7531585693359375,0.9853612780570984,0.929663360118866,0.9930485486984253,0.05275137722492218,0.05275137722492218,-0.000943777384236455,0.9779012799263,0.175507053732872,0.0014492969494313002
G7,841,10523.3388671875,0.15815818309783936,-1908.268310546875,-1908.268310546875,1901.590576171875,1935.9454345703125,1956.84375,1992.0,1992.0,34.35237121582031,-6.674449920654297,0.9853951930999756,0.9297143220901489,0.9930685758590698,0.05246402695775032,0.05246402695775032,-0.000943510967772454,0.9779605865478516,0.17509782314300537,0.0014508171007037163
G7,842,10535.849609375,0.15715718269348145,-1908.3504638671875,-1908.3504638671875,1901.751220703125,1936.10986328125,1956.84375,1992.0,1992.0,34.2860221862793,-6.596079349517822,0.9854289293289185,0.9297649264335632,0.9930885434150696,0.05217685550451279,0.05217685550451279,-0.0009434543899260461,0.9780195355415344,0.1746901273727417,0.0014507558662444353
G7,843,10548.3603515625,0.15615618228912354,-1908.432373046875,-1908.432373046875,1901.9110107421875,1936.2691650390625,1956.84375,1992.0,1992.0,34.21989440917969,-6.518191337585449,0.9854625463485718,0.9298152327537537,0.9931082725524902,0.05188986286520958,0.05188986286520958,-0.0009432071237824857,0.978078305721283,0.174283966422081,0.0014486996224150062
G7,844,10560.87109375,0.15515518188476562,-1908.5140380859375,-1908.5140380859375,1902.0699462890625,1936.43115234375,1956.84375,1992.0,1992.0,34.153995513916016,-6.440784931182861,0.9854960441589355,0.9298652410507202,0.9931280612945557,0.05160176753997803,0.05160176753997803,-0.0009431139915250242,0.9781368970870972,0.17387932538986206,0.001448082271963358
G7,845,10573.380859375,0.15415418148040771,-1908.595458984375,-1908.595458984375,1902.228515625,1936.5902099609375,1956.84375,1992.0,1992.0,34.08831787109375,-6.363702774047852,0.9855293035507202,0.9299148917198181,0.9931476712226868,0.05131519213318825,0.05131519213318825,-0.0009429036872461438,0.9781950116157532,0.1734762042760849,0.0014507367741316557
G7,846,10585.8916015625,0.1531531810760498,-1908.676513671875,-1908.676513671875,1902.3861083984375,1936.74951171875,1956.84375,1992.0,1992.0,34.02286911010742,-6.287268161773682,0.9855625629425049,0.9299641847610474,0.9931673407554626,0.05102621391415596,0.05102621391415596,-0.0009427722543478012,0.9782531261444092,0.17307457327842712,0.0014571918873116374
G7,847,10598.40234375,0.1521521806716919,-1908.757568359375,-1908.757568359375,1902.54345703125,1936.9080810546875,1956.84375,1992.0,1992.0,33.9576416015625,-6.211000442504883,0.985595703125,0.9300131797790527,0.9931867122650146,0.05073988437652588,0.05073988437652588,-0.0009425960015505552,0.9783108234405518,0.17267444729804993,0.0014615439577028155
G7,848,10610.9130859375,0.15115118026733398,-1908.838134765625,-1908.838134765625,1902.699462890625,1937.065673828125,1956.84375,1992.0,1992.0,33.89263153076172,-6.135514736175537,0.9856286644935608,0.9300618171691895,0.9932061433792114,0.05045035108923912,0.05045035108923912,-0.000942425976973027,0.9783684611320496,0.1722758263349533,0.0014637877466157079
G7,849,10623.423828125,0.15015017986297607,-1908.918701171875,-1908.918701171875,1902.85546875,1937.222900390625,1956.84375,1992.0,1992.0,33.827842712402344,-6.060103416442871,0.985661506652832,0.9301102161407471,0.9932252764701843,0.05016380175948143,0.05016380175948143,-0.0009422729490324855,0.9784256815910339,0.17187868058681488,0.001463164109736681
G7,850,10635.93359375,0.14914917945861816,-1908.9990234375,-1908.9990234375,1903.01025390625,1937.37939453125,1956.84375,1992.0,1992.0,33.76327133178711,-5.985511779785156,0.985694169998169,0.930158257484436,0.9932445883750916,0.049874257296323776,0.049874257296323776,-0.000942073471378535,0.9784827828407288,0.17148299515247345,0.0014645840274170041
G7,851,10648.4443359375,0.14814817905426025,-1909.0789794921875,-1909.0789794921875,1903.164794921875,1937.5350341796875,1956.84375,1992.0,1992.0,33.69892120361328,-5.911024570465088,0.9857267737388611,0.9302060008049011,0.9932636022567749,0.04958691447973251,0.04958691447973251,-0.0009419430862180889,0.9785395860671997,0.1710887998342514,0.0014657180290669203
G7,852,10660.955078125,0.14714717864990234,-1909.15869140625,-1909.15869140625,1903.318359375,1937.6903076171875,1956.84375,1992.0,1992.0,33.63478469848633,-5.837259769439697,0.9857592582702637,0.9302533268928528,0.9932825565338135,0.049297936260700226,0.049297936260700226,-0.0009417201508767903,0.9785961508750916,0.17069603502750397,0.0014671955723315477
G7,853,10673.4658203125,0.14614617824554443,-1909.23828125,-1909.23828125,1903.4713134765625,1937.8441162109375,1956.84375,1992.0,1992.0,33.570865631103516,-5.763763904571533,0.9857916235923767,0.9303004145622253,0.993301510810852,0.04900932312011719,0.04900932312011719,-0.000941615377087146,0.9786525368690491,0.17030474543571472,0.0014674189733341336
G7,854,10685.9755859375,0.14514517784118652,-1909.317626953125,-1909.317626953125,1903.623779296875,1937.99853515625,1956.84375,1992.0,1992.0,33.50715637207031,-5.690773963928223,0.9858238101005554,0.9303472638130188,0.9933203458786011,0.048721201717853546,0.048721201717853546,-0.0009413812658749521,0.9787086248397827,0.16991488635540009,0.0014675309648737311
G7,855,10698.486328125,0.1441441774368286,-1909.396728515625,-1909.396728515625,1903.7752685546875,1938.15087890625,1956.84375,1992.0,1992.0,33.443668365478516,-5.618302345275879,0.9858558177947998,0.9303936958312988,0.9933390021324158,0.048431336879730225,0.048431336879730225,-0.0009413032094016671,0.9787646532058716,0.16952647268772125,0.0014672428369522095
G7,856,10710.9970703125,0.1431431770324707,-1909.4755859375,-1909.4755859375,1903.9263916015625,1938.303955078125,1956.84375,1992.0,1992.0,33.38039016723633,-5.546092510223389,0.985887885093689,0.930439829826355,0.9933577179908752,0.04814371466636658,0.04814371466636658,-0.0009410761995241046,0.978820264339447,0.16913948953151703,0.0014648395590484142
G7,857,10723.5078125,0.1421421766281128,-1909.5543212890625,-1909.5543212890625,1904.07666015625,1938.454833984375,1956.84375,1992.0,1992.0,33.31732177734375,-5.474601745605469,0.9859197735786438,0.9304855465888977,0.9933763146400452,0.0478532649576664,0.0478532649576664,-0.0009410206112079322,0.9788756966590881,0.16875392198562622,0.001463501830585301
G7,858,10736.017578125,0.14114117622375488,-1909.6328125,-1909.6328125,1904.2264404296875,1938.6064453125,1956.84375,1992.0,1992.0,33.25446701049805,-5.403253555297852,0.9859515428543091,0.9305310249328613,0.9933947920799255,0.0475652739405632,0.0475652739405632,-0.0009408320183865726,0.9789309501647949,0.16836977005004883,0.001462495420128107
G7,859,10748.5283203125,0.14014017581939697,-1909.7109375,-1909.7109375,1904.375244140625,1938.75634765625,1956.84375,1992.0,1992.0,33.19181823730469,-5.332644462585449,0.9859830737113953,0.9305762648582458,0.9934131503105164,0.04727514088153839,0.04727514088153839,-0.0009407873149029911,0.9789859652519226,0.16798701882362366,0.0014654218684881926
G7,860,10761.0390625,0.13913917541503906,-1909.7890625,-1909.7890625,1904.523681640625,1938.90625,1956.84375,1992.0,1992.0,33.12937927246094,-5.262259483337402,0.9860145449638367,0.9306210875511169,0.9934313893318176,0.04698604345321655,0.04698604345321655,-0.0009406805038452148,0.979040801525116,0.1676056683063507,0.0014687461080029607
G7,861,10773.5498046875,0.13813817501068115,-1909.866943359375,-1909.866943359375,1904.67138671875,1939.0550537109375,1956.84375,1992.0,1992.0,33.06714630126953,-5.192453384399414,0.9860458970069885,0.9306656718254089,0.9934496283531189,0.046696633100509644,0.046696633100509644,-0.0009406429599039257,0.9790952801704407,0.16722571849822998,0.0014736027223989367
G7,862,10786.0595703125,0.13713717460632324,-1909.944580078125,-1909.944580078125,1904.818359375,1939.2034912109375,1956.84375,1992.0,1992.0,33.00511932373047,-5.123075485229492,0.9860771894454956,0.9307098388671875,0.9934677481651306,0.046406425535678864,0.046406425535678864,-0.0009406429599039257,0.9791497588157654,0.16684715449810028,0.0014791509602218866
G7,863,10798.5703125,0.13613617420196533,-1910.02197265625,-1910.02197265625,1904.96484375,1939.35107421875,1956.84375,1992.0,1992.0,32.943302154541016,-5.054074287414551,0.9861083030700684,0.930753767490387,0.9934857487678528,0.0461173914372921,0.0461173914372921,-0.0009406235767528415,0.9792038798332214,0.16646996140480042,0.0014855593908578157
G7,864,10811.0810546875,0.13513517379760742,-1910.0992431640625,-1910.0992431640625,1905.1104736328125,1939.4984130859375,1956.84375,1992.0,1992.0,32.881683349609375,-4.985665321350098,0.9861393570899963,0.9307974576950073,0.993503749370575,0.045826610177755356,0.045826610177755356,-0.0009407300967723131,0.9792578816413879,0.16609413921833038,0.0014901523245498538
G7,865,10823.591796875,0.1341341733932495,-1910.1763916015625,-1910.1763916015625,1905.255615234375,1939.644287109375,1956.84375,1992.0,1992.0,32.820274353027344,-4.917531967163086,0.9861701726913452,0.9308407306671143,0.9935216307640076,0.04553740844130516,0.04553740844130516,-0.0009407495963387191,0.9793116450309753,0.16571968793869019,0.001488428097218275
G7,866,10836.1015625,0.1331331729888916,-1910.253173828125,-1910.253173828125,1905.4000244140625,1939.7908935546875,1956.84375,1992.0,1992.0,32.759063720703125,-4.850031852722168,0.9862009882926941,0.9308837056159973,0.9935393929481506,0.045246466994285583,0.045246466994285583,-0.0009409385966137052,0.9793652296066284,0.16534659266471863,0.0014818746130913496
G7,867,10848.6123046875,0.1321321725845337,-1910.329833984375,-1910.329833984375,1905.5439453125,1939.934814453125,1956.84375,1992.0,1992.0,32.69805145263672,-4.782811164855957,0.9862316846847534,0.9309263229370117,0.9935571551322937,0.04495687782764435,0.04495687782764435,-0.0009410289349034429,0.9794185161590576,0.16497483849525452,0.0014734131982550025
G7,868,10861.123046875,0.13113117218017578,-1910.4063720703125,-1910.4063720703125,1905.68701171875,1940.080810546875,1956.84375,1992.0,1992.0,32.637245178222656,-4.716198444366455,0.9862622022628784,0.930968701839447,0.9935746788978577,0.044665832072496414,0.044665832072496414,-0.000941256177611649,0.979471743106842,0.16460444033145905,0.0014691887190565467
G7,869,10873.6337890625,0.13013017177581787,-1910.482666015625,-1910.482666015625,1905.8297119140625,1940.222900390625,1956.84375,1992.0,1992.0,32.576637268066406,-4.649897575378418,0.9862925410270691,0.9310107827186584,0.9935923218727112,0.04437587037682533,0.04437587037682533,-0.0009414349333383143,0.9795246720314026,0.16423536837100983,0.0014703486813232303
G7,870,10886.14453125,0.12912917137145996,-1910.5587158203125,-1910.5587158203125,1905.971435546875,1940.36767578125,1956.84375,1992.0,1992.0,32.5162239074707,-4.584175109863281,0.9863229393959045,0.9310525059700012,0.9936097860336304,0.04408470168709755,0.04408470168709755,-0.0009416560642421246,0.9795774817466736,0.16386762261390686,0.0014756418531760573
G7,871,10898.654296875,0.12812811136245728,-1910.6346435546875,-1910.6346435546875,1906.11279296875,1940.5086669921875,1956.84375,1992.0,1992.0,32.45601272583008,-4.518791198730469,0.9863532185554504,0.9310939311981201,0.9936271905899048,0.04379429668188095,0.04379429668188095,-0.0009419135749340057,0.9796299338340759,0.16350120306015015,0.001480583567172289
G7,872,10911.1650390625,0.12712711095809937,-1910.71044921875,-1910.71044921875,1906.25341796875,1940.6517333984375,1956.84375,1992.0,1992.0,32.39599609375,-4.453953742980957,0.9863832592964172,0.9311350584030151,0.9936444759368896,0.04350312054157257,0.04350312054157257,-0.0009421014692634344,0.9796822667121887,0.1631360948085785,0.0014841754455119371
G7,873,10923.67578125,0.12612611055374146,-1910.785888671875,-1910.785888671875,1906.3935546875,1940.792236328125,1956.84375,1992.0,1992.0,32.33617401123047,-4.389503479003906,0.9864132404327393,0.9311758875846863,0.993661642074585,0.043212249875068665,0.043212249875068665,-0.0009423880837857723,0.9797343015670776,0.1627723127603531,0.0014873901382088661
G7,874,10936.1865234375,0.12512511014938354,-1910.861328125,-1910.861328125,1906.5328369140625,1940.9332275390625,1956.84375,1992.0,1992.0,32.27655029296875,-4.325550079345703,0.9864431619644165,0.9312164187431335,0.993678867816925,0.042921047657728195,0.042921047657728195,-0.0009425210882909596,0.979786217212677,0.16240982711315155,0.0014910621102899313
G7,875,10948.6962890625,0.12412410974502563,-1910.9365234375,-1910.9365234375,1906.671630859375,1941.0731201171875,1956.84375,1992.0,1992.0,32.21711730957031,-4.262028694152832,0.9864729046821594,0.9312566518783569,0.9936959147453308,0.04262979328632355,0.04262979328632355,-0.0009427637560293078,0.979837954044342,0.16204863786697388,0.0014943829737603664
G7,876,10961.20703125,0.12312310934066772,-1911.01171875,-1911.01171875,1906.809814453125,1941.2122802734375,1956.84375,1992.0,1992.0,32.157875061035156,-4.198970317840576,0.9865025877952576,0.9312964677810669,0.993712842464447,0.042338378727436066,0.042338378727436066,-0.0009428150951862335,0.979889452457428,0.16168873012065887,0.0014960143016651273
G7,877,10973.7177734375,0.12212210893630981,-1911.0865478515625,-1911.0865478515625,1906.947265625,1941.351318359375,1956.84375,1992.0,1992.0,32.09882736206055,-4.136362075805664,0.9865320920944214,0.9313360452651978,0.993729829788208,0.042047061026096344,0.042047061026096344,-0.0009429423371329904,0.9799407720565796,0.16133010387420654,0.0014960927655920386
G7,878,10986.228515625,0.1211211085319519,-1911.161376953125,-1911.161376953125,1907.0841064453125,1941.4888916015625,1956.84375,1992.0,1992.0,32.03997039794922,-4.074229717254639,0.9865614771842957,0.9313753247261047,0.9937466382980347,0.041754987090826035,0.041754987090826035,-0.0009429099736735225,0.9799919724464417,0.16097275912761688,0.0014935428043827415
G7,879,10998.73828125,0.120120108127594,-1911.23583984375,-1911.23583984375,1907.220458984375,1941.626953125,1956.84375,1992.0,1992.0,31.981304168701172,-4.012491226196289,0.9865908622741699,0.9314143061637878,0.9937635064125061,0.041464149951934814,0.041464149951934814,-0.0009428758639842272,0.9800428748130798,0.1606166958808899,0.0014894602354615927
G7,880,11011.2490234375,0.11911910772323608,-1911.310302734375,-1911.310302734375,1907.35595703125,1941.762939453125,1956.84375,1992.0,1992.0,31.922826766967773,-3.951338291168213,0.9866200685501099,0.9314529895782471,0.9937801957130432,0.04117090255022049,0.04117090255022049,-0.0009427868644706905,0.9800937175750732,0.16026188433170319,0.0014846099074929953
G7,881,11023.759765625,0.11811810731887817,-1911.384521484375,-1911.384521484375,1907.4912109375,1941.900390625,1956.84375,1992.0,1992.0,31.864538192749023,-3.890423536300659,0.986649215221405,0.9314913749694824,0.9937968254089355,0.04088088870048523,0.04088088870048523,-0.0009426001342944801,0.9801443219184875,0.15990833938121796,0.0014792607398703694
G7,882,11036.2705078125,0.11711710691452026,-1911.4586181640625,-1911.4586181640625,1907.62548828125,1942.034423828125,1956.84375,1992.0,1992.0,31.80643653869629,-3.8302814960479736,0.9866782426834106,0.9315294623374939,0.9938132762908936,0.04058638587594032,0.04058638587594032,-0.0009424893069081008,0.9801948070526123,0.15955603122711182,0.0014737810706719756
G7,883,11048.7802734375,0.11611610651016235,-1911.532470703125,-1911.532470703125,1907.759521484375,1942.1715087890625,1956.84375,1992.0,1992.0,31.74852180480957,-3.770186424255371,0.9867071509361267,0.9315671920776367,0.9938297867774963,0.04029690474271774,0.04029690474271774,-0.0009422146831639111,0.980245053768158,0.15920498967170715,0.0014670053496956825
G7,884,11061.291015625,0.11511510610580444,-1911.6063232421875,-1911.6063232421875,1907.892333984375,1942.303466796875,1956.84375,1992.0,1992.0,31.690792083740234,-3.7110259532928467,0.9867358803749084,0.9316046237945557,0.9938462376594543,0.04000183567404747,0.04000183567404747,-0.0009420968126505613,0.9802952408790588,0.1588551551103592,0.0014663765905424953
G7,885,11073.8017578125,0.11411410570144653,-1911.679931640625,-1911.679931640625,1908.0252685546875,1942.4398193359375,1956.84375,1992.0,1992.0,31.63324737548828,-3.6518187522888184,0.986764669418335,0.9316418766975403,0.993862509727478,0.0397118479013443,0.0397118479013443,-0.0009418207337148488,0.9803450703620911,0.1585065722465515,0.001471179653890431
G7,886,11086.3125,0.11311310529708862,-1911.75341796875,-1911.75341796875,1908.156982421875,1942.570556640625,1956.84375,1992.0,1992.0,31.57588768005371,-3.5935444831848145,0.9867932200431824,0.9316787123680115,0.9938787817955017,0.03941738232970238,0.03941738232970238,-0.0009416994289495051,0.9803948998451233,0.15815919637680054,0.0014818389900028706
G7,887,11098.8232421875,0.11211210489273071,-1911.8267822265625,-1911.8267822265625,1908.28857421875,1942.705322265625,1956.84375,1992.0,1992.0,31.51871109008789,-3.535332679748535,0.986821711063385,0.9317152500152588,0.9938949942588806,0.039125848561525345,0.039125848561525345,-0.0009414757369086146,0.9804443120956421,0.15781307220458984,0.0014870178420096636
G7,888,11111.3330078125,0.1111111044883728,-1911.89990234375,-1911.89990234375,1908.419189453125,1942.83544921875,1956.84375,1992.0,1992.0,31.461713790893555,-3.477853298187256,0.9868500828742981,0.9317514896392822,0.9939110279083252,0.0388326458632946,0.0388326458632946,-0.0009413632797077298,0.9804936647415161,0.15746814012527466,0.0014859838411211967
G7,889,11123.84375,0.11011010408401489,-1911.972900390625,-1911.972900390625,1908.549560546875,1942.9678955078125,1956.84375,1992.0,1992.0,31.4049015045166,-3.4206933975219727,0.9868783354759216,0.9317874908447266,0.9939271807670593,0.038539428263902664,0.038539428263902664,-0.0009411970968358219,0.9805428981781006,0.15712441504001617,0.0014790539862588048
G7,890,11136.3544921875,0.10910910367965698,-1912.0458984375,-1912.0458984375,1908.6790771484375,1943.098388671875,1956.84375,1992.0,1992.0,31.348270416259766,-3.364001989364624,0.9869065880775452,0.9318231344223022,0.9939430356025696,0.03824712336063385,0.03824712336063385,-0.000941108213737607,0.980591893196106,0.1567818969488144,0.001472744275815785
G7,891,11148.865234375,0.10810810327529907,-1912.11865234375,-1912.11865234375,1908.8079833984375,1943.228271484375,1956.84375,1992.0,1992.0,31.29181671142578,-3.307858943939209,0.9869346618652344,0.931858479976654,0.9939589500427246,0.037952955812215805,0.037952955812215805,-0.0009409806807525456,0.980640709400177,0.15644055604934692,0.0014717625454068184
G7,892,11161.375,0.10710710287094116,-1912.19140625,-1912.19140625,1908.9365234375,1943.3583984375,1956.84375,1992.0,1992.0,31.23554039001465,-3.2520248889923096,0.9869625568389893,0.9318935871124268,0.9939748644828796,0.037660688161849976,0.037660688161849976,-0.0009409121703356504,0.980689287185669,0.15610042214393616,0.0014748111134395003
G7,893,11173.8857421875,0.10610610246658325,-1912.263916015625,-1912.263916015625,1909.064208984375,1943.486328125,1956.84375,1992.0,1992.0,31.179443359375,-3.1968231201171875,0.9869903922080994,0.931928277015686,0.9939906597137451,0.03736631199717522,0.03736631199717522,-0.0009408065234310925,0.9807377457618713,0.1557614654302597,0.001478604506701231
G7,894,11186.396484375,0.10510510206222534,-1912.336181640625,-1912.336181640625,1909.19140625,1943.6156005859375,1956.84375,1992.0,1992.0,31.123525619506836,-3.1419119834899902,0.9870181679725647,0.931962788105011,0.9940062761306763,0.03707359358668327,0.03707359358668327,-0.0009407291072420776,0.9807860255241394,0.15542368590831757,0.0014766246313229203
G7,895,11198.9072265625,0.10410410165786743,-1912.408447265625,-1912.408447265625,1909.3179931640625,1943.7427978515625,1956.84375,1992.0,1992.0,31.067781448364258,-3.0876104831695557,0.9870458841323853,0.9319969415664673,0.9940218329429626,0.036779265850782394,0.036779265850782394,-0.0009406342869624496,0.9808341860771179,0.15508708357810974,0.0014707025839015841
G7,896,11211.4169921875,0.10310310125350952,-1912.4805908203125,-1912.4805908203125,1909.444091796875,1943.8701171875,1956.84375,1992.0,1992.0,31.01221466064453,-3.0336451530456543,0.9870734810829163,0.9320307970046997,0.9940375089645386,0.03648598492145538,0.03648598492145538,-0.0009405136806890368,0.9808821082115173,0.15475164353847504,0.0014639331493526697
G7,897,11223.927734375,0.10210210084915161,-1912.552490234375,-1912.552490234375,1909.569580078125,1943.996826171875,1956.84375,1992.0,1992.0,30.95682144165039,-2.980236530303955,0.9871009588241577,0.9320643544197083,0.9940529465675354,0.03619174286723137,0.03619174286723137,-0.0009404123411513865,0.9809300303459167,0.15441735088825226,0.001461046515032649
G7,898,11236.4384765625,0.1011011004447937,-1912.6243896484375,-1912.6243896484375,1909.6944580078125,1944.1221923828125,1956.84375,1992.0,1992.0,30.90160369873047,-2.927219867706299,0.9871282577514648,0.9320976138114929,0.9940683841705322,0.035897888243198395,0.035897888243198395,-0.000940237776376307,0.9809775948524475,0.1540842354297638,0.001460780156776309
G7,899,11248.94921875,0.10010010004043579,-1912.696044921875,-1912.696044921875,1909.8187255859375,1944.248291015625,1956.84375,1992.0,1992.0,30.846559524536133,-2.8747057914733887,0.9871556162834167,0.9321306347846985,0.9940837025642395,0.03560376539826393,0.03560376539826393,-0.0009400976705364883,0.981025218963623,0.15375223755836487,0.0014615795807912946
G7,900,11261.458984375,0.09909909963607788,-1912.767822265625,-1912.767822265625,1909.9423828125,1944.3724365234375,1956.84375,1992.0,1992.0,30.79168701171875,-2.822640895843506,0.9871827363967896,0.9321632385253906,0.9940990209579468,0.03530922532081604,0.03530922532081604,-0.0009398862021043897,0.9810726642608643,0.15342140197753906,0.0014633722603321075
G7,901,11273.9697265625,0.09809809923171997,-1912.8392333984375,-1912.8392333984375,1910.0655517578125,1944.4970703125,1956.84375,1992.0,1992.0,30.736984252929688,-2.771014451980591,0.9872099161148071,0.9321956634521484,0.9941142201423645,0.03501540794968605,0.03501540794968605,-0.0009396848035976291,0.9811199903488159,0.15309171378612518,0.0014664161717519164
G7,902,11286.48046875,0.09709709882736206,-1912.91064453125,-1912.91064453125,1910.18798828125,1944.62060546875,1956.84375,1992.0,1992.0,30.68245506286621,-2.7199158668518066,0.987236738204956,0.9322277903556824,0.9941294193267822,0.034719981253147125,0.034719981253147125,-0.0009394546505063772,0.981167197227478,0.15276314318180084,0.0014689486706629395
G7,903,11298.9912109375,0.09609609842300415,-1912.98193359375,-1912.98193359375,1910.31005859375,1944.7431640625,1956.84375,1992.0,1992.0,30.628093719482422,-2.669163703918457,0.9872636795043945,0.9322596192359924,0.9941444993019104,0.03442658483982086,0.03442658483982086,-0.0009391977218911052,0.9812142848968506,0.15243571996688843,0.0014681648463010788
G7,904,11311.5009765625,0.09509509801864624,-1913.052978515625,-1913.052978515625,1910.431396484375,1944.86669921875,1956.84375,1992.0,1992.0,30.573904037475586,-2.619039535522461,0.9872905015945435,0.9322910904884338,0.9941595792770386,0.03413031995296478,0.03413031995296478,-0.0009389666956849396,0.9812612533569336,0.15210939943790436,0.0014659445732831955
G7,905,11324.01171875,0.09409409761428833,-1913.1240234375,-1913.1240234375,1910.55224609375,1944.9871826171875,1956.84375,1992.0,1992.0,30.519880294799805,-2.569169282913208,0.9873172640800476,0.9323222637176514,0.9941745400428772,0.033837076276540756,0.033837076276540756,-0.0009386786841787398,0.9813081622123718,0.15178419649600983,0.0014643400209024549
G7,906,11336.5224609375,0.09309309720993042,-1913.195068359375,-1913.195068359375,1910.67236328125,1945.10986328125,1956.84375,1992.0,1992.0,30.466026306152344,-2.519998550415039,0.9873439073562622,0.932353138923645,0.9941893815994263,0.03354041650891304,0.03354041650891304,-0.0009384611621499062,0.9813548922538757,0.15146009624004364,0.0014673977857455611
G7,907,11349.033203125,0.09209209680557251,-1913.265869140625,-1913.265869140625,1910.792236328125,1945.2293701171875,1956.84375,1992.0,1992.0,30.412338256835938,-2.47104549407959,0.9873703718185425,0.9323838353157043,0.9942042231559753,0.033246781677007675,0.033246781677007675,-0.0009381657582707703,0.9814015030860901,0.151137113571167,0.0014714178396388888
G7,908,11361.5439453125,0.0910910964012146,-1913.336669921875,-1913.336669921875,1910.9111328125,1945.350830078125,1956.84375,1992.0,1992.0,30.35881805419922,-2.4227890968322754,0.987396776676178,0.9324141144752502,0.9942190647125244,0.032950229942798615,0.032950229942798615,-0.0009379751863889396,0.9814480543136597,0.1508152186870575,0.00147625885438174
G7,909,11374.0537109375,0.09009009599685669,-1913.4073486328125,-1913.4073486328125,1911.02978515625,1945.4693603515625,1956.84375,1992.0,1992.0,30.305461883544922,-2.3747916221618652,0.9874230623245239,0.932444155216217,0.9942337870597839,0.03265581652522087,0.03265581652522087,-0.0009376916568726301,0.9814944863319397,0.15049442648887634,0.0014791619032621384
G7,910,11386.564453125,0.08908909559249878,-1913.477783203125,-1913.477783203125,1911.147705078125,1945.589111328125,1956.84375,1992.0,1992.0,30.252269744873047,-2.3274216651916504,0.9874493479728699,0.93247389793396,0.9942483901977539,0.03235958144068718,0.03235958144068718,-0.0009375231456942856,0.9815407991409302,0.15017472207546234,0.001484243548475206
G7,911,11399.0751953125,0.08808809518814087,-1913.5482177734375,-1913.5482177734375,1911.26513671875,1945.706787109375,1956.84375,1992.0,1992.0,30.199243545532227,-2.280395030975342,0.9874753952026367,0.932503342628479,0.9942629933357239,0.03206436336040497,0.03206436336040497,-0.000937265285756439,0.9815869927406311,0.1498561054468155,0.001489556161686778
G7,912,11411.5859375,0.08708709478378296,-1913.6185302734375,-1913.6185302734375,1911.3819580078125,1945.8255615234375,1956.84375,1992.0,1992.0,30.146381378173828,-2.2339138984680176,0.9875015020370483,0.9325324892997742,0.9942775368690491,0.0317683108150959,0.0317683108150959,-0.0009371050982736051,0.9816331267356873,0.1495385617017746,0.0014930263860151172
G7,913,11424.095703125,0.08608609437942505,-1913.688720703125,-1913.688720703125,1911.4981689453125,1945.9420166015625,1956.84375,1992.0,1992.0,30.093679428100586,-2.187847852706909,0.9875274300575256,0.9325613975524902,0.9942920207977295,0.03147246316075325,0.03147246316075325,-0.0009368768078275025,0.9816792011260986,0.14922209084033966,0.0014901832910254598
G7,914,11436.6064453125,0.08508509397506714,-1913.7587890625,-1913.7587890625,1911.614013671875,1946.0596923828125,1956.84375,1992.0,1992.0,30.041139602661133,-2.142270088195801,0.9875533580780029,0.9325898885726929,0.9943063855171204,0.03117646463215351,0.03117646463215351,-0.0009367131860926747,0.9817251563072205,0.1489066779613495,0.0014813969610258937
G7,915,11449.1171875,0.08408409357070923,-1913.828857421875,-1913.828857421875,1911.72900390625,1946.175048828125,1956.84375,1992.0,1992.0,29.98876190185547,-2.097156047821045,0.9875791072845459,0.9326182007789612,0.9943207502365112,0.030880004167556763,0.030880004167556763,-0.0009365015430375934,0.9817709922790527,0.14859232306480408,0.0014721675543114543
G7,916,11461.6279296875,0.08308309316635132,-1913.898681640625,-1913.898681640625,1911.84375,1946.291259765625,1956.84375,1992.0,1992.0,29.936542510986328,-2.0524849891662598,0.9876047968864441,0.9326462149620056,0.9943349957466125,0.030584072694182396,0.030584072694182396,-0.0009363251738250256,0.9818167090415955,0.14827905595302582,0.0014696394791826606
G7,917,11474.1376953125,0.08208209276199341,-1913.9686279296875,-1913.9686279296875,1911.957763671875,1946.4058837890625,1956.84375,1992.0,1992.0,29.88448715209961,-2.0083236694335938,0.9876304268836975,0.9326738715171814,0.9943493008613586,0.03028704784810543,0.03028704784810543,-0.0009361112606711686,0.9818625450134277,0.14796681702136993,0.00147582299541682
G7,918,11486.6484375,0.0810810923576355,-1914.038330078125,-1914.038330078125,1912.0712890625,1946.520751953125,1956.84375,1992.0,1992.0,29.83258819580078,-1.9645655155181885,0.9876559376716614,0.9327013492584229,0.9943634271621704,0.02999098226428032,0.02999098226428032,-0.0009359146351926029,0.9819082617759705,0.14765562117099762,0.0014852873282507062
G7,919,11499.1591796875,0.08008009195327759,-1914.108154296875,-1914.108154296875,1912.1842041015625,1946.634521484375,1956.84375,1992.0,1992.0,29.780847549438477,-1.921344518661499,0.9876813292503357,0.9327284693717957,0.9943774342536926,0.029693705961108208,0.029693705961108208,-0.000935683841817081,0.9819539189338684,0.14734548330307007,0.001492657931521535
G7,920,11511.669921875,0.07907909154891968,-1914.1776123046875,-1914.1776123046875,1912.2965087890625,1946.7479248046875,1956.84375,1992.0,1992.0,29.729263305664062,-1.8785210847854614,0.9877066612243652,0.9327552914619446,0.9943916201591492,0.02939714305102825,0.02939714305102825,-0.0009354616631753743,0.9819996356964111,0.1470363736152649,0.0014955939259380102
G7,921,11524.1796875,0.07807809114456177,-1914.2470703125,-1914.2470703125,1912.408447265625,1946.8607177734375,1956.84375,1992.0,1992.0,29.677839279174805,-1.8362183570861816,0.98773193359375,0.9327818751335144,0.9944055080413818,0.02909984439611435,0.02909984439611435,-0.000935208227019757,0.9820452928543091,0.1467282921075821,0.0014957572566345334
G7,922,11536.6904296875,0.07707709074020386,-1914.316650390625,-1914.316650390625,1912.519775390625,1946.9730224609375,1956.84375,1992.0,1992.0,29.626567840576172,-1.7943452596664429,0.9877570867538452,0.9328081011772156,0.9944193959236145,0.028802771121263504,0.028802771121263504,-0.0009349583415314555,0.9820908904075623,0.14642123878002167,0.0014955057995393872
G7,923,11549.201171875,0.07607609033584595,-1914.385986328125,-1914.385986328125,1912.63037109375,1947.0849609375,1956.84375,1992.0,1992.0,29.575454711914062,-1.7529618740081787,0.9877821803092957,0.9328340291976929,0.9944333434104919,0.02850518189370632,0.02850518189370632,-0.0009346833103336394,0.9821364283561707,0.14611521363258362,0.0014937331434339285
G7,924,11561.7119140625,0.07507508993148804,-1914.455322265625,-1914.455322265625,1912.7406005859375,1947.19580078125,1956.84375,1992.0,1992.0,29.52449607849121,-1.712023138999939,0.9878071546554565,0.9328597784042358,0.9944471120834351,0.028208063915371895,0.028208063915371895,-0.0009344105492345989,0.9821820855140686,0.14581020176410675,0.0014892446342855692
G7,925,11574.2216796875,0.07407408952713013,-1914.5244140625,-1914.5244140625,1912.850341796875,1947.306884765625,1956.84375,1992.0,1992.0,29.473690032958984,-1.6715893745422363,0.9878320097923279,0.9328851699829102,0.994460940361023,0.02790960669517517,0.02790960669517517,-0.000934119219891727,0.982227623462677,0.14550620317459106,0.001483166590332985
G7,926,11586.732421875,0.07307308912277222,-1914.5936279296875,-1914.5936279296875,1912.95947265625,1947.4166259765625,1956.84375,1992.0,1992.0,29.423038482666016,-1.631553053855896,0.9878568649291992,0.9329102635383606,0.9944745898246765,0.027612866833806038,0.027612866833806038,-0.0009338334202766418,0.9822732210159302,0.14520321786403656,0.0014794098678976297
G7,927,11599.2431640625,0.0720720887184143,-1914.66259765625,-1914.66259765625,1913.06787109375,1947.5267333984375,1956.84375,1992.0,1992.0,29.372539520263672,-1.5920937061309814,0.987881600856781,0.9329350590705872,0.9944882988929749,0.027313418686389923,0.027313418686389923,-0.0009335307404398918,0.9823189377784729,0.14490121603012085,0.0014808748383074999
G7,928,11611.75390625,0.0710710883140564,-1914.7315673828125,-1914.7315673828125,1913.176025390625,1947.6351318359375,1956.84375,1992.0,1992.0,29.322195053100586,-1.5529556274414062,0.9879062175750732,0.9329595565795898,0.9945018291473389,0.02701677940785885,0.02701677940785885,-0.0009332342306151986,0.9823644757270813,0.14460022747516632,0.0014833909226581454
G7,929,11624.2646484375,0.07007008790969849,-1914.800537109375,-1914.800537109375,1913.2835693359375,1947.744140625,1956.84375,1992.0,1992.0,29.271997451782227,-1.5144546031951904,0.9879308342933655,0.9329838752746582,0.9945153594017029,0.026716891676187515,0.026716891676187515,-0.0009329269523732364,0.982410192489624,0.14430023729801178,0.001486797584220767
G7,930,11636.7744140625,0.06906908750534058,-1914.869384765625,-1914.869384765625,1913.390625,1947.8515625,1956.84375,1992.0,1992.0,29.221954345703125,-1.476249098777771,0.9879552125930786,0.9330078363418579,0.9945289492607117,0.02641960047185421,0.02641960047185421,-0.000932618451770395,0.9824559092521667,0.14400121569633484,0.0014892569743096828
G7,931,11649.28515625,0.06806808710098267,-1914.9381103515625,-1914.9381103515625,1913.496826171875,1947.9593505859375,1956.84375,1992.0,1992.0,29.172060012817383,-1.4386653900146484,0.9879796504974365,0.9330314993858337,0.9945422410964966,0.026120014488697052,0.026120014488697052,-0.0009323133272118866,0.9825016856193542,0.14370319247245789,0.0014945423463359475
G7,932,11661.7958984375,0.06706708669662476,-1915.0068359375,-1915.0068359375,1913.6029052734375,1948.06591796875,1956.84375,1992.0,1992.0,29.122314453125,-1.4014345407485962,0.9880039691925049,0.9330548048019409,0.9945557117462158,0.025821438059210777,0.025821438059210777,-0.000931988877709955,0.9825475215911865,0.14340615272521973,0.0014991050120443106
G7,933,11674.306640625,0.06606608629226685,-1915.075439453125,-1915.075439453125,1913.708251953125,1948.17236328125,1956.84375,1992.0,1992.0,29.072723388671875,-1.3647370338439941,0.9880281686782837,0.9330779910087585,0.9945690631866455,0.025522418320178986,0.025522418320178986,-0.0009316850919276476,0.9825935363769531,0.14311008155345917,0.0014995667152106762
G7,934,11686.81640625,0.06506508588790894,-1915.14404296875,-1915.14404296875,1913.81298828125,1948.278076171875,1956.84375,1992.0,1992.0,29.02327537536621,-1.328494668006897,0.9880523681640625,0.9331008195877075,0.9945822358131409,0.025222713127732277,0.025222713127732277,-0.0009313466725870967,0.982639491558075,0.1428149789571762,0.0014946366427466273
G7,935,11699.3271484375,0.06406408548355103,-1915.21240234375,-1915.21240234375,1913.9173583984375,1948.3831787109375,1956.84375,1992.0,1992.0,28.973976135253906,-1.2926961183547974,0.9880764484405518,0.9331233501434326,0.994595468044281,0.024923576042056084,0.024923576042056084,-0.000931035727262497,0.9826856851577759,0.14252084493637085,0.001487345201894641
G7,936,11711.837890625,0.06306308507919312,-1915.281005859375,-1915.281005859375,1914.021240234375,1948.48828125,1956.84375,1992.0,1992.0,28.924821853637695,-1.257406234741211,0.9881004095077515,0.9331455230712891,0.9946086406707764,0.024623718112707138,0.024623718112707138,-0.0009306877036578953,0.9827319383621216,0.1422276645898819,0.001485201413743198
G7,937,11724.3486328125,0.062062084674835205,-1915.349365234375,-1915.349365234375,1914.1243896484375,1948.592041015625,1956.84375,1992.0,1992.0,28.875816345214844,-1.2225594520568848,0.9881243109703064,0.933167576789856,0.994621753692627,0.02432338148355484,0.02432338148355484,-0.0009303594706580043,0.9827783703804016,0.14193545281887054,0.0014888133155182004
G7,938,11736.8583984375,0.061061084270477295,-1915.417724609375,-1915.417724609375,1914.2271728515625,1948.6961669921875,1956.84375,1992.0,1992.0,28.826955795288086,-1.1881697177886963,0.9881481528282166,0.9331892728805542,0.9946348667144775,0.02402416244149208,0.02402416244149208,-0.0009300082456320524,0.982824981212616,0.1416441798210144,0.001495837583206594
G7,939,11749.369140625,0.060060083866119385,-1915.486083984375,-1915.486083984375,1914.329345703125,1948.799072265625,1956.84375,1992.0,1992.0,28.778244018554688,-1.154314637184143,0.9881718158721924,0.9332106113433838,0.9946478009223938,0.023722205311059952,0.023722205311059952,-0.0009296503267250955,0.9828717112541199,0.14135386049747467,0.0015021333238109946
G7,940,11761.8798828125,0.059059083461761475,-1915.5543212890625,-1915.5543212890625,1914.43115234375,1948.901611328125,1956.84375,1992.0,1992.0,28.729671478271484,-1.1208093166351318,0.988195538520813,0.9332317113876343,0.9946607947349548,0.023423457518219948,0.023423457518219948,-0.0009293095790781081,0.9829186201095581,0.14106449484825134,0.0015064808540046215
G7,941,11774.390625,0.058058083057403564,-1915.62255859375,-1915.62255859375,1914.5322265625,1949.00390625,1956.84375,1992.0,1992.0,28.681245803833008,-1.0879366397857666,0.9882190227508545,0.9332525730133057,0.9946736693382263,0.02312047965824604,0.02312047965824604,-0.0009289164445362985,0.9829658269882202,0.14077605307102203,0.0015114126726984978
G7,942,11786.900390625,0.057057082653045654,-1915.690673828125,-1915.690673828125,1914.6328125,1949.105224609375,1956.84375,1992.0,1992.0,28.632963180541992,-1.0553497076034546,0.9882426261901855,0.9332731366157532,0.994686484336853,0.02282116189599037,0.02282116189599037,-0.0009285904234275222,0.9830132126808167,0.14048856496810913,0.0015114641282707453
G7,943,11799.4111328125,0.056056082248687744,-1915.7587890625,-1915.7587890625,1914.73291015625,1949.20654296875,1956.84375,1992.0,1992.0,28.584823608398438,-1.0234119892120361,0.9882660508155823,0.9332934021949768,0.994699239730835,0.022518226876854897,0.022518226876854897,-0.0009281720849685371,0.983060896396637,0.14020198583602905,0.0015099073061719537
G7,944,11811.921875,0.055055081844329834,-1915.826904296875,-1915.826904296875,1914.83251953125,1949.3067626953125,1956.84375,1992.0,1992.0,28.536823272705078,-0.9917942881584167,0.9882894158363342,0.9333134293556213,0.9947119951248169,0.02221737802028656,0.02221737802028656,-0.0009278536890633404,0.9831088185310364,0.1399163454771042,0.0015064938925206661
G7,945,11824.4326171875,0.054054081439971924,-1915.894775390625,-1915.894775390625,1914.931640625,1949.406982421875,1956.84375,1992.0,1992.0,28.488969802856445,-0.960752010345459,0.9883126020431519,0.9333330392837524,0.994724690914154,0.021914934739470482,0.021914934739470482,-0.000927435583434999,0.9831570982933044,0.13963161408901215,0.0015062977327033877
G7,946,11836.943359375,0.053053081035614014,-1915.9627685546875,-1915.9627685546875,1915.0302734375,1949.5062255859375,1956.84375,1992.0,1992.0,28.441253662109375,-0.9301239252090454,0.9883358478546143,0.9333525896072388,0.9947373270988464,0.021612485870718956,0.021612485870718956,-0.0009271119488403201,0.9832056760787964,0.13934780657291412,0.0015060229925438762
G7,947,11849.453125,0.052052080631256104,-1916.03076171875,-1916.03076171875,1915.12841796875,1949.60546875,1956.84375,1992.0,1992.0,28.393678665161133,-0.8999799489974976,0.9883589148521423,0.9333716630935669,0.9947499632835388,0.02131008170545101,0.02131008170545101,-0.0009267246350646019,0.9832546710968018,0.13906492292881012,0.0015071446541696787
G7,948,11861.9638671875,0.05105108022689819,-1916.0986328125,-1916.0986328125,1915.225830078125,1949.70361328125,1956.84375,1992.0,1992.0,28.34624481201172,-0.8703221082687378,0.9883819222450256,0.9333905577659607,0.9947624802589417,0.021006567403674126,0.021006567403674126,-0.0009263962274417281,0.9833041429519653,0.13878293335437775,0.001512083224952221
G7,949,11874.474609375,0.05005007982254028,-1916.1663818359375,-1916.1663818359375,1915.322998046875,1949.8018798828125,1956.84375,1992.0,1992.0,28.2989501953125,-0.84110426902771,0.9884048104286194,0.9334091544151306,0.9947749376296997,0.020703501999378204,0.020703501999378204,-0.0009260636870749295,0.983353853225708,0.1385018676519394,0.0015221151988953352
G7,950,11886.9853515625,0.04904907941818237,-1916.2342529296875,-1916.2342529296875,1915.41943359375,1949.89892578125,1956.84375,1992.0,1992.0,28.25179100036621,-0.812390148639679,0.9884278178215027,0.9334274530410767,0.994787335395813,0.020399319007992744,0.020399319007992744,-0.0009257578640244901,0.9834041595458984,0.13822169601917267,0.0015336442738771439
G7,951,11899.4951171875,0.04804807901382446,-1916.302001953125,-1916.302001953125,1915.5155029296875,1949.99609375,1956.84375,1992.0,1992.0,28.20477294921875,-0.7841185331344604,0.9884505867958069,0.9334455132484436,0.9947998523712158,0.02009517140686512,0.02009517140686512,-0.0009254901087842882,0.9834548830986023,0.13794240355491638,0.001543523627333343
G7,952,11912.005859375,0.04704707860946655,-1916.3697509765625,-1916.3697509765625,1915.611083984375,1950.0924072265625,1956.84375,1992.0,1992.0,28.15789222717285,-0.7563353180885315,0.9884732365608215,0.9334632754325867,0.9948121309280396,0.0197904072701931,0.0197904072701931,-0.0009252472082152963,0.9835061430931091,0.1376640349626541,0.0015520065790042281
G7,953,11924.5166015625,0.04604607820510864,-1916.4375,-1916.4375,1915.7060546875,1950.188232421875,1956.84375,1992.0,1992.0,28.111146926879883,-0.7290165424346924,0.988495945930481,0.9334807395935059,0.9948244094848633,0.01948493719100952,0.01948493719100952,-0.000925044238101691,0.9835579991340637,0.13738654553890228,0.001563202473334968
G7,954,11937.02734375,0.04504507780075073,-1916.505126953125,-1916.505126953125,1915.800537109375,1950.28369140625,1956.84375,1992.0,1992.0,28.06454086303711,-0.7021604776382446,0.988518476486206,0.9334979057312012,0.994836688041687,0.01917955093085766,0.01917955093085766,-0.0009248710703104734,0.9836104512214661,0.13710995018482208,0.0015767085133120418
G7,955,11949.537109375,0.04404407739639282,-1916.57275390625,-1916.57275390625,1915.894775390625,1950.37841796875,1956.84375,1992.0,1992.0,28.018068313598633,-0.6757965087890625,0.9885410070419312,0.9335148334503174,0.994848906993866,0.01887260004878044,0.01887260004878044,-0.0009247143170796335,0.9836634397506714,0.13683421909809113,0.0015931007219478488
G7,956,11962.0478515625,0.04304307699203491,-1916.6405029296875,-1916.6405029296875,1915.98828125,1950.47265625,1956.84375,1992.0,1992.0,27.971731185913086,-0.6498678922653198,0.9885634183883667,0.9335315227508545,0.9948610663414001,0.018566450104117393,0.018566450104117393,-0.0009245762485079467,0.9837170243263245,0.1365593820810318,0.0016170385060831904
G7,957,11974.55859375,0.042042076587677,-1916.7081298828125,-1916.7081298828125,1916.081298828125,1950.56689453125,1956.84375,1992.0,1992.0,27.92552947998047,-0.6244577169418335,0.9885857701301575,0.933547854423523,0.9948731064796448,0.018258044496178627,0.018258044496178627,-0.0009244441171176732,0.9837713241577148,0.13628540933132172,0.00166036537848413
G7,958,11987.0693359375,0.04104107618331909,-1916.7757568359375,-1916.7757568359375,1916.174072265625,1950.6597900390625,1956.84375,1992.0,1992.0,27.87946319580078,-0.5994638204574585,0.9886080622673035,0.9335639476776123,0.9948851466178894,0.01795078255236149,0.01795078255236149,-0.0009243069216609001,0.9838261008262634,0.13601231575012207,0.0017304797656834126
G7,959,11999.5791015625,0.04004007577896118,-1916.8433837890625,-1916.8433837890625,1916.26611328125,1950.753173828125,1956.84375,1992.0,1992.0,27.833528518676758,-0.5750005841255188,0.9886302947998047,0.9335798621177673,0.994897186756134,0.0176409762352705,0.0176409762352705,-0.0009241893421858549,0.9838816523551941,0.13574008643627167,0.0018295693444088101
G7,960,12012.08984375,0.03903907537460327,-1916.9110107421875,-1916.9110107421875,1916.357666015625,1950.844970703125,1956.84375,1992.0,1992.0,27.787729263305664,-0.5509499311447144,0.9886524081230164,0.9335954189300537,0.9949091076850891,0.01733236573636532,0.01733236573636532,-0.0009240343351848423,0.9839379787445068,0.1354687213897705,0.0019545757677406073
G7,961,12024.6005859375,0.03803807497024536,-1916.978515625,-1916.978515625,1916.4488525390625,1950.937255859375,1956.84375,1992.0,1992.0,27.7420597076416,-0.5274319052696228,0.9886744618415833,0.933610737323761,0.9949210286140442,0.01702096499502659,0.01702096499502659,-0.0009239179198630154,0.9839951992034912,0.13519823551177979,0.0021020015701651573
G7,962,12037.111328125,0.03703707456588745,-1917.046142578125,-1917.046142578125,1916.53955078125,1951.0283203125,1956.84375,1992.0,1992.0,27.69652557373047,-0.5043253898620605,0.9886965155601501,0.9336256980895996,0.9949329495429993,0.01671082153916359,0.01671082153916359,-0.0009237445774488151,0.9840530157089233,0.13492858409881592,0.0022632416803389788
G7,963,12049.62109375,0.03603607416152954,-1917.11376953125,-1917.11376953125,1916.6298828125,1951.1190185546875,1956.84375,1992.0,1992.0,27.651119232177734,-0.481753945350647,0.9887183904647827,0.9336404204368591,0.9949447512626648,0.016397910192608833,0.016397910192608833,-0.0009236045880243182,0.9841118454933167,0.1346597969532013,0.0024303088430315256
G7,964,12062.1318359375,0.03503507375717163,-1917.1815185546875,-1917.1815185546875,1916.7196044921875,1951.2095947265625,1956.84375,1992.0,1992.0,27.60584831237793,-0.45960161089897156,0.9887402057647705,0.9336548447608948,0.9949565529823303,0.016085650771856308,0.016085650771856308,-0.0009234129684045911,0.9841715693473816,0.13439185917377472,0.002595693338662386
G7,965,12074.642578125,0.03403407335281372,-1917.2490234375,-1917.2490234375,1916.808837890625,1951.2991943359375,1956.84375,1992.0,1992.0,27.560705184936523,-0.4379681944847107,0.9887619614601135,0.9336690902709961,0.9949682354927063,0.015771592035889626,0.015771592035889626,-0.0009232364245690405,0.9842323064804077,0.1341247707605362,0.0027558747678995132
G7,966,12087.1533203125,0.03303307294845581,-1917.316650390625,-1917.316650390625,1916.8975830078125,1951.3887939453125,1956.84375,1992.0,1992.0,27.51569366455078,-0.416787326335907,0.988783597946167,0.9336830377578735,0.9949800372123718,0.01545699778944254,0.01545699778944254,-0.0009230310097336769,0.9842942357063293,0.13385853171348572,0.002904536435380578
G7,967,12099.6640625,0.0320320725440979,-1917.38427734375,-1917.38427734375,1916.986083984375,1951.4774169921875,1956.84375,1992.0,1992.0,27.470809936523438,-0.39609575271606445,0.9888052940368652,0.9336967468261719,0.9949916005134583,0.015141612850129604,0.015141612850129604,-0.0009228377020917833,0.9843572974205017,0.1335931271314621,0.0030377914663404226
G7,968,12112.173828125,0.03103107213973999,-1917.451904296875,-1917.451904296875,1917.07373046875,1951.5657958984375,1956.84375,1992.0,1992.0,27.426057815551758,-0.3758884072303772,0.9888268709182739,0.9337101578712463,0.9950031638145447,0.0148248840123415,0.0148248840123415,-0.0009226244292221963,0.9844216704368591,0.13332857191562653,0.0031550386920571327
G7,969,12124.6845703125,0.03003007173538208,-1917.51953125,-1917.51953125,1917.1611328125,1951.65380859375,1956.84375,1992.0,1992.0,27.381431579589844,-0.35615384578704834,0.9888483285903931,0.9337232708930969,0.9950147271156311,0.014507410116493702,0.014507410116493702,-0.0009224141831509769,0.9844873547554016,0.1330648511648178,0.0032521814573556185
G7,970,12137.1953125,0.02902907133102417,-1917.5870361328125,-1917.5870361328125,1917.248046875,1951.740966796875,1956.84375,1992.0,1992.0,27.336933135986328,-0.33690932393074036,0.9888697862625122,0.9337361454963684,0.9950262904167175,0.014188604429364204,0.014188604429364204,-0.0009221775690093637,0.984554648399353,0.13280196487903595,0.003335691522806883
G7,971,12149.7060546875,0.02802807092666626,-1917.65478515625,-1917.65478515625,1917.33447265625,1951.8282470703125,1956.84375,1992.0,1992.0,27.292564392089844,-0.318143367767334,0.9888911247253418,0.933748722076416,0.9950377345085144,0.013868093490600586,0.013868093490600586,-0.0009219440398737788,0.9846235513687134,0.13253992795944214,0.00340804411098361
G7,972,12162.2158203125,0.02702707052230835,-1917.722412109375,-1917.722412109375,1917.42041015625,1951.914306640625,1956.84375,1992.0,1992.0,27.248321533203125,-0.2998511493206024,0.9889123439788818,0.9337610602378845,0.9950491786003113,0.01354663074016571,0.01354663074016571,-0.0009217092301696539,0.984694242477417,0.1322786957025528,0.0034691442269831896
G7,973,12174.7265625,0.026026010513305664,-1917.7900390625,-1917.7900390625,1917.505859375,1952.0006103515625,1956.84375,1992.0,1992.0,27.204206466674805,-0.28205180168151855,0.9889335632324219,0.9337731599807739,0.9950605034828186,0.013222813606262207,0.013223199173808098,-0.0009214901947416365,0.9847667217254639,0.1320183128118515,0.003516869153827429
G7,974,12187.2373046875,0.025025010108947754,-1917.857666015625,-1917.857666015625,1917.5908203125,1952.085693359375,1956.84375,1992.0,1992.0,27.160215377807617,-0.2647208273410797,0.9889547228813171,0.9337850213050842,0.9950718283653259,0.012897432781755924,0.012898135930299759,-0.0009212857112288475,0.9848412871360779,0.13175876438617706,0.0035463757812976837
G7,975,12199.748046875,0.024024009704589844,-1917.925537109375,-1917.925537109375,1917.67529296875,1952.1708984375,1956.84375,1992.0,1992.0,27.116352081298828,-0.24787844717502594,0.9889758229255676,0.9337966442108154,0.995083212852478,0.01257022749632597,0.012571055442094803,-0.0009211139986291528,0.984917938709259,0.1315000355243683,0.003564251586794853
G7,976,12212.2578125,0.023023009300231934,-1917.9931640625,-1917.9931640625,1917.759521484375,1952.255126953125,1956.84375,1992.0,1992.0,27.07261085510254,-0.2315235733985901,0.9889968037605286,0.9338079690933228,0.9950944185256958,0.01224006898701191,0.012240853160619736,-0.000920933554880321,0.9849969148635864,0.13124215602874756,0.003581180004402995
G7,977,12224.7685546875,0.022022008895874023,-1918.060791015625,-1918.060791015625,1917.843017578125,1952.33935546875,1956.84375,1992.0,1992.0,27.028995513916016,-0.21564070880413055,0.9890177845954895,0.9338189959526062,0.9951056241989136,0.011908640153706074,0.011909247376024723,-0.0009208117262460291,0.9850782752037048,0.1309850960969925,0.003596083028241992
G7,978,12237.279296875,0.021021008491516113,-1918.128662109375,-1918.128662109375,1917.926025390625,1952.422607421875,1956.8515625,1992.0,1992.0,26.985506057739258,-0.2002653181552887,0.9890385866165161,0.9338297843933105,0.9951168298721313,0.011572958901524544,0.011573291383683681,-0.0009206720278598368,0.9851632714271545,0.1307288557291031,0.0036014725919812918
G7,979,12249.7900390625,0.020020008087158203,-1918.1964111328125,-1918.1964111328125,1918.0089111328125,1952.5057373046875,1956.8515625,1992.0,1992.0,26.942138671875,-0.18535259366035461,0.9890594482421875,0.9338403940200806,0.9951279163360596,0.011236459948122501,0.011236459948122501,-0.0009206059621647,0.9852508306503296,0.13047346472740173,0.003592371242120862
G7,980,12262.2998046875,0.019019007682800293,-1918.26416015625,-1918.26416015625,1918.091064453125,1952.58837890625,1956.8515625,1992.0,1992.0,26.898895263671875,-0.1709650605916977,0.9890801310539246,0.9338507056236267,0.9951390027999878,0.01089434139430523,0.01089434139430523,-0.0009205422247759998,0.985341489315033,0.13021890819072723,0.0035724518820643425
G7,981,12274.810546875,0.018018007278442383,-1918.33203125,-1918.33203125,1918.1727294921875,1952.670166015625,1956.8515625,1992.0,1992.0,26.85577392578125,-0.1570354551076889,0.9891007542610168,0.9338607788085938,0.9951500296592712,0.01055100653320551,0.01055100653320551,-0.0009205515380017459,0.9854351878166199,0.1299651712179184,0.003549567423760891
G7,982,12287.3212890625,0.017017006874084473,-1918.39990234375,-1918.39990234375,1918.254150390625,1952.751953125,1956.8515625,1992.0,1992.0,26.812776565551758,-0.1436372548341751,0.9891213774681091,0.9338706731796265,0.9951609969139099,0.010201944969594479,0.010201944969594479,-0.0009205986862070858,0.9855319261550903,0.1297122687101364,0.0035244591999799013
G7,983,12299.83203125,0.016016006469726562,-1918.4677734375,-1918.4677734375,1918.3349609375,1952.8328857421875,1956.8515625,1992.0,1992.0,26.769899368286133,-0.1307155340909958,0.9891420006752014,0.9338802099227905,0.9951719641685486,0.00984941329807043,0.009849434718489647,-0.0009207197581417859,0.9856321215629578,0.12946021556854248,0.0034920447506010532
G7,984,12312.341796875,0.015015006065368652,-1918.535888671875,-1918.535888671875,1918.415283203125,1952.913818359375,1956.8515625,1992.0,1992.0,26.72714614868164,-0.11831119656562805,0.9891624450683594,0.9338895678520203,0.9951829314231873,0.009492420591413975,0.00949243176728487,-0.0009209096315316856,0.9857358932495117,0.1292089968919754,0.0034556023310869932
G7,985,12324.8525390625,0.014014005661010742,-1918.603759765625,-1918.603759765625,1918.4952392578125,1952.993896484375,1956.8515625,1992.0,1992.0,26.68450927734375,-0.10642147064208984,0.989182710647583,0.9338987469673157,0.9951937794685364,0.009128652513027191,0.009128652513027191,-0.0009211918222717941,0.9858433604240417,0.12895862758159637,0.003418185282498598
G7,986,12337.36328125,0.013013005256652832,-1918.671875,-1918.671875,1918.57470703125,1953.07373046875,1956.8515625,1992.0,1992.0,26.641998291015625,-0.09503296762704849,0.989203155040741,0.933907687664032,0.9952046871185303,0.008761854842305183,0.008761871606111526,-0.0009215661557391286,0.9859545826911926,0.1287091076374054,0.0033785083796828985
G7,987,12349.8740234375,0.012012004852294922,-1918.739990234375,-1918.739990234375,1918.653564453125,1953.1529541015625,1956.8515625,1992.0,1992.0,26.599605560302734,-0.08419796079397202,0.989223301410675,0.9339162707328796,0.9952154159545898,0.008385386317968369,0.008385390974581242,-0.0009220732608810067,0.9860696792602539,0.12846042215824127,0.0033376705832779408
G7,988,12362.384765625,0.011011004447937012,-1918.808349609375,-1918.808349609375,1918.732177734375,1953.2315673828125,1956.8515625,1992.0,1992.0,26.557331085205078,-0.07386521995067596,0.9892436265945435,0.9339247941970825,0.9952261447906494,0.008005541749298573,0.00800557341426611,-0.0009227068512700498,0.9861887693405151,0.12821261584758759,0.003290418302640319
G7,989,12374.89453125,0.010010004043579102,-1918.8765869140625,-1918.8765869140625,1918.810302734375,1953.3099365234375,1956.8515625,1992.0,1992.0,26.515178680419922,-0.06410840153694153,0.9892637133598328,0.9339330196380615,0.995236873626709,0.007615170441567898,0.007615205366164446,-0.0009235205361619592,0.9863119125366211,0.12796567380428314,0.003232234623283148
G7,990,12387.4052734375,0.009009003639221191,-1918.9449462890625,-1918.9449462890625,1918.8878173828125,1953.3876953125,1956.8515625,1992.0,1992.0,26.47314453125,-0.05488407984375954,0.9892838001251221,0.9339410662651062,0.9952475428581238,0.007218834012746811,0.007218929473310709,-0.0009245245601050556,0.986439049243927,0.12771959602832794,0.0031674278434365988
G7,991,12399.916015625,0.008008003234863281,-1919.0135498046875,-1919.0135498046875,1918.965087890625,1953.465087890625,1956.8515625,1992.0,1992.0,26.431228637695312,-0.046246759593486786,0.989303708076477,0.933948814868927,0.9952581524848938,0.006811921950429678,0.006812306586652994,-0.0009257725905627012,0.986569881439209,0.1274743676185608,0.003105803392827511
G7,992,12412.4267578125,0.007007002830505371,-1919.08203125,-1919.08203125,1919.041748046875,1953.5419921875,1956.8515625,1992.0,1992.0,26.389429092407227,-0.03818492591381073,0.9893237352371216,0.9339565634727478,0.9952687621116638,0.006396675948053598,0.006397622637450695,-0.0009272947791032493,0.9867042303085327,0.12723003327846527,0.0030531894881278276
G7,993,12424.9365234375,0.006006002426147461,-1919.15087890625,-1919.15087890625,1919.1180419921875,1953.6185302734375,1956.8515625,1992.0,1992.0,26.347749710083008,-0.03073476254940033,0.9893436431884766,0.9339638948440552,0.9952794313430786,0.005970156751573086,0.005971749313175678,-0.0009291443275287747,0.9868418574333191,0.1269865781068802,0.0030137307476252317
G7,994,12437.447265625,0.005005002021789551,-1919.2197265625,-1919.2197265625,1919.19384765625,1953.694580078125,1956.8515625,1992.0,1992.0,26.30618667602539,-0.02390451543033123,0.989363431930542,0.933971107006073,0.9952899217605591,0.005533067975193262,0.0055363536812365055,-0.000931348477024585,0.9869823455810547,0.12674400210380554,0.0029738713055849075
G7,995,12449.9580078125,0.004004001617431641,-1919.2889404296875,-1919.2889404296875,1919.26904296875,1953.7701416015625,1956.8515625,1992.0,1992.0,26.264741897583008,-0.017723530530929565,0.9893831610679626,0.9339781403541565,0.99530029296875,0.005084389355033636,0.005089881364256144,-0.000933943665586412,0.9871249794960022,0.12650229036808014,0.0029254562687128782
G7,996,12462.46875,0.0030030012130737305,-1919.358154296875,-1919.358154296875,1919.343994140625,1953.8453369140625,1956.8515625,1992.0,1992.0,26.223411560058594,-0.012214741669595242,0.9894028306007385,0.9339850544929504,0.9953108429908752,0.004623851738870144,0.004634255543351173,-0.0009369574836455286,0.9872691035270691,0.12626144289970398,0.002874416997656226
G7,997,12474.978515625,0.0020020008087158203,-1919.427734375,-1919.427734375,1919.418212890625,1953.919921875,1956.8515625,1992.0,1992.0,26.18219757080078,-0.007405564188957214,0.9894225001335144,0.9339916706085205,0.9953212141990662,0.004148564767092466,0.0041702366434037685,-0.000940402562264353,0.987413763999939,0.12602144479751587,0.002823431743308902
G7,998,12487.4892578125,0.0010010004043579102,-1919.4974365234375,-1919.4974365234375,1919.491943359375,1953.9940185546875,1956.8515625,1992.0,1992.0,26.141101837158203,-0.0033221719786524773,0.9894420504570007,0.9339982271194458,0.9953315854072571,0.003664083778858185,0.00371885416097939,-0.0009442853624932468,0.987558126449585,0.12578228116035461,0.002777110319584608
G7,999,12500.0,0.0,-1919.5673828125,-1919.5673828125,1919.565185546875,1954.06787109375,1956.8515625,1992.0,1992.0,26.100120544433594,0.0,0.9894616007804871,0.9340046048164368,0.9953418970108032,0.0031604906544089317,0.003721030196174979,-0.0009486026829108596,0.9877011179924011,0.12554393708705902,0.0027437678072601557
