step,beta,gamma,loss_mean,free_energy_mean,expected_cut_mean,expected_cut_max,hard_cut_mean,hard_cut_max,best_cut_so_far,entropy_mean,driver_energy_mean,R_mean,R_min,R_max,rx_mean,rx_abs_mean,rz_mean,rz_abs_mean,grad_norm_raw_R,grad_norm_theta
0,2.0,0.0,-9865.2392578125,-9865.2392578125,9588.0,9588.0,9888.6171875,10367.0,10367.0,554.4776611328125,0.0,0.009903954342007637,0.009861787781119347,0.009946804493665695,0.009903931058943272,0.009903931058943272,2.9299653192538244e-07,1.7737016605678946e-05,0.00012375434744171798,8.666158350933983e-07
1,14.510510444641113,0.0,-9626.2119140625,-9626.2119140625,9588.0,9588.0,9582.59375,10881.0,10881.0,554.478515625,0.0,0.009831941686570644,0.009790100157260895,0.009874464944005013,0.009831848554313183,0.009831848554313183,-8.833247875372763e-07,3.557085074135102e-05,1.6730975403334014e-05,3.643226818894618e-06
2,27.021020889282227,0.0,-9608.5205078125,-9608.5205078125,9588.0,9588.0,10725.5859375,10958.0,10958.0,554.47900390625,0.0,0.009773002937436104,0.009731462225317955,0.009815288707613945,0.009772779420018196,0.009772779420018196,2.875067934837716e-07,5.4113901569508016e-05,8.85083409229992e-06,9.71681765804533e-06
3,39.531532287597656,0.0,-9602.0263671875,-9602.0263671875,9588.0,9588.0,10717.890625,11036.0,11036.0,554.4794921875,0.0,0.009722825139760971,0.009681557305157185,0.009764939546585083,0.009722293354570866,0.009722293354570866,7.12926521373447e-07,8.506524318363518e-05,5.93288996242336e-06,8.699751560925506e-06
4,52.04204177856445,0.0,-9598.654296875,-9598.654296875,9588.0,9588.0,10909.6171875,11072.0,11072.0,554.4798583984375,0.0,0.00967914517968893,0.009638166055083275,0.009721197187900543,0.009678083471953869,0.009678083471953869,3.718265020324907e-07,0.00012182222417322919,4.384322437545052e-06,1.4174773241393268e-05
5,64.55255126953125,0.0,-9596.58984375,-9596.58984375,9588.0,9588.0,10947.140625,11120.0,11120.0,554.480224609375,0.0,0.009640606120228767,0.009600021876394749,0.009682800620794296,0.009638696908950806,0.009638696908950806,-1.022882116785695e-07,0.00016620960377622396,3.358102730999235e-06,1.8304954210179858e-05
6,77.06306457519531,0.0,-9595.1953125,-9595.1953125,9588.0,9588.0,10965.9765625,11157.0,11157.0,554.4805908203125,0.0,0.009606326930224895,0.009566367603838444,0.00964900478720665,0.009603169746696949,0.009603169746696949,-3.7290476484486135e-07,0.000216970918700099,2.58747104453505e-06,2.4227330868598074e-05
7,89.57357025146484,0.0,-9594.1904296875,-9594.1904296875,9588.0,9588.0,11009.296875,11188.0,11188.0,554.4808349609375,0.0,0.009575705975294113,0.009536631405353546,0.009620771743357182,0.00957084447145462,0.00957084447145462,-3.9477819768762856e-07,0.00027258999762125313,1.9886977042915532e-06,3.1303676223615184e-05
8,102.0840835571289,0.0,-9593.431640625,-9593.431640625,9588.0,9588.0,11045.6328125,11227.0,11227.0,554.4810791015625,0.0,0.009548344649374485,0.009509752504527569,0.009597628377377987,0.009541247971355915,0.009541247971355915,-2.5067478759410733e-07,0.0003326170553918928,1.6263702491414733e-06,3.874035974149592e-05
9,114.59459686279297,0.0,-9592.8388671875,-9592.8388671875,9588.0,9588.0,11072.5,11247.0,11247.0,554.481201171875,0.0,0.00952398031949997,0.009485268965363503,0.009579474106431007,0.00951404683291912,0.00951404683291912,-3.505943624304564e-08,0.0003968739474657923,1.714337372504815e-06,4.651026756619103e-05
10,127.1051025390625,0.0,-9592.36328125,-9592.36328125,9588.0,9588.0009765625,11090.8515625,11257.0,11257.0,554.4814453125,0.0,0.009502462111413479,0.00946215819567442,0.009566687978804111,0.009489023126661777,0.009489023126661777,1.8391990863619867e-07,0.0004651010676752776,2.325206878595054e-06,5.4717762395739555e-05
11,139.61561584472656,0.0,-9591.97265625,-9591.97265625,9588.0,9588.0009765625,11105.6875,11261.0,11261.0,554.4815673828125,0.0,0.009483728557825089,0.009441171772778034,0.009559782221913338,0.009466050192713737,0.009466050192713737,3.6852745211035653e-07,0.0005369004211388528,3.3106612136180047e-06,6.337597005767748e-05
12,152.12612915039062,0.0,-9591.64453125,-9591.64453125,9588.0,9588.0009765625,11118.828125,11269.0,11269.0,554.481689453125,0.0,0.009467795491218567,0.009422180242836475,0.009569218382239342,0.009445087052881718,0.009445087052881718,5.046534283792425e-07,0.0006118972669355571,4.5676229092350695e-06,7.244182052090764e-05
13,164.6366424560547,0.0,-9591.369140625,-9591.369140625,9588.0,9588.0009765625,11131.7109375,11283.0,11283.0,554.4818115234375,0.0,0.009454750455915928,0.009404385462403297,0.009591910056769848,0.009426156990230083,0.009426156990230083,5.922437935623748e-07,0.0006898384308442473,6.063664841349237e-06,8.187059574993327e-05
14,177.1471405029297,0.0,-9591.130859375,-9591.130859375,9588.0009765625,9588.0009765625,11143.0234375,11289.0,11289.0,554.48193359375,0.0,0.009444735944271088,0.009388096630573273,0.009625012055039406,0.009409344755113125,0.009409344755113125,6.385463393598911e-07,0.0007705922471359372,7.79638321546372e-06,9.163760114461184e-05
15,189.65765380859375,0.0,-9590.92578125,-9590.92578125,9588.001953125,9588.001953125,11152.984375,11291.0,11291.0,554.4820556640625,0.0,0.009437953121960163,0.009373292326927185,0.009668668732047081,0.009394788183271885,0.009394788183271885,6.537279091389792e-07,0.000854075828101486,9.77544732450042e-06,0.00010173884220421314
16,202.1681671142578,0.0,-9590.744140625,-9590.744140625,9588.001953125,9588.001953125,11163.71875,11309.0,11309.0,554.4820556640625,0.0,0.009434645064175129,0.009359660558402538,0.009722642600536346,0.009382665157318115,0.009382665157318115,6.482616186076484e-07,0.0009402692667208612,1.2016389518976212e-05,0.0001121855020755902
17,214.67868041992188,0.0,-9590.583984375,-9590.583984375,9588.001953125,9588.001953125,11172.109375,11316.0,11316.0,554.4820556640625,0.0,0.009435090236365795,0.009346436709165573,0.009786402806639671,0.009373188018798828,0.009373188018798828,6.316869871625386e-07,0.0010291747748851776,1.4538461073243525e-05,0.00012299900117795914
18,227.18919372558594,0.0,-9590.443359375,-9590.443359375,9588.001953125,9588.0029296875,11180.1484375,11326.0,11326.0,554.4820556640625,0.0,0.009439591318368912,0.009334184229373932,0.009859212674200535,0.009366585873067379,0.009366585873067379,6.120887405813846e-07,0.0011208336800336838,1.7363927327096462e-05,0.00013420790492091328
19,239.69969177246094,0.0,-9590.31640625,-9590.31640625,9588.001953125,9588.0029296875,11186.5,11329.0,11329.0,554.4820556640625,0.0,0.009448457509279251,0.009322519414126873,0.009940256364643574,0.00936309713870287,0.00936309713870287,5.958082169854606e-07,0.0012152865529060364,2.0517920347629115e-05,0.0001458462211303413
20,252.210205078125,0.0,-9590.201171875,-9590.201171875,9588.00390625,9588.00390625,11192.8671875,11329.0,11329.0,554.4819946289062,0.0,0.009461997076869011,0.009308711625635624,0.01002874132245779,0.009362949058413506,0.009362949058413506,5.87376632665837e-07,0.0013126370031386614,2.4028491679928266e-05,0.00015795239596627653
21,264.7207336425781,0.0,-9590.09765625,-9590.09765625,9588.00390625,9588.00390625,11198.6484375,11337.0,11337.0,554.48193359375,0.0,0.00948050245642662,0.009295940399169922,0.010123957879841328,0.00936635211110115,0.00936635211110115,5.896579864383966e-07,0.0014129877090454102,2.7926704206038266e-05,0.00017056842625606805
22,277.2312316894531,0.0,-9590.00390625,-9590.00390625,9588.00390625,9588.0048828125,11205.0625,11337.0,11337.0,554.4817504882812,0.0,0.009504237212240696,0.0092844907194376,0.010225299745798111,0.009373481385409832,0.009373481385409832,6.041258302502683e-07,0.0015164765063673258,3.224672400392592e-05,0.00018373886996414512
23,289.7417297363281,0.0,-9589.91796875,-9589.91796875,9588.00390625,9588.005859375,11209.78125,11339.0,11339.0,554.4815673828125,0.0,0.009533430449664593,0.00927471462637186,0.010332276113331318,0.00938447192311287,0.00938447192311287,6.311022957561363e-07,0.001623232034035027,3.7025882193120196e-05,0.00019750985666178167
24,302.25225830078125,0.0,-9589.83984375,-9589.83984375,9588.005859375,9588.0068359375,11214.5703125,11339.0,11339.0,554.4813232421875,0.0,0.009568272158503532,0.009263351559638977,0.010444500483572483,0.0093994140625,0.0093994140625,6.700094559164427e-07,0.0017333714058622718,4.230467675370164e-05,0.00021192811254877597
25,314.76275634765625,0.0,-9589.767578125,-9589.767578125,9588.005859375,9588.0078125,11218.9609375,11339.0,11339.0,554.4810791015625,0.0,0.009608912281692028,0.009248554706573486,0.010561664588749409,0.009418350644409657,0.009418350644409657,7.195373541435401e-07,0.0018470933428034186,4.812679617316462e-05,0.00022704008733853698
26,327.2732849121094,0.0,-9589.701171875,-9589.701171875,9588.0078125,9588.0087890625,11222.5546875,11340.0,11340.0,554.480712890625,0.0,0.009655455127358437,0.009234299883246422,0.010683546774089336,0.009441275149583817,0.009441275149583817,7.778154440529761e-07,0.001964549534022808,5.453913763631135e-05,0.00024289137218147516
27,339.7837829589844,0.0,-9589.640625,-9589.640625,9588.0078125,9588.009765625,11226.453125,11340.0,11340.0,554.4803466796875,0.0,0.009707970544695854,0.009220941923558712,0.010809985920786858,0.009468140080571175,0.009468140080571175,8.42586018734437e-07,0.002085895976051688,6.159181066323072e-05,0.0002595261321403086
28,352.2942810058594,0.0,-9589.583984375,-9589.583984375,9588.009765625,9588.0107421875,11229.8515625,11342.0,11342.0,554.47998046875,0.0,0.009766492992639542,0.00920892134308815,0.010940860956907272,0.009498855099081993,0.009498855099081993,9.114244789998338e-07,0.002211284590885043,6.93382098688744e-05,0.00027698700432665646
29,364.8048095703125,0.0,-9589.529296875,-9589.529296875,9588.009765625,9588.01171875,11232.65625,11342.0,11342.0,554.4794921875,0.0,0.009831025265157223,0.009197025559842587,0.011076096445322037,0.009533293545246124,0.009533293545246124,9.819699471336207e-07,0.0023409046698361635,7.783505861880258e-05,0.00029531490872614086
30,377.3153076171875,0.0,-9589.48046875,-9589.48046875,9588.01171875,9588.013671875,11236.03125,11342.0,11342.0,554.47900390625,0.0,0.009901550598442554,0.009181404486298561,0.01121564581990242,0.009571301750838757,0.009571301750838757,1.0521574722588412e-06,0.0024749275762587786,8.714255091035739e-05,0.0003145490773022175
31,389.8258361816406,0.0,-9589.435546875,-9589.435546875,9588.0126953125,9588.0146484375,11238.6328125,11342.0,11342.0,554.4784545898438,0.0,0.009978030808269978,0.009167223237454891,0.011359485797584057,0.00961269810795784,0.00961269810795784,1.1203084113731165e-06,0.0026135060470551252,9.732445323606953e-05,0.00033472717041149735
32,402.3363342285156,0.0,-9589.392578125,-9589.392578125,9588.013671875,9588.0166015625,11241.375,11342.0,11342.0,554.477783203125,0.0,0.010060416534543037,0.009144394658505917,0.01150762289762497,0.009657285176217556,0.009657285176217556,1.1851727776956977e-06,0.0027568035293370485,0.00010844829375855625,0.0003558854223228991
33,414.8468322753906,0.0,-9589.3525390625,-9589.3525390625,9588.015625,9588.0185546875,11244.25,11344.0,11344.0,554.4771728515625,0.0,0.01014864444732666,0.00912131741642952,0.011660069227218628,0.009704846888780594,0.009704846888780594,1.245863018084492e-06,0.0029049888253211975,0.00012058550055371597,0.0003780586994253099
34,427.35736083984375,0.0,-9589.314453125,-9589.314453125,9588.017578125,9588.0205078125,11246.609375,11344.0,11344.0,554.4764404296875,0.0,0.010242653079330921,0.00909869372844696,0.011816856451332569,0.009755156934261322,0.009755156934261322,1.301810925724567e-06,0.0030582291074097157,0.00013381159806158394,0.0004012806748505682
35,439.86785888671875,0.0,-9589.279296875,-9589.279296875,9588.01953125,9588.0224609375,11249.7734375,11344.0,11344.0,554.4756469726562,0.0,0.010342376306653023,0.009077107533812523,0.01197802647948265,0.009807980619370937,0.009807980619370937,1.3526822613130207e-06,0.0032166754826903343,0.00014820642536506057,0.000425583915784955
36,452.3783874511719,0.0,-9589.2470703125,-9589.2470703125,9588.021484375,9588.0244140625,11252.3515625,11347.0,11347.0,554.4747314453125,0.0,0.010447745211422443,0.009057249873876572,0.012143634259700775,0.009863078594207764,0.009863078594207764,1.3983737972012023e-06,0.003380505135282874,0.00016385436174459755,0.0004509998834691942
37,464.8888854980469,0.0,-9589.2158203125,-9589.2158203125,9588.0234375,9588.02734375,11254.1171875,11350.0,11350.0,554.473876953125,0.0,0.010558702982962132,0.009039919823408127,0.012313734740018845,0.009920207783579826,0.009920207783579826,1.4389667057912447e-06,0.003549800021573901,0.00018084447947330773,0.00047755916602909565
38,477.3993835449219,0.0,-9589.1875,-9589.1875,9588.025390625,9588.0302734375,11256.109375,11350.0,11350.0,554.472900390625,0.0,0.010675189085304737,0.009023970924317837,0.012488399632275105,0.009979122318327427,0.009979122318327427,1.4747539580639568e-06,0.0037247221916913986,0.00019927085668314248,0.0005052910419180989
39,489.909912109375,0.0,-9589.16015625,-9589.16015625,9588.029296875,9588.033203125,11258.6953125,11350.0,11350.0,554.471923828125,0.0,0.01079715508967638,0.008999843150377274,0.012667704373598099,0.010039574466645718,0.010039574466645718,1.5062079228300718e-06,0.0039054485969245434,0.00021923273743595928,0.0005342239164747298
40,502.42041015625,0.0,-9589.134765625,-9589.134765625,9588.03125,9588.0361328125,11260.4140625,11350.0,11350.0,554.4708251953125,0.0,0.01092455629259348,0.008972533978521824,0.01285172812640667,0.01010132022202015,0.01010132022202015,1.5339204537667683e-06,0.004092110786587,0.00024083477910608053,0.0005643847398459911
41,514.930908203125,0.0,-9589.111328125,-9589.111328125,9588.03515625,9588.0390625,11262.046875,11350.0,11350.0,554.4697265625,0.0,0.011057361029088497,0.008944334462285042,0.013040554709732533,0.010164112783968449,0.010164112783968449,1.5585674191243015e-06,0.004284817725419998,0.0002641873143147677,0.0005957992980256677
42,527.4414672851562,0.0,-9589.087890625,-9589.087890625,9588.037109375,9588.04296875,11263.5546875,11350.0,11350.0,554.468505859375,0.0,0.011195540428161621,0.008898703381419182,0.013234274461865425,0.010227706283330917,0.010227706283330917,1.580882781127002e-06,0.004483712371438742,0.0002894065692089498,0.0006284918636083603
43,539.9519653320312,0.0,-9589.068359375,-9589.068359375,9588.041015625,9588.046875,11265.4140625,11350.0,11350.0,554.46728515625,0.0,0.011339077726006508,0.008845649659633636,0.013432980515062809,0.010291854850947857,0.010291854850947857,1.6016192603274249e-06,0.0046889507211744785,0.000316614838084206,0.0006624849047511816
44,552.4624633789062,0.0,-9589.048828125,-9589.048828125,9588.044921875,9588.0517578125,11266.875,11350.0,11350.0,554.4659423828125,0.0,0.011487962678074837,0.008792376145720482,0.013636770658195019,0.010356319136917591,0.010356319136917591,1.6215295772781246e-06,0.004900665022432804,0.0003459408471826464,0.0006977992015890777
45,564.9729614257812,0.0,-9589.03125,-9589.03125,9588.048828125,9588.056640625,11268.0546875,11356.0,11356.0,554.464599609375,0.0,0.011642197147011757,0.008739722892642021,0.013845751993358135,0.010420850478112698,0.010420850478112698,1.6413107459811727e-06,0.005118988454341888,0.00037751987110823393,0.0007344531477428973
46,577.4834594726562,0.0,-9589.013671875,-9589.013671875,9588.0546875,9588.0615234375,11269.3046875,11356.0,11356.0,554.4630737304688,0.0,0.011801788583397865,0.008688637986779213,0.01406002976000309,0.010485205799341202,0.010485205799341202,1.6616201037322753e-06,0.00534405093640089,0.0004114940529689193,0.0007724628667347133
47,589.9940185546875,0.0,-9588.998046875,-9588.998046875,9588.05859375,9588.06640625,11270.7109375,11356.0,11356.0,554.4615478515625,0.0,0.011966750025749207,0.008640211075544357,0.014279719442129135,0.010549142025411129,0.010549142025411129,1.6830322238092776e-06,0.005575993098318577,0.00044801257899962366,0.000811841688118875
48,602.5045166015625,0.0,-9588.984375,-9588.984375,9588.064453125,9588.072265625,11272.1328125,11356.0,11356.0,554.4599609375,0.0,0.012137112207710743,0.00859567429870367,0.014504930004477501,0.01061241328716278,0.01061241328716278,1.7060323216355755e-06,0.0058149718679487705,0.00048723191139288247,0.000852599972859025
49,615.0150146484375,0.0,-9588.970703125,-9588.970703125,9588.0703125,9588.0791015625,11273.390625,11357.0,11357.0,554.458251953125,0.0,0.012312903068959713,0.008556448854506016,0.014735777862370014,0.010674770921468735,0.010674770921468735,1.7309527038378292e-06,0.006061130668967962,0.0005293160211294889,0.0008947446476668119
50,627.5255126953125,0.0,-9588.958984375,-9588.958984375,9588.076171875,9588.0849609375,11274.515625,11357.0,11357.0,554.4564819335938,0.0,0.012494166381657124,0.008524141274392605,0.014972386881709099,0.010735968127846718,0.010735968127846718,1.7580445046405657e-06,0.006314582657068968,0.0005744366208091378,0.0009382789139635861
51,640.0360107421875,0.0,-9588.9482421875,-9588.9482421875,9588.08203125,9588.0927734375,11275.703125,11360.0,11360.0,554.45458984375,0.0,0.012680948711931705,0.008484933525323868,0.015214882791042328,0.010795754380524158,0.010795754380524158,1.787426640476042e-06,0.0065754675306379795,0.0006227733101695776,0.000983201782219112
52,652.5465698242188,0.0,-9588.9384765625,-9588.9384765625,9588.0888671875,9588.1005859375,11277.03125,11360.0,11360.0,554.4526977539062,0.0,0.012873303145170212,0.0084371417760849,0.015463399700820446,0.010853874497115612,0.010853874497115612,1.8191151411883766e-06,0.00684393709525466,0.0006745138089172542,0.0010295077227056026
53,665.0570678710938,0.0,-9588.9296875,-9588.9296875,9588.095703125,9588.1083984375,11278.0859375,11360.0,11360.0,554.45068359375,0.0,0.01307129580527544,0.008397516794502735,0.015718065202236176,0.010910069569945335,0.010910069569945335,1.8530794250182225e-06,0.007120128255337477,0.0007298542186617851,0.0010771863162517548
54,677.5675659179688,0.0,-9588.921875,-9588.921875,9588.103515625,9588.1171875,11279.2421875,11363.0,11363.0,554.4486083984375,0.0,0.01327499095350504,0.008368213661015034,0.015979014337062836,0.01096408348530531,0.01096408348530531,1.8892245634560823e-06,0.0074041555635631084,0.0007889990229159594,0.0011262212647125125
55,690.0780639648438,0.0,-9588.916015625,-9588.916015625,9588.11328125,9588.126953125,11279.890625,11363.0,11363.0,554.4464111328125,0.0,0.013484462164342403,0.00834829080849886,0.016246391460299492,0.011015650816261768,0.011015650816261768,1.927426637848839e-06,0.007696132641285658,0.0008521614945493639,0.0011765906820073724
56,702.5885620117188,0.0,-9588.91015625,-9588.91015625,9588.12109375,9588.13671875,11280.8359375,11366.0,11366.0,554.444091796875,0.0,0.013699793256819248,0.008293990045785904,0.016520341858267784,0.0110645005479455,0.0110645005479455,1.9675394469231833e-06,0.00799620058387518,0.0009195636957883835,0.0012282662792131305
57,715.09912109375,0.0,-9588.90625,-9588.90625,9588.130859375,9588.1474609375,11281.515625,11366.0,11366.0,554.441650390625,0.0,0.013921069912612438,0.008245942182838917,0.016801008954644203,0.01111036166548729,0.01111036166548729,2.0094191768293967e-06,0.008304480463266373,0.0009914364200085402,0.001281212316825986
58,727.609619140625,0.0,-9588.90234375,-9588.90234375,9588.140625,9588.158203125,11282.046875,11367.0,11367.0,554.439208984375,0.0,0.014148385263979435,0.008198856376111507,0.017088545486330986,0.011152953840792179,0.011152953840792179,2.0528473214653786e-06,0.008621097542345524,0.001068019773811102,0.0013353858375921845
59,740.1201171875,0.0,-9588.90234375,-9588.90234375,9588.15234375,9588.169921875,11282.9453125,11367.0,11367.0,554.4365844726562,0.0,0.014381835237145424,0.008146945387125015,0.017383113503456116,0.011191998608410358,0.011191998608410358,2.09758081837208e-06,0.008946177549660206,0.0011495630024001002,0.0013907355023548007
60,752.630615234375,0.0,-9588.900390625,-9588.900390625,9588.1640625,9588.18359375,11283.6328125,11369.0,11369.0,554.433837890625,0.0,0.014621524140238762,0.008087541908025742,0.017684875056147575,0.011227203533053398,0.011227203533053398,2.1432765606732573e-06,0.009279859252274036,0.0012363243149593472,0.0014472015900537372
61,765.14111328125,0.0,-9588.900390625,-9588.900390625,9588.17578125,9588.197265625,11284.3359375,11369.0,11369.0,554.4309692382812,0.0,0.014867565594613552,0.008035095408558846,0.01799398474395275,0.011258275248110294,0.011258275248110294,2.189553242715192e-06,0.009622231125831604,0.0013285712338984013,0.0015047146007418633
62,777.6516723632812,0.0,-9588.90234375,-9588.90234375,9588.189453125,9588.2109375,11285.0859375,11369.0,11369.0,554.4280395507812,0.0,0.015120069496333599,0.007991032674908638,0.01831061765551567,0.01128491759300232,0.01128491759300232,2.2359452032105764e-06,0.009973441250622272,0.0014265807112678885,0.0015631952555850148
63,790.1621704101562,0.0,-9588.904296875,-9588.904296875,9588.203125,9588.2265625,11285.7734375,11369.0,11369.0,554.4248657226562,0.0,0.015379158779978752,0.00789661891758442,0.018634943291544914,0.01130682323127985,0.01130682323127985,2.2819428977527423e-06,0.010333576239645481,0.0015306390123441815,0.0016225535655394197
64,802.6726684570312,0.0,-9588.908203125,-9588.908203125,9588.21875,9588.2431640625,11286.84375,11374.0,11374.0,554.421630859375,0.0,0.01564495824277401,0.007797783240675926,0.01896713674068451,0.011323682963848114,0.011323682963848114,2.3270383735507494e-06,0.010702776722609997,0.0016410410171374679,0.0016826883656904101
65,815.1831665039062,0.0,-9588.9140625,-9588.9140625,9588.234375,9588.2607421875,11287.6015625,11380.0,11380.0,554.4182739257812,0.0,0.015917599201202393,0.007703348528593779,0.019307386130094528,0.011335181072354317,0.011335181072354317,2.3707534637651406e-06,0.011081143282353878,0.0017580915009602904,0.0017434863839298487
66,827.6936645507812,0.0,-9588.919921875,-9588.919921875,9588.25,9588.2783203125,11288.3359375,11380.0,11380.0,554.414794921875,0.0,0.016197213903069496,0.007614219561219215,0.019655875861644745,0.011340995319187641,0.011340995319187641,2.412625462966389e-06,0.011468768119812012,0.0018821038538590074,0.0018048214260488749
67,840.2042236328125,0.0,-9588.927734375,-9588.927734375,9588.267578125,9588.2978515625,11289.078125,11380.0,11380.0,554.4110717773438,0.0,0.01648394763469696,0.007531427778303623,0.020012790337204933,0.011340801604092121,0.011340801604092121,2.452290800647461e-06,0.011865724809467793,0.00201339996419847,0.0018665546085685492
68,852.7147216796875,0.0,-9588.9375,-9588.9375,9588.287109375,9588.318359375,11289.65625,11380.0,11380.0,554.4072265625,0.0,0.016777943819761276,0.007456148974597454,0.02037833072245121,0.011334266513586044,0.011334266513586044,2.4895209662645357e-06,0.012272114865481853,0.0021523109171539545,0.0019285324960947037
69,865.2252197265625,0.0,-9588.947265625,-9588.947265625,9588.306640625,9588.33984375,11290.046875,11380.0,11380.0,554.4031982421875,0.0,0.01707935333251953,0.00738972844555974,0.020752694457769394,0.0113210529088974,0.0113210529088974,2.5241974981327076e-06,0.012687995098531246,0.0022991758305579424,0.001990587217733264
70,877.7357177734375,0.0,-9588.958984375,-9588.958984375,9588.328125,9588.36328125,11290.921875,11380.0,11380.0,554.3990478515625,0.0,0.01738833449780941,0.007333669811487198,0.0211360864341259,0.011300820857286453,0.011300820857286453,2.556299023126485e-06,0.013113457709550858,0.0024543418549001217,0.002052535768598318
71,890.2462158203125,0.0,-9588.97265625,-9588.97265625,9588.349609375,9588.3876953125,11291.9453125,11380.0,11380.0,554.3946533203125,0.0,0.017705043777823448,0.007289609406143427,0.021528711542487144,0.011273226700723171,0.011273226700723171,2.585942866062396e-06,0.013548613525927067,0.002618163824081421,0.0021141786128282547
72,902.7567749023438,0.0,-9588.9873046875,-9588.9873046875,9588.373046875,9588.4130859375,11292.6015625,11380.0,11380.0,554.3900756835938,0.0,0.018029650673270226,0.007259217090904713,0.021930787712335587,0.011237917467951775,0.011237917467951775,2.6133818664675346e-06,0.013993501663208008,0.0027910040225833654,0.0021752999164164066
73,915.2672729492188,0.0,-9589.00390625,-9589.00390625,9588.3984375,9588.439453125,11293.03125,11380.0,11380.0,554.3853149414062,0.0,0.01836232654750347,0.00724407471716404,0.022342532873153687,0.011194545775651932,0.011194545775651932,2.6389584490971174e-06,0.01444817055016756,0.0029732317198067904,0.0022356670815497637
74,927.7777709960938,0.0,-9589.021484375,-9589.021484375,9588.423828125,9588.46875,11293.5703125,11380.0,11380.0,554.38037109375,0.0,0.018703244626522064,0.007245467510074377,0.022764164954423904,0.01114275585860014,0.01114275585860014,2.6631525997800054e-06,0.014912662096321583,0.0031652224715799093,0.0022950293496251106
75,940.2882690429688,0.0,-9589.041015625,-9589.041015625,9588.451171875,9588.498046875,11294.203125,11380.0,11380.0,554.3751220703125,0.0,0.01905258558690548,0.007264194544404745,0.023195920512080193,0.011082189157605171,0.011082189157605171,2.686561629161588e-06,0.01538702379912138,0.0033673569560050964,0.002353118034079671
76,952.7987670898438,0.0,-9589.0625,-9589.0625,9588.48046875,9588.529296875,11294.6328125,11380.0,11380.0,554.3697509765625,0.0,0.01941053383052349,0.0073004416190087795,0.02363802306354046,0.011012491770088673,0.011012491770088673,2.7097987640445353e-06,0.015871291980147362,0.0035800221376121044,0.002409646287560463
77,965.309326171875,0.0,-9589.0849609375,-9589.0849609375,9588.5107421875,9588.5625,11295.0859375,11380.0,11380.0,554.3640747070312,0.0,0.01977727934718132,0.007250053808093071,0.024090716615319252,0.010933306068181992,0.010933306068181992,2.733532483034651e-06,0.016365475952625275,0.0038036091718822718,0.002464307937771082
78,977.81982421875,0.0,-9589.1103515625,-9589.1103515625,9588.54296875,9588.59765625,11295.7578125,11382.0,11382.0,554.358154296875,0.0,0.020153015851974487,0.007185077760368586,0.024554241448640823,0.01084427535533905,0.01084427535533905,2.758461960183922e-06,0.016869617626070976,0.004038512706756592,0.002516778651624918
79,990.330322265625,0.0,-9589.13671875,-9589.13671875,9588.576171875,9588.6337890625,11296.328125,11382.0,11382.0,554.3519897460938,0.0,0.020537948235869408,0.007130294572561979,0.02502884902060032,0.010745050385594368,0.010745050385594368,2.7852520361193456e-06,0.017383744940161705,0.004285132046788931,0.0025667145382612944
80,1002.8408203125,0.0,-9589.1640625,-9589.1640625,9588.611328125,9588.6728515625,11297.015625,11382.0,11382.0,554.3455810546875,0.0,0.0209322702139616,0.007087134290486574,0.02551478147506714,0.010635284706950188,0.010635284706950188,2.8144518182671163e-06,0.017907865345478058,0.004543866962194443,0.002613753080368042
81,1015.351318359375,0.0,-9589.193359375,-9589.193359375,9588.6484375,9588.712890625,11297.6640625,11382.0,11382.0,554.3388671875,0.0,0.021336201578378677,0.00705707585439086,0.02601231075823307,0.010514633730053902,0.010514633730053902,2.846481265805778e-06,0.018441952764987946,0.004815120715647936,0.002657512668520212
82,1027.86181640625,0.0,-9589.2265625,-9589.2265625,9588.6875,9588.7548828125,11298.109375,11388.0,11388.0,554.331787109375,0.0,0.0217499490827322,0.00704153859987855,0.02652168832719326,0.010382764041423798,0.010382764041423798,2.8815561563533265e-06,0.018985990434885025,0.005099296569824219,0.002697594929486513
83,1040.372314453125,0.0,-9589.26171875,-9589.26171875,9588.728515625,9588.798828125,11298.46875,11392.0,11392.0,554.324462890625,0.0,0.022173738107085228,0.007041738834232092,0.027043187990784645,0.010239353403449059,0.010239353403449059,2.91979631583672e-06,0.01953994296491146,0.005396798253059387,0.002733582630753517
84,1052.8829345703125,0.0,-9589.296875,-9589.296875,9588.771484375,9588.845703125,11298.8359375,11392.0,11392.0,554.3168334960938,0.0,0.02260778844356537,0.007058525923639536,0.027577074244618416,0.010084092617034912,0.010084092617034912,2.9611430818476947e-06,0.02010379545390606,0.005708029959350824,0.002765042707324028
85,1065.3934326171875,0.0,-9589.3359375,-9589.3359375,9588.8154296875,9588.8935546875,11299.25,11392.0,11392.0,554.308837890625,0.0,0.023052329197525978,0.0070314607582986355,0.028123632073402405,0.009916688315570354,0.009916688315570354,3.0055105071369326e-06,0.02067749947309494,0.006033394020050764,0.002791526960209012
86,1077.9039306640625,0.0,-9589.376953125,-9589.376953125,9588.8623046875,9588.9443359375,11299.875,11392.0,11392.0,554.3004760742188,0.0,0.02350759506225586,0.006983287166804075,0.028683150187134743,0.00973686296492815,0.00973686296492815,3.0527799026458524e-06,0.02126103825867176,0.006373290903866291,0.002812574151903391
87,1090.4144287109375,0.0,-9589.419921875,-9589.419921875,9588.9111328125,9588.9970703125,11300.34375,11392.0,11392.0,554.291748046875,0.0,0.023973826318979263,0.006947237998247147,0.029255902394652367,0.009544367901980877,0.009544367901980877,3.102956725342665e-06,0.021854333579540253,0.006728119682520628,0.0028277102392166853
88,1102.9249267578125,0.0,-9589.46484375,-9589.46484375,9588.9619140625,9589.0517578125,11300.8984375,11391.0,11392.0,554.2826538085938,0.0,0.02445126697421074,0.006907307542860508,0.029842186719179153,0.009338973090052605,0.009338973090052605,3.1560819024889497e-06,0.02245732955634594,0.007098275702446699,0.0028364534955471754
89,1115.4354248046875,0.0,-9589.5126953125,-9589.5126953125,9589.015625,9589.109375,11301.3125,11391.0,11392.0,554.273193359375,0.0,0.024940166622400284,0.006847055163234472,0.030442306771874428,0.009120486676692963,0.009120486676692963,3.2123323308042018e-06,0.023069974035024643,0.0074841538444161415,0.0028383147437125444
90,1127.9459228515625,0.0,-9589.5625,-9589.5625,9589.0703125,9589.1689453125,11302.1171875,11394.0,11394.0,554.26318359375,0.0,0.02544078230857849,0.0067967907525599,0.031056566163897514,0.008888748474419117,0.008888748474419117,3.2719810860726284e-06,0.023692214861512184,0.007886144332587719,0.00283280317671597
91,1140.4564208984375,0.0,-9589.6142578125,-9589.6142578125,9589.1279296875,9589.2314453125,11302.6484375,11396.0,11396.0,554.2528076171875,0.0,0.025953372940421104,0.006757561583071947,0.03168526664376259,0.00864364206790924,0.00864364206790924,3.3353098842781037e-06,0.02432398684322834,0.008304635062813759,0.002819429151713848
92,1152.9669189453125,0.0,-9589.6689453125,-9589.6689453125,9589.1884765625,9589.296875,11303.078125,11396.0,11396.0,554.241943359375,0.0,0.026478201150894165,0.00673042144626379,0.032328732311725616,0.008385100401937962,0.008385100401937962,3.4027243600576185e-06,0.024965180084109306,0.008740016259253025,0.002797709545120597
93,1165.4774169921875,0.0,-9589.7265625,-9589.7265625,9589.2509765625,9589.3642578125,11303.578125,11396.0,11396.0,554.2305908203125,0.0,0.02701554261147976,0.006716378964483738,0.03298727795481682,0.008113106712698936,0.008113106712698936,3.4745364700938808e-06,0.025615744292736053,0.00919267162680626,0.002767173806205392
94,1177.988037109375,0.0,-9589.787109375,-9589.787109375,9589.31640625,9589.4345703125,11303.9921875,11396.0,11396.0,554.21875,0.0,0.027565667405724525,0.006657017394900322,0.03366123139858246,0.00782771036028862,0.00782771036028862,3.551134113877197e-06,0.02627561055123806,0.00966299045830965,0.0027273697778582573
95,1190.49853515625,0.0,-9589.8505859375,-9589.8505859375,9589.384765625,9589.5078125,11304.375,11396.0,11396.0,554.2064208984375,0.0,0.028128862380981445,0.006600768305361271,0.0343509204685688,0.0075290328823029995,0.0075290328823029995,3.6328547139419243e-06,0.026944709941744804,0.010151364840567112,0.0026778727769851685
96,1203.009033203125,0.0,-9589.916015625,-9589.916015625,9589.455078125,9589.583984375,11304.8515625,11396.0,11396.0,554.1934814453125,0.0,0.028705410659313202,0.006554625928401947,0.03505668416619301,0.007217273581773043,0.007217273581773043,3.7199206417426467e-06,0.0276230089366436,0.01065819337964058,0.0026182932779192924
97,1215.51953125,0.0,-9589.984375,-9589.984375,9589.5283203125,9589.662109375,11305.21875,11396.0,11396.0,554.1799926757812,0.0,0.029295606538653374,0.00651946198195219,0.035778868943452835,0.006892727687954903,0.006892727687954903,3.812533577729482e-06,0.02831045538187027,0.01118388306349516,0.0025482887867838144
98,1228.030029296875,0.0,-9590.0546875,-9590.0546875,9589.603515625,9589.744140625,11305.78125,11396.0,11396.0,554.1658935546875,0.0,0.02989974431693554,0.006496137008070946,0.03651781752705574,0.006555788218975067,0.006555788218975067,3.910843588528223e-06,0.029007060453295708,0.011728857643902302,0.002467575017362833
99,1240.54052734375,0.0,-9590.12890625,-9590.12890625,9589.68359375,9589.8291015625,11306.3046875,11396.0,11396.0,554.151123046875,0.0,0.03051813133060932,0.00648545753210783,0.037273891270160675,0.0062069701962172985,0.0062069701962172985,4.01479928768822e-06,0.029712829738855362,0.012293561361730099,0.002375940326601267
100,1253.051025390625,0.0,-9590.20703125,-9590.20703125,9589.765625,9589.9169921875,11306.8046875,11396.0,11396.0,554.1357421875,0.0,0.031151073053479195,0.006488122045993805,0.03804745152592659,0.005846911575645208,0.005846911575645208,4.124317911191611e-06,0.03042781725525856,0.01287846453487873,0.0022732627112418413
101,1265.5615234375,0.0,-9590.287109375,-9590.287109375,9589.849609375,9590.0078125,11307.21875,11396.0,11396.0,554.11962890625,0.0,0.03179888799786568,0.006442380137741566,0.03883887082338333,0.005476399324834347,0.005476399324834347,4.239276222506305e-06,0.031152086332440376,0.013484074734151363,0.0021595291327685118
102,1278.072021484375,0.0,-9590.37109375,-9590.37109375,9589.9375,9590.1025390625,11307.7421875,11396.0,11396.0,554.1028442382812,0.0,0.032461896538734436,0.0063969166949391365,0.039648521691560745,0.005096378270536661,0.005096378270536661,4.359371359896613e-06,0.03188575804233551,0.014110946096479893,0.0020348592661321163
103,1290.58251953125,0.0,-9590.458984375,-9590.458984375,9590.029296875,9590.2001953125,11308.09375,11396.0,11396.0,554.0852661132812,0.0,0.03314042463898659,0.006363175809383392,0.04047678783535957,0.004707967862486839,0.004707967862486839,4.484411419980461e-06,0.03262897580862045,0.014759683981537819,0.0018995350692421198
104,1303.0931396484375,0.0,-9590.548828125,-9590.548828125,9590.123046875,9590.3017578125,11308.25,11396.0,11396.0,554.06689453125,0.0,0.03383481502532959,0.006342150736600161,0.04132406413555145,0.00431247940286994,0.00431247940286994,4.6141126404108945e-06,0.03338194638490677,0.015430969186127186,0.001754038967192173
105,1315.6036376953125,0.0,-9590.642578125,-9590.642578125,9590.220703125,9590.40625,11308.71875,11396.0,11396.0,554.0477294921875,0.0,0.034545402973890305,0.006334763020277023,0.04219074174761772,0.003911430016160011,0.003911430016160011,4.7481385081482586e-06,0.034144964069128036,0.01612556353211403,0.0015991063555702567
106,1328.1141357421875,0.0,-9590.740234375,-9590.740234375,9590.322265625,9590.515625,11309.203125,11396.0,11396.0,554.0276489257812,0.0,0.03527254983782768,0.006341769825667143,0.043077252805233,0.003506558481603861,0.003506558481603861,4.8862380026548635e-06,0.03491842746734619,0.01684432290494442,0.0014358041808009148
107,1340.6246337890625,0.0,-9590.8408203125,-9590.8408203125,9590.427734375,9590.6279296875,11309.5546875,11396.0,11396.0,554.0067138671875,0.0,0.03601660579442978,0.006363690830767155,0.043984007090330124,0.0030998343136161566,0.0030998343136161566,5.028083705838071e-06,0.035702772438526154,0.01758822239935398,0.0012656605103984475
108,1353.1351318359375,0.0,-9590.9462890625,-9590.9462890625,9590.5361328125,9590.7451171875,11310.0546875,11396.0,11396.0,553.9848022460938,0.0,0.03677794709801674,0.006364514119923115,0.04491144046187401,0.0026934684719890356,0.0026934684719890356,5.173320005269488e-06,0.036498524248600006,0.018358362838625908,0.001090900506824255
109,1365.6456298828125,0.0,-9591.0556640625,-9591.0556640625,9590.6494140625,9590.8662109375,11310.328125,11396.0,11396.0,553.9619750976562,0.0,0.03755694627761841,0.0063668908551335335,0.04585999995470047,0.002289914060384035,0.002289914060384035,5.32158537680516e-06,0.0373062901198864,0.01915600150823593,0.0009149269317276776
110,1378.1561279296875,0.0,-9591.169921875,-9591.169921875,9590.767578125,9590.9921875,11310.6875,11396.0,11396.0,553.9380493164062,0.0,0.03835400938987732,0.00633417209610343,0.04683014750480652,0.0018918620189651847,0.0018918868154287338,5.472499651659746e-06,0.03812680020928383,0.01998254656791687,0.0007433976279571652
111,1390.6666259765625,0.0,-9591.2880859375,-9591.2880859375,9590.8896484375,9591.123046875,11311.125,11396.0,11396.0,553.9130859375,0.0,0.03916953131556511,0.006293452810496092,0.04782235622406006,0.0015022286679595709,0.001514268689788878,5.625553058052901e-06,0.03896085172891617,0.020839590579271317,0.0005867871223017573
112,1403.1771240234375,0.0,-9591.41015625,-9591.41015625,9591.015625,9591.259765625,11311.5546875,11396.0,11396.0,553.886962890625,0.0,0.04000392183661461,0.006261568050831556,0.04883711785078049,0.0011241304455325007,0.001261580502614379,5.780172159575159e-06,0.039809372276067734,0.02172890305519104,0.0004658559337258339
113,1415.6876220703125,0.0,-9591.5390625,-9591.5390625,9591.1474609375,9591.400390625,11311.921875,11396.0,11396.0,553.8597412109375,0.0,0.04085762798786163,0.006214185617864132,0.04987494274973869,0.0007608467130921781,0.0011879047378897667,5.935753506491892e-06,0.04067332670092583,0.02265244908630848,0.00041510086157359183
114,1428.1982421875,0.0,-9591.6728515625,-9591.6728515625,9591.28515625,9591.5478515625,11312.4296875,11396.0,11396.0,553.8311767578125,0.0,0.0417310893535614,0.006170740816742182,0.05093634873628616,0.00041576981311663985,0.0012369444593787193,6.091461727919523e-06,0.0415538027882576,0.023612380027770996,0.0004559630178846419
115,1440.708740234375,0.0,-9591.8125,-9591.8125,9591.427734375,9591.701171875,11312.6640625,11396.0,11396.0,553.8013916015625,0.0,0.04262476786971092,0.0061359223909676075,0.05202188342809677,9.234050230588764e-05,0.0013520196080207825,6.2464641814585775e-06,0.0424518845975399,0.02461102046072483,0.0005633457913063467
116,1453.21923828125,0.0,-9591.95703125,-9591.95703125,9591.576171875,9591.861328125,11313.03125,11400.0,11400.0,553.770263671875,0.0,0.043539151549339294,0.006110160145908594,0.053132135421037674,-0.000206029144464992,0.0014960867119953036,6.399556241376558e-06,0.04336873069405556,0.025650858879089355,0.0006999919423833489
117,1465.729736328125,0.0,-9592.109375,-9592.109375,9591.732421875,9592.029296875,11313.578125,11400.0,11400.0,553.73779296875,0.0,0.04447474330663681,0.006093893200159073,0.054267674684524536,-0.0004760432639159262,0.0016473329160362482,6.54961195323267e-06,0.04430551454424858,0.026734521612524986,0.000843261310365051
118,1478.240234375,0.0,-9592.26953125,-9592.26953125,9591.89453125,9592.203125,11314.0546875,11400.0,11400.0,553.7037963867188,0.0,0.045432060956954956,0.006074334494769573,0.05542910471558571,-0.0007146174320951104,0.0017911276081576943,6.6951638473256025e-06,0.04526335746049881,0.027864743024110794,0.0009810824412852526
119,1490.750732421875,0.0,-9592.435546875,-9592.435546875,9592.064453125,9592.38671875,11314.2734375,11400.0,11400.0,553.6681518554688,0.0,0.04641163721680641,0.006056858692318201,0.05661706253886223,-0.0009189772536046803,0.001917571877129376,6.83492680764175e-06,0.04624335095286369,0.029044317081570625,0.0011061886325478554
120,1503.26123046875,0.0,-9592.6103515625,-9592.6103515625,9592.2421875,9592.5771484375,11314.5234375,11400.0,11400.0,553.6310424804688,0.0,0.047414034605026245,0.00605365913361311,0.05783220753073692,-0.0010867557721212506,0.0020202817395329475,6.967578428884735e-06,0.04724650830030441,0.03027608059346676,0.001213517622090876
121,1515.771728515625,0.0,-9592.7939453125,-9592.7939453125,9592.4287109375,9592.77734375,11314.9921875,11400.0,11400.0,553.5922241210938,0.0,0.04843984544277191,0.006065332796424627,0.05907519534230232,-0.0012160870246589184,0.002094136318191886,7.091988663887605e-06,0.048273760825395584,0.03156286105513573,0.0012991931289434433
122,1528.2822265625,0.0,-9592.9853515625,-9592.9853515625,9592.623046875,9592.986328125,11315.2890625,11400.0,11400.0,553.5515747070312,0.0,0.04948965460062027,0.006092241499572992,0.06034672632813454,-0.0013056887546554208,0.002135614166036248,7.207302587630693e-06,0.04932596534490585,0.032907452434301376,0.0013601413229480386
123,1540.792724609375,0.0,-9593.185546875,-9593.185546875,9592.826171875,9593.2060546875,11315.4921875,11400.0,11400.0,553.5090942382812,0.0,0.05056408792734146,0.006098495330661535,0.06164750084280968,-0.0013549375580623746,0.002142791636288166,7.312918114621425e-06,0.05040380731225014,0.034312594681978226,0.001393966842442751
124,1553.3033447265625,0.0,-9593.396484375,-9593.396484375,9593.0390625,9593.435546875,11315.9765625,11400.0,11400.0,553.4646606445312,0.0,0.051663778722286224,0.006072173360735178,0.06297826021909714,-0.001363930176012218,0.0021144964266568422,7.408760666294256e-06,0.051507916301488876,0.03578096255660057,0.0013989467406645417
125,1565.8138427734375,0.0,-9593.6171875,-9593.6171875,9593.263671875,9593.67578125,11316.453125,11400.0,11400.0,553.418212890625,0.0,0.05278937146067619,0.006043857429176569,0.06433972716331482,-0.0013335348339751363,0.0020507611334323883,7.494950750697171e-06,0.05263884365558624,0.037315160036087036,0.001374084153212607
126,1578.3243408203125,0.0,-9593.84765625,-9593.84765625,9593.4970703125,9593.927734375,11316.6796875,11400.0,11400.0,553.36962890625,0.0,0.053941547870635986,0.0060254232957959175,0.06573265790939331,-0.001265430124476552,0.001952544436790049,7.5721727625932544e-06,0.05379701033234596,0.03891774266958237,0.0013192042242735624
127,1590.8348388671875,0.0,-9594.08984375,-9594.08984375,9593.7421875,9594.1904296875,11317.171875,11400.0,11400.0,553.31884765625,0.0,0.055120982229709625,0.0060174413956701756,0.06715782731771469,-0.0011621331796050072,0.0018219318008050323,7.641423508175649e-06,0.054982833564281464,0.04059126228094101,0.0012350918259471655
128,1603.3453369140625,0.0,-9594.3427734375,-9594.3427734375,9593.998046875,9594.4658203125,11317.515625,11400.0,11400.0,553.265625,0.0,0.05632837116718292,0.006020473316311836,0.06861601024866104,-0.001027015852741897,0.0016618967056274414,7.7038293966325e-06,0.05619671568274498,0.042338281869888306,0.0011236969148740172
129,1615.8558349609375,0.0,-9594.6083984375,-9594.6083984375,9594.265625,9594.75390625,11317.7578125,11400.0,11400.0,553.2100219726562,0.0,0.05756441876292229,0.006035040132701397,0.07010798156261444,-0.0008643050095997751,0.0014764437219128013,7.760754670016468e-06,0.05743902921676636,0.04416145011782646,0.0009884762112051249
130,1628.3663330078125,0.0,-9594.8857421875,-9594.8857421875,9594.5458984375,9595.0546875,11318.1640625,11400.0,11400.0,553.1517944335938,0.0,0.058829840272665024,0.006015025544911623,0.07163454592227936,-0.0006790623883716762,0.0012702745152637362,7.813539014023263e-06,0.058710210025310516,0.046063557267189026,0.0008350701536983252
131,1640.8768310546875,0.0,-9595.17578125,-9595.17578125,9594.8388671875,9595.369140625,11318.453125,11400.0,11400.0,553.0909423828125,0.0,0.06012536957859993,0.0059800343587994576,0.07319651544094086,-0.00047713590902276337,0.0010501216165721416,7.86365671956446e-06,0.06001077592372894,0.04804758355021477,0.0006728904554620385
132,1653.3873291015625,0.0,-9595.478515625,-9595.478515625,9595.14453125,9595.6982421875,11318.6953125,11400.0,11400.0,553.0272216796875,0.0,0.0614517480134964,0.005953120067715645,0.074794702231884,-0.000265073700575158,0.0008485972648486495,7.912316505098715e-06,0.06134131923317909,0.05011678487062454,0.0005193054093979299
133,1665.89794921875,0.0,-9595.796875,-9595.796875,9595.46484375,9596.0419921875,11319.140625,11400.0,11400.0,552.9605102539062,0.0,0.06280972063541412,0.0059347134083509445,0.07642992585897446,-4.9989444960374385e-05,0.0007429997203871608,7.960610673762858e-06,0.06270255893468857,0.05227470397949219,0.0004092011658940464
134,1678.408447265625,0.0,-9596.12890625,-9596.12890625,9595.7998046875,9596.4013671875,11319.5,11400.0,11400.0,552.8907470703125,0.0,0.06420005857944489,0.005925266537815332,0.07810303568840027,0.00016062676149886101,0.00074087327811867,8.009435987332836e-06,0.06409534066915512,0.05452524125576019,0.00039394875057041645
135,1690.9189453125,0.0,-9596.4765625,-9596.4765625,9596.1494140625,9596.77734375,11319.84375,11400.0,11400.0,552.8176879882812,0.0,0.06562352925539017,0.005925235338509083,0.07981487363576889,0.00035915739135816693,0.0008007198921404779,8.059673746174667e-06,0.06552057713270187,0.056872621178627014,0.000478904927149415
136,1703.429443359375,0.0,-9596.83984375,-9596.83984375,9596.515625,9597.1708984375,11320.15625,11400.0,11400.0,552.7412719726562,0.0,0.06708091497421265,0.005935065448284149,0.08156630396842957,0.0005381609662435949,0.0008859143708832562,8.111900569929276e-06,0.06697926670312881,0.05932139977812767,0.0006107239169068635
137,1715.93994140625,0.0,-9597.220703125,-9597.220703125,9596.8984375,9597.58203125,11320.5546875,11400.0,11400.0,552.6612548828125,0.0,0.06857302039861679,0.005955180618911982,0.08335822820663452,0.0006907184142619371,0.0009727487340569496,8.166380212060176e-06,0.06847244501113892,0.06187640503048897,0.0007465997477993369
138,1728.450439453125,0.0,-9597.619140625,-9597.619140625,9597.298828125,9598.01171875,11320.734375,11400.0,11400.0,552.5775146484375,0.0,0.07010065019130707,0.0059561035595834255,0.085191510617733,0.0008108022739179432,0.0010449121473357081,8.223354598158039e-06,0.07000115513801575,0.06454267352819443,0.0008638110593892634
139,1740.9609375,0.0,-9598.0361328125,-9598.0361328125,9597.71875,9598.462890625,11321.15625,11400.0,11400.0,552.4899291992188,0.0,0.07166463881731033,0.005960526410490274,0.08706706762313843,0.0008936430094763637,0.0010915573220700026,8.28276915854076e-06,0.0715663954615593,0.06732536107301712,0.0009492404060438275
140,1753.471435546875,0.0,-9598.4736328125,-9598.4736328125,9598.158203125,9598.9345703125,11321.6015625,11400.0,11400.0,552.398193359375,0.0,0.07326582074165344,0.005974362604320049,0.08898580819368362,0.0009360650437884033,0.00110608187969774,8.344639354618266e-06,0.07316916435956955,0.0702296644449234,0.0009946499485522509
141,1765.98193359375,0.0,-9598.9296875,-9598.9296875,9598.6171875,9599.427734375,11321.921875,11400.0,11400.0,552.3021850585938,0.0,0.07490505278110504,0.005998003762215376,0.0909486785531044,0.0009367695893160999,0.0010847757803276181,8.408748726651538e-06,0.07481031119823456,0.07326079905033112,0.0009953329572454095
142,1778.492431640625,0.0,-9599.41015625,-9599.41015625,9599.099609375,9599.9443359375,11322.1875,11400.0,11400.0,552.20166015625,0.0,0.07658319920301437,0.005983127746731043,0.09295661747455597,0.0008965422166511416,0.0010265718447044492,8.475069989799522e-06,0.07649066299200058,0.07642392069101334,0.000950002227909863
143,1791.0030517578125,0.0,-9599.9111328125,-9599.9111328125,9599.6025390625,9600.484375,11322.359375,11400.0,11400.0,552.096435546875,0.0,0.07830115407705307,0.0059692393988370895,0.09501057118177414,0.0008183682803064585,0.0009336097282357514,8.543480362277478e-06,0.07821094244718552,0.07972417771816254,0.0008612499223090708
144,1803.5135498046875,0.0,-9600.435546875,-9600.435546875,9600.12890625,9601.05078125,11322.6015625,11400.0,11400.0,551.986328125,0.0,0.08005977421998978,0.005964561831206083,0.09711148589849472,0.0007074387394823134,0.0008105234010145068,8.61415628605755e-06,0.07997187227010727,0.08316677808761597,0.0007366448407992721
145,1816.0240478515625,0.0,-9600.986328125,-9600.986328125,9600.681640625,9601.642578125,11322.90625,11400.0,11400.0,551.87109375,0.0,0.08185999095439911,0.005946549121290445,0.09926032274961472,0.000571026059333235,0.0006702746031805873,8.686819455760997e-06,0.08177423477172852,0.08675705641508102,0.0005914191715419292
146,1828.5345458984375,0.0,-9601.560546875,-9601.560546875,9601.2587890625,9602.26171875,11323.1328125,11400.0,11400.0,551.7503662109375,0.0,0.0837026983499527,0.005926125682890415,0.10145808756351471,0.00041820789920166135,0.0005628680228255689,8.76164085639175e-06,0.08361881226301193,0.09050058573484421,0.00045568260247819126
147,1841.0450439453125,0.0,-9602.162109375,-9602.162109375,9601.86328125,9602.9091796875,11323.4765625,11400.0,11400.0,551.6241455078125,0.0,0.08558881282806396,0.005921565927565098,0.10370572656393051,0.00025941769126802683,0.0005330894491635263,8.838314897730015e-06,0.08550648391246796,0.09440326690673828,0.00038570252945646644
148,1853.5555419921875,0.0,-9602.79296875,-9602.79296875,9602.494140625,9603.5869140625,11323.625,11400.0,11400.0,551.4918823242188,0.0,0.08751928061246872,0.005921335890889168,0.10600423812866211,0.00010581489186733961,0.0005633831024169922,8.916263141145464e-06,0.087438203394413,0.09847139567136765,0.00042836577631533146
149,1866.0660400390625,0.0,-9603.451171875,-9603.451171875,9603.1552734375,9604.2958984375,11323.9375,11400.0,11400.0,551.353515625,0.0,0.08949499577283859,0.005874525755643845,0.1083545908331871,-3.150854536215775e-05,0.0006185371894389391,8.994710697152186e-06,0.08941498398780823,0.10271167010068893,0.0005432842881418765
150,1878.5765380859375,0.0,-9604.140625,-9604.140625,9603.84765625,9605.037109375,11324.2734375,11400.0,11400.0,551.208740234375,0.0,0.09151694178581238,0.0058086528442800045,0.11075779050588608,-0.00014243682380765676,0.0006723032565787435,9.072336979443207e-06,0.0914379134774208,0.10713113099336624,0.0006656389450654387
151,1891.0870361328125,0.0,-9604.861328125,-9604.861328125,9604.5703125,9605.8134765625,11324.546875,11400.0,11400.0,551.05712890625,0.0,0.0935860201716423,0.00575059000402689,0.11321483552455902,-0.00021877250401303172,0.0007074354216456413,9.147689524979796e-06,0.0935080498456955,0.11173705011606216,0.0007576726493425667
152,1903.5975341796875,0.0,-9605.6171875,-9605.6171875,9605.328125,9606.625,11324.828125,11401.0,11401.0,550.8984985351562,0.0,0.09570322930812836,0.005700693465769291,0.11572669446468353,-0.00025511166313663125,0.0007123750983737409,9.218589184456505e-06,0.09562645107507706,0.11653682589530945,0.000799856090452522
153,1916.108154296875,0.0,-9606.4072265625,-9606.4072265625,9606.1201171875,9607.4736328125,11325.03125,11401.0,11401.0,550.732421875,0.0,0.09786950796842575,0.005659349728375673,0.1182943731546402,-0.0002495464577805251,0.000682142679579556,9.283082363253925e-06,0.09779403358697891,0.12153787165880203,0.0007837841403670609
154,1928.61865234375,0.0,-9607.234375,-9607.234375,9606.94921875,9608.3623046875,11325.46875,11401.0,11401.0,550.5587158203125,0.0,0.10008583962917328,0.005626974161714315,0.12091886252164841,-0.00020409931312315166,0.0006172137800604105,9.338832569483202e-06,0.10001174360513687,0.12674756348133087,0.0007110497099347413
155,1941.129150390625,0.0,-9608.099609375,-9608.099609375,9607.81640625,9609.291015625,11325.7265625,11401.0,11401.0,550.376953125,0.0,0.10235316306352615,0.005604004021733999,0.12360116094350815,-0.0001248056796612218,0.0005264125065878034,9.38332868827274e-06,0.10228046774864197,0.13217326998710632,0.0005953088984824717
156,1953.6396484375,0.0,-9609.00390625,-9609.00390625,9608.72265625,9610.2626953125,11325.90625,11401.0,11401.0,550.186767578125,0.0,0.10467246919870377,0.005590891931205988,0.12634222209453583,-2.1376859876909293e-05,0.00044781691394746304,9.414427950105164e-06,0.10460109263658524,0.13782250881195068,0.00046888901852071285
157,1966.150146484375,0.0,-9609.951171875,-9609.951171875,9609.671875,9611.2783203125,11326.0859375,11401.0,11401.0,549.9876708984375,0.0,0.10704473406076431,0.005588088184595108,0.12914305925369263,9.360322292195633e-05,0.0004244815499987453,9.430290447198786e-06,0.10697450488805771,0.14370296895503998,0.00039386344724334776
158,1978.66064453125,0.0,-9610.94140625,-9610.94140625,9610.662109375,9612.33984375,11326.3515625,11401.0,11401.0,549.7794799804688,0.0,0.1094709262251854,0.005596024449914694,0.13200460374355316,0.0002059480466414243,0.0004473980516195297,9.429160854779184e-06,0.10940171778202057,0.14982272684574127,0.00042757720802910626
159,1991.171142578125,0.0,-9611.9755859375,-9611.9755859375,9611.69921875,9613.4501953125,11326.4921875,11401.0,11401.0,549.5616455078125,0.0,0.1119520291686058,0.005615095142275095,0.13492783904075623,0.0003015278489328921,0.0004855932202190161,9.409447557118256e-06,0.1118837520480156,0.1561901569366455,0.0005312567809596658
160,2003.681640625,0.0,-9613.0576171875,-9613.0576171875,9612.783203125,9614.6103515625,11326.6171875,11401.0,11401.0,549.3338623046875,0.0,0.11448899656534195,0.005645641591399908,0.13791367411613464,0.00036814212216995656,0.0005141586880199611,9.369770850753412e-06,0.11442162841558456,0.16281403601169586,0.0006300475215539336
161,2016.192138671875,0.0,-9614.189453125,-9614.189453125,9613.9169921875,9615.8232421875,11326.8125,11401.0,11401.0,549.0956420898438,0.0,0.11708281189203262,0.005687923636287451,0.1409630924463272,0.00039734403253532946,0.0005171405500732362,9.308508197136689e-06,0.11701640486717224,0.1697031706571579,0.0006799336988478899
162,2028.70263671875,0.0,-9615.3720703125,-9615.3720703125,9615.1005859375,9617.0908203125,11326.9453125,11401.0,11401.0,548.846435546875,0.0,0.11973445862531662,0.005742108915001154,0.14407698810100555,0.000385911000194028,0.0004873033904004842,9.223478627973236e-06,0.11966903507709503,0.17686647176742554,0.0006635404424741864
163,2041.2132568359375,0.0,-9616.607421875,-9616.607421875,9616.33984375,9618.416015625,11327.1484375,11401.0,11401.0,548.5859375,0.0,0.12244486808776855,0.005741444416344166,0.14725624024868011,0.0003366715391166508,0.0004284338210709393,9.11241841095034e-06,0.12238046526908875,0.18431265652179718,0.0005854856572113931
164,2053.7236328125,0.0,-9617.900390625,-9617.900390625,9617.6328125,9619.7998046875,11327.2734375,11401.0,11401.0,548.3135375976562,0.0,0.12521499395370483,0.0057031866163015366,0.15050175786018372,0.0002584519679658115,0.00037028134102001786,8.972603609436192e-06,0.12515155971050262,0.19205045700073242,0.00047654841910116374
165,2066.234130859375,0.0,-9619.25,-9619.25,9618.984375,9621.2451171875,11327.46875,11401.0,11401.0,548.02880859375,0.0,0.12804579734802246,0.005669257137924433,0.1538144052028656,0.000165000616107136,0.00035229898639954627,8.801249350653961e-06,0.1279832273721695,0.20008863508701324,0.0004027261456940323
166,2078.74462890625,0.0,-9620.6611328125,-9620.6611328125,9620.3974609375,9622.7548828125,11327.6953125,11401.0,11401.0,547.7311401367188,0.0,0.13093820214271545,0.005640886723995209,0.15719497203826904,7.289320637937635e-05,0.00037006891216151416,8.595767212682404e-06,0.13087642192840576,0.20843616127967834,0.0004289571661502123
167,2091.255126953125,0.0,-9622.1337890625,-9622.1337890625,9621.8720703125,9624.3310546875,11327.8359375,11401.0,11401.0,547.420166015625,0.0,0.13389313220977783,0.005619417876005173,0.1606443226337433,-1.3597041288448963e-06,0.0003958090965170413,8.353777047886979e-06,0.13383209705352783,0.21710218489170074,0.000518805522006005
168,2103.765869140625,0.0,-9623.671875,-9623.671875,9623.412109375,9625.9775390625,11328.0234375,11401.0,11401.0,547.0951538085938,0.0,0.13691148161888123,0.005606307648122311,0.16416320204734802,-4.453552173799835e-05,0.0004062405205331743,8.07324886409333e-06,0.1368512064218521,0.22609609365463257,0.0005909435567446053
169,2116.2763671875,0.0,-9625.279296875,-9625.279296875,9625.0205078125,9627.6962890625,11328.2578125,11401.0,11401.0,546.7555541992188,0.0,0.13999412953853607,0.005603089462965727,0.16775237023830414,-4.9591970309847966e-05,0.00038878267514519393,7.751872544758953e-06,0.13993462920188904,0.23542718589305878,0.0006003634189255536
170,2128.786865234375,0.0,-9626.9560546875,-9626.9560546875,9626.69921875,9629.4892578125,11328.4921875,11401.0,11401.0,546.40087890625,0.0,0.1431419551372528,0.0055913482792675495,0.17141255736351013,-1.7521693735034205e-05,0.0003463894536253065,7.3880678428395186e-06,0.14308324456214905,0.2451045662164688,0.0005423133261501789
171,2141.29736328125,0.0,-9628.70703125,-9628.70703125,9628.451171875,9631.3603515625,11328.6953125,11401.0,11401.0,546.030517578125,0.0,0.1463557928800583,0.005548693239688873,0.17514438927173615,4.241953865857795e-05,0.00030977738788351417,6.979966656217584e-06,0.1462978571653366,0.255137175321579,0.00045329268323257565
172,2153.807861328125,0.0,-9630.533203125,-9630.533203125,9630.2802734375,9633.3134765625,11328.9375,11401.0,11401.0,545.6436767578125,0.0,0.14963647723197937,0.005517143290489912,0.17894859611988068,0.00011442801041994244,0.0003064373158849776,6.5265080593235325e-06,0.1495792716741562,0.26553380489349365,0.00041019052150659263
173,2166.318359375,0.0,-9632.439453125,-9632.439453125,9632.1875,9635.349609375,11329.0859375,11401.0,11401.0,545.2398681640625,0.0,0.15298478305339813,0.005497503560036421,0.1828257143497467,0.00017970068438444287,0.00032343430211767554,6.026522896718234e-06,0.15292829275131226,0.2763032019138336,0.0004571276076603681
174,2178.828857421875,0.0,-9634.4267578125,-9634.4267578125,9634.1767578125,9637.47265625,11329.28125,11401.0,11401.0,544.818359375,0.0,0.15640148520469666,0.005490588955581188,0.1867762953042984,0.00022116064792498946,0.0003347804013174027,5.479138053487986e-06,0.15634571015834808,0.2874542474746704,0.0005300354678183794
175,2191.33935546875,0.0,-9636.5,-9636.5,9636.251953125,9639.6865234375,11329.5078125,11401.0,11401.0,544.3785400390625,0.0,0.15988734364509583,0.005497175268828869,0.19080084562301636,0.00022818923753220588,0.0003237614582758397,4.8842675823834725e-06,0.15983226895332336,0.29899558424949646,0.000555454462300986
176,2203.849853515625,0.0,-9638.662109375,-9638.662109375,9638.4150390625,9641.9931640625,11329.7109375,11401.0,11401.0,543.9196166992188,0.0,0.16344302892684937,0.005517943762242794,0.19489987194538116,0.00019995306502096355,0.00029276017448864877,4.241825081408024e-06,0.1633886843919754,0.3109355568885803,0.0005136644467711449
177,2216.3603515625,0.0,-9640.9140625,-9640.9140625,9640.66796875,9644.3974609375,11329.8359375,11401.0,11401.0,543.44091796875,0.0,0.1670691967010498,0.005547188688069582,0.1990737020969391,0.00014609607751481235,0.00027031704667024314,3.5527325508155627e-06,0.16701558232307434,0.3232821226119995,0.0004437869065441191
178,2228.870849609375,0.0,-9643.26171875,-9643.26171875,9643.017578125,9646.9013671875,11330.015625,11401.0,11401.0,542.9417724609375,0.0,0.17076651751995087,0.005475318059325218,0.20332273840904236,8.41835280880332e-05,0.0002730820851866156,2.817628001139383e-06,0.17071355879306793,0.3360429108142853,0.0004252530634403229
179,2241.38134765625,0.0,-9645.70703125,-9645.70703125,9645.46484375,9649.509765625,11330.1953125,11401.0,11401.0,542.42138671875,0.0,0.17453555762767792,0.005411532707512379,0.20764727890491486,3.4266246075276285e-05,0.0002840148226823658,2.0379386569402413e-06,0.17448323965072632,0.3492252826690674,0.00047664676094427705
180,2253.891845703125,0.0,-9648.2529296875,-9648.2529296875,9648.0126953125,9652.224609375,11330.4453125,11401.0,11401.0,541.87890625,0.0,0.17837683856487274,0.005356071516871452,0.2120475172996521,1.2074362530256622e-05,0.00028177659260109067,1.2146728067818913e-06,0.17832519114017487,0.3628363311290741,0.000521913927514106
181,2266.40234375,0.0,-9650.904296875,-9650.904296875,9650.666015625,9655.05078125,11330.5546875,11401.0,11401.0,541.3136596679688,0.0,0.18229089677333832,0.005309194792062044,0.21652361750602722,2.318858605576679e-05,0.0002613593533169478,3.493251199415681e-07,0.182239830493927,0.37688276171684265,0.0005078251706436276
182,2278.912841796875,0.0,-9653.6640625,-9653.6640625,9653.427734375,9657.990234375,11330.6640625,11401.0,11401.0,540.7247314453125,0.0,0.1862781047821045,0.005271183326840401,0.22107569873332977,6.0585251048905775e-05,0.00024403481802437454,-5.561299758483074e-07,0.1862276792526245,0.3913705348968506,0.00045445188879966736
183,2291.42333984375,0.0,-9656.5361328125,-9656.5361328125,9656.2998046875,9661.048828125,11330.8125,11401.0,11401.0,540.1114501953125,0.0,0.19033892452716827,0.005242333747446537,0.22570379078388214,0.00010700160055421293,0.00024552788818255067,-1.4992709793659742e-06,0.19028908014297485,0.40630513429641724,0.0004360650491435081
184,2303.933837890625,0.0,-9659.5224609375,-9659.5224609375,9659.2880859375,9664.228515625,11330.9375,11401.0,11401.0,539.4730224609375,0.0,0.19447363913059235,0.005222954321652651,0.23040780425071716,0.00014177417324390262,0.00025183759862557054,-2.4771502467046957e-06,0.1944243162870407,0.4216914772987366,0.0004765073535963893
185,2316.4443359375,0.0,-9662.626953125,-9662.626953125,9662.39453125,9667.5341796875,11331.1640625,11401.0,11401.0,538.808349609375,0.0,0.1986825317144394,0.005213359836488962,0.2351876199245453,0.0001497057091910392,0.0002451248001307249,-3.48750950251997e-06,0.19863373041152954,0.4375339150428772,0.0005065755103714764
186,2328.954833984375,0.0,-9665.85546875,-9665.85546875,9665.625,9670.96875,11331.2890625,11401.0,11401.0,538.1168212890625,0.0,0.20296581089496613,0.005213859491050243,0.24004308879375458,0.00012809493637178093,0.00022860977333039045,-4.526972588791978e-06,0.20291751623153687,0.4538361728191376,0.0004840719630010426
187,2341.46533203125,0.0,-9669.2099609375,-9669.2099609375,9668.98046875,9674.537109375,11331.3828125,11401.0,11401.0,537.3974609375,0.0,0.20732362568378448,0.0052247429266572,0.24497389793395996,8.830015576677397e-05,0.00022257192176766694,-5.592447450908367e-06,0.20727576315402985,0.47060099244117737,0.00044901686487719417
188,2353.97607421875,0.0,-9672.693359375,-9672.693359375,9672.46484375,9678.2412109375,11331.5234375,11401.0,11401.0,536.6495361328125,0.0,0.21175603568553925,0.005246276967227459,0.24997961521148682,5.0386155635351315e-05,0.00022672304476145655,-6.680451406282373e-06,0.21170862019062042,0.48783040046691895,0.00046266664867289364
189,2366.486572265625,0.0,-9676.310546875,-9676.310546875,9676.083984375,9682.0859375,11331.6640625,11401.0,11401.0,535.8720092773438,0.0,0.2162630409002304,0.005278684198856354,0.2550598680973053,3.2861222280189395e-05,0.00022431413526646793,-7.788068614900112e-06,0.21621602773666382,0.5055255889892578,0.0004961087252013385
190,2378.9970703125,0.0,-9680.064453125,-9680.064453125,9679.8388671875,9686.0751953125,11331.921875,11401.0,11401.0,535.0640869140625,0.0,0.22084461152553558,0.005322136450558901,0.2602141201496124,4.261509093339555e-05,0.00021250788995530456,-8.912207704270259e-06,0.22079795598983765,0.5236868262290955,0.0004907504189759493
191,2391.507568359375,0.0,-9683.958984375,-9683.958984375,9683.736328125,9690.2119140625,11332.015625,11401.0,11401.0,534.224853515625,0.0,0.22550055384635925,0.005376745946705341,0.2654416263103485,7.088202983140945e-05,0.00020725670037791133,-1.0050339369627181e-05,0.22545427083969116,0.5423134565353394,0.00046450798981823027
192,2404.01806640625,0.0,-9687.998046875,-9687.998046875,9687.7763671875,9694.5009765625,11332.1015625,11401.0,11401.0,533.3533935546875,0.0,0.2302306890487671,0.0054425569251179695,0.2707417607307434,9.829305781750008e-05,0.0002096331591019407,-1.1200345397810452e-05,0.2301846593618393,0.5614036917686462,0.00047389522660523653
193,2416.528564453125,0.0,-9692.185546875,-9692.185546875,9691.96484375,9698.9443359375,11332.2734375,11401.0,11401.0,532.4488525390625,0.0,0.23503467440605164,0.005519547965377569,0.2761136591434479,0.00010678373655537143,0.00020601323922164738,-1.236107164004352e-05,0.23498892784118652,0.5809547305107117,0.0004994618357159197
194,2429.0390625,0.0,-9696.5234375,-9696.5234375,9696.3046875,9703.5478515625,11332.5625,11401.0,11401.0,531.51025390625,0.0,0.23991213738918304,0.005607634782791138,0.2815563976764679,9.123604831984267e-05,0.00019715173402801156,-1.3532391676562838e-05,0.23986665904521942,0.6009626388549805,0.000493115687277168
195,2441.549560546875,0.0,-9701.0166015625,-9701.0166015625,9700.798828125,9708.3134765625,11332.7109375,11401.0,11401.0,530.536865234375,0.0,0.2448626011610031,0.0057066758163273335,0.2870689630508423,6.288584700087085e-05,0.00019524997333064675,-1.4715538782184012e-05,0.2448173463344574,0.621422290802002,0.00047972527681849897
196,2454.06005859375,0.0,-9705.66796875,-9705.66796875,9705.453125,9713.2451171875,11332.7890625,11401.0,11401.0,529.5277099609375,0.0,0.24988551437854767,0.00581648712977767,0.2926502227783203,4.134373739361763e-05,0.00019560994405765086,-1.5912470189505257e-05,0.24984042346477509,0.6423273086547852,0.0004969771835021675
197,2466.570556640625,0.0,-9710.482421875,-9710.482421875,9710.267578125,9718.3466796875,11333.0234375,11401.0,11401.0,528.4818725585938,0.0,0.2549802362918854,0.005936851724982262,0.2982989549636841,4.017860192107037e-05,0.00018987241492141038,-1.712554512778297e-05,0.25493526458740234,0.6636700630187988,0.0005101710557937622
198,2479.0810546875,0.0,-9715.4609375,-9715.4609375,9715.248046875,9723.62109375,11333.34375,11401.0,11401.0,527.3984985351562,0.0,0.26014596223831177,0.005975286476314068,0.30401384830474854,5.668198718922213e-05,0.00018574969726614654,-1.835641887737438e-05,0.26010116934776306,0.6854417324066162,0.0005008943262510002
199,2491.591552734375,0.0,-9720.607421875,-9720.607421875,9720.396484375,9729.0712890625,11333.4765625,11401.0,11401.0,526.2767944335938,0.0,0.26538193225860596,0.005958929657936096,0.30979347229003906,7.434554572682828e-05,0.00018594383436720818,-1.960726331162732e-05,0.265337198972702,0.7076319456100464,0.0005071005434729159
200,2504.10205078125,0.0,-9725.9267578125,-9725.9267578125,9725.716796875,9734.701171875,11333.6015625,11401.0,11401.0,525.1159057617188,0.0,0.2706871032714844,0.005956171080470085,0.3156362771987915,7.685647142352536e-05,0.00018289699801243842,-2.087831853714306e-05,0.27064248919487,0.7302290797233582,0.0005244436324574053
201,2516.612548828125,0.0,-9731.41796875,-9731.41796875,9731.2109375,9740.5126953125,11333.8203125,11401.0,11401.0,523.9149169921875,0.0,0.276060551404953,0.005967509001493454,0.3215406835079193,6.215259054442868e-05,0.00017925231077242643,-2.216965367551893e-05,0.276015967130661,0.7532201409339905,0.0005237364675849676
202,2529.123046875,0.0,-9737.087890625,-9737.087890625,9736.880859375,9746.509765625,11333.8984375,11401.0,11401.0,522.673095703125,0.0,0.28150108456611633,0.005993385799229145,0.3275049030780792,4.381015241960995e-05,0.00017915510397870094,-2.3480755771743134e-05,0.28145647048950195,0.7765906453132629,0.0005283812060952187
203,2541.633544921875,0.0,-9742.9375,-9742.9375,9742.732421875,9752.693359375,11334.0625,11401.0,11401.0,521.3895874023438,0.0,0.28700748085975647,0.006034156773239374,0.333527147769928,3.778517566388473e-05,0.0001768386719049886,-2.4809929527691565e-05,0.2869628369808197,0.8003246188163757,0.0005448873853310943
204,2554.14404296875,0.0,-9748.96875,-9748.96875,9748.7646484375,9759.0673828125,11334.15625,11401.0,11401.0,520.063720703125,0.0,0.29257842898368835,0.006090064533054829,0.3396054804325104,4.680967685999349e-05,0.00017416334594599903,-2.6156565581914037e-05,0.29253366589546204,0.824404776096344,0.0005491694901138544
205,2566.654541015625,0.0,-9755.1845703125,-9755.1845703125,9754.982421875,9765.6337890625,11334.21875,11401.0,11401.0,518.6947631835938,0.0,0.298212468624115,0.006161217112094164,0.34573784470558167,5.823893297929317e-05,0.0001740558072924614,-2.75202273769537e-05,0.2981676161289215,0.8488123416900635,0.000557397142983973
206,2579.1650390625,0.0,-9761.5869140625,-9761.5869140625,9761.38671875,9772.39453125,11334.3203125,11401.0,11401.0,517.281982421875,0.0,0.303908109664917,0.00609533442184329,0.3519221246242523,5.8097259170608595e-05,0.0001722883025649935,-2.8901304176542908e-05,0.3038630187511444,0.8735269904136658,0.0005731598939746618
207,2591.67578125,0.0,-9768.177734375,-9768.177734375,9767.9794921875,9779.3505859375,11334.375,11401.0,11401.0,515.82470703125,0.0,0.30966368317604065,0.0060147810727357864,0.35815611481666565,4.6355940867215395e-05,0.00017115077935159206,-3.0301771403173916e-05,0.30961838364601135,0.8985270857810974,0.0005805343971587718
208,2604.186279296875,0.0,-9774.9599609375,-9774.9599609375,9774.7626953125,9786.5048828125,11334.46875,11401.0,11401.0,514.3223266601562,0.0,0.31547752022743225,0.00593919400125742,0.3644375205039978,3.6052897485205904e-05,0.00017115901573561132,-3.172407014062628e-05,0.3154318630695343,0.9237896203994751,0.0005940152914263308
209,2616.69677734375,0.0,-9781.93359375,-9781.93359375,9781.736328125,9793.8583984375,11334.53125,11401.0,11401.0,512.7742309570312,0.0,0.321347713470459,0.00586865097284317,0.3707638680934906,3.7070054531795904e-05,0.0001701319415587932,-3.317126174806617e-05,0.32130166888237,0.9492900967597961,0.0006093289121054113
210,2629.207275390625,0.0,-9789.099609375,-9789.099609375,9788.9052734375,9801.412109375,11334.65625,11401.0,11401.0,511.179931640625,0.0,0.3272724151611328,0.005803227424621582,0.37713271379470825,4.437755706021562e-05,0.0001702220761217177,-3.4645905543584377e-05,0.3272259533405304,0.9750027656555176,0.0006211223662830889
211,2641.7177734375,0.0,-9796.458984375,-9796.458984375,9796.267578125,9809.1669921875,11334.734375,11401.0,11401.0,509.53887939453125,0.0,0.33324962854385376,0.005743001587688923,0.383541464805603,4.5680528273805976e-05,0.00016987792332656682,-3.615063542383723e-05,0.3332025706768036,1.0009006261825562,0.0006390789058059454
212,2654.228271484375,0.0,-9804.0146484375,-9804.0146484375,9803.8232421875,9817.123046875,11334.8984375,11401.0,11401.0,507.85064697265625,0.0,0.3392771780490875,0.005688047502189875,0.3899874985218048,3.817886681645177e-05,0.0001698501146165654,-3.7686673749703914e-05,0.3392294943332672,1.0269551277160645,0.0006547491066157818
213,2666.73876953125,0.0,-9811.763671875,-9811.763671875,9811.57421875,9825.28125,11334.9296875,11401.0,11401.0,506.1148681640625,0.0,0.3453528583049774,0.005638439673930407,0.39646807312965393,3.145610753563233e-05,0.00017036507779266685,-3.9253725844901055e-05,0.34530454874038696,1.0531368255615234,0.0006728978478349745
214,2679.249267578125,0.0,-9819.708984375,-9819.708984375,9819.5205078125,9833.640625,11334.9609375,11401.0,11401.0,504.3311767578125,0.0,0.3514743745326996,0.005594254937022924,0.40298038721084595,3.282021498307586e-05,0.00017058631055988371,-4.085020918864757e-05,0.35142531991004944,1.079415202140808,0.0006928608636371791
215,2691.759765625,0.0,-9827.8486328125,-9827.8486328125,9827.662109375,9842.201171875,11335.0703125,11401.0,11401.0,502.4992980957031,0.0,0.3576393723487854,0.0055555724538862705,0.40952152013778687,3.685526826302521e-05,0.00017159106209874153,-4.247325341566466e-05,0.3575895130634308,1.1057586669921875,0.0007126039708964527
216,2704.270263671875,0.0,-9836.18359375,-9836.18359375,9835.998046875,9850.962890625,11335.1875,11401.0,11401.0,500.6190185546875,0.0,0.36384543776512146,0.005522469989955425,0.41608870029449463,3.485507477307692e-05,0.00017238222062587738,-4.4118380174040794e-05,0.3637947142124176,1.1321345567703247,0.0007357339491136372
217,2716.78076171875,0.0,-9844.7109375,-9844.7109375,9844.52734375,9859.923828125,11335.2734375,11401.0,11401.0,498.69024658203125,0.0,0.37008994817733765,0.005495028104633093,0.4226788282394409,2.8838829166488722e-05,0.00017368390399497002,-4.578155494527891e-05,0.3700382113456726,1.1585094928741455,0.000758783018682152
218,2729.291259765625,0.0,-9853.431640625,-9853.431640625,9853.25,9869.0830078125,11335.5,11401.0,11401.0,496.7127685546875,0.0,0.3763703405857086,0.005473327357321978,0.4292888343334198,2.696690717129968e-05,0.00017499671957921237,-4.745787737192586e-05,0.37631756067276,1.1848493814468384,0.0007850195397622883
219,2741.8017578125,0.0,-9862.3427734375,-9862.3427734375,9862.162109375,9878.4375,11335.609375,11401.0,11401.0,494.6866760253906,0.0,0.3826838731765747,0.005457454826682806,0.4359157681465149,2.9255515983095393e-05,0.00017686111095827073,-4.914420424029231e-05,0.38262999057769775,1.211119294166565,0.0008122055442072451
220,2754.312255859375,0.0,-9871.443359375,-9871.443359375,9871.263671875,9887.9873046875,11335.8203125,11401.0,11401.0,492.6119689941406,0.0,0.38902780413627625,0.005447497125715017,0.4425564408302307,2.8617583666346036e-05,0.00017879049119073898,-5.0837956223404035e-05,0.3889727294445038,1.2372841835021973,0.0008420613594353199
221,2766.82275390625,0.0,-9880.73046875,-9880.73046875,9880.5537109375,9897.728515625,11335.921875,11401.0,11401.0,490.4888000488281,0.0,0.3953993022441864,0.005443543195724487,0.44920769333839417,2.4423268769169226e-05,0.0001810960384318605,-5.253827839624137e-05,0.39534300565719604,1.2633081674575806,0.0008735136361792684
222,2779.333251953125,0.0,-9890.203125,-9890.203125,9890.02734375,9907.6591796875,11336.0,11401.0,11401.0,488.31732177734375,0.0,0.40179553627967834,0.005445691291242838,0.45586642622947693,2.251705518574454e-05,0.00018357009685132653,-5.424459232017398e-05,0.4017378091812134,1.28915536403656,0.0009075656998902559
223,2791.84375,0.0,-9899.857421875,-9899.857421875,9899.6826171875,9917.775390625,11336.125,11401.0,11401.0,486.0978698730469,0.0,0.4082134962081909,0.0054540373384952545,0.46252936124801636,2.3343776774709113e-05,0.00018622980860527605,-5.5956905271159485e-05,0.40815427899360657,1.3147896528244019,0.0009435206884518266
224,2804.354248046875,0.0,-9909.689453125,-9909.689453125,9909.517578125,9928.07421875,11336.2578125,11401.0,11401.0,483.83074951171875,0.0,0.41465023159980774,0.005468685645610094,0.46919336915016174,2.1884803572902456e-05,0.00018886262841988355,-5.767439506598748e-05,0.414589524269104,1.340174913406372,0.0009819930419325829
225,2816.86474609375,0.0,-9919.697265625,-9919.697265625,9919.525390625,9938.55078125,11336.375,11401.0,11401.0,481.516357421875,0.0,0.42110270261764526,0.005489743314683437,0.4758552312850952,1.8727303540799767e-05,0.0001917148765642196,-5.939618495176546e-05,0.4210403859615326,1.3652753829956055,0.0010225283913314342
226,2829.375244140625,0.0,-9929.875,-9929.875,9929.7060546875,9949.2021484375,11336.609375,11405.0,11405.0,479.1553039550781,0.0,0.42756789922714233,0.00551731837913394,0.4825116991996765,1.752465141180437e-05,0.00019440523465164006,-6.112186383688822e-05,0.4275038540363312,1.3900551795959473,0.0010656421072781086
227,2841.885986328125,0.0,-9940.22265625,-9940.22265625,9940.0546875,9960.0234375,11336.7109375,11405.0,11405.0,476.748046875,0.0,0.4340425729751587,0.005551524925976992,0.48915961384773254,1.7195769032696262e-05,0.00019740965217351913,-6.285053677856922e-05,0.4339768588542938,1.4144790172576904,0.0011109678307548165
228,2854.396484375,0.0,-9950.73046875,-9950.73046875,9950.564453125,9971.0087890625,11336.8046875,11405.0,11405.0,474.2953186035156,0.0,0.4405238926410675,0.005592477973550558,0.4957958459854126,1.4943624591978732e-05,0.00020042035612277687,-6.458146526711062e-05,0.4404562711715698,1.4385124444961548,0.0011588162742555141
229,2866.906982421875,0.0,-9961.3955078125,-9961.3955078125,9961.2314453125,9982.154296875,11336.90625,11405.0,11405.0,471.7978210449219,0.0,0.44700849056243896,0.005640295334160328,0.5024172067642212,1.3181160284148064e-05,0.00020370968559291214,-6.631384167121723e-05,0.4469389319419861,1.4621211290359497,0.0012090516975149512
230,2879.41748046875,0.0,-9972.21484375,-9972.21484375,9972.0517578125,9993.4541015625,11337.15625,11405.0,11405.0,469.2563781738281,0.0,0.4534933269023895,0.005695093888789415,0.5090205073356628,1.2176071322755888e-05,0.00020712507830467075,-6.80456287227571e-05,0.4534217417240143,1.4852720499038696,0.001261896570213139
231,2891.927978515625,0.0,-9983.1806640625,-9983.1806640625,9983.0185546875,10004.9013671875,11337.265625,11405.0,11405.0,466.671875,0.0,0.45997533202171326,0.005754552315920591,0.5156026482582092,1.0816826033988036e-05,0.00021087333152536303,-6.977502926019952e-05,0.4599016010761261,1.5079330205917358,0.0013171492610126734
232,2904.4384765625,0.0,-9994.2880859375,-9994.2880859375,9994.1279296875,10016.4921875,11337.4296875,11405.0,11405.0,464.04522705078125,0.0,0.46645137667655945,0.005647571757435799,0.5221607089042664,9.353705536341295e-06,0.00021455857495311648,-7.150098826969042e-05,0.4663754403591156,1.530072569847107,0.0013750602956861258
233,2916.948974609375,0.0,-10005.53125,-10005.53125,10005.373046875,10028.2177734375,11337.5078125,11405.0,11405.0,461.3775329589844,0.0,0.472918301820755,0.005546370055526495,0.5286915898323059,8.218888069677632e-06,0.0002183425531256944,-7.322376768570393e-05,0.4728400707244873,1.5516611337661743,0.0014352345606312156
234,2929.45947265625,0.0,-10016.90234375,-10016.90234375,10016.74609375,10040.072265625,11337.65625,11405.0,11405.0,458.6698303222656,0.0,0.479373037815094,0.0054509444162249565,0.5351924300193787,7.242972515086876e-06,0.000223131210077554,-7.494410965591669e-05,0.47929245233535767,1.572669506072998,0.0014974918449297547
235,2941.969970703125,0.0,-10028.3984375,-10028.3984375,10028.2421875,10052.0986328125,11337.8515625,11407.0,11407.0,455.9233093261719,0.0,0.48581260442733765,0.005361273884773254,0.5416601896286011,5.878073807252804e-06,0.00022834369156043977,-7.666192686883733e-05,0.48572951555252075,1.5930709838867188,0.0015634042210876942
236,2954.48046875,0.0,-10040.009765625,-10040.009765625,10039.8564453125,10064.248046875,11338.03125,11407.0,11407.0,453.13916015625,0.0,0.4922339618206024,0.0052773370407521725,0.5480921864509583,4.058827926201047e-06,0.00023459152725990862,-7.837920566089451e-05,0.4921482503414154,1.6128395795822144,0.0016322295414283872
237,2966.990966796875,0.0,-10051.73046875,-10051.73046875,10051.578125,10076.5078125,11338.1875,11407.0,11407.0,450.3187255859375,0.0,0.49863401055336,0.005199098028242588,0.5544856786727905,3.7087420423631556e-06,0.00024168803065549582,-8.009686280274764e-05,0.49854567646980286,1.631951093673706,0.0017054685158655047
238,2979.50146484375,0.0,-10063.5537109375,-10063.5537109375,10063.4033203125,10088.87109375,11338.359375,11407.0,11407.0,447.46331787109375,0.0,0.5050100088119507,0.00512651726603508,0.5608379244804382,1.432877638762875e-06,0.000249825679929927,-8.181636803783476e-05,0.5049188733100891,1.6503832340240479,0.001783867133781314
239,2992.011962890625,0.0,-10075.470703125,-10075.470703125,10075.322265625,10101.3291015625,11338.5078125,11407.0,11407.0,444.5743713378906,0.0,0.5113590359687805,0.005059551913291216,0.5671463012695312,-1.370988229609793e-07,0.00025933413417078555,-8.35359824122861e-05,0.511264979839325,1.668115258216858,0.001866319216787815
240,3004.5224609375,0.0,-10087.4765625,-10087.4765625,10087.330078125,10113.875,11338.6015625,11407.0,11407.0,441.6532897949219,0.0,0.5176782011985779,0.004998156800866127,0.5734085440635681,-1.4206411833583843e-06,0.0002701186458580196,-8.525723387720063e-05,0.5175811052322388,1.6851283311843872,0.0019563662353903055
241,3017.032958984375,0.0,-10099.5634765625,-10099.5634765625,10099.41796875,10126.5,11338.734375,11407.0,11407.0,438.70166015625,0.0,0.5239648222923279,0.004942281637340784,0.5796219706535339,-2.8893775834148983e-06,0.0002832252357620746,-8.698379679117352e-05,0.5238644480705261,1.7014055252075195,0.0020581751596182585
242,3029.54345703125,0.0,-10111.72265625,-10111.72265625,10111.578125,10139.197265625,11338.953125,11407.0,11407.0,435.7209167480469,0.0,0.5302162170410156,0.004891875199973583,0.585784375667572,-4.961313152307412e-06,0.00029922774410806596,-8.872022590367123e-05,0.5301124453544617,1.716931700706482,0.002175411209464073
243,3042.053955078125,0.0,-10123.9453125,-10123.9453125,10123.802734375,10151.95703125,11339.0703125,11407.0,11407.0,432.7127685546875,0.0,0.5364297032356262,0.00484688812866807,0.5918935537338257,-6.693024715787033e-06,0.0003182338841725141,-9.046986815519631e-05,0.5363224148750305,1.7316937446594238,0.0023142665158957243
244,3054.564453125,0.0,-10136.2265625,-10136.2265625,10136.0859375,10164.7734375,11339.21875,11407.0,11407.0,429.67877197265625,0.0,0.5426028966903687,0.004807269666343927,0.5979474186897278,-9.86485702014761e-06,0.0003414450620766729,-9.223682718584314e-05,0.5424919128417969,1.7456806898117065,0.0024848696775734425
245,3067.074951171875,0.0,-10148.556640625,-10148.556640625,10148.41796875,10177.63671875,11339.421875,11408.0,11408.0,426.6205749511719,0.0,0.5487332940101624,0.004772968124598265,0.6039438843727112,-9.867936569207814e-06,0.00037062514456920326,-9.402533760294318e-05,0.5486183166503906,1.7588831186294556,0.0027073975652456284
246,3079.58544921875,0.0,-10160.927734375,-10160.927734375,10160.791015625,10190.5390625,11339.6484375,11408.0,11408.0,423.5399169921875,0.0,0.5548185110092163,0.004743929952383041,0.6098811030387878,-1.2615336345334072e-05,0.00040696925134398043,-9.583830978954211e-05,0.5546994209289551,1.7712938785552979,0.0029943964909762144
247,3092.09619140625,0.0,-10173.333984375,-10173.333984375,10173.19921875,10203.47265625,11339.7890625,11411.0,11411.0,420.4384765625,0.0,0.560856282711029,0.004720104858279228,0.6157572269439697,-1.4988302609708626e-05,0.00045283607323653996,-9.767982555786148e-05,0.560732901096344,1.7829078435897827,0.003362456802278757
248,3104.606689453125,0.0,-10185.767578125,-10185.767578125,10185.6328125,10216.4296875,11339.8984375,11411.0,11411.0,417.31793212890625,0.0,0.5668444633483887,0.004701441153883934,0.6215705871582031,-1.9620263628894463e-05,0.0005063815042376518,-9.954826964531094e-05,0.5667166113853455,1.793721318244934,0.003867418970912695
249,3117.1171875,0.0,-10198.216796875,-10198.216796875,10198.083984375,10229.4013671875,11340.0859375,11411.0,11411.0,414.18011474609375,0.0,0.5727810263633728,0.004687887616455555,0.6273195743560791,-1.9387091015232727e-05,0.0005720123299397528,-0.00010144252155441791,0.5726484656333923,1.803733229637146,0.004491626750677824
250,3129.627685546875,0.0,-10210.6796875,-10210.6796875,10210.5478515625,10242.3798828125,11340.3359375,11411.0,11411.0,411.0267333984375,0.0,0.5786640048027039,0.004679392091929913,0.6330028176307678,-1.0246652891510166e-05,0.0006475510890595615,-0.00010335793194826692,0.5785264372825623,1.8129438161849976,0.005227689631283283
251,3142.13818359375,0.0,-10223.14453125,-10223.14453125,10223.013671875,10255.357421875,11340.4375,11411.0,11411.0,407.8595275878906,0.0,0.584491491317749,0.0046758996322751045,0.6386188268661499,-2.4688821213203482e-05,0.0007310324581339955,-0.0001052815277944319,0.5843486785888672,1.8213552236557007,0.006073637865483761
252,3154.648681640625,0.0,-10235.6044921875,-10235.6044921875,10235.4765625,10268.3271484375,11340.640625,11411.0,11411.0,404.6802673339844,0.0,0.5902617573738098,0.004677356220781803,0.6441664099693298,-4.1673494706628844e-05,0.000817958265542984,-0.00010721009311964735,0.5901134610176086,1.8289715051651,0.007015260402113199
253,3167.1591796875,0.0,-10248.0537109375,-10248.0537109375,10247.9267578125,10281.2802734375,11340.8515625,11411.0,11411.0,401.4906921386719,0.0,0.595973014831543,0.004683705046772957,0.6496443748474121,-1.2661243999900762e-05,0.0009007496992126107,-0.00010913416190305725,0.5958191752433777,1.8357982635498047,0.007961545139551163
254,3179.669677734375,0.0,-10260.4853515625,-10260.4853515625,10260.3603515625,10294.2109375,11340.9609375,11411.0,11411.0,398.2926025390625,0.0,0.6016239523887634,0.0046948883682489395,0.6550518274307251,4.421845005708747e-06,0.0009793074568733573,-0.00011105792509624735,0.6014640927314758,1.8418433666229248,0.008752518333494663
255,3192.18017578125,0.0,-10272.8896484375,-10272.8896484375,10272.7666015625,10307.109375,11341.1796875,11411.0,11411.0,395.087646484375,0.0,0.6072129607200623,0.004710846580564976,0.6603876948356628,-6.574962753802538e-05,0.001053765881806612,-0.00011297641322016716,0.607046902179718,1.847115159034729,0.00946678128093481
256,3204.690673828125,0.0,-10285.263671875,-10285.263671875,10285.1416015625,10319.970703125,11341.34375,11411.0,11411.0,391.8775634765625,0.0,0.6127387881278992,0.004731514025479555,0.6656512022018433,-4.283306043362245e-05,0.0011043419362977147,-0.0001148759329225868,0.6125662326812744,1.8516241312026978,0.010051743127405643
257,3217.201171875,0.0,-10297.59765625,-10297.59765625,10297.4765625,10332.7880859375,11341.5234375,11411.0,11411.0,388.66412353515625,0.0,0.6182001233100891,0.004756822716444731,0.670841634273529,2.348141060792841e-05,0.0011512709315866232,-0.00011676691065076739,0.61802077293396,1.8553824424743652,0.010297492146492004
258,3229.711669921875,0.0,-10309.88671875,-10309.88671875,10309.7666015625,10345.5537109375,11341.6015625,11413.0,11413.0,385.4488830566406,0.0,0.6235959529876709,0.004786698147654533,0.6759583950042725,-4.148421430727467e-05,0.0011847646674141288,-0.00011864062253152952,0.6234095096588135,1.8584023714065552,0.01051501464098692
259,3242.22216796875,0.0,-10322.123046875,-10322.123046875,10322.005859375,10358.26171875,11341.828125,11413.0,11413.0,382.2335510253906,0.0,0.6289251446723938,0.004821061622351408,0.6810009479522705,-8.612962847109884e-05,0.0012087640352547169,-0.00012048600183334202,0.6287312507629395,1.8606982231140137,0.01055588386952877
260,3254.732666015625,0.0,-10334.302734375,-10334.302734375,10334.185546875,10370.90625,11341.9453125,11413.0,11413.0,379.019775390625,0.0,0.6341869235038757,0.004859828855842352,0.6859689354896545,4.905977675662143e-06,0.0012309232261031866,-0.00012231338769197464,0.633985161781311,1.8622853755950928,0.010504694655537605
261,3267.2431640625,0.0,-10346.41796875,-10346.41796875,10346.302734375,10383.48046875,11342.1875,11413.0,11413.0,375.80908203125,0.0,0.6393803358078003,0.004902910906821489,0.6908619999885559,-3.234217729186639e-06,0.001241357414983213,-0.00012410100316628814,0.6391705274581909,1.8631798028945923,0.010480002500116825
262,3279.753662109375,0.0,-10358.46484375,-10358.46484375,10358.3515625,10395.978515625,11342.34375,11413.0,11413.0,372.60302734375,0.0,0.6445047855377197,0.004950204864144325,0.6956799030303955,-9.628146653994918e-05,0.0012534346897155046,-0.00012586478260345757,0.6442865133285522,1.8633986711502075,0.010306349955499172
263,3292.26416015625,0.0,-10370.4365234375,-10370.4365234375,10370.32421875,10408.396484375,11342.625,11415.0,11415.0,369.403076171875,0.0,0.6495596170425415,0.005001603160053492,0.7004225850105286,-4.546669151750393e-05,0.001257861265912652,-0.00012760344543494284,0.649332582950592,1.8629597425460815,0.01025260891765356
264,3304.774658203125,0.0,-10382.3291015625,-10382.3291015625,10382.2177734375,10420.728515625,11342.8984375,11417.0,11417.0,366.2108154296875,0.0,0.6545443534851074,0.0050569865852594376,0.7050898671150208,1.2967924703843892e-05,0.0012642262736335397,-0.00012930110096931458,0.6543083786964417,1.8618820905685425,0.010062665678560734
265,3317.28515625,0.0,-10394.13671875,-10394.13671875,10394.02734375,10432.96875,11343.03125,11417.0,11417.0,363.0275573730469,0.0,0.6594584584236145,0.005116226151585579,0.7096818685531616,-6.907703209435567e-05,0.0012668834533542395,-0.00013097230112180114,0.6592132449150085,1.8601845502853394,0.009974914602935314
266,3329.7958984375,0.0,-10405.85546875,-10405.85546875,10405.748046875,10445.11328125,11343.1796875,11417.0,11417.0,359.854736328125,0.0,0.6643016934394836,0.0051791793666779995,0.7141987085342407,-9.148768003797159e-05,0.0012694642646238208,-0.0001326003111898899,0.6640467643737793,1.8578872680664062,0.009873367846012115
267,3342.306396484375,0.0,-10417.4814453125,-10417.4814453125,10417.375,10457.158203125,11343.3515625,11417.0,11417.0,356.69366455078125,0.0,0.669073760509491,0.005245691630989313,0.7186405062675476,-6.3863417381071486e-06,0.0012709484435617924,-0.00013418035814538598,0.6688088774681091,1.8550102710723877,0.009763718582689762
268,3354.81689453125,0.0,-10429.009765625,-10429.009765625,10428.904296875,10469.09765625,11343.5,11417.0,11417.0,353.5456237792969,0.0,0.6737746000289917,0.005315592046827078,0.7230075597763062,-3.2781641493784264e-05,0.0012719199294224381,-0.00013571500312536955,0.6734992861747742,1.851574182510376,0.009735718369483948
269,3367.327392578125,0.0,-10440.4365234375,-10440.4365234375,10440.3330078125,10480.9306640625,11343.7109375,11417.0,11417.0,350.411865234375,0.0,0.6784041523933411,0.005388693418353796,0.727300226688385,-9.94706861092709e-05,0.00127413182053715,-0.000137200448079966,0.6781180500984192,1.8476001024246216,0.00963499303907156
270,3379.837890625,0.0,-10451.7587890625,-10451.7587890625,10451.6552734375,10492.650390625,11343.9375,11417.0,11417.0,347.29351806640625,0.0,0.6829622983932495,0.005395224783569574,0.7315188646316528,-4.683910810854286e-05,0.001274772803299129,-0.0001386437943438068,0.6826651692390442,1.8431087732315063,0.009666414931416512
271,3392.348388671875,0.0,-10462.97265625,-10462.97265625,10462.87109375,10504.255859375,11344.1484375,11417.0,11417.0,344.1917724609375,0.0,0.6874491572380066,0.005349579732865095,0.7356639504432678,-1.6076190149760805e-05,0.0012768880696967244,-0.00014003970136400312,0.6871408224105835,1.8381218910217285,0.009619501419365406
272,3404.85888671875,0.0,-10474.0751953125,-10474.0751953125,10473.974609375,10515.744140625,11344.2421875,11417.0,11417.0,341.1076965332031,0.0,0.6918649673461914,0.005308026913553476,0.7397359609603882,-7.895470480434597e-05,0.0012792199850082397,-0.00014139513950794935,0.691544771194458,1.83266019821167,0.009665897116065025
273,3417.369384765625,0.0,-10485.0634765625,-10485.0634765625,10484.9638671875,10527.1103515625,11344.3828125,11417.0,11417.0,338.0423278808594,0.0,0.6962099075317383,0.005270545370876789,0.7437354922294617,-7.837528391974047e-05,0.0012832822976633906,-0.0001427117531420663,0.6958776712417603,1.8267452716827393,0.009701826609671116
274,3429.8798828125,0.0,-10495.935546875,-10495.935546875,10495.837890625,10538.353515625,11344.5234375,11417.0,11417.0,334.99658203125,0.0,0.7004842162132263,0.005237116944044828,0.7476630806922913,-2.6207195332972333e-05,0.0012853333028033376,-0.0001439846819266677,0.7001394629478455,1.820398211479187,0.00976091343909502
275,3442.390380859375,0.0,-10506.6875,-10506.6875,10506.591796875,10549.4716796875,11344.6953125,11417.0,11417.0,331.971435546875,0.0,0.704688310623169,0.005207732319831848,0.7515195608139038,-5.919024988543242e-05,0.0012894038809463382,-0.00014522015408147126,0.704330563545227,1.8136398792266846,0.00985615886747837
276,3454.90087890625,0.0,-10517.3193359375,-10517.3193359375,10517.224609375,10560.4609375,11344.765625,11417.0,11417.0,328.9677429199219,0.0,0.7088226079940796,0.005182386841624975,0.7553055286407471,-8.772424916969612e-05,0.0012952687684446573,-0.00014641086454503238,0.7084513902664185,1.8064911365509033,0.009942624717950821
277,3467.411376953125,0.0,-10527.828125,-10527.828125,10527.734375,10571.322265625,11344.890625,11417.0,11417.0,325.986328125,0.0,0.7128874063491821,0.005161082372069359,0.7590216398239136,-5.170806616661139e-05,0.0012992211850360036,-0.00014755572192370892,0.7125023603439331,1.7989723682403564,0.010088793933391571
278,3479.921875,0.0,-10538.212890625,-10538.212890625,10538.1201171875,10582.05078125,11345.0078125,11417.0,11417.0,323.02789306640625,0.0,0.7168834805488586,0.005143825430423021,0.7626689076423645,-5.402060196502134e-05,0.0013073342852294445,-0.00014866185665596277,0.7164838910102844,1.7911041975021362,0.010209464468061924
279,3492.432373046875,0.0,-10548.470703125,-10548.470703125,10548.37890625,10592.6474609375,11345.1328125,11417.0,11417.0,320.0932312011719,0.0,0.7208111882209778,0.005130631849169731,0.7662479877471924,-8.644634363008663e-05,0.0013117140624672174,-0.00014972953067626804,0.720396876335144,1.782906174659729,0.010389698669314384
280,3504.94287109375,0.0,-10558.6015625,-10558.6015625,10558.51171875,10603.1103515625,11345.2421875,11417.0,11417.0,317.1829833984375,0.0,0.7246713042259216,0.005121522583067417,0.7697597742080688,-7.428605749737471e-05,0.0013212583726271987,-0.00015076548152137548,0.7242414951324463,1.7743980884552002,0.010545138269662857
281,3517.453369140625,0.0,-10568.603515625,-10568.603515625,10568.513671875,10613.4384765625,11345.4609375,11417.0,11417.0,314.2977600097656,0.0,0.7284643650054932,0.005116524640470743,0.7732051610946655,-6.360060069710016e-05,0.001328208134509623,-0.00015175975568126887,0.7280188798904419,1.765599012374878,0.010746077634394169
282,3529.9638671875,0.0,-10578.4765625,-10578.4765625,10578.388671875,10623.630859375,11345.5234375,11417.0,11417.0,311.4380798339844,0.0,0.7321911454200745,0.00511567760258913,0.776585042476654,-8.711066038813442e-05,0.0013371127424761653,-0.00015272201562765986,0.7317295670509338,1.7565275430679321,0.010946010239422321
283,3542.474365234375,0.0,-10588.2197265625,-10588.2197265625,10588.1328125,10633.6875,11345.7109375,11417.0,11417.0,308.6045227050781,0.0,0.7358523607254028,0.005119022913277149,0.7799002528190613,-8.807649282971397e-05,0.0013479259796440601,-0.00015365042781922966,0.7353742718696594,1.747201919555664,0.011158275417983532
284,3554.98486328125,0.0,-10597.83203125,-10597.83203125,10597.74609375,10643.6064453125,11345.96875,11417.0,11417.0,305.7975158691406,0.0,0.7394487857818604,0.005126612726598978,0.7831519246101379,-8.14350787550211e-05,0.00135729368776083,-0.0001545496634207666,0.7389542460441589,1.7376399040222168,0.011395581997931004
285,3567.495361328125,0.0,-10607.314453125,-10607.314453125,10607.228515625,10653.388671875,11346.140625,11417.0,11417.0,303.0174560546875,0.0,0.7429810762405396,0.005138504318892956,0.7863407731056213,-9.181607310893014e-05,0.0013702043797820807,-0.00015542273467872292,0.7424702048301697,1.7278586626052856,0.011624499224126339
286,3580.006103515625,0.0,-10616.6650390625,-10616.6650390625,10616.58203125,10663.03515625,11346.3125,11417.0,11417.0,300.2648010253906,0.0,0.7464502453804016,0.005154767073690891,0.7894680500030518,-9.75664152065292e-05,0.0013820930616930127,-0.00015627221728209406,0.7459229826927185,1.7178750038146973,0.011886313557624817
287,3592.5166015625,0.0,-10625.884765625,-10625.884765625,10625.802734375,10672.5439453125,11346.5859375,11417.0,11417.0,297.5398254394531,0.0,0.7498570084571838,0.005175478290766478,0.7925345301628113,-9.608911204850301e-05,0.0013954287860542536,-0.00015710320440120995,0.7493131160736084,1.7077049016952515,0.012137462384998798
288,3605.027099609375,0.0,-10634.974609375,-10634.974609375,10634.892578125,10681.916015625,11346.703125,11417.0,11417.0,294.84283447265625,0.0,0.7532023191452026,0.005200723651796579,0.7955413460731506,-0.00010060141357826069,0.0014103102730587125,-0.00015791777695994824,0.7526417374610901,1.6973642110824585,0.01241240929812193
289,3617.53759765625,0.0,-10643.93359375,-10643.93359375,10643.8515625,10691.150390625,11346.875,11417.0,11417.0,292.174072265625,0.0,0.7564871907234192,0.005116029176861048,0.7984893321990967,-0.00010262657451676205,0.001424904097802937,-0.0001587228471180424,0.7559093236923218,1.6868678331375122,0.012686760164797306
290,3630.048095703125,0.0,-10652.76171875,-10652.76171875,10652.681640625,10700.25,11347.0546875,11417.0,11417.0,289.5338134765625,0.0,0.7597122192382812,0.005038579925894737,0.8013796806335449,-0.00010585023846942931,0.001442315406166017,-0.00015951410750858486,0.7591168284416199,1.6762303113937378,0.012971790507435799
291,3642.55859375,0.0,-10661.4609375,-10661.4609375,10661.3818359375,10709.21484375,11347.2265625,11417.0,11417.0,286.92218017578125,0.0,0.76287841796875,0.0049720159731805325,0.8042133450508118,-0.00010871865379158407,0.0014593240339308977,-0.00016029426478780806,0.7622654438018799,1.6654655933380127,0.013266509398818016
292,3655.069091796875,0.0,-10670.0302734375,-10670.0302734375,10669.9521484375,10718.0439453125,11347.3984375,11417.0,11417.0,284.3393249511719,0.0,0.7659869194030762,0.004916793666779995,0.8069913387298584,-0.0001081518130376935,0.0014775836607441306,-0.00016106394468806684,0.7653557658195496,1.6545870304107666,0.01356420386582613
293,3667.57958984375,0.0,-10678.47265625,-10678.47265625,10678.3955078125,10726.73828125,11347.59375,11419.0,11419.0,281.78533935546875,0.0,0.7690383791923523,0.004873400554060936,0.8097146153450012,-0.0001133995974669233,0.0014975671656429768,-0.00016182367107830942,0.7683891654014587,1.6436076164245605,0.013873728923499584
294,3680.090087890625,0.0,-10686.7861328125,-10686.7861328125,10686.7109375,10735.30078125,11347.7578125,11419.0,11419.0,279.2603759765625,0.0,0.7720339894294739,0.004842345602810383,0.8128832578659058,-0.00011803853703895584,0.0015170708065852523,-0.00016258233517874032,0.7713664174079895,1.6325393915176392,0.014187260530889034
295,3692.6005859375,0.0,-10694.974609375,-10694.974609375,10694.8994140625,10743.7314453125,11347.859375,11419.0,11419.0,276.7643737792969,0.0,0.7749746441841125,0.004824146628379822,0.8165078163146973,-0.00011715097207343206,0.0015406652819365263,-0.0001633509818930179,0.7742884755134583,1.6213945150375366,0.014509545639157295
296,3705.111083984375,0.0,-10703.037109375,-10703.037109375,10702.962890625,10752.0302734375,11348.015625,11419.0,11419.0,274.29742431640625,0.0,0.7778611779212952,0.004819313995540142,0.820042073726654,-0.0001226299355039373,0.001563088851980865,-0.00016414400306530297,0.7771560549736023,1.6101839542388916,0.01483968272805214
297,3717.62158203125,0.0,-10710.974609375,-10710.974609375,10710.9013671875,10760.19921875,11348.21875,11419.0,11419.0,271.8594970703125,0.0,0.7806947231292725,0.004828330595046282,0.8234875202178955,-0.00012660646461881697,0.001585387741215527,-0.00016497251635883003,0.7799702882766724,1.5989184379577637,0.015176315791904926
298,3730.132080078125,0.0,-10718.7890625,-10718.7890625,10718.716796875,10768.240234375,11348.4921875,11419.0,11419.0,269.4505615234375,0.0,0.7834761142730713,0.004851626232266426,0.8268458843231201,-0.00012855647946707904,0.0016098710475489497,-0.0001658360124565661,0.7827327847480774,1.587607979774475,0.01551829930394888
299,3742.642578125,0.0,-10726.482421875,-10726.482421875,10726.41015625,10776.1533203125,11348.59375,11419.0,11419.0,267.070556640625,0.0,0.7862063646316528,0.0048895543441176414,0.8301188945770264,-0.0001292396627832204,0.0016351552912965417,-0.00016673735808581114,0.7854438424110413,1.5762628316879272,0.01587231084704399
300,3755.153076171875,0.0,-10734.0546875,-10734.0546875,10733.9833984375,10783.9404296875,11348.796875,11419.0,11419.0,264.7193603515625,0.0,0.7888863682746887,0.004942368716001511,0.8333082795143127,-0.00013572526222560555,0.0016605781856924295,-0.00016767322085797787,0.7881045937538147,1.5648916959762573,0.016232406720519066
301,3767.66357421875,0.0,-10741.5078125,-10741.5078125,10741.4375,10791.6025390625,11349.03125,11419.0,11419.0,262.39691162109375,0.0,0.7915173172950745,0.005010203458368778,0.8364158868789673,-0.00013545154070015997,0.0016871154075488448,-0.000168637401657179,0.7907162308692932,1.553503394126892,0.016602449119091034
302,3780.174072265625,0.0,-10748.841796875,-10748.841796875,10748.7734375,10799.1416015625,11349.25,11419.0,11419.0,260.10308837890625,0.0,0.7940999269485474,0.00499975960701704,0.8394433856010437,-0.00013847595255356282,0.0017134579829871655,-0.0001696219842415303,0.7932798862457275,1.5421063899993896,0.016982002183794975
303,3792.6845703125,0.0,-10756.060546875,-10756.060546875,10755.9921875,10806.5595703125,11349.421875,11419.0,11419.0,257.8376770019531,0.0,0.7966352701187134,0.004943194333463907,0.8423928022384644,-0.00013935737661086023,0.0017405591206625104,-0.0001706181647023186,0.795796275138855,1.5307081937789917,0.01736883819103241
304,3805.195068359375,0.0,-10763.1640625,-10763.1640625,10763.09765625,10813.857421875,11349.5625,11419.0,11419.0,255.60055541992188,0.0,0.7991243004798889,0.004896071739494801,0.845265805721283,-0.00014403555542230606,0.0017697322182357311,-0.00017162245057988912,0.7982662320137024,1.519316554069519,0.017766457051038742
305,3817.70556640625,0.0,-10770.154296875,-10770.154296875,10770.087890625,10821.0361328125,11349.734375,11419.0,11419.0,253.39154052734375,0.0,0.8015679121017456,0.004858636762946844,0.8480644226074219,-0.00014338774781208485,0.001800245139747858,-0.00017264040070585907,0.8006908297538757,1.5079381465911865,0.018176067620515823
306,3830.21630859375,0.0,-10777.0322265625,-10777.0322265625,10776.966796875,10828.09765625,11349.8671875,11419.0,11419.0,251.21043395996094,0.0,0.8039670586585999,0.004831152036786079,0.8507903218269348,-0.00014418343198485672,0.0018296506023034453,-0.00017367969849146903,0.803070604801178,1.496579647064209,0.018595362082123756
307,3842.726806640625,0.0,-10783.7998046875,-10783.7998046875,10783.734375,10835.044921875,11349.9921875,11419.0,11419.0,249.0570068359375,0.0,0.8063226342201233,0.004813901148736477,0.8534455895423889,-0.0001477875921409577,0.0018600581679493189,-0.00017474194464739412,0.8054066300392151,1.485247015953064,0.019023004919290543
308,3855.2373046875,0.0,-10790.4580078125,-10790.4580078125,10790.39453125,10841.8779296875,11350.0859375,11420.0,11420.0,246.93104553222656,0.0,0.8086355328559875,0.004807183053344488,0.8560319542884827,-0.00014805457612965256,0.0018925557378679514,-0.00017582274449523538,0.8076996207237244,1.473946213722229,0.019462188705801964
309,3867.747802734375,0.0,-10797.009765625,-10797.009765625,10796.947265625,10848.599609375,11350.234375,11421.0,11421.0,244.83230590820312,0.0,0.8109066486358643,0.004811302293092012,0.8585511445999146,-0.00014774930605199188,0.001927895238623023,-0.0001769198279362172,0.8099507689476013,1.4626826047897339,0.019913192838430405
310,3880.25830078125,0.0,-10803.45703125,-10803.45703125,10803.39453125,10855.2099609375,11350.390625,11421.0,11421.0,242.76055908203125,0.0,0.8131371736526489,0.0048265643417835236,0.8610052466392517,-0.00015180776244960725,0.0019629148300737143,-0.00017803108494263142,0.8121607899665833,1.4514611959457397,0.020376404747366905
311,3892.768798828125,0.0,-10809.798828125,-10809.798828125,10809.7373046875,10861.712890625,11350.5,11422.0,11422.0,240.71548461914062,0.0,0.815327525138855,0.004853270016610622,0.8633959293365479,-0.00015173594874795526,0.0019979996141046286,-0.00017914986528921872,0.8143306374549866,1.4402868747711182,0.02084905281662941
312,3905.279296875,0.0,-10816.0390625,-10816.0390625,10815.9775390625,10868.1083984375,11350.6953125,11422.0,11422.0,238.6968536376953,0.0,0.8174788951873779,0.004891698714345694,0.8657249212265015,-0.0001514589530415833,0.002034927485510707,-0.00018026436737272888,0.8164616227149963,1.429163932800293,0.021331273019313812
313,3917.789794921875,0.0,-10822.1787109375,-10822.1787109375,10822.1181640625,10874.3984375,11350.8984375,11422.0,11422.0,236.70437622070312,0.0,0.8195920586585999,0.004942108411341906,0.8679941296577454,-0.00015598090249113739,0.0020731096155941486,-0.00018135634309146553,0.8185546398162842,1.4180963039398193,0.02182609587907791
314,3930.30029296875,0.0,-10828.21875,-10828.21875,10828.1591796875,10880.5859375,11351.0078125,11422.0,11422.0,234.73777770996094,0.0,0.8216678500175476,0.005004717968404293,0.8702052235603333,-0.00015336860087700188,0.002111558336764574,-0.00018240726785734296,0.8206095695495605,1.4070881605148315,0.02233240194618702
315,3942.810791015625,0.0,-10834.162109375,-10834.162109375,10834.103515625,10886.671875,11351.1640625,11422.0,11422.0,232.7967529296875,0.0,0.8237070441246033,0.005079708993434906,0.8723598718643188,-0.0001566429709782824,0.002150007989257574,-0.00018340075621381402,0.8226273059844971,1.3961427211761475,0.022847991436719894
316,3955.3212890625,0.0,-10840.009765625,-10840.009765625,10839.951171875,10892.6572265625,11351.2734375,11422.0,11422.0,230.88099670410156,0.0,0.8257105946540833,0.0051672188565135,0.8746345639228821,-0.00015542459732387215,0.0021889719646424055,-0.00018432257638778538,0.8246092200279236,1.3852633237838745,0.023374490439891815
317,3967.831787109375,0.0,-10845.763671875,-10845.763671875,10845.7060546875,10898.544921875,11351.4296875,11422.0,11422.0,228.99020385742188,0.0,0.8276792764663696,0.0051626223139464855,0.8772794008255005,-0.0001559538213768974,0.0022277552634477615,-0.00018515766714699566,0.8265558481216431,1.374453067779541,0.023912610486149788
318,3980.34228515625,0.0,-10851.42578125,-10851.42578125,10851.369140625,10904.3359375,11351.6015625,11422.0,11422.0,227.12405395507812,0.0,0.8296138048171997,0.005054403096437454,0.8798473477363586,-0.00015548850933555514,0.002266818890348077,-0.00018589133105706424,0.8284681439399719,1.363714575767517,0.024459699168801308
319,3992.852783203125,0.0,-10856.99609375,-10856.99609375,10856.939453125,10910.03125,11351.734375,11422.0,11422.0,225.28224182128906,0.0,0.8315150141716003,0.00494869239628315,0.8823404312133789,-0.00015434598026331514,0.002306409180164337,-0.00018651763093657792,0.8303474187850952,1.3530503511428833,0.025014260783791542
320,4005.36328125,0.0,-10862.478515625,-10862.478515625,10862.421875,10915.634765625,11351.8125,11422.0,11422.0,223.46444702148438,0.0,0.8333837985992432,0.004845703952014446,0.884760856628418,-0.00015305503620766103,0.002345709828659892,-0.00018702467787079513,0.8321934938430786,1.3424628973007202,0.02557699754834175
321,4017.873779296875,0.0,-10867.873046875,-10867.873046875,10867.81640625,10921.1474609375,11352.0078125,11422.0,11422.0,221.67034912109375,0.0,0.8352206349372864,0.004745604936033487,0.8871107697486877,-0.0001527365093352273,0.002385952975600958,-0.0001874029403552413,0.8340073823928833,1.3319543600082397,0.026150090619921684
322,4030.38427734375,0.0,-10873.1806640625,-10873.1806640625,10873.126953125,10926.5693359375,11352.125,11422.0,11422.0,219.89959716796875,0.0,0.8370264768600464,0.004648532718420029,0.8893921375274658,-0.00014954143262002617,0.0024254927411675453,-0.00018764898413792253,0.8357903957366943,1.3215265274047852,0.026733973994851112
323,4042.894775390625,0.0,-10878.4052734375,-10878.4052734375,10878.3515625,10931.904296875,11352.28125,11422.0,11422.0,218.15188598632812,0.0,0.8388020396232605,0.004554591607302427,0.8916072845458984,-0.0001492740702815354,0.0024660038761794567,-0.00018775677017401904,0.8375430107116699,1.3111811876296997,0.02732677385210991
324,4055.4052734375,0.0,-10883.546875,-10883.546875,10883.494140625,10937.15234375,11352.3828125,11422.0,11422.0,216.4268798828125,0.0,0.8405479192733765,0.004463855642825365,0.8937581181526184,-0.00014805509999860078,0.0025059145409613848,-0.0001877324830275029,0.8392663598060608,1.3009198904037476,0.027925066649913788
325,4067.916015625,0.0,-10888.607421875,-10888.607421875,10888.5546875,10942.3154296875,11352.484375,11422.0,11422.0,214.72427368164062,0.0,0.8422650098800659,0.0043763755820691586,0.8958469033241272,-0.0001453214354114607,0.002546109724789858,-0.00018759878003038466,0.8409608006477356,1.2907441854476929,0.028526609763503075
326,4080.426513671875,0.0,-10893.587890625,-10893.587890625,10893.5361328125,10947.396484375,11352.5859375,11422.0,11422.0,213.043701171875,0.0,0.8439536690711975,0.004292177967727184,0.8978753685951233,-0.0001451249554520473,0.0025868681259453297,-0.00018739208462648094,0.8426266312599182,1.2806552648544312,0.029136093333363533
327,4092.93701171875,0.0,-10898.4912109375,-10898.4912109375,10898.439453125,10952.3955078125,11352.796875,11422.0,11422.0,211.3848419189453,0.0,0.8456149697303772,0.004211274441331625,0.8998457789421082,-0.00014486904547084123,0.0026280945166945457,-0.00018714225734584033,0.8442646861076355,1.2706540822982788,0.02975578047335148
328,4105.447265625,0.0,-10903.318359375,-10903.318359375,10903.267578125,10957.314453125,11352.8828125,11422.0,11422.0,209.74737548828125,0.0,0.8472492694854736,0.0041336556896567345,0.9017599821090698,-0.00014147891488391906,0.0026700044982135296,-0.00018686996190808713,0.8458762764930725,1.260741949081421,0.030385714024305344
329,4117.9580078125,0.0,-10908.068359375,-10908.068359375,10908.017578125,10962.1552734375,11352.96875,11422.0,11422.0,208.13095092773438,0.0,0.8488574028015137,0.004059300757944584,0.9036200046539307,-0.0001426875969627872,0.0027111226227134466,-0.0001865881640696898,0.8474609851837158,1.2509195804595947,0.031021492555737495
330,4130.46826171875,0.0,-10912.7470703125,-10912.7470703125,10912.697265625,10966.9189453125,11353.0546875,11422.0,11422.0,206.53526306152344,0.0,0.8504397869110107,0.003988177049905062,0.9054275751113892,-0.00014334428124129772,0.0027523350436240435,-0.00018630363047122955,0.8490191698074341,1.2411876916885376,0.03166119009256363
331,4142.97900390625,0.0,-10917.3515625,-10917.3515625,10917.302734375,10971.607421875,11353.21875,11422.0,11422.0,204.95997619628906,0.0,0.8519971966743469,0.003920237999409437,0.9071846008300781,-0.00013912557915318757,0.00279245781712234,-0.00018603124772198498,0.850553035736084,1.2315467596054077,0.03230789303779602
332,4155.4892578125,0.0,-10921.8876953125,-10921.8876953125,10921.8388671875,10976.22265625,11353.359375,11422.0,11422.0,203.40475463867188,0.0,0.85353022813797,0.0038554330822080374,0.9088929891586304,-0.0001411623234162107,0.0028331333305686712,-0.0001857912866398692,0.8520638942718506,1.221997618675232,0.03295958787202835
333,4168.0,0.0,-10926.353515625,-10926.353515625,10926.3046875,10980.7646484375,11353.5546875,11422.0,11422.0,201.86927795410156,0.0,0.8550393581390381,0.003793698735535145,0.9105542898178101,-0.0001387164811603725,0.0028740318957716227,-0.00018560489115770906,0.8535510301589966,1.2125403881072998,0.033621251583099365
334,4180.51025390625,0.0,-10930.751953125,-10930.751953125,10930.703125,10985.236328125,11353.7578125,11422.0,11422.0,200.3532257080078,0.0,0.856525182723999,0.0037349711637943983,0.91217041015625,-0.00013855868019163609,0.002914785174652934,-0.00018549247761256993,0.8550164103507996,1.2031755447387695,0.034294016659259796
335,4193.02099609375,0.0,-10935.08203125,-10935.08203125,10935.03515625,10989.6376953125,11353.828125,11422.0,11422.0,198.8562774658203,0.0,0.8579882383346558,0.003679176326841116,0.9137428402900696,-0.0001347791258012876,0.002956019015982747,-0.00018546372302807868,0.8564597964286804,1.1939033269882202,0.034972988069057465
336,4205.53173828125,0.0,-10939.34765625,-10939.34765625,10939.30078125,10993.9716796875,11353.9609375,11422.0,11422.0,197.37811279296875,0.0,0.8594292998313904,0.0036262397188693285,0.9152731895446777,-0.0001346514472970739,0.002996749011799693,-0.00018552147957962006,0.8578808307647705,1.1847236156463623,0.03565921261906624
337,4218.0419921875,0.0,-10943.548828125,-10943.548828125,10943.50390625,10998.23828125,11354.1171875,11422.0,11422.0,195.91839599609375,0.0,0.860848605632782,0.0035760807804763317,0.9167631268501282,-0.00013260399282444268,0.0030358319636434317,-0.00018566381186246872,0.8592808246612549,1.1756367683410645,0.0363498255610466
338,4230.552734375,0.0,-10947.689453125,-10947.689453125,10947.642578125,11002.439453125,11354.2109375,11422.0,11422.0,194.4768524169922,0.0,0.8622466921806335,0.0035286187194287777,0.918213963508606,-0.00012924475595355034,0.0030745475087314844,-0.00018588773673400283,0.8606597185134888,1.166642665863037,0.037044957280159
339,4243.06298828125,0.0,-10951.7666015625,-10951.7666015625,10951.720703125,11006.5771484375,11354.3828125,11422.0,11422.0,193.05313110351562,0.0,0.8636241555213928,0.0034837701823562384,0.9196271300315857,-0.0001287334453081712,0.0031139664351940155,-0.0001861932105384767,0.8620191812515259,1.1577411890029907,0.037746038287878036
340,4255.57373046875,0.0,-10955.78515625,-10955.78515625,10955.740234375,11010.6513671875,11354.578125,11422.0,11422.0,191.64694213867188,0.0,0.8649815320968628,0.0034414497204124928,0.9210042357444763,-0.00012680774671025574,0.0031536950264126062,-0.00018657973851077259,0.8633591532707214,1.1489322185516357,0.03845474123954773
341,4268.083984375,0.0,-10959.744140625,-10959.744140625,10959.69921875,11014.6640625,11354.7890625,11422.0,11422.0,190.25796508789062,0.0,0.8663191199302673,0.0034015714190900326,0.9223463535308838,-0.00011990527127636597,0.0031915130093693733,-0.00018705024558585137,0.8646809458732605,1.1402153968811035,0.03917332738637924
342,4280.5947265625,0.0,-10963.64453125,-10963.64453125,10963.6005859375,11018.615234375,11354.8515625,11422.0,11422.0,188.8859100341797,0.0,0.8676374554634094,0.003364050295203924,0.9236547946929932,-0.00012334961502347142,0.003228826215490699,-0.0001876047026598826,0.8659826517105103,1.131590723991394,0.03989662975072861
343,4293.10498046875,0.0,-10967.48828125,-10967.48828125,10967.4453125,11022.5078125,11355.0078125,11422.0,11422.0,187.53048706054688,0.0,0.868937075138092,0.00332879857160151,0.9249308705329895,-0.00011450054444139823,0.0032667506020516157,-0.00018824405560735613,0.8672657012939453,1.1230576038360596,0.04062116518616676
344,4305.61572265625,0.0,-10971.2783203125,-10971.2783203125,10971.234375,11026.3427734375,11355.0859375,11422.0,11422.0,186.1913604736328,0.0,0.8702183365821838,0.003295730333775282,0.9261757135391235,-0.00011197321873623878,0.0033028041943907738,-0.0001889653067337349,0.8685296177864075,1.114615797996521,0.04134783893823624
345,4318.1259765625,0.0,-10975.0126953125,-10975.0126953125,10974.970703125,11030.1201171875,11355.1640625,11422.0,11422.0,184.86827087402344,0.0,0.8714816570281982,0.0032647608313709497,0.9273903965950012,-0.00011241457104915753,0.0033394156489521265,-0.0001897466863738373,0.8697747588157654,1.1062648296356201,0.04208073392510414
346,4330.63671875,0.0,-10978.6943359375,-10978.6943359375,10978.65234375,11033.841796875,11355.2890625,11422.0,11422.0,183.56092834472656,0.0,0.8727273941040039,0.003235802985727787,0.9285761117935181,-0.000102663179859519,0.0033758459612727165,-0.0001905714743770659,0.8710020184516907,1.0980041027069092,0.042820364236831665
347,4343.14697265625,0.0,-10982.32421875,-10982.32421875,10982.28125,11037.5087890625,11355.3828125,11422.0,11422.0,182.26901245117188,0.0,0.8739561438560486,0.003208774607628584,0.9297336339950562,-0.00010490250861039385,0.0034130539279431105,-0.00019143598910886794,0.8722125887870789,1.0898332595825195,0.043563924729824066
348,4355.65771484375,0.0,-10985.90234375,-10985.90234375,10985.861328125,11041.12109375,11355.578125,11422.0,11422.0,180.99227905273438,0.0,0.875167965888977,0.003183589316904545,0.9308640360832214,-9.769714233698323e-05,0.0034522349014878273,-0.00019235639774706215,0.8734065294265747,1.0817515850067139,0.044315777719020844
349,4368.16796875,0.0,-10989.4306640625,-10989.4306640625,10989.388671875,11044.681640625,11355.7578125,11422.0,11422.0,179.73043823242188,0.0,0.8763635158538818,0.0031601665541529655,0.9319683313369751,-9.380546543980017e-05,0.0034906140062958,-0.00019335014803800732,0.8745859861373901,1.0737584829330444,0.0450698621571064
350,4380.6787109375,0.0,-10992.9091796875,-10992.9091796875,10992.8681640625,11048.1904296875,11355.828125,11422.0,11422.0,178.4832000732422,0.0,0.8775428533554077,0.003138422966003418,0.933047354221344,-9.381602285429835e-05,0.0035275770351290703,-0.0001944413234014064,0.8757500052452087,1.065853238105774,0.04581518843770027
351,4393.18896484375,0.0,-10996.3408203125,-10996.3408203125,10996.30078125,11051.6474609375,11355.96875,11422.0,11422.0,177.25033569335938,0.0,0.8787066340446472,0.003118279855698347,0.9341018199920654,-8.446884748991579e-05,0.0035663885064423084,-0.00019564840476959944,0.8768975734710693,1.0580352544784546,0.04655926302075386
352,4405.69970703125,0.0,-10999.724609375,-10999.724609375,10999.685546875,11055.0556640625,11356.1171875,11422.0,11422.0,176.03150939941406,0.0,0.8798550963401794,0.0030996554996818304,0.935132622718811,-8.700243779458106e-05,0.003605719655752182,-0.00019698147661983967,0.8780314326286316,1.05030357837677,0.047311823815107346
353,4418.2099609375,0.0,-11003.0625,-11003.0625,11003.0234375,11058.4140625,11356.3125,11422.0,11422.0,174.82652282714844,0.0,0.8809885382652283,0.0030824742279946804,0.9361404776573181,-8.300310582853854e-05,0.0036431204061955214,-0.00019842779147438705,0.8791522979736328,1.042657732963562,0.04806838184595108
354,4430.720703125,0.0,-11006.35546875,-11006.35546875,11006.31640625,11061.7255859375,11356.515625,11423.0,11423.0,173.63510131835938,0.0,0.8821071982383728,0.003066657343879342,0.9371260404586792,-7.921166252344847e-05,0.0036790661979466677,-0.00019996646733488888,0.8802598118782043,1.0350967645645142,0.04882097616791725
355,4443.2314453125,0.0,-11009.603515625,-11009.603515625,11009.5654296875,11064.9892578125,11356.625,11423.0,11423.0,172.45700073242188,0.0,0.8832114338874817,0.0030521282460540533,0.9380900859832764,-8.111465285765007e-05,0.003717143554240465,-0.00020157062681391835,0.8813554048538208,1.0276198387145996,0.04957135021686554
356,4455.74169921875,0.0,-11012.80859375,-11012.80859375,11012.76953125,11068.20703125,11356.7265625,11423.0,11423.0,171.29193115234375,0.0,0.884301483631134,0.003038812894374132,0.9390332102775574,-7.953283056849614e-05,0.0037550590932369232,-0.00020320761541370302,0.8824357390403748,1.0202261209487915,0.050322115421295166
357,4468.25244140625,0.0,-11015.970703125,-11015.970703125,11015.93359375,11071.37890625,11356.875,11423.0,11423.0,170.13970947265625,0.0,0.8853777647018433,0.003026639111340046,0.9399559497833252,-7.734498649369925e-05,0.0037928090896457434,-0.00020485073036979884,0.8835017681121826,1.0129146575927734,0.05107283592224121
358,4480.7626953125,0.0,-11019.091796875,-11019.091796875,11019.0537109375,11074.5068359375,11356.9453125,11423.0,11423.0,169.00006103515625,0.0,0.8864403963088989,0.003015532623976469,0.9408590197563171,-8.25807437649928e-05,0.003830666420981288,-0.0002064685832010582,0.8845541477203369,1.005684733390808,0.051825378090143204
359,4493.2734375,0.0,-11022.171875,-11022.171875,11022.134765625,11077.5908203125,11357.0859375,11425.0,11425.0,167.872802734375,0.0,0.8874897360801697,0.0030054242815822363,0.9417428970336914,-8.02239082986489e-05,0.0038689253851771355,-0.00020803710503969342,0.8855918645858765,0.9985353350639343,0.05257835611701012
360,4505.78369140625,0.0,-11025.2109375,-11025.2109375,11025.173828125,11080.6328125,11357.15625,11425.0,11425.0,166.75762939453125,0.0,0.8885259628295898,0.00299624539911747,0.942608118057251,-8.326083479914814e-05,0.003909213934093714,-0.0002095377421937883,0.8866150975227356,0.9914653897285461,0.05333075299859047
361,4518.29443359375,0.0,-11028.2109375,-11028.2109375,11028.1748046875,11083.6318359375,11357.328125,11426.0,11426.0,165.65438842773438,0.0,0.8895492553710938,0.0029879282228648663,0.943455159664154,-8.687465015100315e-05,0.003949846141040325,-0.0002109604683937505,0.8876245021820068,0.9844740033149719,0.05408652499318123
362,4530.8046875,0.0,-11031.173828125,-11031.173828125,11031.13671875,11086.58984375,11357.4296875,11426.0,11426.0,164.56283569335938,0.0,0.89055997133255,0.0029804063960909843,0.9442844986915588,-8.816811168799177e-05,0.003989569377154112,-0.0002122970763593912,0.8886225819587708,0.9775602221488953,0.054844316095113754
363,4543.3154296875,0.0,-11034.0966796875,-11034.0966796875,11034.060546875,11089.5068359375,11357.4921875,11426.0,11426.0,163.48275756835938,0.0,0.8915582299232483,0.002973616821691394,0.9451508522033691,-8.796345355222002e-05,0.004028544761240482,-0.00021352864860091358,0.889605700969696,0.9707229733467102,0.05559897422790527
364,4555.82568359375,0.0,-11036.984375,-11036.984375,11036.9482421875,11092.3837890625,11357.5859375,11426.0,11426.0,162.4139862060547,0.0,0.8925443887710571,0.0029674977995455265,0.9462247490882874,-9.586853411747143e-05,0.004069776274263859,-0.00021463099983520806,0.8905746936798096,0.9639613628387451,0.05635469779372215
365,4568.33642578125,0.0,-11039.833984375,-11039.833984375,11039.798828125,11095.2216796875,11357.6484375,11426.0,11426.0,161.3562774658203,0.0,0.893518328666687,0.0029619894921779633,0.9472713470458984,-9.099879389395937e-05,0.004110219422727823,-0.00021557956642936915,0.8915302753448486,0.9572742581367493,0.05712025985121727
366,4580.8466796875,0.0,-11042.6484375,-11042.6484375,11042.61328125,11098.021484375,11357.8828125,11426.0,11426.0,160.30946350097656,0.0,0.8944804668426514,0.0029570353217422962,0.9482912421226501,-9.818985563470051e-05,0.0041496059857308865,-0.0002163476892746985,0.8924744725227356,0.9506606459617615,0.057891447097063065
367,4593.357421875,0.0,-11045.4296875,-11045.4296875,11045.39453125,11100.783203125,11357.9609375,11426.0,11426.0,159.27333068847656,0.0,0.8954310417175293,0.0029525805730372667,0.9492855668067932,-9.836608660407364e-05,0.0041892011649906635,-0.00021691496658604592,0.8934077024459839,0.944119393825531,0.05866483226418495
368,4605.86767578125,0.0,-11048.1748046875,-11048.1748046875,11048.140625,11103.5078125,11358.0859375,11426.0,11426.0,158.24774169921875,0.0,0.8963700532913208,0.0029485742561519146,0.9502550363540649,-0.00010033298894995824,0.0042291851714253426,-0.00021726515842601657,0.894329309463501,0.9376495480537415,0.05944295972585678
369,4618.37841796875,0.0,-11050.88671875,-11050.88671875,11050.8515625,11106.1962890625,11358.359375,11426.0,11426.0,157.23248291015625,0.0,0.8972977995872498,0.0029449667781591415,0.9512004256248474,-0.00010440377081977203,0.004268113989382982,-0.000217377208173275,0.8952397108078003,0.9312499761581421,0.0602278970181942
370,4630.888671875,0.0,-11053.564453125,-11053.564453125,11053.53125,11108.849609375,11358.4453125,11426.0,11426.0,156.22738647460938,0.0,0.8982143402099609,0.0029417145997285843,0.9521226286888123,-0.00010795429261634126,0.004306497983634472,-0.00021724525140598416,0.8961402773857117,0.9249195456504822,0.061016809195280075
371,4643.3994140625,0.0,-11056.2109375,-11056.2109375,11056.1767578125,11111.466796875,11358.515625,11426.0,11426.0,155.23231506347656,0.0,0.8991197943687439,0.0029387748800218105,0.9530224204063416,-0.00010832916450453922,0.004346550442278385,-0.00021687865955755115,0.8970282077789307,0.9186571836471558,0.06180974468588829
372,4655.90966796875,0.0,-11058.8251953125,-11058.8251953125,11058.7919921875,11114.048828125,11358.5859375,11426.0,11426.0,154.2470703125,0.0,0.9000144600868225,0.0029361099004745483,0.9539005160331726,-0.00011562210420379415,0.004384470637887716,-0.00021629527327604592,0.8979024887084961,0.9124618172645569,0.06261076033115387
373,4668.42041015625,0.0,-11061.408203125,-11061.408203125,11061.375,11116.5986328125,11358.71875,11426.0,11426.0,153.2715606689453,0.0,0.9008983969688416,0.002933687996119261,0.954757571220398,-0.00011711767001543194,0.004423074424266815,-0.00021550821838900447,0.8987628817558289,0.90633225440979,0.06341686099767685
374,4680.9306640625,0.0,-11063.958984375,-11063.958984375,11063.927734375,11119.11328125,11358.875,11426.0,11426.0,152.30555725097656,0.0,0.9017716646194458,0.0029314777348190546,0.9555944800376892,-0.00012004645395791158,0.004460843745619059,-0.000214518207940273,0.8996124267578125,0.900267481803894,0.06422796845436096
375,4693.44140625,0.0,-11066.4814453125,-11066.4814453125,11066.44921875,11121.5966796875,11358.984375,11426.0,11426.0,151.34896850585938,0.0,0.9026345610618591,0.0029294576961547136,0.9564117193222046,-0.00012471851368900388,0.004498541820794344,-0.00021334155462682247,0.9004519581794739,0.8942663073539734,0.06504661589860916
376,4705.9521484375,0.0,-11068.974609375,-11068.974609375,11068.94140625,11124.046875,11359.15625,11426.0,11426.0,150.40164184570312,0.0,0.9034870862960815,0.0029276073910295963,0.9572099447250366,-0.0001234445080626756,0.004533367697149515,-0.00021199243201408535,0.9012806415557861,0.8883277177810669,0.06586936116218567
377,4718.46240234375,0.0,-11071.4375,-11071.4375,11071.4052734375,11126.4658203125,11359.2265625,11426.0,11426.0,149.46343994140625,0.0,0.9043292999267578,0.002925912383943796,0.9579898118972778,-0.00012826648890040815,0.004567813593894243,-0.0002104778541252017,0.9020972847938538,0.8824506402015686,0.06669558584690094
378,4730.97314453125,0.0,-11073.87109375,-11073.87109375,11073.83984375,11128.853515625,11359.3203125,11426.0,11426.0,148.53424072265625,0.0,0.905161440372467,0.0029243656899780035,0.9587517380714417,-0.00012784085993189365,0.004603378474712372,-0.00020880500960629433,0.9029033184051514,0.876633882522583,0.06752987951040268
379,4743.4833984375,0.0,-11076.2763671875,-11076.2763671875,11076.24609375,11131.2099609375,11359.46875,11426.0,11426.0,147.61390686035156,0.0,0.905983567237854,0.002922966144979,0.9594964385032654,-0.00012838067777920514,0.004635374061763287,-0.00020699405285995454,0.9036992192268372,0.8708764910697937,0.06837047636508942
380,4755.994140625,0.0,-11078.654296875,-11078.654296875,11078.6240234375,11133.544921875,11359.6015625,11426.0,11426.0,146.70233154296875,0.0,0.906795859336853,0.0029217167757451534,0.9602243304252625,-0.00013096390466671437,0.0046663591638207436,-0.00020506791770458221,0.9044848680496216,0.8651773929595947,0.0692131519317627
381,4768.50439453125,0.0,-11081.005859375,-11081.005859375,11080.974609375,11135.9892578125,11359.6875,11426.0,11426.0,145.79937744140625,0.0,0.9075982570648193,0.0029206282924860716,0.9609358906745911,-0.00013019073230680078,0.00469653494656086,-0.00020305941870901734,0.9052590727806091,0.8595354557037354,0.07005973160266876
382,4781.01513671875,0.0,-11083.3291015625,-11083.3291015625,11083.298828125,11138.4052734375,11359.765625,11426.0,11426.0,144.90496826171875,0.0,0.9083911180496216,0.002919717226177454,0.9616315364837646,-0.0001308428036281839,0.004728080704808235,-0.0002009936870308593,0.9060225486755371,0.8539498448371887,0.0709119588136673
383,4793.525390625,0.0,-11085.626953125,-11085.626953125,11085.595703125,11140.791015625,11359.953125,11426.0,11426.0,144.01898193359375,0.0,0.9091742634773254,0.0029190080240368843,0.962311863899231,-0.0001322548050666228,0.0047584897838532925,-0.0001989043812500313,0.906775951385498,0.8484194278717041,0.07176844775676727
384,4806.0361328125,0.0,-11087.8974609375,-11087.8974609375,11087.8671875,11143.1494140625,11360.0078125,11426.0,11426.0,143.1412811279297,0.0,0.90994793176651,0.0029185304883867502,0.9629769921302795,-0.0001306560297962278,0.00478816032409668,-0.00019681843696162105,0.9075196385383606,0.8429432511329651,0.072625532746315
385,4818.54638671875,0.0,-11090.142578125,-11090.142578125,11090.11328125,11145.4794921875,11360.109375,11426.0,11426.0,142.2718048095703,0.0,0.9107122421264648,0.0029183239676058292,0.9636275172233582,-0.00013447240053210407,0.004821126349270344,-0.0001947612763615325,0.90825355052948,0.8375203609466553,0.07348485291004181
386,4831.05712890625,0.0,-11092.361328125,-11092.361328125,11092.33203125,11147.7822265625,11360.28125,11426.0,11426.0,141.41043090820312,0.0,0.911467432975769,0.0029184333980083466,0.9642637968063354,-0.0001322447060374543,0.004851887468248606,-0.00019273564976174384,0.9089776277542114,0.8321499228477478,0.07434838265180588
387,4843.5673828125,0.0,-11094.556640625,-11094.556640625,11094.52734375,11150.056640625,11360.421875,11426.0,11426.0,140.55709838867188,0.0,0.9122132658958435,0.002918912097811699,0.9648860096931458,-0.00013573710748460144,0.0048822443932294846,-0.00019074458396062255,0.9096940159797668,0.826831042766571,0.07521038502454758
388,4856.078125,0.0,-11096.7275390625,-11096.7275390625,11096.69921875,11152.3056640625,11360.546875,11426.0,11426.0,139.711669921875,0.0,0.9129500985145569,0.002919820137321949,0.965494692325592,-0.00013535442121792585,0.004913387820124626,-0.0001887952530523762,0.910401463508606,0.8215628266334534,0.07606828957796097
389,4868.58837890625,0.0,-11098.873046875,-11098.873046875,11098.845703125,11154.52734375,11360.6953125,11426.0,11426.0,138.87408447265625,0.0,0.9136779308319092,0.0029212252702564,0.9660900235176086,-0.00013804917398374528,0.004945757333189249,-0.0001869012339739129,0.9111009836196899,0.8163444995880127,0.076925128698349
390,4881.09912109375,0.0,-11100.99609375,-11100.99609375,11100.96875,11156.724609375,11360.9375,11426.0,11426.0,138.04425048828125,0.0,0.9143968820571899,0.002923203632235527,0.9666723012924194,-0.00013861944898962975,0.004976825788617134,-0.00018507913046050817,0.9117947816848755,0.8111752867698669,0.07778115570545197
391,4893.609375,0.0,-11103.095703125,-11103.095703125,11103.0673828125,11158.89453125,11361.1875,11428.0,11428.0,137.2220916748047,0.0,0.9151070713996887,0.00292583997361362,0.9672418236732483,-0.0001413044228684157,0.005008053500205278,-0.00018335656204726547,0.9124826788902283,0.8060544729232788,0.07863230258226395
392,4906.1201171875,0.0,-11105.1708984375,-11105.1708984375,11105.142578125,11161.041015625,11361.3671875,11428.0,11428.0,136.40750122070312,0.0,0.9158086180686951,0.0029292262624949217,0.9677990078926086,-0.00014286613441072404,0.005039762705564499,-0.00018175279546994716,0.9131664037704468,0.8009812235832214,0.0794762372970581
393,4918.63037109375,0.0,-11107.2236328125,-11107.2236328125,11107.1962890625,11163.162109375,11361.453125,11428.0,11428.0,135.60040283203125,0.0,0.916501522064209,0.002933463314548135,0.96834397315979,-0.00014550234482157975,0.005073665175586939,-0.00018026356701739132,0.9138404726982117,0.7959549427032471,0.08031459897756577
394,4931.14111328125,0.0,-11109.25390625,-11109.25390625,11109.2265625,11165.2607421875,11361.5390625,11428.0,11428.0,134.8007354736328,0.0,0.9171859622001648,0.002938660094514489,0.9688768982887268,-0.00014680260210298002,0.0051071373745799065,-0.00017887938884086907,0.914503812789917,0.7909749150276184,0.08114662766456604
395,4943.65185546875,0.0,-11111.2626953125,-11111.2626953125,11111.2353515625,11167.3349609375,11361.7265625,11428.0,11428.0,134.00840759277344,0.0,0.9178619980812073,0.0029449358116835356,0.9693983197212219,-0.000149990723002702,0.005138840526342392,-0.00017759166075848043,0.9151585698127747,0.7860404849052429,0.08196870237588882
396,4956.162109375,0.0,-11113.2490234375,-11113.2490234375,11113.2216796875,11169.38671875,11361.9375,11428.0,11428.0,133.22335815429688,0.0,0.9185298085212708,0.002952416194602847,0.9699081778526306,-0.00015280634397640824,0.005169825628399849,-0.00017640435544308275,0.9158077836036682,0.7811510562896729,0.08278025686740875
397,4968.6728515625,0.0,-11115.212890625,-11115.212890625,11115.1865234375,11171.416015625,11362.171875,11428.0,11428.0,132.4454803466797,0.0,0.9191892743110657,0.002961238846182823,0.9704070687294006,-0.0001558822550578043,0.005200797226279974,-0.00017531430057715625,0.9164506793022156,0.7763059139251709,0.08358082920312881
398,4981.18310546875,0.0,-11117.1572265625,-11117.1572265625,11117.1298828125,11173.4228515625,11362.28125,11428.0,11428.0,131.67474365234375,0.0,0.9198408126831055,0.002971549751237035,0.9708948135375977,-0.00015866788453422487,0.005231280345469713,-0.00017432206368539482,0.9170871376991272,0.7715047597885132,0.08436829596757889
399,4993.69384765625,0.0,-11119.080078125,-11119.080078125,11119.0537109375,11175.4091796875,11362.5234375,11428.0,11428.0,130.91104125976562,0.0,0.9204842448234558,0.0029835053719580173,0.9713718295097351,-0.0001602884876774624,0.005261087790131569,-0.0001734281104290858,0.9177151918411255,0.7667468190193176,0.08514181524515152
400,5006.2041015625,0.0,-11120.9814453125,-11120.9814453125,11120.955078125,11177.3740234375,11362.78125,11428.0,11428.0,130.15432739257812,0.0,0.9211198091506958,0.0029972726479172707,0.9718384146690369,-0.00016644649440422654,0.005290806293487549,-0.0001726265181787312,0.9183394312858582,0.7620317935943604,0.0859004333615303
401,5018.71484375,0.0,-11122.86328125,-11122.86328125,11122.837890625,11179.318359375,11362.8671875,11428.0,11428.0,129.4044952392578,0.0,0.9217475652694702,0.0030130292288959026,0.9722947478294373,-0.00016855901048984379,0.005321807228028774,-0.00017190744983963668,0.9189560413360596,0.7573589086532593,0.08664359897375107
402,5031.22509765625,0.0,-11124.724609375,-11124.724609375,11124.69921875,11181.2421875,11363.03125,11428.0,11428.0,128.66152954101562,0.0,0.9223676919937134,0.00303096417337656,0.9727410078048706,-0.00017347815446555614,0.00535045750439167,-0.00017128123727161437,0.9195652604103088,0.7527279257774353,0.08737143129110336
403,5043.73583984375,0.0,-11126.56640625,-11126.56640625,11126.541015625,11183.1474609375,11363.203125,11428.0,11428.0,127.92535400390625,0.0,0.9229801893234253,0.0030512793455272913,0.9731773734092712,-0.00017745609511621296,0.005379036068916321,-0.00017074582865461707,0.9201689958572388,0.7481383085250854,0.08808165788650513
404,5056.24609375,0.0,-11128.388671875,-11128.388671875,11128.36328125,11185.0322265625,11363.296875,11428.0,11428.0,127.19587707519531,0.0,0.923585057258606,0.003074188716709614,0.9736040830612183,-0.0001830108230933547,0.005406542681157589,-0.00017030305752996355,0.9207640886306763,0.7435896396636963,0.08877284079790115
405,5068.7568359375,0.0,-11130.19140625,-11130.19140625,11130.166015625,11186.8984375,11363.5,11428.0,11428.0,126.47303771972656,0.0,0.9241824746131897,0.0030999176669865847,0.9740213751792908,-0.00018717483908403665,0.005433548707515001,-0.00016995338955894113,0.9213516116142273,0.7390814423561096,0.08944621682167053
406,5081.26708984375,0.0,-11131.974609375,-11131.974609375,11131.94921875,11188.7451171875,11363.609375,11428.0,11428.0,125.75679016113281,0.0,0.9247726798057556,0.0031287085730582476,0.9744293689727783,-0.00019075398449786007,0.005458944942802191,-0.00016968439740594476,0.921931803226471,0.7346133589744568,0.09009971469640732
407,5093.77783203125,0.0,-11133.73828125,-11133.73828125,11133.71484375,11190.57421875,11363.7265625,11428.0,11428.0,125.04705810546875,0.0,0.9253556728363037,0.0031608124263584614,0.97482830286026,-0.00019614554184954613,0.00548352999612689,-0.00016947112453635782,0.9225021004676819,0.7301849126815796,0.09073225408792496
408,5106.2880859375,0.0,-11135.4853515625,-11135.4853515625,11135.4609375,11192.384765625,11363.84375,11428.0,11428.0,124.34378051757812,0.0,0.925931453704834,0.0031964960508048534,0.9752183556556702,-0.00019811044330708683,0.005506190937012434,-0.00016927528486121446,0.9230649471282959,0.7257956862449646,0.09134428203105927
409,5118.798828125,0.0,-11137.212890625,-11137.212890625,11137.189453125,11194.177734375,11364.0078125,11428.0,11428.0,123.64691162109375,0.0,0.9265002012252808,0.0032360416371375322,0.9755997657775879,-0.0002057714737020433,0.005529005546122789,-0.00016905975644476712,0.9236207604408264,0.7214453816413879,0.09193499386310577
410,5131.30908203125,0.0,-11138.9228515625,-11138.9228515625,11138.8994140625,11195.953125,11364.21875,11428.0,11428.0,122.95635986328125,0.0,0.9270619750022888,0.0032797418534755707,0.9759726524353027,-0.00020592156215570867,0.005552196409553289,-0.00016878814494702965,0.9241706728935242,0.7171334624290466,0.0925055593252182
411,5143.81982421875,0.0,-11140.615234375,-11140.615234375,11140.591796875,11197.7109375,11364.3046875,11429.0,11429.0,122.2720947265625,0.0,0.9276169538497925,0.0033279049675911665,0.976337194442749,-0.00021407149324659258,0.0055735004134476185,-0.00016844089259393513,0.9247151017189026,0.7128596305847168,0.09305550903081894
412,5156.330078125,0.0,-11142.2890625,-11142.2890625,11142.265625,11199.4521484375,11364.4765625,11429.0,11429.0,121.59405517578125,0.0,0.9281651377677917,0.0033808492589741945,0.9766935706138611,-0.000215721272979863,0.005595434922724962,-0.00016798690194264054,0.9252540469169617,0.708623468875885,0.09358306974172592
413,5168.8408203125,0.0,-11143.947265625,-11143.947265625,11143.923828125,11201.1767578125,11364.5859375,11429.0,11429.0,120.92216491699219,0.0,0.9287064671516418,0.0034389044158160686,0.977042019367218,-0.00022325418831314892,0.00561731681227684,-0.00016738670819904655,0.9257851839065552,0.7044246196746826,0.09408868849277496
414,5181.3515625,0.0,-11145.5869140625,-11145.5869140625,11145.5634765625,11202.884765625,11364.7109375,11429.0,11429.0,120.25637817382812,0.0,0.9292412996292114,0.003502409905195236,0.9773827195167542,-0.0002268370590172708,0.0056365919299423695,-0.00016657516243867576,0.9263088703155518,0.7002626657485962,0.09457153081893921
415,5193.86181640625,0.0,-11147.2099609375,-11147.2099609375,11147.1875,11204.5751953125,11364.8828125,11430.0,11430.0,119.59663391113281,0.0,0.9297696948051453,0.003571710316464305,0.9777156710624695,-0.0002321483480045572,0.005655692890286446,-0.00016548878920730203,0.9268284440040588,0.6961372494697571,0.09503127634525299
416,5206.37255859375,0.0,-11148.81640625,-11148.81640625,11148.79296875,11206.25,11365.0234375,11430.0,11430.0,118.9428939819336,0.0,0.9302915930747986,0.003647157922387123,0.9780413508415222,-0.0002370449510635808,0.00567282922565937,-0.00016406858048867434,0.927341878414154,0.6920479536056519,0.09546973556280136
417,5218.8828125,0.0,-11150.40625,-11150.40625,11150.3828125,11207.9091796875,11365.109375,11430.0,11430.0,118.29507446289062,0.0,0.9308071136474609,0.0037291080225259066,0.9783596396446228,-0.0002419942175038159,0.0056893909350037575,-0.0001622662239242345,0.9278469681739807,0.6879945397377014,0.09588665515184402
418,5231.3935546875,0.0,-11151.9794921875,-11151.9794921875,11151.95703125,11209.552734375,11365.2734375,11430.0,11430.0,117.65315246582031,0.0,0.9313163757324219,0.0038179163821041584,0.9786708950996399,-0.00024642006610520184,0.005704750772565603,-0.00016006117220968008,0.9283463954925537,0.6839765906333923,0.09628182649612427
419,5243.90380859375,0.0,-11153.537109375,-11153.537109375,11153.5146484375,11211.1796875,11365.3828125,11430.0,11430.0,117.01705169677734,0.0,0.9318194389343262,0.00391393480822444,0.9789751768112183,-0.00024979354930110276,0.005717768333852291,-0.0001574351917952299,0.9288391470909119,0.679993748664856,0.09665476530790329
420,5256.41455078125,0.0,-11155.0791015625,-11155.0791015625,11155.056640625,11212.791015625,11365.53125,11430.0,11430.0,116.38672637939453,0.0,0.9323164224624634,0.004017514176666737,0.979272723197937,-0.000255135033512488,0.005730486940592527,-0.00015438608534168452,0.9293248057365417,0.6760457158088684,0.09700576961040497
421,5268.9248046875,0.0,-11156.60546875,-11156.60546875,11156.5830078125,11214.38671875,11365.640625,11430.0,11430.0,115.76213073730469,0.0,0.9328072667121887,0.004128996282815933,0.9795636534690857,-0.0002587300259619951,0.005743674002587795,-0.00015091575914993882,0.9298027753829956,0.672132134437561,0.0973360612988472
422,5281.435546875,0.0,-11158.115234375,-11158.115234375,11158.09375,11215.966796875,11365.7890625,11430.0,11430.0,115.1431884765625,0.0,0.9332923889160156,0.004248718731105328,0.9798480868339539,-0.0002626736823003739,0.005755011457949877,-0.0001470253337174654,0.9302763342857361,0.6682526469230652,0.09764593094587326
423,5293.94580078125,0.0,-11159.609375,-11159.609375,11159.5888671875,11217.5302734375,11365.953125,11430.0,11430.0,114.5298843383789,0.0,0.9337714910507202,0.004377005156129599,0.9801262021064758,-0.0002646931097842753,0.005766419693827629,-0.00014271117106545717,0.9307450652122498,0.6644070148468018,0.09793650358915329
424,5306.45654296875,0.0,-11161.0908203125,-11161.0908203125,11161.0693359375,11219.0791015625,11366.203125,11430.0,11430.0,113.92213439941406,0.0,0.9342447519302368,0.004514176864176989,0.9803982377052307,-0.0002678651362657547,0.005775297526270151,-0.0001379707973683253,0.9312092661857605,0.6605948209762573,0.09820990264415741
425,5318.966796875,0.0,-11162.5556640625,-11162.5556640625,11162.5341796875,11220.6123046875,11366.34375,11430.0,11430.0,113.31990051269531,0.0,0.9347123503684998,0.0046605439856648445,0.9806641340255737,-0.00026953264023177326,0.005782279651612043,-0.00013281767314765602,0.9316714406013489,0.656815767288208,0.09846547245979309
426,5331.4775390625,0.0,-11164.005859375,-11164.005859375,11163.984375,11222.1298828125,11366.5078125,11430.0,11430.0,112.72313690185547,0.0,0.9351744055747986,0.004816410597413778,0.9809243679046631,-0.0002716472081374377,0.0057883309200406075,-0.00012725419946946204,0.9321300387382507,0.6530695557594299,0.09870314598083496
427,5343.98779296875,0.0,-11165.44140625,-11165.44140625,11165.4208984375,11223.6318359375,11366.609375,11433.0,11433.0,112.13177490234375,0.0,0.9356307983398438,0.0049820756539702415,0.9811787009239197,-0.00027383051929064095,0.005792455747723579,-0.00012128807429689914,0.9325829148292542,0.6493558287620544,0.09892365336418152
428,5356.49853515625,0.0,-11166.86328125,-11166.86328125,11166.8427734375,11225.1181640625,11366.8046875,11433.0,11433.0,111.5457763671875,0.0,0.9360816478729248,0.005157836712896824,0.9814276099205017,-0.00027570873498916626,0.0057970392517745495,-0.00011494129284983501,0.9330317974090576,0.6456742882728577,0.09912848472595215
429,5369.0087890625,0.0,-11168.2705078125,-11168.2705078125,11168.25,11226.587890625,11366.921875,11433.0,11433.0,110.96509552001953,0.0,0.9365272521972656,0.005343988072127104,0.9816709756851196,-0.00027741133817471564,0.005799573380500078,-0.00010824680066434667,0.9334779977798462,0.6420246362686157,0.09931910783052444
430,5381.51953125,0.0,-11169.6640625,-11169.6640625,11169.6435546875,11228.04296875,11367.046875,11433.0,11433.0,110.38966369628906,0.0,0.9369673728942871,0.005540831480175257,0.9819090366363525,-0.000281113461824134,0.005800824612379074,-0.00010123889660462737,0.933917760848999,0.6384065747261047,0.0994938462972641
431,5394.02978515625,0.0,-11171.0439453125,-11171.0439453125,11171.0234375,11229.482421875,11367.140625,11433.0,11433.0,109.81942749023438,0.0,0.9374023079872131,0.005748670548200607,0.9821419715881348,-0.00028191664023324847,0.005799891892820597,-9.394937660545111e-05,0.9343523979187012,0.634819746017456,0.09965420514345169
432,5406.54052734375,0.0,-11172.4091796875,-11172.4091796875,11172.388671875,11230.9052734375,11367.3671875,11436.0,11436.0,109.25435638427734,0.0,0.9378319978713989,0.005967819597572088,0.9823697805404663,-0.000284871639451012,0.005797320511192083,-8.640147279947996e-05,0.9347834587097168,0.6312638521194458,0.09979993849992752
433,5419.05078125,0.0,-11173.76171875,-11173.76171875,11173.7412109375,11232.3125,11367.53125,11436.0,11436.0,108.69438171386719,0.0,0.9382566809654236,0.006198601331561804,0.9825928211212158,-0.00028695951914414763,0.005792967975139618,-7.862554775783792e-05,0.9352148771286011,0.6277385950088501,0.0999307706952095
434,5431.5615234375,0.0,-11175.1005859375,-11175.1005859375,11175.0810546875,11233.705078125,11367.703125,11436.0,11436.0,108.13945770263672,0.0,0.9386762976646423,0.006441354751586914,0.9828109741210938,-0.0002903941785916686,0.005785465240478516,-7.063835801091045e-05,0.9356420040130615,0.6242436766624451,0.10004807263612747
435,5444.072265625,0.0,-11176.4267578125,-11176.4267578125,11176.4072265625,11235.080078125,11367.7734375,11436.0,11436.0,107.58953857421875,0.0,0.9390909075737,0.006552834063768387,0.9830244779586792,-0.0002910765470005572,0.005777280777692795,-6.24472668278031e-05,0.9360648989677429,0.6207787990570068,0.10015028715133667
436,5456.58251953125,0.0,-11177.7392578125,-11177.7392578125,11177.7197265625,11236.44140625,11367.828125,11436.0,11436.0,107.0445556640625,0.0,0.9395006895065308,0.006575436796993017,0.9832333922386169,-0.00029269963852129877,0.00576766999438405,-5.405537740443833e-05,0.9364801049232483,0.6173436641693115,0.10023744404315948
437,5469.09326171875,0.0,-11179.0390625,-11179.0390625,11179.01953125,11237.7861328125,11367.9765625,11436.0,11436.0,106.50448608398438,0.0,0.9399057030677795,0.006600343622267246,0.9834378957748413,-0.0002960273704957217,0.005756962113082409,-4.547550997813232e-05,0.9368903636932373,0.61393803358078,0.10031009465456009
438,5481.603515625,0.0,-11180.326171875,-11180.326171875,11180.306640625,11239.115234375,11368.078125,11436.0,11436.0,105.96924591064453,0.0,0.9403058886528015,0.006627574563026428,0.9836380481719971,-0.0002967769978567958,0.005745483562350273,-3.671184094855562e-05,0.9372957944869995,0.6105615496635437,0.10036812722682953
439,5494.1142578125,0.0,-11181.6015625,-11181.6015625,11181.58203125,11240.4287109375,11368.2109375,11436.0,11436.0,105.43881225585938,0.0,0.940701425075531,0.0066571589559316635,0.9838339686393738,-0.0002952377835754305,0.0057349675334990025,-2.7774329282692634e-05,0.9376965165138245,0.6072140336036682,0.1004113033413887
440,5506.62451171875,0.0,-11182.86328125,-11182.86328125,11182.84375,11241.7275390625,11368.3125,11436.0,11436.0,104.91311645507812,0.0,0.9410923719406128,0.006689130328595638,0.9840258955955505,-0.0002998210838995874,0.005724320188164711,-1.8670931240194477e-05,0.9380930066108704,0.6038951277732849,0.10044075548648834
441,5519.13525390625,0.0,-11184.11328125,-11184.11328125,11184.09375,11243.0107421875,11368.46875,11436.0,11436.0,104.39213562011719,0.0,0.9414787888526917,0.006723520811647177,0.9842135906219482,-0.0002965902676805854,0.005711984355002642,-9.418874469702132e-06,0.9384859800338745,0.6006044745445251,0.1004563421010971
442,5531.6455078125,0.0,-11185.3505859375,-11185.3505859375,11185.33203125,11244.279296875,11368.6796875,11436.0,11436.0,103.87578582763672,0.0,0.9418606162071228,0.0067603690549731255,0.9843975901603699,-0.0002979259588755667,0.005699709989130497,-5.103647637838549e-08,0.9388768672943115,0.5973419547080994,0.10045729577541351
443,5544.15625,0.0,-11186.576171875,-11186.576171875,11186.55859375,11245.5322265625,11368.75,11436.0,11436.0,103.36404418945312,0.0,0.9422381520271301,0.006799720693379641,0.9845777153968811,-0.00029544468270614743,0.005687278229743242,9.3738171926816e-06,0.939265251159668,0.5941072106361389,0.10044555366039276
444,5556.66650390625,0.0,-11187.791015625,-11187.791015625,11187.771484375,11246.7705078125,11368.8515625,11436.0,11436.0,102.85685729980469,0.0,0.9426113963127136,0.0068020299077034,0.9847540855407715,-0.0002952352515421808,0.00567499129101634,1.8787495719152503e-05,0.9396488666534424,0.5909000039100647,0.10042120516300201
445,5569.17724609375,0.0,-11188.9931640625,-11188.9931640625,11188.974609375,11247.9951171875,11368.9453125,11436.0,11436.0,102.35417175292969,0.0,0.9429802298545837,0.006739720236510038,0.9849268198013306,-0.00029162989812903106,0.005661683157086372,2.813503124343697e-05,0.9400268197059631,0.5877200365066528,0.10038398951292038
446,5581.6875,0.0,-11190.18359375,-11190.18359375,11190.166015625,11249.205078125,11369.046875,11436.0,11436.0,101.85594940185547,0.0,0.9433449506759644,0.00667892349883914,0.9850961565971375,-0.00028703652787953615,0.005648603197187185,3.736279904842377e-05,0.9403997659683228,0.5845670700073242,0.1003340631723404
447,5594.1982421875,0.0,-11191.36328125,-11191.36328125,11191.345703125,11250.400390625,11369.171875,11436.0,11436.0,101.36213684082031,0.0,0.9437054991722107,0.006619611289352179,0.9852619767189026,-0.00028602886595763266,0.005636829417198896,4.640564293367788e-05,0.940769374370575,0.5814408659934998,0.10027080029249191
448,5606.70849609375,0.0,-11192.53125,-11192.53125,11192.5126953125,11251.5830078125,11369.3828125,11436.0,11436.0,100.87268829345703,0.0,0.9440618753433228,0.006561758928000927,0.9854244589805603,-0.00027922153822146356,0.005626460071653128,5.521179991774261e-05,0.9411357641220093,0.5783411264419556,0.10019545257091522
449,5619.21923828125,0.0,-11193.6875,-11193.6875,11193.669921875,11252.751953125,11369.53125,11436.0,11436.0,100.38755798339844,0.0,0.9444143176078796,0.006505335681140423,0.9855836629867554,-0.0002720767806749791,0.005615624133497477,6.373439100570977e-05,0.9414998888969421,0.5752676129341125,0.10010737925767899
450,5631.7294921875,0.0,-11194.833984375,-11194.833984375,11194.81640625,11253.908203125,11369.6015625,11436.0,11436.0,99.90670013427734,0.0,0.9447627663612366,0.006450317334383726,0.9857397675514221,-0.00026889739092439413,0.005604884587228298,7.193582132458687e-05,0.9418591260910034,0.5722200274467468,0.10000526160001755
451,5644.240234375,0.0,-11195.96875,-11195.96875,11195.951171875,11255.0517578125,11369.7109375,11436.0,11436.0,99.4300765991211,0.0,0.9451072216033936,0.006396679673343897,0.9858927130699158,-0.000259535969235003,0.005596097558736801,7.978724170243368e-05,0.9422147870063782,0.5691982507705688,0.09989075362682343
452,5656.75048828125,0.0,-11197.09375,-11197.09375,11197.076171875,11256.1826171875,11369.875,11436.0,11436.0,98.95762634277344,0.0,0.9454479217529297,0.006344398949295282,0.9860426783561707,-0.0002530618803575635,0.005586685612797737,8.723996143089607e-05,0.9425675272941589,0.56620192527771,0.09976468980312347
453,5669.26123046875,0.0,-11198.20703125,-11198.20703125,11198.189453125,11257.3017578125,11369.9609375,11436.0,11436.0,98.48931884765625,0.0,0.9457847476005554,0.006293452810496092,0.9861896634101868,-0.0002435126225464046,0.005577411036938429,9.425600728718564e-05,0.9429189562797546,0.5632307529449463,0.09962516278028488
454,5681.77197265625,0.0,-11199.3115234375,-11199.3115234375,11199.2939453125,11258.4091796875,11370.109375,11436.0,11436.0,98.02509307861328,0.0,0.9461178183555603,0.006243820767849684,0.9863337874412537,-0.00023840602079872042,0.005567458923906088,0.0001007928658509627,0.9432687163352966,0.5602846741676331,0.09947338700294495
455,5694.2822265625,0.0,-11200.404296875,-11200.404296875,11200.38671875,11259.5048828125,11370.203125,11436.0,11436.0,97.56492614746094,0.0,0.9464472532272339,0.006195479538291693,0.9864751696586609,-0.00022970001737121493,0.005557664670050144,0.00010681982530513778,0.9436128735542297,0.5573632717132568,0.09930998086929321
456,5706.79296875,0.0,-11201.48828125,-11201.48828125,11201.470703125,11260.5888671875,11370.328125,11436.0,11436.0,97.10875701904297,0.0,0.9467730522155762,0.006148410029709339,0.9866138100624084,-0.00022096179600339383,0.005546776112169027,0.00011232683027628809,0.9439523220062256,0.5544664263725281,0.09913593530654907
457,5719.30322265625,0.0,-11202.560546875,-11202.560546875,11202.544921875,11261.662109375,11370.4296875,11436.0,11436.0,96.65654754638672,0.0,0.9470953345298767,0.006102595012634993,0.9867498278617859,-0.00021617324091494083,0.005534415133297443,0.0001172987322206609,0.9442875385284424,0.5515938401222229,0.09895039349794388
458,5731.81396484375,0.0,-11203.6240234375,-11203.6240234375,11203.6083984375,11262.7236328125,11370.5390625,11436.0,11436.0,96.208251953125,0.0,0.9474139213562012,0.006058016326278448,0.9868833422660828,-0.0002070116752292961,0.0055219209752976894,0.00012174786388641223,0.9446189403533936,0.548745334148407,0.09875413030385971
459,5744.32421875,0.0,-11204.677734375,-11204.677734375,11204.662109375,11263.775390625,11370.6640625,11436.0,11436.0,95.76382446289062,0.0,0.9477291703224182,0.006014652084559202,0.9870141744613647,-0.00019932686700485647,0.005509102717041969,0.0001256865361938253,0.9449485540390015,0.5459205508232117,0.0985511839389801
460,5756.8349609375,0.0,-11205.7216796875,-11205.7216796875,11205.705078125,11264.81640625,11370.75,11436.0,11436.0,95.32321166992188,0.0,0.9480410814285278,0.005972488783299923,0.98714280128479,-0.00019277965475339442,0.005496247671544552,0.00012912615784443915,0.9452758431434631,0.5431193709373474,0.0983414277434349
461,5769.34521484375,0.0,-11206.7568359375,-11206.7568359375,11206.740234375,11265.84765625,11370.9296875,11436.0,11436.0,94.88639831542969,0.0,0.9483494162559509,0.005931507796049118,0.9872688055038452,-0.00018321684910915792,0.0054826936684548855,0.00013206465519033372,0.9455992579460144,0.5403416156768799,0.09812504798173904
462,5781.85595703125,0.0,-11207.78125,-11207.78125,11207.765625,11266.8681640625,11371.015625,11436.0,11436.0,94.45332336425781,0.0,0.9486545324325562,0.005891693755984306,0.9873927235603333,-0.00017405650578439236,0.00546873128041625,0.0001345109922112897,0.945920467376709,0.5375868678092957,0.09790445864200592
463,5794.3662109375,0.0,-11208.798828125,-11208.798828125,11208.78125,11267.87890625,11371.1328125,11436.0,11436.0,94.02394104003906,0.0,0.9489563703536987,0.005853030830621719,0.9875141978263855,-0.00016967720875982195,0.005456208251416683,0.00013645713625010103,0.9462368488311768,0.53485506772995,0.0976814553141594
464,5806.876953125,0.0,-11209.8037109375,-11209.8037109375,11209.787109375,11268.87890625,11371.2109375,11436.0,11436.0,93.59821319580078,0.0,0.9492550492286682,0.005815507844090462,0.9876335859298706,-0.0001595685607753694,0.005444366950541735,0.00013786941417492926,0.94654780626297,0.5321459174156189,0.09745942056179047
465,5819.38720703125,0.0,-11210.8017578125,-11210.8017578125,11210.78515625,11269.87109375,11371.3125,11436.0,11436.0,93.17610168457031,0.0,0.949550449848175,0.005779106169939041,0.9877508282661438,-0.00015231079305522144,0.00543343648314476,0.00013869695249013603,0.9468540549278259,0.5294592380523682,0.09724006801843643
466,5831.89794921875,0.0,-11211.7900390625,-11211.7900390625,11211.7744140625,11270.8525390625,11371.3984375,11436.0,11436.0,92.757568359375,0.0,0.9498427510261536,0.005743816029280424,0.9878658652305603,-0.00014741923951078206,0.005421638488769531,0.00013889691035728902,0.9471558928489685,0.5267947316169739,0.09702526032924652
467,5844.408203125,0.0,-11212.7705078125,-11212.7705078125,11212.7548828125,11271.8251953125,11371.484375,11436.0,11436.0,92.3425521850586,0.0,0.9501321315765381,0.005709622520953417,0.9879789352416992,-0.00014145478780847043,0.005410327576100826,0.00013842634507454932,0.9474543333053589,0.5241521596908569,0.09681512415409088
468,5856.9189453125,0.0,-11213.7421875,-11213.7421875,11213.7265625,11272.7880859375,11371.6171875,11436.0,11436.0,91.9310302734375,0.0,0.9504182934761047,0.005676511209458113,0.9880900382995605,-0.00013591481547337025,0.00539754843339324,0.000137240975163877,0.9477502107620239,0.5215314030647278,0.09661196917295456
469,5869.42919921875,0.0,-11214.705078125,-11214.705078125,11214.689453125,11273.7421875,11371.7421875,11436.0,11436.0,91.52294921875,0.0,0.9507015943527222,0.005644471850246191,0.9881992340087891,-0.00013052545546088368,0.005386603996157646,0.00013530939759220928,0.9480442404747009,0.5189321637153625,0.09641838073730469
470,5881.93994140625,0.0,-11215.6591796875,-11215.6591796875,11215.6435546875,11274.6875,11371.796875,11436.0,11436.0,91.11827850341797,0.0,0.950981855392456,0.005613492801785469,0.98830646276474,-0.00012573307321872562,0.005374839995056391,0.00013260678679216653,0.9483334422111511,0.5163542628288269,0.09623442590236664
471,5894.4501953125,0.0,-11216.60546875,-11216.60546875,11216.58984375,11275.6240234375,11371.890625,11436.0,11436.0,90.71697235107422,0.0,0.9512593150138855,0.0055835614912211895,0.9884119629859924,-0.0001202181592816487,0.005363530945032835,0.00012912544480059296,0.9486171007156372,0.513797402381897,0.09606078267097473
472,5906.9609375,0.0,-11217.54296875,-11217.54296875,11217.52734375,11276.55078125,11371.9296875,11436.0,11436.0,90.31900024414062,0.0,0.951533854007721,0.0055546690709888935,0.9885155558586121,-0.0001147122384281829,0.005353417247533798,0.00012486633204389364,0.9488945007324219,0.5112614631652832,0.0958990603685379
473,5919.4716796875,0.0,-11218.4736328125,-11218.4736328125,11218.458984375,11277.470703125,11372.0234375,11436.0,11436.0,89.92431640625,0.0,0.9518057107925415,0.005526802968233824,0.988617479801178,-0.0001119382432079874,0.005344707984477282,0.00011982686555711553,0.949165940284729,0.5087461471557617,0.095749132335186
474,5931.98193359375,0.0,-11219.39453125,-11219.39453125,11219.3798828125,11278.380859375,11372.140625,11436.0,11436.0,89.53286743164062,0.0,0.9520747065544128,0.005499954801052809,0.9887176752090454,-0.0001044932723743841,0.005338330753147602,0.00011401135270716622,0.9494339823722839,0.506251335144043,0.0956123098731041
475,5944.49267578125,0.0,-11220.30859375,-11220.30859375,11220.2939453125,11279.2822265625,11372.25,11436.0,11436.0,89.1446304321289,0.0,0.9523409605026245,0.00547411385923624,0.9888161420822144,-0.00010246974125038832,0.005331308580935001,0.00010743684833869338,0.9496995210647583,0.5037768483161926,0.09548983722925186
476,5957.0029296875,0.0,-11221.21484375,-11221.21484375,11221.201171875,11280.17578125,11372.3046875,11436.0,11436.0,88.75956726074219,0.0,0.9526046514511108,0.005449268966913223,0.9889129996299744,-9.558303281664848e-05,0.0053263017907738686,0.00010012136772274971,0.9499601721763611,0.501322329044342,0.0953800305724144
477,5969.513671875,0.0,-11222.11328125,-11222.11328125,11222.0986328125,11281.0625,11372.4296875,11436.0,11436.0,88.37763977050781,0.0,0.9528656601905823,0.005425415001809597,0.989008367061615,-9.133927233051509e-05,0.005320342723280191,9.208019764628261e-05,0.9502177834510803,0.49888765811920166,0.09528298676013947
478,5982.02392578125,0.0,-11223.0048828125,-11223.0048828125,11222.990234375,11281.9404296875,11372.5,11436.0,11436.0,87.99879455566406,0.0,0.9531239867210388,0.005402539856731892,0.9891020655632019,-8.53822348290123e-05,0.005315040238201618,8.33404264994897e-05,0.9504722952842712,0.49647271633148193,0.09519973397254944
479,5994.53466796875,0.0,-11223.888671875,-11223.888671875,11223.873046875,11282.810546875,11372.640625,11436.0,11436.0,87.62301635742188,0.0,0.9533798098564148,0.005380638409405947,0.9891942739486694,-8.13167862361297e-05,0.0053080241195857525,7.393801206490025e-05,0.9507248997688293,0.4940771758556366,0.09513144940137863
480,6007.044921875,0.0,-11224.7646484375,-11224.7646484375,11224.75,11283.673828125,11372.71875,11436.0,11436.0,87.2502670288086,0.0,0.9536330699920654,0.0053597004152834415,0.9892850518226624,-7.591685425722972e-05,0.005301620811223984,6.39148784102872e-05,0.9509763717651367,0.4917008876800537,0.09507695585489273
481,6019.5556640625,0.0,-11225.6337890625,-11225.6337890625,11225.619140625,11284.529296875,11372.828125,11436.0,11436.0,86.8804931640625,0.0,0.953883945941925,0.005339719355106354,0.9893744587898254,-7.235124940052629e-05,0.005293239839375019,5.3334755648393184e-05,0.9512239694595337,0.48934370279312134,0.09503547102212906
482,6032.06591796875,0.0,-11226.4951171875,-11226.4951171875,11226.4814453125,11285.3779296875,11372.9296875,11437.0,11437.0,86.51367950439453,0.0,0.9541323781013489,0.00532068544998765,0.9894623160362244,-6.708563887514174e-05,0.005285539664328098,4.225665543344803e-05,0.9514691233634949,0.487005352973938,0.09500894695520401
483,6044.57666015625,0.0,-11227.3505859375,-11227.3505859375,11227.3359375,11286.2197265625,11373.0,11437.0,11437.0,86.1497802734375,0.0,0.9543782472610474,0.005302594043314457,0.989548921585083,-6.66634805384092e-05,0.005277044605463743,3.074552660109475e-05,0.9517107009887695,0.4846857488155365,0.09499917924404144
484,6057.0869140625,0.0,-11228.19921875,-11228.19921875,11228.18359375,11287.0546875,11373.1015625,11437.0,11437.0,85.78877258300781,0.0,0.9546219706535339,0.005285436287522316,0.9896341562271118,-6.0564208979485556e-05,0.005266350228339434,1.8869061022996902e-05,0.9519500732421875,0.482384592294693,0.09500353783369064
485,6069.59765625,0.0,-11229.0390625,-11229.0390625,11229.025390625,11287.8828125,11373.265625,11438.0,11438.0,85.43060302734375,0.0,0.9548631310462952,0.005269205663353205,0.989717960357666,-5.871143366675824e-05,0.005253917071968317,6.693973773508333e-06,0.9521894454956055,0.4801017642021179,0.09502106159925461
486,6082.10791015625,0.0,-11229.8740234375,-11229.8740234375,11229.8603515625,11288.705078125,11373.34375,11438.0,11438.0,85.07525634765625,0.0,0.9551020860671997,0.005253897048532963,0.9898005127906799,-5.4985943279461935e-05,0.005241249687969685,-5.71094460610766e-06,0.9524291753768921,0.47783711552619934,0.09505414962768555
487,6094.61865234375,0.0,-11230.703125,-11230.703125,11230.6884765625,11289.5390625,11373.4453125,11438.0,11438.0,84.7226791381836,0.0,0.955338716506958,0.0052395048551261425,0.9898819327354431,-5.23826529388316e-05,0.005227767862379551,-1.8284710677107796e-05,0.9526696801185608,0.4755903482437134,0.09510277956724167
488,6107.12890625,0.0,-11231.5234375,-11231.5234375,11231.509765625,11290.533203125,11373.609375,11438.0,11438.0,84.37286376953125,0.0,0.9555732607841492,0.005226022098213434,0.989962100982666,-4.865585651714355e-05,0.005213023163378239,-3.095721694990061e-05,0.9529070854187012,0.47336137294769287,0.09516380727291107
489,6119.6396484375,0.0,-11232.337890625,-11232.337890625,11232.32421875,11291.5244140625,11373.7890625,11438.0,11438.0,84.0257568359375,0.0,0.9558053612709045,0.005213444121181965,0.9900409579277039,-4.4487132981885225e-05,0.005198264494538307,-4.366095890873112e-05,0.9531484842300415,0.4711499810218811,0.09523722529411316
490,6132.14990234375,0.0,-11233.1474609375,-11233.1474609375,11233.1337890625,11292.5126953125,11373.859375,11439.0,11439.0,83.68134307861328,0.0,0.9560354351997375,0.0052017648704349995,0.9901187419891357,-4.3349926272640005e-05,0.005183590576052666,-5.632411557598971e-05,0.9533892869949341,0.46895596385002136,0.0953247919678688
491,6144.66064453125,0.0,-11233.94921875,-11233.94921875,11233.935546875,11293.498046875,11373.9296875,11439.0,11439.0,83.33958435058594,0.0,0.9562632441520691,0.0051909806206822395,0.9901953339576721,-4.161666220170446e-05,0.005168878939002752,-6.887223571538925e-05,0.9536262154579163,0.46677911281585693,0.0954248234629631
492,6157.1708984375,0.0,-11234.74609375,-11234.74609375,11234.732421875,11294.48046875,11374.0546875,11439.0,11439.0,83.00042724609375,0.0,0.956489086151123,0.005181086249649525,0.9902708530426025,-3.847603511530906e-05,0.005154382903128862,-8.123203588183969e-05,0.9538607597351074,0.46461930871009827,0.09553714841604233
493,6169.681640625,0.0,-11235.5361328125,-11235.5361328125,11235.5224609375,11295.4580078125,11374.1796875,11439.0,11439.0,82.66389465332031,0.0,0.9567128419876099,0.005172079429030418,0.9903451800346375,-4.331887612352148e-05,0.005137740168720484,-9.334223432233557e-05,0.9540929794311523,0.46247631311416626,0.09566277265548706
494,6182.1923828125,0.0,-11236.3193359375,-11236.3193359375,11236.3056640625,11296.431640625,11374.265625,11439.0,11439.0,82.32991027832031,0.0,0.95693439245224,0.005163952242583036,0.9904184937477112,-3.6128501960774884e-05,0.005121342837810516,-0.00010514586756471545,0.954323410987854,0.4603499174118042,0.09579841792583466
495,6194.70263671875,0.0,-11237.09765625,-11237.09765625,11237.083984375,11297.400390625,11374.328125,11441.0,11441.0,81.99845123291016,0.0,0.9571540355682373,0.005156703758984804,0.9904907941818237,-4.271524812793359e-05,0.005104883573949337,-0.00011657368304440752,0.9545514583587646,0.45823994278907776,0.09594514220952988
496,6207.21337890625,0.0,-11237.869140625,-11237.869140625,11237.85546875,11298.3642578125,11374.4296875,11443.0,11443.0,81.66950988769531,0.0,0.9573716521263123,0.005150328390300274,0.9905620217323303,-4.1228999180020764e-05,0.0050902534276247025,-0.00012757230433635414,0.9547751545906067,0.4561462104320526,0.09610263258218765
497,6219.7236328125,0.0,-11238.6357421875,-11238.6357421875,11238.623046875,11299.322265625,11374.484375,11443.0,11443.0,81.34302520751953,0.0,0.9575872421264648,0.005144824273884296,0.9906322956085205,-4.412699490785599e-05,0.005072452127933502,-0.00013809106894768775,0.954997718334198,0.45406848192214966,0.09627045691013336
498,6232.234375,0.0,-11239.3955078125,-11239.3955078125,11239.3828125,11300.2744140625,11374.578125,11443.0,11443.0,81.01899719238281,0.0,0.9578010439872742,0.005140189081430435,0.99070143699646,-4.6195626055123284e-05,0.005055460147559643,-0.00014809946878813207,0.9552169442176819,0.45200660824775696,0.0964440330862999
499,6244.74462890625,0.0,-11240.150390625,-11240.150390625,11240.1376953125,11301.220703125,11374.703125,11443.0,11443.0,80.6973876953125,0.0,0.9580128192901611,0.005136418156325817,0.9907698035240173,-5.0086553528672084e-05,0.005039292853325605,-0.00015756968059577048,0.9554364085197449,0.4499603807926178,0.09662230312824249
500,6257.25537109375,0.0,-11240.8994140625,-11240.8994140625,11240.88671875,11302.1591796875,11374.8203125,11445.0,11445.0,80.378173828125,0.0,0.9582226872444153,0.005133511498570442,0.9908370971679688,-5.6250704801641405e-05,0.005022439174354076,-0.00016647818847559392,0.9556534886360168,0.44792962074279785,0.09680549055337906
501,6269.765625,0.0,-11241.6435546875,-11241.6435546875,11241.630859375,11303.091796875,11374.9375,11445.0,11445.0,80.06130981445312,0.0,0.9584307670593262,0.005131466779857874,0.9909035563468933,-5.9723730373661965e-05,0.005006566643714905,-0.00017480674432590604,0.95587158203125,0.4459141492843628,0.09698851406574249
502,6282.2763671875,0.0,-11242.380859375,-11242.380859375,11242.369140625,11304.015625,11375.046875,11445.0,11445.0,79.74679565429688,0.0,0.9586369395256042,0.005130281206220388,0.9909690022468567,-6.797559763072059e-05,0.004991822876036167,-0.0001825409271987155,0.9560866355895996,0.4439138174057007,0.09717024117708206
503,6294.78662109375,0.0,-11243.1142578125,-11243.1142578125,11243.1015625,11304.93359375,11375.140625,11445.0,11445.0,79.43458557128906,0.0,0.9588413238525391,0.005129952449351549,0.9910336136817932,-7.377453584922478e-05,0.004975608550012112,-0.00018964961054734886,0.9563001990318298,0.4419284164905548,0.09734746813774109
504,6307.29736328125,0.0,-11243.841796875,-11243.841796875,11243.8291015625,11305.8427734375,11375.203125,11445.0,11445.0,79.1246566772461,0.0,0.9590438604354858,0.005130480974912643,0.9910974502563477,-7.945820834720507e-05,0.004961173050105572,-0.00019610067829489708,0.9565105438232422,0.4399578273296356,0.0975152850151062
505,6319.8076171875,0.0,-11244.5625,-11244.5625,11244.55078125,11306.744140625,11375.3671875,11445.0,11445.0,78.81700134277344,0.0,0.9592447280883789,0.00513186352327466,0.9911603331565857,-8.758906915318221e-05,0.004947212059050798,-0.0002018716186285019,0.9567199349403381,0.438001811504364,0.09767379611730576
506,6332.318359375,0.0,-11245.279296875,-11245.279296875,11245.267578125,11307.6376953125,11375.46875,11445.0,11445.0,78.51155853271484,0.0,0.9594438076019287,0.005134101025760174,0.9912304878234863,-9.708447760203853e-05,0.004933708813041449,-0.00020695760031230748,0.9569291472434998,0.4360603094100952,0.09781889617443085
507,6344.82861328125,0.0,-11245.9912109375,-11245.9912109375,11245.978515625,11308.5224609375,11375.578125,11446.0,11446.0,78.20832824707031,0.0,0.9596412181854248,0.005137195345014334,0.9913108348846436,-9.851259528659284e-05,0.004922916647046804,-0.00021137310250196606,0.9571371078491211,0.4341331124305725,0.09794750809669495
508,6357.33935546875,0.0,-11246.697265625,-11246.697265625,11246.6845703125,11309.3994140625,11375.6171875,11446.0,11446.0,77.90728759765625,0.0,0.9598368406295776,0.005141142755746841,0.9913895726203918,-0.00011238939623581246,0.004910307936370373,-0.00021515281696338207,0.9573439359664917,0.43222013115882874,0.09805898368358612
509,6369.849609375,0.0,-11247.3984375,-11247.3984375,11247.38671875,11310.267578125,11375.7109375,11446.0,11446.0,77.60841369628906,0.0,0.9600307941436768,0.005145946983247995,0.9914669990539551,-0.00011496845399960876,0.004898766055703163,-0.00021833427308592945,0.9575477242469788,0.4303211271762848,0.09814835339784622
510,6382.3603515625,0.0,-11248.09375,-11248.09375,11248.08203125,11311.12890625,11375.90625,11446.0,11446.0,77.31166076660156,0.0,0.9602231979370117,0.005151605699211359,0.9915430545806885,-0.00012600529589690268,0.00488734757527709,-0.0002209625527029857,0.9577515721321106,0.42843613028526306,0.09821412712335587
511,6394.87060546875,0.0,-11248.78515625,-11248.78515625,11248.7734375,11311.98046875,11376.0546875,11446.0,11446.0,77.01702880859375,0.0,0.960413932800293,0.005158123094588518,0.991617739200592,-0.00013264230801723897,0.004876754246652126,-0.00022307790641207248,0.9579564332962036,0.4265648424625397,0.09825515002012253
512,6407.38134765625,0.0,-11249.470703125,-11249.470703125,11249.458984375,11312.8251953125,11376.2109375,11446.0,11446.0,76.72447204589844,0.0,0.9606030583381653,0.005165495444089174,0.9916911125183105,-0.00014043314149603248,0.004865019582211971,-0.0002247109223389998,0.9581629037857056,0.42470720410346985,0.09826973080635071
513,6419.89208984375,0.0,-11250.15234375,-11250.15234375,11250.140625,11313.6611328125,11376.2890625,11446.0,11446.0,76.4339828491211,0.0,0.9607906341552734,0.005173727869987488,0.9917632341384888,-0.00014806663966737688,0.004853385966271162,-0.00022587907733395696,0.9583684802055359,0.42286306619644165,0.09825483709573746
514,6432.40234375,0.0,-11250.828125,-11250.828125,11250.81640625,11314.490234375,11376.4140625,11446.0,11446.0,76.1455307006836,0.0,0.9609767198562622,0.0051828245632350445,0.9918341636657715,-0.00015658083430025727,0.004842192865908146,-0.00022659936803393066,0.9585710167884827,0.4210323393344879,0.09821240603923798
515,6444.9130859375,0.0,-11251.5,-11251.5,11251.48828125,11315.310546875,11376.484375,11448.0,11448.0,75.85908508300781,0.0,0.9611610770225525,0.005192783195525408,0.9919038414955139,-0.00016371087986044586,0.004829948302358389,-0.000226895121159032,0.9587719440460205,0.4192149043083191,0.09814105182886124
516,6457.42333984375,0.0,-11252.166015625,-11252.166015625,11252.154296875,11316.123046875,11376.5859375,11448.0,11448.0,75.57464599609375,0.0,0.9613440632820129,0.005203608423471451,0.9919724464416504,-0.0001710847718641162,0.004817902110517025,-0.0002267823729198426,0.9589706063270569,0.41741058230400085,0.09803862124681473
517,6469.93408203125,0.0,-11252.8271484375,-11252.8271484375,11252.8154296875,11316.927734375,11376.6640625,11448.0,11448.0,75.29216003417969,0.0,0.961525559425354,0.005215304438024759,0.9920397996902466,-0.00017858576029539108,0.004806493874639273,-0.0002262721973238513,0.9591668248176575,0.4156193435192108,0.09790712594985962
518,6482.4443359375,0.0,-11253.484375,-11253.484375,11253.47265625,11317.7255859375,11376.7421875,11448.0,11448.0,75.01162719726562,0.0,0.9617055058479309,0.005227874498814344,0.9921060800552368,-0.00018549896776676178,0.0047934348694980145,-0.00022536578762810677,0.9593614935874939,0.41384100914001465,0.09774582087993622
519,6494.955078125,0.0,-11254.13671875,-11254.13671875,11254.125,11318.515625,11376.8515625,11448.0,11448.0,74.7330093383789,0.0,0.961884081363678,0.005241319537162781,0.9921712875366211,-0.00019025130313821137,0.0047815232537686825,-0.00022405307390727103,0.9595518112182617,0.4120755195617676,0.0975518599152565
520,6507.46533203125,0.0,-11254.783203125,-11254.783203125,11254.771484375,11319.296875,11376.921875,11448.0,11448.0,74.45630645751953,0.0,0.9620612263679504,0.005255646537989378,0.9922353625297546,-0.00019982297089882195,0.004769307095557451,-0.00022230071772355586,0.9597384333610535,0.41032275557518005,0.09732822328805923
521,6519.97607421875,0.0,-11255.42578125,-11255.42578125,11255.4140625,11320.072265625,11376.9296875,11448.0,11448.0,74.18148803710938,0.0,0.962236762046814,0.005270860157907009,0.9922985434532166,-0.00020383711671456695,0.004756638314574957,-0.0002200842573074624,0.959920346736908,0.4085825979709625,0.0970773845911026
522,6532.486328125,0.0,-11256.0625,-11256.0625,11256.05078125,11320.8388671875,11376.9765625,11448.0,11448.0,73.90853118896484,0.0,0.9624111652374268,0.005286965519189835,0.9923606514930725,-0.00021106361236888915,0.004744016565382481,-0.00021736153576057404,0.9600955247879028,0.4068549573421478,0.0967983603477478
523,6544.9970703125,0.0,-11256.6953125,-11256.6953125,11256.6845703125,11321.5986328125,11377.1171875,11448.0,11448.0,73.63741302490234,0.0,0.9625840783119202,0.005303964484483004,0.9924218058586121,-0.00021473559900186956,0.0047317007556557655,-0.0002140881260856986,0.9602675437927246,0.4051397144794464,0.09649312496185303
524,6557.50732421875,0.0,-11257.3232421875,-11257.3232421875,11257.3125,11322.3505859375,11377.1875,11448.0,11448.0,73.36811828613281,0.0,0.962755560874939,0.005321866367012262,0.9924820065498352,-0.0002200171147705987,0.0047223842702806,-0.0002102204889524728,0.9604368209838867,0.4034367799758911,0.09616319090127945
525,6570.01806640625,0.0,-11257.947265625,-11257.947265625,11257.935546875,11323.095703125,11377.2890625,11448.0,11448.0,73.10063934326172,0.0,0.9629258513450623,0.005340676289051771,0.9925411939620972,-0.00022726148017682135,0.004711993969976902,-0.00020571667118929327,0.9606022238731384,0.40174606442451477,0.09581352770328522
526,6582.5283203125,0.0,-11258.56640625,-11258.56640625,11258.5546875,11323.8349609375,11377.3828125,11448.0,11448.0,72.83495330810547,0.0,0.9630945920944214,0.005360401701182127,0.992599606513977,-0.00022904749494045973,0.004701908677816391,-0.00020053755724802613,0.960767924785614,0.40006738901138306,0.09544350951910019
527,6595.0390625,0.0,-11259.1806640625,-11259.1806640625,11259.169921875,11324.5673828125,11377.4921875,11448.0,11448.0,72.57102966308594,0.0,0.963262140750885,0.0053810495883226395,0.9926571249961853,-0.00023925960704218596,0.004694114904850721,-0.00019465865625534207,0.9609320759773254,0.3984006643295288,0.09505704045295715
528,6607.54931640625,0.0,-11259.791015625,-11259.791015625,11259.7802734375,11325.29296875,11377.609375,11448.0,11448.0,72.30886840820312,0.0,0.9634283185005188,0.005402624141424894,0.9927136301994324,-0.00024238847254309803,0.004685766063630581,-0.00018808497407007962,0.9610946178436279,0.39674580097198486,0.09465847164392471
529,6620.06005859375,0.0,-11260.396484375,-11260.396484375,11260.384765625,11326.0126953125,11377.734375,11448.0,11448.0,72.04845428466797,0.0,0.9635932445526123,0.005425137002021074,0.9927694797515869,-0.00024973967811092734,0.004676660988479853,-0.00018082919996231794,0.961253821849823,0.3951026201248169,0.09424832463264465
530,6632.5703125,0.0,-11260.998046875,-11260.998046875,11260.986328125,11326.7265625,11377.890625,11448.0,11448.0,71.78974914550781,0.0,0.9637569189071655,0.005448595155030489,0.9928243160247803,-0.00025614455807954073,0.004669651389122009,-0.00017291812400799245,0.961415708065033,0.3934710919857025,0.09383124858140945
531,6645.0810546875,0.0,-11261.59375,-11261.59375,11261.583984375,11327.4345703125,11377.9453125,11448.0,11448.0,71.53276062011719,0.0,0.9639192819595337,0.0054730079136788845,0.9928784966468811,-0.000260645872913301,0.004662044811993837,-0.00016437844897154719,0.9615762233734131,0.391851007938385,0.09341204166412354
532,6657.591796875,0.0,-11262.1865234375,-11262.1865234375,11262.17578125,11328.1376953125,11377.9921875,11448.0,11448.0,71.27745819091797,0.0,0.9640803337097168,0.005498384591192007,0.9929318428039551,-0.0002686047519091517,0.004653832875192165,-0.000155246612848714,0.9617342352867126,0.3902423083782196,0.09298870712518692
533,6670.10205078125,0.0,-11262.7744140625,-11262.7744140625,11262.7646484375,11328.8349609375,11378.09375,11451.0,11451.0,71.02384185791016,0.0,0.9642402529716492,0.005524737760424614,0.992984414100647,-0.00027343290275894105,0.004644978325814009,-0.00014556334645021707,0.9618915319442749,0.388644814491272,0.09256412833929062
534,6682.61279296875,0.0,-11263.359375,-11263.359375,11263.3486328125,11329.5263671875,11378.15625,11451.0,11451.0,70.77188110351562,0.0,0.9643988609313965,0.005552074871957302,0.9930362105369568,-0.00028192318859510124,0.004634375683963299,-0.00013537771883420646,0.9620495438575745,0.38705840706825256,0.09214025735855103
535,6695.123046875,0.0,-11263.939453125,-11263.939453125,11263.9287109375,11330.212890625,11378.234375,11451.0,11451.0,70.52156066894531,0.0,0.9645562767982483,0.0055804066359996796,0.9930872321128845,-0.0002859703090507537,0.004624990280717611,-0.00012473853712435812,0.962207019329071,0.38548293709754944,0.09171760082244873
536,6707.6337890625,0.0,-11264.515625,-11264.515625,11264.50390625,11330.8935546875,11378.3125,11451.0,11451.0,70.27287292480469,0.0,0.9647125005722046,0.005609746091067791,0.9931375980377197,-0.0002932192583102733,0.004614381585270166,-0.00011368948617018759,0.9623621702194214,0.38391828536987305,0.09129875898361206
537,6720.14404296875,0.0,-11265.087890625,-11265.087890625,11265.0771484375,11331.5703125,11378.421875,11451.0,11451.0,70.02581787109375,0.0,0.9648674726486206,0.005640105344355106,0.9931871891021729,-0.00029939485830254853,0.004603968933224678,-0.00010226722224615514,0.9625198245048523,0.38236433267593384,0.09088531136512756
538,6732.65478515625,0.0,-11265.65625,-11265.65625,11265.6455078125,11332.2412109375,11378.5234375,11451.0,11451.0,69.78034973144531,0.0,0.9650211930274963,0.005671496968716383,0.993236243724823,-0.0003042368043679744,0.004592556040734053,-9.051505185198039e-05,0.9626811146736145,0.3808209002017975,0.09047950059175491
539,6745.1650390625,0.0,-11266.220703125,-11266.220703125,11266.2099609375,11332.90625,11378.5625,11451.0,11451.0,69.53648376464844,0.0,0.9651739001274109,0.0057039326056838036,0.9932844638824463,-0.0003114646242465824,0.004581290762871504,-7.846859080018476e-05,0.9628407955169678,0.3792878985404968,0.09007969498634338
540,6757.67578125,0.0,-11266.78125,-11266.78125,11266.771484375,11333.5673828125,11378.609375,11451.0,11451.0,69.294189453125,0.0,0.9653254747390747,0.005737428553402424,0.9933320879936218,-0.00031217109062708914,0.004569841083139181,-6.618067709496245e-05,0.962997555732727,0.3777652084827423,0.08968964964151382
541,6770.18603515625,0.0,-11267.3369140625,-11267.3369140625,11267.3271484375,11334.2236328125,11378.6875,11451.0,11451.0,69.05345153808594,0.0,0.9654757380485535,0.005771998316049576,0.9933789968490601,-0.00032066702260635793,0.004557443782687187,-5.370505095925182e-05,0.9631528258323669,0.3762526214122772,0.08931056410074234
542,6782.69677734375,0.0,-11267.890625,-11267.890625,11267.880859375,11334.875,11378.84375,11451.0,11451.0,68.81427001953125,0.0,0.9656249284744263,0.005807655863463879,0.9934253692626953,-0.00032215804094448686,0.004544887691736221,-4.109587462153286e-05,0.9633078575134277,0.3747500777244568,0.08894293010234833
543,6795.20703125,0.0,-11268.4404296875,-11268.4404296875,11268.4296875,11335.5205078125,11378.890625,11452.0,11452.0,68.57662200927734,0.0,0.9657729864120483,0.005844419356435537,0.9934711456298828,-0.0003269931476097554,0.004532217513769865,-2.8413141990313306e-05,0.9634644985198975,0.3732573986053467,0.08858948945999146
544,6807.7177734375,0.0,-11268.986328125,-11268.986328125,11268.9765625,11336.162109375,11378.96875,11452.0,11452.0,68.34050750732422,0.0,0.9659199118614197,0.005882303696125746,0.993516206741333,-0.00033352954778820276,0.0045193699188530445,-1.571111351950094e-05,0.9636196494102478,0.3717745244503021,0.08824953436851501
545,6820.22802734375,0.0,-11269.529296875,-11269.529296875,11269.51953125,11336.798828125,11379.015625,11452.0,11452.0,68.10591125488281,0.0,0.9660657048225403,0.005921326577663422,0.9935606718063354,-0.00033771077869459987,0.004506315570324659,-3.0405260531551903e-06,0.9637725353240967,0.3703012764453888,0.0879245400428772
546,6832.73876953125,0.0,-11270.068359375,-11270.068359375,11270.05859375,11337.4296875,11379.0859375,11452.0,11452.0,67.87279510498047,0.0,0.9662104845046997,0.00596150616183877,0.9936046004295349,-0.00034392057568766177,0.004492891486734152,9.551159564580303e-06,0.9639236330986023,0.36883753538131714,0.08761681616306305
547,6845.2490234375,0.0,-11270.603515625,-11270.603515625,11270.59375,11338.056640625,11379.1640625,11452.0,11452.0,67.64117431640625,0.0,0.9663540720939636,0.00600286154076457,0.9936479926109314,-0.00034799313289113343,0.004481039009988308,2.1998415832058527e-05,0.9640747904777527,0.36738327145576477,0.08732695877552032
548,6857.759765625,0.0,-11271.134765625,-11271.134765625,11271.125,11338.6796875,11379.296875,11452.0,11452.0,67.41102600097656,0.0,0.9664965867996216,0.006045412737876177,0.9936907291412354,-0.0003550979890860617,0.004467840306460857,3.423063026275486e-05,0.9642268419265747,0.36593833565711975,0.08705796301364899
549,6870.27001953125,0.0,-11271.6640625,-11271.6640625,11271.654296875,11339.2978515625,11379.34375,11452.0,11452.0,67.1823501586914,0.0,0.9666380286216736,0.006089178379625082,0.9937329888343811,-0.0003585281374398619,0.004455247428268194,4.616625665221363e-05,0.9643773436546326,0.36450260877609253,0.08680907636880875
550,6882.78076171875,0.0,-11272.189453125,-11272.189453125,11272.1796875,11339.912109375,11379.3828125,11452.0,11452.0,66.95510864257812,0.0,0.9667785167694092,0.0061341808177530766,0.9937746524810791,-0.0003615353489294648,0.004442688077688217,5.7739725889405236e-05,0.964524507522583,0.36307603120803833,0.0865824893116951
551,6895.291015625,0.0,-11272.7119140625,-11272.7119140625,11272.7021484375,11340.5224609375,11379.46875,11452.0,11452.0,66.72930908203125,0.0,0.966917872428894,0.006180442404001951,0.9938158988952637,-0.0003671908052638173,0.004431128967553377,6.890110671520233e-05,0.9646713137626648,0.36165851354599,0.08637866377830505
552,6907.8017578125,0.0,-11273.23046875,-11273.23046875,11273.220703125,11341.1298828125,11379.546875,11452.0,11452.0,66.50492858886719,0.0,0.967056155204773,0.006227985490113497,0.9938564896583557,-0.0003693104372359812,0.004419931210577488,7.96150416135788e-05,0.9648173451423645,0.36024999618530273,0.08619875460863113
553,6920.3125,0.0,-11273.74609375,-11273.74609375,11273.736328125,11341.732421875,11379.5625,11452.0,11452.0,66.28196716308594,0.0,0.9671934247016907,0.006276834290474653,0.9938966631889343,-0.0003741083201020956,0.004408850800246,8.98515063454397e-05,0.9649604558944702,0.3588504195213318,0.08604251593351364
554,6932.82275390625,0.0,-11274.2587890625,-11274.2587890625,11274.2490234375,11342.3330078125,11379.5859375,11452.0,11452.0,66.0604019165039,0.0,0.9673296809196472,0.006327012088149786,0.9939363598823547,-0.000377167685655877,0.004399369470775127,9.957244037650526e-05,0.9650980830192566,0.35745969414711,0.08590942621231079
555,6945.33349609375,0.0,-11274.767578125,-11274.767578125,11274.7578125,11342.9296875,11379.6875,11452.0,11452.0,65.84021759033203,0.0,0.9674650430679321,0.006378545891493559,0.9939755797386169,-0.000380789308110252,0.004388756584376097,0.00010874300642171875,0.965234637260437,0.35607779026031494,0.08580238372087479
556,6957.84375,0.0,-11275.2744140625,-11275.2744140625,11275.2646484375,11343.5244140625,11379.78125,11452.0,11452.0,65.62139892578125,0.0,0.9675992131233215,0.006431462708860636,0.9940142035484314,-0.00038413735455833375,0.00437838863581419,0.00011734072177205235,0.9653722643852234,0.3547046482563019,0.08571778982877731
557,6970.3544921875,0.0,-11275.77734375,-11275.77734375,11275.767578125,11344.1162109375,11379.859375,11452.0,11452.0,65.40394592285156,0.0,0.9677325487136841,0.006485792342573404,0.9940524697303772,-0.00038645483436994255,0.004370127804577351,0.00012532860273495317,0.9655088782310486,0.3533402383327484,0.08565355092287064
558,6982.86474609375,0.0,-11276.2783203125,-11276.2783203125,11276.2685546875,11344.70703125,11379.9453125,11453.0,11453.0,65.1878433227539,0.0,0.9678648114204407,0.006541560869663954,0.9940901398658752,-0.0003922240575775504,0.004362695850431919,0.0001326721248915419,0.9656457304954529,0.35198450088500977,0.08561226725578308
559,6995.37548828125,0.0,-11276.775390625,-11276.775390625,11276.765625,11345.294921875,11380.03125,11453.0,11453.0,64.97306823730469,0.0,0.9679961800575256,0.0065987990237772465,0.9941275119781494,-0.0003941520117223263,0.004355343524366617,0.0001393412530887872,0.9657821655273438,0.35063737630844116,0.08559275418519974
560,7007.8857421875,0.0,-11277.26953125,-11277.26953125,11277.2607421875,11345.8828125,11380.125,11454.0,11454.0,64.75960540771484,0.0,0.9681265950202942,0.0066575403325259686,0.9941642880439758,-0.00039697298780083656,0.004347415640950203,0.00014532293425872922,0.965918779373169,0.3492988646030426,0.0855933427810669
561,7020.396484375,0.0,-11277.76171875,-11277.76171875,11277.751953125,11346.4697265625,11380.25,11454.0,11454.0,64.54745483398438,0.0,0.9682560563087463,0.006717816460877657,0.9942007064819336,-0.0004004826187156141,0.004338362254202366,0.00015063126920722425,0.9660554528236389,0.34796884655952454,0.08561167120933533
562,7032.90673828125,0.0,-11278.25,-11278.25,11278.2421875,11347.056640625,11380.3828125,11454.0,11454.0,64.33659362792969,0.0,0.9683845043182373,0.0067796590737998486,0.9942367076873779,-0.0004023889487143606,0.004329395014792681,0.0001552657049614936,0.9661948680877686,0.34664735198020935,0.0856480821967125
563,7045.41748046875,0.0,-11278.736328125,-11278.736328125,11278.7275390625,11347.6435546875,11380.5546875,11454.0,11454.0,64.12701416015625,0.0,0.968512237071991,0.006843106355518103,0.9942723512649536,-0.00040673825424164534,0.0043207318522036076,0.00015920927398838103,0.9663337469100952,0.3453342914581299,0.0857018306851387
564,7057.927734375,0.0,-11279.2197265625,-11279.2197265625,11279.2109375,11348.23046875,11380.640625,11454.0,11454.0,63.918701171875,0.0,0.9686388969421387,0.006908194161951542,0.9943074584007263,-0.0004075155302416533,0.004313063342124224,0.00016243112622760236,0.9664745330810547,0.34402966499328613,0.08577097952365875
565,7070.4384765625,0.0,-11279.701171875,-11279.701171875,11279.69140625,11348.818359375,11380.6875,11454.0,11454.0,63.711639404296875,0.0,0.96876460313797,0.006974959280341864,0.9943422079086304,-0.0004113222530577332,0.004306154325604439,0.00016490917187184095,0.9666159749031067,0.34273335337638855,0.0858563631772995
566,7082.94873046875,0.0,-11280.1796875,-11280.1796875,11280.169921875,11349.4072265625,11380.828125,11454.0,11454.0,63.505821228027344,0.0,0.968889594078064,0.007043443154543638,0.994376540184021,-0.0004115143383387476,0.004298484418541193,0.00016662850975990295,0.9667555093765259,0.3414453864097595,0.08595786988735199
567,7095.45947265625,0.0,-11280.654296875,-11280.654296875,11280.6455078125,11349.9970703125,11380.90625,11454.0,11454.0,63.301231384277344,0.0,0.9690136313438416,0.007113684434443712,0.9944104552268982,-0.0004135888011660427,0.0042921872809529305,0.0001676106039667502,0.9668946862220764,0.3401656448841095,0.08607041090726852
568,7107.9697265625,0.0,-11281.126953125,-11281.126953125,11281.119140625,11350.587890625,11380.9609375,11454.0,11454.0,63.09785461425781,0.0,0.9691367745399475,0.007185727823525667,0.9944440722465515,-0.0004123203398194164,0.004287160467356443,0.0001678589469520375,0.9670326113700867,0.3388940989971161,0.08619382977485657
569,7120.48046875,0.0,-11281.59765625,-11281.59765625,11281.58984375,11351.1796875,11381.0,11454.0,11454.0,62.89567565917969,0.0,0.9692591428756714,0.0072596147656440735,0.9944773316383362,-0.0004166431608609855,0.004281517118215561,0.00016736850375309587,0.9671672582626343,0.3376306891441345,0.08632970601320267
570,7132.99072265625,0.0,-11282.06640625,-11282.06640625,11282.0576171875,11351.7734375,11381.03125,11454.0,11454.0,62.69469451904297,0.0,0.9693806171417236,0.00733539555221796,0.9945100545883179,-0.0004093865572940558,0.004276345483958721,0.00016611757746431977,0.9672955274581909,0.33637535572052,0.08647338300943375
571,7145.50146484375,0.0,-11282.5322265625,-11282.5322265625,11282.5234375,11352.3681640625,11381.1328125,11455.0,11455.0,62.49488830566406,0.0,0.969501256942749,0.007413114886730909,0.9945424795150757,-0.0004149635788053274,0.004270526580512524,0.00016407467774115503,0.9674223065376282,0.3351280093193054,0.08662492781877518
572,7158.01220703125,0.0,-11282.994140625,-11282.994140625,11282.986328125,11352.962890625,11381.171875,11455.0,11455.0,62.29624557495117,0.0,0.9696210026741028,0.0074928258545696735,0.9945747256278992,-0.00040865561459213495,0.004263842944055796,0.00016119172505568713,0.967547595500946,0.33388862013816833,0.08678096532821655
573,7170.5224609375,0.0,-11283.4560546875,-11283.4560546875,11283.4462890625,11353.55859375,11381.21875,11455.0,11455.0,62.09876251220703,0.0,0.969740092754364,0.00757457735016942,0.9946064352989197,-0.0004089748836122453,0.004256765358150005,0.00015741829702164978,0.967668354511261,0.3326570689678192,0.08693715929985046
574,7183.033203125,0.0,-11283.9140625,-11283.9140625,11283.9052734375,11354.1552734375,11381.3515625,11455.0,11455.0,61.90242004394531,0.0,0.9698582887649536,0.007658424321562052,0.9946377873420715,-0.0004047858528792858,0.00425200117751956,0.00015271402662619948,0.96778804063797,0.3314332962036133,0.08709616214036942
575,7195.54345703125,0.0,-11284.3701171875,-11284.3701171875,11284.3603515625,11354.751953125,11381.3984375,11455.0,11455.0,61.707210540771484,0.0,0.9699757099151611,0.0077444217167794704,0.9946687817573547,-0.000403015612391755,0.004245455376803875,0.00014705504872836173,0.9679067134857178,0.3302172124385834,0.08725631237030029
576,7208.05419921875,0.0,-11284.8232421875,-11284.8232421875,11284.8134765625,11355.3486328125,11381.4921875,11455.0,11455.0,61.51312255859375,0.0,0.9700922966003418,0.007832631468772888,0.9946995973587036,-0.00039945385651662946,0.004240210633724928,0.00014043845294509083,0.9680233001708984,0.3290087580680847,0.08741508424282074
577,7220.564453125,0.0,-11285.2734375,-11285.2734375,11285.2646484375,11355.9453125,11381.546875,11455.0,11455.0,61.32014465332031,0.0,0.9702081084251404,0.00792311504483223,0.9947298765182495,-0.00039469238254241645,0.00423402339220047,0.00013287109322845936,0.9681383371353149,0.32780778408050537,0.08757071942090988
578,7233.0751953125,0.0,-11285.72265625,-11285.72265625,11285.712890625,11356.5419921875,11381.6640625,11455.0,11455.0,61.12826156616211,0.0,0.9703231453895569,0.008015932515263557,0.9947599768638611,-0.00039232021663337946,0.004228540696203709,0.00012437366240192205,0.9682520627975464,0.32661426067352295,0.0877208411693573
579,7245.58544921875,0.0,-11286.16796875,-11286.16796875,11286.16015625,11357.138671875,11381.71875,11455.0,11455.0,60.93747329711914,0.0,0.9704374670982361,0.008111151866614819,0.994789719581604,-0.00039013614878058434,0.004221371375024319,0.00011496312799863517,0.9683642387390137,0.3254280686378479,0.08786742389202118
580,7258.09619140625,0.0,-11286.6123046875,-11286.6123046875,11286.603515625,11357.7353515625,11381.7578125,11455.0,11455.0,60.747764587402344,0.0,0.9705509543418884,0.00820883922278881,0.9948192238807678,-0.0003870228829327971,0.004212339408695698,0.00010465615923749283,0.9684736132621765,0.32424911856651306,0.08800430595874786
581,7270.6064453125,0.0,-11287.0537109375,-11287.0537109375,11287.044921875,11358.33203125,11381.859375,11457.0,11457.0,60.559120178222656,0.0,0.9706637263298035,0.00830906443297863,0.9948482513427734,-0.0003863327146973461,0.004206315614283085,9.348634193884209e-05,0.9685809016227722,0.32307735085487366,0.08813143521547318
582,7283.1171875,0.0,-11287.4921875,-11287.4921875,11287.4833984375,11358.9306640625,11381.953125,11457.0,11457.0,60.37154006958008,0.0,0.9707757830619812,0.008411907590925694,0.9948771595954895,-0.0003840035933535546,0.004199251998215914,8.149383211275563e-05,0.9686872363090515,0.3219127058982849,0.0882498100399971
583,7295.62744140625,0.0,-11287.927734375,-11287.927734375,11287.919921875,11359.5283203125,11382.0546875,11457.0,11457.0,60.18501281738281,0.0,0.9708871245384216,0.008517442271113396,0.9949055910110474,-0.0003858502022922039,0.004189913626760244,6.873983511468396e-05,0.9687939286231995,0.3207550644874573,0.08835485577583313
584,7308.13818359375,0.0,-11288.36328125,-11288.36328125,11288.35546875,11360.126953125,11382.0625,11457.0,11457.0,59.99951934814453,0.0,0.97099769115448,0.008625747635960579,0.9949337840080261,-0.00038354136631824076,0.004181442782282829,5.5291315220529214e-05,0.9688982367515564,0.31960436701774597,0.08844570070505142
585,7320.6484375,0.0,-11288.794921875,-11288.794921875,11288.787109375,11360.7265625,11382.125,11457.0,11457.0,59.815059661865234,0.0,0.9711074829101562,0.008736914023756981,0.9949617385864258,-0.00038728967774659395,0.0041735791601240635,4.1196512029273435e-05,0.9690011143684387,0.3184605538845062,0.08852185308933258
586,7333.1591796875,0.0,-11289.224609375,-11289.224609375,11289.216796875,11361.326171875,11382.21875,11457.0,11457.0,59.631622314453125,0.0,0.97121661901474,0.008851022459566593,0.9949893355369568,-0.00038416849565692246,0.00416750879958272,2.6485360649530776e-05,0.9691028594970703,0.3173235058784485,0.08858294785022736
587,7345.66943359375,0.0,-11289.65234375,-11289.65234375,11289.64453125,11361.9248046875,11382.3671875,11458.0,11458.0,59.449195861816406,0.0,0.9713250398635864,0.008968167938292027,0.9950167536735535,-0.00038797184242866933,0.004162134602665901,1.1201295819773804e-05,0.9692072868347168,0.31619325280189514,0.08863223344087601
588,7358.18017578125,0.0,-11290.0771484375,-11290.0771484375,11290.0693359375,11362.5234375,11382.5078125,11458.0,11458.0,59.26777648925781,0.0,0.9714328050613403,0.009088445454835892,0.9950438737869263,-0.0003866894403472543,0.004156438633799553,-4.589762284012977e-06,0.9693162441253662,0.31506964564323425,0.08866985142230988
589,7370.6904296875,0.0,-11290.5,-11290.5,11290.4921875,11363.12109375,11382.6015625,11458.0,11458.0,59.08734893798828,0.0,0.9715397357940674,0.009129350073635578,0.9950706958770752,-0.00038918486097827554,0.004151065833866596,-2.0835008399444632e-05,0.9694276452064514,0.3139526844024658,0.08869597315788269
590,7383.201171875,0.0,-11290.919921875,-11290.919921875,11290.912109375,11363.716796875,11382.6796875,11458.0,11458.0,58.90791320800781,0.0,0.9716460704803467,0.009121136739850044,0.9950972199440002,-0.00038976463838480413,0.004145211074501276,-3.748992457985878e-05,0.9695388078689575,0.3128422498703003,0.08871588855981827
591,7395.7119140625,0.0,-11291.3388671875,-11291.3388671875,11291.3310546875,11364.310546875,11382.7578125,11460.0,11460.0,58.72944641113281,0.0,0.9717516899108887,0.009112930856645107,0.9951234459877014,-0.00039326620753854513,0.004138544201850891,-5.4511314374394715e-05,0.9696488976478577,0.3117383122444153,0.08873222768306732
592,7408.22216796875,0.0,-11291.75390625,-11291.75390625,11291.74609375,11364.9013671875,11382.8359375,11460.0,11460.0,58.55194854736328,0.0,0.9718566536903381,0.009104731492698193,0.995149552822113,-0.00039158781873993576,0.004132505506277084,-7.187269511632621e-05,0.9697568416595459,0.3106408417224884,0.08874842524528503
593,7420.73291015625,0.0,-11292.16796875,-11292.16796875,11292.16015625,11365.4892578125,11382.9296875,11460.0,11460.0,58.37540817260742,0.0,0.9719610214233398,0.00909654051065445,0.9951752424240112,-0.00039590883534401655,0.004125142470002174,-8.954798249760643e-05,0.9698655605316162,0.3095497786998749,0.08877082914113998
594,7433.2431640625,0.0,-11292.580078125,-11292.580078125,11292.572265625,11366.07421875,11383.0390625,11460.0,11460.0,58.19982147216797,0.0,0.9720646739006042,0.009088356047868729,0.9952007532119751,-0.0003972873091697693,0.004116800148040056,-0.00010751644003903493,0.9699740409851074,0.30846506357192993,0.0887998566031456
595,7445.75390625,0.0,-11292.990234375,-11292.990234375,11292.982421875,11366.654296875,11383.109375,11462.0,11462.0,58.02516555786133,0.0,0.9721677303314209,0.009051277302205563,0.9952260255813599,-0.0003960592148359865,0.004106799140572548,-0.0001257613330380991,0.9700828194618225,0.3073866665363312,0.08883830904960632
596,7458.26416015625,0.0,-11293.3974609375,-11293.3974609375,11293.3896484375,11367.23046875,11383.140625,11462.0,11462.0,57.85144805908203,0.0,0.9722700119018555,0.008999493904411793,0.9952510595321655,-0.00039813879993744195,0.004095164593309164,-0.00014425409608520567,0.9701870679855347,0.30631452798843384,0.08888939023017883
597,7470.77490234375,0.0,-11293.8037109375,-11293.8037109375,11293.7958984375,11367.8017578125,11383.2109375,11462.0,11462.0,57.67864990234375,0.0,0.9723718166351318,0.008948765695095062,0.9952758550643921,-0.00039853385533206165,0.004085863940417767,-0.00016296232934109867,0.9702887535095215,0.30524858832359314,0.08895288407802582
598,7483.28515625,0.0,-11294.20703125,-11294.20703125,11294.19921875,11368.3681640625,11383.2890625,11462.0,11462.0,57.50676727294922,0.0,0.9724729061126709,0.008899061009287834,0.99530029296875,-0.0003978594031650573,0.004073776304721832,-0.00018184600048698485,0.9703890681266785,0.3041887879371643,0.08903014659881592
599,7495.7958984375,0.0,-11294.6083984375,-11294.6083984375,11294.6005859375,11368.9287109375,11383.3671875,11462.0,11462.0,57.335784912109375,0.0,0.9725733995437622,0.008850345388054848,0.9953246116638184,-0.00039765078690834343,0.00406294222921133,-0.0002009038144024089,0.9704902172088623,0.30313506722450256,0.08911734074354172
600,7508.30615234375,0.0,-11295.0087890625,-11295.0087890625,11295.0009765625,11369.484375,11383.4609375,11462.0,11462.0,57.16571044921875,0.0,0.972673237323761,0.008802584372460842,0.9953487515449524,-0.000397058785893023,0.00405176030471921,-0.00022013019770383835,0.9705942869186401,0.3020874261856079,0.0892159640789032
601,7520.81689453125,0.0,-11295.40625,-11295.40625,11295.3984375,11370.03515625,11383.546875,11462.0,11462.0,56.99652862548828,0.0,0.972772479057312,0.008755752816796303,0.9953725934028625,-0.0003961543261539191,0.004039060790091753,-0.00023951531329657882,0.970700740814209,0.3010457754135132,0.0893237367272377
602,7533.3271484375,0.0,-11295.8017578125,-11295.8017578125,11295.7939453125,11370.5791015625,11383.671875,11462.0,11462.0,56.828224182128906,0.0,0.9728712439537048,0.008709819987416267,0.9953961968421936,-0.0003949590609408915,0.00402576569467783,-0.0002590172225609422,0.9708088636398315,0.300010085105896,0.08943422138690948
603,7545.837890625,0.0,-11296.1953125,-11296.1953125,11296.1875,11371.1181640625,11383.7265625,11462.0,11462.0,56.66080856323242,0.0,0.9729691743850708,0.008664759807288647,0.9954196214675903,-0.00039394214400090277,0.004011788405478001,-0.00027858244720846415,0.9709157943725586,0.2989802956581116,0.08954241126775742
604,7558.34814453125,0.0,-11296.587890625,-11296.587890625,11296.580078125,11371.650390625,11383.7890625,11462.0,11462.0,56.4942626953125,0.0,0.9730666875839233,0.008620542474091053,0.9954427480697632,-0.0003928352380171418,0.003994355443865061,-0.00029813640867359936,0.9710217714309692,0.29795634746551514,0.08964533358812332
605,7570.85888671875,0.0,-11296.978515625,-11296.978515625,11296.970703125,11372.177734375,11383.890625,11462.0,11462.0,56.328582763671875,0.0,0.9731636047363281,0.008577144704759121,0.9954656958580017,-0.000394256814615801,0.003979973495006561,-0.00031761059653945267,0.9711276292800903,0.2969382405281067,0.08973719924688339
606,7583.369140625,0.0,-11297.365234375,-11297.365234375,11297.357421875,11372.6982421875,11383.953125,11462.0,11462.0,56.16376495361328,0.0,0.9732598066329956,0.00853454414755106,0.9954884648323059,-0.00039231317350640893,0.003963257186114788,-0.00033693178556859493,0.9712344408035278,0.29592588543891907,0.08981706202030182
607,7595.8798828125,0.0,-11297.751953125,-11297.751953125,11297.744140625,11373.2138671875,11384.0625,11462.0,11462.0,55.999794006347656,0.0,0.9733554720878601,0.008492715656757355,0.9955110549926758,-0.0003916699206456542,0.003947182092815638,-0.0003560041659511626,0.9713430404663086,0.2949192225933075,0.08987642824649811
608,7608.39013671875,0.0,-11298.1357421875,-11298.1357421875,11298.1279296875,11373.72265625,11384.1796875,11462.0,11462.0,55.8366813659668,0.0,0.9734506011009216,0.008451638743281364,0.9955333471298218,-0.0003908242506440729,0.003930717706680298,-0.0003747612936422229,0.9714527726173401,0.2939182221889496,0.08991874754428864
609,7620.90087890625,0.0,-11298.517578125,-11298.517578125,11298.509765625,11374.2255859375,11384.234375,11462.0,11462.0,55.674407958984375,0.0,0.9735451936721802,0.008411291055381298,0.9955554604530334,-0.00039029319304972887,0.003911591600626707,-0.0003931653336621821,0.9715612530708313,0.29292282462120056,0.0899413675069809
610,7633.4111328125,0.0,-11298.8974609375,-11298.8974609375,11298.890625,11374.72265625,11384.3203125,11462.0,11462.0,55.51297378540039,0.0,0.9736391305923462,0.008371656760573387,0.9955774545669556,-0.0003870334767270833,0.0038923758547753096,-0.0004111869493499398,0.9716689586639404,0.29193300008773804,0.08993616700172424
611,7645.921875,0.0,-11299.275390625,-11299.275390625,11299.2685546875,11375.2138671875,11384.4296875,11463.0,11463.0,55.35237121582031,0.0,0.9737325310707092,0.008332720026373863,0.9955991506576538,-0.0003862787561956793,0.003872184781357646,-0.00042879581451416016,0.9717800617218018,0.29094868898391724,0.08990294486284256
612,7658.4326171875,0.0,-11299.6513671875,-11299.6513671875,11299.64453125,11375.69921875,11384.4296875,11463.0,11463.0,55.192588806152344,0.0,0.9738254547119141,0.00829446129500866,0.9956206679344177,-0.00038194810622371733,0.003852516645565629,-0.00044595502549782395,0.9718902111053467,0.28996986150741577,0.0898422971367836
613,7670.94287109375,0.0,-11300.025390625,-11300.025390625,11300.0185546875,11376.1787109375,11384.515625,11466.0,11466.0,55.033634185791016,0.0,0.9739176630973816,0.008256868459284306,0.9956420660018921,-0.00037828911445103586,0.0038331320974975824,-0.00046261525130830705,0.9719972014427185,0.2889964282512665,0.08975473046302795
614,7683.45361328125,0.0,-11300.3984375,-11300.3984375,11300.390625,11376.6513671875,11384.59375,11468.0,11468.0,54.875492095947266,0.0,0.9740092754364014,0.00821992289274931,0.9956632256507874,-0.0003755714278668165,0.0038135701324790716,-0.00047873627045191824,0.9721032381057739,0.288028359413147,0.08963951468467712
615,7695.9638671875,0.0,-11300.7666015625,-11300.7666015625,11300.759765625,11377.1171875,11384.671875,11468.0,11468.0,54.718162536621094,0.0,0.9741005301475525,0.008183612488210201,0.9956841468811035,-0.00037027322105132043,0.0037947504315525293,-0.0004942790255881846,0.9722083806991577,0.2870655953884125,0.08949615061283112
616,7708.474609375,0.0,-11301.134765625,-11301.134765625,11301.1279296875,11377.5771484375,11384.734375,11468.0,11468.0,54.5616340637207,0.0,0.9741911888122559,0.008147927932441235,0.9957049489021301,-0.0003657112247310579,0.003775628749281168,-0.0005092012579552829,0.9723121523857117,0.2861081063747406,0.08932584524154663
617,7720.98486328125,0.0,-11301.5,-11301.5,11301.494140625,11378.0302734375,11384.78125,11468.0,11468.0,54.405906677246094,0.0,0.9742813110351562,0.008112858980894089,0.9957255125045776,-0.0003584620135370642,0.0037584800738841295,-0.000523467140737921,0.9724127054214478,0.2851558327674866,0.08913043886423111
618,7733.49560546875,0.0,-11301.8642578125,-11301.8642578125,11301.857421875,11378.4765625,11384.8671875,11468.0,11468.0,54.25096893310547,0.0,0.9743707776069641,0.008078389801084995,0.9957459568977356,-0.0003552929265424609,0.0037404941394925117,-0.0005370336002670228,0.9725127816200256,0.2842087149620056,0.0889170691370964
619,7746.005859375,0.0,-11302.2255859375,-11302.2255859375,11302.21875,11378.9150390625,11384.9765625,11468.0,11468.0,54.096824645996094,0.0,0.9744598269462585,0.008044514805078506,0.9957661628723145,-0.0003507124783936888,0.003723515896126628,-0.000549903663340956,0.9726129174232483,0.28326672315597534,0.08868485689163208
620,7758.5166015625,0.0,-11302.5859375,-11302.5859375,11302.578125,11379.34765625,11385.0546875,11468.0,11468.0,53.943458557128906,0.0,0.97454833984375,0.008011228404939175,0.9957862496376038,-0.00034460690221749246,0.0037077590823173523,-0.0005620753508992493,0.9727116823196411,0.282329797744751,0.08843871206045151
621,7771.02685546875,0.0,-11302.9423828125,-11302.9423828125,11302.935546875,11379.7734375,11385.171875,11468.0,11468.0,53.79087448120117,0.0,0.9746362566947937,0.007978515699505806,0.995806097984314,-0.0003444897010922432,0.0036922567524015903,-0.0005735449376516044,0.9728107452392578,0.28139787912368774,0.08818128705024719
622,7783.53759765625,0.0,-11303.2978515625,-11303.2978515625,11303.291015625,11380.19140625,11385.265625,11468.0,11468.0,53.639060974121094,0.0,0.9747236967086792,0.007946372032165527,0.9958258867263794,-0.00034007770591415465,0.0036788510624319315,-0.0005842963000759482,0.9729116559028625,0.28047093749046326,0.08791470527648926
623,7796.0478515625,0.0,-11303.650390625,-11303.650390625,11303.6435546875,11380.603515625,11385.328125,11468.0,11468.0,53.488014221191406,0.0,0.9748106002807617,0.007914791814982891,0.9958454966545105,-0.00033745370456017554,0.003666410455480218,-0.0005943081923760474,0.9730121493339539,0.27954891324043274,0.08764760941267014
624,7808.55859375,0.0,-11304.001953125,-11304.001953125,11303.99609375,11381.0087890625,11385.4296875,11468.0,11468.0,53.33773422241211,0.0,0.9748971462249756,0.0078837675973773,0.9958648681640625,-0.00033946550684049726,0.00365486741065979,-0.0006035721744410694,0.973114013671875,0.2786317467689514,0.08738142251968384
625,7821.06884765625,0.0,-11304.3515625,-11304.3515625,11304.34375,11381.4072265625,11385.5,11468.0,11468.0,53.188209533691406,0.0,0.9749830365180969,0.007853295654058456,0.9958840012550354,-0.0003397903637960553,0.003643029136583209,-0.0006120583857409656,0.9732155203819275,0.2777194380760193,0.08711712807416916
626,7833.57958984375,0.0,-11304.69921875,-11304.69921875,11304.69140625,11381.7998046875,11385.6015625,11468.0,11468.0,53.03943634033203,0.0,0.9750683903694153,0.007823369465768337,0.9959030747413635,-0.0003396665269974619,0.00363289681263268,-0.0006197423790581524,0.9733161926269531,0.2768118977546692,0.08685722202062607
627,7846.08984375,0.0,-11305.044921875,-11305.044921875,11305.0380859375,11382.1865234375,11385.671875,11468.0,11468.0,52.89141082763672,0.0,0.9751533269882202,0.00779398437589407,0.9959219694137573,-0.00034217876964248717,0.00362440780736506,-0.0006265941192395985,0.973416268825531,0.2759091258049011,0.08660639822483063
628,7858.6005859375,0.0,-11305.3876953125,-11305.3876953125,11305.380859375,11382.56640625,11385.7109375,11468.0,11468.0,52.74413299560547,0.0,0.9752377271652222,0.007765134796500206,0.9959408044815063,-0.00034306684392504394,0.003615274094045162,-0.0006326070288196206,0.9735139012336731,0.2750110626220703,0.08636727929115295
629,7871.11083984375,0.0,-11305.7294921875,-11305.7294921875,11305.72265625,11382.94140625,11385.7421875,11468.0,11468.0,52.59758758544922,0.0,0.9753216505050659,0.007736818864941597,0.9959593415260315,-0.0003477745922282338,0.0036053936928510666,-0.0006377771496772766,0.9736088514328003,0.27411767840385437,0.08614074438810349
630,7883.62158203125,0.0,-11306.0703125,-11306.0703125,11306.0634765625,11383.3095703125,11385.796875,11468.0,11468.0,52.451778411865234,0.0,0.9754050970077515,0.007709032855927944,0.9959778189659119,-0.0003494555130600929,0.0035953521728515625,-0.0006420950521714985,0.973701000213623,0.2732289731502533,0.08592814207077026
631,7896.13232421875,0.0,-11306.408203125,-11306.408203125,11306.400390625,11383.671875,11385.875,11468.0,11468.0,52.30669403076172,0.0,0.9754881262779236,0.0076817711815238,0.9959959983825684,-0.00035080910311080515,0.003584047546610236,-0.0006455481052398682,0.9737889170646667,0.2723448872566223,0.08572805672883987
632,7908.642578125,0.0,-11306.744140625,-11306.744140625,11306.73828125,11384.029296875,11385.921875,11468.0,11468.0,52.162330627441406,0.0,0.9755704998970032,0.007655028253793716,0.9960142374038696,-0.00035404576919972897,0.0035743089392781258,-0.0006481222808361053,0.9738745093345642,0.2714654207229614,0.08553862571716309
633,7921.1533203125,0.0,-11307.080078125,-11307.080078125,11307.072265625,11384.3818359375,11385.9609375,11468.0,11468.0,52.01869201660156,0.0,0.9756524562835693,0.007628808729350567,0.996032178401947,-0.0003522099577821791,0.0035652117803692818,-0.0006497997092083097,0.9739581346511841,0.27059054374694824,0.08536364138126373
634,7933.66357421875,0.0,-11307.412109375,-11307.412109375,11307.404296875,11384.728515625,11386.0625,11468.0,11468.0,51.87575912475586,0.0,0.9757339358329773,0.007603101897984743,0.9960500597953796,-0.0003565873485058546,0.0035546203143894672,-0.0006505515775643289,0.9740408658981323,0.269720196723938,0.0851995125412941
635,7946.17431640625,0.0,-11307.7431640625,-11307.7431640625,11307.736328125,11385.0703125,11386.109375,11468.0,11468.0,51.7335319519043,0.0,0.9758149981498718,0.0075779082253575325,0.9960676431655884,-0.00035514499177224934,0.0035430677235126495,-0.0006503656622953713,0.9741238355636597,0.2688544690608978,0.08504432439804077
636,7958.6845703125,0.0,-11308.072265625,-11308.072265625,11308.06640625,11385.408203125,11386.1796875,11468.0,11468.0,51.592010498046875,0.0,0.9758955240249634,0.0075532253831624985,0.9960852861404419,-0.00035542104160413146,0.0035313584376126528,-0.0006492643151432276,0.974205732345581,0.2679932713508606,0.08489489555358887
637,7971.1953125,0.0,-11308.400390625,-11308.400390625,11308.39453125,11385.740234375,11386.2109375,11468.0,11468.0,51.45118713378906,0.0,0.9759756922721863,0.007529054302722216,0.9961026906967163,-0.00035817245952785015,0.003518975805491209,-0.0006473183748312294,0.9742860198020935,0.2671366333961487,0.08474932610988617
638,7983.70556640625,0.0,-11308.7265625,-11308.7265625,11308.720703125,11386.068359375,11386.2734375,11468.0,11468.0,51.31105041503906,0.0,0.9760552644729614,0.007505389396101236,0.9961199760437012,-0.0003584168152883649,0.003505995264276862,-0.0006445945473387837,0.974364697933197,0.2662845253944397,0.08460675925016403
639,7996.21630859375,0.0,-11309.05078125,-11309.05078125,11309.044921875,11386.3916015625,11386.34375,11468.0,11468.0,51.171607971191406,0.0,0.9761344790458679,0.007482227403670549,0.9961370825767517,-0.0003594773297663778,0.0034934943541884422,-0.0006411754875443876,0.9744450449943542,0.26543688774108887,0.08446274697780609
640,8008.7265625,0.0,-11309.3740234375,-11309.3740234375,11309.3671875,11386.7109375,11386.40625,11468.0,11468.0,51.0328369140625,0.0,0.9762132167816162,0.007459570188075304,0.9961540102958679,-0.0003619227500166744,0.0034788839984685183,-0.0006371375638991594,0.9745241403579712,0.2645937502384186,0.08431261032819748
641,8021.2373046875,0.0,-11309.6953125,-11309.6953125,11309.6884765625,11387.0263671875,11386.5234375,11468.0,11468.0,50.894744873046875,0.0,0.9762915372848511,0.007437413092702627,0.9961709380149841,-0.0003633960150182247,0.003464594716206193,-0.0006325417780317366,0.9746042490005493,0.26375508308410645,0.08415227383375168
642,8033.74755859375,0.0,-11310.013671875,-11310.013671875,11310.0078125,11387.337890625,11386.59375,11468.0,11468.0,50.75732421875,0.0,0.9763694405555725,0.007415754720568657,0.9961876273155212,-0.00036363257095217705,0.0034521811176091433,-0.0006274283514358103,0.9746845960617065,0.26292088627815247,0.08398258686065674
643,8046.25830078125,0.0,-11310.33203125,-11310.33203125,11310.326171875,11387.64453125,11386.609375,11468.0,11468.0,50.620567321777344,0.0,0.976446807384491,0.0073945955373346806,0.9962041974067688,-0.0003658753412310034,0.003438266459852457,-0.000621819170191884,0.974763035774231,0.26209110021591187,0.08379758149385452
644,8058.7685546875,0.0,-11310.6474609375,-11310.6474609375,11310.6416015625,11387.9482421875,11386.6640625,11468.0,11468.0,50.484474182128906,0.0,0.9765236973762512,0.007373932283371687,0.9962206482887268,-0.00036689668195322156,0.0034254598431289196,-0.0006156952586025,0.9748400449752808,0.26126569509506226,0.08359235525131226
645,8071.279296875,0.0,-11310.962890625,-11310.962890625,11310.95703125,11388.248046875,11386.703125,11468.0,11468.0,50.349029541015625,0.0,0.9766003489494324,0.007353765424340963,0.99623703956604,-0.0003663875686470419,0.003411378711462021,-0.0006090558017604053,0.974915623664856,0.26044467091560364,0.08336703479290009
646,8083.78955078125,0.0,-11311.275390625,-11311.275390625,11311.26953125,11388.544921875,11386.8125,11468.0,11468.0,50.21424102783203,0.0,0.9766764640808105,0.007334090303629637,0.996253252029419,-0.0003679998917505145,0.0033965464681386948,-0.0006018987623974681,0.9749903678894043,0.2596279978752136,0.08311829715967178
647,8096.30029296875,0.0,-11311.5859375,-11311.5859375,11311.580078125,11388.837890625,11386.859375,11468.0,11468.0,50.08009338378906,0.0,0.9767521619796753,0.007314910180866718,0.9962692260742188,-0.0003661010996438563,0.003382443217560649,-0.0005942423595115542,0.9750650525093079,0.25881561636924744,0.08284249901771545
648,8108.810546875,0.0,-11311.8955078125,-11311.8955078125,11311.8896484375,11389.1279296875,11386.984375,11468.0,11468.0,49.946590423583984,0.0,0.9768274426460266,0.007296222727745771,0.9962852001190186,-0.0003675453190226108,0.0033663897775113583,-0.0005861132522113621,0.9751401543617249,0.2580074965953827,0.08253807574510574
649,8121.3212890625,0.0,-11312.203125,-11312.203125,11312.197265625,11389.4150390625,11387.046875,11468.0,11468.0,49.813720703125,0.0,0.9769023060798645,0.0072780270129442215,0.9963010549545288,-0.00036446511512622237,0.0033500641584396362,-0.0005775222671218216,0.9752181172370911,0.2572036385536194,0.08220528066158295
650,8133.83203125,0.0,-11312.5087890625,-11312.5087890625,11312.5029296875,11389.69921875,11387.1015625,11468.0,11468.0,49.681480407714844,0.0,0.976976752281189,0.00726031931117177,0.9963167905807495,-0.0003650159342214465,0.0033313974272459745,-0.0005685005453415215,0.9752958416938782,0.25640398263931274,0.08184199780225754
651,8146.34228515625,0.0,-11312.8134765625,-11312.8134765625,11312.8076171875,11389.98046875,11387.1484375,11468.0,11468.0,49.54987335205078,0.0,0.97705078125,0.007243100553750992,0.9963324666023254,-0.00036048097535967827,0.0033140790183097124,-0.0005590742803178728,0.9753735661506653,0.2556084394454956,0.08144848048686981
652,8158.85302734375,0.0,-11313.1162109375,-11313.1162109375,11313.1103515625,11390.2587890625,11387.265625,11468.0,11468.0,49.41888427734375,0.0,0.9771243929862976,0.007226370740681887,0.996347963809967,-0.0003590247069951147,0.003292679786682129,-0.000549277407117188,0.9754514694213867,0.25481703877449036,0.08102552592754364
653,8171.36328125,0.0,-11313.416015625,-11313.416015625,11313.41015625,11390.5341796875,11387.34375,11468.0,11468.0,49.288516998291016,0.0,0.977197527885437,0.00721012894064188,0.9963632225990295,-0.00035626639146357775,0.0032732486724853516,-0.0005391385057009757,0.9755303263664246,0.25402966141700745,0.08057136088609695
654,8183.8740234375,0.0,-11313.71484375,-11313.71484375,11313.708984375,11390.8076171875,11387.4140625,11468.0,11468.0,49.15876770019531,0.0,0.9772704839706421,0.007194373290985823,0.996378481388092,-0.0003513371921144426,0.0032539020758122206,-0.0005286919185891747,0.9756104946136475,0.25324633717536926,0.080091692507267
655,8196.384765625,0.0,-11314.013671875,-11314.013671875,11314.0078125,11391.078125,11387.4453125,11468.0,11468.0,49.029624938964844,0.0,0.9773429036140442,0.007179103791713715,0.996393620967865,-0.0003498583973851055,0.0032323156483471394,-0.0005179661675356328,0.9756889343261719,0.25246694684028625,0.07958630472421646
656,8208.89453125,0.0,-11314.30859375,-11314.30859375,11314.302734375,11391.3466796875,11387.5390625,11468.0,11468.0,48.90109634399414,0.0,0.9774148464202881,0.007164320908486843,0.9964086413383484,-0.00034610912553034723,0.0032127141021192074,-0.0005070138722658157,0.9757682085037231,0.2516914904117584,0.07905682176351547
657,8221.4052734375,0.0,-11314.6025390625,-11314.6025390625,11314.5966796875,11391.6123046875,11387.6171875,11468.0,11468.0,48.773170471191406,0.0,0.9774864912033081,0.007150022778660059,0.9964235424995422,-0.0003434110840316862,0.0031928163953125477,-0.0004958946956321597,0.9758520126342773,0.250919908285141,0.07851334661245346
658,8233.916015625,0.0,-11314.89453125,-11314.89453125,11314.888671875,11391.8759765625,11387.65625,11468.0,11468.0,48.645843505859375,0.0,0.9775577187538147,0.0071362080052495,0.9964383840560913,-0.0003411620855331421,0.0031732271891087294,-0.00048469772445969284,0.9759359359741211,0.2501521110534668,0.07795922458171844
659,8246.4267578125,0.0,-11315.1845703125,-11315.1845703125,11315.1787109375,11392.138671875,11387.7578125,11468.0,11468.0,48.51911926269531,0.0,0.9776285886764526,0.007122878450900316,0.9964534044265747,-0.0003405106835998595,0.003153842641040683,-0.00047349371016025543,0.9760205745697021,0.24938815832138062,0.07739871740341187
660,8258.9365234375,0.0,-11315.47265625,-11315.47265625,11315.466796875,11392.3984375,11387.8359375,11468.0,11468.0,48.39299011230469,0.0,0.9776991009712219,0.00711003178730607,0.9964703321456909,-0.00033714904566295445,0.003135548671707511,-0.0004623662680387497,0.9761090874671936,0.2486279457807541,0.0768355056643486
661,8271.447265625,0.0,-11315.7578125,-11315.7578125,11315.751953125,11392.65625,11387.921875,11468.0,11468.0,48.267452239990234,0.0,0.977769136428833,0.0070976680144667625,0.9964871406555176,-0.0003367397002875805,0.0031189890578389168,-0.00045137948472984135,0.9761983156204224,0.24787142872810364,0.07627701014280319
662,8283.9580078125,0.0,-11316.04296875,-11316.04296875,11316.037109375,11392.912109375,11387.9609375,11468.0,11468.0,48.14250183105469,0.0,0.9778388738632202,0.007085788995027542,0.9965038299560547,-0.0003354625077918172,0.0031024080235511065,-0.00044060288928449154,0.976287305355072,0.24711862206459045,0.07572760432958603
663,8296.46875,0.0,-11316.326171875,-11316.326171875,11316.3203125,11393.166015625,11387.9921875,11468.0,11468.0,48.01814270019531,0.0,0.9779081344604492,0.007074391935020685,0.9965204000473022,-0.00033328449353575706,0.003085628617554903,-0.00043009460205212235,0.9763734340667725,0.24636945128440857,0.07519318163394928
664,8308.978515625,0.0,-11316.607421875,-11316.607421875,11316.6015625,11393.41796875,11388.0,11468.0,11468.0,47.89436340332031,0.0,0.9779770970344543,0.007063477300107479,0.9965367317199707,-0.0003316015063319355,0.0030684948433190584,-0.00041992656770162284,0.9764561057090759,0.24562391638755798,0.07467569410800934
665,8321.4892578125,0.0,-11316.88671875,-11316.88671875,11316.880859375,11393.6689453125,11388.09375,11468.0,11468.0,47.77116394042969,0.0,0.9780457019805908,0.0070530446246266365,0.9965529441833496,-0.00033465365413576365,0.003052024869248271,-0.00041017489274963737,0.9765377640724182,0.2448819875717163,0.07417818903923035
666,8334.0,0.0,-11317.1640625,-11317.1640625,11317.158203125,11393.91796875,11388.140625,11468.0,11468.0,47.648536682128906,0.0,0.9781138300895691,0.007043092045933008,0.996569037437439,-0.00032957099028863013,0.003035477129742503,-0.00040090238326229155,0.976620078086853,0.24414364993572235,0.07370498031377792
667,8346.5107421875,0.0,-11317.44140625,-11317.44140625,11317.435546875,11394.1650390625,11388.1796875,11468.0,11468.0,47.5264892578125,0.0,0.9781817197799683,0.007033621426671743,0.9965850114822388,-0.00033308914862573147,0.0030203580390661955,-0.00039219079189933836,0.9767013192176819,0.24340885877609253,0.07325360178947449
668,8359.0205078125,0.0,-11317.7158203125,-11317.7158203125,11317.7099609375,11394.4111328125,11388.25,11468.0,11468.0,47.40501022338867,0.0,0.978249192237854,0.007024632301181555,0.9966009259223938,-0.0003293326299171895,0.003004358382895589,-0.0003841221914626658,0.9767826795578003,0.24267761409282684,0.0728272944688797
669,8371.53125,0.0,-11317.98828125,-11317.98828125,11317.982421875,11394.6552734375,11388.2734375,11468.0,11468.0,47.284095764160156,0.0,0.9783162474632263,0.007016125600785017,0.996616542339325,-0.00032955766073428094,0.002987654646858573,-0.0003767486196011305,0.9768650531768799,0.2419498860836029,0.0724262222647667
670,8384.0419921875,0.0,-11318.2587890625,-11318.2587890625,11318.2529296875,11394.8974609375,11388.3125,11468.0,11468.0,47.16374969482422,0.0,0.9783830046653748,0.0070081003941595554,0.9966321587562561,-0.00032921615638770163,0.002969614462926984,-0.0003700777015183121,0.9769456386566162,0.24122565984725952,0.07204784452915192
671,8396.552734375,0.0,-11318.5283203125,-11318.5283203125,11318.5224609375,11395.138671875,11388.3671875,11468.0,11468.0,47.04396057128906,0.0,0.9784494042396545,0.007000556215643883,0.9966475367546082,-0.00032648115302436054,0.0029504899866878986,-0.00036409124732017517,0.9770258665084839,0.2405049055814743,0.07168874144554138
672,8409.0634765625,0.0,-11318.796875,-11318.796875,11318.791015625,11395.37890625,11388.4296875,11468.0,11468.0,46.92473602294922,0.0,0.9785153269767761,0.006993492133915424,0.9966627955436707,-0.00032678022398613393,0.00293308706022799,-0.00035878783091902733,0.9771050810813904,0.23978760838508606,0.07134916633367538
673,8421.5732421875,0.0,-11319.064453125,-11319.064453125,11319.05859375,11395.6171875,11388.4609375,11468.0,11468.0,46.806060791015625,0.0,0.9785810708999634,0.006986909080296755,0.9966779947280884,-0.0003224594402126968,0.0029159991536289454,-0.00035416139871813357,0.9771830439567566,0.2390737384557724,0.07102816551923752
674,8434.083984375,0.0,-11319.328125,-11319.328125,11319.322265625,11395.853515625,11388.515625,11468.0,11468.0,46.68794250488281,0.0,0.9786463975906372,0.006980807054787874,0.9966930150985718,-0.0003227906709071249,0.0028995941393077374,-0.0003502076433505863,0.9772585034370422,0.23836328089237213,0.07071831077337265
675,8446.5947265625,0.0,-11319.5927734375,-11319.5927734375,11319.5869140625,11396.0888671875,11388.578125,11468.0,11468.0,46.570369720458984,0.0,0.9787112474441528,0.006975187454372644,0.9967079162597656,-0.000320037710480392,0.002883722772821784,-0.00034691145992837846,0.9773334264755249,0.23765620589256287,0.07041662186384201
676,8459.10546875,0.0,-11319.8544921875,-11319.8544921875,11319.8486328125,11396.3232421875,11388.6171875,11468.0,11468.0,46.453346252441406,0.0,0.9787758588790894,0.006970046553760767,0.9967227578163147,-0.00031758355908095837,0.0028694409411400557,-0.00034426210913807154,0.9774086475372314,0.2369525283575058,0.0701199620962143
677,8471.615234375,0.0,-11320.115234375,-11320.115234375,11320.1103515625,11396.5556640625,11388.71875,11468.0,11468.0,46.33686447143555,0.0,0.978840172290802,0.00696538807824254,0.9967374205589294,-0.0003158678882755339,0.002855557482689619,-0.0003422458830755204,0.977486252784729,0.23625221848487854,0.069825679063797
678,8484.1259765625,0.0,-11320.375,-11320.375,11320.369140625,11396.787109375,11388.7734375,11468.0,11468.0,46.220924377441406,0.0,0.9789040684700012,0.006961210165172815,0.9967520236968994,-0.00031012907857075334,0.0028398570138961077,-0.00034083385253325105,0.977564811706543,0.2355552613735199,0.06952960789203644
679,8496.63671875,0.0,-11320.6328125,-11320.6328125,11320.626953125,11397.017578125,11388.78125,11468.0,11468.0,46.10551452636719,0.0,0.9789677262306213,0.006957512814551592,0.9967664480209351,-0.0003080003662034869,0.002822659444063902,-0.0003399766865186393,0.9776415824890137,0.23486165702342987,0.06922697275876999
680,8509.1474609375,0.0,-11320.890625,-11320.890625,11320.884765625,11397.24609375,11388.8046875,11468.0,11468.0,45.99064636230469,0.0,0.9790309071540833,0.006954295560717583,0.9967807531356812,-0.00030583894113078713,0.0028058034367859364,-0.000339630467351526,0.9777151346206665,0.23417142033576965,0.06891869753599167
681,8521.6572265625,0.0,-11321.14453125,-11321.14453125,11321.1396484375,11397.4736328125,11388.859375,11468.0,11468.0,45.87630844116211,0.0,0.9790938496589661,0.006951558869332075,0.9967949986457825,-0.00029851211002096534,0.002787067322060466,-0.0003397456603124738,0.9777857065200806,0.23348452150821686,0.0686032846570015
682,8534.16796875,0.0,-11321.3984375,-11321.3984375,11321.3935546875,11397.7001953125,11388.9453125,11468.0,11468.0,45.76249313354492,0.0,0.9791563153266907,0.006949304603040218,0.9968090653419495,-0.0002943457802757621,0.0027692734729498625,-0.00034026859793812037,0.9778563380241394,0.2328009307384491,0.06827626377344131
683,8546.6787109375,0.0,-11321.650390625,-11321.650390625,11321.646484375,11397.92578125,11388.9453125,11468.0,11468.0,45.649208068847656,0.0,0.9792186617851257,0.0069475313648581505,0.9968230724334717,-0.0002915240766014904,0.002751352731138468,-0.0003411559737287462,0.9779250621795654,0.23212067782878876,0.06794274598360062
684,8559.189453125,0.0,-11321.90234375,-11321.90234375,11321.8974609375,11398.1494140625,11388.9921875,11468.0,11468.0,45.53643798828125,0.0,0.9792805314064026,0.0069462391547858715,0.9968369007110596,-0.00028589711291715503,0.0027338205836713314,-0.0003423636662773788,0.9779908657073975,0.23144371807575226,0.06759673357009888
685,8571.69921875,0.0,-11322.15234375,-11322.15234375,11322.146484375,11398.3720703125,11389.0078125,11468.0,11468.0,45.42418670654297,0.0,0.9793421030044556,0.006945426110178232,0.9968506693840027,-0.0002819430083036423,0.0027182037010788918,-0.0003438503190409392,0.9780563712120056,0.230770081281662,0.06724066287279129
686,8584.2099609375,0.0,-11322.400390625,-11322.400390625,11322.39453125,11398.59375,11389.0390625,11468.0,11468.0,45.31244659423828,0.0,0.9794033765792847,0.006945097353309393,0.9968642592430115,-0.00027563906041905284,0.002703610109165311,-0.00034557623439468443,0.9781192541122437,0.23009970784187317,0.0668812021613121
687,8596.720703125,0.0,-11322.6474609375,-11322.6474609375,11322.642578125,11398.8134765625,11389.0703125,11468.0,11468.0,45.20121383666992,0.0,0.9794642925262451,0.006945251952856779,0.996877908706665,-0.0002732735883910209,0.002688224194571376,-0.0003475165576674044,0.9781799912452698,0.229432612657547,0.06651616096496582
688,8609.2314453125,0.0,-11322.892578125,-11322.892578125,11322.888671875,11399.033203125,11389.109375,11468.0,11468.0,45.090492248535156,0.0,0.9795250296592712,0.006945887114852667,0.9969069361686707,-0.0002699650067370385,0.0026720366440713406,-0.0003496484423521906,0.9782413840293884,0.22876881062984467,0.06614622473716736
689,8621.7412109375,0.0,-11323.1376953125,-11323.1376953125,11323.1328125,11399.2509765625,11389.171875,11468.0,11468.0,44.98027038574219,0.0,0.9795853495597839,0.006947004701942205,0.996950089931488,-0.0002655250718817115,0.002655082382261753,-0.00035196184762753546,0.9783026576042175,0.2281082272529602,0.06577325612306595
690,8634.251953125,0.0,-11323.380859375,-11323.380859375,11323.3759765625,11399.4677734375,11389.2421875,11468.0,11468.0,44.87054443359375,0.0,0.9796453714370728,0.006948606576770544,0.9969922304153442,-0.0002654701820574701,0.002638894831761718,-0.00035446390393190086,0.9783650040626526,0.2274509072303772,0.06539781391620636
691,8646.7626953125,0.0,-11323.623046875,-11323.623046875,11323.6181640625,11399.68359375,11389.3359375,11468.0,11468.0,44.76131820678711,0.0,0.9797050356864929,0.006950689945369959,0.9970333576202393,-0.00026050256565213203,0.002622554311528802,-0.00035715920967049897,0.9784324169158936,0.22679683566093445,0.0650256872177124
692,8659.2734375,0.0,-11323.86328125,-11323.86328125,11323.8583984375,11399.8974609375,11389.375,11468.0,11468.0,44.65258026123047,0.0,0.9797645211219788,0.0069532571360468864,0.9970735311508179,-0.00026076578069478273,0.0026061974931508303,-0.00036005544825457036,0.9785036444664001,0.22614595293998718,0.06466145813465118
693,8671.7841796875,0.0,-11324.1025390625,-11324.1025390625,11324.09765625,11400.111328125,11389.421875,11468.0,11468.0,44.54433059692383,0.0,0.9798235893249512,0.006956310477107763,0.9971127510070801,-0.0002588685310911387,0.0025904071517288685,-0.00036318134516477585,0.9785733819007874,0.2254982441663742,0.0643066018819809
694,8684.2939453125,0.0,-11324.33984375,-11324.33984375,11324.3359375,11400.3232421875,11389.484375,11468.0,11468.0,44.43656539916992,0.0,0.9798824787139893,0.006959846243262291,0.9971510767936707,-0.0002559056447353214,0.00257390970364213,-0.0003665611438918859,0.978642463684082,0.22485370934009552,0.06396298855543137
695,8696.8046875,0.0,-11324.578125,-11324.578125,11324.572265625,11400.53515625,11389.5078125,11468.0,11468.0,44.329280853271484,0.0,0.9799409508705139,0.006963867694139481,0.9971885085105896,-0.000254740851232782,0.0025585859548300505,-0.0003702157409861684,0.9787091612815857,0.22421228885650635,0.06363160163164139
696,8709.3154296875,0.0,-11324.8125,-11324.8125,11324.80859375,11400.744140625,11389.5390625,11468.0,11468.0,44.222476959228516,0.0,0.9799992442131042,0.00696837343275547,0.9972250461578369,-0.00025514670414850116,0.0025426389183849096,-0.0003741577093023807,0.9787734746932983,0.2235739827156067,0.06331482529640198
697,8721.826171875,0.0,-11325.0478515625,-11325.0478515625,11325.04296875,11400.9541015625,11389.6015625,11468.0,11468.0,44.11614227294922,0.0,0.9800570607185364,0.006973367650061846,0.9972606897354126,-0.0002531764912419021,0.0025277291424572468,-0.0003783959546126425,0.9788381457328796,0.22293874621391296,0.06301899254322052
698,8734.3359375,0.0,-11325.28125,-11325.28125,11325.2763671875,11401.162109375,11389.6640625,11468.0,11468.0,44.01028060913086,0.0,0.9801146984100342,0.006978847552090883,0.9972955584526062,-0.00025231592007912695,0.0025130724534392357,-0.00038292593671940267,0.9789026975631714,0.22230656445026398,0.06275084614753723
699,8746.8466796875,0.0,-11325.513671875,-11325.513671875,11325.5078125,11401.369140625,11389.71875,11468.0,11468.0,43.90488815307617,0.0,0.9801720976829529,0.006984815467149019,0.997329592704773,-0.0002507026947569102,0.0024976651184260845,-0.0003877514973282814,0.9789668321609497,0.22167740762233734,0.0625067949295044
700,8759.357421875,0.0,-11325.744140625,-11325.744140625,11325.740234375,11401.5751953125,11389.765625,11468.0,11468.0,43.79996109008789,0.0,0.9802291393280029,0.006991267204284668,0.9973629117012024,-0.0002522932190913707,0.0024837905075401068,-0.00039287834079004824,0.9790320992469788,0.22105123102664948,0.062289103865623474
701,8771.8681640625,0.0,-11325.9736328125,-11325.9736328125,11325.9697265625,11401.7802734375,11389.8203125,11468.0,11468.0,43.69548797607422,0.0,0.9802859425544739,0.0069982088170945644,0.9973955154418945,-0.0002500787377357483,0.0024694588501006365,-0.0003983131318818778,0.9790979623794556,0.22042801976203918,0.062100473791360855
702,8784.3779296875,0.0,-11326.203125,-11326.203125,11326.1982421875,11401.984375,11389.828125,11468.0,11468.0,43.59148025512695,0.0,0.980342447757721,0.007005639374256134,0.9974272847175598,-0.0002515981032047421,0.0024567139334976673,-0.0004040556959807873,0.97916179895401,0.2198077291250229,0.061938222497701645
703,8796.888671875,0.0,-11326.4296875,-11326.4296875,11326.42578125,11402.1875,11389.84375,11468.0,11468.0,43.48792266845703,0.0,0.9803987145423889,0.0070135584101080894,0.9974583983421326,-0.0002487701422069222,0.00244533596560359,-0.0004100958176422864,0.9792234301567078,0.2191903293132782,0.06180402263998985
704,8809.3994140625,0.0,-11326.6572265625,-11326.6572265625,11326.65234375,11402.390625,11389.8828125,11468.0,11468.0,43.38481903076172,0.0,0.9804546236991882,0.0070219687186181545,0.9974888563156128,-0.00025162153178825974,0.002434890018776059,-0.0004164247075095773,0.979282796382904,0.21857576072216034,0.06169978901743889
705,8821.91015625,0.0,-11326.8828125,-11326.8828125,11326.876953125,11402.5927734375,11389.9140625,11468.0,11468.0,43.282161712646484,0.0,0.9805102944374084,0.007030871696770191,0.9975185394287109,-0.00024969474179670215,0.0024241844657808542,-0.0004230318882036954,0.9793403148651123,0.2179640233516693,0.06162146478891373
706,8834.419921875,0.0,-11327.1064453125,-11327.1064453125,11327.1025390625,11402.79296875,11389.9453125,11468.0,11468.0,43.179954528808594,0.0,0.98056560754776,0.00704026548191905,0.9975476861000061,-0.00025051782722584903,0.0024124267511069775,-0.0004298982967156917,0.9793984889984131,0.21735507249832153,0.06156551092863083
707,8846.9306640625,0.0,-11327.330078125,-11327.330078125,11327.3251953125,11402.994140625,11390.015625,11468.0,11468.0,43.078189849853516,0.0,0.980620801448822,0.007050151936709881,0.9975760579109192,-0.00024955315166153014,0.0024019938427954912,-0.0004369899397715926,0.9794582724571228,0.2167488932609558,0.061529066413640976
708,8859.44140625,0.0,-11327.552734375,-11327.552734375,11327.548828125,11403.193359375,11390.046875,11468.0,11468.0,42.97686004638672,0.0,0.9806756377220154,0.00706053152680397,0.9976039528846741,-0.0002494731161277741,0.002390756970271468,-0.00044427148532122374,0.979519248008728,0.21614544093608856,0.06151407212018967
709,8871.9521484375,0.0,-11327.7734375,-11327.7734375,11327.76953125,11403.392578125,11390.078125,11468.0,11468.0,42.87596893310547,0.0,0.9807301759719849,0.00707140751183033,0.9976311922073364,-0.00024693054729141295,0.002376996912062168,-0.0004517004417721182,0.979578971862793,0.2155446857213974,0.061511848121881485
710,8884.462890625,0.0,-11327.9951171875,-11327.9951171875,11327.9892578125,11403.591796875,11390.140625,11468.0,11468.0,42.7755126953125,0.0,0.98078453540802,0.007082777097821236,0.9976577758789062,-0.0002468579914420843,0.0023642214946448803,-0.0004592522163875401,0.9796372652053833,0.21494664251804352,0.061516426503658295
711,8896.97265625,0.0,-11328.21484375,-11328.21484375,11328.208984375,11403.7900390625,11390.1640625,11468.0,11468.0,42.67549133300781,0.0,0.9808385372161865,0.007094644475728273,0.9976838827133179,-0.0002452340559102595,0.002351963659748435,-0.0004669036716222763,0.9796935319900513,0.21435125172138214,0.06152757629752159
712,8909.4833984375,0.0,-11328.4326171875,-11328.4326171875,11328.427734375,11403.98828125,11390.2109375,11468.0,11468.0,42.575889587402344,0.0,0.9808923006057739,0.0071070087142288685,0.9977095127105713,-0.00024090531223919243,0.0023423682432621717,-0.0004746382182929665,0.9797502160072327,0.21375851333141327,0.061541952192783356
713,8921.994140625,0.0,-11328.650390625,-11328.650390625,11328.64453125,11404.185546875,11390.2421875,11468.0,11468.0,42.476715087890625,0.0,0.9809457063674927,0.007119874935597181,0.9977344274520874,-0.00024208868853747845,0.0023324519861489534,-0.00048243789933621883,0.9798072576522827,0.2131684124469757,0.06155693158507347
714,8934.5048828125,0.0,-11328.8671875,-11328.8671875,11328.861328125,11404.3837890625,11390.25,11468.0,11468.0,42.377967834472656,0.0,0.9809990525245667,0.007133238483220339,0.9977589845657349,-0.00023685362248215824,0.002320751780644059,-0.0004902853979729116,0.9798641800880432,0.21258093416690826,0.061566442251205444
715,8947.0146484375,0.0,-11329.08203125,-11329.08203125,11329.0771484375,11404.5810546875,11390.2734375,11468.0,11468.0,42.27963638305664,0.0,0.9810521006584167,0.007147104945033789,0.9977830052375793,-0.00023607254843227565,0.0023108406458050013,-0.0004981608362868428,0.97991943359375,0.21199607849121094,0.06156789883971214
716,8959.525390625,0.0,-11329.296875,-11329.296875,11329.29296875,11404.779296875,11390.328125,11468.0,11468.0,42.18171691894531,0.0,0.9811047315597534,0.00716147618368268,0.9978064894676208,-0.00023326319933403283,0.002299295971170068,-0.000506034994032234,0.9799764752388,0.21141380071640015,0.06156456097960472
717,8972.0361328125,0.0,-11329.51171875,-11329.51171875,11329.505859375,11404.9765625,11390.3671875,11468.0,11468.0,42.08420944213867,0.0,0.9811573028564453,0.007176351733505726,0.9978294968605042,-0.00023018158390186727,0.0022882556077092886,-0.0005138784763403237,0.9800341725349426,0.2108341008424759,0.06154957413673401
718,8984.546875,0.0,-11329.724609375,-11329.724609375,11329.71875,11405.1748046875,11390.4453125,11468.0,11468.0,41.98711395263672,0.0,0.9812094569206238,0.0071917311288416386,0.9978519678115845,-0.00022627878934144974,0.0022775246761739254,-0.0005216533318161964,0.9800921678543091,0.21025697886943817,0.061528630554676056
719,8997.056640625,0.0,-11329.9365234375,-11329.9365234375,11329.9306640625,11405.373046875,11390.5,11468.0,11468.0,41.89042663574219,0.0,0.9812614321708679,0.007207617629319429,0.9978741407394409,-0.00022409090888686478,0.0022667457815259695,-0.0005293285939842463,0.9801527261734009,0.2096823900938034,0.06150027737021446
720,9009.5673828125,0.0,-11330.1474609375,-11330.1474609375,11330.142578125,11405.572265625,11390.53125,11468.0,11468.0,41.79413986206055,0.0,0.981313169002533,0.007224013563245535,0.9978957176208496,-0.00021853632642887533,0.0022565308026969433,-0.0005368731217458844,0.9802131652832031,0.2091103345155716,0.06146383658051491
721,9022.078125,0.0,-11330.357421875,-11330.357421875,11330.3515625,11405.771484375,11390.59375,11468.0,11468.0,41.69825744628906,0.0,0.9813647270202637,0.007240920327603817,0.9979169964790344,-0.0002168826322304085,0.0022464622743427753,-0.0005442891851998866,0.9802728295326233,0.20854079723358154,0.06142471358180046
722,9034.5888671875,0.0,-11330.56640625,-11330.56640625,11330.5625,11405.97265625,11390.671875,11468.0,11468.0,41.60276794433594,0.0,0.9814159274101257,0.0072583407163619995,0.9979377388954163,-0.0002115762181347236,0.0022356456611305475,-0.0005515831289812922,0.9803341627120972,0.20797377824783325,0.06138596311211586
723,9047.0986328125,0.0,-11330.775390625,-11330.775390625,11330.76953125,11406.173828125,11390.6796875,11468.0,11468.0,41.50767517089844,0.0,0.9814669489860535,0.007276273798197508,0.9979581832885742,-0.00020595516252797097,0.0022244553547352552,-0.0005587723571807146,0.9803959727287292,0.20740923285484314,0.061350755393505096
724,9059.609375,0.0,-11330.982421875,-11330.982421875,11330.9775390625,11406.3759765625,11390.71875,11468.0,11468.0,41.41297149658203,0.0,0.9815176129341125,0.007294724229723215,0.997978150844574,-0.00020209256035741419,0.002212457824498415,-0.0005658584996126592,0.980455219745636,0.2068471610546112,0.061323218047618866
725,9072.1201171875,0.0,-11331.189453125,-11331.189453125,11331.18359375,11406.580078125,11390.75,11468.0,11468.0,41.31865692138672,0.0,0.9815682172775269,0.0073136924766004086,0.9979978203773499,-0.00019837114086840302,0.0022007522638887167,-0.0005728350370191038,0.9805139899253845,0.20628753304481506,0.06130696088075638
726,9084.630859375,0.0,-11331.39453125,-11331.39453125,11331.3896484375,11406.7841796875,11390.796875,11468.0,11468.0,41.2247314453125,0.0,0.9816184639930725,0.007333177607506514,0.9980170726776123,-0.0001910813880385831,0.0021892699878662825,-0.0005796955665573478,0.9805710911750793,0.2057303488254547,0.061304233968257904
727,9097.140625,0.0,-11331.599609375,-11331.599609375,11331.5947265625,11406.990234375,11390.8203125,11468.0,11468.0,41.131187438964844,0.0,0.9816685914993286,0.007353188004344702,0.9980359673500061,-0.0001870587730081752,0.002180005656555295,-0.000586443638894707,0.9806271195411682,0.20517559349536896,0.0613204687833786
728,9109.6513671875,0.0,-11331.8037109375,-11331.8037109375,11331.798828125,11407.1982421875,11390.875,11468.0,11468.0,41.03802490234375,0.0,0.9817184209823608,0.0073737190105021,0.9980545043945312,-0.00018416339298710227,0.002170431660488248,-0.0005930745974183083,0.980682373046875,0.2046232372522354,0.06135910749435425
729,9122.162109375,0.0,-11332.0068359375,-11332.0068359375,11332.0029296875,11407.4072265625,11390.90625,11468.0,11468.0,40.94523620605469,0.0,0.9817679524421692,0.007394777145236731,0.998072624206543,-0.0001780809834599495,0.0021606110967695713,-0.0005995752289891243,0.9807380437850952,0.20407330989837646,0.06141211465001106
730,9134.6728515625,0.0,-11332.2099609375,-11332.2099609375,11332.205078125,11407.6181640625,11390.9296875,11468.0,11468.0,40.85282897949219,0.0,0.981817364692688,0.007416365202516317,0.9980904459953308,-0.000174690067069605,0.0021520513109862804,-0.0006059263832867146,0.9807925224304199,0.20352576673030853,0.06148874759674072
731,9147.18359375,0.0,-11332.412109375,-11332.412109375,11332.40625,11407.830078125,11390.9453125,11468.0,11468.0,40.76078796386719,0.0,0.9818664193153381,0.007438483648002148,0.9981080293655396,-0.00017188322090078145,0.0021430288907140493,-0.0006121027981862426,0.9808453321456909,0.20298060774803162,0.06158970296382904
732,9159.693359375,0.0,-11332.61328125,-11332.61328125,11332.607421875,11408.044921875,11390.96875,11468.0,11468.0,40.66912078857422,0.0,0.9819154143333435,0.007461137603968382,0.9981252551078796,-0.00016617344226688147,0.002134527312591672,-0.0006180764175951481,0.9808988571166992,0.2024378478527069,0.06170616298913956
733,9172.2041015625,0.0,-11332.8134765625,-11332.8134765625,11332.80859375,11408.26171875,11391.0234375,11468.0,11468.0,40.57781982421875,0.0,0.981964111328125,0.00748432707041502,0.9981421232223511,-0.00016460794722661376,0.002126209205016494,-0.0006238306523300707,0.9809525609016418,0.20189747214317322,0.06183747574687004
734,9184.71484375,0.0,-11333.013671875,-11333.013671875,11333.0087890625,11408.4814453125,11391.0625,11468.0,11468.0,40.48688507080078,0.0,0.9820124506950378,0.007508058100938797,0.9981587529182434,-0.0001600155228516087,0.0021164303179830313,-0.0006293320329859853,0.9810048937797546,0.20135948061943054,0.061982136219739914
735,9197.2255859375,0.0,-11333.2119140625,-11333.2119140625,11333.20703125,11408.703125,11391.078125,11468.0,11468.0,40.39631271362305,0.0,0.9820608496665955,0.007532328832894564,0.9981750249862671,-0.00015821561100892723,0.0021079618018120527,-0.0006345486617647111,0.9810569286346436,0.2008238583803177,0.06213218346238136
736,9209.7353515625,0.0,-11333.41015625,-11333.41015625,11333.40625,11408.927734375,11391.15625,11468.0,11468.0,40.30609893798828,0.0,0.9821088314056396,0.007557144854217768,0.9981910586357117,-0.00015505934425164014,0.0020992658101022243,-0.0006394366500899196,0.9811078310012817,0.20029060542583466,0.062287166714668274
737,9222.24609375,0.0,-11333.607421875,-11333.607421875,11333.603515625,11409.1552734375,11391.1875,11469.0,11469.0,40.216251373291016,0.0,0.9821566343307495,0.007582505699247122,0.9982067346572876,-0.00015155895380303264,0.002089790301397443,-0.0006439589778892696,0.9811592698097229,0.19975970685482025,0.06244293600320816
738,9234.7568359375,0.0,-11333.8046875,-11333.8046875,11333.80078125,11409.38671875,11391.234375,11469.0,11469.0,40.12675476074219,0.0,0.9822041988372803,0.007608421612530947,0.998222291469574,-0.00015183309733401984,0.0020803341176360846,-0.0006480906158685684,0.9812098741531372,0.19923114776611328,0.06259119510650635
739,9247.267578125,0.0,-11334.0009765625,-11334.0009765625,11333.9970703125,11409.6201171875,11391.265625,11469.0,11469.0,40.03761291503906,0.0,0.9822515845298767,0.007634890731424093,0.9982374906539917,-0.0001489267306169495,0.002070316346362233,-0.0006518131121993065,0.981260359287262,0.19870494306087494,0.06272848695516586
740,9259.77734375,0.0,-11334.1962890625,-11334.1962890625,11334.1923828125,11409.857421875,11391.296875,11469.0,11469.0,39.948829650878906,0.0,0.982298731803894,0.007661917712539434,0.9982523322105408,-0.00014825395192019641,0.0020610720384866,-0.0006551304250024259,0.981309711933136,0.19818106293678284,0.0628490149974823
741,9272.2880859375,0.0,-11334.3916015625,-11334.3916015625,11334.3876953125,11410.09765625,11391.3203125,11469.0,11469.0,39.86039352416992,0.0,0.982345700263977,0.007689506281167269,0.9982670545578003,-0.0001468037226004526,0.00205209874548018,-0.0006580401677638292,0.981359601020813,0.19765949249267578,0.06294795870780945
742,9284.798828125,0.0,-11334.5859375,-11334.5859375,11334.58203125,11410.341796875,11391.3203125,11469.0,11469.0,39.772308349609375,0.0,0.982392430305481,0.007717661093920469,0.9982815980911255,-0.00014543996076099575,0.0020441864617168903,-0.0006605522357858717,0.9814077615737915,0.19714023172855377,0.06302159279584885
743,9297.3095703125,0.0,-11334.7783203125,-11334.7783203125,11334.7744140625,11410.5888671875,11391.4453125,11471.0,11471.0,39.6845703125,0.0,0.9824389219284058,0.007746383547782898,0.9982957243919373,-0.00014627919881604612,0.0020347097888588905,-0.0006626752438023686,0.9814563393592834,0.196623295545578,0.06307262182235718
744,9309.8193359375,0.0,-11334.9716796875,-11334.9716796875,11334.9677734375,11410.837890625,11391.4921875,11471.0,11471.0,39.59717559814453,0.0,0.9824852347373962,0.007775678299367428,0.9983097314834595,-0.0001430517586413771,0.0020281022880226374,-0.0006644343957304955,0.9815069437026978,0.1961086094379425,0.06309468299150467
745,9322.330078125,0.0,-11335.1640625,-11335.1640625,11335.16015625,11411.091796875,11391.5078125,11471.0,11471.0,39.51012420654297,0.0,0.9825314283370972,0.007805549073964357,0.9983235001564026,-0.0001414235885022208,0.00201986962929368,-0.0006658334750682116,0.9815563559532166,0.19559620320796967,0.06309255957603455
746,9334.8408203125,0.0,-11335.3544921875,-11335.3544921875,11335.3505859375,11411.3466796875,11391.578125,11471.0,11471.0,39.42341232299805,0.0,0.9825773239135742,0.007836000062525272,0.9983370304107666,-0.00014252986875362694,0.002011960605159402,-0.0006669006543233991,0.9816062450408936,0.1950860172510147,0.0630587488412857
747,9347.3515625,0.0,-11335.544921875,-11335.544921875,11335.541015625,11411.6044921875,11391.5859375,11471.0,11471.0,39.33704376220703,0.0,0.9826230406761169,0.007867038249969482,0.9983503818511963,-0.00014004655531607568,0.0020042837131768465,-0.0006676518823951483,0.9816558361053467,0.19457808136940002,0.06299426406621933
748,9359.861328125,0.0,-11335.734375,-11335.734375,11335.73046875,11411.865234375,11391.640625,11471.0,11471.0,39.251007080078125,0.0,0.9826685190200806,0.007898665964603424,0.9983634352684021,-0.00014070070756133646,0.001995020778849721,-0.0006681130034849048,0.9817047119140625,0.19407232105731964,0.06290134787559509
749,9372.3720703125,0.0,-11335.9228515625,-11335.9228515625,11335.9189453125,11412.126953125,11391.6953125,11471.0,11471.0,39.16530990600586,0.0,0.9827138185501099,0.007917082868516445,0.9983762502670288,-0.00014019079389981925,0.0019870707765221596,-0.0006682966486550868,0.9817535281181335,0.19356875121593475,0.06277456879615784
750,9384.8828125,0.0,-11336.1103515625,-11336.1103515625,11336.1064453125,11412.390625,11391.7109375,11471.0,11471.0,39.0799446105957,0.0,0.9827589392662048,0.007911201566457748,0.9983890056610107,-0.0001378599408781156,0.001978530315682292,-0.0006682232487946749,0.9818017482757568,0.19306732714176178,0.06261671334505081
751,9397.3935546875,0.0,-11336.296875,-11336.296875,11336.29296875,11412.654296875,11391.75,11471.0,11471.0,38.99490737915039,0.0,0.9828037619590759,0.007905353792011738,0.9984014630317688,-0.0001382449408993125,0.0019698701798915863,-0.000667921151034534,0.9818474650382996,0.19256801903247833,0.06242791935801506
752,9409.904296875,0.0,-11336.4833984375,-11336.4833984375,11336.4794921875,11412.919921875,11391.796875,11471.0,11471.0,38.91020202636719,0.0,0.982848584651947,0.00789953675121069,0.9984138011932373,-0.0001370210957247764,0.0019621453247964382,-0.0006674114265479147,0.9818925857543945,0.19207081198692322,0.06220962107181549
753,9422.4140625,0.0,-11336.66796875,-11336.66796875,11336.6640625,11413.185546875,11391.859375,11471.0,11471.0,38.82582473754883,0.0,0.9828930497169495,0.007893754169344902,0.9984259605407715,-0.00013477267930284142,0.0019557850901037455,-0.0006667244015261531,0.9819394946098328,0.19157567620277405,0.06196194142103195
754,9434.9248046875,0.0,-11336.853515625,-11336.853515625,11336.849609375,11413.451171875,11391.9375,11471.0,11471.0,38.74177551269531,0.0,0.9829373955726624,0.007888001389801502,0.9984378218650818,-0.0001342946634395048,0.0019488440593704581,-0.0006658945349045098,0.9819886684417725,0.19108256697654724,0.06168770790100098
755,9447.435546875,0.0,-11337.0361328125,-11337.0361328125,11337.0322265625,11413.71484375,11392.0,11471.0,11471.0,38.658050537109375,0.0,0.9829815626144409,0.007882283069193363,0.9984495639801025,-0.00013311194197740406,0.00194085284601897,-0.0006649536662735045,0.9820389151573181,0.190591499209404,0.06138419359922409
756,9459.9462890625,0.0,-11337.21875,-11337.21875,11337.21484375,11413.978515625,11392.03125,11471.0,11471.0,38.57464599609375,0.0,0.9830254912376404,0.00787659827619791,0.998461127281189,-0.00013311000657267869,0.001932064420543611,-0.0006639238563366234,0.9820900559425354,0.19010239839553833,0.06105398014187813
757,9472.4560546875,0.0,-11337.400390625,-11337.400390625,11337.396484375,11414.240234375,11392.0390625,11471.0,11471.0,38.4915657043457,0.0,0.983069121837616,0.007870947942137718,0.9984725117683411,-0.00013037142343819141,0.0019244278082624078,-0.0006628206465393305,0.982140302658081,0.18961529433727264,0.06069989874958992
758,9484.966796875,0.0,-11337.580078125,-11337.580078125,11337.576171875,11414.4990234375,11392.0546875,11471.0,11471.0,38.40880584716797,0.0,0.9831126928329468,0.007865331135690212,0.9984838366508484,-0.00013172479521017522,0.0019171920139342546,-0.000661662663333118,0.9821886420249939,0.18913012742996216,0.0603199265897274
759,9497.4775390625,0.0,-11337.759765625,-11337.759765625,11337.755859375,11414.7548828125,11392.1171875,11471.0,11471.0,38.32637023925781,0.0,0.9831560850143433,0.007859747856855392,0.9984948635101318,-0.00013005229993723333,0.0019095557508990169,-0.0006604766240343451,0.9822372198104858,0.18864689767360687,0.059915393590927124
760,9509.98828125,0.0,-11337.9375,-11337.9375,11337.93359375,11415.0078125,11392.15625,11471.0,11471.0,38.24424743652344,0.0,0.9831992387771606,0.007854198105633259,0.9985058307647705,-0.00012998224701732397,0.001900940202176571,-0.0006592842983081937,0.9822884798049927,0.1881655901670456,0.05948939546942711
761,9522.498046875,0.0,-11338.115234375,-11338.115234375,11338.111328125,11415.2568359375,11392.15625,11471.0,11471.0,38.162445068359375,0.0,0.9832421541213989,0.007848681882023811,0.9985166192054749,-0.00012908894859720021,0.001890819170512259,-0.0006581188063137233,0.9823391437530518,0.18768620491027832,0.05904461443424225
762,9535.0087890625,0.0,-11338.2919921875,-11338.2919921875,11338.2880859375,11415.501953125,11392.1796875,11471.0,11471.0,38.080955505371094,0.0,0.9832849502563477,0.00784319918602705,0.9985271692276001,-0.00012797453382518142,0.0018797835800796747,-0.0006570125697180629,0.9823880791664124,0.18720869719982147,0.05858496576547623
763,9547.51953125,0.0,-11338.4677734375,-11338.4677734375,11338.4638671875,11415.7431640625,11392.203125,11473.0,11473.0,37.99978256225586,0.0,0.9833274483680725,0.007837750017642975,0.9985376596450806,-0.0001261255529243499,0.0018702256493270397,-0.0006559891626238823,0.982435405254364,0.18673311173915863,0.058116257190704346
764,9560.0302734375,0.0,-11338.642578125,-11338.642578125,11338.638671875,11415.9794921875,11392.234375,11473.0,11473.0,37.918922424316406,0.0,0.9833698868751526,0.007832334376871586,0.9985479712486267,-0.00012802441779058427,0.0018610063707455993,-0.0006550673861056566,0.9824819564819336,0.18625937402248383,0.05764823779463768
765,9572.5400390625,0.0,-11338.81640625,-11338.81640625,11338.8125,11416.2099609375,11392.25,11473.0,11473.0,37.83837890625,0.0,0.9834120869636536,0.007826953195035458,0.9985581040382385,-0.00012469365901779383,0.0018508780049160123,-0.0006542502087540925,0.9825268983840942,0.18578752875328064,0.05717683583498001
766,9585.05078125,0.0,-11338.9892578125,-11338.9892578125,11338.9853515625,11416.4365234375,11392.2890625,11473.0,11473.0,37.75814437866211,0.0,0.9834541082382202,0.007821607403457165,0.9985681772232056,-0.00012645847164094448,0.001840697368606925,-0.0006535437423735857,0.982571542263031,0.18531754612922668,0.05670872703194618
767,9597.5615234375,0.0,-11339.16015625,-11339.16015625,11339.15625,11416.658203125,11392.3203125,11473.0,11473.0,37.678218841552734,0.0,0.9834958910942078,0.007816295139491558,0.9985780715942383,-0.00012372982746455818,0.0018315189518034458,-0.0006529406527988613,0.9826162457466125,0.18484945595264435,0.056251633912324905
768,9610.072265625,0.0,-11339.33203125,-11339.33203125,11339.328125,11416.8740234375,11392.3828125,11473.0,11473.0,37.598609924316406,0.0,0.9835375547409058,0.007811019662767649,0.9985878467559814,-0.0001246751198777929,0.0018214028095826507,-0.0006524353520944715,0.982661783695221,0.18438324332237244,0.0558050237596035
769,9622.5830078125,0.0,-11339.501953125,-11339.501953125,11339.498046875,11417.0859375,11392.4296875,11473.0,11473.0,37.51930236816406,0.0,0.9835790991783142,0.0078057777136564255,0.9985974431037903,-0.00012655093451030552,0.0018104497576132417,-0.0006520128808915615,0.9827075004577637,0.18391890823841095,0.055370889604091644
770,9635.0927734375,0.0,-11339.6708984375,-11339.6708984375,11339.6669921875,11417.29296875,11392.4921875,11473.0,11473.0,37.44029998779297,0.0,0.9836203455924988,0.007800573017448187,0.9986069798469543,-0.0001237384567502886,0.0018003367586061358,-0.0006516522262245417,0.9827541708946228,0.1834564357995987,0.05495965853333473
771,9647.603515625,0.0,-11339.83984375,-11339.83984375,11339.8359375,11417.49609375,11392.4921875,11473.0,11473.0,37.361610412597656,0.0,0.9836614727973938,0.0077954004518687725,0.9986163377761841,-0.00012381993292365223,0.0017897463403642178,-0.0006513347616419196,0.9827998280525208,0.18299584090709686,0.05457460135221481
772,9660.1142578125,0.0,-11340.0068359375,-11340.0068359375,11340.0029296875,11417.6953125,11392.5234375,11473.0,11473.0,37.28322219848633,0.0,0.9837023019790649,0.007790263742208481,0.998625636100769,-0.00012438750127330422,0.00177982565946877,-0.0006510615930892527,0.9828450679779053,0.18253713846206665,0.05421851575374603
773,9672.625,0.0,-11340.1728515625,-11340.1728515625,11340.1689453125,11417.890625,11392.5390625,11473.0,11473.0,37.20513916015625,0.0,0.9837430119514465,0.007785164751112461,0.9986346364021301,-0.00012329914898145944,0.0017700443277135491,-0.0006508261431008577,0.982889711856842,0.18208029866218567,0.05389146879315376
774,9685.134765625,0.0,-11340.3388671875,-11340.3388671875,11340.3349609375,11418.08203125,11392.5703125,11473.0,11473.0,37.12735366821289,0.0,0.9837836027145386,0.007780098356306553,0.998643696308136,-0.00012268438877072185,0.0017590938368812203,-0.0006506216595880687,0.9829332232475281,0.1816253513097763,0.05359477177262306
775,9697.6455078125,0.0,-11340.50390625,-11340.50390625,11340.5,11418.2705078125,11392.6328125,11473.0,11473.0,37.04987335205078,0.0,0.9838239550590515,0.007775067817419767,0.9986525774002075,-0.00012393966608215123,0.0017495546489953995,-0.0006504335906356573,0.9829792380332947,0.18117226660251617,0.05333095043897629
776,9710.15625,0.0,-11340.6669921875,-11340.6669921875,11340.6630859375,11418.4560546875,11392.671875,11473.0,11473.0,36.972694396972656,0.0,0.9838641285896301,0.007770073134452105,0.9986613988876343,-0.00012571523257065564,0.0017394110327586532,-0.0006502523901872337,0.9830256700515747,0.18072104454040527,0.05310207977890968
777,9722.6669921875,0.0,-11340.8310546875,-11340.8310546875,11340.8271484375,11418.6376953125,11392.7421875,11473.0,11473.0,36.89580535888672,0.0,0.9839041829109192,0.007765116635710001,0.9986701011657715,-0.0001237294782185927,0.0017287747468799353,-0.0006500554154627025,0.9830743074417114,0.1802716851234436,0.05290425941348076
778,9735.1767578125,0.0,-11340.9921875,-11340.9921875,11340.98828125,11418.81640625,11392.7578125,11473.0,11473.0,36.8192138671875,0.0,0.9839439988136292,0.007760194595903158,0.9986786246299744,-0.00012870013597421348,0.0017175925895571709,-0.0006498314905911684,0.983124852180481,0.17982418835163116,0.05273455008864403
779,9747.6875,0.0,-11341.154296875,-11341.154296875,11341.150390625,11418.9921875,11392.7578125,11473.0,11473.0,36.742923736572266,0.0,0.98398357629776,0.007755309343338013,0.9986870884895325,-0.00012865557800978422,0.001706855371594429,-0.0006495615816675127,0.983173131942749,0.17937853932380676,0.05259469151496887
780,9760.1982421875,0.0,-11341.3154296875,-11341.3154296875,11341.3115234375,11419.1650390625,11392.78125,11473.0,11473.0,36.66692352294922,0.0,0.9840230941772461,0.00775045994669199,0.998695433139801,-0.0001344265037914738,0.0016964328242465854,-0.0006492313696071506,0.9832213521003723,0.178934708237648,0.05248124152421951
781,9772.708984375,0.0,-11341.4765625,-11341.4765625,11341.47265625,11419.3349609375,11392.7890625,11473.0,11473.0,36.59120559692383,0.0,0.9840624928474426,0.00774564640596509,0.9987035989761353,-0.00013487838441506028,0.0016879048198461533,-0.0006488194921985269,0.9832682609558105,0.1784927248954773,0.05239250510931015
782,9785.21875,0.0,-11341.634765625,-11341.634765625,11341.630859375,11419.501953125,11392.7890625,11473.0,11473.0,36.51578140258789,0.0,0.9841015338897705,0.007740872446447611,0.9987118244171143,-0.00013859842147212476,0.001678706961683929,-0.0006483110482804477,0.9833129644393921,0.17805254459381104,0.05232738330960274
783,9797.7294921875,0.0,-11341.7939453125,-11341.7939453125,11341.7900390625,11419.666015625,11392.828125,11473.0,11473.0,36.440643310546875,0.0,0.9841405749320984,0.007736134808510542,0.9987199306488037,-0.00014187216584105045,0.0016695817466825247,-0.0006477090064436197,0.9833558201789856,0.17761416733264923,0.05227718874812126
784,9810.240234375,0.0,-11341.951171875,-11341.951171875,11341.947265625,11419.8271484375,11392.859375,11473.0,11473.0,36.365787506103516,0.0,0.9841793775558472,0.007731431629508734,0.9987277388572693,-0.00014360772911459208,0.0016598858637735248,-0.0006470073130913079,0.9833999276161194,0.1771775782108307,0.05224119871854782
785,9822.7509765625,0.0,-11342.109375,-11342.109375,11342.10546875,11419.986328125,11392.8671875,11473.0,11473.0,36.29121398925781,0.0,0.9842180609703064,0.007726769428700209,0.9987356066703796,-0.00014827416453044862,0.0016501417849212885,-0.0006462061428464949,0.983444094657898,0.1767428070306778,0.05221936106681824
786,9835.2607421875,0.0,-11342.265625,-11342.265625,11342.26171875,11420.142578125,11392.890625,11473.0,11473.0,36.216922760009766,0.0,0.9842565059661865,0.007722143083810806,0.99874347448349,-0.00015017492114566267,0.001638919347897172,-0.0006453078822232783,0.9834878444671631,0.17630979418754578,0.05220644176006317
787,9847.771484375,0.0,-11342.421875,-11342.421875,11342.41796875,11420.296875,11392.8984375,11473.0,11473.0,36.142906188964844,0.0,0.9842947721481323,0.00771755538880825,0.9987510442733765,-0.00015306392742786556,0.0016291114734485745,-0.0006443146266974509,0.9835306406021118,0.17587855458259583,0.05220070481300354
788,9860.2822265625,0.0,-11342.5771484375,-11342.5771484375,11342.5732421875,11420.44921875,11392.96875,11473.0,11473.0,36.06916809082031,0.0,0.9843329191207886,0.007713002152740955,0.9987586736679077,-0.00015677719784434885,0.0016177429351955652,-0.000643236911855638,0.9835731983184814,0.17544905841350555,0.05220216140151024
789,9872.79296875,0.0,-11342.732421875,-11342.732421875,11342.728515625,11420.599609375,11393.0390625,11473.0,11473.0,35.995704650878906,0.0,0.9843709468841553,0.007708489894866943,0.9987661838531494,-0.00015801817062310874,0.0016051153652369976,-0.0006420977297239006,0.9836175441741943,0.17502133548259735,0.05219864100217819
790,9885.3037109375,0.0,-11342.8857421875,-11342.8857421875,11342.8818359375,11420.748046875,11393.0390625,11473.0,11473.0,35.922508239746094,0.0,0.9844086766242981,0.0077040125615894794,0.9987735152244568,-0.00016206232248805463,0.001592577318660915,-0.0006409146008081734,0.9836611747741699,0.17459531128406525,0.05218948423862457
791,9897.8134765625,0.0,-11343.0390625,-11343.0390625,11343.03515625,11420.89453125,11393.0859375,11473.0,11473.0,35.84958267211914,0.0,0.9844464659690857,0.0076995729468762875,0.9987809062004089,-0.00016490292910020798,0.001581341028213501,-0.0006397098186425865,0.9837043285369873,0.1741710603237152,0.05217503756284714
792,9910.32421875,0.0,-11343.1923828125,-11343.1923828125,11343.1884765625,11421.0390625,11393.109375,11473.0,11473.0,35.77692413330078,0.0,0.9844838976860046,0.007695173844695091,0.998788058757782,-0.00016490794951096177,0.0015701010124757886,-0.0006384993903338909,0.9837473630905151,0.17374850809574127,0.05215045437216759
793,9922.8349609375,0.0,-11343.34375,-11343.34375,11343.33984375,11421.18359375,11393.1484375,11473.0,11473.0,35.704524993896484,0.0,0.9845213294029236,0.007690812926739454,0.9987951517105103,-0.0001673250226303935,0.0015600973274558783,-0.0006373038631863892,0.9837913513183594,0.17332766950130463,0.05210942402482033
794,9935.345703125,0.0,-11343.494140625,-11343.494140625,11343.490234375,11421.3251953125,11393.1484375,11473.0,11473.0,35.63239288330078,0.0,0.9845585227012634,0.0076864901930093765,0.9988023042678833,-0.00016863869677763432,0.0015477746492251754,-0.0006361418636515737,0.9838340282440186,0.17290852963924408,0.05205405130982399
795,9947.85546875,0.0,-11343.6455078125,-11343.6455078125,11343.6416015625,11421.466796875,11393.1640625,11473.0,11473.0,35.560516357421875,0.0,0.984595537185669,0.00768220704048872,0.9988093376159668,-0.00016845978097990155,0.001537649310193956,-0.0006350170006044209,0.9838763475418091,0.17249107360839844,0.051980532705783844
796,9960.3662109375,0.0,-11343.794921875,-11343.794921875,11343.791015625,11421.60546875,11393.1640625,11473.0,11473.0,35.488895416259766,0.0,0.9846323728561401,0.00767796253785491,0.9988162517547607,-0.00017096369992941618,0.001527327229268849,-0.0006339408573694527,0.983917236328125,0.1720753163099289,0.05188296362757683
797,9972.876953125,0.0,-11343.9443359375,-11343.9443359375,11343.9404296875,11421.744140625,11393.1875,11473.0,11473.0,35.41753387451172,0.0,0.9846691489219666,0.007673756685107946,0.9988229870796204,-0.0001693813392193988,0.0015170618426054716,-0.0006329353200271726,0.9839567542076111,0.17166122794151306,0.05176173895597458
798,9985.3876953125,0.0,-11344.0927734375,-11344.0927734375,11344.0888671875,11421.880859375,11393.1953125,11473.0,11473.0,35.34642028808594,0.0,0.9847058057785034,0.007669589947909117,0.9988297820091248,-0.00017213921819347888,0.0015060269506648183,-0.0006320162792690098,0.9839953184127808,0.17124882340431213,0.05161972716450691
799,9997.8974609375,0.0,-11344.240234375,-11344.240234375,11344.236328125,11422.017578125,11393.21875,11473.0,11473.0,35.275550842285156,0.0,0.984742283821106,0.007665460463613272,0.9988364577293396,-0.0001704490277916193,0.0014949445612728596,-0.0006312023033387959,0.9840337634086609,0.17083807289600372,0.05144723504781723
800,10010.408203125,0.0,-11344.3876953125,-11344.3876953125,11344.3837890625,11422.15234375,11393.2734375,11473.0,11473.0,35.204933166503906,0.0,0.9847785830497742,0.007661374285817146,0.9988429546356201,-0.0001746551861288026,0.0014834325993433595,-0.0006304910057224333,0.9840734601020813,0.17042896151542664,0.0512533076107502
801,10022.9189453125,0.0,-11344.53515625,-11344.53515625,11344.53125,11422.28515625,11393.3125,11473.0,11473.0,35.134559631347656,0.0,0.9848147630691528,0.0076573253609240055,0.9988495111465454,-0.0001727763592498377,0.0014728441601619124,-0.0006298748194240034,0.9841143488883972,0.17002148926258087,0.05103586986660957
802,10035.4296875,0.0,-11344.6796875,-11344.6796875,11344.67578125,11422.41796875,11393.375,11473.0,11473.0,35.064422607421875,0.0,0.9848507642745972,0.0076533155515789986,0.9988560676574707,-0.00017431227024644613,0.0014617275446653366,-0.0006293447222560644,0.9841558337211609,0.16961564123630524,0.05079929158091545
803,10047.939453125,0.0,-11344.82421875,-11344.82421875,11344.8203125,11422.548828125,11393.3828125,11473.0,11473.0,34.994529724121094,0.0,0.9848865866661072,0.007649347651749849,0.9988625049591064,-0.0001762993779266253,0.0014512903289869428,-0.0006288863369263709,0.9841973781585693,0.16921141743659973,0.05054636299610138
804,10060.4501953125,0.0,-11344.96875,-11344.96875,11344.96484375,11422.6796875,11393.3984375,11473.0,11473.0,34.92487335205078,0.0,0.984922468662262,0.007645417470484972,0.9988687634468079,-0.0001779065642040223,0.0014403999084606767,-0.0006284894770942628,0.9842380881309509,0.16880877315998077,0.050282660871744156
805,10072.9609375,0.0,-11345.1123046875,-11345.1123046875,11345.1083984375,11422.80859375,11393.4609375,11473.0,11473.0,34.85545349121094,0.0,0.9849579930305481,0.007641529198735952,0.9988749623298645,-0.00018038589041680098,0.0014299204340204597,-0.0006281531532295048,0.9842802882194519,0.16840773820877075,0.05001044645905495
806,10085.4716796875,0.0,-11345.2548828125,-11345.2548828125,11345.251953125,11422.9375,11393.484375,11473.0,11473.0,34.78626251220703,0.0,0.984993577003479,0.007637680042535067,0.9988811612129211,-0.00018229760462418199,0.0014202079037204385,-0.0006278867949731648,0.9843227863311768,0.1680082380771637,0.04973876103758812
807,10097.9814453125,0.0,-11345.3974609375,-11345.3974609375,11345.39453125,11423.0654296875,11393.5,11473.0,11473.0,34.717308044433594,0.0,0.9850288033485413,0.007633871398866177,0.9988873600959778,-0.00018248189007863402,0.0014102214481681585,-0.0006276959902606905,0.9843639731407166,0.1676102727651596,0.04946888983249664
808,10110.4921875,0.0,-11345.5390625,-11345.5390625,11345.53515625,11423.1923828125,11393.515625,11473.0,11473.0,34.64857864379883,0.0,0.9850641489028931,0.007630104664713144,0.9988934397697449,-0.0001874997979030013,0.001400830689817667,-0.0006275896448642015,0.9844058156013489,0.16721385717391968,0.04920841380953789
809,10123.0029296875,0.0,-11345.6796875,-11345.6796875,11345.6767578125,11423.318359375,11393.53125,11473.0,11473.0,34.580078125,0.0,0.9850992560386658,0.007626375649124384,0.9988993406295776,-0.00018805621948558837,0.0013924799859523773,-0.0006275891209952533,0.9844475984573364,0.16681893169879913,0.048955973237752914
810,10135.513671875,0.0,-11345.8203125,-11345.8203125,11345.81640625,11423.443359375,11393.5546875,11473.0,11473.0,34.511810302734375,0.0,0.9851342439651489,0.0076226890087127686,0.9989053010940552,-0.0001924161915667355,0.0013839126331731677,-0.0006277154316194355,0.9844887256622314,0.16642548143863678,0.04871712625026703
811,10148.0244140625,0.0,-11345.9599609375,-11345.9599609375,11345.9560546875,11423.568359375,11393.5703125,11473.0,11473.0,34.44376754760742,0.0,0.9851691722869873,0.007619042415171862,0.9989112615585327,-0.0001929519057739526,0.0013757986016571522,-0.0006279791705310345,0.9845292568206787,0.16603347659111023,0.04849575459957123
812,10160.5341796875,0.0,-11346.09765625,-11346.09765625,11346.095703125,11423.6923828125,11393.625,11473.0,11473.0,34.37594985961914,0.0,0.9852038621902466,0.0076154381968081,0.9989169836044312,-0.0001964747643796727,0.001368819153867662,-0.000628385809250176,0.9845682978630066,0.16564293205738068,0.048297565430402756
813,10173.044921875,0.0,-11346.2373046875,-11346.2373046875,11346.234375,11423.81640625,11393.625,11473.0,11473.0,34.30835723876953,0.0,0.9852384924888611,0.007611874490976334,0.9989227652549744,-0.00020063764532096684,0.0013623511185869575,-0.0006289192824624479,0.9846094846725464,0.16525380313396454,0.048118509352207184
814,10185.5556640625,0.0,-11346.375,-11346.375,11346.3720703125,11423.939453125,11393.6953125,11473.0,11473.0,34.240997314453125,0.0,0.9852728843688965,0.007608353625983,0.9989284873008728,-0.00019901517953258008,0.0013578045181930065,-0.0006295823259279132,0.9846502542495728,0.16486607491970062,0.04795459657907486
815,10198.06640625,0.0,-11346.5126953125,-11346.5126953125,11346.509765625,11424.0615234375,11393.703125,11473.0,11473.0,34.17386245727539,0.0,0.9853072762489319,0.0076048714108765125,0.9989340901374817,-0.00020669109653681517,0.001353042433038354,-0.0006303770933300257,0.9846919178962708,0.16447973251342773,0.04780774936079979
816,10210.576171875,0.0,-11346.650390625,-11346.650390625,11346.646484375,11424.1826171875,11393.7109375,11473.0,11473.0,34.10695266723633,0.0,0.985341489315033,0.007601435761898756,0.9989396929740906,-0.0002051187475444749,0.0013492503203451633,-0.000631315924692899,0.9847320914268494,0.16409476101398468,0.04767529293894768
817,10223.0869140625,0.0,-11346.7861328125,-11346.7861328125,11346.783203125,11424.3046875,11393.734375,11473.0,11473.0,34.04027557373047,0.0,0.9853755831718445,0.007598041091114283,0.9989452958106995,-0.0002115512907039374,0.0013452153652906418,-0.000632382754702121,0.9847709536552429,0.16371116042137146,0.047561343759298325
818,10235.59765625,0.0,-11346.921875,-11346.921875,11346.919921875,11424.4248046875,11393.734375,11473.0,11473.0,33.97381591796875,0.0,0.9854094982147217,0.007594687398523092,0.998950719833374,-0.00021399831166490912,0.0013424067292362452,-0.0006335556972771883,0.9848074316978455,0.16332890093326569,0.047464024275541306
819,10248.1083984375,0.0,-11347.05859375,-11347.05859375,11347.0556640625,11424.544921875,11393.7421875,11473.0,11473.0,33.9075927734375,0.0,0.9854434132575989,0.007591375149786472,0.9989560842514038,-0.00021748711878899485,0.0013393574627116323,-0.0006348140886984766,0.9848423600196838,0.16294802725315094,0.04738263040781021
820,10260.6181640625,0.0,-11347.193359375,-11347.193359375,11347.19140625,11424.6640625,11393.75,11473.0,11473.0,33.841590881347656,0.0,0.9854770302772522,0.007588106207549572,0.9989614486694336,-0.0002234300336567685,0.0013366106431931257,-0.0006361340638250113,0.9848755598068237,0.16256850957870483,0.04731940105557442
821,10273.12890625,0.0,-11347.3291015625,-11347.3291015625,11347.326171875,11424.783203125,11393.765625,11473.0,11473.0,33.77581787109375,0.0,0.9855105876922607,0.007584878709167242,0.9989668130874634,-0.0002245812793262303,0.0013338973512873054,-0.0006375031662173569,0.9849070310592651,0.16219037771224976,0.04727093502879143
822,10285.6396484375,0.0,-11347.462890625,-11347.462890625,11347.4609375,11424.90234375,11393.7890625,11473.0,11473.0,33.710269927978516,0.0,0.9855440258979797,0.007581695448607206,0.9989720582962036,-0.0002291253476869315,0.0013325241161510348,-0.0006389091140590608,0.9849383234977722,0.1618136167526245,0.04723745211958885
823,10298.150390625,0.0,-11347.59765625,-11347.59765625,11347.5947265625,11425.0205078125,11393.8125,11473.0,11473.0,33.64495086669922,0.0,0.9855773448944092,0.007578554097563028,0.9989773035049438,-0.0002344629174331203,0.0013301240978762507,-0.0006403466104529798,0.9849688410758972,0.1614382416009903,0.04722286015748978
824,10310.66015625,0.0,-11347.7314453125,-11347.7314453125,11347.728515625,11425.1376953125,11393.84375,11473.0,11473.0,33.57985305786133,0.0,0.9856104850769043,0.007575455587357283,0.9989823698997498,-0.00023598979169037193,0.001327397651039064,-0.0006418073317036033,0.9849990606307983,0.1610642820596695,0.047220561653375626
825,10323.1708984375,0.0,-11347.865234375,-11347.865234375,11347.8623046875,11425.2548828125,11393.859375,11473.0,11473.0,33.514984130859375,0.0,0.9856434464454651,0.007572402246296406,0.9989874958992004,-0.00024215572921093553,0.0013265893794596195,-0.0006432901718653738,0.9850291013717651,0.16069172322750092,0.047238077968358994
826,10335.681640625,0.0,-11347.998046875,-11347.998046875,11347.9951171875,11425.37109375,11393.8671875,11473.0,11473.0,33.45033264160156,0.0,0.9856764078140259,0.007569391746073961,0.9989926218986511,-0.00024397793458774686,0.0013263110304251313,-0.0006447865744121373,0.9850580096244812,0.16032058000564575,0.04727977514266968
827,10348.1923828125,0.0,-11348.130859375,-11348.130859375,11348.12890625,11425.48828125,11393.9296875,11473.0,11473.0,33.38591003417969,0.0,0.9857091307640076,0.007566423155367374,0.9989976286888123,-0.0002498605172149837,0.0013280465500429273,-0.0006462970050051808,0.985088050365448,0.1599508672952652,0.04733019694685936
828,10360.703125,0.0,-11348.263671875,-11348.263671875,11348.2607421875,11425.603515625,11393.9453125,11473.0,11473.0,33.32170486450195,0.0,0.9857417345046997,0.007563497871160507,0.9990026354789734,-0.00025322416331619024,0.0013292907970026135,-0.0006478133145719767,0.9851186871528625,0.15958257019519806,0.04739969223737717
829,10373.212890625,0.0,-11348.396484375,-11348.396484375,11348.392578125,11425.71875,11394.0078125,11473.0,11473.0,33.25772476196289,0.0,0.9857742786407471,0.007560617756098509,0.999007523059845,-0.00025773700326681137,0.0013294200180098414,-0.000649323919788003,0.9851507544517517,0.15921570360660553,0.047478511929512024
830,10385.7236328125,0.0,-11348.52734375,-11348.52734375,11348.525390625,11425.833984375,11394.0078125,11473.0,11473.0,33.19396209716797,0.0,0.9858066439628601,0.007557781413197517,0.9990123510360718,-0.00026146837626583874,0.0013301502913236618,-0.0006508146761916578,0.98518306016922,0.1588502675294876,0.04756660759449005
831,10398.234375,0.0,-11348.6591796875,-11348.6591796875,11348.6572265625,11425.9482421875,11394.03125,11473.0,11473.0,33.13041687011719,0.0,0.9858388304710388,0.007554987911134958,0.9990172386169434,-0.0002640672028064728,0.0013305105967447162,-0.0006522865733131766,0.9852145910263062,0.15848621726036072,0.04766480252146721
832,10410.7451171875,0.0,-11348.791015625,-11348.791015625,11348.7880859375,11426.0615234375,11394.0390625,11473.0,11473.0,33.06709289550781,0.0,0.9858709573745728,0.007552238646894693,0.9990220069885254,-0.0002680981415323913,0.001331687206402421,-0.0006537368171848357,0.9852458238601685,0.15812359750270844,0.047759633511304855
833,10423.2548828125,0.0,-11348.921875,-11348.921875,11348.91796875,11426.1748046875,11394.0859375,11473.0,11473.0,33.00398254394531,0.0,0.9859029650688171,0.007549537345767021,0.9990267753601074,-0.00026736716972664,0.0013316264376044273,-0.0006551724509336054,0.9852766394615173,0.157762348651886,0.04785728082060814
834,10435.765625,0.0,-11349.0517578125,-11349.0517578125,11349.048828125,11426.2880859375,11394.09375,11473.0,11473.0,32.94108581542969,0.0,0.9859347939491272,0.007546879351139069,0.9990315437316895,-0.00026999125839211047,0.0013294121017679572,-0.0006565981893800199,0.985308051109314,0.15740248560905457,0.04794170707464218
835,10448.2763671875,0.0,-11349.1826171875,-11349.1826171875,11349.1787109375,11426.400390625,11394.1171875,11473.0,11473.0,32.87841033935547,0.0,0.9859664440155029,0.007544266059994698,0.9990361928939819,-0.00027252486324869096,0.0013263768050819635,-0.0006580142071470618,0.9853382706642151,0.1570439636707306,0.048013173043727875
836,10460.787109375,0.0,-11349.3115234375,-11349.3115234375,11349.3095703125,11426.5126953125,11394.140625,11473.0,11473.0,32.81594467163086,0.0,0.9859981536865234,0.0075416965410113335,0.9990407824516296,-0.0002703972568269819,0.0013229688629508018,-0.0006594230071641505,0.9853674173355103,0.15668679773807526,0.048062898218631744
837,10473.296875,0.0,-11349.44140625,-11349.44140625,11349.4384765625,11426.6240234375,11394.1640625,11473.0,11473.0,32.753692626953125,0.0,0.9860296249389648,0.0075391735881567,0.9990453124046326,-0.0002697656746022403,0.0013188625453040004,-0.00066081911791116,0.9853973388671875,0.15633097290992737,0.048087120056152344
838,10485.8076171875,0.0,-11349.5703125,-11349.5703125,11349.5673828125,11426.7353515625,11394.171875,11473.0,11473.0,32.691650390625,0.0,0.9860609769821167,0.007536693941801786,0.9990498423576355,-0.0002705391962081194,0.0013143600663170218,-0.0006622026558034122,0.9854273796081543,0.15597644448280334,0.04808471351861954
839,10498.318359375,0.0,-11349.6982421875,-11349.6982421875,11349.6953125,11426.845703125,11394.1796875,11473.0,11473.0,32.629817962646484,0.0,0.986092209815979,0.007534261792898178,0.9990543723106384,-0.0002704505168367177,0.001309102401137352,-0.0006635806639678776,0.9854559302330017,0.155623197555542,0.04804452136158943
840,10510.8291015625,0.0,-11349.826171875,-11349.826171875,11349.822265625,11426.9560546875,11394.28125,11473.0,11473.0,32.56819534301758,0.0,0.9861233234405518,0.007531872950494289,0.9990587830543518,-0.00026928726583719254,0.0013043382205069065,-0.0006649737479165196,0.9854853749275208,0.1552712470293045,0.04796334728598595
841,10523.3388671875,0.0,-11349.953125,-11349.953125,11349.94921875,11427.0654296875,11394.3125,11473.0,11473.0,32.50678253173828,0.0,0.986154317855835,0.007529532071202993,0.9990631937980652,-0.0002690015535335988,0.0012979977764189243,-0.0006664058309979737,0.9855158925056458,0.1549205482006073,0.04784594848752022
842,10535.849609375,0.0,-11350.080078125,-11350.080078125,11350.076171875,11427.1748046875,11394.3203125,11473.0,11473.0,32.445579528808594,0.0,0.9861851334571838,0.0075272368267178535,0.9990676045417786,-0.0002697381714824587,0.0012927466304972768,-0.0006678844220004976,0.9855456352233887,0.15457110106945038,0.047683630138635635
843,10548.3603515625,0.0,-11350.205078125,-11350.205078125,11350.2021484375,11427.283203125,11394.328125,11473.0,11473.0,32.38458251953125,0.0,0.9862157702445984,0.007524986285716295,0.9990719556808472,-0.00026755008730106056,0.001287885126657784,-0.0006694160401821136,0.9855756759643555,0.15422289073467255,0.04748135060071945
844,10560.87109375,0.0,-11350.330078125,-11350.330078125,11350.328125,11427.3916015625,11394.359375,11473.0,11473.0,32.32378387451172,0.0,0.9862464666366577,0.007522782776504755,0.999076247215271,-0.000272712524747476,0.0012822162825614214,-0.0006709977169521153,0.9856066703796387,0.1538759022951126,0.04723652824759483
845,10573.380859375,0.0,-11350.455078125,-11350.455078125,11350.451171875,11427.5,11394.390625,11473.0,11473.0,32.26319885253906,0.0,0.9862769842147827,0.007520625367760658,0.9990805387496948,-0.00027073087403550744,0.001275843009352684,-0.0006726220017299056,0.9856382608413696,0.15353010594844818,0.046948935836553574
846,10585.8916015625,0.0,-11350.5791015625,-11350.5791015625,11350.5751953125,11427.607421875,11394.4453125,11473.0,11473.0,32.20281982421875,0.0,0.9863072633743286,0.00751851499080658,0.9990847110748291,-0.0002727133105508983,0.0012691448209807277,-0.0006742795230820775,0.9856709837913513,0.15318548679351807,0.046622224152088165
847,10598.40234375,0.0,-11350.701171875,-11350.701171875,11350.69921875,11427.7138671875,11394.453125,11473.0,11473.0,32.14263916015625,0.0,0.9863375425338745,0.007516451645642519,0.9990888833999634,-0.0002749153645709157,0.0012627857504412532,-0.000675950781442225,0.9857046008110046,0.15284204483032227,0.04626128822565079
848,10610.9130859375,0.0,-11350.82421875,-11350.82421875,11350.8212890625,11427.8203125,11394.4921875,11473.0,11473.0,32.08266067504883,0.0,0.9863676428794861,0.007514434866607189,0.9990930557250977,-0.0002765518438536674,0.0012573855929076672,-0.0006776244263164699,0.9857382774353027,0.15249978005886078,0.045876290649175644
849,10623.423828125,0.0,-11350.9462890625,-11350.9462890625,11350.943359375,11427.9267578125,11394.5390625,11473.0,11473.0,32.02288818359375,0.0,0.9863976240158081,0.007512465585023165,0.9990972280502319,-0.00027863841387443244,0.0012518387520685792,-0.0006792746135033667,0.9857732057571411,0.15215866267681122,0.04546870291233063
850,10635.93359375,0.0,-11351.068359375,-11351.068359375,11351.0654296875,11428.0322265625,11394.5625,11473.0,11473.0,31.96331214904785,0.0,0.9864274263381958,0.007510541472584009,0.9991012811660767,-0.00028041767654940486,0.0012458206620067358,-0.0006808924372307956,0.9858083724975586,0.15181872248649597,0.045044202357530594
851,10648.4443359375,0.0,-11351.1875,-11351.1875,11351.185546875,11428.1376953125,11394.5859375,11473.0,11473.0,31.9039363861084,0.0,0.9864572882652283,0.007508669048547745,0.9991052746772766,-0.00028257130179554224,0.0012385239824652672,-0.0006824741140007973,0.985844075679779,0.15147992968559265,0.04460517689585686
852,10660.955078125,0.0,-11351.30859375,-11351.30859375,11351.3046875,11428.2421875,11394.6015625,11473.0,11473.0,31.844764709472656,0.0,0.9864869713783264,0.007506842724978924,0.9991093277931213,-0.0002853299374692142,0.0012312156613916159,-0.000684017373714596,0.9858800768852234,0.15114226937294006,0.044161438941955566
853,10673.4658203125,0.0,-11351.427734375,-11351.427734375,11351.423828125,11428.3466796875,11394.625,11473.0,11473.0,31.785785675048828,0.0,0.9865164160728455,0.007505062501877546,0.9991132616996765,-0.00028478019521571696,0.0012244991958141327,-0.0006855188985355198,0.9859164357185364,0.1508057862520218,0.043725743889808655
854,10685.9755859375,0.0,-11351.546875,-11351.546875,11351.5439453125,11428.4501953125,11394.640625,11473.0,11473.0,31.727005004882812,0.0,0.9865458607673645,0.007503333035856485,0.9991171956062317,-0.00028853677213191986,0.0012181751662865281,-0.0006869688513688743,0.9859521985054016,0.15047043561935425,0.04329388961195946
855,10698.486328125,0.0,-11351.6650390625,-11351.6650390625,11351.662109375,11428.5537109375,11394.6484375,11473.0,11473.0,31.66842269897461,0.0,0.9865750670433044,0.007501650135964155,0.9991211295127869,-0.0002882552216760814,0.0012128237867727876,-0.0006883583264425397,0.985990047454834,0.15013626217842102,0.04286575689911842
856,10710.9970703125,0.0,-11351.7822265625,-11351.7822265625,11351.779296875,11428.65625,11394.6640625,11473.0,11473.0,31.610034942626953,0.0,0.9866042733192444,0.007500017527490854,0.999125063419342,-0.0002897897793445736,0.0012075104750692844,-0.0006896679406054318,0.9860265851020813,0.14980323612689972,0.04245712608098984
857,10723.5078125,0.0,-11351.8994140625,-11351.8994140625,11351.896484375,11428.7587890625,11394.6796875,11473.0,11473.0,31.551837921142578,0.0,0.9866333603858948,0.0074984305538237095,0.9991288781166077,-0.00029186802566982806,0.0012007326586171985,-0.0006908801151439548,0.9860623478889465,0.14947140216827393,0.042074743658304214
858,10736.017578125,0.0,-11352.0166015625,-11352.0166015625,11352.013671875,11428.861328125,11394.703125,11473.0,11473.0,31.493837356567383,0.0,0.9866622686386108,0.007496894337236881,0.9991326928138733,-0.0002892182383220643,0.0011959732510149479,-0.0006919751176610589,0.9860989451408386,0.14914073050022125,0.04171470180153847
859,10748.5283203125,0.0,-11352.1328125,-11352.1328125,11352.12890625,11428.962890625,11394.7109375,11473.0,11473.0,31.43602752685547,0.0,0.9866911172866821,0.0074954042211174965,0.9991365075111389,-0.00029364723013713956,0.0011911503970623016,-0.0006929251248948276,0.9861370921134949,0.1488112360239029,0.04139082506299019
860,10761.0390625,0.0,-11352.248046875,-11352.248046875,11352.2451171875,11429.064453125,11394.7421875,11473.0,11473.0,31.378408432006836,0.0,0.9867199659347534,0.007493964396417141,0.9991402626037598,-0.00029123734566383064,0.0011871635215356946,-0.0006936992285773158,0.9861757159233093,0.14848294854164124,0.04109826311469078
861,10773.5498046875,0.0,-11352.36328125,-11352.36328125,11352.3603515625,11429.1650390625,11394.75,11473.0,11473.0,31.320980072021484,0.0,0.986748456954956,0.007492574863135815,0.9991439580917358,-0.00029068265575915575,0.001182638225145638,-0.0006942470790818334,0.986215353012085,0.14815585315227509,0.04084660857915878
862,10786.0595703125,0.0,-11352.478515625,-11352.478515625,11352.474609375,11429.265625,11394.75,11473.0,11473.0,31.263742446899414,0.0,0.9867770075798035,0.007491234224289656,0.9991476535797119,-0.00028996836044825613,0.0011788784759119153,-0.0006945186760276556,0.9862536191940308,0.14782997965812683,0.04063209891319275
863,10798.5703125,0.0,-11352.5927734375,-11352.5927734375,11352.5888671875,11429.365234375,11394.765625,11473.0,11473.0,31.20669174194336,0.0,0.9868053793907166,0.007489943411201239,0.999151349067688,-0.0002839297812897712,0.0011743047507479787,-0.0006944740889593959,0.9862903952598572,0.14750529825687408,0.04045265167951584
864,10811.0810546875,0.0,-11352.7060546875,-11352.7060546875,11352.703125,11429.46484375,11394.78125,11473.0,11473.0,31.149829864501953,0.0,0.9868337512016296,0.007488703355193138,0.9991550445556641,-0.0002824341063387692,0.0011693837586790323,-0.0006940715829841793,0.9863259792327881,0.14718185365200043,0.040311507880687714
865,10823.591796875,0.0,-11352.8203125,-11352.8203125,11352.81640625,11429.564453125,11394.78125,11473.0,11473.0,31.093149185180664,0.0,0.9868619441986084,0.007487512193620205,0.9991586208343506,-0.0002776305773295462,0.0011647925712168217,-0.0006932932883501053,0.9863594770431519,0.14685964584350586,0.040207505226135254
866,10836.1015625,0.0,-11352.93359375,-11352.93359375,11352.9296875,11429.6630859375,11394.78125,11473.0,11473.0,31.036657333374023,0.0,0.9868900179862976,0.007486371789127588,0.9991621971130371,-0.00027155844145454466,0.0011610654182732105,-0.0006921145250089467,0.9863907694816589,0.1465386301279068,0.040135808289051056
867,10848.6123046875,0.0,-11353.0458984375,-11353.0458984375,11353.04296875,11429.76171875,11394.7890625,11473.0,11473.0,30.980350494384766,0.0,0.986918032169342,0.007485280744731426,0.9991657733917236,-0.00026542393607087433,0.0011580445570871234,-0.0006905255140736699,0.9864205718040466,0.14621888101100922,0.040094539523124695
868,10861.123046875,0.0,-11353.158203125,-11353.158203125,11353.154296875,11429.8603515625,11394.7890625,11473.0,11473.0,30.924224853515625,0.0,0.9869459271430969,0.007484239060431719,0.9991692304611206,-0.000258562620729208,0.0011531987693160772,-0.0006885117036290467,0.9864492416381836,0.14590035378932953,0.04008400812745094
869,10873.6337890625,0.0,-11353.2705078125,-11353.2705078125,11353.2666015625,11429.95703125,11394.796875,11473.0,11473.0,30.868282318115234,0.0,0.9869737029075623,0.007483246736228466,0.9991727471351624,-0.0002525469462852925,0.001147645409218967,-0.0006860715802758932,0.9864766597747803,0.14558306336402893,0.04008694738149643
870,10886.14453125,0.0,-11353.3828125,-11353.3828125,11353.37890625,11430.0546875,11394.8125,11473.0,11473.0,30.81252098083496,0.0,0.9870012998580933,0.007482308428734541,0.9991762042045593,-0.00024357088841497898,0.001143361791037023,-0.0006831960054114461,0.9865033030509949,0.14526700973510742,0.04010821506381035
871,10898.654296875,0.0,-11353.4931640625,-11353.4931640625,11353.490234375,11430.15234375,11394.828125,11473.0,11473.0,30.756940841674805,0.0,0.9870288372039795,0.007481420412659645,0.9991796612739563,-0.0002389509609201923,0.0011383906239643693,-0.0006799057591706514,0.9865284562110901,0.1449521780014038,0.040137823671102524
872,10911.1650390625,0.0,-11353.603515625,-11353.603515625,11353.6015625,11430.248046875,11394.8828125,11473.0,11473.0,30.7015380859375,0.0,0.9870564341545105,0.007480583619326353,0.9991831183433533,-0.00022976334730628878,0.0011353720910847187,-0.0006762277917005122,0.9865546822547913,0.14463858306407928,0.040172092616558075
873,10923.67578125,0.0,-11353.71484375,-11353.71484375,11353.7119140625,11430.3447265625,11394.9140625,11473.0,11473.0,30.646316528320312,0.0,0.9870837330818176,0.0074797989800572395,0.9991864562034607,-0.00022284554142970592,0.0011325832456350327,-0.0006721997633576393,0.9865813851356506,0.14432616531848907,0.04021523520350456
874,10936.1865234375,0.0,-11353.8251953125,-11353.8251953125,11353.822265625,11430.4404296875,11394.953125,11473.0,11473.0,30.591270446777344,0.0,0.9871110320091248,0.00747906556352973,0.9991897940635681,-0.0002175078698201105,0.0011307154782116413,-0.0006678788340650499,0.9866079688072205,0.14401496946811676,0.04025925695896149
875,10948.6962890625,0.0,-11353.935546875,-11353.935546875,11353.931640625,11430.53515625,11394.9921875,11473.0,11473.0,30.53640365600586,0.0,0.9871382117271423,0.007478381972759962,0.9991931319236755,-0.00020966603187844157,0.0011292091803625226,-0.0006633118609897792,0.9866364598274231,0.14370495080947876,0.04030413553118706
876,10961.20703125,0.0,-11354.044921875,-11354.044921875,11354.041015625,11430.630859375,11395.0234375,11473.0,11473.0,30.481712341308594,0.0,0.9871652126312256,0.007477752398699522,0.999196469783783,-0.00020482530817389488,0.001127186231315136,-0.0006585270748473704,0.9866646528244019,0.14339609444141388,0.04035370424389839
877,10973.7177734375,0.0,-11354.154296875,-11354.154296875,11354.150390625,11430.7255859375,11395.0390625,11473.0,11473.0,30.427194595336914,0.0,0.9871922135353088,0.007477175444364548,0.9991998076438904,-0.00019851647084578872,0.0011255615390837193,-0.0006535443244501948,0.9866923093795776,0.14308840036392212,0.04040227457880974
878,10986.228515625,0.0,-11354.2626953125,-11354.2626953125,11354.259765625,11430.8193359375,11395.0546875,11473.0,11473.0,30.372852325439453,0.0,0.9872191548347473,0.00747664924710989,0.9992030262947083,-0.00019111484289169312,0.0011232056422159076,-0.0006483645411208272,0.9867194890975952,0.14278186857700348,0.040445514023303986
879,10998.73828125,0.0,-11354.3720703125,-11354.3720703125,11354.369140625,11430.9130859375,11395.0625,11473.0,11473.0,30.318683624267578,0.0,0.9872459173202515,0.007476174738258123,0.9992062449455261,-0.00018855104281101376,0.0011214491678401828,-0.0006429812056012452,0.9867458939552307,0.14247646927833557,0.04048268869519234
880,11011.2490234375,0.0,-11354.4794921875,-11354.4794921875,11354.4765625,11431.0068359375,11395.0859375,11473.0,11473.0,30.264684677124023,0.0,0.9872726202011108,0.007475753780454397,0.9992094039916992,-0.0001799739256966859,0.0011191167868673801,-0.0006373905926011503,0.9867721199989319,0.1421722024679184,0.040514301508665085
881,11023.759765625,0.0,-11354.587890625,-11354.587890625,11354.583984375,11431.1005859375,11395.0859375,11473.0,11473.0,30.210857391357422,0.0,0.9872991442680359,0.007475385442376137,0.9992126226425171,-0.00017530717013869435,0.001118115265853703,-0.0006315847858786583,0.9867968559265137,0.14186905324459076,0.04054044187068939
882,11036.2705078125,0.0,-11354.6953125,-11354.6953125,11354.693359375,11431.193359375,11395.1015625,11473.0,11473.0,30.15719985961914,0.0,0.9873257279396057,0.007475069724023342,0.999215841293335,-0.00016823192709125578,0.0011163650779053569,-0.0006255765329115093,0.9868195652961731,0.14156702160835266,0.04055048152804375
883,11048.7802734375,0.0,-11354.802734375,-11354.802734375,11354.80078125,11431.28515625,11395.109375,11473.0,11473.0,30.10371208190918,0.0,0.9873521327972412,0.00747480895370245,0.9992189407348633,-0.0001628750324016437,0.0011154516832903028,-0.0006193759618327022,0.9868409633636475,0.1412660926580429,0.040541134774684906
884,11061.291015625,0.0,-11354.9111328125,-11354.9111328125,11354.908203125,11431.3779296875,11395.140625,11473.0,11473.0,30.050392150878906,0.0,0.9873783588409424,0.007474599871784449,0.9992220401763916,-0.00015791188343428075,0.0011150580830872059,-0.0006130333640612662,0.9868633151054382,0.1409662514925003,0.04051712155342102
885,11073.8017578125,0.0,-11355.0185546875,-11355.0185546875,11355.0146484375,11431.4697265625,11395.171875,11473.0,11473.0,29.99724006652832,0.0,0.9874045848846436,0.007474448066204786,0.9992251396179199,-0.00015040775178931653,0.0011161171132698655,-0.0006065821507945657,0.986886203289032,0.14066749811172485,0.040483154356479645
886,11086.3125,0.0,-11355.125,-11355.125,11355.1220703125,11431.560546875,11395.1875,11473.0,11473.0,29.944252014160156,0.0,0.9874306917190552,0.0074743484146893024,0.9992282390594482,-0.00014532732893712819,0.0011183943133801222,-0.0006000701687298715,0.9869093298912048,0.14036978781223297,0.040440600365400314
887,11098.8232421875,0.0,-11355.232421875,-11355.232421875,11355.228515625,11431.65234375,11395.203125,11473.0,11473.0,29.891429901123047,0.0,0.9874567985534668,0.007474302314221859,0.9992313385009766,-0.00014401176304090768,0.0011192131787538528,-0.0005935351946391165,0.9869327545166016,0.14007315039634705,0.040398165583610535
888,11111.3330078125,0.0,-11355.337890625,-11355.337890625,11355.3349609375,11431.7431640625,11395.2265625,11473.0,11473.0,29.838773727416992,0.0,0.9874826669692993,0.007474310230463743,0.9992343187332153,-0.0001357585861114785,0.0011193930404260755,-0.0005870200111530721,0.9869564771652222,0.1397775113582611,0.04034939035773277
889,11123.84375,0.0,-11355.443359375,-11355.443359375,11355.44140625,11431.8330078125,11395.25,11473.0,11473.0,29.786279678344727,0.0,0.9875085353851318,0.007474374026060104,0.9992374181747437,-0.00013535343168769032,0.0011200681328773499,-0.0005805687978863716,0.9869802594184875,0.13948290050029755,0.04029961675405502
890,11136.3544921875,0.0,-11355.5498046875,-11355.5498046875,11355.546875,11431.923828125,11395.2890625,11473.0,11473.0,29.73394775390625,0.0,0.98753422498703,0.007474489975720644,0.9992403984069824,-0.00012921271263621747,0.0011211795499548316,-0.0005742291687056422,0.9870045185089111,0.13918925821781158,0.040258560329675674
891,11148.865234375,0.0,-11355.65625,-11355.65625,11355.65234375,11432.013671875,11395.3203125,11473.0,11473.0,29.68177604675293,0.0,0.987559974193573,0.007474664133042097,0.9992433786392212,-0.0001304629840888083,0.0011234336998313665,-0.0005680563044734299,0.987030565738678,0.13889659941196442,0.04023422673344612
892,11161.375,0.0,-11355.759765625,-11355.759765625,11355.7578125,11432.1025390625,11395.3515625,11473.0,11473.0,29.62976837158203,0.0,0.9875854253768921,0.0074748932383954525,0.9992462396621704,-0.00012665927351918072,0.0011252481490373611,-0.000562113884370774,0.987057626247406,0.13860489428043365,0.040224459022283554
893,11173.8857421875,0.0,-11355.865234375,-11355.865234375,11355.86328125,11432.19140625,11395.3671875,11473.0,11473.0,29.577917098999023,0.0,0.987610936164856,0.007475176360458136,0.9992491602897644,-0.0001247295003850013,0.0011269316310063004,-0.0005564720486290753,0.987084686756134,0.1383141279220581,0.040233440697193146
894,11186.396484375,0.0,-11355.970703125,-11355.970703125,11355.966796875,11432.2802734375,11395.375,11473.0,11473.0,29.526226043701172,0.0,0.9876363277435303,0.0074755167588591576,0.9992520213127136,-0.00012459223216865212,0.0011287787929177284,-0.0005511964554898441,0.9871125817298889,0.13802427053451538,0.0402621254324913
895,11198.9072265625,0.0,-11356.0751953125,-11356.0751953125,11356.072265625,11432.369140625,11395.375,11473.0,11473.0,29.474693298339844,0.0,0.9876615405082703,0.007475912105292082,0.9992550015449524,-0.0001240194687852636,0.0011305370135232806,-0.0005463278503157198,0.9871387481689453,0.13773533701896667,0.04031575098633766
896,11211.4169921875,0.0,-11356.1796875,-11356.1796875,11356.17578125,11432.45703125,11395.375,11473.0,11473.0,29.423316955566406,0.0,0.9876867532730103,0.007476365193724632,0.9992578625679016,-0.00012316992797423154,0.0011320895282551646,-0.0005418829969130456,0.9871627688407898,0.1374473124742508,0.040391433984041214
897,11223.927734375,0.0,-11356.283203125,-11356.283203125,11356.279296875,11432.544921875,11395.3828125,11473.0,11473.0,29.372098922729492,0.0,0.9877119064331055,0.007476875092834234,0.9992606043815613,-0.00012330088065937161,0.0011328266700729728,-0.0005378564237616956,0.9871855974197388,0.13716019690036774,0.040480855852365494
898,11236.4384765625,0.0,-11356.38671875,-11356.38671875,11356.3828125,11432.6328125,11395.390625,11473.0,11473.0,29.32103729248047,0.0,0.9877368807792664,0.007477437611669302,0.9992634654045105,-0.00012214540038257837,0.001132560078985989,-0.0005342306685633957,0.9872068762779236,0.1368740051984787,0.04057851806282997
899,11248.94921875,0.0,-11356.490234375,-11356.490234375,11356.486328125,11432.7197265625,11395.3984375,11473.0,11473.0,29.27012825012207,0.0,0.9877617955207825,0.007478056941181421,0.9992663264274597,-0.00012204758240841329,0.001132280332967639,-0.0005309832631610334,0.9872271418571472,0.13658873736858368,0.04067986086010933
900,11261.458984375,0.0,-11356.5927734375,-11356.5927734375,11356.58984375,11432.806640625,11395.4140625,11473.0,11473.0,29.219371795654297,0.0,0.987786591053009,0.007478736340999603,0.9992690682411194,-0.0001217780081788078,0.0011298571480438113,-0.0005280931363813579,0.9872474670410156,0.13630443811416626,0.040782198309898376
901,11273.9697265625,0.0,-11356.6953125,-11356.6953125,11356.693359375,11432.892578125,11395.4296875,11473.0,11473.0,29.16876983642578,0.0,0.9878113865852356,0.007479472551494837,0.999271810054779,-0.00012006590986857191,0.0011275094002485275,-0.000525541661772877,0.9872671365737915,0.13602109253406525,0.04087604954838753
902,11286.48046875,0.0,-11356.7978515625,-11356.7978515625,11356.794921875,11432.9794921875,11395.4765625,11473.0,11473.0,29.11832046508789,0.0,0.9878360033035278,0.007480265572667122,0.9992745518684387,-0.00011833638563985005,0.0011240072781220078,-0.0005233045667409897,0.9872875809669495,0.13573874533176422,0.04095964506268501
903,11298.9912109375,0.0,-11356.900390625,-11356.900390625,11356.8974609375,11433.0654296875,11395.484375,11473.0,11473.0,29.068021774291992,0.0,0.9878605604171753,0.0074811154045164585,0.9992772936820984,-0.0001179673126898706,0.0011200803564861417,-0.0005213636322878301,0.9873096942901611,0.13545742630958557,0.041023463010787964
904,11311.5009765625,0.0,-11357.001953125,-11357.001953125,11356.998046875,11433.1513671875,11395.546875,11473.0,11473.0,29.017871856689453,0.0,0.9878851175308228,0.007482022512704134,0.9992800354957581,-0.00011524245928740129,0.0011156282853335142,-0.0005197033751755953,0.9873324632644653,0.1351771056652069,0.04106608033180237
905,11324.01171875,0.0,-11357.1025390625,-11357.1025390625,11357.099609375,11433.236328125,11395.5546875,11473.0,11473.0,28.967872619628906,0.0,0.9879094362258911,0.0074829887598752975,0.9992827773094177,-0.00011244382767472416,0.001111784833483398,-0.0005183355533517897,0.9873583912849426,0.1348978728055954,0.04108550027012825
906,11336.5224609375,0.0,-11357.203125,-11357.203125,11357.201171875,11433.3212890625,11395.5859375,11473.0,11473.0,28.91802215576172,0.0,0.9879338145256042,0.0074840122833848,0.9992853999137878,-0.0001118084037443623,0.00110799225512892,-0.0005172676756046712,0.9873844981193542,0.13461968302726746,0.04108073562383652
907,11349.033203125,0.0,-11357.3037109375,-11357.3037109375,11357.30078125,11433.40625,11395.5859375,11473.0,11473.0,28.86831283569336,0.0,0.9879578948020935,0.007485095411539078,0.999288022518158,-0.00010811971151269972,0.0011048392625525594,-0.0005164962494745851,0.9874117970466614,0.13434259593486786,0.04104429483413696
908,11361.5439453125,0.0,-11357.404296875,-11357.404296875,11357.400390625,11433.490234375,11395.6171875,11473.0,11473.0,28.818756103515625,0.0,0.9879821538925171,0.007486236747354269,0.9992905855178833,-0.00010643811401678249,0.0011005880078300834,-0.0005160117871128023,0.9874398112297058,0.13406658172607422,0.040980610996484756
909,11374.0537109375,0.0,-11357.50390625,-11357.50390625,11357.5,11433.57421875,11395.6328125,11473.0,11473.0,28.76934051513672,0.0,0.9880061745643616,0.007487437687814236,0.9992932081222534,-0.00010371315875090659,0.0010963031090795994,-0.0005158137646503747,0.9874682426452637,0.13379162549972534,0.040895599871873856
910,11386.564453125,0.0,-11357.6025390625,-11357.6025390625,11357.599609375,11433.658203125,11395.6484375,11473.0,11473.0,28.720069885253906,0.0,0.9880301356315613,0.00748869962990284,0.9992958307266235,-0.00010201582335866988,0.0010915491729974747,-0.0005158983985893428,0.9874971508979797,0.13351774215698242,0.0407809354364872
911,11399.0751953125,0.0,-11357.701171875,-11357.701171875,11357.6982421875,11433.7421875,11395.671875,11473.0,11473.0,28.67094612121582,0.0,0.988054096698761,0.007490017917007208,0.9992984533309937,-0.00010162187390960753,0.0010878911707550287,-0.0005162706947885454,0.9875258207321167,0.13324491679668427,0.040645066648721695
912,11411.5859375,0.0,-11357.798828125,-11357.798828125,11357.796875,11433.8251953125,11395.6953125,11473.0,11473.0,28.621967315673828,0.0,0.9880779981613159,0.007491397205740213,0.9993009567260742,-9.986785880755633e-05,0.0010827960213646293,-0.0005169237265363336,0.9875538349151611,0.1329730898141861,0.04050210118293762
913,11424.095703125,0.0,-11357.896484375,-11357.896484375,11357.89453125,11433.908203125,11395.7265625,11473.0,11473.0,28.573129653930664,0.0,0.9881016612052917,0.007492837030440569,0.9993035793304443,-9.824693552218378e-05,0.0010778479045256972,-0.0005178667488507926,0.9875826239585876,0.13270223140716553,0.04034481197595596
914,11436.6064453125,0.0,-11357.994140625,-11357.994140625,11357.9921875,11433.9912109375,11395.75,11473.0,11473.0,28.524438858032227,0.0,0.9881252646446228,0.0074943373911082745,0.9993060827255249,-9.860560385277495e-05,0.001072681974619627,-0.0005191023810766637,0.9876113533973694,0.13243228197097778,0.04018311947584152
915,11449.1171875,0.0,-11358.091796875,-11358.091796875,11358.0888671875,11434.0732421875,11395.796875,11473.0,11473.0,28.475893020629883,0.0,0.9881488680839539,0.007495897356420755,0.9993085861206055,-9.813652286538854e-05,0.001067244098521769,-0.0005206332425586879,0.9876421689987183,0.13216319680213928,0.040018171072006226
916,11461.6279296875,0.0,-11358.189453125,-11358.189453125,11358.185546875,11434.1552734375,11395.8046875,11473.0,11473.0,28.42749786376953,0.0,0.9881723523139954,0.007497518789023161,0.999311089515686,-9.69745815382339e-05,0.0010626730509102345,-0.0005224662600085139,0.9876736402511597,0.13189490139484406,0.039850495755672455
917,11474.1376953125,0.0,-11358.28515625,-11358.28515625,11358.2822265625,11434.2373046875,11395.8515625,11473.0,11473.0,28.379241943359375,0.0,0.9881957173347473,0.007499201223254204,0.9993135929107666,-9.763164416654035e-05,0.0010568618308752775,-0.0005246195360086858,0.987707257270813,0.13162730634212494,0.03968970477581024
918,11486.6484375,0.0,-11358.380859375,-11358.380859375,11358.37890625,11434.318359375,11395.8515625,11473.0,11473.0,28.331138610839844,0.0,0.9882190227508545,0.007500944659113884,0.9993160963058472,-9.753147605806589e-05,0.0010506308171898127,-0.0005271006375551224,0.9877397418022156,0.13136036694049835,0.03953627496957779
919,11499.1591796875,0.0,-11358.4765625,-11358.4765625,11358.474609375,11434.400390625,11395.8671875,11473.0,11473.0,28.283180236816406,0.0,0.9882423281669617,0.007502747233957052,0.9993184804916382,-9.518701699562371e-05,0.0010457884054630995,-0.0005299202748574317,0.9877723455429077,0.13109399378299713,0.039393533021211624
920,11511.669921875,0.0,-11358.572265625,-11358.572265625,11358.5703125,11434.4814453125,11395.8828125,11473.0,11473.0,28.235366821289062,0.0,0.9882654547691345,0.007504615467041731,0.9993209838867188,-9.588038665242493e-05,0.0010407520458102226,-0.0005330872372724116,0.9878057837486267,0.1308281421661377,0.039280422031879425
921,11524.1796875,0.0,-11358.66796875,-11358.66796875,11358.6650390625,11434.5615234375,11395.8828125,11473.0,11473.0,28.18770408630371,0.0,0.988288402557373,0.007506543770432472,0.9993233680725098,-9.497022983850911e-05,0.0010352296521887183,-0.0005366043769754469,0.9878374934196472,0.13056276738643646,0.039187416434288025
922,11536.6904296875,0.0,-11358.76171875,-11358.76171875,11358.759765625,11434.642578125,11395.8828125,11473.0,11473.0,28.140186309814453,0.0,0.9883114695549011,0.0075085340067744255,0.9993257522583008,-9.434294770471752e-05,0.0010295065585523844,-0.0005404655239544809,0.9878674149513245,0.13029783964157104,0.03911739960312843
923,11549.201171875,0.0,-11358.857421875,-11358.857421875,11358.85546875,11434.72265625,11395.8828125,11473.0,11473.0,28.092817306518555,0.0,0.9883342385292053,0.00751058803871274,0.9993281364440918,-9.386493911733851e-05,0.0010231237392872572,-0.000544665555935353,0.9878955483436584,0.13003331422805786,0.03906968608498573
924,11561.7119140625,0.0,-11358.951171875,-11358.951171875,11358.94921875,11434.802734375,11395.8828125,11473.0,11473.0,28.045595169067383,0.0,0.9883570671081543,0.007512703072279692,0.9993305206298828,-9.403574949828908e-05,0.001017339644022286,-0.0005491886404342949,0.9879227876663208,0.1297691911458969,0.039045024663209915
925,11574.2216796875,0.0,-11359.044921875,-11359.044921875,11359.04296875,11434.8818359375,11395.890625,11473.0,11473.0,27.998516082763672,0.0,0.9883797764778137,0.007514882832765579,0.999332845211029,-9.415629756404087e-05,0.0010120701044797897,-0.0005540130077861249,0.9879487156867981,0.12950550019741058,0.03904654458165169
926,11586.732421875,0.0,-11359.1396484375,-11359.1396484375,11359.13671875,11434.9609375,11395.8984375,11473.0,11473.0,27.951587677001953,0.0,0.9884023666381836,0.007517123129218817,0.9993352293968201,-9.35510906856507e-05,0.001007949816994369,-0.0005591180524788797,0.9879734516143799,0.12924222648143768,0.03907102718949318
927,11599.2431640625,0.0,-11359.2333984375,-11359.2333984375,11359.23046875,11435.0400390625,11395.921875,11473.0,11473.0,27.904800415039062,0.0,0.9884249567985535,0.007519429549574852,0.9993374943733215,-9.484924521530047e-05,0.0010036234743893147,-0.0005644866032525897,0.9879963994026184,0.12897942960262299,0.03912462294101715
928,11611.75390625,0.0,-11359.326171875,-11359.326171875,11359.32421875,11435.119140625,11395.921875,11473.0,11473.0,27.858158111572266,0.0,0.988447368144989,0.007521799299865961,0.9993398785591125,-9.460689034312963e-05,0.0010002033086493611,-0.0005700959009118378,0.9880197048187256,0.1287171095609665,0.03920470550656319
929,11624.2646484375,0.0,-11359.419921875,-11359.419921875,11359.41796875,11435.197265625,11395.921875,11473.0,11473.0,27.81165885925293,0.0,0.9884697794914246,0.007524235174059868,0.999342143535614,-9.580858022673056e-05,0.000995166483335197,-0.0005759227788075805,0.9880408048629761,0.12845535576343536,0.03931303322315216
930,11636.7744140625,0.0,-11359.5126953125,-11359.5126953125,11359.5107421875,11435.275390625,11395.921875,11473.0,11473.0,27.765300750732422,0.0,0.988491952419281,0.007526732049882412,0.9993444085121155,-9.531056275591254e-05,0.000989947933703661,-0.0005819455254822969,0.9880598187446594,0.1281941831111908,0.03944721072912216
931,11649.28515625,0.0,-11359.60546875,-11359.60546875,11359.603515625,11435.353515625,11395.9609375,11473.0,11473.0,27.719087600708008,0.0,0.9885141253471375,0.0075292931869626045,0.9993466734886169,-9.623522055335343e-05,0.000984053942374885,-0.0005881200777366757,0.9880793690681458,0.12793366611003876,0.0396079421043396
932,11661.7958984375,0.0,-11359.697265625,-11359.697265625,11359.6953125,11435.431640625,11395.96875,11473.0,11473.0,27.673011779785156,0.0,0.9885362982749939,0.007531920447945595,0.9993489384651184,-9.567903907736763e-05,0.0009793214267119765,-0.0005944116855971515,0.9880977272987366,0.12767381966114044,0.03979046642780304
933,11674.306640625,0.0,-11359.791015625,-11359.791015625,11359.7890625,11435.5087890625,11396.0078125,11473.0,11473.0,27.6270751953125,0.0,0.9885583519935608,0.007534611038863659,0.9993512034416199,-9.58245582296513e-05,0.0009748500306159258,-0.0006007786141708493,0.988116443157196,0.1274147480726242,0.04000028222799301
934,11686.81640625,0.0,-11359.8837890625,-11359.8837890625,11359.8818359375,11435.5859375,11396.015625,11473.0,11473.0,27.581275939941406,0.0,0.9885802865028381,0.0075373719446361065,0.9993533492088318,-9.719758963910863e-05,0.0009709012811072171,-0.0006071912357583642,0.988135039806366,0.12715646624565125,0.04022815451025963
935,11699.3271484375,0.0,-11359.974609375,-11359.974609375,11359.97265625,11435.6630859375,11396.046875,11473.0,11473.0,27.535615921020508,0.0,0.9886022210121155,0.0075401971116662025,0.9993556141853333,-9.459639113629237e-05,0.000967849453445524,-0.000613624055404216,0.9881538152694702,0.12689901888370514,0.04047372564673424
936,11711.837890625,0.0,-11360.06640625,-11360.06640625,11360.064453125,11435.7392578125,11396.078125,11473.0,11473.0,27.490087509155273,0.0,0.988624095916748,0.007543087936937809,0.9993577599525452,-9.558554302202538e-05,0.0009663896635174751,-0.0006200649659149349,0.9881752729415894,0.12664246559143066,0.04073677211999893
937,11724.3486328125,0.0,-11360.158203125,-11360.158203125,11360.15625,11435.8154296875,11396.0859375,11473.0,11473.0,27.44469451904297,0.0,0.9886457324028015,0.007546044420450926,0.9993600249290466,-9.379545372212306e-05,0.0009655162575654685,-0.000626506342086941,0.98819500207901,0.1263868510723114,0.04101290926337242
938,11736.8583984375,0.0,-11360.25,-11360.25,11360.248046875,11435.8916015625,11396.1484375,11473.0,11473.0,27.399433135986328,0.0,0.9886674284934998,0.007549069356173277,0.9993621706962585,-9.378235699841753e-05,0.0009655715548433363,-0.0006329356110654771,0.9882159233093262,0.12613219022750854,0.04130389168858528
939,11749.369140625,0.0,-11360.3408203125,-11360.3408203125,11360.3388671875,11435.9677734375,11396.15625,11473.0,11473.0,27.354299545288086,0.0,0.988689124584198,0.007552160415798426,0.9993643164634705,-9.211197175318375e-05,0.0009653447195887566,-0.0006393457879312336,0.9882394075393677,0.12587852776050568,0.04161125421524048
940,11761.8798828125,0.0,-11360.4326171875,-11360.4326171875,11360.4306640625,11436.04296875,11396.1875,11473.0,11473.0,27.309297561645508,0.0,0.9887105822563171,0.007555317133665085,0.9993664622306824,-9.18204095796682e-05,0.0009661142248660326,-0.0006457234849222004,0.9882624745368958,0.12562589347362518,0.0419253334403038
941,11774.390625,0.0,-11360.5234375,-11360.5234375,11360.521484375,11436.119140625,11396.203125,11473.0,11473.0,27.264423370361328,0.0,0.9887320399284363,0.007558543235063553,0.9993686079978943,-9.245915134670213e-05,0.0009657941409386694,-0.0006520573515444994,0.988286018371582,0.12537428736686707,0.042251601815223694
942,11786.900390625,0.0,-11360.61328125,-11360.61328125,11360.611328125,11436.1943359375,11396.21875,11473.0,11473.0,27.21967315673828,0.0,0.9887534976005554,0.007561837788671255,0.9993707537651062,-9.125957876676694e-05,0.0009662408847361803,-0.0006583333015441895,0.988308310508728,0.12512372434139252,0.04257679730653763
943,11799.4111328125,0.0,-11360.705078125,-11360.705078125,11360.703125,11436.2685546875,11396.2265625,11473.0,11473.0,27.175048828125,0.0,0.988774836063385,0.007565198931843042,0.9993728995323181,-9.185614180751145e-05,0.0009670689469203353,-0.0006645327666774392,0.9883306622505188,0.12487423419952393,0.04290350526571274
944,11811.921875,0.0,-11360.7958984375,-11360.7958984375,11360.7939453125,11436.34375,11396.2265625,11473.0,11473.0,27.13054847717285,0.0,0.9887961149215698,0.007568628992885351,0.9993749260902405,-9.310902532888576e-05,0.0009661297081038356,-0.000670640089083463,0.9883529543876648,0.1246257945895195,0.04322706535458565
945,11824.4326171875,0.0,-11360.88671875,-11360.88671875,11360.884765625,11436.41796875,11396.265625,11473.0,11473.0,27.086166381835938,0.0,0.9888173937797546,0.0075721293687820435,0.9993770718574524,-9.282297833124176e-05,0.0009658306371420622,-0.0006766397855244577,0.9883752465248108,0.12437839806079865,0.043536920100450516
946,11836.943359375,0.0,-11360.9775390625,-11360.9775390625,11360.9755859375,11436.4921875,11396.2734375,11473.0,11473.0,27.04190444946289,0.0,0.9888384938240051,0.007575695402920246,0.99937903881073,-9.224237874150276e-05,0.000964982493314892,-0.0006825131131336093,0.988398551940918,0.12413202971220016,0.043835170567035675
947,11849.453125,0.0,-11361.0673828125,-11361.0673828125,11361.0654296875,11436.56640625,11396.296875,11473.0,11473.0,26.99776268005371,0.0,0.9888597130775452,0.007579331286251545,0.9993810653686523,-9.427700570086017e-05,0.000964796228799969,-0.0006882496527396142,0.9884213209152222,0.12388669699430466,0.04411620274186134
948,11861.9638671875,0.0,-11361.158203125,-11361.158203125,11361.15625,11436.6396484375,11396.296875,11473.0,11473.0,26.953739166259766,0.0,0.9888806939125061,0.007583037484437227,0.9993830919265747,-9.124701318796724e-05,0.0009645847021602094,-0.0006938265869393945,0.9884428381919861,0.12364234775304794,0.04437330365180969
949,11874.474609375,0.0,-11361.248046875,-11361.248046875,11361.24609375,11436.712890625,11396.3203125,11473.0,11473.0,26.909828186035156,0.0,0.9889017939567566,0.007586813997477293,0.9993852376937866,-9.177738684229553e-05,0.0009662977536208928,-0.0006992392591200769,0.9884631633758545,0.12339900434017181,0.044606536626815796
950,11886.9853515625,0.0,-11361.337890625,-11361.337890625,11361.3359375,11436.7861328125,11396.34375,11473.0,11473.0,26.866031646728516,0.0,0.9889227151870728,0.00759065942838788,0.999387264251709,-8.946524030761793e-05,0.0009676677291281521,-0.0007044863305054605,0.9884840250015259,0.1231565997004509,0.04482274129986763
951,11899.4951171875,0.0,-11361.427734375,-11361.427734375,11361.42578125,11436.859375,11396.390625,11473.0,11473.0,26.82235336303711,0.0,0.9889436364173889,0.00759457889944315,0.9993891716003418,-9.046559716807678e-05,0.0009686538251116872,-0.0007095746695995331,0.988504946231842,0.122915118932724,0.04500913619995117
952,11912.005859375,0.0,-11361.5166015625,-11361.5166015625,11361.5146484375,11436.931640625,11396.40625,11473.0,11473.0,26.77878189086914,0.0,0.9889643788337708,0.0075985705479979515,0.9993911981582642,-8.805951074464247e-05,0.0009691533050499856,-0.0007145097479224205,0.9885268807411194,0.12267453968524933,0.045164912939071655
953,11924.5166015625,0.0,-11361.60546875,-11361.60546875,11361.603515625,11437.00390625,11396.4140625,11473.0,11473.0,26.735328674316406,0.0,0.9889852404594421,0.007602630648761988,0.9993932247161865,-8.75486439326778e-05,0.0009701052331365645,-0.0007192850462161005,0.9885478019714355,0.1224348247051239,0.045285433530807495
954,11937.02734375,0.0,-11361.6953125,-11361.6953125,11361.693359375,11437.076171875,11396.4296875,11473.0,11473.0,26.691984176635742,0.0,0.9890059232711792,0.007606762461364269,0.9993951320648193,-8.887505100574344e-05,0.0009710768354125321,-0.0007238822872750461,0.9885680079460144,0.12219594419002533,0.04536550119519234
955,11949.537109375,0.0,-11361.7841796875,-11361.7841796875,11361.7822265625,11437.1484375,11396.4453125,11473.0,11473.0,26.64875030517578,0.0,0.9890266060829163,0.007610967382788658,0.9993971586227417,-8.506534504704177e-05,0.0009724830742925406,-0.0007282911101356149,0.9885886311531067,0.12195788323879242,0.04540824890136719
956,11962.0478515625,0.0,-11361.87109375,-11361.87109375,11361.869140625,11437.2197265625,11396.515625,11473.0,11473.0,26.605627059936523,0.0,0.9890472292900085,0.007615243550390005,0.9993990659713745,-8.609375800006092e-05,0.0009738006046973169,-0.0007324976031668484,0.9886080622673035,0.12172059714794159,0.045412831008434296
957,11974.55859375,0.0,-11361.9609375,-11361.9609375,11361.958984375,11437.291015625,11396.5625,11473.0,11473.0,26.5626163482666,0.0,0.9890679121017456,0.007619594223797321,0.9994010925292969,-8.452709880657494e-05,0.0009750343160703778,-0.0007364862831309438,0.9886295795440674,0.12148407846689224,0.04537497088313103
958,11987.0693359375,0.0,-11362.048828125,-11362.048828125,11362.046875,11437.36328125,11396.5625,11473.0,11473.0,26.519712448120117,0.0,0.9890884160995483,0.007624015677720308,0.9994029998779297,-8.488542516715825e-05,0.0009768210584297776,-0.000740240968298167,0.9886499047279358,0.12124829739332199,0.04529614746570587
959,11999.5791015625,0.0,-11362.13671875,-11362.13671875,11362.134765625,11437.43359375,11396.5625,11473.0,11473.0,26.47692108154297,0.0,0.9891088604927063,0.007628512103110552,0.9994049072265625,-8.434319897787645e-05,0.0009793572826310992,-0.0007437409949488938,0.9886679649353027,0.12101323902606964,0.04517852142453194
960,12012.08984375,0.0,-11362.224609375,-11362.224609375,11362.22265625,11437.5048828125,11396.5625,11473.0,11473.0,26.43423843383789,0.0,0.9891293048858643,0.0076330844312906265,0.9994068145751953,-8.385417459066957e-05,0.0009811389027163386,-0.0007469597039744258,0.9886840581893921,0.1207788810133934,0.04502174258232117
961,12024.6005859375,0.0,-11362.3115234375,-11362.3115234375,11362.3095703125,11437.5751953125,11396.5859375,11473.0,11473.0,26.391666412353516,0.0,0.9891496896743774,0.007637726608663797,0.9994087219238281,-8.228620572481304e-05,0.0009831500938162208,-0.0007498717750422657,0.9886987209320068,0.12054522335529327,0.04482538253068924
962,12037.111328125,0.0,-11362.3984375,-11362.3984375,11362.396484375,11437.6455078125,11396.6171875,11473.0,11473.0,26.349205017089844,0.0,0.9891699552536011,0.007642444223165512,0.9994106292724609,-8.36989056551829e-05,0.0009840517304837704,-0.0007524507818743587,0.9887136816978455,0.12031224370002747,0.04459443315863609
963,12049.62109375,0.0,-11362.4853515625,-11362.4853515625,11362.4833984375,11437.7158203125,11396.640625,11473.0,11473.0,26.306854248046875,0.0,0.9891902804374695,0.007647237740457058,0.9994124174118042,-8.195359259843826e-05,0.0009861071594059467,-0.0007546755368821323,0.9887301325798035,0.12007993459701538,0.04433443397283554
964,12062.1318359375,0.0,-11362.572265625,-11362.572265625,11362.5703125,11437.78515625,11396.6796875,11473.0,11473.0,26.26461410522461,0.0,0.9892104864120483,0.007652105763554573,0.999414324760437,-8.027708099689335e-05,0.000989051884971559,-0.0007565381238237023,0.9887480139732361,0.11984830349683762,0.04405825585126877
965,12074.642578125,0.0,-11362.6591796875,-11362.6591796875,11362.6572265625,11437.85546875,11396.6796875,11473.0,11473.0,26.222484588623047,0.0,0.9892306327819824,0.007657050620764494,0.9994162321090698,-7.939476199680939e-05,0.0009920159354805946,-0.000758061942178756,0.9887652397155762,0.11961732804775238,0.04377192631363869
966,12087.1533203125,0.0,-11362.74609375,-11362.74609375,11362.744140625,11437.9248046875,11396.7265625,11473.0,11473.0,26.180465698242188,0.0,0.9892507791519165,0.007662070915102959,0.9994180202484131,-7.660231494810432e-05,0.0009950468083843589,-0.0007592717302031815,0.9887829422950745,0.11938700824975967,0.04347336292266846
967,12099.6640625,0.0,-11362.8310546875,-11362.8310546875,11362.8291015625,11437.994140625,11396.7578125,11473.0,11473.0,26.138561248779297,0.0,0.9892707467079163,0.007667165249586105,0.9994198083877563,-7.434187136823311e-05,0.0009972035186365247,-0.0007602139376103878,0.9888037443161011,0.1191573515534401,0.043175067752599716
968,12112.173828125,0.0,-11362.916015625,-11362.916015625,11362.9140625,11438.0625,11396.7578125,11473.0,11473.0,26.096763610839844,0.0,0.9892908334732056,0.007672337349504232,0.9994217157363892,-7.254295633174479e-05,0.0009991010883823037,-0.0007609259337186813,0.9888233542442322,0.11892836540937424,0.042882535606622696
969,12124.6845703125,0.0,-11363.001953125,-11363.001953125,11363.0,11438.1318359375,11396.7734375,11473.0,11473.0,26.05508041381836,0.0,0.9893107414245605,0.0076775881461799145,0.9994235038757324,-7.028837717371061e-05,0.001001749187707901,-0.0007614215137436986,0.9888429641723633,0.1187000647187233,0.04260125383734703
970,12137.1953125,0.0,-11363.087890625,-11363.087890625,11363.0859375,11438.2001953125,11396.796875,11473.0,11473.0,26.013507843017578,0.0,0.9893305897712708,0.007682915776968002,0.9994252920150757,-6.689831207040697e-05,0.0010033069411292672,-0.0007616801303811371,0.9888636469841003,0.11847246438264847,0.04234229028224945
971,12149.7060546875,0.0,-11363.171875,-11363.171875,11363.169921875,11438.2685546875,11396.8046875,11473.0,11473.0,25.9720458984375,0.0,0.9893504977226257,0.007688320707529783,0.999427080154419,-6.548938108608127e-05,0.0010034953011199832,-0.0007616594084538519,0.9888842701911926,0.11824557930231094,0.042099080979824066
972,12162.2158203125,0.0,-11363.255859375,-11363.255859375,11363.25390625,11438.3369140625,11396.8046875,11473.0,11473.0,25.930694580078125,0.0,0.9893702268600464,0.007693803869187832,0.9994288086891174,-6.346314330585301e-05,0.0010034097358584404,-0.0007613140041939914,0.9889036417007446,0.11801941692829132,0.041865747421979904
973,12174.7265625,0.0,-11363.341796875,-11363.341796875,11363.33984375,11438.404296875,11396.8203125,11473.0,11473.0,25.88945770263672,0.0,0.9893900156021118,0.007699364796280861,0.9994305968284607,-6.246646080398932e-05,0.0010035140439867973,-0.0007606141152791679,0.9889213442802429,0.1177939847111702,0.04164095222949982
974,12187.2373046875,0.0,-11363.42578125,-11363.42578125,11363.423828125,11438.47265625,11396.84375,11473.0,11473.0,25.84832763671875,0.0,0.9894096255302429,0.0077050067484378815,0.999432384967804,-6.010976358084008e-05,0.001003057579509914,-0.0007595430361106992,0.9889391660690308,0.11756931990385056,0.04143141955137253
975,12199.748046875,0.0,-11363.509765625,-11363.509765625,11363.5078125,11438.5390625,11396.84375,11473.0,11473.0,25.807310104370117,0.0,0.9894292950630188,0.007710726466029882,0.9994340538978577,-5.716752275475301e-05,0.0010034210281446576,-0.0007580975070595741,0.9889556169509888,0.1173454225063324,0.04123234376311302
976,12212.2578125,0.0,-11363.5927734375,-11363.5927734375,11363.5908203125,11438.607421875,11396.8671875,11473.0,11473.0,25.766403198242188,0.0,0.9894488453865051,0.007716524880379438,0.9994358420372009,-5.8199882914777845e-05,0.0010040819179266691,-0.0007562823593616486,0.9889717102050781,0.11712231487035751,0.04104983061552048
977,12224.7685546875,0.0,-11363.67578125,-11363.67578125,11363.673828125,11438.673828125,11396.890625,11473.0,11473.0,25.725605010986328,0.0,0.9894683361053467,0.0077224052511155605,0.9994376301765442,-5.642652467940934e-05,0.0010048422263935208,-0.0007541197119280696,0.9889883995056152,0.1169000193476677,0.04087748005986214
978,12237.279296875,0.0,-11363.759765625,-11363.759765625,11363.7578125,11438.740234375,11396.9140625,11473.0,11473.0,25.684917449951172,0.0,0.9894878268241882,0.007728367578238249,0.9994392991065979,-5.628708458971232e-05,0.0010044878581538796,-0.0007516467594541609,0.9890053868293762,0.11667853593826294,0.04071079194545746
979,12249.7900390625,0.0,-11363.841796875,-11363.841796875,11363.83984375,11438.8076171875,11396.9296875,11473.0,11473.0,25.644336700439453,0.0,0.989507257938385,0.007734409999102354,0.9994409680366516,-5.4100481065688655e-05,0.0010056450264528394,-0.0007489158306270838,0.9890232682228088,0.11645788699388504,0.04054849594831467
980,12262.2998046875,0.0,-11363.9248046875,-11363.9248046875,11363.9228515625,11438.8740234375,11396.9453125,11473.0,11473.0,25.603866577148438,0.0,0.9895265698432922,0.0077405353076756,0.9994427561759949,-5.440228051156737e-05,0.0010065193055197597,-0.0007459793705493212,0.9890398979187012,0.116238072514534,0.040410593152046204
981,12274.810546875,0.0,-11364.0068359375,-11364.0068359375,11364.0048828125,11438.9404296875,11396.9453125,11473.0,11473.0,25.563505172729492,0.0,0.9895458817481995,0.007746742572635412,0.9994444251060486,-5.345652607502416e-05,0.0010054390877485275,-0.0007428897661156952,0.9890572428703308,0.116019107401371,0.04028528928756714
982,12287.3212890625,0.0,-11364.087890625,-11364.087890625,11364.0859375,11439.005859375,11396.984375,11473.0,11473.0,25.52324867248535,0.0,0.9895651936531067,0.007753031328320503,0.9994460940361023,-5.3816427680430934e-05,0.0010057019535452127,-0.0007396966102533042,0.9890760779380798,0.11580099910497665,0.040166206657886505
983,12299.83203125,0.0,-11364.169921875,-11364.169921875,11364.16796875,11439.072265625,11397.0,11473.0,11473.0,25.48310089111328,0.0,0.9895843863487244,0.007759401574730873,0.999447762966156,-5.0000315241049975e-05,0.001005018362775445,-0.0007364354096353054,0.9890952706336975,0.11558374017477036,0.04006560519337654
984,12312.341796875,0.0,-11364.2509765625,-11364.2509765625,11364.2490234375,11439.1376953125,11397.03125,11473.0,11473.0,25.443058013916016,0.0,0.989603579044342,0.007765854708850384,0.9994494318962097,-5.046709338785149e-05,0.001003812882117927,-0.0007331521483138204,0.9891154766082764,0.1153673529624939,0.039971377700567245
985,12324.8525390625,0.0,-11364.33203125,-11364.33203125,11364.330078125,11439.203125,11397.0546875,11473.0,11473.0,25.403121948242188,0.0,0.9896227121353149,0.007772390265017748,0.9994511008262634,-4.866916424361989e-05,0.0010025838855654001,-0.0007298929267562926,0.9891357421875,0.11515181511640549,0.03988276794552803
986,12337.36328125,0.0,-11364.412109375,-11364.412109375,11364.41015625,11439.267578125,11397.0703125,11473.0,11473.0,25.363292694091797,0.0,0.9896418452262878,0.007779012434184551,0.9994527697563171,-4.675967647926882e-05,0.0009999568574130535,-0.0007267034379765391,0.9891559481620789,0.11493714153766632,0.03980318084359169
987,12349.8740234375,0.0,-11364.4931640625,-11364.4931640625,11364.4912109375,11439.3330078125,11397.0859375,11473.0,11473.0,25.323562622070312,0.0,0.9896607995033264,0.007785717025399208,0.9994544386863708,-4.636630183085799e-05,0.000997766968794167,-0.000723629433196038,0.9891782999038696,0.11472330242395401,0.039726514369249344
988,12362.384765625,0.0,-11364.572265625,-11364.572265625,11364.5703125,11439.3974609375,11397.125,11473.0,11473.0,25.283939361572266,0.0,0.9896798729896545,0.007792509160935879,0.9994561076164246,-4.590037133311853e-05,0.0009959603194147348,-0.0007207058370113373,0.9891993999481201,0.11451031267642975,0.03964954614639282
989,12374.89453125,0.0,-11364.65234375,-11364.65234375,11364.650390625,11439.4619140625,11397.1484375,11473.0,11473.0,25.244417190551758,0.0,0.9896987676620483,0.0077993846498429775,0.9994576573371887,-4.460246782400645e-05,0.0009936165297403932,-0.0007179643143899739,0.9892231822013855,0.11429812759160995,0.03956788033246994
990,12387.4052734375,0.0,-11364.732421875,-11364.732421875,11364.73046875,11439.5263671875,11397.15625,11473.0,11473.0,25.204999923706055,0.0,0.9897176623344421,0.0078063467517495155,0.9994593262672424,-4.745900150737725e-05,0.0009915652917698026,-0.0007154192426241934,0.9892463684082031,0.11408676207065582,0.039483312517404556
991,12399.916015625,0.0,-11364.8125,-11364.8125,11364.810546875,11439.5908203125,11397.15625,11473.0,11473.0,25.165681838989258,0.0,0.9897364377975464,0.007813393138349056,0.9994608759880066,-4.4328182411845773e-05,0.0009899511933326721,-0.0007130813901312649,0.9892682433128357,0.11387617141008377,0.03939912095665932
992,12412.4267578125,0.0,-11364.890625,-11364.890625,11364.888671875,11439.654296875,11397.2109375,11473.0,11473.0,25.12646484375,0.0,0.9897553324699402,0.00782052706927061,0.9994625449180603,-5.005518323741853e-05,0.0009868083288893104,-0.0007109558209776878,0.9892910718917847,0.11366633325815201,0.03930404409766197
993,12424.9365234375,0.0,-11364.96875,-11364.96875,11364.966796875,11439.71875,11397.21875,11473.0,11473.0,25.08734893798828,0.0,0.9897739887237549,0.00782774854451418,0.9994640946388245,-4.90646852995269e-05,0.0009841697756201029,-0.0007090388098731637,0.9893151521682739,0.11345723271369934,0.03919753432273865
994,12437.447265625,0.0,-11365.046875,-11365.046875,11365.044921875,11439.7822265625,11397.234375,11473.0,11473.0,25.04833221435547,0.0,0.9897927641868591,0.00783505942672491,0.9994656443595886,-5.197094287723303e-05,0.0009815811645239592,-0.0007073201122693717,0.9893389940261841,0.11324881762266159,0.0390884168446064
995,12449.9580078125,0.0,-11365.125,-11365.125,11365.123046875,11439.845703125,11397.2421875,11473.0,11473.0,25.009416580200195,0.0,0.9898115396499634,0.007842456921935081,0.9994673132896423,-5.547612454392947e-05,0.0009788991883397102,-0.0007057784241624177,0.9893620014190674,0.11304108053445816,0.03897365927696228
996,12462.46875,0.0,-11365.203125,-11365.203125,11365.201171875,11439.908203125,11397.2578125,11473.0,11473.0,24.970600128173828,0.0,0.9898300766944885,0.00784994475543499,0.9994688630104065,-5.7444263802608475e-05,0.0009752054465934634,-0.0007043921505101025,0.9893844127655029,0.11283395439386368,0.03885433077812195
997,12474.978515625,0.0,-11365.28125,-11365.28125,11365.279296875,11439.9716796875,11397.28125,11473.0,11473.0,24.93187713623047,0.0,0.9898486733436584,0.007857520133256912,0.9994704127311707,-6.14495002082549e-05,0.0009719216614030302,-0.0007031387067399919,0.9894067049026489,0.11262742429971695,0.03873131424188614
998,12487.4892578125,0.0,-11365.3583984375,-11365.3583984375,11365.3564453125,11440.0341796875,11397.28125,11473.0,11473.0,24.893259048461914,0.0,0.9898672103881836,0.007865185849368572,0.9994719624519348,-6.489174120360985e-05,0.0009691214072518051,-0.0007019938202574849,0.9894281625747681,0.1124214380979538,0.0386105552315712
999,12500.0,0.0,-11365.435546875,-11365.435546875,11365.43359375,11440.09765625,11397.2890625,11473.0,11473.0,24.854732513427734,0.0,0.989885687828064,0.00787294004112482,0.999473512172699,-6.811949424445629e-05,0.0009649097919464111,-0.0007009303662925959,0.989448070526123,0.11221594363451004,0.038491636514663696
