step,discrete_cut,gap,entropy
0,9920.0,3417.0,1381.33251953125
1,8907.0,4430.0,250.237548828125
2,9512.0,3825.0,172.6827850341797
3,10150.0,3187.0,97.19587707519531
4,10767.0,2570.0,37.55586242675781
5,10967.0,2370.0,20.9548282623291
6,11165.0,2172.0,15.508392333984375
7,11301.0,2036.0,11.239791870117188
8,11475.0,1862.0,6.52443265914917
9,11554.0,1783.0,6.148639678955078
10,11676.0,1661.0,7.311626434326172
11,11758.0,1579.0,10.310724258422852
12,11836.0,1501.0,22.094141006469727
13,11913.0,1424.0,28.476961135864258
14,11856.0,1481.0,38.511375427246094
15,11580.0,1757.0,50.297332763671875
16,11285.0,2052.0,53.90502166748047
17,11150.0,2187.0,36.83977508544922
18,11271.0,2066.0,26.89892578125
19,11358.0,1979.0,25.055978775024414
20,11424.0,1913.0,21.804882049560547
21,11503.0,1834.0,11.258633613586426
22,11523.0,1814.0,11.01656723022461
23,11642.0,1695.0,9.921789169311523
24,11707.0,1630.0,9.844080924987793
25,11799.0,1538.0,10.3970365524292
26,11800.0,1537.0,22.06792449951172
27,11704.0,1633.0,37.4847412109375
28,11508.0,1829.0,41.16289138793945
29,11389.0,1948.0,39.85798263549805
30,11383.0,1954.0,31.548086166381836
31,11406.0,1931.0,27.776609420776367
32,11410.0,1927.0,25.569175720214844
33,11360.0,1977.0,21.50032615661621
34,11498.0,1839.0,15.89887523651123
35,11601.0,1736.0,20.025768280029297
36,11611.0,1726.0,16.568927764892578
37,11681.0,1656.0,18.567060470581055
38,11684.0,1653.0,19.759136199951172
39,11713.0,1624.0,24.65311050415039
40,11744.0,1593.0,32.72035217285156
41,11593.0,1744.0,30.363542556762695
42,11468.0,1869.0,32.71726989746094
43,11529.0,1808.0,28.807132720947266
44,11496.0,1841.0,24.285167694091797
45,11533.0,1804.0,22.839229583740234
46,11602.0,1735.0,30.148162841796875
47,11671.0,1666.0,18.458024978637695
48,11740.0,1597.0,19.219640731811523
49,11807.0,1530.0,25.039274215698242
50,11841.0,1496.0,23.71756935119629
51,11828.0,1509.0,20.67059898376465
52,11860.0,1477.0,22.20623779296875
53,11789.0,1548.0,29.738739013671875
54,11753.0,1584.0,28.877492904663086
55,11765.0,1572.0,30.712677001953125
56,11777.0,1560.0,30.633562088012695
57,11713.0,1624.0,27.705732345581055
58,11691.0,1646.0,23.936569213867188
59,11665.0,1672.0,23.04537582397461
60,11675.0,1662.0,24.695858001708984
61,11671.0,1666.0,21.238189697265625
62,11775.0,1562.0,17.961570739746094
63,11734.0,1603.0,23.064483642578125
64,11748.0,1589.0,23.273975372314453
65,11758.0,1579.0,23.118377685546875
66,11738.0,1599.0,29.675153732299805
67,11805.0,1532.0,26.70480728149414
68,11637.0,1700.0,27.860347747802734
69,11675.0,1662.0,25.343101501464844
70,11644.0,1693.0,27.39204216003418
71,11651.0,1686.0,21.47319221496582
72,11655.0,1682.0,27.12657928466797
73,11612.0,1725.0,27.94867706298828
74,11501.0,1836.0,29.18545150756836
75,11721.0,1616.0,20.265113830566406
76,11739.0,1598.0,22.377580642700195
77,11777.0,1560.0,22.94625473022461
78,11746.0,1591.0,26.51592254638672
79,11665.0,1672.0,26.568775177001953
80,11720.0,1617.0,19.97650909423828
81,11725.0,1612.0,27.299848556518555
82,11626.0,1711.0,23.599361419677734
83,11628.0,1709.0,25.97728729248047
84,11717.0,1620.0,23.619544982910156
85,11679.0,1658.0,21.029308319091797
86,11673.0,1664.0,22.887691497802734
87,11683.0,1654.0,26.48731803894043
88,11735.0,1602.0,23.365367889404297
89,11784.0,1553.0,24.279338836669922
90,11689.0,1648.0,25.82868003845215
91,11645.0,1692.0,28.647361755371094
92,11692.0,1645.0,27.777023315429688
93,11660.0,1677.0,27.50948143005371
94,11722.0,1615.0,24.353607177734375
95,11758.0,1579.0,25.65665626525879
96,11807.0,1530.0,23.801488876342773
97,11833.0,1504.0,23.18501091003418
98,11785.0,1552.0,22.92858123779297
99,11794.0,1543.0,24.9676456451416
100,11773.0,1564.0,26.31791114807129
101,11719.0,1618.0,26.07622528076172
102,11684.0,1653.0,22.319374084472656
103,11746.0,1591.0,29.91067886352539
104,11719.0,1618.0,22.942874908447266
105,11757.0,1580.0,22.258195877075195
106,11701.0,1636.0,30.671337127685547
107,11730.0,1607.0,22.604724884033203
108,11639.0,1698.0,25.64672088623047
109,11785.0,1552.0,25.965160369873047
110,11795.0,1542.0,27.112548828125
111,11789.0,1548.0,26.997957229614258
112,11800.0,1537.0,23.290700912475586
113,11795.0,1542.0,25.760705947875977
114,11828.0,1509.0,24.542728424072266
115,11782.0,1555.0,28.02798080444336
116,11766.0,1571.0,28.012924194335938
117,11795.0,1542.0,29.464271545410156
118,11761.0,1576.0,26.789751052856445
119,11812.0,1525.0,28.35146141052246
120,11771.0,1566.0,22.692546844482422
121,11766.0,1571.0,29.32524871826172
122,11739.0,1598.0,26.646038055419922
123,11731.0,1606.0,24.01437759399414
124,11732.0,1605.0,24.068437576293945
125,11742.0,1595.0,23.117733001708984
126,11758.0,1579.0,22.589740753173828
127,11804.0,1533.0,21.692646026611328
128,11762.0,1575.0,23.792139053344727
129,11777.0,1560.0,26.15357208251953
130,11686.0,1651.0,29.317649841308594
131,11697.0,1640.0,27.756956100463867
132,11721.0,1616.0,22.812969207763672
133,11722.0,1615.0,21.768966674804688
134,11749.0,1588.0,25.303327560424805
135,11686.0,1651.0,27.310108184814453
136,11748.0,1589.0,27.117216110229492
137,11789.0,1548.0,23.5425968170166
138,11819.0,1518.0,24.268077850341797
139,11877.0,1460.0,26.099279403686523
140,11973.0,1364.0,28.162982940673828
141,11909.0,1428.0,23.41693115234375
142,11989.0,1348.0,23.555999755859375
143,12064.0,1273.0,25.173908233642578
144,12043.0,1294.0,23.28529930114746
145,11955.0,1382.0,28.04201316833496
146,11992.0,1345.0,29.33725357055664
147,11923.0,1414.0,27.943973541259766
148,11835.0,1502.0,23.25043487548828
149,11956.0,1381.0,27.17844009399414
150,11937.0,1400.0,21.297672271728516
151,12003.0,1334.0,25.187816619873047
152,12024.0,1313.0,22.68541717529297
153,11938.0,1399.0,21.89902687072754
154,11872.0,1465.0,28.063539505004883
155,11941.0,1396.0,26.238821029663086
156,11949.0,1388.0,27.35147476196289
157,11922.0,1415.0,25.23261833190918
158,11954.0,1383.0,29.243694305419922
159,11815.0,1522.0,27.883548736572266
160,11872.0,1465.0,27.538063049316406
161,11802.0,1535.0,25.292888641357422
162,11861.0,1476.0,27.740291595458984
163,11757.0,1580.0,25.847122192382812
164,11869.0,1468.0,23.16843605041504
165,11848.0,1489.0,27.058086395263672
166,11849.0,1488.0,20.919437408447266
167,11794.0,1543.0,22.59502410888672
168,11888.0,1449.0,25.21910858154297
169,11899.0,1438.0,29.09192657470703
170,11983.0,1354.0,23.65274429321289
171,11973.0,1364.0,22.90094757080078
172,11918.0,1419.0,25.223724365234375
173,11967.0,1370.0,25.465797424316406
174,11952.0,1385.0,23.631572723388672
175,11948.0,1389.0,25.38751983642578
176,11894.0,1443.0,27.746315002441406
177,11980.0,1357.0,24.4917049407959
178,12026.0,1311.0,21.636375427246094
179,11993.0,1344.0,23.16472625732422
180,11887.0,1450.0,27.656932830810547
181,11920.0,1417.0,25.043777465820312
182,11974.0,1363.0,26.809301376342773
183,12018.0,1319.0,24.838109970092773
184,11978.0,1359.0,25.18051528930664
185,11994.0,1343.0,23.88604736328125
186,11926.0,1411.0,26.232755661010742
187,11948.0,1389.0,25.624652862548828
188,11923.0,1414.0,26.22599220275879
189,11911.0,1426.0,21.76482391357422
190,11927.0,1410.0,25.455093383789062
191,11917.0,1420.0,27.64923095703125
192,11932.0,1405.0,27.28687286376953
193,11940.0,1397.0,24.45625877380371
194,11997.0,1340.0,26.548873901367188
195,11920.0,1417.0,24.41904067993164
196,11969.0,1368.0,27.949188232421875
197,12012.0,1325.0,28.90436363220215
198,11924.0,1413.0,28.93569564819336
199,11943.0,1394.0,30.743732452392578
200,11996.0,1341.0,30.2229061126709
201,11991.0,1346.0,30.440908432006836
202,12006.0,1331.0,22.884105682373047
203,12019.0,1318.0,24.028512954711914
204,12037.0,1300.0,28.751680374145508
205,12048.0,1289.0,26.70238494873047
206,11997.0,1340.0,23.707592010498047
207,12000.0,1337.0,23.195598602294922
208,12009.0,1328.0,21.891883850097656
209,12090.0,1247.0,29.771780014038086
210,12066.0,1271.0,28.135318756103516
211,12051.0,1286.0,31.157846450805664
212,12083.0,1254.0,25.78142738342285
213,11994.0,1343.0,25.40609359741211
214,12088.0,1249.0,28.246036529541016
215,12030.0,1307.0,29.066007614135742
216,12079.0,1258.0,25.800113677978516
217,12223.0,1114.0,22.64781379699707
218,12139.0,1198.0,27.095382690429688
219,12054.0,1283.0,25.990406036376953
220,12033.0,1304.0,24.97043228149414
221,12062.0,1275.0,25.60369300842285
222,12049.0,1288.0,31.008953094482422
223,12050.0,1287.0,28.847490310668945
224,12119.0,1218.0,28.565155029296875
225,12068.0,1269.0,27.42159652709961
226,12113.0,1224.0,32.029666900634766
227,12017.0,1320.0,30.763547897338867
228,12079.0,1258.0,26.082990646362305
229,12046.0,1291.0,34.355308532714844
230,12000.0,1337.0,31.135141372680664
231,12020.0,1317.0,25.024160385131836
232,11996.0,1341.0,28.21099090576172
233,12009.0,1328.0,24.33714485168457
234,12063.0,1274.0,26.68821907043457
235,12134.0,1203.0,26.502408981323242
236,12056.0,1281.0,26.89699935913086
237,12070.0,1267.0,28.868207931518555
238,12094.0,1243.0,25.289464950561523
239,12056.0,1281.0,29.968172073364258
240,12086.0,1251.0,27.09359359741211
241,12073.0,1264.0,28.047245025634766
242,12096.0,1241.0,31.073352813720703
243,12035.0,1302.0,34.388031005859375
244,12078.0,1259.0,28.606769561767578
245,12113.0,1224.0,27.465585708618164
246,12106.0,1231.0,27.670013427734375
247,12036.0,1301.0,23.896987915039062
248,11991.0,1346.0,29.956796646118164
249,11979.0,1358.0,24.57114601135254
250,12002.0,1335.0,29.15478515625
251,12096.0,1241.0,25.668155670166016
252,12181.0,1156.0,25.386837005615234
253,12190.0,1147.0,25.59493637084961
254,12144.0,1193.0,29.871965408325195
255,12065.0,1272.0,25.677242279052734
256,12049.0,1288.0,26.75284194946289
257,12024.0,1313.0,30.307926177978516
258,11984.0,1353.0,25.672199249267578
259,11950.0,1387.0,29.255470275878906
260,11947.0,1390.0,30.107608795166016
261,11930.0,1407.0,30.85041618347168
262,11986.0,1351.0,22.78096580505371
263,11915.0,1422.0,27.544797897338867
264,11903.0,1434.0,28.042884826660156
265,11865.0,1472.0,30.566768646240234
266,11915.0,1422.0,31.667011260986328
267,12010.0,1327.0,27.35921287536621
268,11942.0,1395.0,28.6975154876709
269,12020.0,1317.0,27.704256057739258
270,12087.0,1250.0,24.51361083984375
271,11983.0,1354.0,24.68146514892578
272,12122.0,1215.0,28.606006622314453
273,12136.0,1201.0,31.43444061279297
274,12118.0,1219.0,27.975135803222656
275,12139.0,1198.0,26.782264709472656
276,12060.0,1277.0,26.456207275390625
277,12087.0,1250.0,24.054218292236328
278,12120.0,1217.0,26.1690673828125
279,12119.0,1218.0,31.03875160217285
280,12183.0,1154.0,28.54783058166504
281,12163.0,1174.0,23.102985382080078
282,12102.0,1235.0,30.796142578125
283,12216.0,1121.0,32.14530563354492
284,12153.0,1184.0,29.994741439819336
285,12146.0,1191.0,28.759206771850586
286,12227.0,1110.0,27.985816955566406
287,12151.0,1186.0,29.2480525970459
288,12090.0,1247.0,31.36656379699707
289,12001.0,1336.0,28.1224365234375
290,12035.0,1302.0,31.85596466064453
291,12082.0,1255.0,28.816722869873047
292,12107.0,1230.0,31.519258499145508
293,12106.0,1231.0,30.451236724853516
294,12183.0,1154.0,28.977188110351562
295,12187.0,1150.0,28.185916900634766
296,12173.0,1164.0,27.124393463134766
297,12132.0,1205.0,24.987899780273438
298,12191.0,1146.0,27.376859664916992
299,12180.0,1157.0,26.324522018432617
300,12247.0,1090.0,25.799022674560547
301,12218.0,1119.0,32.225833892822266
302,12128.0,1209.0,28.44442367553711
303,12209.0,1128.0,30.099363327026367
304,12115.0,1222.0,30.254690170288086
305,12085.0,1252.0,30.290739059448242
306,12128.0,1209.0,27.07024574279785
307,12070.0,1267.0,25.569517135620117
308,12050.0,1287.0,31.84928321838379
309,12025.0,1312.0,28.266767501831055
310,12019.0,1318.0,30.59349822998047
311,11998.0,1339.0,29.177597045898438
312,12054.0,1283.0,31.11653709411621
313,12094.0,1243.0,29.582862854003906
314,12092.0,1245.0,25.907855987548828
315,12171.0,1166.0,29.65752410888672
316,12165.0,1172.0,29.298925399780273
317,12113.0,1224.0,34.06067657470703
318,12188.0,1149.0,34.33403778076172
319,12219.0,1118.0,29.79391860961914
320,12202.0,1135.0,32.85222625732422
321,12095.0,1242.0,29.241443634033203
322,12141.0,1196.0,29.84806251525879
323,12146.0,1191.0,30.100055694580078
324,12133.0,1204.0,28.477413177490234
325,12104.0,1233.0,25.54531478881836
326,12188.0,1149.0,26.852825164794922
327,12213.0,1124.0,22.791303634643555
328,12223.0,1114.0,23.600200653076172
329,12165.0,1172.0,30.895824432373047
330,12074.0,1263.0,24.686429977416992
331,12116.0,1221.0,32.10884475708008
332,12131.0,1206.0,33.67084503173828
333,12131.0,1206.0,25.331058502197266
334,12111.0,1226.0,28.303020477294922
335,12206.0,1131.0,28.442787170410156
336,12258.0,1079.0,28.90060043334961
337,12196.0,1141.0,29.428913116455078
338,12232.0,1105.0,29.1234130859375
339,12192.0,1145.0,33.096580505371094
340,12122.0,1215.0,29.981033325195312
341,12096.0,1241.0,27.750431060791016
342,12216.0,1121.0,28.29293441772461
343,12160.0,1177.0,27.124162673950195
344,12172.0,1165.0,24.442970275878906
345,12159.0,1178.0,26.061927795410156
346,12083.0,1254.0,29.349714279174805
347,12179.0,1158.0,27.22014617919922
348,12095.0,1242.0,32.04420471191406
349,12097.0,1240.0,26.139114379882812
350,12062.0,1275.0,24.835369110107422
351,12099.0,1238.0,29.431732177734375
352,12115.0,1222.0,29.19338035583496
353,12106.0,1231.0,29.249935150146484
354,12143.0,1194.0,28.055326461791992
355,12129.0,1208.0,25.220436096191406
356,12241.0,1096.0,27.474672317504883
357,12175.0,1162.0,31.183340072631836
358,12224.0,1113.0,26.25330924987793
359,12254.0,1083.0,26.1175479888916
360,12303.0,1034.0,27.732229232788086
361,12243.0,1094.0,26.26193618774414
362,12262.0,1075.0,30.007068634033203
363,12284.0,1053.0,27.303218841552734
364,12237.0,1100.0,22.11175537109375
365,12272.0,1065.0,30.95769500732422
366,12212.0,1125.0,31.168914794921875
367,12250.0,1087.0,27.896968841552734
368,12213.0,1124.0,28.929832458496094
369,12265.0,1072.0,29.314281463623047
370,12209.0,1128.0,26.49228858947754
371,12262.0,1075.0,29.972576141357422
372,12305.0,1032.0,29.9647216796875
373,12215.0,1122.0,28.95306396484375
374,12239.0,1098.0,25.990989685058594
375,12238.0,1099.0,25.92822265625
376,12280.0,1057.0,26.655710220336914
377,12213.0,1124.0,28.472896575927734
378,12327.0,1010.0,28.2817440032959
379,12326.0,1011.0,25.28799819946289
380,12328.0,1009.0,28.519439697265625
381,12335.0,1002.0,26.230079650878906
382,12419.0,918.0,30.336774826049805
383,12350.0,987.0,26.087825775146484
384,12366.0,971.0,27.93520736694336
385,12294.0,1043.0,28.94928741455078
386,12299.0,1038.0,29.191356658935547
387,12260.0,1077.0,26.98472785949707
388,12344.0,993.0,25.584003448486328
389,12373.0,964.0,28.16611671447754
390,12260.0,1077.0,32.84664535522461
391,12313.0,1024.0,30.43621063232422
392,12320.0,1017.0,26.851198196411133
393,12285.0,1052.0,32.31827163696289
394,12295.0,1042.0,31.591434478759766
395,12279.0,1058.0,32.615333557128906
396,12277.0,1060.0,29.19015121459961
397,12304.0,1033.0,26.185590744018555
398,12312.0,1025.0,29.11098289489746
399,12414.0,923.0,28.343582153320312
400,12428.0,909.0,28.66098403930664
401,12424.0,913.0,26.727230072021484
402,12383.0,954.0,21.728084564208984
403,12377.0,960.0,29.404420852661133
404,12347.0,990.0,29.944189071655273
405,12402.0,935.0,28.06941795349121
406,12409.0,928.0,28.975460052490234
407,12388.0,949.0,31.645179748535156
408,12259.0,1078.0,30.769380569458008
409,12266.0,1071.0,35.81661605834961
410,12360.0,977.0,30.47195816040039
411,12265.0,1072.0,32.944461822509766
412,12280.0,1057.0,31.236358642578125
413,12285.0,1052.0,30.532079696655273
414,12274.0,1063.0,31.909423828125
415,12238.0,1099.0,28.009838104248047
416,12348.0,989.0,27.62446403503418
417,12335.0,1002.0,28.12720489501953
418,12339.0,998.0,24.570056915283203
419,12440.0,897.0,28.631729125976562
420,12377.0,960.0,20.92540740966797
421,12335.0,1002.0,28.185009002685547
422,12332.0,1005.0,27.456695556640625
423,12258.0,1079.0,27.192054748535156
424,12282.0,1055.0,33.3970947265625
425,12274.0,1063.0,30.722820281982422
426,12312.0,1025.0,32.16373062133789
427,12287.0,1050.0,32.095947265625
428,12331.0,1006.0,35.11929702758789
429,12335.0,1002.0,33.980628967285156
430,12325.0,1012.0,27.991445541381836
431,12331.0,1006.0,35.229774475097656
432,12289.0,1048.0,31.867916107177734
433,12372.0,965.0,28.460086822509766
434,12353.0,984.0,31.223834991455078
435,12446.0,891.0,27.60092544555664
436,12431.0,906.0,28.030847549438477
437,12346.0,991.0,29.191781997680664
438,12351.0,986.0,32.96997833251953
439,12314.0,1023.0,29.174291610717773
440,12390.0,947.0,29.86524200439453
441,12407.0,930.0,29.378013610839844
442,12383.0,954.0,32.42932891845703
443,12395.0,942.0,31.642112731933594
444,12370.0,967.0,27.337615966796875
445,12274.0,1063.0,33.92660140991211
446,12266.0,1071.0,27.814090728759766
447,12305.0,1032.0,34.646461486816406
448,12415.0,922.0,31.867456436157227
449,12423.0,914.0,28.334667205810547
450,12437.0,900.0,29.15061378479004
451,12409.0,928.0,33.20338439941406
452,12421.0,916.0,31.325057983398438
453,12425.0,912.0,30.002750396728516
454,12377.0,960.0,33.88912582397461
455,12435.0,902.0,32.59323501586914
456,12350.0,987.0,30.26163101196289
457,12393.0,944.0,29.218746185302734
458,12330.0,1007.0,31.283306121826172
459,12365.0,972.0,25.820749282836914
460,12381.0,956.0,34.093902587890625
461,12357.0,980.0,32.466896057128906
462,12307.0,1030.0,31.324604034423828
463,12394.0,943.0,30.166515350341797
464,12420.0,917.0,33.15161895751953
465,12393.0,944.0,33.373985290527344
466,12347.0,990.0,37.13117599487305
467,12324.0,1013.0,31.898483276367188
468,12181.0,1156.0,35.023807525634766
469,12174.0,1163.0,32.52606964111328
470,12350.0,987.0,32.07179641723633
471,12406.0,931.0,32.338016510009766
472,12400.0,937.0,28.873498916625977
473,12432.0,905.0,26.935955047607422
474,12377.0,960.0,32.09528350830078
475,12456.0,881.0,30.173397064208984
476,12468.0,869.0,31.944860458374023
477,12401.0,936.0,34.86023712158203
478,12466.0,871.0,32.59396743774414
479,12478.0,859.0,37.075927734375
480,12473.0,864.0,28.161067962646484
481,12520.0,817.0,30.562610626220703
482,12538.0,799.0,35.727996826171875
483,12511.0,826.0,31.46310806274414
484,12419.0,918.0,32.597469329833984
485,12443.0,894.0,33.72061538696289
486,12477.0,860.0,33.23922348022461
487,12398.0,939.0,28.42336654663086
488,12415.0,922.0,32.81136703491211
489,12431.0,906.0,28.641712188720703
490,12470.0,867.0,30.01813507080078
491,12382.0,955.0,29.918258666992188
492,12361.0,976.0,32.2359504699707
493,12350.0,987.0,36.394134521484375
494,12298.0,1039.0,31.330825805664062
495,12347.0,990.0,31.236757278442383
496,12333.0,1004.0,29.051639556884766
497,12369.0,968.0,32.420169830322266
498,12365.0,972.0,31.051475524902344
499,12398.0,939.0,31.972309112548828
500,12398.0,939.0,32.45682907104492
501,12351.0,986.0,34.548240661621094
502,12307.0,1030.0,28.24321937561035
503,12383.0,954.0,31.461198806762695
504,12335.0,1002.0,37.758575439453125
505,12337.0,1000.0,38.41420364379883
506,12381.0,956.0,36.321144104003906
507,12469.0,868.0,32.66791534423828
508,12418.0,919.0,31.28900909423828
509,12426.0,911.0,27.705005645751953
510,12439.0,898.0,24.640666961669922
511,12434.0,903.0,31.913240432739258
512,12468.0,869.0,33.356170654296875
513,12386.0,951.0,29.326759338378906
514,12343.0,994.0,32.73153305053711
515,12322.0,1015.0,36.36418151855469
516,12349.0,988.0,30.633575439453125
517,12404.0,933.0,36.070125579833984
518,12335.0,1002.0,33.79349899291992
519,12312.0,1025.0,36.96784591674805
520,12385.0,952.0,34.36892318725586
521,12391.0,946.0,34.708778381347656
522,12402.0,935.0,34.64627456665039
523,12470.0,867.0,31.100217819213867
524,12496.0,841.0,31.367870330810547
525,12513.0,824.0,31.846820831298828
526,12597.0,740.0,32.628929138183594
527,12553.0,784.0,31.56052017211914
528,12492.0,845.0,37.1545524597168
529,12453.0,884.0,31.0417423248291
530,12525.0,812.0,36.805572509765625
531,12478.0,859.0,31.257244110107422
532,12433.0,904.0,35.81232833862305
533,12460.0,877.0,37.20357131958008
534,12408.0,929.0,34.314571380615234
535,12441.0,896.0,34.70738220214844
536,12394.0,943.0,33.272918701171875
537,12355.0,982.0,33.61949157714844
538,12389.0,948.0,30.83176040649414
539,12448.0,889.0,29.030811309814453
540,12448.0,889.0,31.828405380249023
541,12433.0,904.0,35.246116638183594
542,12367.0,970.0,32.18415069580078
543,12380.0,957.0,32.00136184692383
544,12414.0,923.0,35.31256866455078
545,12350.0,987.0,32.16728591918945
546,12322.0,1015.0,30.5535831451416
547,12267.0,1070.0,36.325233459472656
548,12289.0,1048.0,33.81556701660156
549,12267.0,1070.0,36.225486755371094
550,12280.0,1057.0,34.41559982299805
551,12304.0,1033.0,35.9296989440918
552,12382.0,955.0,34.795616149902344
553,12370.0,967.0,36.0968132019043
554,12345.0,992.0,39.42778015136719
555,12388.0,949.0,32.61658477783203
556,12391.0,946.0,35.17470932006836
557,12397.0,940.0,39.71979904174805
558,12351.0,986.0,38.98762130737305
559,12341.0,996.0,26.096498489379883
560,12285.0,1052.0,31.801204681396484
561,12350.0,987.0,30.150203704833984
562,12361.0,976.0,31.827350616455078
563,12401.0,936.0,31.074077606201172
564,12448.0,889.0,34.11436462402344
565,12507.0,830.0,31.749832153320312
566,12464.0,873.0,33.11713409423828
567,12421.0,916.0,35.127742767333984
568,12524.0,813.0,41.63127899169922
569,12465.0,872.0,33.03630828857422
570,12522.0,815.0,32.88410186767578
571,12453.0,884.0,37.206764221191406
572,12530.0,807.0,32.99983596801758
573,12515.0,822.0,36.72474670410156
574,12443.0,894.0,29.877788543701172
575,12502.0,835.0,31.10007095336914
576,12550.0,787.0,29.16910743713379
577,12507.0,830.0,34.8649787902832
578,12472.0,865.0,34.334896087646484
579,12586.0,751.0,34.34810256958008
580,12473.0,864.0,39.328392028808594
581,12517.0,820.0,39.00449752807617
582,12501.0,836.0,33.199432373046875
583,12534.0,803.0,32.27003860473633
584,12433.0,904.0,33.688087463378906
585,12513.0,824.0,32.01176452636719
586,12526.0,811.0,36.28968811035156
587,12537.0,800.0,34.373626708984375
588,12544.0,793.0,34.73882293701172
589,12579.0,758.0,31.813467025756836
590,12584.0,753.0,31.306554794311523
591,12515.0,822.0,33.603302001953125
592,12405.0,932.0,37.520938873291016
593,12451.0,886.0,35.87009048461914
594,12445.0,892.0,32.96604919433594
595,12483.0,854.0,34.956512451171875
596,12429.0,908.0,32.0314826965332
597,12429.0,908.0,34.991546630859375
598,12500.0,837.0,31.470325469970703
599,12474.0,863.0,29.927003860473633
600,12499.0,838.0,37.426597595214844
601,12512.0,825.0,32.9534912109375
602,12446.0,891.0,37.17316436767578
603,12430.0,907.0,42.72767639160156
604,12575.0,762.0,34.8497314453125
605,12567.0,770.0,37.6209602355957
606,12552.0,785.0,33.40326690673828
607,12521.0,816.0,34.69371795654297
608,12603.0,734.0,41.040618896484375
609,12533.0,804.0,36.05916213989258
610,12500.0,837.0,37.795101165771484
611,12491.0,846.0,35.23412322998047
612,12469.0,868.0,31.618846893310547
613,12482.0,855.0,36.293670654296875
614,12470.0,867.0,40.937950134277344
615,12502.0,835.0,34.55558776855469
616,12464.0,873.0,36.86802291870117
617,12477.0,860.0,34.477439880371094
618,12473.0,864.0,35.52874755859375
619,12484.0,853.0,35.66106414794922
620,12472.0,865.0,33.850929260253906
621,12453.0,884.0,30.04198455810547
622,12471.0,866.0,38.5335693359375
623,12453.0,884.0,37.81801223754883
624,12612.0,725.0,32.246978759765625
625,12580.0,757.0,32.54920196533203
626,12615.0,722.0,36.11726379394531
627,12571.0,766.0,31.333086013793945
628,12599.0,738.0,33.111846923828125
629,12607.0,730.0,31.740617752075195
630,12598.0,739.0,34.01152801513672
631,12620.0,717.0,34.68128204345703
632,12515.0,822.0,39.186527252197266
633,12584.0,753.0,35.99102783203125
634,12586.0,751.0,34.16954040527344
635,12587.0,750.0,37.75354766845703
636,12513.0,824.0,33.61366271972656
637,12568.0,769.0,36.68370056152344
638,12523.0,814.0,37.04731750488281
639,12466.0,871.0,40.717140197753906
640,12516.0,821.0,36.87242889404297
641,12577.0,760.0,39.35789108276367
642,12570.0,767.0,39.0843620300293
643,12607.0,730.0,37.826202392578125
644,12603.0,734.0,34.193241119384766
645,12647.0,690.0,32.60951614379883
646,12653.0,684.0,34.25833511352539
647,12679.0,658.0,34.260704040527344
648,12567.0,770.0,37.88262176513672
649,12637.0,700.0,30.219493865966797
650,12622.0,715.0,33.17830276489258
651,12607.0,730.0,31.41039276123047
652,12586.0,751.0,38.040771484375
653,12541.0,796.0,36.767799377441406
654,12673.0,664.0,29.73386001586914
655,12597.0,740.0,40.240604400634766
656,12565.0,772.0,36.905029296875
657,12590.0,747.0,31.320804595947266
658,12548.0,789.0,35.556182861328125
659,12546.0,791.0,36.108516693115234
660,12537.0,800.0,30.010364532470703
661,12575.0,762.0,36.326778411865234
662,12499.0,838.0,39.62798309326172
663,12586.0,751.0,33.14927673339844
664,12591.0,746.0,36.45848846435547
665,12564.0,773.0,42.50642395019531
666,12532.0,805.0,41.989566802978516
667,12661.0,676.0,35.252044677734375
668,12650.0,687.0,34.528076171875
669,12659.0,678.0,40.90052795410156
670,12647.0,690.0,34.96701431274414
671,12702.0,635.0,33.09014129638672
672,12644.0,693.0,36.853240966796875
673,12644.0,693.0,37.13795471191406
674,12669.0,668.0,33.820621490478516
675,12687.0,650.0,38.069908142089844
676,12639.0,698.0,37.81128692626953
677,12724.0,613.0,37.6506233215332
678,12679.0,658.0,38.505470275878906
679,12669.0,668.0,39.443031311035156
680,12637.0,700.0,38.13551712036133
681,12648.0,689.0,35.21591567993164
682,12636.0,701.0,34.41455078125
683,12629.0,708.0,37.83633804321289
684,12672.0,665.0,40.09550857543945
685,12747.0,590.0,32.77351379394531
686,12733.0,604.0,34.9267692565918
687,12649.0,688.0,37.93955993652344
688,12610.0,727.0,33.918067932128906
689,12606.0,731.0,35.243614196777344
690,12607.0,730.0,35.40766525268555
691,12660.0,677.0,33.67207717895508
692,12571.0,766.0,42.63471603393555
693,12552.0,785.0,41.587257385253906
694,12620.0,717.0,35.52708053588867
695,12597.0,740.0,35.848472595214844
696,12685.0,652.0,39.096805572509766
697,12659.0,678.0,38.19914245605469
698,12650.0,687.0,33.57322692871094
699,12693.0,644.0,35.98432540893555
700,12692.0,645.0,36.899593353271484
701,12727.0,610.0,36.81487274169922
702,12709.0,628.0,35.22601318359375
703,12693.0,644.0,40.79548645019531
704,12700.0,637.0,34.072608947753906
705,12686.0,651.0,36.75878143310547
706,12593.0,744.0,39.010093688964844
707,12595.0,742.0,40.01495361328125
708,12651.0,686.0,39.715782165527344
709,12685.0,652.0,36.27079391479492
710,12679.0,658.0,42.921939849853516
711,12652.0,685.0,36.53664016723633
712,12632.0,705.0,35.260467529296875
713,12636.0,701.0,32.670166015625
714,12702.0,635.0,35.89569091796875
715,12693.0,644.0,36.434059143066406
716,12713.0,624.0,37.64877700805664
717,12664.0,673.0,35.317447662353516
718,12725.0,612.0,35.516746520996094
719,12752.0,585.0,41.65174865722656
720,12754.0,583.0,38.020851135253906
721,12669.0,668.0,38.922611236572266
722,12722.0,615.0,36.450679779052734
723,12768.0,569.0,34.535648345947266
724,12726.0,611.0,37.90779113769531
725,12783.0,554.0,39.23912811279297
726,12728.0,609.0,45.891380310058594
727,12735.0,602.0,39.94164276123047
728,12702.0,635.0,41.59999465942383
729,12719.0,618.0,33.5676155090332
730,12694.0,643.0,32.70561981201172
731,12711.0,626.0,32.260414123535156
732,12682.0,655.0,39.53700637817383
733,12664.0,673.0,36.59270477294922
734,12638.0,699.0,39.93193817138672
735,12628.0,709.0,40.91252517700195
736,12655.0,682.0,38.866004943847656
737,12596.0,741.0,38.7103385925293
738,12681.0,656.0,40.18711853027344
739,12659.0,678.0,42.821250915527344
740,12661.0,676.0,47.59393310546875
741,12624.0,713.0,41.50456619262695
742,12677.0,660.0,40.71719741821289
743,12667.0,670.0,34.39548873901367
744,12677.0,660.0,36.607940673828125
745,12760.0,577.0,33.805320739746094
746,12692.0,645.0,35.5576171875
747,12697.0,640.0,35.94712829589844
748,12689.0,648.0,35.002532958984375
749,12715.0,622.0,39.18854522705078
750,12687.0,650.0,45.590721130371094
751,12668.0,669.0,40.458980560302734
752,12686.0,651.0,38.15605545043945
753,12692.0,645.0,37.67546081542969
754,12638.0,699.0,44.1689453125
755,12655.0,682.0,41.8227653503418
756,12687.0,650.0,37.14459991455078
757,12629.0,708.0,42.48530578613281
758,12655.0,682.0,38.66222381591797
759,12662.0,675.0,42.95560836791992
760,12736.0,601.0,33.965911865234375
761,12755.0,582.0,32.19755172729492
762,12732.0,605.0,38.186248779296875
763,12658.0,679.0,39.82080841064453
764,12678.0,659.0,40.92219161987305
765,12670.0,667.0,42.30403518676758
766,12700.0,637.0,33.31962585449219
767,12660.0,677.0,44.41671371459961
768,12668.0,669.0,42.87915802001953
769,12681.0,656.0,42.85260772705078
770,12661.0,676.0,40.373756408691406
771,12745.0,592.0,43.59439468383789
772,12655.0,682.0,46.337215423583984
773,12655.0,682.0,42.21431350708008
774,12759.0,578.0,38.79845428466797
775,12695.0,642.0,40.67897033691406
776,12617.0,720.0,40.13533401489258
777,12687.0,650.0,37.03888702392578
778,12613.0,724.0,41.4566764831543
779,12661.0,676.0,41.02645492553711
780,12663.0,674.0,37.920875549316406
781,12679.0,658.0,41.935813903808594
782,12675.0,662.0,37.010108947753906
783,12654.0,683.0,37.899837493896484
784,12660.0,677.0,36.95513153076172
785,12728.0,609.0,41.18141174316406
786,12721.0,616.0,45.22441864013672
787,12685.0,652.0,43.297306060791016
788,12659.0,678.0,41.141746520996094
789,12610.0,727.0,45.65274429321289
790,12672.0,665.0,40.22066879272461
791,12689.0,648.0,41.42008590698242
792,12659.0,678.0,39.37590026855469
793,12672.0,665.0,43.5318489074707
794,12645.0,692.0,46.38050079345703
795,12669.0,668.0,44.29995346069336
796,12706.0,631.0,36.50979995727539
797,12704.0,633.0,37.085086822509766
798,12761.0,576.0,42.54917907714844
799,12739.0,598.0,39.99658966064453
800,12671.0,666.0,43.238399505615234
801,12669.0,668.0,40.55980682373047
802,12609.0,728.0,45.594600677490234
803,12718.0,619.0,41.07439041137695
804,12794.0,543.0,37.65807342529297
805,12782.0,555.0,40.23717498779297
806,12720.0,617.0,45.95275115966797
807,12774.0,563.0,45.10429382324219
808,12784.0,553.0,40.49528503417969
809,12766.0,571.0,38.22211837768555
810,12774.0,563.0,36.743064880371094
811,12793.0,544.0,40.07426071166992
812,12735.0,602.0,38.46070861816406
813,12846.0,491.0,34.513343811035156
814,12779.0,558.0,42.43273162841797
815,12740.0,597.0,45.131229400634766
816,12821.0,516.0,46.71442413330078
817,12872.0,465.0,34.70713424682617
818,12850.0,487.0,35.97659683227539
819,12848.0,489.0,41.415653228759766
820,12846.0,491.0,43.04357147216797
821,12844.0,493.0,43.33503723144531
822,12885.0,452.0,45.756072998046875
823,12862.0,475.0,41.45115661621094
824,12772.0,565.0,37.798927307128906
825,12789.0,548.0,37.49519729614258
826,12826.0,511.0,36.115013122558594
827,12838.0,499.0,38.80049133300781
828,12795.0,542.0,43.38375473022461
829,12745.0,592.0,46.391075134277344
830,12733.0,604.0,48.912818908691406
831,12712.0,625.0,46.01021194458008
832,12804.0,533.0,46.306087493896484
833,12827.0,510.0,42.69636535644531
834,12765.0,572.0,42.651187896728516
835,12779.0,558.0,45.88463592529297
836,12819.0,518.0,43.588775634765625
837,12830.0,507.0,39.6105842590332
838,12786.0,551.0,39.48528289794922
839,12805.0,532.0,42.641807556152344
840,12785.0,552.0,44.600406646728516
841,12783.0,554.0,44.88075256347656
842,12793.0,544.0,40.80744552612305
843,12821.0,516.0,40.87562561035156
844,12828.0,509.0,41.25931930541992
845,12807.0,530.0,44.616493225097656
846,12801.0,536.0,41.639129638671875
847,12821.0,516.0,42.39889907836914
848,12790.0,547.0,40.41082763671875
849,12737.0,600.0,45.382041931152344
850,12757.0,580.0,42.490535736083984
851,12761.0,576.0,40.31742477416992
852,12782.0,555.0,36.82121658325195
853,12791.0,546.0,44.50729751586914
854,12694.0,643.0,42.488922119140625
855,12796.0,541.0,43.1954231262207
856,12778.0,559.0,41.69890594482422
857,12740.0,597.0,40.03956604003906
858,12781.0,556.0,41.57856369018555
859,12783.0,554.0,43.63744354248047
860,12751.0,586.0,43.02707290649414
861,12783.0,554.0,41.348838806152344
862,12781.0,556.0,46.45008087158203
863,12770.0,567.0,44.224822998046875
864,12829.0,508.0,43.567535400390625
865,12749.0,588.0,45.264892578125
866,12734.0,603.0,41.22886657714844
867,12786.0,551.0,46.448551177978516
868,12755.0,582.0,53.236717224121094
869,12787.0,550.0,44.24320983886719
870,12810.0,527.0,43.88768768310547
871,12773.0,564.0,46.34473419189453
872,12757.0,580.0,47.15644836425781
873,12821.0,516.0,39.774173736572266
874,12805.0,532.0,43.13668441772461
875,12777.0,560.0,44.24766540527344
876,12762.0,575.0,49.24178695678711
877,12766.0,571.0,40.04892349243164
878,12751.0,586.0,40.16857147216797
879,12776.0,561.0,38.3307991027832
880,12706.0,631.0,47.76580810546875
881,12706.0,631.0,47.04914093017578
882,12716.0,621.0,43.19706344604492
883,12683.0,654.0,43.5341911315918
884,12781.0,556.0,45.771995544433594
885,12761.0,576.0,46.35344696044922
886,12749.0,588.0,39.07073974609375
887,12802.0,535.0,41.53111267089844
888,12809.0,528.0,39.209049224853516
889,12787.0,550.0,41.3973503112793
890,12738.0,599.0,40.700950622558594
891,12724.0,613.0,48.20607376098633
892,12777.0,560.0,43.628517150878906
893,12793.0,544.0,44.60710144042969
894,12738.0,599.0,44.22178649902344
895,12750.0,587.0,48.79165267944336
896,12753.0,584.0,48.404178619384766
897,12764.0,573.0,43.85683059692383
898,12767.0,570.0,46.66017532348633
899,12765.0,572.0,46.85569381713867
900,12795.0,542.0,51.23627853393555
901,12783.0,554.0,42.318275451660156
902,12784.0,553.0,42.14589309692383
903,12778.0,559.0,44.55910110473633
904,12758.0,579.0,44.821353912353516
905,12796.0,541.0,45.33526611328125
906,12792.0,545.0,44.97676467895508
907,12826.0,511.0,43.99919128417969
908,12793.0,544.0,46.865440368652344
909,12784.0,553.0,46.49104309082031
910,12833.0,504.0,47.205963134765625
911,12813.0,524.0,46.36078643798828
912,12778.0,559.0,46.436370849609375
913,12747.0,590.0,49.03690719604492
914,12827.0,510.0,48.35565185546875
915,12799.0,538.0,44.79203796386719
916,12782.0,555.0,50.10783767700195
917,12738.0,599.0,45.87921905517578
918,12767.0,570.0,45.70957946777344
919,12798.0,539.0,44.59461212158203
920,12803.0,534.0,50.71449279785156
921,12826.0,511.0,45.01823806762695
922,12823.0,514.0,42.06842803955078
923,12786.0,551.0,43.273712158203125
924,12778.0,559.0,51.528411865234375
925,12826.0,511.0,52.17515563964844
926,12868.0,469.0,41.16717529296875
927,12835.0,502.0,40.979774475097656
928,12799.0,538.0,40.56467819213867
929,12839.0,498.0,43.45188522338867
930,12853.0,484.0,45.44459533691406
931,12773.0,564.0,50.456825256347656
932,12821.0,516.0,42.52542495727539
933,12811.0,526.0,44.61491012573242
934,12872.0,465.0,48.08283615112305
935,12855.0,482.0,51.866878509521484
936,12890.0,447.0,47.350521087646484
937,12807.0,530.0,48.349422454833984
938,12868.0,469.0,49.10258483886719
939,12861.0,476.0,48.677974700927734
940,12756.0,581.0,53.12861251831055
941,12889.0,448.0,45.97032928466797
942,12830.0,507.0,49.5473518371582
943,12766.0,571.0,51.41224670410156
944,12746.0,591.0,50.33271026611328
945,12797.0,540.0,48.108882904052734
946,12796.0,541.0,47.78404235839844
947,12812.0,525.0,46.88349151611328
948,12856.0,481.0,47.79844665527344
949,12829.0,508.0,52.2193489074707
950,12789.0,548.0,49.23244094848633
951,12830.0,507.0,45.50367736816406
952,12924.0,413.0,41.95634460449219
953,12826.0,511.0,48.40250015258789
954,12866.0,471.0,44.237735748291016
955,12792.0,545.0,49.67196273803711
956,12826.0,511.0,48.78660202026367
957,12802.0,535.0,53.121681213378906
958,12852.0,485.0,46.31570053100586
959,12869.0,468.0,43.9315071105957
960,12814.0,523.0,49.48912811279297
961,12836.0,501.0,49.59654998779297
962,12830.0,507.0,54.17132568359375
963,12787.0,550.0,48.58869934082031
964,12789.0,548.0,49.20596694946289
965,12864.0,473.0,46.50225830078125
966,12861.0,476.0,46.469337463378906
967,12829.0,508.0,46.112815856933594
968,12800.0,537.0,47.37422180175781
969,12844.0,493.0,46.74409103393555
970,12876.0,461.0,47.66390609741211
971,12803.0,534.0,53.24037170410156
972,12843.0,494.0,47.0691032409668
973,12836.0,501.0,51.45976638793945
974,12774.0,563.0,46.827877044677734
975,12798.0,539.0,50.42769241333008
976,12803.0,534.0,51.45953369140625
977,12830.0,507.0,50.26621627807617
978,12810.0,527.0,54.183128356933594
979,12809.0,528.0,52.10144805908203
980,12771.0,566.0,52.46537780761719
981,12773.0,564.0,50.64679718017578
982,12834.0,503.0,50.47709274291992
983,12828.0,509.0,45.1894645690918
984,12825.0,512.0,49.23849868774414
985,12857.0,480.0,48.45730209350586
986,12845.0,492.0,47.86009216308594
987,12760.0,577.0,48.57878494262695
988,12857.0,480.0,41.922733306884766
989,12887.0,450.0,46.84119415283203
990,12836.0,501.0,50.67949676513672
991,12858.0,479.0,48.655303955078125
992,12887.0,450.0,51.12733840942383
993,12849.0,488.0,49.91609573364258
994,12839.0,498.0,48.5267219543457
995,12864.0,473.0,49.35960388183594
996,12828.0,509.0,49.81012725830078
997,12851.0,486.0,46.759788513183594
998,12860.0,477.0,49.948875427246094
999,12932.0,405.0,50.08546447753906
1000,12905.0,432.0,49.90962219238281
1001,12843.0,494.0,54.50178527832031
1002,12812.0,525.0,49.85674285888672
1003,12808.0,529.0,49.254188537597656
1004,12838.0,499.0,45.58954620361328
1005,12882.0,455.0,41.47661590576172
1006,12898.0,439.0,49.67817687988281
1007,12883.0,454.0,46.821754455566406
1008,12892.0,445.0,47.30706787109375
1009,12875.0,462.0,50.919830322265625
1010,12873.0,464.0,47.47357940673828
1011,12812.0,525.0,50.6109619140625
1012,12830.0,507.0,47.193267822265625
1013,12833.0,504.0,45.33697509765625
1014,12859.0,478.0,50.938377380371094
1015,12811.0,526.0,56.46562576293945
1016,12865.0,472.0,50.00382614135742
1017,12811.0,526.0,48.433189392089844
1018,12806.0,531.0,48.45592498779297
1019,12924.0,413.0,51.994476318359375
1020,12902.0,435.0,48.590911865234375
1021,12885.0,452.0,50.01023483276367
1022,12877.0,460.0,53.91158676147461
1023,12914.0,423.0,48.00435256958008
1024,12907.0,430.0,45.3270263671875
1025,12837.0,500.0,55.051883697509766
1026,12823.0,514.0,54.961891174316406
1027,12876.0,461.0,50.76136779785156
1028,12845.0,492.0,51.383750915527344
1029,12903.0,434.0,46.51602554321289
1030,12905.0,432.0,47.329200744628906
1031,12857.0,480.0,46.83672332763672
1032,12903.0,434.0,47.129425048828125
1033,12912.0,425.0,46.312110900878906
1034,12931.0,406.0,51.0290412902832
1035,12939.0,398.0,55.301578521728516
1036,12948.0,389.0,53.670166015625
1037,12970.0,367.0,44.88964080810547
1038,12906.0,431.0,46.284061431884766
1039,12977.0,360.0,50.99585723876953
1040,12893.0,444.0,54.16633987426758
1041,12933.0,404.0,60.77290725708008
1042,12937.0,400.0,52.37809753417969
1043,12936.0,401.0,47.239017486572266
1044,12905.0,432.0,48.26451110839844
1045,12893.0,444.0,48.546268463134766
1046,12956.0,381.0,49.544273376464844
1047,12945.0,392.0,53.16362380981445
1048,12896.0,441.0,52.50104904174805
1049,12901.0,436.0,54.12746810913086
1050,12976.0,361.0,51.609886169433594
1051,12920.0,417.0,56.77565383911133
1052,12991.0,346.0,50.86467742919922
1053,12880.0,457.0,56.92531967163086
1054,12880.0,457.0,56.683658599853516
1055,12926.0,411.0,54.115657806396484
1056,13021.0,316.0,57.10845947265625
1057,12994.0,343.0,56.96540069580078
1058,12965.0,372.0,50.52204895019531
1059,12957.0,380.0,53.57293701171875
1060,12923.0,414.0,52.4044303894043
1061,12945.0,392.0,51.89173889160156
1062,12981.0,356.0,50.47771453857422
1063,12994.0,343.0,46.99225616455078
1064,12930.0,407.0,49.284751892089844
1065,12973.0,364.0,48.20345687866211
1066,12983.0,354.0,49.375877380371094
1067,12998.0,339.0,59.425106048583984
1068,12957.0,380.0,60.60768508911133
1069,12918.0,419.0,62.389244079589844
1070,12905.0,432.0,52.72844314575195
1071,13002.0,335.0,49.27752685546875
1072,12947.0,390.0,56.48219299316406
1073,12969.0,368.0,52.677757263183594
1074,12980.0,357.0,47.267250061035156
1075,12992.0,345.0,57.168113708496094
1076,12984.0,353.0,57.444313049316406
1077,12965.0,372.0,57.72998046875
1078,12926.0,411.0,53.77450942993164
1079,13012.0,325.0,54.78593444824219
1080,13031.0,306.0,55.93696975708008
1081,12949.0,388.0,53.594810485839844
1082,12949.0,388.0,51.712032318115234
1083,12976.0,361.0,55.229644775390625
1084,12952.0,385.0,53.76919937133789
1085,12960.0,377.0,50.21083068847656
1086,12888.0,449.0,58.04822540283203
1087,12900.0,437.0,51.12315368652344
1088,12953.0,384.0,57.671878814697266
1089,12931.0,406.0,62.279842376708984
1090,12956.0,381.0,61.427337646484375
1091,12932.0,405.0,62.95936584472656
1092,12946.0,391.0,59.405853271484375
1093,12955.0,382.0,53.32136917114258
1094,12971.0,366.0,53.01441955566406
1095,12968.0,369.0,58.23195266723633
1096,12979.0,358.0,56.88475799560547
1097,12930.0,407.0,55.84546661376953
1098,12994.0,343.0,52.181190490722656
1099,12947.0,390.0,58.055633544921875
1100,12992.0,345.0,53.936676025390625
1101,12969.0,368.0,53.60017013549805
1102,12923.0,414.0,64.99822998046875
1103,12930.0,407.0,58.733001708984375
1104,12874.0,463.0,58.920066833496094
1105,12845.0,492.0,59.17121124267578
1106,12882.0,455.0,56.994022369384766
1107,12936.0,401.0,52.49590301513672
1108,12943.0,394.0,56.11902618408203
1109,12965.0,372.0,58.81422805786133
1110,12960.0,377.0,58.958580017089844
1111,12916.0,421.0,55.785030364990234
1112,12966.0,371.0,52.60688781738281
1113,12926.0,411.0,54.68129348754883
1114,13047.0,290.0,53.49475860595703
1115,12890.0,447.0,63.356998443603516
1116,12892.0,445.0,57.664886474609375
1117,12926.0,411.0,55.89316177368164
1118,12943.0,394.0,58.383323669433594
1119,13016.0,321.0,58.713172912597656
1120,12931.0,406.0,52.682899475097656
1121,12959.0,378.0,52.828529357910156
1122,12969.0,368.0,53.44443130493164
1123,12886.0,451.0,58.342464447021484
1124,12907.0,430.0,52.20361328125
1125,12947.0,390.0,51.950653076171875
1126,12954.0,383.0,55.46855545043945
1127,12929.0,408.0,56.379058837890625
1128,12848.0,489.0,56.99216842651367
1129,12830.0,507.0,64.92227172851562
1130,12909.0,428.0,56.692073822021484
1131,12921.0,416.0,57.42404556274414
1132,12906.0,431.0,54.28030014038086
1133,12899.0,438.0,54.63545227050781
1134,12911.0,426.0,52.6927490234375
1135,12982.0,355.0,54.32624816894531
1136,12957.0,380.0,56.374210357666016
1137,12938.0,399.0,55.172088623046875
1138,13004.0,333.0,56.398719787597656
1139,12963.0,374.0,54.12773132324219
1140,12973.0,364.0,51.93769836425781
1141,12945.0,392.0,53.95622253417969
1142,12904.0,433.0,62.917625427246094
1143,12924.0,413.0,59.21092987060547
1144,13000.0,337.0,57.43572235107422
1145,12951.0,386.0,54.14768981933594
1146,12894.0,443.0,58.93596267700195
1147,12915.0,422.0,59.955650329589844
1148,12930.0,407.0,54.23592758178711
1149,12908.0,429.0,60.7439079284668
1150,12906.0,431.0,58.85519790649414
1151,12893.0,444.0,61.135032653808594
1152,12933.0,404.0,60.674285888671875
1153,12951.0,386.0,57.132415771484375
1154,12907.0,430.0,56.435909271240234
1155,12891.0,446.0,62.521690368652344
1156,12837.0,500.0,59.35828399658203
1157,12934.0,403.0,53.0400390625
1158,12971.0,366.0,53.4959716796875
1159,12896.0,441.0,54.28760528564453
1160,12879.0,458.0,56.1874885559082
1161,12993.0,344.0,50.22869873046875
1162,12909.0,428.0,55.01343536376953
1163,12940.0,397.0,58.20811462402344
1164,12848.0,489.0,61.06306457519531
1165,12934.0,403.0,62.49928665161133
1166,12915.0,422.0,60.54612731933594
1167,12887.0,450.0,60.332515716552734
1168,12869.0,468.0,62.97456359863281
1169,12887.0,450.0,61.111045837402344
1170,12890.0,447.0,61.650169372558594
1171,12900.0,437.0,54.02523422241211
1172,12929.0,408.0,56.53977966308594
1173,12866.0,471.0,56.7266845703125
1174,12910.0,427.0,60.071441650390625
1175,12942.0,395.0,59.73431396484375
1176,12949.0,388.0,54.935882568359375
1177,12899.0,438.0,59.3293571472168
1178,12897.0,440.0,55.11956024169922
1179,12953.0,384.0,53.278594970703125
1180,12926.0,411.0,54.686866760253906
1181,12910.0,427.0,56.01948547363281
1182,12928.0,409.0,59.75025177001953
1183,12949.0,388.0,58.45909881591797
1184,12928.0,409.0,53.245235443115234
1185,12838.0,499.0,57.433006286621094
1186,12947.0,390.0,54.63837814331055
1187,12934.0,403.0,56.72005844116211
1188,12939.0,398.0,54.88633728027344
1189,12890.0,447.0,60.89778137207031
1190,12833.0,504.0,61.40290451049805
1191,12874.0,463.0,61.948516845703125
1192,12894.0,443.0,56.2516975402832
1193,12945.0,392.0,60.72572326660156
1194,12892.0,445.0,62.52313232421875
1195,12961.0,376.0,63.738182067871094
1196,12954.0,383.0,63.03954315185547
1197,12968.0,369.0,62.53019332885742
1198,12969.0,368.0,59.91277313232422
1199,12922.0,415.0,57.110557556152344
1200,12911.0,426.0,57.28968048095703
1201,13015.0,322.0,56.28746795654297
1202,13003.0,334.0,59.442100524902344
1203,12919.0,418.0,63.6406364440918
1204,12941.0,396.0,61.9202880859375
1205,12928.0,409.0,64.28916931152344
1206,12964.0,373.0,55.684730529785156
1207,13000.0,337.0,57.03357696533203
1208,12975.0,362.0,60.93126678466797
1209,12998.0,339.0,59.33763885498047
1210,12981.0,356.0,60.97441101074219
1211,12932.0,405.0,60.65672302246094
1212,12939.0,398.0,50.091453552246094
1213,12881.0,456.0,55.43031311035156
1214,12923.0,414.0,62.58753204345703
1215,12903.0,434.0,56.32022476196289
1216,12921.0,416.0,59.751548767089844
1217,12914.0,423.0,61.012359619140625
1218,12938.0,399.0,58.250267028808594
1219,12956.0,381.0,62.25720977783203
1220,12945.0,392.0,61.407840728759766
1221,12973.0,364.0,59.58184814453125
1222,12960.0,377.0,59.39385223388672
1223,12976.0,361.0,62.712989807128906
1224,12917.0,420.0,65.71593475341797
1225,12997.0,340.0,64.39564514160156
1226,12964.0,373.0,57.59827423095703
1227,12972.0,365.0,61.17169189453125
1228,12952.0,385.0,63.53410339355469
1229,12980.0,357.0,64.41519165039062
1230,13018.0,319.0,64.08125305175781
1231,12988.0,349.0,59.27070617675781
1232,13030.0,307.0,57.74456024169922
1233,12963.0,374.0,61.56255340576172
1234,13033.0,304.0,57.339813232421875
1235,13031.0,306.0,58.02661895751953
1236,13005.0,332.0,62.024375915527344
1237,12964.0,373.0,69.90017700195312
1238,12958.0,379.0,62.33965301513672
1239,12960.0,377.0,63.108821868896484
1240,12991.0,346.0,59.95518493652344
1241,12983.0,354.0,65.38433837890625
1242,12965.0,372.0,63.586669921875
1243,12940.0,397.0,69.22764587402344
1244,12960.0,377.0,65.26355743408203
1245,12951.0,386.0,65.0444107055664
1246,12913.0,424.0,64.15791320800781
1247,12939.0,398.0,64.42760467529297
1248,12977.0,360.0,59.01416015625
1249,13008.0,329.0,57.8248291015625
1250,12970.0,367.0,63.219200134277344
1251,12987.0,350.0,60.929107666015625
1252,12964.0,373.0,56.667137145996094
1253,12949.0,388.0,63.30274963378906
1254,12965.0,372.0,65.73868560791016
1255,13010.0,327.0,70.18949127197266
1256,12908.0,429.0,64.82113647460938
1257,12982.0,355.0,63.703575134277344
1258,13049.0,288.0,61.42494201660156
1259,13002.0,335.0,65.11573791503906
1260,13005.0,332.0,61.83321762084961
1261,13016.0,321.0,60.15939712524414
1262,13062.0,275.0,62.88779067993164
1263,13094.0,243.0,63.592315673828125
1264,12987.0,350.0,59.272247314453125
1265,13023.0,314.0,59.370941162109375
1266,13065.0,272.0,58.32209777832031
1267,12998.0,339.0,65.67686462402344
1268,12955.0,382.0,62.34337615966797
1269,12973.0,364.0,67.65460968017578
1270,12948.0,389.0,72.53914642333984
1271,13037.0,300.0,65.85724639892578
1272,13057.0,280.0,68.17236328125
1273,13037.0,300.0,67.67913055419922
1274,13020.0,317.0,61.58612823486328
1275,13063.0,274.0,59.853614807128906
1276,13054.0,283.0,59.20825958251953
1277,13049.0,288.0,67.42276763916016
1278,13018.0,319.0,64.09019470214844
1279,13056.0,281.0,60.62699508666992
1280,13061.0,276.0,61.28958511352539
1281,13041.0,296.0,59.27613830566406
1282,13053.0,284.0,68.58657836914062
1283,12982.0,355.0,70.19850158691406
1284,13045.0,292.0,68.42467498779297
1285,13034.0,303.0,71.42709350585938
1286,13026.0,311.0,62.637046813964844
1287,13042.0,295.0,61.308860778808594
1288,13073.0,264.0,58.719078063964844
1289,13071.0,266.0,60.60630416870117
1290,13023.0,314.0,60.58680725097656
1291,13029.0,308.0,64.92378234863281
1292,13075.0,262.0,67.52757263183594
1293,13057.0,280.0,69.60564422607422
1294,13045.0,292.0,72.26156616210938
1295,13049.0,288.0,67.38262939453125
1296,12994.0,343.0,65.5875244140625
1297,13004.0,333.0,67.032470703125
1298,13008.0,329.0,73.9993667602539
1299,13069.0,268.0,68.38436126708984
1300,13059.0,278.0,65.81410217285156
1301,13091.0,246.0,64.46463012695312
1302,13045.0,292.0,62.30708312988281
1303,13028.0,309.0,61.880226135253906
1304,13076.0,261.0,64.60208892822266
1305,13070.0,267.0,62.78240966796875
1306,13057.0,280.0,68.7062759399414
1307,12986.0,351.0,67.40725708007812
1308,12999.0,338.0,67.51504516601562
1309,13015.0,322.0,68.37312316894531
1310,13009.0,328.0,70.46881103515625
1311,13008.0,329.0,75.51820373535156
1312,13025.0,312.0,75.51891326904297
1313,13072.0,265.0,68.75806427001953
1314,13058.0,279.0,68.03277587890625
1315,13032.0,305.0,69.6467056274414
1316,13069.0,268.0,64.99182891845703
1317,13020.0,317.0,72.75791931152344
1318,13011.0,326.0,71.34525299072266
1319,13004.0,333.0,68.49918365478516
1320,13036.0,301.0,67.64068603515625
1321,13013.0,324.0,66.39038848876953
1322,13047.0,290.0,74.07157897949219
1323,13037.0,300.0,74.97611999511719
1324,13057.0,280.0,77.30682373046875
1325,13037.0,300.0,76.08893585205078
1326,13027.0,310.0,70.10346984863281
1327,12995.0,342.0,73.67529296875
1328,13026.0,311.0,68.8314208984375
1329,13003.0,334.0,68.26142883300781
1330,12982.0,355.0,70.94952392578125
1331,12965.0,372.0,65.39619445800781
1332,13018.0,319.0,67.93028259277344
1333,13039.0,298.0,68.998291015625
1334,13031.0,306.0,66.23786926269531
1335,12950.0,387.0,73.06560516357422
1336,13027.0,310.0,66.08099365234375
1337,12990.0,347.0,69.90826416015625
1338,12953.0,384.0,71.08723449707031
1339,13033.0,304.0,67.66731262207031
1340,12973.0,364.0,73.81498718261719
1341,13009.0,328.0,71.87999725341797
1342,13005.0,332.0,67.26194763183594
1343,13025.0,312.0,66.82351684570312
1344,13015.0,322.0,69.25769805908203
1345,12963.0,374.0,69.26512908935547
1346,12987.0,350.0,69.64407348632812
1347,13024.0,313.0,64.60944366455078
1348,12997.0,340.0,71.96986389160156
1349,13059.0,278.0,67.2276382446289
1350,12977.0,360.0,71.73883056640625
1351,13055.0,282.0,65.69689178466797
1352,13092.0,245.0,64.83270263671875
1353,13056.0,281.0,66.00716400146484
1354,12994.0,343.0,66.85929107666016
1355,13072.0,265.0,71.2674560546875
1356,13120.0,217.0,69.79875183105469
1357,13037.0,300.0,67.40664672851562
1358,13040.0,297.0,71.02827453613281
1359,13056.0,281.0,71.27337646484375
1360,13118.0,219.0,65.59890747070312
1361,13064.0,273.0,74.4814682006836
1362,13063.0,274.0,72.37930297851562
1363,13071.0,266.0,71.36454772949219
1364,13022.0,315.0,68.56759643554688
1365,13051.0,286.0,67.4088134765625
1366,12995.0,342.0,65.17539978027344
1367,12995.0,342.0,70.00902557373047
1368,13011.0,326.0,73.20330810546875
1369,13064.0,273.0,79.28351593017578
1370,13092.0,245.0,71.79102325439453
1371,13054.0,283.0,71.40143585205078
1372,12998.0,339.0,72.64974975585938
1373,13084.0,253.0,67.75205993652344
1374,13061.0,276.0,73.65965270996094
1375,13049.0,288.0,77.04156494140625
1376,13045.0,292.0,71.78099822998047
1377,13075.0,262.0,68.64216613769531
1378,13096.0,241.0,70.44984436035156
1379,13092.0,245.0,67.23260498046875
1380,13084.0,253.0,66.67552947998047
1381,13077.0,260.0,77.93887329101562
1382,13047.0,290.0,84.18850708007812
1383,13096.0,241.0,72.74960327148438
1384,13063.0,274.0,76.14659118652344
1385,13094.0,243.0,74.75282287597656
1386,13102.0,235.0,67.37122344970703
1387,13057.0,280.0,72.0880126953125
1388,13065.0,272.0,76.91677856445312
1389,13102.0,235.0,71.70912170410156
1390,13064.0,273.0,70.4095458984375
1391,13034.0,303.0,71.55854797363281
1392,13043.0,294.0,79.90966033935547
1393,13107.0,230.0,63.591793060302734
1394,13083.0,254.0,72.88020324707031
1395,13041.0,296.0,87.67106628417969
1396,13076.0,261.0,80.01416015625
1397,13062.0,275.0,76.5032958984375
1398,13111.0,226.0,74.5806884765625
1399,13105.0,232.0,72.9981460571289
1400,13131.0,206.0,74.37762451171875
1401,13037.0,300.0,79.33789825439453
1402,13085.0,252.0,74.68032836914062
1403,13136.0,201.0,72.43617248535156
1404,13068.0,269.0,66.0544662475586
1405,13019.0,318.0,78.1053466796875
1406,13044.0,293.0,74.76460266113281
1407,13052.0,285.0,79.96150207519531
1408,13002.0,335.0,86.76856231689453
1409,13029.0,308.0,87.0232162475586
1410,13058.0,279.0,82.85588836669922
1411,13068.0,269.0,79.19342041015625
1412,13105.0,232.0,82.96591186523438
1413,13060.0,277.0,78.90432739257812
1414,13042.0,295.0,81.0808334350586
1415,13064.0,273.0,74.60052490234375
1416,13050.0,287.0,75.47750854492188
1417,13123.0,214.0,77.20787048339844
1418,13044.0,293.0,84.47223663330078
1419,13045.0,292.0,81.07888793945312
1420,12991.0,346.0,80.84696960449219
1421,13043.0,294.0,83.52265930175781
1422,13050.0,287.0,85.635498046875
1423,13069.0,268.0,80.35350799560547
1424,13029.0,308.0,78.4957275390625
1425,13071.0,266.0,80.07025909423828
1426,13022.0,315.0,78.6307373046875
1427,13053.0,284.0,79.55418395996094
1428,13025.0,312.0,77.53002166748047
1429,13060.0,277.0,74.59868621826172
1430,13116.0,221.0,72.72065734863281
1431,13075.0,262.0,85.72970581054688
1432,13047.0,290.0,78.2457504272461
1433,13046.0,291.0,78.2764892578125
1434,13012.0,325.0,78.28922271728516
1435,12949.0,388.0,80.486328125
1436,13023.0,314.0,78.61540222167969
1437,13065.0,272.0,77.58344268798828
1438,13047.0,290.0,80.60258483886719
1439,13051.0,286.0,85.33126831054688
1440,12973.0,364.0,84.3197021484375
1441,13043.0,294.0,80.55766296386719
1442,13057.0,280.0,77.11965942382812
1443,13062.0,275.0,80.95452117919922
1444,13046.0,291.0,82.22760772705078
1445,13074.0,263.0,82.83195495605469
1446,13058.0,279.0,79.17530822753906
1447,13062.0,275.0,81.94583129882812
1448,12990.0,347.0,85.7778549194336
1449,13017.0,320.0,85.6094970703125
1450,13021.0,316.0,83.02764129638672
1451,13062.0,275.0,76.58129119873047
1452,12997.0,340.0,87.68701171875
1453,13041.0,296.0,80.78890991210938
1454,13019.0,318.0,75.22421264648438
1455,13046.0,291.0,80.39466857910156
1456,13054.0,283.0,76.08229064941406
1457,13022.0,315.0,82.26431274414062
1458,13015.0,322.0,82.56802368164062
1459,13046.0,291.0,74.8915023803711
1460,13004.0,333.0,77.2291488647461
1461,13017.0,320.0,79.14897155761719
1462,13012.0,325.0,82.05091094970703
1463,13000.0,337.0,86.85017395019531
1464,13015.0,322.0,79.38074493408203
1465,13034.0,303.0,79.57432556152344
1466,13044.0,293.0,78.6700439453125
1467,13051.0,286.0,76.6103744506836
1468,13027.0,310.0,75.17913818359375
1469,13047.0,290.0,73.13761901855469
1470,13033.0,304.0,74.85588836669922
1471,13014.0,323.0,80.51332092285156
1472,13080.0,257.0,82.88459777832031
1473,13058.0,279.0,82.55738830566406
1474,13084.0,253.0,75.3907699584961
1475,13014.0,323.0,82.22803497314453
1476,13009.0,328.0,82.07027435302734
1477,13010.0,327.0,86.93399810791016
1478,13043.0,294.0,80.76420593261719
1479,13040.0,297.0,77.82154083251953
1480,13056.0,281.0,80.92201232910156
1481,13039.0,298.0,76.93429565429688
1482,13087.0,250.0,75.42780303955078
1483,13030.0,307.0,85.10546875
1484,13002.0,335.0,85.48348999023438
1485,13013.0,324.0,82.39114379882812
1486,13030.0,307.0,80.04084014892578
1487,13056.0,281.0,90.29997253417969
1488,13009.0,328.0,88.46318817138672
1489,13029.0,308.0,85.26663208007812
1490,13081.0,256.0,88.34325408935547
1491,13037.0,300.0,87.27023315429688
1492,13134.0,203.0,77.89240264892578
1493,13101.0,236.0,78.59234619140625
1494,13053.0,284.0,78.15804290771484
1495,13038.0,299.0,77.92918395996094
1496,13042.0,295.0,82.56694030761719
1497,13028.0,309.0,85.5759506225586
1498,13058.0,279.0,82.16999816894531
1499,13088.0,249.0,82.74832153320312
1500,13063.0,274.0,90.35572814941406
1501,13004.0,333.0,87.101806640625
1502,13004.0,333.0,86.92418670654297
1503,12978.0,359.0,90.5927734375
1504,13009.0,328.0,89.48680114746094
1505,13060.0,277.0,86.24067687988281
1506,13074.0,263.0,86.33479309082031
1507,13104.0,233.0,84.73114776611328
1508,13077.0,260.0,81.98979187011719
1509,13088.0,249.0,81.35189056396484
1510,12996.0,341.0,85.26856994628906
1511,12991.0,346.0,93.01370239257812
1512,13032.0,305.0,93.20724487304688
1513,13031.0,306.0,92.33769989013672
1514,12996.0,341.0,92.34584045410156
1515,13018.0,319.0,92.2985610961914
1516,12982.0,355.0,94.01174926757812
1517,12983.0,354.0,94.61258697509766
1518,12987.0,350.0,85.79117584228516
1519,13009.0,328.0,82.04010009765625
1520,13036.0,301.0,84.41229248046875
1521,13053.0,284.0,81.68896484375
1522,13047.0,290.0,76.14971160888672
1523,13019.0,318.0,82.77912902832031
1524,13065.0,272.0,87.17581939697266
1525,13076.0,261.0,88.4169692993164
1526,13094.0,243.0,85.14921569824219
1527,13083.0,254.0,90.27755737304688
1528,13127.0,210.0,91.39434051513672
1529,13068.0,269.0,95.52409362792969
1530,13058.0,279.0,93.38356018066406
1531,13099.0,238.0,89.99075317382812
1532,13081.0,256.0,90.71466064453125
1533,13067.0,270.0,84.33293914794922
1534,13091.0,246.0,82.99691772460938
1535,13069.0,268.0,80.95223999023438
1536,13106.0,231.0,82.68683624267578
1537,13051.0,286.0,89.05158233642578
1538,13048.0,289.0,89.142578125
1539,13079.0,258.0,88.6249771118164
1540,13038.0,299.0,87.36280059814453
1541,13098.0,239.0,83.98765563964844
1542,13021.0,316.0,86.7012939453125
1543,13053.0,284.0,87.14938354492188
1544,13086.0,251.0,87.43621826171875
1545,13058.0,279.0,86.260498046875
1546,13063.0,274.0,86.90296936035156
1547,13065.0,272.0,83.5799789428711
1548,13033.0,304.0,85.66931915283203
1549,13071.0,266.0,80.46923828125
1550,13076.0,261.0,89.85924530029297
1551,13082.0,255.0,92.25965881347656
1552,13083.0,254.0,86.73188781738281
1553,13093.0,244.0,88.02322387695312
1554,13079.0,258.0,87.96900939941406
1555,13123.0,214.0,85.80625915527344
1556,13087.0,250.0,85.09600830078125
1557,13120.0,217.0,87.62663269042969
1558,13075.0,262.0,88.24526977539062
1559,13070.0,267.0,92.57020568847656
1560,13124.0,213.0,91.78614044189453
1561,13072.0,265.0,92.13658142089844
1562,13084.0,253.0,84.85781860351562
1563,13115.0,222.0,87.00415802001953
1564,13107.0,230.0,87.55609893798828
1565,13067.0,270.0,91.0771484375
1566,13066.0,271.0,97.59721374511719
1567,13071.0,266.0,86.34466552734375
1568,13108.0,229.0,86.04576110839844
1569,13087.0,250.0,84.58645629882812
1570,13090.0,247.0,93.28776550292969
1571,13080.0,257.0,94.10295104980469
1572,13049.0,288.0,98.06018829345703
1573,13077.0,260.0,96.30047607421875
1574,13060.0,277.0,91.51346588134766
1575,13095.0,242.0,86.24284362792969
1576,13036.0,301.0,91.2991943359375
1577,13107.0,230.0,93.95631408691406
1578,13096.0,241.0,95.26753234863281
1579,13075.0,262.0,94.57852935791016
1580,13095.0,242.0,92.4815444946289
1581,13096.0,241.0,96.32288360595703
1582,13150.0,187.0,92.03292846679688
1583,13097.0,240.0,99.75509643554688
1584,13092.0,245.0,87.87734985351562
1585,13074.0,263.0,89.84175109863281
1586,13078.0,259.0,92.56603240966797
1587,13058.0,279.0,95.34434509277344
1588,13066.0,271.0,92.8935317993164
1589,13041.0,296.0,96.07758331298828
1590,12991.0,346.0,102.77924346923828
1591,13022.0,315.0,100.43740844726562
1592,13050.0,287.0,101.89219665527344
1593,13049.0,288.0,102.77320861816406
1594,13018.0,319.0,99.4594497680664
1595,12998.0,339.0,101.14952087402344
1596,12987.0,350.0,98.51461029052734
1597,12989.0,348.0,96.67129516601562
1598,13005.0,332.0,98.26840209960938
1599,13018.0,319.0,94.12910461425781
1600,13026.0,311.0,94.79411315917969
1601,13048.0,289.0,95.5440902709961
1602,13005.0,332.0,96.5478286743164
1603,12978.0,359.0,104.39532470703125
1604,13027.0,310.0,105.97093200683594
1605,13030.0,307.0,107.84809875488281
1606,13069.0,268.0,99.29700469970703
1607,13077.0,260.0,100.7034912109375
1608,13068.0,269.0,99.26150512695312
1609,13077.0,260.0,97.98576354980469
1610,13071.0,266.0,103.79661560058594
1611,13020.0,317.0,100.41230773925781
1612,13070.0,267.0,96.51863861083984
1613,13070.0,267.0,94.36592864990234
1614,13078.0,259.0,97.63336181640625
1615,13060.0,277.0,98.015869140625
1616,13034.0,303.0,100.61921691894531
1617,13052.0,285.0,99.41011047363281
1618,13060.0,277.0,100.70580291748047
1619,13092.0,245.0,96.54647827148438
1620,13036.0,301.0,105.49695587158203
1621,13046.0,291.0,100.94136810302734
1622,13023.0,314.0,100.55792999267578
1623,13082.0,255.0,105.76669311523438
1624,13055.0,282.0,97.53003692626953
1625,13016.0,321.0,93.56988525390625
1626,13008.0,329.0,97.07061004638672
1627,13017.0,320.0,98.50350952148438
1628,13008.0,329.0,91.50186157226562
1629,12982.0,355.0,102.79470825195312
1630,13024.0,313.0,97.67506408691406
1631,13035.0,302.0,99.50686645507812
1632,13082.0,255.0,90.62684631347656
1633,12999.0,338.0,94.79290008544922
1634,13004.0,333.0,106.2657699584961
1635,13031.0,306.0,99.938232421875
1636,13028.0,309.0,101.3066177368164
1637,13074.0,263.0,96.876708984375
1638,13087.0,250.0,93.8861083984375
1639,13072.0,265.0,93.77159118652344
1640,13063.0,274.0,89.70590209960938
1641,13050.0,287.0,93.7075424194336
1642,13043.0,294.0,96.55496215820312
1643,13089.0,248.0,93.17388916015625
1644,13063.0,274.0,95.41182708740234
1645,13085.0,252.0,89.65955352783203
1646,13129.0,208.0,91.13288116455078
1647,13060.0,277.0,102.17623901367188
1648,13036.0,301.0,107.76095581054688
1649,13082.0,255.0,100.30723571777344
1650,13040.0,297.0,98.12975311279297
1651,13104.0,233.0,91.10147094726562
1652,13148.0,189.0,92.07160949707031
1653,13118.0,219.0,97.41130065917969
1654,13085.0,252.0,96.14712524414062
1655,13085.0,252.0,95.20267486572266
1656,13123.0,214.0,94.89774322509766
1657,13081.0,256.0,96.95719909667969
1658,13075.0,262.0,89.8365249633789
1659,13155.0,182.0,89.69192504882812
1660,13085.0,252.0,97.85401153564453
1661,13069.0,268.0,102.22696685791016
1662,12993.0,344.0,107.75846099853516
1663,13081.0,256.0,102.24937438964844
1664,13094.0,243.0,98.16725158691406
1665,13117.0,220.0,94.0335922241211
1666,13117.0,220.0,102.43354797363281
1667,13087.0,250.0,100.57994842529297
1668,13074.0,263.0,95.59490966796875
1669,13119.0,218.0,95.87699890136719
1670,13058.0,279.0,98.98011779785156
1671,13025.0,312.0,96.23062133789062
1672,13096.0,241.0,84.34768676757812
1673,13065.0,272.0,99.82462310791016
1674,13074.0,263.0,105.38670349121094
1675,13002.0,335.0,113.51589965820312
1676,13096.0,241.0,105.27132415771484
1677,13102.0,235.0,100.71875762939453
1678,13175.0,162.0,91.15137481689453
1679,13123.0,214.0,101.44456481933594
1680,13103.0,234.0,97.21324157714844
1681,13054.0,283.0,102.01321411132812
1682,13126.0,211.0,101.47906494140625
1683,13097.0,240.0,101.2401351928711
1684,13036.0,301.0,99.03851318359375
1685,13144.0,193.0,90.51630401611328
1686,13106.0,231.0,98.7569808959961
1687,13102.0,235.0,103.94941711425781
1688,13069.0,268.0,113.89396667480469
1689,13134.0,203.0,108.73543548583984
1690,13072.0,265.0,106.08245849609375
1691,13133.0,204.0,97.11305236816406
1692,13126.0,211.0,96.63267517089844
1693,13095.0,242.0,98.05328369140625
1694,13075.0,262.0,105.94727325439453
1695,13091.0,246.0,100.42100524902344
1696,13101.0,236.0,106.02508544921875
1697,13091.0,246.0,108.63328552246094
1698,13117.0,220.0,100.48097229003906
1699,13095.0,242.0,104.06388092041016
1700,13113.0,224.0,104.7774658203125
1701,13054.0,283.0,111.12307739257812
1702,13070.0,267.0,108.06865692138672
1703,13093.0,244.0,109.47804260253906
1704,13092.0,245.0,106.69966125488281
1705,13097.0,240.0,103.71845245361328
1706,13112.0,225.0,105.8179702758789
1707,13106.0,231.0,107.02532958984375
1708,13078.0,259.0,109.20301055908203
1709,13106.0,231.0,109.62934112548828
1710,13034.0,303.0,111.52303314208984
1711,13086.0,251.0,108.05520629882812
1712,13100.0,237.0,106.18700408935547
1713,13078.0,259.0,109.19119262695312
1714,12997.0,340.0,112.52213287353516
1715,13010.0,327.0,112.08230590820312
1716,13068.0,269.0,107.63014221191406
1717,13052.0,285.0,104.65625
1718,13011.0,326.0,103.35539245605469
1719,13076.0,261.0,103.82818603515625
1720,13058.0,279.0,106.38253784179688
1721,13135.0,202.0,104.47420501708984
1722,13140.0,197.0,103.86514282226562
1723,13092.0,245.0,108.94037628173828
1724,13114.0,223.0,117.41848754882812
1725,13118.0,219.0,110.39921569824219
1726,13114.0,223.0,103.43963623046875
1727,13024.0,313.0,109.22905731201172
1728,13085.0,252.0,105.40528869628906
1729,13081.0,256.0,111.2825927734375
1730,13129.0,208.0,107.10330200195312
1731,13122.0,215.0,105.23270416259766
1732,13097.0,240.0,106.26397705078125
1733,13108.0,229.0,111.0357437133789
1734,13105.0,232.0,113.09176635742188
1735,13103.0,234.0,108.1966323852539
1736,13097.0,240.0,106.8900375366211
1737,13086.0,251.0,112.56571960449219
1738,13033.0,304.0,121.51596069335938
1739,13088.0,249.0,113.28457641601562
1740,13008.0,329.0,117.37295532226562
1741,13074.0,263.0,110.26771545410156
1742,13110.0,227.0,108.56522369384766
1743,13106.0,231.0,106.87306213378906
1744,13064.0,273.0,104.14913177490234
1745,13075.0,262.0,110.21721649169922
1746,13089.0,248.0,111.37235260009766
1747,13078.0,259.0,112.56204223632812
1748,13053.0,284.0,113.21927642822266
1749,13126.0,211.0,107.20895385742188
1750,13162.0,175.0,106.05975341796875
1751,13080.0,257.0,116.53619384765625
1752,13075.0,262.0,114.63702392578125
1753,13079.0,258.0,113.41413879394531
1754,13077.0,260.0,113.28254699707031
1755,13079.0,258.0,103.91903686523438
1756,13097.0,240.0,99.92024230957031
1757,13112.0,225.0,99.70314025878906
1758,13075.0,262.0,113.46609497070312
1759,13082.0,255.0,116.52806091308594
1760,13128.0,209.0,110.6197280883789
1761,13041.0,296.0,113.19645690917969
1762,13100.0,237.0,107.63473510742188
1763,13117.0,220.0,103.40133666992188
1764,13093.0,244.0,115.991455078125
1765,13072.0,265.0,119.04473876953125
1766,13113.0,224.0,120.4629135131836
1767,13063.0,274.0,117.45372009277344
1768,13055.0,282.0,114.07292938232422
1769,13140.0,197.0,106.2328872680664
1770,13167.0,170.0,105.27688598632812
1771,13171.0,166.0,108.14350891113281
1772,13149.0,188.0,112.82018280029297
1773,13157.0,180.0,107.85673522949219
1774,13113.0,224.0,113.30811309814453
1775,13148.0,189.0,105.30545043945312
1776,13164.0,173.0,104.98544311523438
1777,13147.0,190.0,116.17010498046875
1778,13106.0,231.0,129.12130737304688
1779,13132.0,205.0,119.79600524902344
1780,13076.0,261.0,116.94905090332031
1781,13064.0,273.0,118.54410552978516
1782,13140.0,197.0,119.76112365722656
1783,13176.0,161.0,113.77571868896484
1784,13173.0,164.0,110.14910888671875
1785,13131.0,206.0,114.80845642089844
1786,13125.0,212.0,116.09580993652344
1787,13058.0,279.0,114.31765747070312
1788,13117.0,220.0,113.52372741699219
1789,13158.0,179.0,110.85566711425781
1790,13188.0,149.0,118.089599609375
1791,13128.0,209.0,120.23611450195312
1792,13169.0,168.0,116.39508056640625
1793,13119.0,218.0,117.0277099609375
1794,13087.0,250.0,119.76160430908203
1795,13161.0,176.0,113.03717803955078
1796,13161.0,176.0,107.64059448242188
1797,13139.0,198.0,106.30683898925781
1798,13127.0,210.0,104.89744567871094
1799,13176.0,161.0,101.37515258789062
1800,13116.0,221.0,109.90371704101562
1801,13121.0,216.0,112.82691955566406
1802,13175.0,162.0,105.68624877929688
1803,13124.0,213.0,115.31281280517578
1804,13123.0,214.0,118.94029235839844
1805,13157.0,180.0,111.28091430664062
1806,13170.0,167.0,117.11126708984375
1807,13112.0,225.0,123.18206787109375
1808,13150.0,187.0,115.5279541015625
1809,13160.0,177.0,113.69992065429688
1810,13124.0,213.0,114.28622436523438
1811,13138.0,199.0,107.63353729248047
1812,13156.0,181.0,103.94573211669922
1813,13152.0,185.0,111.89717102050781
1814,13108.0,229.0,118.01138305664062
1815,13146.0,191.0,112.76588439941406
1816,13102.0,235.0,120.05409240722656
1817,13128.0,209.0,119.9343032836914
1818,13128.0,209.0,118.6075439453125
1819,13140.0,197.0,118.67933654785156
1820,13143.0,194.0,117.7535171508789
1821,13155.0,182.0,115.81327056884766
1822,13163.0,174.0,112.42716979980469
1823,13145.0,192.0,112.1987075805664
1824,13167.0,170.0,112.07676696777344
1825,13176.0,161.0,111.34455871582031
1826,13206.0,131.0,113.52116394042969
1827,13181.0,156.0,116.56993103027344
1828,13245.0,92.0,112.53792572021484
1829,13170.0,167.0,123.73533630371094
1830,13156.0,181.0,125.1473617553711
1831,13202.0,135.0,116.9605712890625
1832,13172.0,165.0,123.45765686035156
1833,13161.0,176.0,120.01840209960938
1834,13166.0,171.0,114.885498046875
1835,13180.0,157.0,118.64811706542969
1836,13157.0,180.0,122.19439697265625
1837,13131.0,206.0,124.70870971679688
1838,13148.0,189.0,122.40096282958984
1839,13177.0,160.0,118.88723754882812
1840,13124.0,213.0,126.01507568359375
1841,13193.0,144.0,122.33795166015625
1842,13165.0,172.0,125.70811462402344
1843,13158.0,179.0,129.31069946289062
1844,13193.0,144.0,120.0746078491211
1845,13172.0,165.0,123.25643920898438
1846,13175.0,162.0,122.46334838867188
1847,13190.0,147.0,119.67507934570312
1848,13182.0,155.0,123.12124633789062
1849,13172.0,165.0,123.26547241210938
1850,13194.0,143.0,129.4736785888672
1851,13175.0,162.0,125.451171875
1852,13235.0,102.0,120.5394287109375
1853,13171.0,166.0,122.11534118652344
1854,13207.0,130.0,116.10892486572266
1855,13158.0,179.0,126.41731262207031
1856,13154.0,183.0,133.06069946289062
1857,13182.0,155.0,130.7954559326172
1858,13183.0,154.0,127.2945556640625
1859,13188.0,149.0,131.01251220703125
1860,13215.0,122.0,125.80215454101562
1861,13207.0,130.0,129.2572021484375
1862,13180.0,157.0,130.233642578125
1863,13159.0,178.0,128.03121948242188
1864,13177.0,160.0,127.81265258789062
1865,13209.0,128.0,119.63287353515625
1866,13154.0,183.0,115.30570983886719
1867,13231.0,106.0,113.07633972167969
1868,13193.0,144.0,117.94755554199219
1869,13158.0,179.0,134.40985107421875
1870,13192.0,145.0,130.21742248535156
1871,13202.0,135.0,126.43260192871094
1872,13174.0,163.0,128.69140625
1873,13183.0,154.0,120.15892028808594
1874,13188.0,149.0,122.2364730834961
1875,13188.0,149.0,128.86203002929688
1876,13144.0,193.0,133.6900177001953
1877,13183.0,154.0,124.99557495117188
1878,13186.0,151.0,120.4580078125
1879,13197.0,140.0,123.38822937011719
1880,13168.0,169.0,121.96414947509766
1881,13182.0,155.0,125.6197509765625
1882,13114.0,223.0,134.150390625
1883,13152.0,185.0,126.72955322265625
1884,13197.0,140.0,126.6204833984375
1885,13157.0,180.0,132.5565643310547
1886,13218.0,119.0,127.58759307861328
1887,13196.0,141.0,126.50403594970703
1888,13181.0,156.0,129.83668518066406
1889,13192.0,145.0,128.37664794921875
1890,13189.0,148.0,121.58627319335938
1891,13200.0,137.0,122.70196533203125
1892,13157.0,180.0,134.08189392089844
1893,13233.0,104.0,127.69474792480469
1894,13204.0,133.0,125.7864990234375
1895,13165.0,172.0,125.44062805175781
1896,13178.0,159.0,121.84086608886719
1897,13194.0,143.0,122.00482177734375
1898,13175.0,162.0,126.20350646972656
1899,13216.0,121.0,123.48603820800781
1900,13214.0,123.0,124.44819641113281
1901,13182.0,155.0,127.86426544189453
1902,13192.0,145.0,127.26034545898438
1903,13225.0,112.0,127.57577514648438
1904,13227.0,110.0,124.55838012695312
1905,13179.0,158.0,128.53762817382812
1906,13224.0,113.0,122.07710266113281
1907,13213.0,124.0,123.18028259277344
1908,13228.0,109.0,124.7613296508789
1909,13191.0,146.0,131.10601806640625
1910,13211.0,126.0,128.30877685546875
1911,13182.0,155.0,131.47854614257812
1912,13225.0,112.0,126.95401763916016
1913,13212.0,125.0,122.64706420898438
1914,13191.0,146.0,121.01000213623047
1915,13199.0,138.0,121.39306640625
1916,13199.0,138.0,123.3638916015625
1917,13199.0,138.0,121.72616577148438
1918,13193.0,144.0,127.1843032836914
1919,13232.0,105.0,124.58757019042969
1920,13213.0,124.0,134.0229034423828
1921,13204.0,133.0,130.4115753173828
1922,13191.0,146.0,129.5755157470703
1923,13223.0,114.0,128.37905883789062
1924,13209.0,128.0,132.0288848876953
1925,13237.0,100.0,126.1177978515625
1926,13245.0,92.0,129.418701171875
1927,13187.0,150.0,133.28659057617188
1928,13230.0,107.0,131.54254150390625
1929,13234.0,103.0,130.20901489257812
1930,13221.0,116.0,129.3545684814453
1931,13169.0,168.0,135.43833923339844
1932,13209.0,128.0,132.6177978515625
1933,13213.0,124.0,132.64808654785156
1934,13213.0,124.0,132.02467346191406
1935,13207.0,130.0,134.0609130859375
1936,13226.0,111.0,131.67190551757812
1937,13157.0,180.0,135.5324249267578
1938,13223.0,114.0,129.2926025390625
1939,13222.0,115.0,127.90767669677734
1940,13201.0,136.0,135.05117797851562
1941,13235.0,102.0,131.07577514648438
1942,13239.0,98.0,124.46145629882812
1943,13223.0,114.0,123.28140258789062
1944,13228.0,109.0,131.35671997070312
1945,13282.0,55.0,128.27667236328125
1946,13244.0,93.0,136.86085510253906
1947,13216.0,121.0,139.666748046875
1948,13232.0,105.0,136.10507202148438
1949,13239.0,98.0,129.79000854492188
1950,13230.0,107.0,125.93844604492188
1951,13223.0,114.0,127.83145141601562
1952,13241.0,96.0,130.06735229492188
1953,13219.0,118.0,134.037353515625
1954,13245.0,92.0,130.2723388671875
1955,13248.0,89.0,131.97434997558594
1956,13248.0,89.0,134.72372436523438
1957,13199.0,138.0,140.80526733398438
1958,13236.0,101.0,134.75112915039062
1959,13247.0,90.0,128.90213012695312
1960,13255.0,82.0,128.4936981201172
1961,13242.0,95.0,127.88723754882812
1962,13260.0,77.0,126.29283905029297
1963,13243.0,94.0,128.94638061523438
1964,13246.0,91.0,134.90931701660156
1965,13234.0,103.0,137.14126586914062
1966,13218.0,119.0,137.56942749023438
1967,13240.0,97.0,132.9488525390625
1968,13254.0,83.0,130.21807861328125
1969,13222.0,115.0,132.4941864013672
1970,13181.0,156.0,131.06002807617188
1971,13214.0,123.0,127.69815826416016
1972,13232.0,105.0,124.2278823852539
1973,13231.0,106.0,129.26388549804688
1974,13245.0,92.0,131.9705352783203
1975,13233.0,104.0,135.07618713378906
1976,13206.0,131.0,136.93896484375
1977,13246.0,91.0,135.93504333496094
1978,13237.0,100.0,133.41259765625
1979,13232.0,105.0,134.19810485839844
1980,13225.0,112.0,128.7194366455078
1981,13242.0,95.0,126.93643951416016
1982,13228.0,109.0,128.01095581054688
1983,13232.0,105.0,132.701416015625
1984,13211.0,126.0,132.01918029785156
1985,13238.0,99.0,129.87686157226562
1986,13241.0,96.0,129.5421600341797
1987,13243.0,94.0,134.3018341064453
1988,13233.0,104.0,137.32862854003906
1989,13253.0,84.0,136.53384399414062
1990,13259.0,78.0,136.01136779785156
1991,13247.0,90.0,135.88339233398438
1992,13242.0,95.0,135.94424438476562
1993,13241.0,96.0,133.31585693359375
1994,13214.0,123.0,134.0932159423828
1995,13266.0,71.0,134.75144958496094
1996,13257.0,80.0,139.0301513671875
1997,13219.0,118.0,138.86814880371094
1998,13231.0,106.0,137.78306579589844
1999,13245.0,92.0,138.32154846191406
2000,13270.0,67.0,134.11724853515625
2001,13242.0,95.0,132.9752655029297
2002,13259.0,78.0,133.07220458984375
2003,13235.0,102.0,134.62774658203125
2004,13245.0,92.0,138.40675354003906
2005,13244.0,93.0,138.58926391601562
2006,13220.0,117.0,133.53707885742188
2007,13224.0,113.0,134.79380798339844
2008,13238.0,99.0,133.37786865234375
2009,13209.0,128.0,142.06326293945312
2010,13212.0,125.0,144.78785705566406
2011,13220.0,117.0,141.4812774658203
2012,13215.0,122.0,140.1864471435547
2013,13232.0,105.0,135.6976318359375
2014,13215.0,122.0,139.7534942626953
2015,13235.0,102.0,136.33517456054688
2016,13233.0,104.0,141.23214721679688
2017,13238.0,99.0,138.96463012695312
2018,13251.0,86.0,138.43174743652344
2019,13259.0,78.0,133.8587188720703
2020,13260.0,77.0,130.89173889160156
2021,13270.0,67.0,131.04347229003906
2022,13239.0,98.0,136.64810180664062
2023,13222.0,115.0,139.17776489257812
2024,13253.0,84.0,135.53990173339844
2025,13239.0,98.0,140.7931365966797
2026,13250.0,87.0,141.6712646484375
2027,13258.0,79.0,140.8682098388672
2028,13274.0,63.0,136.3002166748047
2029,13254.0,83.0,131.96807861328125
2030,13244.0,93.0,139.1018524169922
2031,13272.0,65.0,137.28863525390625
2032,13256.0,81.0,130.29783630371094
2033,13256.0,81.0,133.15432739257812
2034,13256.0,81.0,139.78790283203125
2035,13278.0,59.0,141.16775512695312
2036,13227.0,110.0,148.3355712890625
2037,13274.0,63.0,145.47747802734375
2038,13253.0,84.0,146.01983642578125
2039,13253.0,84.0,138.88661193847656
2040,13245.0,92.0,137.989501953125
2041,13231.0,106.0,142.02845764160156
2042,13270.0,67.0,140.29556274414062
2043,13270.0,67.0,143.1534881591797
2044,13248.0,89.0,139.54319763183594
2045,13278.0,59.0,138.0299530029297
2046,13271.0,66.0,141.42352294921875
2047,13261.0,76.0,145.83648681640625
2048,13274.0,63.0,146.0693817138672
2049,13237.0,100.0,146.4251251220703
2050,13284.0,53.0,142.53062438964844
2051,13268.0,69.0,141.04415893554688
2052,13278.0,59.0,139.6092529296875
2053,13264.0,73.0,137.3771514892578
2054,13268.0,69.0,136.83245849609375
2055,13264.0,73.0,133.94384765625
2056,13257.0,80.0,138.48919677734375
2057,13263.0,74.0,143.52322387695312
2058,13292.0,45.0,136.585693359375
2059,13284.0,53.0,141.4853057861328
2060,13280.0,57.0,146.6339569091797
2061,13262.0,75.0,144.27508544921875
2062,13259.0,78.0,144.64002990722656
2063,13270.0,67.0,136.24038696289062
2064,13268.0,69.0,138.4759521484375
2065,13267.0,70.0,137.77255249023438
2066,13266.0,71.0,141.16053771972656
2067,13270.0,67.0,140.95822143554688
2068,13298.0,39.0,137.5279541015625
2069,13286.0,51.0,141.3323516845703
2070,13279.0,58.0,138.69088745117188
2071,13290.0,47.0,134.1097412109375
2072,13275.0,62.0,136.89991760253906
2073,13291.0,46.0,136.50856018066406
2074,13285.0,52.0,140.12539672851562
2075,13256.0,81.0,147.56655883789062
2076,13294.0,43.0,147.49215698242188
2077,13275.0,62.0,146.9628143310547
2078,13265.0,72.0,147.58895874023438
2079,13284.0,53.0,145.1986846923828
2080,13268.0,69.0,141.11691284179688
2081,13294.0,43.0,137.6996307373047
2082,13286.0,51.0,142.41748046875
2083,13284.0,53.0,142.0286865234375
2084,13295.0,42.0,137.71932983398438
2085,13275.0,62.0,142.86895751953125
2086,13277.0,60.0,140.42018127441406
2087,13284.0,53.0,145.31155395507812
2088,13259.0,78.0,151.066650390625
2089,13280.0,57.0,143.10850524902344
2090,13276.0,61.0,140.151611328125
2091,13249.0,88.0,142.51779174804688
2092,13253.0,84.0,149.33071899414062
2093,13273.0,64.0,146.49127197265625
2094,13304.0,33.0,141.19329833984375
2095,13277.0,60.0,148.36187744140625
2096,13287.0,50.0,146.8544921875
2097,13291.0,46.0,145.47239685058594
2098,13287.0,50.0,146.47952270507812
2099,13295.0,42.0,143.02780151367188
2100,13277.0,60.0,139.94461059570312
2101,13268.0,69.0,142.11119079589844
2102,13280.0,57.0,144.842529296875
2103,13278.0,59.0,146.81866455078125
2104,13267.0,70.0,147.99557495117188
2105,13265.0,72.0,150.42523193359375
2106,13274.0,63.0,148.71066284179688
2107,13293.0,44.0,144.51535034179688
2108,13282.0,55.0,143.0491485595703
2109,13289.0,48.0,138.06546020507812
2110,13291.0,46.0,139.35214233398438
2111,13297.0,40.0,141.68678283691406
2112,13291.0,46.0,137.51748657226562
2113,13255.0,82.0,137.9678192138672
2114,13283.0,54.0,138.59434509277344
2115,13303.0,34.0,139.9697723388672
2116,13283.0,54.0,141.2235870361328
2117,13290.0,47.0,147.50473022460938
2118,13260.0,77.0,148.7970428466797
2119,13275.0,62.0,146.97303771972656
2120,13301.0,36.0,142.69192504882812
2121,13286.0,51.0,140.29676818847656
2122,13301.0,36.0,138.04139709472656
2123,13297.0,40.0,132.61373901367188
2124,13283.0,54.0,137.44223022460938
2125,13282.0,55.0,140.46588134765625
2126,13283.0,54.0,146.65597534179688
2127,13278.0,59.0,147.30796813964844
2128,13292.0,45.0,143.3214874267578
2129,13293.0,44.0,141.0725860595703
2130,13282.0,55.0,144.79644775390625
2131,13270.0,67.0,144.73818969726562
2132,13287.0,50.0,141.10955810546875
2133,13299.0,38.0,134.16140747070312
2134,13296.0,41.0,136.88214111328125
2135,13265.0,72.0,138.662109375
2136,13302.0,35.0,135.27691650390625
2137,13293.0,44.0,140.26165771484375
2138,13283.0,54.0,145.52047729492188
2139,13290.0,47.0,145.83343505859375
2140,13265.0,72.0,148.71551513671875
2141,13298.0,39.0,144.14089965820312
2142,13297.0,40.0,136.17605590820312
2143,13306.0,31.0,139.9857940673828
2144,13284.0,53.0,145.30514526367188
2145,13284.0,53.0,139.88232421875
2146,13312.0,25.0,135.174072265625
2147,13282.0,55.0,137.5435333251953
2148,13282.0,55.0,141.56375122070312
2149,13311.0,26.0,139.38421630859375
2150,13287.0,50.0,142.07481384277344
2151,13270.0,67.0,143.81680297851562
2152,13289.0,48.0,143.97732543945312
2153,13300.0,37.0,149.05926513671875
2154,13299.0,38.0,143.42918395996094
2155,13300.0,37.0,142.93341064453125
2156,13296.0,41.0,148.8182373046875
2157,13290.0,47.0,148.117431640625
2158,13282.0,55.0,145.71792602539062
2159,13306.0,31.0,137.30413818359375
2160,13300.0,37.0,135.9011688232422
2161,13308.0,29.0,136.22918701171875
2162,13307.0,30.0,135.16128540039062
2163,13299.0,38.0,138.79971313476562
2164,13293.0,44.0,144.0012969970703
2165,13304.0,33.0,144.02658081054688
2166,13282.0,55.0,143.33193969726562
2167,13291.0,46.0,141.7935791015625
2168,13294.0,43.0,141.21343994140625
2169,13294.0,43.0,140.60720825195312
2170,13280.0,57.0,144.3191680908203
2171,13293.0,44.0,143.04092407226562
2172,13304.0,33.0,135.49778747558594
2173,13303.0,34.0,138.9033203125
2174,13284.0,53.0,139.73751831054688
2175,13306.0,31.0,138.78712463378906
2176,13296.0,41.0,139.68296813964844
2177,13293.0,44.0,144.1756591796875
2178,13312.0,25.0,143.59475708007812
2179,13305.0,32.0,147.3526611328125
2180,13310.0,27.0,141.1332550048828
2181,13311.0,26.0,138.39169311523438
2182,13308.0,29.0,137.04759216308594
2183,13290.0,47.0,142.54112243652344
2184,13294.0,43.0,140.69703674316406
2185,13312.0,25.0,137.97796630859375
2186,13299.0,38.0,139.7675018310547
2187,13306.0,31.0,140.2565155029297
2188,13320.0,17.0,139.9725799560547
2189,13302.0,35.0,140.67056274414062
2190,13294.0,43.0,142.3563232421875
2191,13295.0,42.0,142.9593505859375
2192,13279.0,58.0,145.96591186523438
2193,13299.0,38.0,143.58737182617188
2194,13301.0,36.0,141.9570770263672
2195,13300.0,37.0,141.5365753173828
2196,13287.0,50.0,142.93157958984375
2197,13292.0,45.0,144.74591064453125
2198,13310.0,27.0,144.48117065429688
2199,13302.0,35.0,150.19216918945312
2200,13311.0,26.0,148.76344299316406
2201,13315.0,22.0,141.54205322265625
2202,13305.0,32.0,141.02114868164062
2203,13304.0,33.0,141.66995239257812
2204,13312.0,25.0,139.4093780517578
2205,13304.0,33.0,143.0718994140625
2206,13307.0,30.0,144.0812225341797
2207,13310.0,27.0,144.74575805664062
2208,13312.0,25.0,143.3975830078125
2209,13282.0,55.0,146.48153686523438
2210,13295.0,42.0,149.2198944091797
2211,13324.0,13.0,147.1695098876953
2212,13294.0,43.0,149.83432006835938
2213,13304.0,33.0,146.06883239746094
2214,13313.0,24.0,138.14523315429688
2215,13315.0,22.0,138.53887939453125
2216,13310.0,27.0,137.07235717773438
2217,13327.0,10.0,140.59689331054688
2218,13300.0,37.0,145.15103149414062
2219,13304.0,33.0,146.94955444335938
2220,13306.0,31.0,142.55023193359375
2221,13307.0,30.0,141.71742248535156
2222,13269.0,68.0,146.82772827148438
2223,13269.0,68.0,149.16818237304688
2224,13284.0,53.0,148.02728271484375
2225,13284.0,53.0,148.8690948486328
2226,13289.0,48.0,146.589111328125
2227,13321.0,16.0,137.77716064453125
2228,13300.0,37.0,141.61898803710938
2229,13307.0,30.0,144.03773498535156
2230,13320.0,17.0,142.06832885742188
2231,13319.0,18.0,141.41647338867188
2232,13304.0,33.0,138.769287109375
2233,13311.0,26.0,136.2418975830078
2234,13313.0,24.0,140.355712890625
2235,13291.0,46.0,147.0173797607422
2236,13308.0,29.0,148.6346893310547
2237,13311.0,26.0,147.8883056640625
2238,13293.0,44.0,148.98666381835938
2239,13285.0,52.0,147.34530639648438
2240,13321.0,16.0,136.1680908203125
2241,13305.0,32.0,138.26638793945312
2242,13301.0,36.0,141.3662872314453
2243,13329.0,8.0,137.87802124023438
2244,13307.0,30.0,140.9697723388672
2245,13303.0,34.0,146.90882873535156
2246,13306.0,31.0,148.28396606445312
2247,13321.0,16.0,145.2301025390625
2248,13308.0,29.0,147.8978271484375
2249,13303.0,34.0,148.82931518554688
2250,13318.0,19.0,144.24407958984375
2251,13304.0,33.0,144.80633544921875
2252,13293.0,44.0,147.21624755859375
2253,13314.0,23.0,139.811767578125
2254,13317.0,20.0,141.66610717773438
2255,13314.0,23.0,140.94692993164062
2256,13316.0,21.0,138.22894287109375
2257,13325.0,12.0,142.2921142578125
2258,13322.0,15.0,147.3248748779297
2259,13312.0,25.0,150.60879516601562
2260,13327.0,10.0,147.3767547607422
2261,13307.0,30.0,143.74842834472656
2262,13323.0,14.0,141.46572875976562
2263,13310.0,27.0,139.825439453125
2264,13305.0,32.0,146.485595703125
2265,13303.0,34.0,148.34014892578125
2266,13317.0,20.0,144.35052490234375
2267,13308.0,29.0,146.31060791015625
2268,13306.0,31.0,144.3272705078125
2269,13319.0,18.0,143.5457763671875
2270,13311.0,26.0,146.3633575439453
2271,13320.0,17.0,143.9943084716797
2272,13318.0,19.0,143.269287109375
2273,13317.0,20.0,142.60662841796875
2274,13306.0,31.0,146.6588134765625
2275,13305.0,32.0,147.45849609375
2276,13320.0,17.0,146.67103576660156
2277,13274.0,63.0,148.88992309570312
2278,13300.0,37.0,148.59405517578125
2279,13317.0,20.0,143.81097412109375
2280,13305.0,32.0,146.03138732910156
2281,13306.0,31.0,147.01687622070312
2282,13316.0,21.0,140.89068603515625
2283,13311.0,26.0,140.753662109375
2284,13313.0,24.0,140.4686279296875
2285,13318.0,19.0,140.94989013671875
2286,13320.0,17.0,143.06163024902344
2287,13314.0,23.0,147.3058624267578
2288,13316.0,21.0,145.45925903320312
2289,13316.0,21.0,142.9200897216797
2290,13291.0,46.0,149.05897521972656
2291,13307.0,30.0,148.0777587890625
2292,13323.0,14.0,146.53890991210938
2293,13311.0,26.0,145.671875
2294,13309.0,28.0,143.39462280273438
2295,13312.0,25.0,141.80499267578125
2296,13318.0,19.0,141.3614501953125
2297,13314.0,23.0,144.10667419433594
2298,13326.0,11.0,144.3367462158203
2299,13324.0,13.0,142.937744140625
2300,13309.0,28.0,144.07949829101562
2301,13314.0,23.0,142.75286865234375
2302,13329.0,8.0,142.84214782714844
2303,13289.0,48.0,147.35418701171875
2304,13307.0,30.0,146.43142700195312
2305,13309.0,28.0,144.36399841308594
2306,13310.0,27.0,141.7442169189453
2307,13309.0,28.0,142.3704833984375
2308,13316.0,21.0,145.15640258789062
2309,13308.0,29.0,146.08926391601562
2310,13311.0,26.0,145.3899383544922
2311,13315.0,22.0,142.5425567626953
2312,13317.0,20.0,139.66586303710938
2313,13299.0,38.0,141.42703247070312
2314,13309.0,28.0,143.4501495361328
2315,13324.0,13.0,143.9422149658203
2316,13294.0,43.0,148.89599609375
2317,13306.0,31.0,148.19796752929688
2318,13315.0,22.0,142.73028564453125
2319,13312.0,25.0,140.64694213867188
2320,13315.0,22.0,140.32261657714844
2321,13318.0,19.0,141.8726806640625
2322,13323.0,14.0,140.42019653320312
2323,13314.0,23.0,142.79666137695312
2324,13318.0,19.0,142.49578857421875
2325,13324.0,13.0,140.64727783203125
2326,13313.0,24.0,141.46627807617188
2327,13321.0,16.0,142.88243103027344
2328,13325.0,12.0,143.70191955566406
2329,13306.0,31.0,148.61624145507812
2330,13310.0,27.0,146.07113647460938
2331,13320.0,17.0,142.85720825195312
2332,13316.0,21.0,143.06207275390625
2333,13320.0,17.0,141.5006103515625
2334,13324.0,13.0,140.9114532470703
2335,13326.0,11.0,139.9602508544922
2336,13312.0,25.0,140.69366455078125
2337,13322.0,15.0,140.0531005859375
2338,13322.0,15.0,139.8081817626953
2339,13321.0,16.0,141.99090576171875
2340,13320.0,17.0,143.2952880859375
2341,13325.0,12.0,142.52691650390625
2342,13321.0,16.0,143.771484375
2343,13317.0,20.0,144.51666259765625
2344,13318.0,19.0,143.63760375976562
2345,13302.0,35.0,143.1893310546875
2346,13320.0,17.0,142.6001434326172
2347,13316.0,21.0,143.4600830078125
2348,13320.0,17.0,141.46316528320312
2349,13322.0,15.0,139.49655151367188
2350,13320.0,17.0,139.97718811035156
2351,13323.0,14.0,141.15750122070312
2352,13312.0,25.0,143.94961547851562
2353,13321.0,16.0,143.8067626953125
2354,13327.0,10.0,141.44532775878906
2355,13312.0,25.0,143.40170288085938
2356,13310.0,27.0,146.50955200195312
2357,13317.0,20.0,144.19842529296875
2358,13312.0,25.0,144.1989288330078
2359,13318.0,19.0,142.45172119140625
2360,13321.0,16.0,140.48043823242188
2361,13324.0,13.0,140.04714965820312
2362,13314.0,23.0,140.1385498046875
2363,13317.0,20.0,140.90357971191406
2364,13319.0,18.0,142.6837158203125
2365,13321.0,16.0,145.10867309570312
2366,13316.0,21.0,142.71607971191406
2367,13318.0,19.0,139.3763427734375
2368,13315.0,22.0,140.83773803710938
2369,13302.0,35.0,142.97084045410156
2370,13310.0,27.0,144.12548828125
2371,13309.0,28.0,144.7838134765625
2372,13312.0,25.0,146.16744995117188
2373,13318.0,19.0,143.47415161132812
2374,13311.0,26.0,141.4852294921875
2375,13313.0,24.0,137.12728881835938
2376,13317.0,20.0,135.77249145507812
2377,13323.0,14.0,136.06932067871094
2378,13311.0,26.0,140.46018981933594
2379,13320.0,17.0,140.27154541015625
2380,13326.0,11.0,139.19187927246094
2381,13313.0,24.0,142.08340454101562
2382,13315.0,22.0,141.9978790283203
2383,13320.0,17.0,142.13302612304688
2384,13321.0,16.0,141.01522827148438
2385,13314.0,23.0,139.80426025390625
2386,13329.0,8.0,135.47982788085938
2387,13319.0,18.0,133.3472137451172
2388,13326.0,11.0,131.536376953125
2389,13325.0,12.0,133.6600341796875
2390,13325.0,12.0,135.73611450195312
2391,13318.0,19.0,139.1446075439453
2392,13312.0,25.0,139.11935424804688
2393,13326.0,11.0,135.77650451660156
2394,13324.0,13.0,138.008056640625
2395,13312.0,25.0,140.97560119628906
2396,13314.0,23.0,138.98789978027344
2397,13318.0,19.0,137.71084594726562
2398,13320.0,17.0,136.0696563720703
2399,13329.0,8.0,135.41140747070312
2400,13318.0,19.0,137.81298828125
2401,13322.0,15.0,136.8098602294922
2402,13323.0,14.0,137.3129425048828
2403,13329.0,8.0,136.05430603027344
2404,13319.0,18.0,135.12063598632812
2405,13321.0,16.0,135.48448181152344
2406,13327.0,10.0,134.55191040039062
2407,13316.0,21.0,136.2904052734375
2408,13312.0,25.0,140.5674591064453
2409,13325.0,12.0,141.15475463867188
2410,13324.0,13.0,137.77655029296875
2411,13317.0,20.0,135.68605041503906
2412,13327.0,10.0,135.20689392089844
2413,13322.0,15.0,136.21347045898438
2414,13328.0,9.0,134.3153533935547
2415,13319.0,18.0,133.3462371826172
2416,13319.0,18.0,132.2305908203125
2417,13319.0,18.0,133.86830139160156
2418,13316.0,21.0,133.78282165527344
2419,13326.0,11.0,133.31491088867188
2420,13326.0,11.0,137.43113708496094
2421,13323.0,14.0,141.2440185546875
2422,13310.0,27.0,141.09417724609375
2423,13314.0,23.0,138.2363739013672
2424,13316.0,21.0,134.92868041992188
2425,13321.0,16.0,132.97479248046875
2426,13323.0,14.0,133.3148956298828
2427,13325.0,12.0,132.24154663085938
2428,13325.0,12.0,132.5489959716797
2429,13328.0,9.0,133.56256103515625
2430,13328.0,9.0,135.7244110107422
2431,13316.0,21.0,135.81692504882812
2432,13328.0,9.0,134.5977325439453
2433,13318.0,19.0,136.03866577148438
2434,13315.0,22.0,137.5642852783203
2435,13320.0,17.0,139.08309936523438
2436,13312.0,25.0,138.0428924560547
2437,13331.0,6.0,133.68203735351562
2438,13326.0,11.0,132.62806701660156
2439,13332.0,5.0,133.86373901367188
2440,13327.0,10.0,132.61001586914062
2441,13325.0,12.0,132.9198455810547
2442,13325.0,12.0,132.5185089111328
2443,13323.0,14.0,133.24560546875
2444,13328.0,9.0,132.45602416992188
2445,13324.0,13.0,131.5318603515625
2446,13323.0,14.0,134.3887176513672
2447,13315.0,22.0,137.85678100585938
2448,13309.0,28.0,139.25314331054688
2449,13323.0,14.0,139.00228881835938
2450,13333.0,4.0,133.9108123779297
2451,13328.0,9.0,131.37060546875
2452,13318.0,19.0,130.45602416992188
2453,13319.0,18.0,129.86361694335938
2454,13321.0,16.0,129.77162170410156
2455,13325.0,12.0,129.61865234375
2456,13328.0,9.0,132.2478485107422
2457,13322.0,15.0,131.88829040527344
2458,13328.0,9.0,130.19778442382812
2459,13323.0,14.0,133.123046875
2460,13322.0,15.0,135.421142578125
2461,13308.0,29.0,136.57601928710938
2462,13313.0,24.0,136.33016967773438
2463,13331.0,6.0,132.808349609375
2464,13325.0,12.0,130.81216430664062
2465,13313.0,24.0,131.34588623046875
2466,13326.0,11.0,130.28497314453125
2467,13328.0,9.0,130.15966796875
2468,13328.0,9.0,131.0210723876953
2469,13326.0,11.0,132.58700561523438
2470,13328.0,9.0,130.54400634765625
2471,13336.0,1.0,128.80035400390625
2472,13323.0,14.0,131.24331665039062
2473,13316.0,21.0,132.9652099609375
2474,13318.0,19.0,134.3784637451172
2475,13314.0,23.0,136.51956176757812
2476,13328.0,9.0,132.6704559326172
2477,13326.0,11.0,130.6396026611328
2478,13314.0,23.0,129.46826171875
2479,13321.0,16.0,127.9987564086914
2480,13320.0,17.0,128.07872009277344
2481,13323.0,14.0,127.8967514038086
2482,13321.0,16.0,130.35177612304688
2483,13323.0,14.0,130.1553955078125
2484,13326.0,11.0,128.17510986328125
2485,13313.0,24.0,129.3013458251953
2486,13317.0,20.0,131.93438720703125
2487,13325.0,12.0,132.11624145507812
2488,13318.0,19.0,133.51129150390625
2489,13334.0,3.0,128.8826141357422
2490,13329.0,8.0,128.763916015625
2491,13324.0,13.0,129.34986877441406
2492,13326.0,11.0,128.85928344726562
2493,13328.0,9.0,126.78182220458984
2494,13325.0,12.0,126.59931945800781
2495,13323.0,14.0,128.4078826904297
2496,13319.0,18.0,129.174072265625
2497,13336.0,1.0,127.20291137695312
2498,13327.0,10.0,128.637451171875
2499,13329.0,8.0,129.78407287597656
2500,13320.0,17.0,130.12603759765625
2501,13317.0,20.0,131.63783264160156
2502,13332.0,5.0,128.22608947753906
2503,13336.0,1.0,128.46702575683594
2504,13329.0,8.0,129.07777404785156
2505,13318.0,19.0,126.9705581665039
2506,13320.0,17.0,126.34915924072266
2507,13326.0,11.0,127.75205993652344
2508,13325.0,12.0,129.45440673828125
2509,13318.0,19.0,128.9595489501953
2510,13327.0,10.0,127.4168701171875
2511,13317.0,20.0,128.4573516845703
2512,13312.0,25.0,129.5712432861328
2513,13322.0,15.0,129.0023193359375
2514,13315.0,22.0,130.42874145507812
2515,13334.0,3.0,127.52054595947266
2516,13328.0,9.0,127.0705795288086
2517,13327.0,10.0,126.55412292480469
2518,13326.0,11.0,124.704833984375
2519,13325.0,12.0,125.02386474609375
2520,13328.0,9.0,125.70742797851562
2521,13326.0,11.0,127.1253662109375
2522,13328.0,9.0,126.40919494628906
2523,13325.0,12.0,126.58917999267578
2524,13323.0,14.0,127.1986312866211
2525,13329.0,8.0,127.84860229492188
2526,13328.0,9.0,127.14706420898438
2527,13318.0,19.0,128.9815216064453
2528,13333.0,4.0,128.33859252929688
2529,13331.0,6.0,127.77618408203125
2530,13324.0,13.0,127.082275390625
2531,13326.0,11.0,125.00109100341797
2532,13325.0,12.0,124.27469635009766
2533,13328.0,9.0,124.81488037109375
2534,13326.0,11.0,125.74947357177734
2535,13328.0,9.0,124.06156921386719
2536,13336.0,1.0,123.94963836669922
2537,13323.0,14.0,126.75676727294922
2538,13322.0,15.0,127.882080078125
2539,13327.0,10.0,126.38653564453125
2540,13323.0,14.0,128.244873046875
2541,13327.0,10.0,127.27072143554688
2542,13329.0,8.0,126.31698608398438
2543,13329.0,8.0,125.88763427734375
2544,13325.0,12.0,124.40107727050781
2545,13327.0,10.0,123.40962219238281
2546,13328.0,9.0,122.90800476074219
2547,13326.0,11.0,123.6214599609375
2548,13328.0,9.0,123.2121810913086
2549,13331.0,6.0,122.89788818359375
2550,13321.0,16.0,125.8062744140625
2551,13315.0,22.0,126.63416290283203
2552,13324.0,13.0,126.0063705444336
2553,13324.0,13.0,127.33139038085938
2554,13332.0,5.0,125.24010467529297
2555,13336.0,1.0,124.69850158691406
2556,13330.0,7.0,123.32024383544922
2557,13324.0,13.0,122.92945861816406
2558,13327.0,10.0,121.9571533203125
2559,13328.0,9.0,122.42215728759766
2560,13326.0,11.0,123.63153839111328
2561,13328.0,9.0,122.74151611328125
2562,13331.0,6.0,122.14154815673828
2563,13318.0,19.0,125.15756225585938
2564,13320.0,17.0,125.56072998046875
2565,13323.0,14.0,124.90686798095703
2566,13319.0,18.0,126.15266418457031
2567,13330.0,7.0,124.20408630371094
2568,13325.0,12.0,123.07533264160156
2569,13330.0,7.0,122.3899154663086
2570,13320.0,17.0,122.83563232421875
2571,13324.0,13.0,122.24656677246094
2572,13327.0,10.0,121.15730285644531
2573,13325.0,12.0,121.54939270019531
2574,13327.0,10.0,120.39698028564453
2575,13335.0,2.0,119.76847076416016
2576,13322.0,15.0,123.63951110839844
2577,13321.0,16.0,123.72239685058594
2578,13320.0,17.0,123.86619567871094
2579,13323.0,14.0,122.40869903564453
2580,13333.0,4.0,120.44554138183594
2581,13335.0,2.0,120.74185180664062
2582,13332.0,5.0,119.92851257324219
2583,13327.0,10.0,120.24066162109375
2584,13326.0,11.0,120.9943618774414
2585,13331.0,6.0,121.02124786376953
2586,13327.0,10.0,120.91249084472656
2587,13327.0,10.0,120.06672668457031
2588,13335.0,2.0,119.21234130859375
2589,13316.0,21.0,121.76493072509766
2590,13324.0,13.0,122.12823486328125
2591,13320.0,17.0,122.79788970947266
2592,13324.0,13.0,121.47787475585938
2593,13334.0,3.0,119.07640075683594
2594,13334.0,3.0,119.3113784790039
2595,13333.0,4.0,118.16630554199219
2596,13327.0,10.0,118.25262451171875
2597,13328.0,9.0,118.7491683959961
2598,13325.0,12.0,119.92652893066406
2599,13323.0,14.0,121.46935272216797
2600,13328.0,9.0,120.41860961914062
2601,13336.0,1.0,118.52961730957031
2602,13332.0,5.0,119.87476348876953
2603,13331.0,6.0,119.7158203125
2604,13325.0,12.0,120.28712463378906
2605,13324.0,13.0,119.8863754272461
2606,13336.0,1.0,118.29417419433594
2607,13331.0,6.0,119.07071685791016
2608,13333.0,4.0,119.404541015625
2609,13328.0,9.0,119.85421752929688
2610,13331.0,6.0,119.6386489868164
2611,13332.0,5.0,119.5912094116211
2612,13328.0,9.0,120.59351348876953
2613,13328.0,9.0,119.24465942382812
2614,13336.0,1.0,116.752685546875
2615,13317.0,20.0,118.67778015136719
2616,13324.0,13.0,119.46144104003906
2617,13328.0,9.0,119.68208312988281
2618,13324.0,13.0,120.19328308105469
2619,13334.0,3.0,118.30171966552734
2620,13334.0,3.0,117.90816497802734
2621,13331.0,6.0,118.38203430175781
2622,13323.0,14.0,119.13898468017578
2623,13327.0,10.0,117.32302856445312
2624,13328.0,9.0,118.424072265625
2625,13326.0,11.0,119.71332550048828
2626,13328.0,9.0,118.05725860595703
2627,13336.0,1.0,116.29706573486328
2628,13332.0,5.0,118.6849136352539
2629,13329.0,8.0,118.69943237304688
2630,13328.0,9.0,117.81509399414062
2631,13324.0,13.0,118.93931579589844
2632,13336.0,1.0,117.37594604492188
2633,13336.0,1.0,117.51203155517578
2634,13336.0,1.0,117.16285705566406
2635,13323.0,14.0,117.55986022949219
2636,13328.0,9.0,116.52052307128906
2637,13332.0,5.0,117.64157104492188
2638,13328.0,9.0,118.36680603027344
2639,13328.0,9.0,116.95671844482422
2640,13336.0,1.0,115.67828369140625
2641,13317.0,20.0,117.86933898925781
2642,13324.0,13.0,117.91238403320312
2643,13328.0,9.0,117.04368591308594
2644,13324.0,13.0,118.48092651367188
2645,13334.0,3.0,117.004150390625
2646,13334.0,3.0,116.61424255371094
2647,13336.0,1.0,115.42994689941406
2648,13328.0,9.0,116.1453857421875
2649,13328.0,9.0,115.5224838256836
2650,13328.0,9.0,116.90856170654297
2651,13326.0,11.0,117.97549438476562
2652,13328.0,9.0,116.7508316040039
2653,13336.0,1.0,114.83921813964844
2654,13327.0,10.0,116.27959442138672
2655,13329.0,8.0,117.16592407226562
2656,13326.0,11.0,116.40000915527344
2657,13324.0,13.0,117.46500396728516
2658,13336.0,1.0,115.37040710449219
2659,13336.0,1.0,115.20462036132812
2660,13336.0,1.0,114.77430725097656
2661,13323.0,14.0,115.55265808105469
2662,13328.0,9.0,114.47752380371094
2663,13332.0,5.0,115.530517578125
2664,13328.0,9.0,116.79257202148438
2665,13328.0,9.0,115.87533569335938
2666,13336.0,1.0,114.38630676269531
2667,13323.0,14.0,115.78377532958984
2668,13318.0,19.0,115.66899871826172
2669,13322.0,15.0,115.21881866455078
2670,13322.0,15.0,116.44574737548828
2671,13332.0,5.0,114.87802124023438
2672,13332.0,5.0,114.8171615600586
2673,13334.0,3.0,114.07933807373047
2674,13321.0,16.0,114.67346954345703
2675,13326.0,11.0,113.9505844116211
2676,13328.0,9.0,114.5519027709961
2677,13326.0,11.0,115.783935546875
2678,13328.0,9.0,114.87479400634766
2679,13336.0,1.0,113.28521728515625
2680,13327.0,10.0,114.58354187011719
2681,13329.0,8.0,114.68560028076172
2682,13328.0,9.0,114.1678695678711
2683,13324.0,13.0,115.73646545410156
2684,13336.0,1.0,113.25562286376953
2685,13336.0,1.0,113.15156555175781
2686,13336.0,1.0,112.82904815673828
2687,13328.0,9.0,113.47445678710938
2688,13326.0,11.0,112.90302276611328
2689,13332.0,5.0,113.93244934082031
2690,13328.0,9.0,115.13633728027344
2691,13328.0,9.0,114.3209228515625
2692,13336.0,1.0,112.34931945800781
2693,13328.0,9.0,113.34178161621094
2694,13327.0,10.0,113.00652313232422
2695,13328.0,9.0,112.279052734375
2696,13318.0,19.0,114.40525817871094
2697,13328.0,9.0,113.36102294921875
2698,13334.0,3.0,113.15853118896484
2699,13336.0,1.0,112.51467895507812
2700,13328.0,9.0,112.21625518798828
2701,13328.0,9.0,111.76814270019531
2702,13326.0,11.0,113.3682861328125
2703,13326.0,11.0,114.18196868896484
2704,13328.0,9.0,112.97280883789062
2705,13336.0,1.0,111.11125946044922
2706,13327.0,10.0,112.30110931396484
2707,13329.0,8.0,112.37059020996094
2708,13328.0,9.0,112.05962371826172
2709,13324.0,13.0,113.83023834228516
2710,13330.0,7.0,113.2049789428711
2711,13336.0,1.0,112.2218017578125
2712,13336.0,1.0,110.98201751708984
2713,13328.0,9.0,110.94477081298828
2714,13328.0,9.0,110.5716552734375
2715,13332.0,5.0,112.16128540039062
2716,13328.0,9.0,113.201416015625
2717,13328.0,9.0,111.79374694824219
2718,13336.0,1.0,110.020263671875
2719,13323.0,14.0,111.6795425415039
2720,13324.0,13.0,112.06216430664062
2721,13328.0,9.0,111.72269439697266
2722,13324.0,13.0,113.52733612060547
2723,13328.0,9.0,112.48655700683594
2724,13334.0,3.0,111.34029388427734
2725,13336.0,1.0,110.0414810180664
2726,13328.0,9.0,109.97368621826172
2727,13328.0,9.0,109.4860610961914
2728,13328.0,9.0,110.95037078857422
2729,13326.0,11.0,112.23143005371094
2730,13328.0,9.0,111.33892822265625
2731,13336.0,1.0,109.75794982910156
2732,13327.0,10.0,111.14857482910156
2733,13332.0,5.0,111.17230987548828
2734,13328.0,9.0,110.34304809570312
2735,13324.0,13.0,111.69573974609375
2736,13330.0,7.0,110.6685791015625
2737,13336.0,1.0,110.81001281738281
2738,13336.0,1.0,109.76758575439453
2739,13328.0,9.0,109.6373519897461
2740,13328.0,9.0,108.96224975585938
2741,13332.0,5.0,110.19197082519531
2742,13328.0,9.0,111.7095947265625
2743,13328.0,9.0,110.66859436035156
2744,13336.0,1.0,108.51942443847656
2745,13323.0,14.0,109.83421325683594
2746,13324.0,13.0,109.81507873535156
2747,13328.0,9.0,109.33053588867188
2748,13324.0,13.0,111.07614135742188
2749,13334.0,3.0,109.68590545654297
2750,13328.0,9.0,109.86090087890625
2751,13330.0,7.0,108.90486145019531
2752,13322.0,15.0,109.36492156982422
2753,13322.0,15.0,108.9364013671875
2754,13322.0,15.0,110.36558532714844
2755,13320.0,17.0,111.96321105957031
2756,13328.0,9.0,110.87406921386719
2757,13336.0,1.0,107.76398468017578
2758,13327.0,10.0,108.46519470214844
2759,13329.0,8.0,108.42125701904297
2760,13328.0,9.0,108.23506164550781
2761,13324.0,13.0,110.17593383789062
2762,13336.0,1.0,108.59330749511719
2763,13336.0,1.0,108.55406188964844
2764,13336.0,1.0,108.07106018066406
2765,13328.0,9.0,108.37998962402344
2766,13328.0,9.0,107.83882141113281
2767,13332.0,5.0,108.54396057128906
2768,13328.0,9.0,109.57540130615234
2769,13326.0,11.0,108.7858657836914
2770,13336.0,1.0,106.78646087646484
2771,13323.0,14.0,107.70957946777344
2772,13326.0,11.0,108.11982727050781
2773,13328.0,9.0,108.21711730957031
2774,13324.0,13.0,110.14020538330078
2775,13334.0,3.0,108.2890853881836
2776,13334.0,3.0,107.76429748535156
2777,13336.0,1.0,106.51593017578125
2778,13328.0,9.0,106.68490600585938
2779,13328.0,9.0,106.33363342285156
2780,13328.0,9.0,107.22038269042969
2781,13326.0,11.0,108.38511657714844
2782,13328.0,9.0,107.92255401611328
2783,13336.0,1.0,106.92706298828125
2784,13332.0,5.0,107.94200134277344
2785,13332.0,5.0,107.6254653930664
2786,13328.0,9.0,106.85481262207031
2787,13324.0,13.0,108.36564636230469
2788,13336.0,1.0,106.82740020751953
2789,13336.0,1.0,106.66122436523438
2790,13336.0,1.0,105.861328125
2791,13328.0,9.0,106.09973907470703
2792,13328.0,9.0,105.86024475097656
2793,13332.0,5.0,107.12696838378906
2794,13328.0,9.0,108.41969299316406
2795,13328.0,9.0,107.71089172363281
2796,13336.0,1.0,106.49040222167969
2797,13323.0,14.0,107.45365905761719
2798,13324.0,13.0,107.00343322753906
2799,13328.0,9.0,105.87254333496094
2800,13324.0,13.0,107.55741882324219
2801,13334.0,3.0,106.36285400390625
2802,13334.0,3.0,106.5163345336914
2803,13336.0,1.0,105.70294189453125
2804,13328.0,9.0,105.59757995605469
2805,13328.0,9.0,105.037841796875
2806,13328.0,9.0,106.26377868652344
2807,13326.0,11.0,107.53657531738281
2808,13328.0,9.0,106.68683624267578
2809,13336.0,1.0,105.25926971435547
2810,13332.0,5.0,106.31977081298828
2811,13332.0,5.0,106.17916870117188
2812,13328.0,9.0,105.51103210449219
2813,13324.0,13.0,107.06453704833984
2814,13336.0,1.0,105.42816162109375
2815,13336.0,1.0,105.40595245361328
2816,13336.0,1.0,105.0520248413086
2817,13328.0,9.0,105.42510223388672
2818,13328.0,9.0,104.89498138427734
2819,13332.0,5.0,105.86029815673828
2820,13328.0,9.0,107.06985473632812
2821,13328.0,9.0,106.13628387451172
2822,13336.0,1.0,104.57099151611328
2823,13332.0,5.0,105.80316162109375
2824,13332.0,5.0,104.97183227539062
2825,13328.0,9.0,104.2589111328125
2826,13324.0,13.0,106.23297119140625
2827,13334.0,3.0,105.0450210571289
2828,13334.0,3.0,105.00088500976562
2829,13336.0,1.0,103.99657440185547
2830,13328.0,9.0,104.07882690429688
2831,13328.0,9.0,103.6693115234375
2832,13328.0,9.0,104.98789978027344
2833,13326.0,11.0,106.22897338867188
2834,13328.0,9.0,105.15557861328125
2835,13336.0,1.0,103.76048278808594
2836,13327.0,10.0,105.42930603027344
2837,13329.0,8.0,105.61000061035156
2838,13328.0,9.0,104.55181121826172
2839,13324.0,13.0,106.24930572509766
2840,13336.0,1.0,104.24103546142578
2841,13336.0,1.0,103.86981201171875
2842,13336.0,1.0,103.29312896728516
2843,13328.0,9.0,103.68356323242188
2844,13328.0,9.0,103.3428726196289
2845,13332.0,5.0,104.38343811035156
2846,13328.0,9.0,105.61000061035156
2847,13328.0,9.0,104.7413330078125
2848,13336.0,1.0,102.9249267578125
2849,13332.0,5.0,103.43949890136719
2850,13327.0,10.0,103.80277252197266
2851,13325.0,12.0,104.33540344238281
2852,13324.0,13.0,105.12238311767578
2853,13334.0,3.0,103.87374114990234
2854,13334.0,3.0,104.1185302734375
2855,13336.0,1.0,103.5009536743164
2856,13328.0,9.0,103.63348388671875
2857,13328.0,9.0,102.79400634765625
2858,13328.0,9.0,103.6767578125
2859,13326.0,11.0,104.86454010009766
2860,13328.0,9.0,104.1302261352539
2861,13336.0,1.0,102.65149688720703
2862,13328.0,9.0,103.02775573730469
2863,13329.0,8.0,102.82064819335938
2864,13322.0,15.0,104.3847427368164
2865,13318.0,19.0,105.99400329589844
2866,13331.0,6.0,105.00898742675781
2867,13336.0,1.0,103.4815902709961
2868,13336.0,1.0,102.6603775024414
2869,13328.0,9.0,102.77301025390625
2870,13328.0,9.0,102.06146240234375
2871,13332.0,5.0,102.8329086303711
2872,13328.0,9.0,104.18544006347656
2873,13328.0,9.0,103.52381896972656
2874,13336.0,1.0,102.04830169677734
2875,13332.0,5.0,102.40550231933594
2876,13332.0,5.0,101.76931762695312
2877,13328.0,9.0,102.24868774414062
2878,13324.0,13.0,104.48039245605469
2879,13329.0,8.0,103.47163391113281
2880,13329.0,8.0,102.83865356445312
2881,13331.0,6.0,101.93852233886719
2882,13323.0,14.0,102.44044494628906
2883,13323.0,14.0,101.89897155761719
2884,13323.0,14.0,102.95943450927734
2885,13321.0,16.0,104.17832946777344
2886,13323.0,14.0,103.57454681396484
2887,13331.0,6.0,102.2308120727539
2888,13323.0,14.0,102.39820861816406
2889,13324.0,13.0,101.46826171875
2890,13323.0,14.0,101.81820678710938
2891,13323.0,14.0,104.53860473632812
2892,13336.0,1.0,102.3753433227539
2893,13336.0,1.0,101.99766540527344
2894,13336.0,1.0,101.48100280761719
2895,13328.0,9.0,101.87269592285156
2896,13328.0,9.0,101.32412719726562
2897,13332.0,5.0,102.2432632446289
2898,13328.0,9.0,103.0555419921875
2899,13328.0,9.0,102.09284973144531
2900,13336.0,1.0,100.89552307128906
2901,13332.0,5.0,101.27889251708984
2902,13332.0,5.0,100.46568298339844
2903,13328.0,9.0,100.87857055664062
2904,13319.0,18.0,103.31773376464844
2905,13331.0,6.0,101.59941101074219
2906,13331.0,6.0,101.3156967163086
2907,13331.0,6.0,100.9901123046875
2908,13323.0,14.0,102.05624389648438
2909,13323.0,14.0,101.93988037109375
2910,13323.0,14.0,102.836181640625
2911,13326.0,11.0,103.41656494140625
2912,13328.0,9.0,101.34898376464844
2913,13336.0,1.0,99.61691284179688
2914,13325.0,12.0,100.52147674560547
2915,13329.0,8.0,99.4625015258789
2916,13328.0,9.0,99.76612854003906
2917,13328.0,9.0,102.13327026367188
2918,13336.0,1.0,100.33583068847656
2919,13336.0,1.0,99.89219665527344
2920,13336.0,1.0,99.819091796875
2921,13328.0,9.0,100.464111328125
2922,13328.0,9.0,100.09820556640625
2923,13332.0,5.0,100.8414306640625
2924,13328.0,9.0,101.57527160644531
2925,13328.0,9.0,100.26565551757812
2926,13336.0,1.0,98.84608459472656
2927,13332.0,5.0,100.04191589355469
2928,13328.0,9.0,99.57365417480469
2929,13328.0,9.0,100.12263488769531
2930,13324.0,13.0,101.91822052001953
2931,13336.0,1.0,100.07546997070312
2932,13336.0,1.0,100.11494445800781
2933,13336.0,1.0,99.90786743164062
2934,13328.0,9.0,99.92552947998047
2935,13328.0,9.0,99.04486083984375
2936,13328.0,9.0,99.91425323486328
2937,13326.0,11.0,100.88998413085938
2938,13328.0,9.0,99.93333435058594
2939,13336.0,1.0,98.94766998291016
2940,13331.0,6.0,99.33901977539062
2941,13328.0,9.0,99.79183959960938
2942,13327.0,10.0,99.53268432617188
2943,13323.0,14.0,101.06151580810547
2944,13335.0,2.0,99.05967712402344
2945,13335.0,2.0,98.93029022216797
2946,13335.0,2.0,98.7800521850586
2947,13327.0,10.0,99.23497009277344
2948,13327.0,10.0,98.84344482421875
2949,13331.0,6.0,99.79695129394531
2950,13327.0,10.0,100.71675109863281
2951,13327.0,10.0,100.00218200683594
2952,13336.0,1.0,99.23330688476562
2953,13336.0,1.0,99.25919342041016
2954,13332.0,5.0,99.89859771728516
2955,13328.0,9.0,99.28974914550781
2956,13324.0,13.0,100.67489624023438
2957,13336.0,1.0,98.53099060058594
2958,13336.0,1.0,98.38653564453125
2959,13336.0,1.0,98.24717712402344
2960,13328.0,9.0,98.81027221679688
2961,13328.0,9.0,98.78547668457031
2962,13328.0,9.0,100.31391143798828
2963,13326.0,11.0,100.96591186523438
2964,13328.0,9.0,99.54847717285156
2965,13335.0,2.0,98.09220123291016
2966,13331.0,6.0,97.88101959228516
2967,13322.0,15.0,98.89576721191406
2968,13328.0,9.0,98.39143371582031
2969,13324.0,13.0,100.05944061279297
2970,13336.0,1.0,98.13587951660156
2971,13336.0,1.0,98.13584899902344
2972,13336.0,1.0,98.15575408935547
2973,13328.0,9.0,98.75114440917969
2974,13328.0,9.0,98.48746490478516
2975,13332.0,5.0,99.85685729980469
2976,13328.0,9.0,100.68937683105469
2977,13328.0,9.0,99.20013427734375
2978,13336.0,1.0,97.25553131103516
2979,13336.0,1.0,97.19625091552734
2980,13328.0,9.0,98.71815490722656
2981,13328.0,9.0,98.47373962402344
2982,13324.0,13.0,100.14710998535156
2983,13336.0,1.0,98.4408187866211
2984,13336.0,1.0,98.3304214477539
2985,13336.0,1.0,97.91590881347656
2986,13328.0,9.0,98.48780822753906
2987,13328.0,9.0,98.44889068603516
2988,13328.0,9.0,99.63639068603516
2989,13326.0,11.0,100.30559539794922
2990,13328.0,9.0,98.8781509399414
2991,13336.0,1.0,96.95732116699219
2992,13332.0,5.0,96.92630004882812
2993,13329.0,8.0,98.27445220947266
2994,13328.0,9.0,98.39712524414062
2995,13324.0,13.0,100.5558090209961
2996,13336.0,1.0,98.73944854736328
2997,13336.0,1.0,98.2415771484375
2998,13336.0,1.0,97.76339721679688
2999,13328.0,9.0,98.29024505615234
3000,13328.0,9.0,98.17428588867188
3001,13332.0,5.0,99.28773498535156
3002,13328.0,9.0,100.07945251464844
3003,13328.0,9.0,98.67671203613281
3004,13336.0,1.0,96.68451690673828
3005,13336.0,1.0,97.05667114257812
3006,13332.0,5.0,97.80193328857422
3007,13328.0,9.0,97.83729553222656
3008,13324.0,13.0,99.68714904785156
3009,13336.0,1.0,97.7823486328125
3010,13336.0,1.0,97.54067993164062
3011,13336.0,1.0,97.46598815917969
3012,13328.0,9.0,98.06063842773438
3013,13328.0,9.0,97.41590118408203
3014,13328.0,9.0,98.40595245361328
3015,13326.0,11.0,99.49636840820312
3016,13328.0,9.0,98.54313659667969
3017,13336.0,1.0,97.04420471191406
3018,13332.0,5.0,97.19287109375
3019,13329.0,8.0,97.83126831054688
3020,13328.0,9.0,98.09280395507812
3021,13324.0,13.0,99.38870239257812
3022,13336.0,1.0,97.3125991821289
3023,13336.0,1.0,97.27981567382812
3024,13336.0,1.0,97.19430541992188
3025,13328.0,9.0,97.55669403076172
3026,13328.0,9.0,97.30632781982422
3027,13332.0,5.0,98.49363708496094
3028,13328.0,9.0,99.5443115234375
3029,13328.0,9.0,98.13548278808594
3030,13336.0,1.0,96.24183654785156
3031,13336.0,1.0,96.43376159667969
3032,13332.0,5.0,97.28199768066406
3033,13328.0,9.0,97.73323059082031
3034,13324.0,13.0,99.25996398925781
3035,13336.0,1.0,97.10099792480469
3036,13336.0,1.0,96.98208618164062
3037,13336.0,1.0,96.9646987915039
3038,13328.0,9.0,97.53297424316406
3039,13328.0,9.0,97.20626831054688
3040,13328.0,9.0,98.21439361572266
3041,13326.0,11.0,99.21443176269531
3042,13328.0,9.0,98.11666870117188
3043,13336.0,1.0,96.58921813964844
3044,13332.0,5.0,96.70034790039062
3045,13329.0,8.0,97.08013916015625
3046,13328.0,9.0,97.31456756591797
3047,13324.0,13.0,98.67884063720703
3048,13336.0,1.0,96.66566467285156
3049,13336.0,1.0,96.63909149169922
3050,13336.0,1.0,96.54486846923828
3051,13328.0,9.0,96.84493255615234
3052,13328.0,9.0,96.244384765625
3053,13332.0,5.0,97.30870056152344
3054,13328.0,9.0,98.33775329589844
3055,13328.0,9.0,97.193115234375
3056,13336.0,1.0,95.8000717163086
3057,13336.0,1.0,96.35193634033203
3058,13332.0,5.0,97.07725524902344
3059,13328.0,9.0,97.41921997070312
3060,13324.0,13.0,98.89686584472656
3061,13336.0,1.0,96.66905975341797
3062,13336.0,1.0,96.39485168457031
3063,13336.0,1.0,96.20964050292969
3064,13328.0,9.0,96.65999603271484
3065,13328.0,9.0,96.23912048339844
3066,13328.0,9.0,97.28369903564453
3067,13326.0,11.0,98.279541015625
3068,13328.0,9.0,97.21267700195312
3069,13336.0,1.0,95.47715759277344
3070,13332.0,5.0,95.53263092041016
3071,13329.0,8.0,95.97547912597656
3072,13328.0,9.0,96.51546478271484
3073,13324.0,13.0,98.40217590332031
3074,13336.0,1.0,96.63339233398438
3075,13336.0,1.0,96.57170104980469
3076,13336.0,1.0,96.2446060180664
3077,13328.0,9.0,96.40239715576172
3078,13328.0,9.0,95.72779083251953
3079,13332.0,5.0,96.85040283203125
3080,13328.0,9.0,98.20415496826172
3081,13328.0,9.0,97.32727813720703
3082,13336.0,1.0,95.31866455078125
3083,13336.0,1.0,94.9871826171875
3084,13332.0,5.0,95.43966674804688
3085,13328.0,9.0,95.85018920898438
3086,13324.0,13.0,97.50724792480469
3087,13336.0,1.0,95.59707641601562
3088,13336.0,1.0,95.61266326904297
3089,13336.0,1.0,95.6432113647461
3090,13328.0,9.0,96.26649475097656
3091,13328.0,9.0,96.03140258789062
3092,13328.0,9.0,97.442626953125
3093,13326.0,11.0,97.95140838623047
3094,13328.0,9.0,96.33518981933594
3095,13336.0,1.0,94.5333251953125
3096,13332.0,5.0,94.6379165649414
3097,13329.0,8.0,95.12869262695312
3098,13328.0,9.0,95.59873962402344
3099,13324.0,13.0,97.25062561035156
3100,13336.0,1.0,95.34384155273438
3101,13336.0,1.0,95.5423812866211
3102,13336.0,1.0,95.8112564086914
3103,13320.0,17.0,95.64225006103516
3104,13328.0,9.0,88.88288116455078
3105,13332.0,5.0,88.86060333251953
3106,13328.0,9.0,89.65069580078125
3107,13328.0,9.0,88.93164825439453
3108,13334.0,3.0,87.60289001464844
3109,13336.0,1.0,85.65652465820312
3110,13332.0,5.0,86.16485595703125
3111,13328.0,9.0,87.68797302246094
3112,13324.0,13.0,90.64129638671875
3113,13336.0,1.0,89.74557495117188
3114,13336.0,1.0,88.0115966796875
3115,13334.0,3.0,87.90584564208984
3116,13318.0,19.0,91.35474395751953
3117,13320.0,17.0,91.20244598388672
3118,13328.0,9.0,87.87674713134766
3119,13326.0,11.0,87.73731994628906
3120,13328.0,9.0,85.39479064941406
3121,13334.0,3.0,84.56958770751953
3122,13332.0,5.0,86.15605163574219
3123,13329.0,8.0,87.00313568115234
3124,13328.0,9.0,88.53795623779297
3125,13324.0,13.0,89.88126373291016
3126,13336.0,1.0,87.2138900756836
3127,13336.0,1.0,87.09208679199219
3128,13334.0,3.0,87.7943115234375
3129,13328.0,9.0,90.00411987304688
3130,13324.0,13.0,91.62338256835938
3131,13328.0,9.0,88.0520248413086
3132,13328.0,9.0,86.88737487792969
3133,13328.0,9.0,87.17430114746094
3134,13336.0,1.0,86.11668395996094
3135,13336.0,1.0,87.13760375976562
3136,13332.0,5.0,86.891357421875
3137,13328.0,9.0,87.3196029663086
3138,13324.0,13.0,89.23446655273438
3139,13336.0,1.0,87.03815460205078
3140,13336.0,1.0,87.21327209472656
3141,13336.0,1.0,86.70233154296875
3142,13328.0,9.0,88.1115951538086
3143,13324.0,13.0,89.57856750488281
3144,13320.0,17.0,92.40548706054688
3145,13326.0,11.0,91.44274139404297
3146,13326.0,11.0,88.45084381103516
3147,13336.0,1.0,85.45404052734375
3148,13332.0,5.0,85.8301773071289
3149,13329.0,8.0,86.86722564697266
3150,13328.0,9.0,87.60107421875
3151,13324.0,13.0,90.32411193847656
3152,13332.0,5.0,87.25254821777344
3153,13336.0,1.0,84.78617095947266
3154,13336.0,1.0,86.02066040039062
3155,13328.0,9.0,88.17451477050781
3156,13328.0,9.0,88.23411560058594
3157,13324.0,13.0,88.18238830566406
3158,13326.0,11.0,87.2562255859375
3159,13328.0,9.0,85.36356353759766
3160,13336.0,1.0,84.27117919921875
3161,13336.0,1.0,84.79550170898438
3162,13332.0,5.0,85.9066390991211
3163,13328.0,9.0,84.97501373291016
3164,13324.0,13.0,87.37321472167969
3165,13332.0,5.0,87.96681213378906
3166,13336.0,1.0,89.66570281982422
3167,13336.0,1.0,89.37989807128906
3168,13328.0,9.0,88.88261413574219
3169,13328.0,9.0,85.85859680175781
3170,13328.0,9.0,85.74752044677734
3171,13326.0,11.0,88.15315246582031
3172,13326.0,11.0,87.46920776367188
3173,13336.0,1.0,86.97798156738281
3174,13332.0,5.0,85.59451293945312
3175,13327.0,10.0,85.94784545898438
3176,13326.0,11.0,86.40571594238281
3177,13324.0,13.0,89.12925720214844
3178,13336.0,1.0,88.14917755126953
3179,13336.0,1.0,88.00469970703125
3180,13336.0,1.0,84.82273864746094
3181,13328.0,9.0,84.71275329589844
3182,13328.0,9.0,84.93624877929688
3183,13324.0,13.0,87.2182846069336
3184,13328.0,9.0,88.778564453125
3185,13328.0,9.0,86.3187255859375
3186,13336.0,1.0,82.51927185058594
3187,13336.0,1.0,83.72185516357422
3188,13330.0,7.0,87.91834259033203
3189,13326.0,11.0,90.49897766113281
3190,13324.0,13.0,93.0447998046875
3191,13336.0,1.0,87.0513916015625
3192,13336.0,1.0,83.42903137207031
3193,13336.0,1.0,84.27262115478516
3194,13328.0,9.0,85.94152069091797
3195,13328.0,9.0,85.61238098144531
3196,13332.0,5.0,89.04560089111328
3197,13328.0,9.0,87.46597290039062
3198,13328.0,9.0,85.37702941894531
3199,13336.0,1.0,84.93418884277344
3200,13330.0,7.0,87.26427459716797
3201,13329.0,8.0,88.47944641113281
3202,13326.0,11.0,90.79045867919922
3203,13324.0,13.0,88.25048065185547
3204,13336.0,1.0,84.22420501708984
3205,13336.0,1.0,84.98715209960938
3206,13336.0,1.0,85.80777740478516
3207,13328.0,9.0,85.80402374267578
3208,13328.0,9.0,86.88838958740234
3209,13328.0,9.0,85.35826873779297
3210,13328.0,9.0,85.46256256103516
3211,13324.0,13.0,86.01899719238281
3212,13336.0,1.0,86.06108856201172
3213,13334.0,3.0,88.09518432617188
3214,13332.0,5.0,90.65449523925781
3215,13326.0,11.0,86.59178924560547
3216,13324.0,13.0,85.79859924316406
3217,13336.0,1.0,83.40765380859375
3218,13336.0,1.0,85.65705871582031
3219,13336.0,1.0,86.2979736328125
3220,13328.0,9.0,87.1424789428711
3221,13320.0,17.0,84.81965637207031
3222,13328.0,9.0,83.79222106933594
3223,13326.0,11.0,86.46562957763672
3224,13328.0,9.0,86.63151550292969
3225,13332.0,5.0,86.63378143310547
3226,13330.0,7.0,88.36654663085938
3227,13329.0,8.0,84.2320327758789
3228,13326.0,11.0,83.69058990478516
3229,13324.0,13.0,84.4208984375
3230,13336.0,1.0,85.42806243896484
3231,13336.0,1.0,85.49465942382812
3232,13336.0,1.0,86.03517150878906
3233,13328.0,9.0,83.88629150390625
3234,13318.0,19.0,84.87765502929688
3235,13332.0,5.0,85.70983123779297
3236,13328.0,9.0,89.31922149658203
3237,13328.0,9.0,86.87413787841797
3238,13334.0,3.0,88.69731140136719
3239,13334.0,3.0,83.68951416015625
3240,13332.0,5.0,82.38557434082031
3241,13323.0,14.0,84.61158752441406
3242,13323.0,14.0,88.58142852783203
3243,13336.0,1.0,85.18801879882812
3244,13336.0,1.0,87.28129577636719
3245,13336.0,1.0,84.87171936035156
3246,13328.0,9.0,83.27665710449219
3247,13318.0,19.0,85.20697784423828
3248,13328.0,9.0,87.26803588867188
3249,13328.0,9.0,84.99940490722656
3250,13328.0,9.0,85.90003967285156
3251,13333.0,4.0,85.44488525390625
3252,13330.0,7.0,79.7694320678711
3253,13329.0,8.0,80.18605041503906
3254,13326.0,11.0,84.22140502929688
3255,13324.0,13.0,84.94667053222656
3256,13336.0,1.0,83.51641845703125
3257,13336.0,1.0,84.68473815917969
3258,13336.0,1.0,81.19227600097656
3259,13328.0,9.0,83.32528686523438
3260,13324.0,13.0,87.36190032958984
3261,13328.0,9.0,85.50747680664062
3262,13327.0,10.0,83.54631042480469
3263,13327.0,10.0,85.13616943359375
3264,13315.0,22.0,84.29177856445312
3265,13327.0,10.0,79.81318664550781
3266,13325.0,12.0,80.35379028320312
3267,13323.0,14.0,82.27821350097656
3268,13310.0,27.0,83.2540054321289
3269,13321.0,16.0,81.38909149169922
3270,13319.0,18.0,80.63539123535156
3271,13321.0,16.0,79.96785736083984
3272,13316.0,21.0,80.99532318115234
3273,13320.0,17.0,80.16873931884766
3274,13316.0,21.0,79.48951721191406
3275,13316.0,21.0,80.47164154052734
3276,13318.0,19.0,79.41119384765625
3277,13321.0,16.0,79.22260284423828
3278,13322.0,15.0,76.83378601074219
3279,13321.0,16.0,78.64652252197266
3280,13311.0,26.0,82.02075958251953
3281,13316.0,21.0,85.56169128417969
3282,13333.0,4.0,79.71932220458984
3283,13324.0,13.0,80.38020324707031
3284,13333.0,4.0,80.62873840332031
3285,13321.0,16.0,80.23834991455078
3286,13323.0,14.0,79.06353759765625
3287,13322.0,15.0,77.35990905761719
3288,13318.0,19.0,78.7381820678711
3289,13317.0,20.0,78.29969787597656
3290,13327.0,10.0,78.57646179199219
3291,13332.0,5.0,76.86162567138672
3292,13332.0,5.0,77.80532836914062
3293,13332.0,5.0,80.6203384399414
3294,13318.0,19.0,81.90003967285156
3295,13334.0,3.0,77.20367431640625
3296,13326.0,11.0,76.98345184326172
3297,13315.0,22.0,79.09756469726562
3298,13326.0,11.0,78.61104583740234
3299,13321.0,16.0,78.76944732666016
3300,13328.0,9.0,77.20389556884766
3301,13324.0,13.0,79.31588745117188
3302,13324.0,13.0,79.8471908569336
3303,13322.0,15.0,81.61181640625
3304,13324.0,13.0,79.53845977783203
3305,13323.0,14.0,79.27244567871094
3306,13324.0,13.0,79.03343200683594
3307,13318.0,19.0,80.41336059570312
3308,13334.0,3.0,77.55094909667969
3309,13334.0,3.0,77.26567840576172
3310,13335.0,2.0,77.4749755859375
3311,13320.0,17.0,78.71194458007812
3312,13318.0,19.0,78.00642395019531
3313,13322.0,15.0,79.12237548828125
3314,13323.0,14.0,81.11029052734375
3315,13323.0,14.0,80.41203308105469
3316,13328.0,9.0,80.63040161132812
3317,13328.0,9.0,80.722900390625
3318,13324.0,13.0,81.15975952148438
3319,13320.0,17.0,80.4422378540039
3320,13321.0,16.0,80.0564193725586
3321,13330.0,7.0,77.978759765625
3322,13326.0,11.0,77.86737823486328
3323,13324.0,13.0,77.00469970703125
3324,13320.0,17.0,78.36335754394531
3325,13322.0,15.0,78.31016540527344
3326,13329.0,8.0,80.23629760742188
3327,13325.0,12.0,81.20714569091797
3328,13325.0,12.0,81.24241638183594
3329,13323.0,14.0,81.04377746582031
3330,13330.0,7.0,81.36436462402344
3331,13321.0,16.0,79.18452453613281
3332,13319.0,18.0,78.87632751464844
3333,13319.0,18.0,79.65231323242188
3334,13332.0,5.0,77.52072143554688
3335,13326.0,11.0,78.0819320678711
3336,13326.0,11.0,80.2505874633789
3337,13318.0,19.0,81.5391616821289
3338,13327.0,10.0,80.00993347167969
3339,13327.0,10.0,81.51429748535156
3340,13329.0,8.0,83.22665405273438
3341,13329.0,8.0,81.87454986572266
3342,13337.0,0.0,80.63594818115234
3343,13335.0,2.0,78.71324920654297
3344,13327.0,10.0,77.99327087402344
3345,13327.0,10.0,79.56378936767578
3346,13323.0,14.0,81.30522155761719
3347,13335.0,2.0,78.21585083007812
3348,13335.0,2.0,78.4460678100586
3349,13331.0,6.0,80.2328872680664
3350,13323.0,14.0,81.60200500488281
3351,13323.0,14.0,81.25456237792969
3352,13323.0,14.0,83.38494873046875
3353,13319.0,18.0,83.82626342773438
3354,13323.0,14.0,83.1981201171875
3355,13331.0,6.0,80.05958557128906
3356,13326.0,11.0,79.21603393554688
3357,13321.0,16.0,79.50865173339844
3358,13319.0,18.0,79.95518493652344
3359,13315.0,22.0,80.19740295410156
3360,13327.0,10.0,77.79906463623047
3361,13329.0,8.0,78.31050872802734
3362,13327.0,10.0,80.91940307617188
3363,13323.0,14.0,82.14749145507812
3364,13325.0,12.0,80.80690002441406
3365,13325.0,12.0,82.47518920898438
3366,13323.0,14.0,85.33914184570312
3367,13327.0,10.0,83.00301361083984
3368,13335.0,2.0,78.95491027832031
3369,13335.0,2.0,78.78362274169922
3370,13331.0,6.0,79.92150115966797
3371,13327.0,10.0,80.0591812133789
3372,13323.0,14.0,81.77392578125
3373,13336.0,1.0,81.38432312011719
3374,13336.0,1.0,80.1137466430664
3375,13333.0,4.0,82.38496398925781
3376,13325.0,12.0,85.17195129394531
3377,13328.0,9.0,82.74041748046875
3378,13332.0,5.0,82.9478759765625
3379,13324.0,13.0,83.86702728271484
3380,13328.0,9.0,81.86759185791016
3381,13336.0,1.0,78.4925537109375
3382,13332.0,5.0,79.12371826171875
3383,13329.0,8.0,81.23033905029297
3384,13328.0,9.0,82.38705444335938
3385,13324.0,13.0,84.4210205078125
3386,13334.0,3.0,83.37594604492188
3387,13336.0,1.0,82.56954193115234
3388,13336.0,1.0,82.34745025634766
3389,13322.0,15.0,85.51004028320312
3390,13322.0,15.0,83.41316223144531
3391,13326.0,11.0,83.40294647216797
3392,13326.0,11.0,84.15484619140625
3393,13326.0,11.0,82.01158142089844
3394,13334.0,3.0,79.55184173583984
3395,13334.0,3.0,80.1123046875
3396,13330.0,7.0,81.3554458618164
3397,13326.0,11.0,81.84446716308594
3398,13322.0,15.0,83.85134887695312
3399,13334.0,3.0,82.56932067871094
3400,13334.0,3.0,83.14336395263672
3401,13334.0,3.0,82.97084045410156
3402,13321.0,16.0,84.8415756225586
3403,13328.0,9.0,82.8648910522461
3404,13328.0,9.0,84.44548034667969
3405,13328.0,9.0,84.46147155761719
3406,13328.0,9.0,82.59111022949219
3407,13336.0,1.0,80.13224792480469
3408,13332.0,5.0,81.03005981445312
3409,13329.0,8.0,82.22923278808594
3410,13328.0,9.0,82.39692687988281
3411,13324.0,13.0,83.78327941894531
3412,13336.0,1.0,82.07411193847656
3413,13334.0,3.0,82.74586486816406
3414,13334.0,3.0,81.96748352050781
3415,13326.0,11.0,83.64485168457031
3416,13326.0,11.0,81.46620178222656
3417,13324.0,13.0,83.39276885986328
3418,13322.0,15.0,84.5509033203125
3419,13324.0,13.0,83.88411712646484
3420,13336.0,1.0,81.03362274169922
3421,13336.0,1.0,80.30963134765625
3422,13332.0,5.0,80.23370361328125
3423,13328.0,9.0,80.43199920654297
3424,13324.0,13.0,82.59477996826172
3425,13336.0,1.0,81.4242935180664
3426,13336.0,1.0,81.93923950195312
3427,13336.0,1.0,81.81087493896484
3428,13326.0,11.0,83.14559936523438
3429,13328.0,9.0,81.45359802246094
3430,13328.0,9.0,82.47933959960938
3431,13330.0,7.0,84.66954803466797
3432,13328.0,9.0,84.41649627685547
3433,13336.0,1.0,81.16658020019531
3434,13332.0,5.0,79.94298553466797
3435,13329.0,8.0,79.94530487060547
3436,13328.0,9.0,80.80911254882812
3437,13324.0,13.0,83.40081787109375
3438,13336.0,1.0,82.59651184082031
3439,13336.0,1.0,82.71012878417969
3440,13336.0,1.0,82.2111587524414
3441,13328.0,9.0,82.70933532714844
3442,13328.0,9.0,80.1270751953125
3443,13332.0,5.0,80.64927673339844
3444,13326.0,11.0,83.51651763916016
3445,13324.0,13.0,83.800537109375
3446,13332.0,5.0,82.11570739746094
3447,13334.0,3.0,80.63427734375
3448,13330.0,7.0,80.58349609375
3449,13328.0,9.0,81.13848876953125
3450,13324.0,13.0,83.41940307617188
3451,13336.0,1.0,82.3212890625
3452,13336.0,1.0,82.27574157714844
3453,13336.0,1.0,82.04328918457031
3454,13325.0,12.0,82.79462432861328
3455,13323.0,14.0,80.92932891845703
3456,13326.0,11.0,82.10054016113281
3457,13332.0,5.0,83.06672668457031
3458,13328.0,9.0,82.64010620117188
3459,13336.0,1.0,80.94624328613281
3460,13332.0,5.0,79.30888366699219
3461,13329.0,8.0,80.0020523071289
3462,13328.0,9.0,80.57728576660156
3463,13324.0,13.0,82.9671859741211
3464,13336.0,1.0,80.91893005371094
3465,13336.0,1.0,81.38044738769531
3466,13336.0,1.0,82.4049072265625
3467,13328.0,9.0,81.82051086425781
3468,13328.0,9.0,79.22544860839844
3469,13327.0,10.0,81.3965072631836
3470,13328.0,9.0,84.12750244140625
3471,13332.0,5.0,83.27716827392578
3472,13334.0,3.0,81.09651184082031
3473,13336.0,1.0,79.97966003417969
3474,13332.0,5.0,79.83049011230469
3475,13328.0,9.0,80.30130004882812
3476,13328.0,9.0,82.4295654296875
3477,13336.0,1.0,80.01971435546875
3478,13336.0,1.0,80.65568542480469
3479,13336.0,1.0,81.27499389648438
3480,13332.0,5.0,81.89666748046875
3481,13328.0,9.0,80.20082092285156
3482,13328.0,9.0,81.84432983398438
3483,13329.0,8.0,84.55126953125
3484,13329.0,8.0,83.74674987792969
3485,13333.0,4.0,82.00138092041016
3486,13329.0,8.0,81.22806549072266
3487,13330.0,7.0,81.65260314941406
3488,13329.0,8.0,82.64515686035156
3489,13325.0,12.0,83.8273696899414
3490,13333.0,4.0,81.37491607666016
3491,13333.0,4.0,81.62680053710938
3492,13333.0,4.0,82.45838165283203
3493,13329.0,8.0,83.54580688476562
3494,13329.0,8.0,81.32237243652344
3495,13325.0,12.0,82.90072631835938
3496,13330.0,7.0,85.07659912109375
3497,13336.0,1.0,83.98675537109375
3498,13336.0,1.0,81.4345932006836
3499,13336.0,1.0,80.89547729492188
3500,13336.0,1.0,80.4457778930664
3501,13332.0,5.0,80.62228393554688
3502,13328.0,9.0,82.47274780273438
3503,13336.0,1.0,81.18598937988281
3504,13336.0,1.0,81.99727630615234
3505,13336.0,1.0,83.17277526855469
3506,13332.0,5.0,84.74658203125
3507,13332.0,5.0,82.21391296386719
3508,13336.0,1.0,84.05657958984375
3509,13332.0,5.0,85.12577819824219
3510,13336.0,1.0,82.50001525878906
3511,13336.0,1.0,80.30826568603516
3512,13332.0,5.0,81.00817108154297
3513,13333.0,4.0,81.15579986572266
3514,13332.0,5.0,81.826904296875
3515,13328.0,9.0,83.50279235839844
3516,13336.0,1.0,81.60520935058594
3517,13336.0,1.0,81.82012939453125
3518,13336.0,1.0,83.12812805175781
3519,13332.0,5.0,84.53519439697266
3520,13336.0,1.0,80.98994445800781
3521,13332.0,5.0,82.031005859375
3522,13332.0,5.0,82.46174621582031
3523,13336.0,1.0,81.00248718261719
3524,13336.0,1.0,80.6989974975586
3525,13336.0,1.0,81.64506530761719
3526,13336.0,1.0,82.15956115722656
3527,13332.0,5.0,82.45478820800781
3528,13328.0,9.0,84.16676330566406
3529,13336.0,1.0,82.32806396484375
3530,13336.0,1.0,81.94416809082031
3531,13336.0,1.0,83.37213134765625
3532,13332.0,5.0,84.76773834228516
3533,13336.0,1.0,82.20140075683594
3534,13336.0,1.0,83.3099594116211
3535,13332.0,5.0,84.21854400634766
3536,13336.0,1.0,83.47700500488281
3537,13336.0,1.0,82.33287811279297
3538,13332.0,5.0,82.4133071899414
3539,13333.0,4.0,82.85639190673828
3540,13332.0,5.0,83.49810791015625
3541,13332.0,5.0,85.60892486572266
3542,13336.0,1.0,83.57349395751953
3543,13336.0,1.0,83.55850982666016
3544,13336.0,1.0,84.41002655029297
3545,13330.0,7.0,85.28224182128906
3546,13334.0,3.0,83.74018859863281
3547,13330.0,7.0,84.56599426269531
3548,13332.0,5.0,85.24952697753906
3549,13336.0,1.0,83.0672378540039
3550,13336.0,1.0,81.56498718261719
3551,13336.0,1.0,81.00917053222656
3552,13336.0,1.0,81.59173583984375
3553,13332.0,5.0,82.48114013671875
3554,13332.0,5.0,84.75547790527344
3555,13336.0,1.0,82.76715850830078
3556,13336.0,1.0,83.26859283447266
3557,13336.0,1.0,84.23622131347656
3558,13332.0,5.0,83.78582000732422
3559,13336.0,1.0,81.12954711914062
3560,13332.0,5.0,82.01145935058594
3561,13330.0,7.0,83.8852767944336
3562,13336.0,1.0,82.28973388671875
3563,13336.0,1.0,80.46852111816406
3564,13332.0,5.0,79.85313415527344
3565,13333.0,4.0,80.57019805908203
3566,13332.0,5.0,81.29499816894531
3567,13336.0,1.0,83.29745483398438
3568,13336.0,1.0,81.91534423828125
3569,13336.0,1.0,82.762939453125
3570,13336.0,1.0,84.11495208740234
3571,13332.0,5.0,83.66051483154297
3572,13336.0,1.0,81.61807250976562
3573,13336.0,1.0,82.4833755493164
3574,13332.0,5.0,83.97802734375
3575,13336.0,1.0,83.5390625
3576,13336.0,1.0,82.13810729980469
3577,13336.0,1.0,82.26502227783203
3578,13336.0,1.0,82.94624328613281
3579,13332.0,5.0,83.310791015625
3580,13336.0,1.0,84.65172576904297
3581,13336.0,1.0,82.6017074584961
3582,13336.0,1.0,83.11857604980469
3583,13336.0,1.0,83.48915100097656
3584,13332.0,5.0,83.27869415283203
3585,13336.0,1.0,82.79281616210938
3586,13332.0,5.0,83.93280029296875
3587,13336.0,1.0,85.09811401367188
3588,13336.0,1.0,84.03610229492188
3589,13336.0,1.0,82.3212890625
3590,13332.0,5.0,81.97425079345703
3591,13333.0,4.0,82.35142517089844
3592,13332.0,5.0,82.90015411376953
3593,13336.0,1.0,84.829345703125
3594,13336.0,1.0,83.09571075439453
3595,13336.0,1.0,82.80730438232422
3596,13336.0,1.0,82.93118286132812
3597,13332.0,5.0,84.01493072509766
3598,13336.0,1.0,84.4088363647461
3599,13336.0,1.0,85.31304168701172
3600,13334.0,3.0,85.64337158203125
3601,13336.0,1.0,82.17201232910156
3602,13336.0,1.0,80.31950378417969
3603,13336.0,1.0,80.59770202636719
3604,13336.0,1.0,81.3109359741211
3605,13332.0,5.0,81.80927276611328
3606,13336.0,1.0,83.61860656738281
3607,13336.0,1.0,81.87725067138672
3608,13336.0,1.0,80.96235656738281
3609,13336.0,1.0,81.17904663085938
3610,13332.0,5.0,82.34028625488281
3611,13336.0,1.0,82.76132202148438
3612,13332.0,5.0,84.7403793334961
3613,13334.0,3.0,85.77601623535156
3614,13336.0,1.0,83.45976257324219
3615,13336.0,1.0,80.7784194946289
3616,13332.0,5.0,80.56910705566406
3617,13333.0,4.0,81.02132415771484
3618,13336.0,1.0,81.78358459472656
3619,13336.0,1.0,84.45943450927734
3620,13336.0,1.0,83.16719055175781
3621,13336.0,1.0,82.81805419921875
3622,13336.0,1.0,82.58866882324219
3623,13332.0,5.0,83.50338745117188
3624,13336.0,1.0,84.05670166015625
3625,13332.0,5.0,85.43780517578125
3626,13334.0,3.0,85.3740005493164
3627,13336.0,1.0,82.4307861328125
3628,13336.0,1.0,80.1654281616211
3629,13336.0,1.0,80.28359985351562
3630,13336.0,1.0,81.25494384765625
3631,13336.0,1.0,82.3980712890625
3632,13336.0,1.0,84.9178466796875
3633,13336.0,1.0,83.17198181152344
3634,13336.0,1.0,82.91975402832031
3635,13336.0,1.0,82.62474822998047
3636,13332.0,5.0,83.3488540649414
3637,13336.0,1.0,83.39118194580078
3638,13332.0,5.0,84.66444396972656
3639,13332.0,5.0,85.78852081298828
3640,13336.0,1.0,84.30815124511719
3641,13337.0,0.0,81.27481079101562
3642,13333.0,4.0,80.34785461425781
3643,13334.0,3.0,80.73950958251953
3644,13337.0,0.0,81.31999969482422
3645,13337.0,0.0,83.31050109863281
3646,13337.0,0.0,81.7292251586914
3647,13337.0,0.0,82.12274169921875
3648,13337.0,0.0,82.17195129394531
3649,13333.0,4.0,82.68286895751953
3650,13337.0,0.0,82.68060302734375
3651,13337.0,0.0,83.91510772705078
3652,13335.0,2.0,85.09162902832031
3653,13337.0,0.0,83.56068420410156
3654,13335.0,2.0,81.39605712890625
3655,13337.0,0.0,81.1619873046875
3656,13337.0,0.0,81.72494506835938
3657,13337.0,0.0,82.62530517578125
3658,13337.0,0.0,84.25968170166016
3659,13337.0,0.0,82.44642639160156
3660,13337.0,0.0,81.73540496826172
3661,13337.0,0.0,81.50566101074219
3662,13333.0,4.0,82.04157257080078
3663,13337.0,0.0,81.55377197265625
3664,13333.0,4.0,82.77879333496094
3665,13335.0,2.0,84.60971069335938
3666,13337.0,0.0,83.3974380493164
3667,13337.0,0.0,81.34140014648438
3668,13333.0,4.0,81.136474609375
3669,13334.0,3.0,81.79330444335938
3670,13337.0,0.0,82.6023178100586
3671,13337.0,0.0,83.67733001708984
3672,13337.0,0.0,82.10685729980469
3673,13337.0,0.0,81.71685028076172
3674,13337.0,0.0,81.62100219726562
3675,13333.0,4.0,82.09329223632812
3676,13337.0,0.0,81.73402404785156
3677,13337.0,0.0,83.20106506347656
3678,13337.0,0.0,84.41102600097656
3679,13337.0,0.0,82.70994567871094
3680,13337.0,0.0,80.88082885742188
3681,13337.0,0.0,80.88531494140625
3682,13337.0,0.0,82.07903289794922
3683,13337.0,0.0,83.18024444580078
3684,13337.0,0.0,84.45067596435547
3685,13337.0,0.0,82.11138916015625
3686,13337.0,0.0,81.54597473144531
3687,13337.0,0.0,81.198974609375
3688,13333.0,4.0,81.6928482055664
3689,13337.0,0.0,81.54081726074219
3690,13333.0,4.0,83.08970642089844
3691,13337.0,0.0,84.50706481933594
3692,13337.0,0.0,83.1095962524414
3693,13337.0,0.0,80.58560180664062
3694,13333.0,4.0,80.726318359375
3695,13334.0,3.0,81.91705322265625
3696,13337.0,0.0,82.99897003173828
3697,13337.0,0.0,84.82255554199219
3698,13337.0,0.0,82.5020980834961
3699,13337.0,0.0,82.2134017944336
3700,13337.0,0.0,82.01766204833984
3701,13337.0,0.0,82.553955078125
3702,13337.0,0.0,82.39460754394531
3703,13333.0,4.0,83.88151550292969
3704,13337.0,0.0,85.44147491455078
3705,13337.0,0.0,83.99190521240234
3706,13337.0,0.0,81.73173522949219
3707,13337.0,0.0,81.64555358886719
3708,13337.0,0.0,82.23446655273438
3709,13337.0,0.0,82.77042388916016
3710,13337.0,0.0,84.59446716308594
3711,13337.0,0.0,82.68635559082031
3712,13337.0,0.0,82.67691040039062
3713,13337.0,0.0,82.61561584472656
3714,13337.0,0.0,83.243408203125
3715,13337.0,0.0,82.87468719482422
3716,13333.0,4.0,83.94818115234375
3717,13335.0,2.0,84.91596984863281
3718,13337.0,0.0,83.93706512451172
3719,13337.0,0.0,82.26588439941406
3720,13333.0,4.0,82.58502960205078
3721,13334.0,3.0,82.3544921875
3722,13337.0,0.0,82.56121826171875
3723,13337.0,0.0,84.25114440917969
3724,13337.0,0.0,82.31707763671875
3725,13337.0,0.0,82.41357421875
3726,13337.0,0.0,82.4997329711914
3727,13337.0,0.0,83.26919555664062
3728,13337.0,0.0,83.08452606201172
3729,13337.0,0.0,83.9371337890625
3730,13337.0,0.0,83.99984741210938
3731,13337.0,0.0,83.16804504394531
3732,13337.0,0.0,81.44807434082031
3733,13337.0,0.0,81.64208984375
3734,13337.0,0.0,82.2203369140625
3735,13337.0,0.0,82.60472106933594
3736,13337.0,0.0,83.9712905883789
3737,13337.0,0.0,81.96357727050781
3738,13337.0,0.0,82.00166320800781
3739,13337.0,0.0,82.06719207763672
3740,13337.0,0.0,82.80802917480469
3741,13337.0,0.0,82.78267669677734
3742,13333.0,4.0,83.86907958984375
3743,13337.0,0.0,83.65218353271484
3744,13337.0,0.0,82.7271728515625
3745,13337.0,0.0,81.0152587890625
3746,13333.0,4.0,81.48240661621094
3747,13334.0,3.0,82.44706726074219
3748,13337.0,0.0,83.28587341308594
3749,13337.0,0.0,84.82178497314453
3750,13337.0,0.0,82.04707336425781
3751,13337.0,0.0,81.96669006347656
3752,13337.0,0.0,81.51499938964844
3753,13337.0,0.0,81.95945739746094
3754,13337.0,0.0,82.1112060546875
3755,13337.0,0.0,83.47276306152344
3756,13337.0,0.0,83.28996276855469
3757,13337.0,0.0,81.9563980102539
3758,13337.0,0.0,80.31431579589844
3759,13337.0,0.0,80.61752319335938
3760,13337.0,0.0,81.52452850341797
3761,13337.0,0.0,82.43236541748047
3762,13337.0,0.0,84.24415588378906
3763,13337.0,0.0,81.39212036132812
3764,13337.0,0.0,81.33983612060547
3765,13337.0,0.0,81.39612579345703
3766,13337.0,0.0,82.27841186523438
3767,13337.0,0.0,82.532958984375
3768,13333.0,4.0,83.5616683959961
3769,13337.0,0.0,83.74846649169922
3770,13337.0,0.0,82.31239318847656
3771,13337.0,0.0,80.67704010009766
3772,13333.0,4.0,81.00907897949219
3773,13334.0,3.0,81.9478988647461
3774,13337.0,0.0,83.59491729736328
3775,13337.0,0.0,85.61922454833984
3776,13337.0,0.0,83.09197235107422
3777,13337.0,0.0,82.52226257324219
3778,13337.0,0.0,82.10813903808594
3779,13337.0,0.0,82.50979614257812
3780,13337.0,0.0,82.07966613769531
3781,13333.0,4.0,83.0162124633789
3782,13337.0,0.0,83.66593170166016
3783,13337.0,0.0,82.28658294677734
3784,13337.0,0.0,80.75975799560547
3785,13337.0,0.0,81.11984252929688
3786,13337.0,0.0,82.0772705078125
3787,13337.0,0.0,83.13404083251953
3788,13337.0,0.0,85.02096557617188
3789,13337.0,0.0,82.88955688476562
3790,13337.0,0.0,82.80648040771484
3791,13337.0,0.0,82.70076751708984
3792,13337.0,0.0,83.17375183105469
3793,13337.0,0.0,82.51554107666016
3794,13333.0,4.0,82.81236267089844
3795,13335.0,2.0,83.70649719238281
3796,13337.0,0.0,82.79617309570312
3797,13337.0,0.0,81.34871673583984
3798,13333.0,4.0,82.05472564697266
3799,13334.0,3.0,82.4434814453125
3800,13337.0,0.0,83.03834533691406
3801,13337.0,0.0,83.89114379882812
3802,13337.0,0.0,81.71905517578125
3803,13337.0,0.0,81.75216674804688
3804,13337.0,0.0,81.8441390991211
3805,13337.0,0.0,82.71815490722656
3806,13337.0,0.0,82.28388214111328
3807,13337.0,0.0,82.03935241699219
3808,13337.0,0.0,82.85821533203125
3809,13337.0,0.0,82.11478424072266
3810,13337.0,0.0,80.58514404296875
3811,13337.0,0.0,80.94485473632812
3812,13337.0,0.0,81.89864349365234
3813,13337.0,0.0,82.87323760986328
3814,13337.0,0.0,84.57511138916016
3815,13337.0,0.0,81.87601470947266
3816,13337.0,0.0,81.47240447998047
3817,13337.0,0.0,81.32499694824219
3818,13337.0,0.0,82.46002960205078
3819,13337.0,0.0,82.53761291503906
3820,13333.0,4.0,82.8212661743164
3821,13337.0,0.0,83.33918762207031
3822,13337.0,0.0,82.31004333496094
3823,13337.0,0.0,80.92627716064453
3824,13333.0,4.0,80.71910095214844
3825,13334.0,3.0,81.63113403320312
3826,13337.0,0.0,82.92282104492188
3827,13337.0,0.0,84.54005432128906
3828,13337.0,0.0,82.0611572265625
3829,13337.0,0.0,81.61041259765625
3830,13337.0,0.0,81.39485168457031
3831,13337.0,0.0,82.31613159179688
3832,13337.0,0.0,82.32499694824219
3833,13337.0,0.0,83.4690933227539
3834,13337.0,0.0,84.1968002319336
3835,13337.0,0.0,83.48182678222656
3836,13337.0,0.0,82.25423431396484
3837,13337.0,0.0,81.9082260131836
3838,13337.0,0.0,82.43991088867188
3839,13337.0,0.0,83.02256774902344
3840,13337.0,0.0,84.63375854492188
3841,13337.0,0.0,82.31598663330078
3842,13337.0,0.0,82.02804565429688
3843,13337.0,0.0,81.86002349853516
3844,13337.0,0.0,82.64842224121094
3845,13337.0,0.0,82.69043731689453
3846,13333.0,4.0,83.94572448730469
3847,13337.0,0.0,84.66193389892578
3848,13337.0,0.0,83.65823364257812
3849,13337.0,0.0,81.89734649658203
3850,13333.0,4.0,81.84779357910156
3851,13334.0,3.0,82.49639892578125
3852,13337.0,0.0,83.11162567138672
3853,13337.0,0.0,84.66336059570312
3854,13337.0,0.0,82.41828918457031
3855,13337.0,0.0,82.46481323242188
3856,13337.0,0.0,82.82112884521484
3857,13337.0,0.0,83.77961730957031
3858,13337.0,0.0,82.86091613769531
3859,13333.0,4.0,83.00283813476562
3860,13337.0,0.0,83.58354187011719
3861,13337.0,0.0,82.26211547851562
3862,13337.0,0.0,80.61912536621094
3863,13337.0,0.0,80.76254272460938
3864,13337.0,0.0,81.34420776367188
3865,13337.0,0.0,81.81845092773438
3866,13337.0,0.0,83.55960083007812
3867,13337.0,0.0,81.72097778320312
3868,13337.0,0.0,82.08907318115234
3869,13337.0,0.0,82.65583038330078
3870,13337.0,0.0,83.68788146972656
3871,13337.0,0.0,83.7772445678711
3872,13333.0,4.0,84.71800231933594
3873,13335.0,2.0,84.38154602050781
3874,13337.0,0.0,82.68562316894531
3875,13337.0,0.0,80.76151275634766
3876,13333.0,4.0,81.00401306152344
3877,13334.0,3.0,81.5593032836914
3878,13337.0,0.0,82.01545715332031
3879,13337.0,0.0,83.65882873535156
3880,13337.0,0.0,81.46418762207031
3881,13337.0,0.0,81.35106658935547
3882,13337.0,0.0,81.50263214111328
3883,13337.0,0.0,82.63711547851562
3884,13337.0,0.0,82.98509979248047
3885,13337.0,0.0,84.09080505371094
3886,13337.0,0.0,84.40240478515625
3887,13337.0,0.0,82.944091796875
3888,13337.0,0.0,81.01580047607422
3889,13337.0,0.0,81.12028503417969
3890,13337.0,0.0,81.75655364990234
3891,13337.0,0.0,82.34918212890625
3892,13337.0,0.0,84.18952941894531
3893,13337.0,0.0,82.32133483886719
3894,13337.0,0.0,82.5247573852539
3895,13337.0,0.0,82.2608871459961
3896,13337.0,0.0,82.96898651123047
3897,13337.0,0.0,81.46768951416016
3898,13333.0,4.0,82.59119415283203
3899,13337.0,0.0,83.32122039794922
3900,13337.0,0.0,81.82290649414062
3901,13337.0,0.0,79.7218017578125
3902,13333.0,4.0,79.64502716064453
3903,13334.0,3.0,80.11454772949219
3904,13337.0,0.0,80.7015151977539
3905,13337.0,0.0,82.57589721679688
3906,13337.0,0.0,80.99006652832031
3907,13337.0,0.0,81.37814331054688
3908,13337.0,0.0,80.75460052490234
3909,13337.0,0.0,82.3418960571289
3910,13337.0,0.0,80.94935607910156
3911,13337.0,0.0,81.58818054199219
3912,13337.0,0.0,82.29492950439453
3913,13337.0,0.0,81.20967102050781
3914,13337.0,0.0,79.51385498046875
3915,13337.0,0.0,79.50251770019531
3916,13337.0,0.0,79.964599609375
3917,13337.0,0.0,80.42697143554688
3918,13337.0,0.0,82.277587890625
3919,13337.0,0.0,80.7974853515625
3920,13337.0,0.0,81.43559265136719
3921,13337.0,0.0,80.97688293457031
3922,13337.0,0.0,82.45375061035156
3923,13337.0,0.0,81.89825439453125
3924,13333.0,4.0,82.10331726074219
3925,13337.0,0.0,81.83317565917969
3926,13337.0,0.0,80.32644653320312
3927,13337.0,0.0,78.64637756347656
3928,13333.0,4.0,78.88510131835938
3929,13334.0,3.0,79.5016860961914
3930,13337.0,0.0,80.04618835449219
3931,13337.0,0.0,81.73611450195312
3932,13337.0,0.0,80.1016616821289
3933,13337.0,0.0,80.90143585205078
3934,13337.0,0.0,80.20472717285156
3935,13337.0,0.0,81.96229553222656
3936,13337.0,0.0,81.22547912597656
3937,13333.0,4.0,82.13771057128906
3938,13335.0,2.0,82.79124450683594
3939,13337.0,0.0,80.93951416015625
3940,13337.0,0.0,79.013671875
3941,13337.0,0.0,79.06455993652344
3942,13337.0,0.0,79.65167999267578
3943,13337.0,0.0,80.20500183105469
3944,13337.0,0.0,82.0272445678711
3945,13337.0,0.0,80.65258026123047
3946,13337.0,0.0,81.86702728271484
3947,13337.0,0.0,81.33512115478516
3948,13337.0,0.0,82.18387603759766
3949,13337.0,0.0,80.79374694824219
3950,13337.0,0.0,81.8970947265625
3951,13337.0,0.0,82.46641540527344
3952,13337.0,0.0,81.10823059082031
3953,13337.0,0.0,79.24505615234375
3954,13333.0,4.0,79.37551879882812
3955,13334.0,3.0,79.96012878417969
3956,13337.0,0.0,80.59512329101562
3957,13337.0,0.0,82.57673645019531
3958,13337.0,0.0,81.32490539550781
3959,13337.0,0.0,82.45128631591797
3960,13337.0,0.0,81.84230041503906
3961,13337.0,0.0,82.56903076171875
3962,13337.0,0.0,80.6668472290039
3963,13333.0,4.0,81.02629089355469
3964,13337.0,0.0,81.86434936523438
3965,13337.0,0.0,80.64945220947266
3966,13337.0,0.0,79.11016845703125
3967,13337.0,0.0,79.36717987060547
3968,13337.0,0.0,80.03230285644531
3969,13337.0,0.0,80.54763793945312
3970,13337.0,0.0,82.41670227050781
3971,13337.0,0.0,81.03433227539062
3972,13337.0,0.0,81.58391571044922
3973,13337.0,0.0,81.24101257324219
3974,13337.0,0.0,82.71110534667969
3975,13337.0,0.0,81.48004150390625
3976,13337.0,0.0,80.7123031616211
3977,13337.0,0.0,81.12862396240234
3978,13337.0,0.0,80.12092590332031
3979,13337.0,0.0,78.84674835205078
3980,13333.0,4.0,79.45648956298828
3981,13334.0,3.0,80.19467163085938
3982,13337.0,0.0,80.59298706054688
3983,13337.0,0.0,82.12027740478516
3984,13337.0,0.0,80.441650390625
3985,13337.0,0.0,80.95193481445312
3986,13337.0,0.0,80.62150573730469
3987,13337.0,0.0,81.7526626586914
3988,13337.0,0.0,81.58743286132812
3989,13333.0,4.0,81.21644592285156
3990,13337.0,0.0,81.81253051757812
3991,13337.0,0.0,80.57520294189453
3992,13337.0,0.0,79.12875366210938
3993,13337.0,0.0,79.41973876953125
3994,13337.0,0.0,80.04570770263672
3995,13337.0,0.0,80.47459411621094
3996,13337.0,0.0,82.22960662841797
3997,13337.0,0.0,81.09227752685547
3998,13337.0,0.0,82.07546997070312
3999,13337.0,0.0,80.2767333984375
4000,13337.0,0.0,80.6453857421875
